-6.10503149   4.64525461
-6.10503149   4.64525461
-6.10503149   4.64525461
-6.10503149   4.64525461
-6.10503149   4.64525461
-6.10503149   4.64525461
-6.10503149   4.64525461
-6.10503149   4.64525461
-6.10503149   4.64525461
-6.10503149   4.64525461
-6.10503149   4.64525461
-6.10503149   4.64525461
-6.10503149   4.64525461
-6.10503149   4.64525461
-6.10503149   4.64525461
-6.10503149   4.64525461
-6.10503149   4.64525461
-6.10503149   4.64525461
-6.10503149   4.64525461
-6.10503149   4.64525461
-6.10503149   4.64525461
-6.10503149   4.64525461
-6.10503149   4.64525461
-6.10503149   4.64525461
-6.10503149   4.64525461
-6.10503149   4.64525461
-6.10503149   4.64525461
-6.10503149   4.64525461
-6.10503149   4.64525461
-6.10503149   4.64525461
-6.10503149   4.64525461
-6.10503149   4.64525461
-6.10503149   4.64525461
-6.10503149   4.64525461
-6.10503149   4.64525461
-6.10503149   4.64525461
-6.10503149   4.64525461
-6.10503149   4.64525461
-6.10503149   4.64525461
-6.10503149   4.64525461
-6.10503149   4.64525461
-6.10503149   4.64525461
-6.10503149   4.64525461
-6.10503149   4.64525461
-6.10503149   4.64525461
-6.10503149   4.64525461
-6.10503149   4.64525461
-6.10503149   4.64525461
-6.10503149   4.64525461
-6.10503149   4.64525461
-6.10503149   4.64525461
-6.10503149   4.64525461
-6.10503149   4.64525461
-6.10503149   4.64525461
-6.10503149   4.64525461
-6.10503149   4.64525461
-6.10503149   4.64525461
-6.10503149   4.64525461
-6.10503149   4.64525461
-6.10503149   4.64525461
-6.10503149   4.64525461
-6.10503149   4.64525461
-6.10503149   4.64525461
-6.10503149   4.64525461
-6.10503149   4.64525461
-6.10503149   4.64525461
-6.10503149   4.64525461
-6.10503149   4.64525461
-6.10503149   4.64525461
-6.10503149   4.64525461
-6.10503149   4.64525461
-6.10503149   4.64525461
-6.10503149   4.64525461
-6.10503149   4.64525461
-6.10503149   4.64525461
-6.10503149   4.64525461
-6.10503149   4.64525461
-6.10503149   4.64525461
-6.10503149   4.64525461
-6.10503149   4.64525461
-6.10503149   4.64525461
-6.10503149   4.64525461
-6.10503149   4.64525461
-6.10503149   4.64525461
-6.10503149   4.64525461
-6.10503149   4.64525461
-6.10503149   4.64525461
-6.10503149   4.64525461
-6.10503149   4.64525461
-6.10503149   4.64525461
-6.10503149   4.64525461
-6.10503149   4.64525461
-6.10503149   4.64525461
-6.10503149   4.64525461
-6.10503149   4.64525461
-6.10503149   4.64525461
-6.10503149   4.64525461
-6.10503149   4.64525461
-6.10503149   4.64525461
-6.10503149   4.64525461
-6.10503149   4.64525461
-6.10503149   4.64525461
-6.10503149   4.64525461
-6.10503149   4.64525461
-6.10503149   4.64525461
-6.10503149   4.64525461
-6.10503149   4.64525461
-6.10503149   4.64525461
-6.10503149   4.64525461
-6.10503149   4.64525461
-6.24526453   4.74868965
-6.24526453   4.74868965
-6.27863646   4.77399349
-6.27863646   4.77399349
-6.29674292   4.78775549
-6.29674292   4.78775549
-6.33561754   4.81738758
-6.33561754   4.81738758
-6.35647488   4.83314705
-6.35647488   4.83314705
-6.40103006   4.86710739
-6.40103006   4.86710739
-6.40103006   4.86710739
-6.40103006   4.86710739
-6.42472792   4.88519764
-6.42472792   4.88519764
-6.42108870   4.87709570
-6.42108870   4.87709570
-6.44380999   4.89451981
-6.44380999   4.89451981
-6.44380999   4.89451981
-6.44380999   4.89451981
-6.49191523   4.93136597
-6.49191523   4.93136597
-6.51747704   4.95089865
-6.51747704   4.95089865
-6.54383707   4.97120857
-6.54383707   4.97120857
-6.59922028   5.01382542
-6.59922028   5.01382542
-6.62806606   5.03624392
-6.62806606   5.03624392
-6.66010666   5.06010485
-6.66010666   5.06010485
-6.69019461   5.08318901
-6.69019461   5.08318901
-6.72125912   5.10693932
-6.72125912   5.10693932
-6.75329971   5.13135529
-6.75329971   5.13135529
-6.75329971   5.13135529
-6.75329971   5.13135529
-6.81995487   5.18218517
-6.81995487   5.18218517
-6.89024878   5.23590040
-6.89024878   5.23590040
-6.92672729   5.26364565
-6.92672729   5.26364565
-6.96400452   5.29216814
-6.96400452   5.29216814
-7.00083780   5.31724977
-7.00083780   5.31724977
-7.07761097   5.37607050
-7.07761097   5.37607050
-7.11737347   5.40636826
-7.11737347   5.40636826
-7.11737347   5.40636826
-7.11737347   5.40636826
-7.19947195   5.46907330
-7.19947195   5.46907330
-7.24189711   5.50159073
-7.24189711   5.50159073
-7.32932091   5.56851292
-7.32932091   5.56851292
-7.37440872   5.60291719
-7.37440872   5.60291719
-7.42127132   5.63632298
-7.42127132   5.63632298
-7.46680260   5.67128229
-7.46680260   5.67128229
-7.51304436   5.70668554
-7.51304436   5.70668554
-7.56008434   5.74253273
-7.56008434   5.74253273
-7.60774612   5.77882338
-7.60774612   5.77882338
-7.65611744   5.81566954
-7.65611744   5.81566954
-7.70502186   5.85295963
-7.70502186   5.85295963
-7.80416107   5.92876005
-7.80416107   5.92876005
-7.80416107   5.92876005
-7.80416107   5.92876005
-7.85413027   5.96715975
-7.85413027   5.96715975
-7.90951347   6.00622559
-7.90951347   6.00622559
-8.00971794   6.08324671
-8.00971794   6.08324671
-8.11152077   6.16160011
-8.11152077   6.16160011
-8.16282082   6.20122051
-8.16282082   6.20122051
-8.21438789   6.24095201
-8.21438789   6.24095201
-8.26613235   6.28079462
-8.26613235   6.28079462
-8.31814289   6.32074833
-8.31814289   6.32074833
-8.37041950   6.36070156
-8.37041950   6.36070156
-8.43050671   6.39921236
-8.43050671   6.39921236
-8.53550434   6.47978544
-8.53550434   6.47978544
-8.58831310   6.52029371
-8.58831310   6.52029371
-8.64130020   6.56102419
-8.64130020   6.56102419
-8.64130020   6.56102419
-8.64130020   6.56102419
-8.74762917   6.64292860
-8.74762917   6.64292860
-8.80105972   6.68399191
-8.80105972   6.68399191
-8.85466766   6.72527742
-8.85466766   6.72527742
-8.85466766   6.72527742
-8.85466766   6.72527742
-8.96268272   6.80840254
-8.96268272   6.80840254
-9.06563854   6.88242769
-9.06563854   6.88242769
-9.11960220   6.92382383
-9.11960220   6.92382383
-9.17400837   6.96544218
-9.17400837   6.96544218
-9.22859287   7.00739336
-9.22859287   7.00739336
-9.28362179   7.04956627
-9.28362179   7.04956627
-9.39394379   7.13446760
-9.39394379   7.13446760
-9.44923878   7.17708445
-9.44923878   7.17708445
-9.50479889   7.21592855
-9.50479889   7.21592855
-9.56018257   7.25854540
-9.56018257   7.25854540
-9.61600971   7.30127335
-9.61600971   7.30127335
-9.67219162   7.34433460
-9.67219162   7.34433460
-9.72863960   7.38772821
-9.72863960   7.38772821
-9.78535461   7.43134403
-9.78535461   7.43134403
-9.89975929   7.51935291
-9.89975929   7.51935291
-9.95736217   7.56363487
-9.95736217   7.56363487
-10.07656002   7.64531755
-10.07656002   7.64531755
-10.19300652   7.73443604
-10.19300652   7.73443604
-10.25158501   7.77938366
-10.25158501   7.77938366
-10.36962986   7.86972284
-10.36962986   7.86972284
-10.42918396   7.91533661
-10.42918396   7.91533661
-10.54935837   8.00745106
-10.54935837   8.00745106
-10.60997868   8.05384159
-10.60997868   8.05384159
-10.67459202   8.09668064
-10.67459202   8.09668064
-10.79698563   8.19001675
-10.79698563   8.19001675
-10.85858154   8.23718452
-10.85858154   8.23718452
-10.98292732   8.33240700
-10.98292732   8.33240700
-11.04576588   8.38046169
-11.04576588   8.38046169
-11.10887146   8.42873859
-11.10887146   8.42873859
-11.17233086   8.47745991
-11.17233086   8.47745991
-11.23605728   8.52651405
-11.23605728   8.52651405
-11.23605728   8.52651405
-11.23605728   8.52651405
-11.36998844   8.62351227
-11.36998844   8.62351227
-11.36998844   8.62351227
-11.36998844   8.62351227
-11.43469143   8.67300987
-11.43469143   8.67300987
-11.56507301   8.77311611
-11.56507301   8.77311611
-11.63092899   8.82361317
-11.63092899   8.82361317
-11.63092899   8.82361317
-11.63092899   8.82361317
-11.76361752   8.92571640
-11.76361752   8.92571640
-11.76361752   8.92571640
-11.76361752   8.92571640
-11.89754963   9.02881813
-11.89754963   9.02881813
-11.96819878   9.08109093
-11.96819878   9.08109093
-11.96819878   9.08109093
-11.96819878   9.08109093
-12.10408211   9.18563557
-12.10408211   9.18563557
-12.17242432   9.23835278
-12.17242432   9.23835278
-12.24120903   9.29129124
-12.24120903   9.29129124
-12.24120903   9.29129124
-12.24120903   9.29129124
-12.37984467   9.39805508
-12.37984467   9.39805508
-12.44987202   9.45199299
-12.44987202   9.45199299
-12.44987202   9.45199299
-12.44987202   9.45199299
-12.59108162   9.56097698
-12.59108162   9.56097698
-12.67096138   9.61513615
-12.67096138   9.61513615
-12.67096138   9.61513615
-12.67096138   9.61513615
-12.81518841   9.72622871
-12.81518841   9.72622871
-12.88787937   9.78227520
-12.88787937   9.78227520
-12.96083546   9.83854294
-12.96083546   9.83854294
-13.03423595   9.89503288
-13.03423595   9.89503288
-13.10799122   9.95196629
-13.10799122   9.95196629
-13.10799122   9.95196629
-13.10799122   9.95196629
-13.25665665   10.06661129
-13.25665665   10.06661129
-13.33156586   10.12443256
-13.33156586   10.12443256
-13.40940380   10.18325329
-13.40940380   10.18325329
-13.48484612   10.24140739
-13.48484612   10.24140739
-13.56073189   10.29967308
-13.56073189   10.29967308
-13.63688374   10.35827160
-13.63688374   10.35827160
-13.71330166   10.41698074
-13.71330166   10.41698074
-13.86684799   10.53506565
-13.86684799   10.53506565
-13.94397640   10.59432983
-13.94397640   10.59432983
-14.02128124   10.65381622
-14.02128124   10.65381622
-14.09876442   10.71352482
-14.09876442   10.71352482
-14.18876266   10.77678490
-14.18876266   10.77678490
-14.34621429   10.89786625
-14.34621429   10.89786625
-14.42538357   10.95879555
-14.42538357   10.95879555
-14.50490856   11.01972389
-14.50490856   11.01972389
-14.58452129   11.08076477
-14.58452129   11.08076477
-14.66422367   11.14202690
-14.66422367   11.14202690
-14.74401474   11.20306683
-14.74401474   11.20306683
-14.82407188   11.26432896
-14.82407188   11.26432896
-14.90439510   11.32559109
-14.90439510   11.32559109
-14.99430370   11.38862896
-14.99430370   11.38862896
-15.15654755   11.51192951
-15.15654755   11.51192951
-15.23802471   11.57363510
-15.23802471   11.57363510
-15.31968021   11.63534164
-15.31968021   11.63534164
-15.40142345   11.69704723
-15.40142345   11.69704723
-15.48325539   11.75886440
-15.48325539   11.75886440
-15.56517601   11.82068157
-15.56517601   11.82068157
-15.64727497   11.88260937
-15.64727497   11.88260937
-15.64727497   11.88260937
-15.64727497   11.88260937
-15.81653118   12.00624371
-15.81653118   12.00624371
-15.89916134   12.06861496
-15.89916134   12.06861496
-15.98196983   12.13098717
-15.98196983   12.13098717
-16.06486702   12.19335938
-16.06486702   12.19335938
-16.14794159   12.25562000
-16.14794159   12.25562000
-16.31427002   12.37969780
-16.31427002   12.37969780
-16.39760971   12.44151497
-16.39760971   12.44151497
-16.48095131   12.50344276
-16.48095131   12.50344276
-16.65695190   12.62452412
-16.65695190   12.62452412
-16.65695190   12.62452412
-16.65695190   12.62452412
-16.82469940   12.74715996
-16.82469940   12.74715996
-16.90866089   12.80831051
-16.90866089   12.80831051
-16.99271202   12.86923981
-16.99271202   12.86923981
-17.07649803   12.93005848
-17.07649803   12.93005848
-17.16019440   12.99065399
-17.16019440   12.99065399
-17.16019440   12.99065399
-17.16019440   12.99065399
-17.32705307   13.11129189
-17.32705307   13.11129189
-17.41030502   13.17133331
-17.41030502   13.17133331
-17.50278854   13.22993183
-17.50278854   13.22993183
-17.50278854   13.22993183
-17.50278854   13.22993183
-17.67000198   13.34934807
-17.67000198   13.34934807
-17.75361061   13.40861320
-17.75361061   13.40861320
-17.83712769   13.46765518
-17.83712769   13.46765518
-17.92029190   13.52636528
-17.92029190   13.52636528
-18.00354385   13.58474159
-18.00354385   13.58474159
-18.00354385   13.58474159
-18.00354385   13.58474159
-18.16942787   13.70038509
-18.16942787   13.70038509
-18.16942787   13.70038509
-18.16942787   13.70038509
-18.34321022   13.81658268
-18.34321022   13.81658268
-18.42610741   13.87362766
-18.42610741   13.87362766
-18.50882721   13.93056202
-18.50882721   13.93056202
-18.59154701   13.98727322
-18.59154701   13.98727322
-18.67417717   14.04376316
-18.67417717   14.04376316
-18.67417717   14.04376316
-18.67417717   14.04376316
-18.83881760   14.15596676
-18.83881760   14.15596676
-18.92082787   14.21167946
-18.92082787   14.21167946
-19.00292587   14.26683807
-19.00292587   14.26683807
-19.08475876   14.32177353
-19.08475876   14.32177353
-19.17324638   14.37471199
-19.17324638   14.37471199
-19.25516701   14.42920494
-19.25516701   14.42920494
-19.33699989   14.48325253
-19.33699989   14.48325253
-19.41883278   14.53685760
-19.41883278   14.53685760
-19.50057602   14.59035015
-19.50057602   14.59035015
-19.66415024   14.69633865
-19.66415024   14.69633865
-19.74589348   14.74905491
-19.74589348   14.74905491
-19.82754898   14.80154991
-19.82754898   14.80154991
-19.90902519   14.85371113
-19.90902519   14.85371113
-19.99591637   14.90598392
-19.99591637   14.90598392
-20.07757187   14.95781231
-20.07757187   14.95781231
-20.15904808   15.00908661
-20.15904808   15.00908661
-20.24052620   15.06013775
-20.24052620   15.06013775
-20.24052620   15.06013775
-20.24052620   15.06013775
-20.40339088   15.16079903
-20.40339088   15.16079903
-20.48477936   15.21051884
-20.48477936   15.21051884
-20.56608009   15.25990582
-20.56608009   15.25990582
-20.64737892   15.30895996
-20.64737892   15.30895996
-20.81335068   15.40973186
-20.81335068   15.40973186
-20.89473915   15.45812035
-20.89473915   15.45812035
-20.97603989   15.50606441
-20.97603989   15.50606441
-21.05733871   15.55367565
-21.05733871   15.55367565
-21.13854980   15.60095406
-21.13854980   15.60095406
-21.21984863   15.64778900
-21.21984863   15.64778900
-21.30114937   15.69429016
-21.30114937   15.69429016
-21.38253784   15.74057007
-21.38253784   15.74057007
-21.46401405   15.78651714
-21.46401405   15.78651714
-21.54549217   15.83201981
-21.54549217   15.83201981
-21.63096237   15.87641239
-21.63096237   15.87641239
-21.71297264   15.92169285
-21.71297264   15.92169285
-21.79498100   15.96675205
-21.79498100   15.96675205
-21.87716866   16.01136780
-21.87716866   16.01136780
-21.95944405   16.05553818
-21.95944405   16.05553818
-22.04180908   16.09937668
-22.04180908   16.09937668
-22.04180908   16.09937668
-22.04180908   16.09937668
-22.04180908   16.09937668
-22.04180908   16.09937668
-22.28970146   16.22822571
-22.28970146   16.22822571
-22.37259865   16.27039909
-22.37259865   16.27039909
-22.46002388   16.31390381
-22.46002388   16.31390381
-22.54371834   16.35563469
-22.54371834   16.35563469
-22.62768173   16.39702988
-22.62768173   16.39702988
-22.62768173   16.39702988
-22.62768173   16.39702988
-22.79613876   16.47882462
-22.79613876   16.47882462
-22.88036728   16.51922226
-22.88036728   16.51922226
-22.96468353   16.55917549
-22.96468353   16.55917549
-23.04917908   16.59868622
-23.04917908   16.59868622
-23.13385201   16.63775063
-23.13385201   16.63775063
-23.13385201   16.63775063
-23.13385201   16.63775063
-23.30949783   16.71277618
-23.30949783   16.71277618
-23.39514542   16.75028801
-23.39514542   16.75028801
-23.48088264   16.78713417
-23.48088264   16.78713417
-23.56670952   16.82353592
-23.56670952   16.82353592
-23.65280151   16.85949516
-23.65280151   16.85949516
-23.82560730   16.93019104
-23.82560730   16.93019104
-23.91223335   16.96514893
-23.91223335   16.96514893
-23.99903488   16.99955368
-23.99903488   16.99955368
-24.08583832   17.03351402
-24.08583832   17.03351402
-24.18195915   17.06880760
-24.18195915   17.06880760
-24.26973915   17.10221291
-24.26973915   17.10221291
-24.35751724   17.13506317
-24.35751724   17.13506317
-24.44547272   17.16736031
-24.44547272   17.16736031
-24.62191772   17.23017693
-24.62191772   17.23017693
-24.71031761   17.26069641
-24.71031761   17.26069641
-24.79889679   17.29066086
-24.79889679   17.29066086
-24.88765144   17.32018280
-24.88765144   17.32018280
-24.97676086   17.34903908
-24.97676086   17.34903908
-25.06897736   17.37733841
-25.06897736   17.37733841
-25.15870857   17.40563965
-25.15870857   17.40563965
-25.24861717   17.43327522
-25.24861717   17.43327522
-25.33861542   17.46024323
-25.33861542   17.46024323
-25.42861366   17.48676872
-25.42861366   17.48676872
-25.60878563   17.53815269
-25.60878563   17.53815269
-25.69913864   17.56279182
-25.69913864   17.56279182
-25.78966904   17.58676338
-25.78966904   17.58676338
-25.88037682   17.61007118
-25.88037682   17.61007118
-25.97658730   17.63038063
-25.97658730   17.63038063
-26.06818199   17.65268898
-26.06818199   17.65268898
-26.15995407   17.67432976
-26.15995407   17.67432976
-26.25181580   17.69541740
-26.25181580   17.69541740
-26.34367752   17.71617126
-26.34367752   17.71617126
-26.43553925   17.73648071
-26.43553925   17.73648071
-26.52766800   17.75601387
-26.52766800   17.75601387
-26.61970520   17.77476883
-26.61970520   17.77476883
-26.71174431   17.79286003
-26.71174431   17.79286003
-26.89999390   17.82826424
-26.89999390   17.82826424
-27.08496094   17.86011696
-27.08496094   17.86011696
-27.17753220   17.87543106
-27.17753220   17.87543106
-27.27028084   17.88997078
-27.27028084   17.88997078
-27.45569038   17.91749573
-27.45569038   17.91749573
-27.54826164   17.93036842
-27.54826164   17.93036842
-27.64083290   17.94268799
-27.64083290   17.94268799
-27.73322678   17.95423126
-27.73322678   17.95423126
-27.83281136   17.96477509
-27.83281136   17.96477509
-27.92564774   17.97531891
-27.92564774   17.97531891
-28.01857567   17.98541832
-28.01857567   17.98541832
-28.11150169   17.99473953
-28.11150169   17.99473953
-28.20451736   18.00362015
-28.20451736   18.00362015
-28.29735565   18.01172066
-28.29735565   18.01172066
-28.39010429   18.01937866
-28.39010429   18.01937866
-28.48285294   18.02626038
-28.48285294   18.02626038
-28.57560158   18.03247643
-28.57560158   18.03247643
-28.66817284   18.03802490
-28.66817284   18.03802490
-28.76828957   18.04091072
-28.76828957   18.04091072
-28.86112785   18.04501724
-28.86112785   18.04501724
-28.95378685   18.04845810
-28.95378685   18.04845810
-29.04627037   18.05112267
-29.04627037   18.05112267
-29.13866425   18.05323219
-29.13866425   18.05323219
-29.13866425   18.05323219
-29.13866425   18.05323219
-29.32291985   18.05545235
-29.32291985   18.05545235
-29.41478157   18.05567360
-29.41478157   18.05567360
-29.50646591   18.05511856
-29.50646591   18.05511856
-29.59797287   18.05401039
-29.59797287   18.05401039
-29.69302940   18.04879379
-29.69302940   18.04879379
-29.78435898   18.04624176
-29.78435898   18.04624176
-29.87550926   18.04313469
-29.87550926   18.04313469
-29.96648407   18.03947258
-29.96648407   18.03947258
-30.05727959   18.03514481
-30.05727959   18.03514481
-30.14780998   18.02992821
-30.14780998   18.02992821
-30.23816299   18.02404785
-30.23816299   18.02404785
-30.32824898   18.01749992
-30.32824898   18.01749992
-30.41798210   18.01006317
-30.41798210   18.01006317
-30.50753593   18.00185204
-30.50753593   18.00185204
-30.60569763   17.99086571
-30.60569763   17.99086571
-30.69551849   17.98165321
-30.69551849   17.98165321
-30.78507233   17.97166634
-30.78507233   17.97166634
-30.87436104   17.96090126
-30.87436104   17.96090126
-30.96338081   17.94935799
-30.96338081   17.94935799
-31.05204773   17.93715096
-31.05204773   17.93715096
-31.14035988   17.92427826
-31.14035988   17.92427826
-31.22822762   17.91073799
-31.22822762   17.91073799
-31.31582832   17.89653206
-31.31582832   17.89653206
-31.40316391   17.88166237
-31.40316391   17.88166237
-31.49262810   17.86401558
-31.49262810   17.86401558
-31.57960892   17.84781265
-31.57960892   17.84781265
-31.66632271   17.83105469
-31.66632271   17.83105469
-31.75268173   17.81352043
-31.75268173   17.81352043
-31.83895111   17.79554176
-31.83895111   17.79554176
-31.92486763   17.77700806
-31.92486763   17.77700806
-32.01060486   17.75769806
-32.01060486   17.75769806
-32.09598541   17.73805428
-32.09598541   17.73805428
-32.18092728   17.71785545
-32.18092728   17.71785545
-32.26559830   17.69699097
-32.26559830   17.69699097
-32.35825729   17.67612648
-32.35825729   17.67612648
-32.44284058   17.65404129
-32.44284058   17.65404129
-32.52724838   17.63140297
-32.52724838   17.63140297
-32.61138916   17.60809708
-32.61138916   17.60809708
-32.69517136   17.58412361
-32.69517136   17.58412361
-32.77878189   17.55959702
-32.77878189   17.55959702
-32.86194611   17.53451538
-32.86194611   17.53451538
-32.94475174   17.50876808
-32.94475174   17.50876808
-33.02720642   17.48246574
-33.02720642   17.48246574
-33.10939407   17.45560837
-33.10939407   17.45560837
-33.19477463   17.42741966
-33.19477463   17.42741966
-33.27643204   17.39967537
-33.27643204   17.39967537
-33.35781860   17.37126350
-33.35781860   17.37126350
-33.43885422   17.34240913
-33.43885422   17.34240913
-33.51953125   17.31299973
-33.51953125   17.31299973
-33.60003281   17.28303528
-33.60003281   17.28303528
-33.68017960   17.25251579
-33.68017960   17.25251579
-33.75997162   17.22132874
-33.75997162   17.22132874
-33.83949661   17.18969917
-33.83949661   17.18969917
-33.91857529   17.15729332
-33.91857529   17.15729332
-34.00431442   17.11845016
-34.00431442   17.11845016
-34.08321762   17.08493423
-34.08321762   17.08493423
-34.16185379   17.05097389
-34.16185379   17.05097389
-34.24004745   17.01645851
-34.24004745   17.01645851
-34.24004745   17.01645851
-34.24004745   17.01645851
-34.39545822   16.94598579
-34.39545822   16.94598579
-34.47267532   16.90991783
-34.47267532   16.90991783
-34.54971313   16.87340546
-34.54971313   16.87340546
-34.62639999   16.83644867
-34.62639999   16.83644867
-34.70272827   16.79893684
-34.70272827   16.79893684
-34.78686905   16.75931740
-34.78686905   16.75931740
-34.86319733   16.72047234
-34.86319733   16.72047234
-34.93926239   16.68096352
-34.93926239   16.68096352
-35.01488113   16.64078903
-35.01488113   16.64078903
-35.09032440   16.60017014
-35.09032440   16.60017014
-35.16558838   16.55921745
-35.16558838   16.55921745
-35.24040985   16.51760101
-35.24040985   16.51760101
-35.31478500   16.47542763
-35.31478500   16.47542763
-35.38880920   16.43269920
-35.38880920   16.43269920
-35.46247482   16.38963890
-35.46247482   16.38963890
-35.54058075   16.34446907
-35.54058075   16.34446907
-35.61406708   16.30007744
-35.61406708   16.30007744
-35.68729019   16.25524139
-35.68729019   16.25524139
-35.76033783   16.20996094
-35.76033783   16.20996094
-35.83285141   16.16412544
-35.83285141   16.16412544
-35.90501022   16.11784744
-35.90501022   16.11784744
-35.97681046   16.07101250
-35.97681046   16.07101250
-36.04817200   16.02384567
-36.04817200   16.02384567
-36.11917496   15.97634602
-36.11917496   15.97634602
-36.18973541   15.92840195
-36.18973541   15.92840195
-36.26801682   15.87624073
-36.26801682   15.87624073
-36.33848953   15.82718754
-36.33848953   15.82718754
-36.40860748   15.77757835
-36.40860748   15.77757835
-36.47837067   15.72752666
-36.47837067   15.72752666
-36.54804230   15.67714119
-36.54804230   15.67714119
-36.61753845   15.62631130
-36.61753845   15.62631130
-36.68676758   15.57526016
-36.68676758   15.57526016
-36.75581741   15.52387619
-36.75581741   15.52387619
-36.82460403   15.47227001
-36.82460403   15.47227001
-36.89321136   15.42033005
-36.89321136   15.42033005
-36.96954346   15.36439610
-36.96954346   15.36439610
-37.03841400   15.31134701
-37.03841400   15.31134701
-37.10702515   15.25818729
-37.10702515   15.25818729
-37.17536545   15.20480537
-37.17536545   15.20480537
-37.17536545   15.20480537
-37.17536545   15.20480537
-37.31160355   15.09737587
-37.31160355   15.09737587
-37.37941360   15.04343891
-37.37941360   15.04343891
-37.44704437   14.98927975
-37.44704437   14.98927975
-37.51423264   14.93489933
-37.51423264   14.93489933
-37.58133316   14.88040733
-37.58133316   14.88040733
-37.64825439   14.82558250
-37.64825439   14.82558250
-37.72467422   14.76520920
-37.72467422   14.76520920
-37.79159546   14.70949650
-37.79159546   14.70949650
-37.85833740   14.65356159
-37.85833740   14.65356159
-37.92472839   14.59718323
-37.92472839   14.59718323
-37.99076080   14.54047203
-37.99076080   14.54047203
-38.05661774   14.48376083
-38.05661774   14.48376083
-38.12229919   14.42682743
-38.12229919   14.42682743
-38.18779755   14.36978340
-38.18779755   14.36978340
-38.25303650   14.31262779
-38.25303650   14.31262779
-38.32634735   14.24903584
-38.32634735   14.24903584
-38.39175797   14.19088173
-38.39175797   14.19088173
-38.45708466   14.13261604
-38.45708466   14.13261604
-38.45708466   14.13261604
-38.45708466   14.13261604
-38.58737564   14.01586437
-38.58737564   14.01586437
-38.65225601   13.95715523
-38.65225601   13.95715523
-38.71686935   13.89833450
-38.71686935   13.89833450
-38.78148651   13.83940411
-38.78148651   13.83940411
-38.84583282   13.78025055
-38.84583282   13.78025055
-38.91009140   13.72098732
-38.91009140   13.72098732
-38.97958755   13.65328789
-38.97958755   13.65328789
-39.04384613   13.59324741
-39.04384613   13.59324741
-39.10783768   13.53320694
-39.10783768   13.53320694
-39.17174530   13.47294426
-39.17174530   13.47294426
-39.23546982   13.41268063
-39.23546982   13.41268063
-39.29919815   13.35230732
-39.29919815   13.35230732
-39.36274719   13.29182243
-39.36274719   13.29182243
-39.42620468   13.23122692
-39.42620468   13.23122692
-39.48948669   13.17074203
-39.48948669   13.17074203
-39.55277252   13.11003494
-39.55277252   13.11003494
-39.62368774   13.03823090
-39.62368774   13.03823090
-39.68750381   12.97685814
-39.68750381   12.97685814
-39.75122833   12.91559601
-39.75122833   12.91559601
-39.81468964   12.85411263
-39.81468964   12.85411263
-39.87797165   12.79240704
-39.87797165   12.79240704
-39.94098663   12.73059082
-39.94098663   12.73059082
-40.00382614   12.66866302
-40.00382614   12.66866302
-40.06649017   12.60662460
-40.06649017   12.60662460
-40.12906265   12.54458618
-40.12906265   12.54458618
-40.19154358   12.48243618
-40.19154358   12.48243618
-40.25749207   12.41185284
-40.25749207   12.41185284
-40.32006454   12.34925938
-40.32006454   12.34925938
-40.38254547   12.28655434
-40.38254547   12.28655434
-40.44485474   12.22362804
-40.44485474   12.22362804
-40.50698090   12.16059113
-40.50698090   12.16059113
-40.56902313   12.09744263
-40.56902313   12.09744263
-40.63097382   12.03429413
-40.63097382   12.03429413
-40.69274902   11.97114563
-40.69274902   11.97114563
-40.75443268   11.90799713
-40.75443268   11.90799713
-40.81612015   11.84473801
-40.81612015   11.84473801
-40.88037872   11.76771736
-40.88037872   11.76771736
-40.94259644   11.70379162
-40.94259644   11.70379162
-41.00472260   11.63997746
-41.00472260   11.63997746
-41.00472260   11.63997746
-41.00472260   11.63997746
-41.12854004   11.51246071
-41.12854004   11.51246071
-41.19031143   11.44853497
-41.19031143   11.44853497
-41.25190735   11.38449860
-41.25190735   11.38449860
-41.31350708   11.32046318
-41.31350708   11.32046318
-41.37501144   11.25653744
-41.37501144   11.25653744
-41.43651962   11.19272327
-41.43651962   11.19272327
-41.49794006   11.12890911
-41.49794006   11.12890911
-41.56539536   11.05432987
-41.56539536   11.05432987
-41.62707901   10.98985004
-41.62707901   10.98985004
-41.68858719   10.92548084
-41.68858719   10.92548084
-41.75000381   10.86088943
-41.75000381   10.86088943
-41.87275314   10.73204041
-41.87275314   10.73204041
-41.93390656   10.66756058
-41.93390656   10.66756058
-41.99497223   10.60307980
-41.99497223   10.60307980
-42.05603409   10.53848934
-42.05603409   10.53848934
-42.12561798   10.46579647
-42.12561798   10.46579647
-42.18703842   10.40042877
-42.18703842   10.40042877
-42.24845886   10.33506012
-42.24845886   10.33506012
-42.30978775   10.26958179
-42.30978775   10.26958179
-42.37094116   10.20388031
-42.37094116   10.20388031
-42.43200302   10.13806915
-42.43200302   10.13806915
-42.49298096   10.07225704
-42.49298096   10.07225704
-42.55386734   10.00644493
-42.55386734   10.00644493
-42.61466217   9.94063282
-42.61466217   9.94063282
-42.67537308   9.87482166
-42.67537308   9.87482166
-42.73865509   9.80024147
-42.73865509   9.80024147
-42.79936600   9.73387527
-42.79936600   9.73387527
-42.85998535   9.66739750
-42.85998535   9.66739750
-42.92042542   9.60080814
-42.92042542   9.60080814
-42.98069382   9.53410912
-42.98069382   9.53410912
-43.04095840   9.46729851
-43.04095840   9.46729851
-43.10095596   9.40037632
-43.10095596   9.40037632
-43.16077805   9.33323288
-43.16077805   9.33323288
-43.22050858   9.26608944
-43.22050858   9.26608944
-43.28006363   9.19894505
-43.28006363   9.19894505
-43.34441376   9.12203503
-43.34441376   9.12203503
-43.40414429   9.05433655
-43.40414429   9.05433655
-43.46361160   8.98652744
-43.46361160   8.98652744
-43.52299118   8.91871738
-43.52299118   8.91871738
-43.58236694   8.85079765
-43.58236694   8.85079765
-43.58236694   8.85079765
-43.58236694   8.85079765
-43.70058823   8.71462345
-43.70058823   8.71462345
-43.75943375   8.64648056
-43.75943375   8.64648056
-43.81810379   8.57833862
-43.81810379   8.57833862
-43.87659454   8.51008511
-43.87659454   8.51008511
-43.99543762   8.36514282
-43.99543762   8.36514282
-44.05383682   8.29622364
-44.05383682   8.29622364
-44.11223984   8.22719383
-44.11223984   8.22719383
-44.17055130   8.15816307
-44.17055130   8.15816307
-44.22886276   8.08924389
-44.22886276   8.08924389
-44.28699875   8.02021313
-44.28699875   8.02021313
-44.34504700   7.95129395
-44.34504700   7.95129395
-44.40282440   7.88226366
-44.40282440   7.88226366
-44.46043015   7.81323338
-44.46043015   7.81323338
-44.52353287   7.73499155
-44.52353287   7.73499155
-44.58131409   7.66529512
-44.58131409   7.66529512
-44.63900375   7.59559917
-44.63900375   7.59559917
-44.69643021   7.52601385
-44.69643021   7.52601385
-44.75358963   7.45642853
-44.75358963   7.45642853
-44.81074905   7.38684320
-44.81074905   7.38684320
-44.86790466   7.31736898
-44.86790466   7.31736898
-44.92488861   7.24778366
-44.92488861   7.24778366
-44.98168945   7.17830944
-44.98168945   7.17830944
-45.03858185   7.10894632
-45.03858185   7.10894632
-45.09654236   7.02826262
-45.09654236   7.02826262
-45.15378952   6.95823336
-45.15378952   6.95823336
-45.21076965   6.88820457
-45.21076965   6.88820457
-45.26766205   6.81817532
-45.26766205   6.81817532
-45.32446671   6.74814606
-45.32446671   6.74814606
-45.38117981   6.67811680
-45.38117981   6.67811680
-45.43780899   6.60808754
-45.43780899   6.60808754
-45.49434662   6.53794765
-45.49434662   6.53794765
-45.55070496   6.46780729
-45.55070496   6.46780729
-45.60706329   6.39777803
-45.60706329   6.39777803
-45.66067505   6.31753874
-45.66067505   6.31753874
-45.66067505   6.31753874
-45.66067505   6.31753874
-45.77330399   6.17714739
-45.77330399   6.17714739
-45.82957458   6.10711813
-45.82957458   6.10711813
-45.88575745   6.03708887
-45.88575745   6.03708887
-45.94176483   5.96717072
-45.94176483   5.96717072
-45.99758911   5.89714146
-45.99758911   5.89714146
-46.05332947   5.82722330
-46.05332947   5.82722330
-46.10897827   5.75752735
-46.10897827   5.75752735
-46.16445160   5.68760872
-46.16445160   5.68760872
-46.22116852   5.61036587
-46.22116852   5.61036587
-46.27690506   5.54022598
-46.27690506   5.54022598
-46.33264542   5.47019672
-46.33264542   5.47019672
-46.38829422   5.40016747
-46.38829422   5.40016747
-46.44385529   5.33002710
-46.44385529   5.33002710
-46.44385529   5.33002710
-46.44385529   5.33002710
-46.55435562   5.18974686
-46.55435562   5.18974686
-46.60956192   5.11971760
-46.60956192   5.11971760
-46.66468048   5.04957771
-46.66468048   5.04957771
-46.71979904   4.97943735
-46.71979904   4.97943735
-46.77757645   4.90163946
-46.77757645   4.90163946
-46.83278275   4.83105516
-46.83278275   4.83105516
-46.88790131   4.76047134
-46.88790131   4.76047134
-46.94275284   4.68988705
-46.94275284   4.68988705
-46.99760437   4.61930323
-46.99760437   4.61930323
-47.05236435   4.54871893
-47.05236435   4.54871893
-47.10721588   4.47802401
-47.10721588   4.47802401
-47.16197968   4.40732908
-47.16197968   4.40732908
-47.21665192   4.33652306
-47.21665192   4.33652306
-47.27114868   4.26582766
-47.27114868   4.26582766
-47.32733154   4.18270254
-47.32733154   4.18270254
-47.38227081   4.11156368
-47.38227081   4.11156368
-47.43721008   4.04031372
-47.43721008   4.04031372
-47.49215317   3.96895289
-47.49215317   3.96895289
-47.54709244   3.89759183
-47.54709244   3.89759183
-47.65661621   3.75475883
-47.65661621   3.75475883
-47.71128845   3.68317604
-47.71128845   3.68317604
-47.76605225   3.61159301
-47.76605225   3.61159301
-47.82081604   3.53989911
-47.82081604   3.53989911
-47.87273788   3.46465373
-47.87273788   3.46465373
-47.87273788   3.46465373
-47.87273788   3.46465373
-47.98234940   3.32093310
-47.98234940   3.32093310
-48.03702545   3.24901724
-48.03702545   3.24901724
-48.09169769   3.17710137
-48.09169769   3.17710137
-48.20077896   3.03338051
-48.20077896   3.03338051
-48.25518799   2.96146464
-48.25518799   2.96146464
-48.30950546   2.88965988
-48.30950546   2.88965988
-48.36373520   2.81785488
-48.36373520   2.81785488
-48.41902924   2.73217726
-48.41902924   2.73217726
-48.47370529   2.65948462
-48.47370529   2.65948462
-48.52837753   2.58690286
-48.52837753   2.58690286
-48.58304977   2.51432109
-48.58304977   2.51432109
-48.63772583   2.44162846
-48.63772583   2.44162846
-48.63772583   2.44162846
-48.63772583   2.44162846
-48.74680710   2.29613185
-48.74680710   2.29613185
-48.80130005   2.22321725
-48.80130005   2.22321725
-48.85579681   2.15041351
-48.85579681   2.15041351
-48.91020584   2.07749891
-48.91020584   2.07749891
-48.97419739   1.99159932
-48.97419739   1.99159932
-49.02159500   1.91779673
-49.02159500   1.91779673
-49.07653427   1.84388316
-49.07653427   1.84388316
-49.13138580   1.76985872
-49.13138580   1.76985872
-49.18641281   1.69583416
-49.18641281   1.69583416
-49.24144363   1.62180960
-49.24144363   1.62180960
-49.29656219   1.54767418
-49.29656219   1.54767418
-49.35158920   1.47364962
-49.35158920   1.47364962
-49.40661621   1.39951420
-49.40661621   1.39951420
-49.46173477   1.32537866
-49.46173477   1.32537866
-49.51569748   1.24092185
-49.51569748   1.24092185
-49.57108307   1.16623151
-49.57108307   1.16623151
-49.62646484   1.09165204
-49.62646484   1.09165204
-49.68185043   1.01696169
-49.68185043   1.01696169
-49.73723602   0.94238228
-49.73723602   0.94238228
-49.79261780   0.86769187
-49.79261780   0.86769187
-49.84800339   0.79289049
-49.84800339   0.79289049
-49.90347290   0.71797812
-49.90347290   0.71797812
-49.95894623   0.64317673
-49.95894623   0.64317673
-50.01441956   0.56826437
-50.01441956   0.56826437
-50.06962585   0.48613822
-50.06962585   0.48613822
-50.06962585   0.48613822
-50.06962585   0.48613822
-50.18092728   0.33586958
-50.18092728   0.33586958
-50.23648834   0.26073524
-50.23648834   0.26073524
-50.29213715   0.18560094
-50.29213715   0.18560094
-50.34769821   0.11046662
-50.34769821   0.11046662
-50.40334702   0.03522132
-50.40334702   0.03522132
-50.45908737   -0.04002397
-50.45908737   -0.04002397
-50.51482391   -0.11526927
-50.51482391   -0.11526927
-50.57065201   -0.19062555
-50.57065201   -0.19062555
-50.62710190   -0.27341759
-50.62710190   -0.27341759
-50.68301773   -0.34910682
-50.68301773   -0.34910682
-50.73893356   -0.42468506
-50.73893356   -0.42468506
-50.79494095   -0.50037426
-50.79494095   -0.50037426
-50.85094452   -0.57584155
-50.85094452   -0.57584155
-50.90695190   -0.65141976
-50.90695190   -0.65141976
-50.96295547   -0.72699803
-50.96295547   -0.72699803
-51.01895905   -0.80246526
-51.01895905   -0.80246526
-51.07496643   -0.87793255
-51.07496643   -0.87793255
-51.13105774   -0.95328879
-51.13105774   -0.95328879
-51.18910599   -1.03552592
-51.18910599   -1.03552592
-51.24555588   -1.11154807
-51.24555588   -1.11154807
-51.30200195   -1.18745923
-51.30200195   -1.18745923
-51.35845184   -1.26325941
-51.35845184   -1.26325941
-51.41481400   -1.33905971
-51.41481400   -1.33905971
-51.47135162   -1.41474891
-51.47135162   -1.41474891
-51.52779770   -1.49043810
-51.52779770   -1.49043810
-51.58433533   -1.56612730
-51.58433533   -1.56612730
-51.64096451   -1.64181650
-51.64096451   -1.64181650
-51.69741058   -1.71750569
-51.69741058   -1.71750569
-51.75590134   -1.80063069
-51.75590134   -1.80063069
-51.81270599   -1.87665284
-51.81270599   -1.87665284
-51.86951065   -1.95256400
-51.86951065   -1.95256400
-51.92649078   -2.02858615
-51.92649078   -2.02858615
-51.98347092   -2.10460830
-51.98347092   -2.10460830
-52.04054260   -2.18063045
-52.04054260   -2.18063045
-52.09778976   -2.25665259
-52.09778976   -2.25665259
-52.15512848   -2.33300781
-52.15512848   -2.33300781
-52.21263885   -2.40958476
-52.21263885   -2.40958476
-52.27033234   -2.48627281
-52.27033234   -2.48627281
-52.32979965   -2.57061863
-52.32979965   -2.57061863
-52.38784409   -2.64797258
-52.38784409   -2.64797258
-52.44598007   -2.72543740
-52.44598007   -2.72543740
-52.50420380   -2.80301332
-52.50420380   -2.80301332
-52.56269455   -2.88092208
-52.56269455   -2.88092208
-52.62145233   -2.95894194
-52.62145233   -2.95894194
-52.68029785   -3.03718376
-52.68029785   -3.03718376
-52.73931885   -3.11553645
-52.73931885   -3.11553645
-52.79860687   -3.19411111
-52.79860687   -3.19411111
-52.85789871   -3.27279687
-52.85789871   -3.27279687
-52.91354752   -3.36113787
-52.91354752   -3.36113787
-52.97328186   -3.44037867
-52.97328186   -3.44037867
-53.03319168   -3.51984119
-53.03319168   -3.51984119
-53.09318924   -3.59952569
-53.09318924   -3.59952569
-53.15336609   -3.67943215
-53.15336609   -3.67943215
-53.21363068   -3.75956059
-53.21363068   -3.75956059
-53.27416229   -3.83980012
-53.27416229   -3.83980012
-53.33487320   -3.92026138
-53.33487320   -3.92026138
-53.39575958   -4.00083399
-53.39575958   -4.00083399
-53.45691299   -4.08162832
-53.45691299   -4.08162832
-53.51815414   -4.16275549
-53.51815414   -4.16275549
-53.58152771   -4.25098562
-53.58152771   -4.25098562
-53.64339066   -4.33255672
-53.64339066   -4.33255672
-53.70534134   -4.41446066
-53.70534134   -4.41446066
-53.76764679   -4.49658680
-53.76764679   -4.49658680
-53.83004379   -4.57893515
-53.83004379   -4.57893515
-53.89261627   -4.66161585
-53.89261627   -4.66161585
-53.95545578   -4.74451876
-53.95545578   -4.74451876
-54.01847076   -4.82764387
-54.01847076   -4.82764387
-54.08166504   -4.91110182
-54.08166504   -4.91110182
-54.14921188   -5.00321627
-54.14921188   -5.00321627
-54.21329117   -5.08745098
-54.21329117   -5.08745098
-54.27746201   -5.17201853
-54.27746201   -5.17201853
-54.34198761   -5.25680828
-54.34198761   -5.25680828
-54.40669250   -5.34193087
-54.40669250   -5.34193087
-54.47166061   -5.42716455
-54.47166061   -5.42716455
-54.53672028   -5.51273108
-54.53672028   -5.51273108
-54.60204315   -5.59874153
-54.60204315   -5.59874153
-54.66763306   -5.68497372
-54.66763306   -5.68497372
-54.73340225   -5.77153921
-54.73340225   -5.77153921
-54.80218887   -5.86665010
-54.80218887   -5.86665010
-54.86857986   -5.95377016
-54.86857986   -5.95377016
-54.93514633   -6.04133463
-54.93514633   -6.04133463
-55.00206757   -6.12912035
-55.00206757   -6.12912035
-55.06908035   -6.21723986
-55.06908035   -6.21723986
-55.13644409   -6.30569172
-55.13644409   -6.30569172
-55.20389938   -6.39436579
-55.20389938   -6.39436579
-55.27153015   -6.48326159
-55.27153015   -6.48326159
-55.33943176   -6.57226849
-55.33943176   -6.57226849
-55.40750504   -6.66171932
-55.40750504   -6.66171932
-55.47584915   -6.76337814
-55.47584915   -6.76337814
-55.54463577   -6.85382795
-55.54463577   -6.85382795
-55.61377716   -6.94449949
-55.61377716   -6.94449949
-55.68300629   -7.03550434
-55.68300629   -7.03550434
-55.75241089   -7.12661982
-55.75241089   -7.12661982
-55.82199860   -7.21795702
-55.82199860   -7.21795702
-55.89175797   -7.30962753
-55.89175797   -7.30962753
-55.96178818   -7.40163088
-55.96178818   -7.40163088
-56.03199387   -7.49396753
-56.03199387   -7.49396753
-56.10237885   -7.58652592
-56.10237885   -7.58652592
-56.17231750   -7.69107008
-56.17231750   -7.69107008
-56.24358749   -7.78473806
-56.24358749   -7.78473806
-56.31512833   -7.87862825
-56.31512833   -7.87862825
-56.38675308   -7.97296238
-56.38675308   -7.97296238
-56.45855713   -8.06740761
-56.45855713   -8.06740761
-56.53062820   -8.16218567
-56.53062820   -8.16218567
-56.60287476   -8.25718498
-56.60287476   -8.25718498
-56.67530060   -8.35240746
-56.67530060   -8.35240746
-56.74798965   -8.44807243
-56.74798965   -8.44807243
-56.82094955   -8.54407120
-56.82094955   -8.54407120
-56.89710236   -8.65250015
-56.89710236   -8.65250015
-56.97076797   -8.74938679
-56.97076797   -8.74938679
-57.04479218   -8.84660625
-57.04479218   -8.84660625
-57.11899185   -8.94427013
-57.11899185   -8.94427013
-57.19354630   -9.04215527
-57.19354630   -9.04215527
-57.26836777   -9.14026260
-57.26836777   -9.14026260
-57.34327698   -9.23892498
-57.34327698   -9.23892498
-57.41845703   -9.33792019
-57.41845703   -9.33792019
-57.41845703   -9.33792019
-57.41845703   -9.33792019
-57.56960678   -9.53679848
-57.56960678   -9.53679848
-57.65241623   -9.64478302
-57.65241623   -9.64478302
-57.72865677   -9.74510956
-57.72865677   -9.74510956
-57.80498886   -9.84554768
-57.80498886   -9.84554768
-57.88158417   -9.94620800
-57.88158417   -9.94620800
-57.95835876   -10.04708958
-57.95835876   -10.04708958
-58.03531265   -10.14830494
-58.03531265   -10.14830494
-58.11235046   -10.24974155
-58.11235046   -10.24974155
-58.18965912   -10.35140038
-58.18965912   -10.35140038
-58.26714325   -10.45339203
-58.26714325   -10.45339203
-58.34471512   -10.55571651
-58.34471512   -10.55571651
-58.42814636   -10.67202473
-58.42814636   -10.67202473
-58.50660706   -10.77556992
-58.50660706   -10.77556992
-58.58533478   -10.87933731
-58.58533478   -10.87933731
-58.66432571   -10.98343754
-58.66432571   -10.98343754
-58.74349594   -11.08764935
-58.74349594   -11.08764935
-58.82275772   -11.19208241
-58.82275772   -11.19208241
-58.90210342   -11.29673767
-58.90210342   -11.29673767
-58.98171997   -11.40161514
-58.98171997   -11.40161514
-59.06151199   -11.50671387
-59.06151199   -11.50671387
-59.14139175   -11.61192417
-59.14139175   -11.61192417
-59.22624207   -11.73111820
-59.22624207   -11.73111820
-59.30674362   -11.83721638
-59.30674362   -11.83721638
-59.38742447   -11.94353580
-59.38742447   -11.94353580
-59.46819305   -12.04996681
-59.46819305   -12.04996681
-59.54913712   -12.15662003
-59.54913712   -12.15662003
-59.63026047   -12.26360607
-59.63026047   -12.26360607
-59.71138382   -12.37092400
-59.71138382   -12.37092400
-59.79268646   -12.47824287
-59.79268646   -12.47824287
-59.87416458   -12.58567333
-59.87416458   -12.58567333
-59.95573044   -12.69321346
-59.95573044   -12.69321346
-60.04883575   -12.80963326
-60.04883575   -12.80963326
-60.13075638   -12.91761780
-60.13075638   -12.91761780
-60.21285629   -13.02582455
-60.21285629   -13.02582455
-60.29504395   -13.13425255
-60.29504395   -13.13425255
-60.37714386   -13.24279213
-60.37714386   -13.24279213
-60.45933533   -13.35155392
-60.45933533   -13.35155392
-60.54152298   -13.46031570
-60.54152298   -13.46031570
-60.62379837   -13.56929874
-60.62379837   -13.56929874
-60.70616531   -13.67828274
-60.70616531   -13.67828274
-60.78853226   -13.78726578
-60.78853226   -13.78726578
-60.87666702   -13.90313053
-60.87666702   -13.90313053
-60.95929718   -14.01255798
-60.95929718   -14.01255798
-61.04201889   -14.12198544
-61.04201889   -14.12198544
-61.12474060   -14.23141193
-61.12474060   -14.23141193
-61.20737076   -14.34095097
-61.20737076   -14.34095097
-61.29000473   -14.45037842
-61.29000473   -14.45037842
-61.37272644   -14.55969429
-61.37272644   -14.55969429
-61.45535660   -14.66901112
-61.45535660   -14.66901112
-61.53799057   -14.77843857
-61.53799057   -14.77843857
-61.62062073   -14.88775444
-61.62062073   -14.88775444
-61.71195221   -15.00606060
-61.71195221   -15.00606060
-61.79529190   -15.11637592
-61.79529190   -15.11637592
-61.87863541   -15.22691345
-61.87863541   -15.22691345
-61.96189117   -15.33745003
-61.96189117   -15.33745003
-62.04514313   -15.44820976
-62.04514313   -15.44820976
-62.12848663   -15.55908012
-62.12848663   -15.55908012
-62.21165085   -15.67017174
-62.21165085   -15.67017174
-62.29472733   -15.78137493
-62.29472733   -15.78137493
-62.37771225   -15.89268875
-62.37771225   -15.89268875
-62.46061325   -16.00411415
-62.46061325   -16.00411415
-62.54368591   -16.12131119
-62.54368591   -16.12131119
-62.62667465   -16.23328972
-62.62667465   -16.23328972
-62.70966339   -16.34527016
-62.70966339   -16.34527016
-62.79256058   -16.45736122
-62.79256058   -16.45736122
-62.87554932   -16.56956291
-62.87554932   -16.56956291
-62.95844650   -16.68154335
-62.95844650   -16.68154335
-63.04134369   -16.79374504
-63.04134369   -16.79374504
-63.12397766   -16.90594673
-63.12397766   -16.90594673
-63.20660782   -17.01825905
-63.20660782   -17.01825905
-63.28932953   -17.13057327
-63.28932953   -17.13057327
-63.37347031   -17.24677086
-63.37347031   -17.24677086
-63.45619202   -17.35952759
-63.45619202   -17.35952759
-63.53864670   -17.47239494
-63.53864670   -17.47239494
-63.62118912   -17.58526230
-63.62118912   -17.58526230
-63.70382309   -17.69835281
-63.70382309   -17.69835281
-63.78645325   -17.81155396
-63.78645325   -17.81155396
-63.86917496   -17.92486572
-63.86917496   -17.92486572
-63.95180893   -18.03850937
-63.95180893   -18.03850937
-64.03443909   -18.15215492
-64.03443909   -18.15215492
-64.11716461   -18.26602173
-64.11716461   -18.26602173
-64.20263672   -18.39342690
-64.20263672   -18.39342690
-64.28571320   -18.50806999
-64.28571320   -18.50806999
-64.36878204   -18.62282562
-64.36878204   -18.62282562
-64.45177460   -18.73768997
-64.45177460   -18.73768997
-64.53475952   -18.85266685
-64.53475952   -18.85266685
-64.61774445   -18.96775436
-64.61774445   -18.96775436
-64.70082092   -19.08295250
-64.70082092   -19.08295250
-64.78398895   -19.19826317
-64.78398895   -19.19826317
-64.86697388   -19.31368256
-64.86697388   -19.31368256
-64.94987488   -19.42910385
-64.94987488   -19.42910385
-65.03339386   -19.54507828
-65.03339386   -19.54507828
-65.11637878   -19.66061020
-65.11637878   -19.66061020
-65.19927979   -19.77647400
-65.19927979   -19.77647400
-65.28218079   -19.89233780
-65.28218079   -19.89233780
-65.36499023   -20.00842476
-65.36499023   -20.00842476
-65.44779968   -20.12462234
-65.44779968   -20.12462234
-65.53051758   -20.24115181
-65.53051758   -20.24115181
-65.61315155   -20.35768318
-65.61315155   -20.35768318
-65.69578552   -20.47443390
-65.69578552   -20.47443390
-65.77832794   -20.59129715
-65.77832794   -20.59129715
-65.86548615   -20.71371078
-65.86548615   -20.71371078
-65.94820404   -20.83112717
-65.94820404   -20.83112717
-66.03110504   -20.94876862
-66.03110504   -20.94876862
-66.11383057   -21.06651878
-66.11383057   -21.06651878
-66.19654846   -21.18438148
-66.19654846   -21.18438148
-66.27926636   -21.30224228
-66.27926636   -21.30224228
-66.36199188   -21.42021561
-66.36199188   -21.42021561
-66.44470978   -21.53841019
-66.44470978   -21.53841019
-66.52734375   -21.65671730
-66.52734375   -21.65671730
-66.60971069   -21.77513313
-66.60971069   -21.77513313
-66.68826294   -21.89221954
-66.68826294   -21.89221954
-66.77027130   -22.01041412
-66.77027130   -22.01041412
-66.85219574   -22.12849808
-66.85219574   -22.12849808
-66.93402863   -22.24647141
-66.93402863   -22.24647141
-67.01559448   -22.36444283
-67.01559448   -22.36444283
-67.09725189   -22.48230553
-67.09725189   -22.48230553
-67.17864227   -22.59994507
-67.17864227   -22.59994507
-67.25984955   -22.71758461
-67.25984955   -22.71758461
-67.34088898   -22.83511353
-67.34088898   -22.83511353
-67.42182922   -22.95253181
-67.42182922   -22.95253181
-67.50543976   -23.07094955
-67.50543976   -23.07094955
-67.58629608   -23.18825722
-67.58629608   -23.18825722
-67.66697693   -23.30534172
-67.66697693   -23.30534172
-67.74748230   -23.42231560
-67.74748230   -23.42231560
-67.82780457   -23.53906822
-67.82780457   -23.53906822
-67.90804291   -23.65570831
-67.90804291   -23.65570831
-67.98828125   -23.77212906
-67.98828125   -23.77212906
-68.06824493   -23.88810349
-68.06824493   -23.88810349
-68.14804077   -24.00396729
-68.14804077   -24.00396729
-68.22782898   -24.11960983
-68.22782898   -24.11960983
-68.31295013   -24.23946953
-68.31295013   -24.23946953
-68.39318848   -24.35522270
-68.39318848   -24.35522270
-68.47324371   -24.47064400
-68.47324371   -24.47064400
-68.55321503   -24.58573151
-68.55321503   -24.58573151
-68.63309479   -24.70059586
-68.63309479   -24.70059586
-68.71297455   -24.81512833
-68.71297455   -24.81512833
-68.79285431   -24.92943954
-68.79285431   -24.92943954
-68.87255859   -25.04363823
-68.87255859   -25.04363823
-68.95217133   -25.15761566
-68.95217133   -25.15761566
-69.03160858   -25.27159500
-69.03160858   -25.27159500
-69.10758972   -25.39134216
-69.10758972   -25.39134216
-69.18666840   -25.50465393
-69.18666840   -25.50465393
-69.26566315   -25.61763382
-69.26566315   -25.61763382
-69.34439087   -25.73016739
-69.34439087   -25.73016739
-69.42285156   -25.84259224
-69.42285156   -25.84259224
-69.50131226   -25.95468330
-69.50131226   -25.95468330
-69.57950592   -26.06644058
-69.57950592   -26.06644058
-69.65752411   -26.17797661
-69.65752411   -26.17797661
-69.73518372   -26.28929138
-69.73518372   -26.28929138
-69.81266785   -26.40038300
-69.81266785   -26.40038300
-69.89308167   -26.51691246
-69.89308167   -26.51691246
-69.97074890   -26.62822723
-69.97074890   -26.62822723
-70.04823303   -26.73943138
-70.04823303   -26.73943138
-70.12571716   -26.85041237
-70.12571716   -26.85041237
-70.20337677   -26.96105957
-70.20337677   -26.96105957
-70.28086090   -27.07159615
-70.28086090   -27.07159615
-70.35816956   -27.18202400
-70.35816956   -27.18202400
-70.43538666   -27.29189491
-70.43538666   -27.29189491
-70.51242828   -27.40154457
-70.51242828   -27.40154457
-70.58937836   -27.51086044
-70.58937836   -27.51086044
-70.66482544   -27.61773491
-70.66482544   -27.61773491
-70.74133301   -27.72660828
-70.74133301   -27.72660828
-70.81792450   -27.83525848
-70.81792450   -27.83525848
-70.89425659   -27.94379807
-70.89425659   -27.94379807
-70.97049713   -28.05211449
-70.97049713   -28.05211449
-71.04656219   -28.16020966
-71.04656219   -28.16020966
-71.12254333   -28.26808357
-71.12254333   -28.26808357
-71.19834137   -28.37573624
-71.19834137   -28.37573624
-71.27395630   -28.48305511
-71.27395630   -28.48305511
-71.34949493   -28.59015083
-71.34949493   -28.59015083
-71.42431641   -28.68814659
-71.42431641   -28.68814659
-71.49984741   -28.79446793
-71.49984741   -28.79446793
-71.57511139   -28.90045357
-71.57511139   -28.90045357
-71.65037537   -29.00610733
-71.65037537   -29.00610733
-71.72555542   -29.11131859
-71.72555542   -29.11131859
-71.80064392   -29.21630669
-71.80064392   -29.21630669
-71.87554932   -29.32107162
-71.87554932   -29.32107162
-71.95046234   -29.42550659
-71.95046234   -29.42550659
-72.02519989   -29.52993965
-72.02519989   -29.52993965
-72.09983826   -29.63403893
-72.09983826   -29.63403893
-72.17147064   -29.73647499
-72.17147064   -29.73647499
-72.24584198   -29.84013176
-72.24584198   -29.84013176
-72.32004547   -29.94356537
-72.32004547   -29.94356537
-72.39424896   -30.04677773
-72.39424896   -30.04677773
-72.46836090   -30.14976883
-72.46836090   -30.14976883
-72.61605072   -30.35497284
-72.61605072   -30.35497284
-72.68980408   -30.45718575
-72.68980408   -30.45718575
-72.76338959   -30.55917740
-72.76338959   -30.55917740
-72.83670044   -30.66083527
-72.83670044   -30.66083527
-72.91018677   -30.76105118
-72.91018677   -30.76105118
-72.98314667   -30.86260033
-72.98314667   -30.86260033
-73.05601501   -30.96392441
-73.05601501   -30.96392441
-73.12870789   -31.06502914
-73.12870789   -31.06502914
-73.20122528   -31.16602135
-73.20122528   -31.16602135
-73.27365112   -31.26679230
-73.27365112   -31.26679230
-73.34598541   -31.36745262
-73.34598541   -31.36745262
-73.41831970   -31.46811295
-73.41831970   -31.46811295
-73.49066162   -31.56866074
-73.49066162   -31.56866074
-73.56282043   -31.66909981
-73.56282043   -31.66909981
-73.63479614   -31.76687241
-73.63479614   -31.76687241
-73.70660400   -31.86675644
-73.70660400   -31.86675644
-73.77832031   -31.96630669
-73.77832031   -31.96630669
-73.84985352   -32.06563568
-73.84985352   -32.06563568
-73.92121887   -32.16496277
-73.92121887   -32.16496277
-73.92121887   -32.16496277
-73.92121887   -32.16496277
-74.06331635   -32.36284256
-74.06331635   -32.36284256
-74.13414764   -32.46161270
-74.13414764   -32.46161270
-74.20497131   -32.56027603
-74.20497131   -32.56027603
-74.27580261   -32.65882874
-74.27580261   -32.65882874
-74.34014893   -32.74839020
-74.34014893   -32.74839020
-74.41008759   -32.84571838
-74.41008759   -32.84571838
-74.47994232   -32.94282913
-74.47994232   -32.94282913
-74.54988098   -33.03982544
-74.54988098   -33.03982544
-74.61973572   -33.13682175
-74.61973572   -33.13682175
-74.61973572   -33.13682175
-74.61973572   -33.13682175
-74.75917053   -33.33059692
-74.75917053   -33.33059692
-74.82893372   -33.42759323
-74.82893372   -33.42759323
-74.89869690   -33.52470016
-74.89869690   -33.52470016
-74.96846008   -33.62147903
-74.96846008   -33.62147903
-75.03121185   -33.71326065
-75.03121185   -33.71326065
-75.10044098   -33.80947876
-75.10044098   -33.80947876
-75.16967010   -33.90559006
-75.16967010   -33.90559006
-75.23889923   -34.00158691
-75.23889923   -34.00158691
-75.30804443   -34.09769821
-75.30804443   -34.09769821
-75.37709808   -34.19369507
-75.37709808   -34.19369507
-75.44614410   -34.28958511
-75.44614410   -34.28958511
-75.51511383   -34.38525009
-75.51511383   -34.38525009
-75.58407593   -34.48069382
-75.58407593   -34.48069382
-75.65295410   -34.57591629
-75.65295410   -34.57591629
-75.71383667   -34.66247940
-75.71383667   -34.66247940
-75.78182220   -34.75659180
-75.78182220   -34.75659180
-75.84989929   -34.85059357
-75.84989929   -34.85059357
-75.91797638   -34.94459152
-75.91797638   -34.94459152
-75.98605347   -35.03848267
-75.98605347   -35.03848267
-76.05395508   -35.13226318
-76.05395508   -35.13226318
-76.12158966   -35.22581863
-76.12158966   -35.22581863
-76.18894958   -35.31904221
-76.18894958   -35.31904221
-76.25605011   -35.41182327
-76.25605011   -35.41182327
-76.32279968   -35.50415802
-76.32279968   -35.50415802
-76.38120270   -35.59494400
-76.38120270   -35.59494400
-76.44750214   -35.68683624
-76.44750214   -35.68683624
-76.51389313   -35.77861404
-76.51389313   -35.77861404
-76.58010101   -35.87028503
-76.58010101   -35.87028503
-76.64614105   -35.96162415
-76.64614105   -35.96162415
-76.71190643   -36.05262756
-76.71190643   -36.05262756
-76.77741241   -36.14340973
-76.77741241   -36.14340973
-76.84300232   -36.23374939
-76.84300232   -36.23374939
-76.90824127   -36.32353210
-76.90824127   -36.32353210
-76.97267914   -36.41242981
-76.97267914   -36.41242981
-77.02451324   -36.49866104
-77.02451324   -36.49866104
-77.08788300   -36.58567047
-77.08788300   -36.58567047
-77.15178680   -36.67267990
-77.15178680   -36.67267990
-77.21604919   -36.76035309
-77.21604919   -36.76035309
-77.28048706   -36.84891510
-77.28048706   -36.84891510
-77.34510040   -36.93781281
-77.34510040   -36.93781281
-77.40962982   -37.02682114
-77.40962982   -37.02682114
-77.47388458   -37.11571503
-77.47388458   -37.11571503
-77.53770447   -37.20449829
-77.53770447   -37.20449829
-77.60134125   -37.29306412
-77.60134125   -37.29306412
-77.66329193   -37.37086105
-77.66329193   -37.37086105
-77.72728729   -37.45942307
-77.72728729   -37.45942307
-77.79163361   -37.54809570
-77.79163361   -37.54809570
-77.85651398   -37.63710403
-77.85651398   -37.63710403
-77.92192841   -37.72721863
-77.92192841   -37.72721863
-77.98814392   -37.81822586
-77.98814392   -37.81822586
-78.05471039   -37.90933990
-78.05471039   -37.90933990
-78.12100983   -38.00012207
-78.12100983   -38.00012207
-78.18651581   -38.09001923
-78.18651581   -38.09001923
-78.25139618   -38.17880249
-78.25139618   -38.17880249
-78.29169464   -38.24028397
-78.29169464   -38.24028397
-78.35372925   -38.32485199
-78.35372925   -38.32485199
-78.41532898   -38.40875626
-78.41532898   -38.40875626
-78.47675323   -38.49254608
-78.47675323   -38.49254608
-78.53834534   -38.57622528
-78.53834534   -38.57622528
-78.53834534   -38.57622528
-78.53834534   -38.57622528
-78.66162872   -38.74514008
-78.66162872   -38.74514008
-78.72349548   -38.83037186
-78.72349548   -38.83037186
-78.78535461   -38.91571426
-78.78535461   -38.91571426
-78.84704590   -39.00050735
-78.84704590   -39.00050735
-78.90757751   -39.07685852
-78.90757751   -39.07685852
-78.96801758   -39.15976334
-78.96801758   -39.15976334
-79.02837372   -39.24211121
-79.02837372   -39.24211121
-79.08899689   -39.32456970
-79.08899689   -39.32456970
-79.15006256   -39.40736008
-79.15006256   -39.40736008
-79.21174622   -39.49081802
-79.21174622   -39.49081802
-79.27413940   -39.57505417
-79.27413940   -39.57505417
-79.33689117   -39.65973282
-79.33689117   -39.65973282
-79.39973450   -39.74474335
-79.39973450   -39.74474335
-79.46248627   -39.82953262
-79.46248627   -39.82953262
-79.52434540   -39.92176056
-79.52434540   -39.92176056
-79.58665466   -40.00654984
-79.58665466   -40.00654984
-79.64852142   -40.09078217
-79.64852142   -40.09078217
-79.71020508   -40.17435074
-79.71020508   -40.17435074
-79.77171326   -40.25758743
-79.77171326   -40.25758743
-79.83304596   -40.34071350
-79.83304596   -40.34071350
-79.89419556   -40.42394638
-79.89419556   -40.42394638
-79.95579529   -40.50740433
-79.95579529   -40.50740433
-80.01765442   -40.59108353
-80.01765442   -40.59108353
-80.07961273   -40.67487717
-80.07961273   -40.67487717
-80.14386749   -40.75955582
-80.14386749   -40.75955582
-80.20590973   -40.84312439
-80.20590973   -40.84312439
-80.26777649   -40.92635727
-80.26777649   -40.92635727
-80.32936859   -41.00937271
-80.32936859   -41.00937271
-80.39096832   -41.09227371
-80.39096832   -41.09227371
-80.51434326   -41.25819016
-80.51434326   -41.25819016
-80.57602692   -41.34164810
-80.57602692   -41.34164810
-80.63789368   -41.42521667
-80.63789368   -41.42521667
-80.69993591   -41.50901031
-80.69993591   -41.50901031
-80.74741364   -41.57115936
-80.74741364   -41.57115936
-80.80847931   -41.65372849
-80.80847931   -41.65372849
-80.86954498   -41.73640823
-80.86954498   -41.73640823
-80.93070221   -41.81886673
-80.93070221   -41.81886673
-80.99185181   -41.90121460
-80.99185181   -41.90121460
-81.05291748   -41.98345184
-81.05291748   -41.98345184
-81.11407471   -42.06568909
-81.11407471   -42.06568909
-81.17531586   -42.14803696
-81.17531586   -42.14803696
-81.23673248   -42.23082733
-81.23673248   -42.23082733
-81.29850769   -42.31384277
-81.29850769   -42.31384277
-81.35043335   -42.38231659
-81.35043335   -42.38231659
-81.41176605   -42.46444321
-81.41176605   -42.46444321
-81.47309113   -42.54645920
-81.47309113   -42.54645920
-81.53415680   -42.62825012
-81.53415680   -42.62825012
-81.59504700   -42.70971298
-81.59504700   -42.70971298
-81.71593475   -42.87174225
-81.71593475   -42.87174225
-81.77629089   -42.95253754
-81.77629089   -42.95253754
-81.83655548   -43.03288651
-81.83655548   -43.03288651
-81.89672852   -43.11334991
-81.89672852   -43.11334991
-81.95584106   -43.18626404
-81.95584106   -43.18626404
-82.01628876   -43.26716995
-82.01628876   -43.26716995
-82.07726288   -43.34873962
-82.07726288   -43.34873962
-82.07726288   -43.34873962
-82.07726288   -43.34873962
-82.20045471   -43.51343536
-82.20045471   -43.51343536
-82.26249695   -43.59633636
-82.26249695   -43.59633636
-82.32489014   -43.67968369
-82.32489014   -43.67968369
-82.38782501   -43.76325226
-82.38782501   -43.76325226
-82.45119476   -43.84726715
-82.45119476   -43.84726715
-82.51492310   -43.93149948
-82.51492310   -43.93149948
-82.57731628   -44.01229477
-82.57731628   -44.01229477
-82.64167023   -44.09763718
-82.64167023   -44.09763718
-82.70601654   -44.18309402
-82.70601654   -44.18309402
-82.77045441   -44.26844025
-82.77045441   -44.26844025
-82.83462524   -44.35378265
-82.83462524   -44.35378265
-82.89870453   -44.43923950
-82.89870453   -44.43923950
-82.96261597   -44.52458191
-82.96261597   -44.52458191
-83.02633667   -44.60970306
-83.02633667   -44.60970306
-83.09006500   -44.69460678
-83.09006500   -44.69460678
-83.15388489   -44.77917099
-83.15388489   -44.77917099
-83.20740509   -44.84298706
-83.20740509   -44.84298706
-83.27033234   -44.92644501
-83.27033234   -44.92644501
-83.33370209   -45.01012421
-83.33370209   -45.01012421
-83.39743042   -45.09436035
-83.39743042   -45.09436035
-83.46169281   -45.17903519
-83.46169281   -45.17903519
-83.52639771   -45.26416016
-83.52639771   -45.26416016
-83.59127808   -45.34972382
-83.59127808   -45.34972382
-83.65642548   -45.43573761
-83.65642548   -45.43573761
-83.72183990   -45.52196884
-83.72183990   -45.52196884
-83.78742981   -45.60853195
-83.78742981   -45.60853195
-83.84077454   -45.68655396
-83.84077454   -45.68655396
-83.90583038   -45.77245331
-83.90583038   -45.77245331
-83.97116089   -45.85857391
-83.97116089   -45.85857391
-84.03657532   -45.94480515
-84.03657532   -45.94480515
-84.10224915   -46.03114700
-84.10224915   -46.03114700
-84.16819763   -46.11793518
-84.16819763   -46.11793518
-84.23432159   -46.20516586
-84.23432159   -46.20516586
-84.30088806   -46.29261780
-84.30088806   -46.29261780
-84.36790466   -46.38040543
-84.36790466   -46.38040543
-84.43508911   -46.46863556
-84.43508911   -46.46863556
-84.50254822   -46.55808640
-84.50254822   -46.55808640
-84.56999969   -46.64664841
-84.56999969   -46.64664841
-84.63772583   -46.73532104
-84.63772583   -46.73532104
-84.70553589   -46.82421875
-84.70553589   -46.82421875
-84.77352142   -46.91333389
-84.77352142   -46.91333389
-84.84186554   -47.00278473
-84.84186554   -47.00278473
-84.91047668   -47.09257126
-84.91047668   -47.09257126
-84.97926331   -47.18257523
-84.97926331   -47.18257523
-85.04830933   -47.27291489
-85.04830933   -47.27291489
-85.11772156   -47.36347580
-85.11772156   -47.36347580
-85.18712616   -47.45414734
-85.18712616   -47.45414734
-85.24961090   -47.53726959
-85.24961090   -47.53726959
-85.31875610   -47.62749863
-85.31875610   -47.62749863
-85.38816071   -47.71783447
-85.38816071   -47.71783447
-85.45757294   -47.80850601
-85.45757294   -47.80850601
-85.52724457   -47.89940262
-85.52724457   -47.89940262
-85.59745026   -47.99062729
-85.59745026   -47.99062729
-85.66792297   -48.08229828
-85.66792297   -48.08229828
-85.73857880   -48.17430115
-85.73857880   -48.17430115
-85.80940247   -48.26663589
-85.80940247   -48.26663589
-85.88023376   -48.35897446
-85.88023376   -48.35897446
-85.94609070   -48.45197296
-85.94609070   -48.45197296
-86.01683044   -48.54431152
-86.01683044   -48.54431152
-86.08801270   -48.63697815
-86.08801270   -48.63697815
-86.15928650   -48.73009109
-86.15928650   -48.73009109
-86.23100281   -48.82365036
-86.23100281   -48.82365036
-86.30307007   -48.91753769
-86.30307007   -48.91753769
-86.37532043   -49.01142883
-86.37532043   -49.01142883
-86.44747925   -49.10554123
-86.44747925   -49.10554123
-86.51990509   -49.19976425
-86.51990509   -49.19976425
-86.58487701   -49.29076767
-86.58487701   -49.29076767
-86.65703583   -49.38443756
-86.65703583   -49.38443756
-86.72919464   -49.47832489
-86.72919464   -49.47832489
-86.80162048   -49.57243729
-86.80162048   -49.57243729
-86.87413025   -49.66677094
-86.87413025   -49.66677094
-86.94691467   -49.76143646
-86.94691467   -49.76143646
-87.01995850   -49.85599518
-87.01995850   -49.85599518
-87.09300995   -49.95077133
-87.09300995   -49.95077133
-87.16587830   -50.04554749
-87.16587830   -50.04554749
-87.23883820   -50.14032745
-87.23883820   -50.14032745
-87.30753326   -50.23377228
-87.30753326   -50.23377228
-87.38022614   -50.32799530
-87.38022614   -50.32799530
-87.45274353   -50.42232895
-87.45274353   -50.42232895
-87.52534485   -50.51677322
-87.52534485   -50.51677322
-87.59812164   -50.61088562
-87.59812164   -50.61088562
-87.67081451   -50.70510864
-87.67081451   -50.70510864
-87.74350739   -50.79955292
-87.74350739   -50.79955292
-87.81620026   -50.89388657
-87.81620026   -50.89388657
-87.88889313   -50.98822021
-87.88889313   -50.98822021
-87.96149445   -51.08255386
-87.96149445   -51.08255386
-88.02815247   -51.16845322
-88.02815247   -51.16845322
-88.10004425   -51.26256561
-88.10004425   -51.26256561
-88.17185211   -51.35667801
-88.17185211   -51.35667801
-88.24347687   -51.45056534
-88.24347687   -51.45056534
-88.31492615   -51.54456711
-88.31492615   -51.54456711
-88.38637543   -51.63845825
-88.38637543   -51.63845825
-88.45773315   -51.73246002
-88.45773315   -51.73246002
-88.52919006   -51.82645798
-88.52919006   -51.82645798
-88.60063934   -51.92034912
-88.60063934   -51.92034912
-88.67199707   -52.01424026
-88.67199707   -52.01424026
-88.74327087   -52.10723877
-88.74327087   -52.10723877
-88.81453705   -52.20112991
-88.81453705   -52.20112991
-88.88581085   -52.29491043
-88.88581085   -52.29491043
-88.95708466   -52.38857651
-88.95708466   -52.38857651
-89.02826691   -52.48257828
-89.02826691   -52.48257828
-89.09954071   -52.57658005
-89.09954071   -52.57658005
-89.17072296   -52.67068863
-89.17072296   -52.67068863
-89.24190521   -52.76480103
-89.24190521   -52.76480103
-89.31300354   -52.85902405
-89.31300354   -52.85902405
-89.38418579   -52.95324707
-89.38418579   -52.95324707
-89.45447540   -53.04092407
-89.45447540   -53.04092407
-89.52477264   -53.13436890
-89.52477264   -53.13436890
-89.59516144   -53.22781372
-89.59516144   -53.22781372
-89.66571808   -53.32125854
-89.66571808   -53.32125854
-89.73610687   -53.41459656
-89.73610687   -53.41459656
-89.80631256   -53.50804138
-89.80631256   -53.50804138
-89.87634277   -53.60137558
-89.87634277   -53.60137558
-89.94637299   -53.69448853
-89.94637299   -53.69448853
-90.01613617   -53.78726959
-90.01613617   -53.78726959
-90.08571625   -53.88005066
-90.08571625   -53.88005066
-90.15734863   -53.96750259
-90.15734863   -53.96750259
-90.22693634   -54.06027985
-90.22693634   -54.06027985
-90.29643250   -54.15306091
-90.29643250   -54.15306091
-90.36610413   -54.24573135
-90.36610413   -54.24573135
-90.43577576   -54.33884430
-90.43577576   -54.33884430
-90.50536346   -54.43206787
-90.50536346   -54.43206787
-90.57485962   -54.52518082
-90.57485962   -54.52518082
-90.64435577   -54.61785126
-90.64435577   -54.61785126
-90.71376801   -54.71029663
-90.71376801   -54.71029663
-90.78299713   -54.80296707
-90.78299713   -54.80296707
-90.85036469   -54.89408112
-90.85036469   -54.89408112
-90.91941833   -54.98652649
-90.91941833   -54.98652649
-90.98828888   -55.07897568
-90.98828888   -55.07897568
-91.05716705   -55.17131042
-91.05716705   -55.17131042
-91.12604523   -55.26342392
-91.12604523   -55.26342392
-91.19474030   -55.35542679
-91.19474030   -55.35542679
-91.26325989   -55.44720840
-91.26325989   -55.44720840
-91.33177948   -55.53865814
-91.33177948   -55.53865814
-91.40029907   -55.63032913
-91.40029907   -55.63032913
-91.46900177   -55.72211075
-91.46900177   -55.72211075
-91.53778839   -55.81411362
-91.53778839   -55.81411362
-91.60542297   -55.90877914
-91.60542297   -55.90877914
-91.67438507   -56.00100327
-91.67438507   -56.00100327
-91.74405670   -56.09378433
-91.74405670   -56.09378433
-91.81444550   -56.18700790
-91.81444550   -56.18700790
-91.88526917   -56.28112030
-91.88526917   -56.28112030
-91.95627594   -56.37545395
-91.95627594   -56.37545395
-92.02719116   -56.46967697
-92.02719116   -56.46967697
-92.09819794   -56.56356430
-92.09819794   -56.56356430
-92.16885376   -56.65690231
-92.16885376   -56.65690231
-92.23133850   -56.74291229
-92.23133850   -56.74291229
-92.30047607   -56.83457947
-92.30047607   -56.83457947
-92.36935425   -56.92591858
-92.36935425   -56.92591858
-92.43804932   -57.01692200
-92.43804932   -57.01692200
-92.50666046   -57.10815048
-92.50666046   -57.10815048
-92.57509613   -57.19926453
-92.57509613   -57.19926453
-92.64352417   -57.29026794
-92.64352417   -57.29026794
-92.71195984   -57.38093948
-92.71195984   -57.38093948
-92.78029633   -57.47116852
-92.78029633   -57.47116852
-92.84846497   -57.56106186
-92.84846497   -57.56106186
-92.92985535   -57.66516113
-92.92985535   -57.66516113
-92.99864197   -57.75561142
-92.99864197   -57.75561142
-93.06787109   -57.84650421
-93.06787109   -57.84650421
-93.13728333   -57.93806458
-93.13728333   -57.93806458
-93.20704651   -58.03017807
-93.20704651   -58.03017807
-93.27689362   -58.12273407
-93.27689362   -58.12273407
-93.34665680   -58.21529388
-93.34665680   -58.21529388
-93.41615295   -58.30740738
-93.41615295   -58.30740738
-93.48520660   -58.39918900
-93.48520660   -58.39918900
-93.55373383   -58.49052429
-93.55373383   -58.49052429
-93.62189484   -58.58119583
-93.62189484   -58.58119583
-93.67443848   -58.65033722
-93.67443848   -58.65033722
-93.74136353   -58.73900986
-93.74136353   -58.73900986
-93.80837250   -58.82746506
-93.80837250   -58.82746506
-93.87520599   -58.91558075
-93.87520599   -58.91558075
-93.94195557   -59.00358963
-93.94195557   -59.00358963
-94.00843048   -59.09148788
-94.00843048   -59.09148788
-94.07464600   -59.17916107
-94.07464600   -59.17916107
-94.14086151   -59.26661301
-94.14086151   -59.26661301
-94.20689392   -59.35384369
-94.20689392   -59.35384369
-94.28331757   -59.45949936
-94.28331757   -59.45949936
-94.34961700   -59.54717255
-94.34961700   -59.54717255
-94.41564941   -59.63462830
-94.41564941   -59.63462830
-94.48159790   -59.72185898
-94.48159790   -59.72185898
-94.54737091   -59.80897903
-94.54737091   -59.80897903
-94.54737091   -59.80897903
-94.54737091   -59.80897903
-94.67801666   -59.98321915
-94.67801666   -59.98321915
-94.74298859   -60.07011414
-94.74298859   -60.07011414
-94.80769348   -60.15668106
-94.80769348   -60.15668106
-94.87230682   -60.24302292
-94.87230682   -60.24302292
-94.93594360   -60.33214188
-94.93594360   -60.33214188
-95.00083160   -60.41859436
-95.00083160   -60.41859436
-95.06562042   -60.50471497
-95.06562042   -60.50471497
-95.13023376   -60.59083939
-95.13023376   -60.59083939
-95.19476318   -60.67695999
-95.19476318   -60.67695999
-95.25920105   -60.76274872
-95.25920105   -60.76274872
-95.32346344   -60.84820175
-95.32346344   -60.84820175
-95.38700867   -60.93265915
-95.38700867   -60.93265915
-95.44949341   -61.01611710
-95.44949341   -61.01611710
-95.51082611   -61.09835434
-95.51082611   -61.09835434
-95.56568146   -61.17493057
-95.56568146   -61.17493057
-95.62612152   -61.25583649
-95.62612152   -61.25583649
-95.68647766   -61.33707428
-95.68647766   -61.33707428
-95.74700928   -61.41864395
-95.74700928   -61.41864395
-95.80807495   -61.50077057
-95.80807495   -61.50077057
-95.86958313   -61.58322906
-95.86958313   -61.58322906
-95.93162537   -61.66601944
-95.93162537   -61.66601944
-95.99375916   -61.74903488
-95.99375916   -61.74903488
-96.05606079   -61.83237839
-96.05606079   -61.83237839
-96.11828613   -61.91572571
-96.11828613   -61.91572571
-96.18041229   -61.99885178
-96.18041229   -61.99885178
-96.25505829   -62.10239792
-96.25505829   -62.10239792
-96.31834412   -62.18718719
-96.31834412   -62.18718719
-96.38180542   -62.27219772
-96.38180542   -62.27219772
-96.44561768   -62.35776138
-96.44561768   -62.35776138
-96.50970459   -62.44399643
-96.50970459   -62.44399643
-96.57369995   -62.53011703
-96.57369995   -62.53011703
-96.63733673   -62.61579514
-96.63733673   -62.61579514
-96.70043945   -62.70102692
-96.70043945   -62.70102692
-96.76319122   -62.78559494
-96.76319122   -62.78559494
-96.80757141   -62.84008408
-96.80757141   -62.84008408
-96.86943817   -62.92321014
-96.86943817   -62.92321014
-96.93192291   -63.00688934
-96.93192291   -63.00688934
-96.99485016   -63.09112549
-96.99485016   -63.09112549
-97.05831146   -63.17568970
-97.05831146   -63.17568970
-97.12186432   -63.26081467
-97.12186432   -63.26081467
-97.18550110   -63.34604645
-97.18550110   -63.34604645
-97.24887085   -63.43128204
-97.24887085   -63.43128204
-97.31207275   -63.51651382
-97.31207275   -63.51651382
-97.37508392   -63.60174561
-97.37508392   -63.60174561
-97.42949677   -63.67133331
-97.42949677   -63.67133331
-97.49162292   -63.75534439
-97.49162292   -63.75534439
-97.55384827   -63.83957672
-97.55384827   -63.83957672
-97.61641693   -63.92403412
-97.61641693   -63.92403412
-97.67934418   -64.00893402
-97.67934418   -64.00893402
-97.74254608   -64.09416962
-97.74254608   -64.09416962
-97.80600739   -64.17984772
-97.80600739   -64.17984772
-97.86981964   -64.26585388
-97.86981964   -64.26585388
-97.93381500   -64.35197449
-97.93381500   -64.35197449
-97.99816132   -64.43865204
-97.99816132   -64.43865204
-98.07920074   -64.54763794
-98.07920074   -64.54763794
-98.14612579   -64.63752747
-98.14612579   -64.63752747
-98.21375275   -64.72864532
-98.21375275   -64.72864532
-98.28192139   -64.82064819
-98.28192139   -64.82064819
-98.35017395   -64.91309357
-98.35017395   -64.91309357
-98.41860962   -65.00587463
-98.41860962   -65.00587463
-98.48695374   -65.09877014
-98.48695374   -65.09877014
-98.55503082   -65.19154358
-98.55503082   -65.19154358
-98.62319183   -65.28421783
-98.62319183   -65.28421783
-98.69145203   -65.37699890
-98.69145203   -65.37699890
-98.75064850   -65.45479584
-98.75064850   -65.45479584
-98.81899261   -65.54712677
-98.81899261   -65.54712677
-98.88760376   -65.64002228
-98.88760376   -65.64002228
-98.95629883   -65.73335266
-98.95629883   -65.73335266
-99.02535248   -65.82724762
-99.02535248   -65.82724762
-99.09484863   -65.92147064
-99.09484863   -65.92147064
-99.16470337   -66.01613617
-99.16470337   -66.01613617
-99.23464203   -66.11124420
-99.23464203   -66.11124420
-99.30476379   -66.20680237
-99.30476379   -66.20680237
-99.37532806   -66.30268860
-99.37532806   -66.30268860
-99.43567657   -66.38425446
-99.43567657   -66.38425446
-99.50597382   -66.47969818
-99.50597382   -66.47969818
-99.57644653   -66.57558441
-99.57644653   -66.57558441
-99.64727783   -66.67180634
-99.64727783   -66.67180634
-99.71836853   -66.76836395
-99.71836853   -66.76836395
-99.78964233   -66.86513519
-99.78964233   -66.86513519
-99.86100769   -66.96224213
-99.86100769   -66.96224213
-99.93272400   -67.05979919
-99.93272400   -67.05979919
-100.00452423   -67.15768433
-100.00452423   -67.15768433
-100.07641602   -67.25567627
-100.07641602   -67.25567627
-100.15274811   -67.35378265
-100.15274811   -67.35378265
-100.22544098   -67.45278168
-100.22544098   -67.45278168
-100.29849243   -67.55221558
-100.29849243   -67.55221558
-100.37180328   -67.65187836
-100.37180328   -67.65187836
-100.44547272   -67.75186920
-100.44547272   -67.75186920
-100.51931763   -67.85220337
-100.51931763   -67.85220337
-100.59325409   -67.95275116
-100.59325409   -67.95275116
-100.66736603   -68.05362701
-100.66736603   -68.05362701
-100.74192047   -68.15495300
-100.74192047   -68.15495300
-100.81674957   -68.25672150
-100.81674957   -68.25672150
-100.89050293   -68.36293030
-100.89050293   -68.36293030
-100.96603394   -68.46559143
-100.96603394   -68.46559143
-101.04183197   -68.56880188
-101.04183197   -68.56880188
-101.11789703   -68.67234802
-101.11789703   -68.67234802
-101.19432068   -68.77645111
-101.19432068   -68.77645111
-101.27109528   -68.88098907
-101.27109528   -68.88098907
-101.34813690   -68.98597717
-101.34813690   -68.98597717
-101.42553711   -69.09140778
-101.42553711   -69.09140778
-101.50328827   -69.19728851
-101.50328827   -69.19728851
-101.58130646   -69.30338287
-101.58130646   -69.30338287
-101.65852356   -69.40992737
-101.65852356   -69.40992737
-101.73662567   -69.51613617
-101.73662567   -69.51613617
-101.81500244   -69.62267303
-101.81500244   -69.62267303
-101.89373016   -69.72955322
-101.89373016   -69.72955322
-101.97280884   -69.83676147
-101.97280884   -69.83676147
-102.05216217   -69.94441223
-102.05216217   -69.94441223
-102.13186646   -70.05261230
-102.13186646   -70.05261230
-102.21183777   -70.16104126
-102.21183777   -70.16104126
-102.29225159   -70.26980591
-102.29225159   -70.26980591
-102.37293243   -70.37911987
-102.37293243   -70.37911987
-102.45095062   -70.48455048
-102.45095062   -70.48455048
-102.53171539   -70.59420013
-102.53171539   -70.59420013
-102.61275482   -70.70407104
-102.61275482   -70.70407104
-102.69414520   -70.81438446
-102.69414520   -70.81438446
-102.77589417   -70.92503357
-102.77589417   -70.92503357
-102.85790253   -71.03623962
-102.85790253   -71.03623962
-102.94017792   -71.14765930
-102.94017792   -71.14765930
-103.02272797   -71.25952911
-103.02272797   -71.25952911
-103.10562134   -71.37162018
-103.10562134   -71.37162018
-103.18878937   -71.48415375
-103.18878937   -71.48415375
-103.27044678   -71.59324646
-103.27044678   -71.59324646
-103.35388184   -71.70611572
-103.35388184   -71.70611572
-103.43749237   -71.81920624
-103.43749237   -71.81920624
-103.52145386   -71.93263245
-103.52145386   -71.93263245
-103.60577393   -72.04660797
-103.60577393   -72.04660797
-103.69036102   -72.16091919
-103.69036102   -72.16091919
-103.77529907   -72.27567291
-103.77529907   -72.27567291
-103.86050415   -72.39097595
-103.86050415   -72.39097595
-103.94598389   -72.50662231
-103.94598389   -72.50662231
-104.03180695   -72.62281799
-104.03180695   -72.62281799
-104.12012482   -72.74156952
-104.12012482   -72.74156952
-104.20639801   -72.85776520
-104.20639801   -72.85776520
-104.29275513   -72.97429657
-104.29275513   -72.97429657
-104.37947083   -73.09115601
-104.37947083   -73.09115601
-104.46663666   -73.20835114
-104.46663666   -73.20835114
-104.55406189   -73.32588196
-104.55406189   -73.32588196
-104.64157104   -73.44385529
-104.64157104   -73.44385529
-104.72953033   -73.56227112
-104.72953033   -73.56227112
-104.81775665   -73.68102264
-104.81775665   -73.68102264
-104.90615845   -73.80010223
-104.90615845   -73.80010223
-104.99163818   -73.92118073
-104.99163818   -73.92118073
-105.08039093   -74.04059601
-105.08039093   -74.04059601
-105.16950226   -74.16023254
-105.16950226   -74.16023254
-105.25870514   -74.28042603
-105.25870514   -74.28042603
-105.34817505   -74.40084076
-105.34817505   -74.40084076
-105.43782043   -74.52147675
-105.43782043   -74.52147675
-105.52754974   -74.64233398
-105.52754974   -74.64233398
-105.61755371   -74.76352692
-105.61755371   -74.76352692
-105.70755005   -74.88504791
-105.70755005   -74.88504791
-105.79782104   -75.00668335
-105.79782104   -75.00668335
-105.88462830   -75.12676239
-105.88462830   -75.12676239
-105.97506714   -75.24884033
-105.97506714   -75.24884033
-106.06568909   -75.37114716
-106.06568909   -75.37114716
-106.15666962   -75.49366760
-106.15666962   -75.49366760
-106.24773407   -75.61652374
-106.24773407   -75.61652374
-106.33889008   -75.73970795
-106.33889008   -75.73970795
-106.43022156   -75.86279297
-106.43022156   -75.86279297
-106.52181244   -75.98619843
-106.52181244   -75.98619843
-106.61341095   -76.10971832
-106.61341095   -76.10971832
-106.70527649   -76.23346710
-106.70527649   -76.23346710
-106.80016327   -76.36353302
-106.80016327   -76.36353302
-106.89273071   -76.48827362
-106.89273071   -76.48827362
-106.98539734   -76.61334991
-106.98539734   -76.61334991
-107.07823944   -76.73854065
-107.07823944   -76.73854065
-107.17134094   -76.86405945
-107.17134094   -76.86405945
-107.26445007   -76.99002075
-107.26445007   -76.99002075
-107.35791016   -77.11609650
-107.35791016   -77.11609650
-107.45164490   -77.24261475
-107.45164490   -77.24261475
-107.54554749   -77.36935425
-107.54554749   -77.36935425
-107.63971710   -77.49642181
-107.63971710   -77.49642181
-107.73770905   -77.62904358
-107.73770905   -77.62904358
-107.83241272   -77.75689697
-107.83241272   -77.75689697
-107.92738342   -77.88507843
-107.92738342   -77.88507843
-108.02252960   -78.01348114
-108.02252960   -78.01348114
-108.11812592   -78.14233398
-108.11812592   -78.14233398
-108.21371460   -78.27140045
-108.21371460   -78.27140045
-108.30957031   -78.40081024
-108.30957031   -78.40081024
-108.40570068   -78.53043365
-108.40570068   -78.53043365
-108.50199890   -78.66027832
-108.50199890   -78.66027832
-108.59865570   -78.79057312
-108.59865570   -78.79057312
-108.69487000   -78.91675568
-108.69487000   -78.91675568
-108.79179382   -79.04727173
-108.79179382   -79.04727173
-108.88889313   -79.17800140
-108.88889313   -79.17800140
-108.98625946   -79.30895996
-108.98625946   -79.30895996
-109.08389282   -79.44003296
-109.08389282   -79.44003296
-109.18161774   -79.57154083
-109.18161774   -79.57154083
-109.27969360   -79.70338440
-109.27969360   -79.70338440
-109.37812805   -79.83545685
-109.37812805   -79.83545685
-109.47656250   -79.96796417
-109.47656250   -79.96796417
-109.57525635   -80.10058594
-109.57525635   -80.10058594
-109.67537689   -80.23509216
-109.67537689   -80.23509216
-109.77452087   -80.36816406
-109.77452087   -80.36816406
-109.87384033   -80.50155640
-109.87384033   -80.50155640
-109.97342682   -80.63539886
-109.97342682   -80.63539886
-110.07318878   -80.76957703
-110.07318878   -80.76957703
-110.17321777   -80.90386200
-110.17321777   -80.90386200
-110.27342224   -81.03826141
-110.27342224   -81.03826141
-110.37380981   -81.17299652
-110.37380981   -81.17299652
-110.47446442   -81.30805969
-110.47446442   -81.30805969
-110.57529449   -81.44334412
-110.57529449   -81.44334412
-110.67638397   -81.57895660
-110.67638397   -81.57895660
-110.77765656   -81.71735382
-110.77765656   -81.71735382
-110.87919617   -81.85341644
-110.87919617   -81.85341644
-110.98091125   -81.98958588
-110.98091125   -81.98958588
-111.08271790   -82.12620544
-111.08271790   -82.12620544
-111.18488312   -82.26304626
-111.18488312   -82.26304626
-111.28704071   -82.40021515
-111.28704071   -82.40021515
-111.38964081   -82.53771973
-111.38964081   -82.53771973
-111.49234009   -82.67544556
-111.49234009   -82.67544556
-111.59538269   -82.81340027
-111.59538269   -82.81340027
-111.69931793   -82.95212555
-111.69931793   -82.95212555
-111.80254364   -83.09029388
-111.80254364   -83.09029388
-111.90594482   -83.22869110
-111.90594482   -83.22869110
-112.00935364   -83.36719513
-112.00935364   -83.36719513
-112.11302185   -83.50569153
-112.11302185   -83.50569153
-112.21669006   -83.64442444
-112.21669006   -83.64442444
-112.32053375   -83.78337097
-112.32053375   -83.78337097
-112.42464447   -83.92253876
-112.42464447   -83.92253876
-112.52902985   -84.06204224
-112.52902985   -84.06204224
-112.63349152   -84.20176697
-112.63349152   -84.20176697
-112.74106598   -84.34659576
-112.74106598   -84.34659576
-112.84633636   -84.48709869
-112.84633636   -84.48709869
-112.95169067   -84.62782288
-112.95169067   -84.62782288
-113.05722809   -84.76876831
-113.05722809   -84.76876831
-113.16302490   -84.90993500
-113.16302490   -84.90993500
-113.26891327   -85.05132294
-113.26891327   -85.05132294
-113.37488556   -85.19293213
-113.37488556   -85.19293213
-113.48113251   -85.33465576
-113.48113251   -85.33465576
-113.58755493   -85.47670746
-113.58755493   -85.47670746
-113.69423676   -85.61898804
-113.69423676   -85.61898804
-113.80305481   -85.76171112
-113.80305481   -85.76171112
-113.91001129   -85.90443420
-113.91001129   -85.90443420
-114.01722717   -86.04726410
-114.01722717   -86.04726410
-114.12471771   -86.19020844
-114.12471771   -86.19020844
-114.23237610   -86.33348083
-114.23237610   -86.33348083
-114.34030914   -86.47698212
-114.34030914   -86.47698212
-114.44841766   -86.62081146
-114.44841766   -86.62081146
-114.55670166   -86.76486206
-114.55670166   -86.76486206
-114.66533661   -86.90914154
-114.66533661   -86.90914154
-114.77397919   -87.05363464
-114.77397919   -87.05363464
-114.88678741   -87.19957733
-114.88678741   -87.19957733
-114.99587250   -87.34429169
-114.99587250   -87.34429169
-115.10504913   -87.48934174
-115.10504913   -87.48934174
-115.21448517   -87.63462067
-115.21448517   -87.63462067
-115.32418823   -87.78022766
-115.32418823   -87.78022766
-115.43398285   -87.92594147
-115.43398285   -87.92594147
-115.54395294   -88.07176971
-115.54395294   -88.07176971
-115.65409851   -88.21771240
-115.65409851   -88.21771240
-115.76442719   -88.36398315
-115.76442719   -88.36398315
-115.87475586   -88.51047516
-115.87475586   -88.51047516
-115.98001862   -88.65175629
-115.98001862   -88.65175629
-116.09069824   -88.79858398
-116.09069824   -88.79858398
-116.20146942   -88.94541168
-116.20146942   -88.94541168
-116.31250763   -89.09246063
-116.31250763   -89.09246063
-116.42362976   -89.23973083
-116.42362976   -89.23973083
-116.53502655   -89.38733673
-116.53502655   -89.38733673
-116.64659119   -89.53527069
-116.64659119   -89.53527069
-116.75824738   -89.68343353
-116.75824738   -89.68343353
-116.87008667   -89.83170319
-116.87008667   -89.83170319
-116.98191833   -89.98019409
-116.98191833   -89.98019409
-117.10174561   -90.13212585
-117.10174561   -90.13212585
-117.21401978   -90.28139496
-117.21401978   -90.28139496
-117.32647705   -90.43099213
-117.32647705   -90.43099213
-117.43910980   -90.58081818
-117.43910980   -90.58081818
-117.55183411   -90.73097992
-117.55183411   -90.73097992
-117.66464233   -90.88135529
-117.66464233   -90.88135529
-117.77763367   -91.03195190
-117.77763367   -91.03195190
-117.89080048   -91.18267059
-117.89080048   -91.18267059
-118.00396729   -91.33370972
-118.00396729   -91.33370972
-118.11748505   -91.48509216
-118.11748505   -91.48509216
-118.22346497   -91.63802338
-118.22346497   -91.63802338
-118.33663177   -91.78951263
-118.33663177   -91.78951263
-118.44997406   -91.94110870
-118.44997406   -91.94110870
-118.56340790   -92.09281921
-118.56340790   -92.09281921
-118.67684174   -92.24464417
-118.67684174   -92.24464417
-118.79045105   -92.39679718
-118.79045105   -92.39679718
-118.90406036   -92.54895020
-118.90406036   -92.54895020
-119.01785278   -92.70132446
-119.01785278   -92.70132446
-119.13172913   -92.85369873
-119.13172913   -92.85369873
-119.24568939   -93.00618744
-119.24568939   -93.00618744
-119.36241150   -93.16200256
-119.36241150   -93.16200256
-119.47699738   -93.31538391
-119.47699738   -93.31538391
-119.59175873   -93.46897888
-119.59175873   -93.46897888
-119.70661163   -93.62257385
-119.70661163   -93.62257385
-119.82146454   -93.77639771
-119.82146454   -93.77639771
-119.93640900   -93.93032074
-119.93640900   -93.93032074
-120.05126190   -94.08425140
-120.05126190   -94.08425140
-120.16619873   -94.23829651
-120.16619873   -94.23829651
-120.28123474   -94.39233398
-120.28123474   -94.39233398
-120.39643860   -94.54660034
-120.39643860   -94.54660034
-120.50730133   -94.70075226
-120.50730133   -94.70075226
-120.62250519   -94.85523987
-120.62250519   -94.85523987
-120.73789215   -95.00983429
-120.73789215   -95.00983429
-120.85336304   -95.16453552
-120.85336304   -95.16453552
-120.96892548   -95.31935883
-120.96892548   -95.31935883
-121.08448792   -95.47417450
-121.08448792   -95.47417450
-121.20014191   -95.62899017
-121.20014191   -95.62899017
-121.31597137   -95.78403473
-121.31597137   -95.78403473
-121.43180084   -95.93918610
-121.43180084   -95.93918610
-121.54780579   -96.09433746
-121.54780579   -96.09433746
-121.66372681   -96.24205017
-121.66372681   -96.24205017
-121.77990723   -96.39708710
-121.77990723   -96.39708710
-121.89609528   -96.55223846
-121.89609528   -96.55223846
-122.01236725   -96.70750427
-122.01236725   -96.70750427
-122.12863922   -96.86287689
-122.12863922   -96.86287689
-122.24517822   -97.01847076
-122.24517822   -97.01847076
-122.36180878   -97.17417145
-122.36180878   -97.17417145
-122.47852325   -97.32987976
-122.47852325   -97.32987976
-122.59524536   -97.48569489
-122.59524536   -97.48569489
-122.71195984   -97.64151001
-122.71195984   -97.64151001
-122.82884979   -97.79743958
-122.82884979   -97.79743958
-122.94210815   -97.95736694
-122.94210815   -97.95736694
-123.05891418   -98.11340332
-123.05891418   -98.11340332
-123.17572021   -98.26943970
-123.17572021   -98.26943970
-123.29261780   -98.42559052
-123.29261780   -98.42559052
-123.40942383   -98.58162689
-123.40942383   -98.58162689
-123.52640533   -98.73777771
-123.52640533   -98.73777771
-123.64356232   -98.89404297
-123.64356232   -98.89404297
-123.76099396   -99.05041504
-123.76099396   -99.05041504
-123.87841797   -99.20700836
-123.87841797   -99.20700836
-123.99859619   -99.36082458
-123.99859619   -99.36082458
-124.11611176   -99.51752472
-124.11611176   -99.51752472
-124.23362732   -99.67434692
-124.23362732   -99.67434692
-124.35131836   -99.83104706
-124.35131836   -99.83104706
-124.46892548   -99.98786163
-124.46892548   -99.98786163
-124.46892548   -99.98786163
-124.46892548   -99.98786163
-124.70439911   -100.30160522
-124.70439911   -100.30160522
-124.82235718   -100.45853424
-124.82235718   -100.45853424
-124.94058990   -100.61567688
-124.94058990   -100.61567688
-125.05889893   -100.77272034
-125.05889893   -100.77272034
-125.17269135   -100.93053436
-125.17269135   -100.93053436
-125.29064941   -101.08734894
-125.29064941   -101.08734894
-125.40843201   -101.24416351
-125.40843201   -101.24416351
-125.52648163   -101.40097809
-125.52648163   -101.40097809
-125.64452362   -101.55768585
-125.64452362   -101.55768585
-125.76266479   -101.71438599
-125.76266479   -101.71438599
-125.88088989   -101.87109375
-125.88088989   -101.87109375
-125.99911499   -102.02779388
-125.99911499   -102.02779388
-126.11716461   -102.18438721
-126.11716461   -102.18438721
-126.23529816   -102.34109497
-126.23529816   -102.34109497
-126.34855652   -102.49147034
-126.34855652   -102.49147034
-126.46669769   -102.64795685
-126.46669769   -102.64795685
-126.58492279   -102.80477142
-126.58492279   -102.80477142
-126.70305634   -102.96147156
-126.70305634   -102.96147156
-126.82119751   -103.11807251
-126.82119751   -103.11807251
-126.93933105   -103.27466583
-126.93933105   -103.27466583
-127.05755615   -103.43125916
-127.05755615   -103.43125916
-127.17587280   -103.58785248
-127.17587280   -103.58785248
-127.29418945   -103.74444580
-127.29418945   -103.74444580
-127.41268158   -103.90103912
-127.41268158   -103.90103912
-127.52788544   -104.05352020
-127.52788544   -104.05352020
-127.64593506   -104.20978546
-127.64593506   -104.20978546
-127.76398468   -104.36593628
-127.76398468   -104.36593628
-127.88211823   -104.52207947
-127.88211823   -104.52207947
-128.00016785   -104.67834473
-128.00016785   -104.67834473
-128.11830139   -104.83438110
-128.11830139   -104.83438110
-128.23635864   -104.99031067
-128.23635864   -104.99031067
-128.35440063   -105.14624023
-128.35440063   -105.14624023
-128.47236633   -105.30205536
-128.47236633   -105.30205536
-128.59031677   -105.45787048
-128.59031677   -105.45787048
-128.70526123   -105.61357880
-128.70526123   -105.61357880
-128.82313538   -105.76905823
-128.82313538   -105.76905823
-128.94082642   -105.92432404
-128.94082642   -105.92432404
-129.05834961   -106.07958221
-129.05834961   -106.07958221
-129.17585754   -106.23439789
-129.17585754   -106.23439789
-129.29338074   -106.38910675
-129.29338074   -106.38910675
-129.41062927   -106.54359436
-129.41062927   -106.54359436
-129.52796936   -106.69774628
-129.52796936   -106.69774628
-129.64530945   -106.85200500
-129.64530945   -106.85200500
-129.76272583   -107.00605011
-129.76272583   -107.00605011
-129.88504028   -107.16463470
-129.88504028   -107.16463470
-130.00282288   -107.31923676
-130.00282288   -107.31923676
-130.12033081   -107.47349548
-130.12033081   -107.47349548
-130.23759460   -107.62764740
-130.23759460   -107.62764740
-130.35447693   -107.78135681
-130.35447693   -107.78135681
-130.47102356   -107.93473053
-130.47102356   -107.93473053
-130.58694458   -108.08777618
-130.58694458   -108.08777618
-130.70249939   -108.24025726
-130.70249939   -108.24025726
-130.81771851   -108.39241791
-130.81771851   -108.39241791
-130.93273926   -108.54423523
-130.93273926   -108.54423523
-131.04475403   -108.68806458
-131.04475403   -108.68806458
-131.15960693   -108.83955383
-131.15960693   -108.83955383
-131.27464294   -108.99126434
-131.27464294   -108.99126434
-131.38984680   -109.14308929
-131.38984680   -109.14308929
-131.50505066   -109.29524231
-131.50505066   -109.29524231
-131.62034607   -109.44739532
-131.62034607   -109.44739532
-131.73529053   -109.59966278
-131.73529053   -109.59966278
-131.85014343   -109.75159454
-131.85014343   -109.75159454
-131.96482849   -109.90330505
-131.96482849   -109.90330505
-132.07931519   -110.05467987
-132.07931519   -110.05467987
-132.19346619   -110.20206451
-132.19346619   -110.20206451
-132.30743408   -110.35255432
-132.30743408   -110.35255432
-132.42121887   -110.50270844
-132.42121887   -110.50270844
-132.53500366   -110.65264130
-132.53500366   -110.65264130
-132.64878845   -110.80257416
-132.64878845   -110.80257416
-132.76240540   -110.95251465
-132.76240540   -110.95251465
-132.87593079   -111.10233307
-132.87593079   -111.10233307
-132.98936462   -111.25204468
-132.98936462   -111.25204468
-133.10270691   -111.40153503
-133.10270691   -111.40153503
-133.21595764   -111.55091858
-133.21595764   -111.55091858
-133.32434082   -111.69952393
-133.32434082   -111.69952393
-133.43724060   -111.84823608
-133.43724060   -111.84823608
-133.54995728   -111.99661255
-133.54995728   -111.99661255
-133.66250610   -112.14488220
-133.66250610   -112.14488220
-133.77478027   -112.29282379
-133.77478027   -112.29282379
-133.88697815   -112.44042206
-133.88697815   -112.44042206
-133.99899292   -112.58769989
-133.99899292   -112.58769989
-134.11082458   -112.73485565
-134.11082458   -112.73485565
-134.22239685   -112.88179779
-134.22239685   -112.88179779
-134.33378601   -113.02861786
-134.33378601   -113.02861786
-134.44073486   -113.17211914
-134.44073486   -113.17211914
-134.55195618   -113.31861115
-134.55195618   -113.31861115
-134.66299438   -113.46477509
-134.66299438   -113.46477509
-134.77375793   -113.61082458
-134.77375793   -113.61082458
-134.88435364   -113.75653839
-134.88435364   -113.75653839
-134.99476624   -113.90203857
-134.99476624   -113.90203857
-135.10517883   -114.04730988
-135.10517883   -114.04730988
-135.21551514   -114.19235992
-135.21551514   -114.19235992
-135.32565308   -114.33740997
-135.32565308   -114.33740997
-135.43571472   -114.48213196
-135.43571472   -114.48213196
-135.54914856   -114.62696075
-135.54914856   -114.62696075
-135.65930176   -114.77178955
-135.65930176   -114.77178955
-135.76927185   -114.91661835
-135.76927185   -114.91661835
-135.87915039   -115.06122589
-135.87915039   -115.06122589
-135.98886108   -115.20550537
-135.98886108   -115.20550537
-136.09866333   -115.34966278
-136.09866333   -115.34966278
-136.20835876   -115.49360657
-136.20835876   -115.49360657
-136.31788635   -115.63755035
-136.31788635   -115.63755035
-136.42715454   -115.78104401
-136.42715454   -115.78104401
-136.53659058   -115.92476654
-136.53659058   -115.92476654
-136.63618469   -116.06005096
-136.63618469   -116.06005096
-136.74436951   -116.20232391
-136.74436951   -116.20232391
-136.85231018   -116.34426880
-136.85231018   -116.34426880
-136.96014404   -116.48599243
-136.96014404   -116.48599243
-137.06771851   -116.62749481
-137.06771851   -116.62749481
-137.17503357   -116.76898956
-137.17503357   -116.76898956
-137.28225708   -116.91038513
-137.28225708   -116.91038513
-137.38920593   -117.05121613
-137.38920593   -117.05121613
-137.49580383   -117.19171906
-137.49580383   -117.19171906
-137.60205078   -117.33188629
-137.60205078   -117.33188629
-137.70979309   -117.47560883
-137.70979309   -117.47560883
-137.81640625   -117.61654663
-137.81640625   -117.61654663
-137.92300415   -117.75738525
-137.92300415   -117.75738525
-138.02960205   -117.89810944
-138.02960205   -117.89810944
-138.13601685   -118.03860474
-138.13601685   -118.03860474
-138.24226379   -118.17866516
-138.24226379   -118.17866516
-138.34823608   -118.31850433
-138.34823608   -118.31850433
-138.45385742   -118.45800018
-138.45385742   -118.45800018
-138.55940247   -118.59739685
-138.55940247   -118.59739685
-138.66484070   -118.73645020
-138.66484070   -118.73645020
-138.76194763   -118.86785126
-138.76194763   -118.86785126
-138.86668396   -119.00646973
-138.86668396   -119.00646973
-138.97142029   -119.14497375
-138.97142029   -119.14497375
-139.07588196   -119.28336334
-139.07588196   -119.28336334
-139.18017578   -119.42153168
-139.18017578   -119.42153168
-139.28446960   -119.55970764
-139.28446960   -119.55970764
-139.38858032   -119.69743347
-139.38858032   -119.69743347
-139.49250793   -119.83504486
-139.49250793   -119.83504486
-139.59635925   -119.97254944
-139.59635925   -119.97254944
-139.70021057   -120.10983276
-139.70021057   -120.10983276
-139.80369568   -120.24977875
-139.80369568   -120.24977875
-139.90754700   -120.38728333
-139.90754700   -120.38728333
-140.01121521   -120.52445984
-140.01121521   -120.52445984
-140.11488342   -120.66151428
-140.11488342   -120.66151428
-140.21829224   -120.79857635
-140.21829224   -120.79857635
-140.32160950   -120.93541718
-140.32160950   -120.93541718
-140.42483521   -121.07203674
-140.42483521   -121.07203674
-140.52796936   -121.20864868
-140.52796936   -121.20864868
-140.63102722   -121.34504700
-140.63102722   -121.34504700
-140.73388672   -121.48121643
-140.73388672   -121.48121643
-140.83605957   -121.60951233
-140.83605957   -121.60951233
-140.93856812   -121.74513245
-140.93856812   -121.74513245
-141.04100037   -121.88063812
-141.04100037   -121.88063812
-141.14324951   -122.01592255
-141.14324951   -122.01592255
-141.24549866   -122.15109253
-141.24549866   -122.15109253
-141.34765625   -122.28604889
-141.34765625   -122.28604889
-141.44972229   -122.42099762
-141.44972229   -122.42099762
-141.55180359   -122.55573273
-141.55180359   -122.55573273
-141.65361023   -122.69034576
-141.65361023   -122.69034576
-141.75550842   -122.82496643
-141.75550842   -122.82496643
-141.85340881   -122.95458984
-141.85340881   -122.95458984
-141.95458984   -123.08810425
-141.95458984   -123.08810425
-142.05551147   -123.22138977
-142.05551147   -123.22138977
-142.15641785   -123.35434723
-142.15641785   -123.35434723
-142.25724792   -123.48696899
-142.25724792   -123.48696899
-142.35781860   -123.61947632
-142.35781860   -123.61947632
-142.45820618   -123.75187683
-142.45820618   -123.75187683
-142.55850220   -123.88394165
-142.55850220   -123.88394165
-142.65853882   -124.01578522
-142.65853882   -124.01578522
-142.75830078   -124.14752197
-142.75830078   -124.14752197
-142.85211182   -124.27448273
-142.85211182   -124.27448273
-142.95143127   -124.40532684
-142.95143127   -124.40532684
-143.05049133   -124.53594971
-143.05049133   -124.53594971
-143.14955139   -124.66624451
-143.14955139   -124.66624451
-143.24850464   -124.79631042
-143.24850464   -124.79631042
-143.34712219   -124.92615509
-143.34712219   -124.92615509
-143.44555664   -125.05567169
-143.44555664   -125.05567169
-143.54371643   -125.18485260
-143.54371643   -125.18485260
-143.64189148   -125.31370544
-143.64189148   -125.31370544
-143.73997498   -125.44221497
-143.73997498   -125.44221497
-143.83627319   -125.56784821
-143.83627319   -125.56784821
-143.93399048   -125.69647217
-143.93399048   -125.69647217
-144.03144836   -125.82509613
-144.03144836   -125.82509613
-144.12864685   -125.95350647
-144.12864685   -125.95350647
-144.22547913   -126.08168793
-144.22547913   -126.08168793
-144.32196045   -126.20953369
-144.32196045   -126.20953369
-144.41790771   -126.33716583
-144.41790771   -126.33716583
-144.51332092   -126.46456909
-144.51332092   -126.46456909
-144.60847473   -126.59152985
-144.60847473   -126.59152985
-144.70326233   -126.71815491
-144.70326233   -126.71815491
-144.79202271   -126.83512878
-144.79202271   -126.83512878
-144.88504028   -126.96064758
-144.88504028   -126.96064758
-144.97752380   -127.08583832
-144.97752380   -127.08583832
-145.06958008   -127.21068573
-145.06958008   -127.21068573
-145.16117859   -127.33520508
-145.16117859   -127.33520508
-145.16117859   -127.33520508
-145.16117859   -127.33520508
-145.34223938   -127.58380127
-145.34223938   -127.58380127
-145.43162537   -127.70765686
-145.43162537   -127.70765686
-145.52011108   -127.83117676
-145.52011108   -127.83117676
-145.60780334   -127.95403290
-145.60780334   -127.95403290
-145.69407654   -128.07234192
-145.69407654   -128.07234192
-145.77973938   -128.19419861
-145.77973938   -128.19419861
-145.86450195   -128.31561279
-145.86450195   -128.31561279
-145.94837952   -128.43669128
-145.94837952   -128.43669128
-146.03153992   -128.55732727
-146.03153992   -128.55732727
-146.11381531   -128.67739868
-146.11381531   -128.67739868
-146.19520569   -128.79737854
-146.19520569   -128.79737854
-146.27598572   -128.91690063
-146.27598572   -128.91690063
-146.35577393   -129.03608704
-146.35577393   -129.03608704
-146.43486023   -129.15505981
-146.43486023   -129.15505981
-146.50143433   -129.26026917
-146.50143433   -129.26026917
-146.57794189   -129.37724304
-146.57794189   -129.37724304
-146.65330505   -129.49377441
-146.65330505   -129.49377441
-146.72767639   -129.60975647
-146.72767639   -129.60975647
-146.80099487   -129.72517395
-146.80099487   -129.72517395
-146.87342834   -129.84048462
-146.87342834   -129.84048462
-146.94487000   -129.95545959
-146.94487000   -129.95545959
-147.01551819   -130.07020569
-147.01551819   -130.07020569
-147.08520508   -130.18473816
-147.08520508   -130.18473816
-147.15415955   -130.29916382
-147.15415955   -130.29916382
-147.21984863   -130.41081238
-147.21984863   -130.41081238
-147.28677368   -130.52500916
-147.28677368   -130.52500916
-147.35290527   -130.63920593
-147.35290527   -130.63920593
-147.41822815   -130.75340271
-147.41822815   -130.75340271
-147.48257446   -130.86772156
-147.48257446   -130.86772156
-147.54603577   -130.98225403
-147.54603577   -130.98225403
-147.60870361   -131.09678650
-147.60870361   -131.09678650
-147.67056274   -131.21142578
-147.67056274   -131.21142578
-147.73146057   -131.32595825
-147.73146057   -131.32595825
-147.79145813   -131.44015503
-147.79145813   -131.44015503
-147.84613037   -131.54058838
-147.84613037   -131.54058838
-147.90409851   -131.65412903
-147.90409851   -131.65412903
-147.96107483   -131.76765442
-147.96107483   -131.76765442
-148.01699829   -131.88140869
-148.01699829   -131.88140869
-148.07176208   -131.99516296
-148.07176208   -131.99516296
-148.12564087   -132.10903931
-148.12564087   -132.10903931
-148.17863464   -132.22300720
-148.17863464   -132.22300720
-148.23046875   -132.33709717
-148.23046875   -132.33709717
-148.28123474   -132.45141602
-148.28123474   -132.45141602
-148.33102417   -132.56582642
-148.33102417   -132.56582642
-148.37657166   -132.67425537
-148.37657166   -132.67425537
-148.42396545   -132.78878784
-148.42396545   -132.78878784
-148.47012329   -132.90344238
-148.47012329   -132.90344238
-148.51493835   -133.01829529
-148.51493835   -133.01829529
-148.55860901   -133.13316345
-148.55860901   -133.13316345
-148.60104370   -133.24792480
-148.60104370   -133.24792480
-148.64241028   -133.36267090
-148.64241028   -133.36267090
-148.68261719   -133.47720337
-148.68261719   -133.47720337
-148.72149658   -133.59173584
-148.72149658   -133.59173584
-148.75938416   -133.70626831
-148.75938416   -133.70626831
-148.79028320   -133.81269836
-148.79028320   -133.81269836
-148.82586670   -133.92701721
-148.82586670   -133.92701721
-148.86022949   -134.04132080
-148.86022949   -134.04132080
-148.89350891   -134.15563965
-148.89350891   -134.15563965
-148.92564392   -134.26994324
-148.92564392   -134.26994324
-148.95643616   -134.38426208
-148.95643616   -134.38426208
-148.98573303   -134.49835205
-148.98573303   -134.49835205
-149.01396179   -134.61244202
-149.01396179   -134.61244202
-149.04103088   -134.72651672
-149.04103088   -134.72651672
-149.06713867   -134.84049988
-149.06713867   -134.84049988
-149.09039307   -134.94903564
-149.09039307   -134.94903564
-149.11364746   -135.06257629
-149.11364746   -135.06257629
-149.13583374   -135.17610168
-149.13583374   -135.17610168
-149.15669250   -135.28930664
-149.15669250   -135.28930664
-149.17604065   -135.40240479
-149.17604065   -135.40240479
-149.19389343   -135.51527405
-149.19389343   -135.51527405
-149.21031189   -135.62802124
-149.21031189   -135.62802124
-149.22566223   -135.74055481
-149.22566223   -135.74055481
-149.23968506   -135.85276794
-149.23968506   -135.85276794
-149.25256348   -135.96463013
-149.25256348   -135.96463013
-149.26623535   -136.07705688
-149.26623535   -136.07705688
-149.27679443   -136.18870544
-149.27679443   -136.18870544
-149.28630066   -136.30012512
-149.28630066   -136.30012512
-149.29473877   -136.41156006
-149.29473877   -136.41156006
-149.30218506   -136.52276611
-149.30218506   -136.52276611
-149.30867004   -136.63374329
-149.30867004   -136.63374329
-149.31390381   -136.74438477
-149.31390381   -136.74438477
-149.31808472   -136.85470581
-149.31808472   -136.85470581
-149.32110596   -136.96479797
-149.32110596   -136.96479797
-149.32287598   -137.07455444
-149.32287598   -137.07455444
-149.32394409   -137.18066406
-149.32394409   -137.18066406
-149.32359314   -137.28997803
-149.32359314   -137.28997803
-149.32208252   -137.39895630
-149.32208252   -137.39895630
-149.31933594   -137.50772095
-149.31933594   -137.50772095
-149.31533813   -137.61592102
-149.31533813   -137.61592102
-149.31019592   -137.72390747
-149.31019592   -137.72390747
-149.30389404   -137.83157349
-149.30389404   -137.83157349
-149.29635620   -137.93878174
-149.29635620   -137.93878174
-149.28756714   -138.04553223
-149.28756714   -138.04553223
-149.27763367   -138.15208435
-149.27763367   -138.15208435
-149.26760864   -138.25196838
-149.26760864   -138.25196838
-149.25563049   -138.35762024
-149.25563049   -138.35762024
-149.24266052   -138.46282959
-149.24266052   -138.46282959
-149.22865295   -138.56770325
-149.22865295   -138.56770325
-149.21347046   -138.67225647
-149.21347046   -138.67225647
-149.19714355   -138.77635193
-149.19714355   -138.77635193
-149.17965698   -138.87989807
-149.17965698   -138.87989807
-149.16119385   -138.98310852
-149.16119385   -138.98310852
-149.14167786   -139.08566284
-149.14167786   -139.08566284
-149.12107849   -139.18788147
-149.12107849   -139.18788147
-149.12107849   -139.18788147
-149.12107849   -139.18788147
-149.07556152   -139.38531494
-149.07556152   -139.38531494
-149.05194092   -139.48564148
-149.05194092   -139.48564148
-149.02735901   -139.58552551
-149.02735901   -139.58552551
-149.00189209   -139.68486023
-149.00189209   -139.68486023
-148.97554016   -139.78373718
-148.97554016   -139.78373718
-148.94801331   -139.88195801
-148.94801331   -139.88195801
-148.91961670   -139.97984314
-148.91961670   -139.97984314
-148.89015198   -140.07728577
-148.89015198   -140.07728577
-148.85961914   -140.17417908
-148.85961914   -140.17417908
-148.82624817   -140.27050781
-148.82624817   -140.27050781
-148.79385376   -140.36662292
-148.79385376   -140.36662292
-148.76066589   -140.46217346
-148.76066589   -140.46217346
-148.72657776   -140.55717468
-148.72657776   -140.55717468
-148.69152832   -140.65173340
-148.69152832   -140.65173340
-148.65567017   -140.74574280
-148.65567017   -140.74574280
-148.61918640   -140.83940125
-148.61918640   -140.83940125
-148.58200073   -140.93273926
-148.58200073   -140.93273926
-148.54383850   -141.02552795
-148.54383850   -141.02552795
-148.50479126   -141.11785889
-148.50479126   -141.11785889
-148.46388245   -141.20608521
-148.46388245   -141.20608521
-148.42367554   -141.29698181
-148.42367554   -141.29698181
-148.38258362   -141.38732910
-148.38258362   -141.38732910
-148.34042358   -141.47700500
-148.34042358   -141.47700500
-148.29737854   -141.56590271
-148.29737854   -141.56590271
-148.25379944   -141.65423584
-148.25379944   -141.65423584
-148.20968628   -141.74191284
-148.20968628   -141.74191284
-148.16487122   -141.82893372
-148.16487122   -141.82893372
-148.11941528   -141.91549683
-148.11941528   -141.91549683
-148.07308960   -142.00172424
-148.07308960   -142.00172424
-148.02578735   -142.09162903
-148.02578735   -142.09162903
-147.97821045   -142.17718506
-147.97821045   -142.17718506
-147.93020630   -142.26220703
-147.93020630   -142.26220703
-147.88137817   -142.34632874
-147.88137817   -142.34632874
-147.83168030   -142.42956543
-147.83168030   -142.42956543
-147.78153992   -142.51246643
-147.78153992   -142.51246643
-147.73121643   -142.59481812
-147.73121643   -142.59481812
-147.68017578   -142.67662048
-147.68017578   -142.67662048
-147.62861633   -142.75773621
-147.62861633   -142.75773621
-147.57650757   -142.83842468
-147.57650757   -142.83842468
-147.51269531   -142.92521667
-147.51269531   -142.92521667
-147.45874023   -143.00590515
-147.45874023   -143.00590515
-147.40414429   -143.08592224
-147.40414429   -143.08592224
-147.34849548   -143.16549683
-147.34849548   -143.16549683
-147.29214478   -143.24450684
-147.29214478   -143.24450684
-147.23524475   -143.32308960
-147.23524475   -143.32308960
-147.17764282   -143.40121460
-147.17764282   -143.40121460
-147.11943054   -143.47901917
-147.11943054   -143.47901917
-147.06076050   -143.55638123
-147.06076050   -143.55638123
-147.00138855   -143.63328552
-147.00138855   -143.63328552
-146.93951416   -143.71041870
-146.93951416   -143.71041870
-146.87846375   -143.78721619
-146.87846375   -143.78721619
-146.81658936   -143.86369324
-146.81658936   -143.86369324
-146.75402832   -143.93994141
-146.75402832   -143.93994141
-146.69065857   -144.01596069
-146.69065857   -144.01596069
-146.62638855   -144.09208679
-146.62638855   -144.09208679
-146.56134033   -144.16812134
-146.56134033   -144.16812134
-146.49557495   -144.24403381
-146.49557495   -144.24403381
-146.42890930   -144.31982422
-146.42890930   -144.31982422
-146.36154175   -144.39552307
-146.36154175   -144.39552307
-146.28912354   -144.47499084
-146.28912354   -144.47499084
-146.22024536   -144.55090332
-146.22024536   -144.55090332
-146.15066528   -144.62681580
-146.15066528   -144.62681580
-146.08027649   -144.70249939
-146.08027649   -144.70249939
-146.00892639   -144.77830505
-146.00892639   -144.77830505
-145.93658447   -144.85398865
-145.93658447   -144.85398865
-145.86328125   -144.92968750
-145.86328125   -144.92968750
-145.78889465   -145.00537109
-145.78889465   -145.00537109
-145.71363831   -145.08084106
-145.71363831   -145.08084106
-145.63757324   -145.15631104
-145.63757324   -145.15631104
-145.55404663   -145.23500061
-145.55404663   -145.23500061
-145.47621155   -145.30992126
-145.47621155   -145.30992126
-145.39784241   -145.38505554
-145.39784241   -145.38505554
-145.31884766   -145.46018982
-145.31884766   -145.46018982
-145.23915100   -145.53532410
-145.23915100   -145.53532410
-145.15864563   -145.61035156
-145.15864563   -145.61035156
-145.07734680   -145.68548584
-145.07734680   -145.68548584
-144.99525452   -145.76039124
-144.99525452   -145.76039124
-144.91217041   -145.83541870
-144.91217041   -145.83541870
-144.82829285   -145.91044617
-144.82829285   -145.91044617
-144.72508240   -145.99835205
-144.72508240   -145.99835205
-144.63871765   -146.07437134
-144.63871765   -146.07437134
-144.55174255   -146.15028381
-144.55174255   -146.15028381
-144.46421814   -146.22630310
-144.46421814   -146.22630310
-144.37582397   -146.30244446
-144.37582397   -146.30244446
-144.28671265   -146.37869263
-144.28671265   -146.37869263
-144.19689941   -146.45515442
-144.19689941   -146.45515442
-144.10662842   -146.53207397
-144.10662842   -146.53207397
-144.01574707   -146.60920715
-144.01574707   -146.60920715
-143.92449951   -146.68667603
-143.92449951   -146.68667603
-143.82350159   -146.77745056
-143.82350159   -146.77745056
-143.73118591   -146.85548401
-143.73118591   -146.85548401
-143.63844299   -146.93371582
-143.63844299   -146.93371582
-143.54489136   -147.01185608
-143.54489136   -147.01185608
-143.45045471   -147.09010315
-143.45045471   -147.09010315
-143.35522461   -147.16822815
-143.35522461   -147.16822815
-143.25909424   -147.24647522
-143.25909424   -147.24647522
-143.16235352   -147.32505798
-143.16235352   -147.32505798
-143.06481934   -147.40362549
-143.06481934   -147.40362549
-142.96682739   -147.48231506
-142.96682739   -147.48231506
-142.85285950   -147.56321716
-142.85285950   -147.56321716
-142.75363159   -147.64257812
-142.75363159   -147.64257812
-142.65423584   -147.72225952
-142.65423584   -147.72225952
-142.55438232   -147.80227661
-142.55438232   -147.80227661
-142.45417786   -147.88285828
-142.45417786   -147.88285828
-142.35362244   -147.96398926
-142.35362244   -147.96398926
-142.25260925   -148.04545593
-142.25260925   -148.04545593
-142.15107727   -148.12713623
-142.15107727   -148.12713623
-142.04901123   -148.20915222
-142.04901123   -148.20915222
-141.94648743   -148.29171753
-141.94648743   -148.29171753
-141.81726074   -148.37585449
-141.81726074   -148.37585449
-141.71333313   -148.45942688
-141.71333313   -148.45942688
-141.60894775   -148.54321289
-141.60894775   -148.54321289
-141.50413513   -148.62756348
-141.50413513   -148.62756348
-141.39886475   -148.71235657
-141.39886475   -148.71235657
-141.29307556   -148.79725647
-141.29307556   -148.79725647
-141.18692017   -148.88249207
-141.18692017   -148.88249207
-141.08041382   -148.96783447
-141.08041382   -148.96783447
-140.97355652   -149.05351257
-140.97355652   -149.05351257
-140.86607361   -149.13952637
-140.86607361   -149.13952637
-140.74047852   -149.22564697
-140.74047852   -149.22564697
-140.63175964   -149.31233215
-140.63175964   -149.31233215
-140.52285767   -149.39912415
-140.52285767   -149.39912415
-140.41358948   -149.48623657
-140.41358948   -149.48623657
-140.30389404   -149.57369995
-140.30389404   -149.57369995
-140.19383240   -149.66127014
-140.19383240   -149.66127014
-140.08341980   -149.74905396
-140.08341980   -149.74905396
-139.97256470   -149.83717346
-139.97256470   -149.83717346
-139.86135864   -149.92552185
-139.86135864   -149.92552185
-139.74961853   -150.01408386
-139.74961853   -150.01408386
-139.60981750   -150.10809326
-139.60981750   -150.10809326
-139.49603271   -150.19776917
-139.49603271   -150.19776917
-139.38180542   -150.28765869
-139.38180542   -150.28765869
-139.26713562   -150.37777710
-139.26713562   -150.37777710
-139.15202332   -150.46812439
-139.15202332   -150.46812439
-139.03663635   -150.55845642
-139.03663635   -150.55845642
-138.92098999   -150.64880371
-138.92098999   -150.64880371
-138.80480957   -150.73936462
-138.80480957   -150.73936462
-138.80480957   -150.73936462
-138.80480957   -150.73936462
-138.57102966   -150.92092896
-138.57102966   -150.92092896
-138.43566895   -151.01350403
-138.43566895   -151.01350403
-138.31700134   -151.10461426
-138.31700134   -151.10461426
-138.19798279   -151.19584656
-138.19798279   -151.19584656
-138.07868958   -151.28707886
-138.07868958   -151.28707886
-137.95941162   -151.37818909
-137.95941162   -151.37818909
-137.83985901   -151.46931458
-137.83985901   -151.46931458
-137.72003174   -151.56053162
-137.72003174   -151.56053162
-137.59976196   -151.65176392
-137.59976196   -151.65176392
-137.47923279   -151.74288940
-137.47923279   -151.74288940
-137.35879517   -151.83399963
-137.35879517   -151.83399963
-137.22282410   -151.92301941
-137.22282410   -151.92301941
-137.10096741   -152.01457214
-137.10096741   -152.01457214
-136.97909546   -152.10601807
-136.97909546   -152.10601807
-136.85705566   -152.19747925
-136.85705566   -152.19747925
-136.73448181   -152.28903198
-136.73448181   -152.28903198
-136.61155701   -152.38070679
-136.61155701   -152.38070679
-136.48844910   -152.47248840
-136.48844910   -152.47248840
-136.36526489   -152.56460571
-136.36526489   -152.56460571
-136.24162292   -152.65672302
-136.24162292   -152.65672302
-136.11799622   -152.74884033
-136.11799622   -152.74884033
-135.98165894   -152.84140015
-135.98165894   -152.84140015
-135.85722351   -152.93418884
-135.85722351   -152.93418884
-135.73252869   -153.02697754
-135.73252869   -153.02697754
-135.60763550   -153.11975098
-135.60763550   -153.11975098
-135.48258972   -153.21275330
-135.48258972   -153.21275330
-135.35752869   -153.30564880
-135.35752869   -153.30564880
-135.23246765   -153.39833069
-135.23246765   -153.39833069
-135.10705566   -153.49099731
-135.10705566   -153.49099731
-134.98164368   -153.58355713
-134.98164368   -153.58355713
-134.85667419   -153.67588806
-134.85667419   -153.67588806
-134.72407532   -153.76779175
-134.72407532   -153.76779175
-134.59751892   -153.86112976
-134.59751892   -153.86112976
-134.47067261   -153.95468140
-134.47067261   -153.95468140
-134.34384155   -154.04835510
-134.34384155   -154.04835510
-134.21665955   -154.14213562
-134.21665955   -154.14213562
-134.08929443   -154.23559570
-134.08929443   -154.23559570
-133.96183777   -154.32904053
-133.96183777   -154.32904053
-133.83430481   -154.42248535
-133.83430481   -154.42248535
-133.70666504   -154.51615906
-133.70666504   -154.51615906
-133.57894897   -154.60993958
-133.57894897   -154.60993958
-133.44483948   -154.70016479
-133.44483948   -154.70016479
-133.31658936   -154.79383850
-133.31658936   -154.79383850
-133.18841553   -154.88751221
-133.18841553   -154.88751221
-133.06053162   -154.98118591
-133.06053162   -154.98118591
-132.93280029   -155.07473755
-132.93280029   -155.07473755
-132.80490112   -155.16807556
-132.80490112   -155.16807556
-132.67718506   -155.26130676
-132.67718506   -155.26130676
-132.54972839   -155.35464478
-132.54972839   -155.35464478
-132.42254639   -155.44819641
-132.42254639   -155.44819641
-132.29527283   -155.54176331
-132.29527283   -155.54176331
-132.15885925   -155.63310242
-132.15885925   -155.63310242
-132.03166199   -155.72654724
-132.03166199   -155.72654724
-131.90466309   -155.82022095
-131.90466309   -155.82022095
-131.77774048   -155.91366577
-131.77774048   -155.91366577
-131.65098572   -156.00689697
-131.65098572   -156.00689697
-131.52442932   -156.09989929
-131.52442932   -156.09989929
-131.39813232   -156.19279480
-131.39813232   -156.19279480
-131.27200317   -156.28569031
-131.27200317   -156.28569031
-131.14614868   -156.37869263
-131.14614868   -156.37869263
-131.02047729   -156.47125244
-131.02047729   -156.47125244
-130.89204407   -156.55892944
-130.89204407   -156.55892944
-130.76609802   -156.65148926
-130.76609802   -156.65148926
-130.63987732   -156.74404907
-130.63987732   -156.74404907
-130.51394653   -156.83605957
-130.51394653   -156.83605957
-130.38807678   -156.92784119
-130.38807678   -156.92784119
-130.26249695   -157.01940918
-130.26249695   -157.01940918
-130.13708496   -157.11085510
-130.13708496   -157.11085510
-130.01184082   -157.20219421
-130.01184082   -157.20219421
-129.88688660   -157.29319763
-129.88688660   -157.29319763
-129.76226807   -157.38388062
-129.76226807   -157.38388062
-129.63623047   -157.46855164
-129.63623047   -157.46855164
-129.51179504   -157.55900574
-129.51179504   -157.55900574
-129.38735962   -157.64935303
-129.38735962   -157.64935303
-129.26310730   -157.73936462
-129.26310730   -157.73936462
-129.13911438   -157.82925415
-129.13911438   -157.82925415
-129.01521301   -157.91893005
-129.01521301   -157.91893005
-128.89147949   -158.00837708
-128.89147949   -158.00837708
-128.76783752   -158.09773254
-128.76783752   -158.09773254
-128.64411926   -158.18695068
-128.64411926   -158.18695068
-128.52038574   -158.27607727
-128.52038574   -158.27607727
-128.39160156   -158.36042786
-128.39160156   -158.36042786
-128.26823425   -158.44921875
-128.26823425   -158.44921875
-128.14495850   -158.53799438
-128.14495850   -158.53799438
-128.02194214   -158.62644958
-128.02194214   -158.62644958
-127.89900970   -158.71456909
-127.89900970   -158.71456909
-127.77643585   -158.80258179
-127.77643585   -158.80258179
-127.65404510   -158.89038086
-127.65404510   -158.89038086
-127.53164673   -158.97816467
-127.53164673   -158.97816467
-127.40933990   -159.06584167
-127.40933990   -159.06584167
-127.28756714   -159.15341187
-127.28756714   -159.15341187
-127.16881561   -159.23109436
-127.16881561   -159.23109436
-127.04792786   -159.31809998
-127.04792786   -159.31809998
-126.92739868   -159.40501404
-126.92739868   -159.40501404
-126.80722046   -159.49168396
-126.80722046   -159.49168396
-126.68722534   -159.57836914
-126.68722534   -159.57836914
-126.56748962   -159.66482544
-126.56748962   -159.66482544
-126.44793701   -159.75138855
-126.44793701   -159.75138855
-126.32847595   -159.83795166
-126.32847595   -159.83795166
-126.20883179   -159.92463684
-126.20883179   -159.92463684
-126.08945465   -160.01119995
-126.08945465   -160.01119995
-125.97274017   -160.09532166
-125.97274017   -160.09532166
-125.85363007   -160.18177795
-125.85363007   -160.18177795
-125.73460388   -160.26768494
-125.73460388   -160.26768494
-125.61585236   -160.35346985
-125.61585236   -160.35346985
-125.49726868   -160.43904114
-125.49726868   -160.43904114
-125.37886810   -160.52450562
-125.37886810   -160.52450562
-125.26073456   -160.60974121
-125.26073456   -160.60974121
-125.14260101   -160.69464111
-125.14260101   -160.69464111
-125.02455902   -160.77909851
-125.02455902   -160.77909851
-124.90660095   -160.86334229
-124.90660095   -160.86334229
-124.79201508   -160.93936157
-124.79201508   -160.93936157
-124.67547607   -161.02259827
-124.67547607   -161.02259827
-124.55902863   -161.10572815
-124.55902863   -161.10572815
-124.44258118   -161.18873596
-124.44258118   -161.18873596
-124.32604980   -161.27175903
-124.32604980   -161.27175903
-124.20951080   -161.35466003
-124.20951080   -161.35466003
-124.09306335   -161.43745422
-124.09306335   -161.43745422
-123.97688293   -161.51991272
-123.97688293   -161.51991272
-123.86078644   -161.60205078
-123.86078644   -161.60205078
-123.74469757   -161.68395996
-123.74469757   -161.68395996
-123.61635590   -161.76751709
-123.61635590   -161.76751709
-123.49945831   -161.85009766
-123.49945831   -161.85009766
-123.38283539   -161.93266296
-123.38283539   -161.93266296
-123.26621246   -162.01501465
-123.26621246   -162.01501465
-123.14931488   -162.09725952
-123.14931488   -162.09725952
-123.03234100   -162.17961121
-123.03234100   -162.17961121
-122.91535950   -162.26206970
-122.91535950   -162.26206970
-122.79828644   -162.34442139
-122.79828644   -162.34442139
-122.68122101   -162.42665100
-122.68122101   -162.42665100
-122.56432343   -162.50878906
-122.56432343   -162.50878906
-122.45089722   -162.58503723
-122.45089722   -162.58503723
-122.33480072   -162.66648865
-122.33480072   -162.66648865
-122.21871185   -162.74774170
-122.21871185   -162.74774170
-122.10261536   -162.82885742
-122.10261536   -162.82885742
-121.98652649   -162.90998840
-121.98652649   -162.90998840
-121.87016296   -162.99111938
-121.87016296   -162.99111938
-121.75389099   -163.07235718
-121.75389099   -163.07235718
-121.63771057   -163.15338135
-121.63771057   -163.15338135
-121.52170563   -163.23428345
-121.52170563   -163.23428345
-121.40579224   -163.31520081
-121.40579224   -163.31520081
-121.29768372   -163.38966370
-121.29768372   -163.38966370
-121.18212891   -163.47001648
-121.18212891   -163.47001648
-121.06639099   -163.55003357
-121.06639099   -163.55003357
-120.95073700   -163.63006592
-120.95073700   -163.63006592
-120.83491516   -163.70996094
-120.83491516   -163.70996094
-120.71926117   -163.78965759
-120.71926117   -163.78965759
-120.60388184   -163.86900330
-120.60388184   -163.86900330
-120.48867798   -163.94824219
-120.48867798   -163.94824219
-120.37364960   -164.02705383
-120.37364960   -164.02705383
-120.25870514   -164.10585022
-120.25870514   -164.10585022
-120.15512848   -164.17521667
-120.15512848   -164.17521667
-120.04063416   -164.25312805
-120.04063416   -164.25312805
-119.92604828   -164.33070374
-119.92604828   -164.33070374
-119.81155396   -164.40760803
-119.81155396   -164.40760803
-119.69723511   -164.48419189
-119.69723511   -164.48419189
-119.58300781   -164.56054688
-119.58300781   -164.56054688
-119.46859741   -164.63645935
-119.46859741   -164.63645935
-119.35419464   -164.71215820
-119.35419464   -164.71215820
-119.23951721   -164.78739929
-119.23951721   -164.78739929
-119.12475586   -164.86231995
-119.12475586   -164.86231995
-119.00644684   -164.93734741
-119.00644684   -164.93734741
-118.89053345   -165.01191711
-118.89053345   -165.01191711
-118.77443695   -165.08605957
-118.77443695   -165.08605957
-118.65808105   -165.15953064
-118.65808105   -165.15953064
-118.54162598   -165.23222351
-118.54162598   -165.23222351
-118.42473602   -165.30426025
-118.42473602   -165.30426025
-118.30757904   -165.37550354
-118.30757904   -165.37550354
-118.19015503   -165.44587708
-118.19015503   -165.44587708
-118.07237244   -165.51545715
-118.07237244   -165.51545715
-117.95441437   -165.58415222
-117.95441437   -165.58415222
-117.84533691   -165.64154053
-117.84533691   -165.64154053
-117.72835541   -165.70745850
-117.72835541   -165.70745850
-117.61146545   -165.77227783
-117.61146545   -165.77227783
-117.49439240   -165.83598328
-117.49439240   -165.83598328
-117.37732697   -165.89813232
-117.37732697   -165.89813232
-117.26025391   -165.95895386
-117.26025391   -165.95895386
-117.14309692   -166.01855469
-117.14309692   -166.01855469
-117.02584839   -166.07693481
-117.02584839   -166.07693481
-116.90869141   -166.13386536
-116.90869141   -166.13386536
-116.79135132   -166.18957520
-116.79135132   -166.18957520
-116.67330933   -166.23808289
-116.67330933   -166.23808289
-116.55535126   -166.29168701
-116.55535126   -166.29168701
-116.43739319   -166.34396362
-116.43739319   -166.34396362
-116.31943512   -166.39512634
-116.31943512   -166.39512634
-116.20156860   -166.44473267
-116.20156860   -166.44473267
-116.08369446   -166.49324036
-116.08369446   -166.49324036
-115.96582794   -166.54040527
-115.96582794   -166.54040527
-115.84796143   -166.58601379
-115.84796143   -166.58601379
-115.73009491   -166.63029480
-115.73009491   -166.63029480
-115.61222076   -166.67347717
-115.61222076   -166.67347717
-115.50473785   -166.71154785
-115.50473785   -166.71154785
-115.38677979   -166.75193787
-115.38677979   -166.75193787
-115.26864624   -166.79089355
-115.26864624   -166.79089355
-115.15042114   -166.82830811
-115.15042114   -166.82830811
-115.03192902   -166.86415100
-115.03192902   -166.86415100
-114.91335297   -166.89877319
-114.91335297   -166.89877319
-114.79450989   -166.93185425
-114.79450989   -166.93185425
-114.67548370   -166.96359253
-114.67548370   -166.96359253
-114.55637360   -166.99389648
-114.55637360   -166.99389648
-114.43717194   -167.02275085
-114.43717194   -167.02275085
-114.32365417   -167.04939270
-114.32365417   -167.04939270
-114.20427704   -167.07502747
-114.20427704   -167.07502747
-114.08489990   -167.09910583
-114.08489990   -167.09910583
-113.96533966   -167.12141418
-113.96533966   -167.12141418
-113.84569550   -167.14205933
-113.84569550   -167.14205933
-113.72605133   -167.16093445
-113.72605133   -167.16093445
-113.60649872   -167.17825317
-113.60649872   -167.17825317
-113.48712158   -167.19378662
-113.48712158   -167.19378662
-113.36782837   -167.20776367
-113.36782837   -167.20776367
-113.24862671   -167.22009277
-113.24862671   -167.22009277
-113.13706207   -167.22941589
-113.13706207   -167.22941589
-113.01795197   -167.23852539
-113.01795197   -167.23852539
-112.89875031   -167.24606323
-112.89875031   -167.24606323
-112.77964020   -167.25172424
-112.77964020   -167.25172424
-112.66061401   -167.25572205
-112.66061401   -167.25572205
-112.54150391   -167.25761414
-112.54150391   -167.25761414
-112.42256927   -167.25738525
-112.42256927   -167.25738525
-112.30371857   -167.25540161
-112.30371857   -167.25540161
-112.18576050   -167.25140381
-112.18576050   -167.25140381
-112.06833649   -167.24584961
-112.06833649   -167.24584961
-111.95650482   -167.23919678
-111.95650482   -167.23919678
-111.83943176   -167.23121643
-111.83943176   -167.23121643
-111.72235870   -167.22189331
-111.72235870   -167.22189331
-111.60556030   -167.21057129
-111.60556030   -167.21057129
-111.48919678   -167.19725037
-111.48919678   -167.19725037
-111.37336731   -167.18226624
-111.37336731   -167.18226624
-111.25816345   -167.16561890
-111.25816345   -167.16561890
-111.14331055   -167.14675903
-111.14331055   -167.14675903
-111.02890015   -167.12600708
-111.02890015   -167.12600708
-110.91511536   -167.10382080
-110.91511536   -167.10382080
-110.80523682   -167.08283997
-110.80523682   -167.08283997
-110.69188690   -167.05798340
-110.69188690   -167.05798340
-110.57872772   -167.03134155
-110.57872772   -167.03134155
-110.46600342   -167.00360107
-110.46600342   -167.00360107
-110.35390472   -166.97474670
-110.35390472   -166.97474670
-110.24215698   -166.94467163
-110.24215698   -166.94467163
-110.13094330   -166.91349792
-110.13094330   -166.91349792
-110.02043915   -166.88119507
-110.02043915   -166.88119507
-109.91046906   -166.84756470
-109.91046906   -166.84756470
-109.80138397   -166.81228638
-109.80138397   -166.81228638
-109.70659637   -166.77066040
-109.70659637   -166.77066040
-109.59928894   -166.73271179
-109.59928894   -166.73271179
-109.49259949   -166.69308472
-109.49259949   -166.69308472
-109.38644409   -166.65235901
-109.38644409   -166.65235901
-109.28073883   -166.61041260
-109.28073883   -166.61041260
-109.17564392   -166.56768799
-109.17564392   -166.56768799
-109.07118225   -166.52429199
-109.07118225   -166.52429199
-108.96750641   -166.47990417
-108.96750641   -166.47990417
-108.86454773   -166.43429565
-108.86454773   -166.43429565
-108.76239014   -166.38778687
-108.76239014   -166.38778687
-108.66928101   -166.35083008
-108.66928101   -166.35083008
-108.56907654   -166.30278015
-108.56907654   -166.30278015
-108.46949005   -166.25361633
-108.46949005   -166.25361633
-108.37034607   -166.20344543
-108.37034607   -166.20344543
-108.27165222   -166.15251160
-108.27165222   -166.15251160
-108.17295074   -166.10057068
-108.17295074   -166.10057068
-108.07460785   -166.04753113
-108.07460785   -166.04753113
-107.97661591   -165.99348450
-107.97661591   -165.99348450
-107.87924957   -165.93832397
-107.87924957   -165.93832397
-107.78224182   -165.88227844
-107.78224182   -165.88227844
-107.68167877   -165.82556152
-107.68167877   -165.82556152
-107.58510590   -165.76741028
-107.58510590   -165.76741028
-107.48889923   -165.70826721
-107.48889923   -165.70826721
-107.39312744   -165.64833069
-107.39312744   -165.64833069
-107.29753113   -165.58729553
-107.29753113   -165.58729553
-107.20229340   -165.52558899
-107.20229340   -165.52558899
-107.10732269   -165.46289062
-107.10732269   -165.46289062
-107.01253510   -165.39918518
-107.01253510   -165.39918518
-106.91783142   -165.33436584
-106.91783142   -165.33436584
-106.82312012   -165.26855469
-106.82312012   -165.26855469
-106.73019409   -165.20175171
-106.73019409   -165.20175171
-106.63549042   -165.13417053
-106.63549042   -165.13417053
-106.54060364   -165.06591797
-106.54060364   -165.06591797
-106.44572449   -164.99655151
-106.44572449   -164.99655151
-106.35084534   -164.92619324
-106.35084534   -164.92619324
-106.25614166   -164.85472107
-106.25614166   -164.85472107
-106.16152191   -164.78169250
-106.16152191   -164.78169250
-106.06726074   -164.70744324
-106.06726074   -164.70744324
-105.97317505   -164.63186646
-105.97317505   -164.63186646
-105.87936401   -164.55506897
-105.87936401   -164.55506897
-105.78181458   -164.47627258
-105.78181458   -164.47627258
-105.68826294   -164.39703369
-105.68826294   -164.39703369
-105.59497833   -164.31657410
-105.59497833   -164.31657410
-105.50178528   -164.23468018
-105.50178528   -164.23468018
-105.40876770   -164.15155029
-105.40876770   -164.15155029
-105.31575012   -164.06732178
-105.31575012   -164.06732178
-105.22281647   -163.98219299
-105.22281647   -163.98219299
-105.13006592   -163.89607239
-105.13006592   -163.89607239
-105.03722382   -163.80895996
-105.03722382   -163.80895996
-104.94420624   -163.72094727
-104.94420624   -163.72094727
-104.84577179   -163.62872314
-104.84577179   -163.62872314
-104.75257874   -163.53883362
-104.75257874   -163.53883362
-104.65946960   -163.44793701
-104.65946960   -163.44793701
-104.56645203   -163.35615540
-104.56645203   -163.35615540
-104.47360992   -163.26315308
-104.47360992   -163.26315308
-104.38103485   -163.16903687
-104.38103485   -163.16903687
-104.28872681   -163.07371521
-104.28872681   -163.07371521
-104.19686127   -162.97715759
-104.19686127   -162.97715759
-104.10508728   -162.87960815
-104.10508728   -162.87960815
-104.01358032   -162.78083801
-104.01358032   -162.78083801
-103.91194916   -162.66662598
-103.91194916   -162.66662598
-103.81990814   -162.56530762
-103.81990814   -162.56530762
-103.72795105   -162.46298218
-103.72795105   -162.46298218
-103.63600159   -162.35966492
-103.63600159   -162.35966492
-103.54395294   -162.25534058
-103.54395294   -162.25534058
-103.45209503   -162.15002441
-103.45209503   -162.15002441
-103.36013794   -162.04370117
-103.36013794   -162.04370117
-103.26818085   -161.93670654
-103.26818085   -161.93670654
-103.17623138   -161.82884216
-103.17623138   -161.82884216
-103.08427429   -161.72030640
-103.08427429   -161.72030640
-102.98300171   -161.59489441
-102.98300171   -161.59489441
-102.89051819   -161.48413086
-102.89051819   -161.48413086
-102.79803467   -161.37271118
-102.79803467   -161.37271118
-102.70554352   -161.26039124
-102.70554352   -161.26039124
-102.61315155   -161.14730835
-102.61315155   -161.14730835
-102.52075195   -161.03311157
-102.52075195   -161.03311157
-102.42844391   -160.91801453
-102.42844391   -160.91801453
-102.33613586   -160.80204773
-102.33613586   -160.80204773
-102.24373627   -160.68530273
-102.24373627   -160.68530273
-102.15133667   -160.56799316
-102.15133667   -160.56799316
-102.04908752   -160.43580627
-102.04908752   -160.43580627
-101.95589447   -160.31639099
-101.95589447   -160.31639099
-101.86260986   -160.19642639
-101.86260986   -160.19642639
-101.76914215   -160.07568359
-101.76914215   -160.07568359
-101.67532349   -159.95437622
-101.67532349   -159.95437622
-101.58106232   -159.83262634
-101.58106232   -159.83262634
-101.48662567   -159.71043396
-101.48662567   -159.71043396
-101.39183044   -159.58802795
-101.39183044   -159.58802795
-101.29677582   -159.46517944
-101.29677582   -159.46517944
-101.20127106   -159.34197998
-101.20127106   -159.34197998
-101.11117554   -159.19770813
-101.11117554   -159.19770813
-101.01451874   -159.07319641
-101.01451874   -159.07319641
-100.91724396   -158.94833374
-100.91724396   -158.94833374
-100.72108459   -158.69752502
-100.72108459   -158.69752502
-100.62220764   -158.57144165
-100.62220764   -158.57144165
-100.52271271   -158.44503784
-100.52271271   -158.44503784
-100.42267609   -158.31829834
-100.42267609   -158.31829834
-100.32238007   -158.19111633
-100.32238007   -158.19111633
-100.22164154   -158.06370544
-100.22164154   -158.06370544
-100.12329865   -157.92076111
-100.12329865   -157.92076111
-100.02193451   -157.79258728
-100.02193451   -157.79258728
-99.92021942   -157.66418457
-99.92021942   -157.66418457
-99.81814575   -157.53532410
-99.81814575   -157.53532410
-99.71580505   -157.40603638
-99.71580505   -157.40603638
-99.61302948   -157.27641296
-99.61302948   -157.27641296
-99.50971222   -157.14656067
-99.50971222   -157.14656067
-99.40631104   -157.01649475
-99.40631104   -157.01649475
-99.30245972   -156.88619995
-99.30245972   -156.88619995
-99.19825745   -156.75558472
-99.19825745   -156.75558472
-99.09583282   -156.60763550
-99.09583282   -156.60763550
-98.99065399   -156.47569275
-98.99065399   -156.47569275
-98.88511658   -156.34329224
-98.88511658   -156.34329224
-98.77931976   -156.21055603
-98.77931976   -156.21055603
-98.67307281   -156.07760620
-98.67307281   -156.07760620
-98.56665802   -155.94430542
-98.56665802   -155.94430542
-98.46005249   -155.81080627
-98.46005249   -155.81080627
-98.35310364   -155.67684937
-98.35310364   -155.67684937
-98.24588013   -155.54244995
-98.24588013   -155.54244995
-98.13857269   -155.40771484
-98.13857269   -155.40771484
-98.03366089   -155.25556946
-98.03366089   -155.25556946
-97.92572784   -155.11961365
-97.92572784   -155.11961365
-97.81753540   -154.98332214
-97.81753540   -154.98332214
-97.70898438   -154.84671021
-97.70898438   -154.84671021
-97.60016632   -154.70997620
-97.60016632   -154.70997620
-97.49108124   -154.57281494
-97.49108124   -154.57281494
-97.38182068   -154.43542480
-97.38182068   -154.43542480
-97.27202606   -154.29757690
-97.27202606   -154.29757690
-97.16213989   -154.15951538
-97.16213989   -154.15951538
-97.05199432   -154.02101135
-97.05199432   -154.02101135
-96.94397736   -153.87162781
-96.94397736   -153.87162781
-96.83303070   -153.73223877
-96.83303070   -153.73223877
-96.72207642   -153.59251404
-96.72207642   -153.59251404
-96.61068726   -153.45245361
-96.61068726   -153.45245361
-96.49920654   -153.31217957
-96.49920654   -153.31217957
-96.38755035   -153.17156982
-96.38755035   -153.17156982
-96.27562714   -153.03083801
-96.27562714   -153.03083801
-96.16361237   -152.88967896
-96.16361237   -152.88967896
-96.05142212   -152.74829102
-96.05142212   -152.74829102
-95.93923187   -152.60646057
-95.93923187   -152.60646057
-95.82091522   -152.46450806
-95.82091522   -152.46450806
-95.70774841   -152.32135010
-95.70774841   -152.32135010
-95.59431458   -152.17796326
-95.59431458   -152.17796326
-95.48070526   -152.03424072
-95.48070526   -152.03424072
-95.36692047   -151.89018250
-95.36692047   -151.89018250
-95.25295258   -151.74580383
-95.25295258   -151.74580383
-95.13890076   -151.60107422
-95.13890076   -151.60107422
-95.02466583   -151.45614624
-95.02466583   -151.45614624
-94.91034698   -151.31076050
-94.91034698   -151.31076050
-94.79566956   -151.16525269
-94.79566956   -151.16525269
-94.68357086   -151.01199341
-94.68357086   -151.01199341
-94.56845093   -150.86582947
-94.56845093   -150.86582947
-94.45323944   -150.71922302
-94.45323944   -150.71922302
-94.33794403   -150.57229614
-94.33794403   -150.57229614
-94.22229767   -150.42523193
-94.22229767   -150.42523193
-94.10637665   -150.27774048
-94.10637665   -150.27774048
-93.99037170   -150.12980652
-93.99037170   -150.12980652
-93.87427521   -149.98176575
-93.87427521   -149.98176575
-93.75808716   -149.83349609
-93.75808716   -149.83349609
-93.64190674   -149.68522644
-93.64190674   -149.68522644
-93.52678680   -149.52351379
-93.52678680   -149.52351379
-93.40988922   -149.37402344
-93.40988922   -149.37402344
-93.29299927   -149.22421265
-93.29299927   -149.22421265
-93.17592621   -149.07426453
-93.17592621   -149.07426453
-93.05885315   -148.92399597
-93.05885315   -148.92399597
-92.94151306   -148.77328491
-92.94151306   -148.77328491
-92.82408905   -148.62213135
-92.82408905   -148.62213135
-92.70639038   -148.47064209
-92.70639038   -148.47064209
-92.58860779   -148.31893921
-92.58860779   -148.31893921
-92.47064972   -148.16677856
-92.47064972   -148.16677856
-92.35730743   -148.00907898
-92.35730743   -148.00907898
-92.23934937   -147.85647583
-92.23934937   -147.85647583
-92.12120819   -147.70365906
-92.12120819   -147.70365906
-92.00307465   -147.55061340
-92.00307465   -147.55061340
-91.88458252   -147.39756775
-91.88458252   -147.39756775
-91.76582336   -147.24430847
-91.76582336   -147.24430847
-91.64671326   -147.09060669
-91.64671326   -147.09060669
-91.52732849   -146.93655396
-91.52732849   -146.93655396
-91.40777588   -146.78218079
-91.40777588   -146.78218079
-91.28794861   -146.62736511
-91.28794861   -146.62736511
-91.16972351   -146.46455383
-91.16972351   -146.46455383
-91.04945374   -146.30906677
-91.04945374   -146.30906677
-90.92919159   -146.15347290
-90.92919159   -146.15347290
-90.80892181   -145.99766541
-90.80892181   -145.99766541
-90.68874359   -145.84140015
-90.68874359   -145.84140015
-90.56820679   -145.68502808
-90.56820679   -145.68502808
-90.44731903   -145.52821350
-90.44731903   -145.52821350
-90.32634735   -145.37106323
-90.32634735   -145.37106323
-90.20510101   -145.21347046
-90.20510101   -145.21347046
-90.08358765   -145.05543518
-90.08358765   -145.05543518
-89.95968628   -144.88841248
-89.95968628   -144.88841248
-89.83763885   -144.72947693
-89.83763885   -144.72947693
-89.71559906   -144.57034302
-89.71559906   -144.57034302
-89.59355927   -144.41119385
-89.59355927   -144.41119385
-89.47151184   -144.25204468
-89.47151184   -144.25204468
-89.22716522   -143.93309021
-89.22716522   -143.93309021
-89.10459137   -143.77337646
-89.10459137   -143.77337646
-88.98210144   -143.61346436
-88.98210144   -143.61346436
-88.85943604   -143.45330811
-88.85943604   -143.45330811
-88.73668671   -143.29261780
-88.73668671   -143.29261780
-88.62281036   -143.12669373
-88.62281036   -143.12669373
-88.50006104   -142.96533203
-88.50006104   -142.96533203
-88.37712860   -142.80363464
-88.37712860   -142.80363464
-88.25402069   -142.64170837
-88.25402069   -142.64170837
-88.13091278   -142.47946167
-88.13091278   -142.47946167
-88.00780487   -142.31709290
-88.00780487   -142.31709290
-87.88469696   -142.15461731
-87.88469696   -142.15461731
-87.76150513   -141.99191284
-87.76150513   -141.99191284
-87.63803864   -141.82899475
-87.63803864   -141.82899475
-87.51439667   -141.66563416
-87.51439667   -141.66563416
-87.38871765   -141.49372864
-87.38871765   -141.49372864
-87.26499176   -141.32980347
-87.26499176   -141.32980347
-87.14108276   -141.16566467
-87.14108276   -141.16566467
-87.01690674   -141.00129700
-87.01690674   -141.00129700
-86.89256287   -140.83694458
-86.89256287   -140.83694458
-86.76821136   -140.67236328
-86.76821136   -140.67236328
-86.64376831   -140.50765991
-86.64376831   -140.50765991
-86.51924133   -140.34284973
-86.51924133   -140.34284973
-86.39480591   -140.17803955
-86.39480591   -140.17803955
-86.26992035   -140.00625610
-86.26992035   -140.00625610
-86.14512634   -139.84088135
-86.14512634   -139.84088135
-86.02042389   -139.67518616
-86.02042389   -139.67518616
-85.89580536   -139.50927734
-85.89580536   -139.50927734
-85.77119446   -139.34335327
-85.77119446   -139.34335327
-85.77119446   -139.34335327
-85.77119446   -139.34335327
-85.52178192   -139.01107788
-85.52178192   -139.01107788
-85.39689636   -138.84472656
-85.39689636   -138.84472656
-85.27201843   -138.67846680
-85.27201843   -138.67846680
-85.14704895   -138.51200867
-85.14704895   -138.51200867
-85.01914215   -138.33787537
-85.01914215   -138.33787537
-84.89373016   -138.17073059
-84.89373016   -138.17073059
-84.76813507   -138.00360107
-84.76813507   -138.00360107
-84.64263153   -137.83624268
-84.64263153   -137.83624268
-84.51704407   -137.66876221
-84.51704407   -137.66876221
-84.39144897   -137.50129700
-84.39144897   -137.50129700
-84.26594543   -137.33372498
-84.26594543   -137.33372498
-84.14044189   -137.16613770
-84.14044189   -137.16613770
-84.01484680   -136.99844360
-84.01484680   -136.99844360
-83.88934326   -136.83064270
-83.88934326   -136.83064270
-83.76419830   -136.66117859
-83.76419830   -136.66117859
-83.63860321   -136.49281311
-83.63860321   -136.49281311
-83.51309967   -136.32446289
-83.51309967   -136.32446289
-83.38750458   -136.15599060
-83.38750458   -136.15599060
-83.26200104   -135.98751831
-83.26200104   -135.98751831
-83.01055145   -135.65025330
-83.01055145   -135.65025330
-82.88478088   -135.48133850
-82.88478088   -135.48133850
-82.75901031   -135.31253052
-82.75901031   -135.31253052
-82.63323975   -135.14384460
-82.63323975   -135.14384460
-82.51004791   -134.97604370
-82.51004791   -134.97604370
-82.38445282   -134.80734253
-82.38445282   -134.80734253
-82.25894928   -134.63865662
-82.25894928   -134.63865662
-82.13344574   -134.46984863
-82.13344574   -134.46984863
-82.00794220   -134.30105591
-82.00794220   -134.30105591
-81.88243866   -134.13224792
-81.88243866   -134.13224792
-81.75702667   -133.96333313
-81.75702667   -133.96333313
-81.63169861   -133.79420471
-81.63169861   -133.79420471
-81.50646210   -133.62495422
-81.50646210   -133.62495422
-81.38122559   -133.45571899
-81.38122559   -133.45571899
-81.25829315   -133.28346252
-81.25829315   -133.28346252
-81.13296509   -133.11422729
-81.13296509   -133.11422729
-81.00782013   -132.94508362
-81.00782013   -132.94508362
-80.88275909   -132.77606201
-80.88275909   -132.77606201
-80.75778961   -132.60726929
-80.75778961   -132.60726929
-80.63272858   -132.43846130
-80.63272858   -132.43846130
-80.50775909   -132.26965332
-80.50775909   -132.26965332
-80.38278961   -132.10096741
-80.38278961   -132.10096741
-80.25799561   -131.93238831
-80.25799561   -131.93238831
-80.13328552   -131.76391602
-80.13328552   -131.76391602
-80.01337433   -131.59700012
-80.01337433   -131.59700012
-79.88902283   -131.42886353
-79.88902283   -131.42886353
-79.76467896   -131.26072693
-79.76467896   -131.26072693
-79.64041901   -131.09248352
-79.64041901   -131.09248352
-79.51615143   -130.92445374
-79.51615143   -130.92445374
-79.39198303   -130.75643921
-79.39198303   -130.75643921
-79.26772308   -130.58862305
-79.26772308   -130.58862305
-79.14337158   -130.42094421
-79.14337158   -130.42094421
-79.01902008   -130.25312805
-79.01902008   -130.25312805
-78.89485168   -130.08544922
-78.89485168   -130.08544922
-78.77067566   -129.91786194
-78.77067566   -129.91786194
-78.65298462   -129.75837708
-78.65298462   -129.75837708
-78.52925873   -129.59135437
-78.52925873   -129.59135437
-78.40552521   -129.42443848
-78.40552521   -129.42443848
-78.28197479   -129.25752258
-78.28197479   -129.25752258
-78.15834045   -129.09071350
-78.15834045   -129.09071350
-78.03496552   -128.92413330
-78.03496552   -128.92413330
-77.91159058   -128.75755310
-77.91159058   -128.75755310
-77.78830719   -128.59118652
-77.78830719   -128.59118652
-77.66493225   -128.42483521
-77.66493225   -128.42483521
-77.54528809   -128.26335144
-77.54528809   -128.26335144
-77.42262268   -128.09765625
-77.42262268   -128.09765625
-77.30004883   -127.93218994
-77.30004883   -127.93218994
-77.17747498   -127.76671600
-77.17747498   -127.76671600
-77.05499268   -127.60113525
-77.05499268   -127.60113525
-76.93250275   -127.43554688
-76.93250275   -127.43554688
-76.81002045   -127.26996613
-76.81002045   -127.26996613
-76.68771362   -127.10471344
-76.68771362   -127.10471344
-76.56539917   -126.93968964
-76.56539917   -126.93968964
-76.44309235   -126.77499390
-76.44309235   -126.77499390
-76.32894897   -126.62228394
-76.32894897   -126.62228394
-76.20752716   -126.45858002
-76.20752716   -126.45858002
-76.08638000   -126.29521942
-76.08638000   -126.29521942
-75.96522522   -126.13208008
-75.96522522   -126.13208008
-75.84424591   -125.96915436
-75.84424591   -125.96915436
-75.72318268   -125.80612946
-75.72318268   -125.80612946
-75.60202789   -125.64320374
-75.60202789   -125.64320374
-75.48078156   -125.48017120
-75.48078156   -125.48017120
-75.35962677   -125.31714630
-75.35962677   -125.31714630
-75.23864746   -125.15422058
-75.23864746   -125.15422058
-75.11918640   -124.99884796
-75.11918640   -124.99884796
-74.99874115   -124.83715057
-74.99874115   -124.83715057
-74.87856293   -124.67578125
-74.87856293   -124.67578125
-74.75865173   -124.51452637
-74.75865173   -124.51452637
-74.63874054   -124.35349274
-74.63874054   -124.35349274
-74.51891327   -124.19257355
-74.51891327   -124.19257355
-74.39909363   -124.03176117
-74.39909363   -124.03176117
-74.27944946   -123.87128448
-74.27944946   -123.87128448
-74.16006470   -123.71091461
-74.16006470   -123.71091461
-74.04086304   -123.55088043
-74.04086304   -123.55088043
-73.93684387   -123.39484406
-73.93684387   -123.39484406
-73.81799316   -123.23525238
-73.81799316   -123.23525238
-73.69915009   -123.07599640
-73.69915009   -123.07599640
-73.58039093   -122.91673279
-73.58039093   -122.91673279
-73.46172333   -122.75781250
-73.46172333   -122.75781250
-73.34323120   -122.59888458
-73.34323120   -122.59888458
-73.22483063   -122.44040680
-73.22483063   -122.44040680
-73.10660553   -122.28214264
-73.10660553   -122.28214264
-72.98846436   -122.12388611
-72.98846436   -122.12388611
-72.87050629   -121.96595764
-72.87050629   -121.96595764
-72.75920868   -121.81846619
-72.75920868   -121.81846619
-72.64169312   -121.66120911
-72.64169312   -121.66120911
-72.52444458   -121.50416565
-72.52444458   -121.50416565
-72.40737152   -121.34735107
-72.40737152   -121.34735107
-72.29047394   -121.19097900
-72.29047394   -121.19097900
-72.17358398   -121.03482819
-72.17358398   -121.03482819
-72.05695343   -120.87867737
-72.05695343   -120.87867737
-71.94033051   -120.72264099
-71.94033051   -120.72264099
-71.82396698   -120.56693268
-71.82396698   -120.56693268
-71.70760345   -120.41145325
-71.70760345   -120.41145325
-71.59603882   -120.25540924
-71.59603882   -120.25540924
-71.47976685   -120.09992981
-71.47976685   -120.09992981
-71.36367035   -119.94466400
-71.36367035   -119.94466400
-71.24766541   -119.78951263
-71.24766541   -119.78951263
-71.13166046   -119.63436127
-71.13166046   -119.63436127
-71.01564789   -119.47943115
-71.01564789   -119.47943115
-70.89964294   -119.32472229
-70.89964294   -119.32472229
-70.78390503   -119.17034912
-70.78390503   -119.17034912
-70.66825104   -119.01597595
-70.66825104   -119.01597595
-70.55287170   -118.86182404
-70.55287170   -118.86182404
-70.44848633   -118.71421814
-70.44848633   -118.71421814
-70.33372498   -118.56106567
-70.33372498   -118.56106567
-70.21913910   -118.40813446
-70.21913910   -118.40813446
-70.10455322   -118.25542450
-70.10455322   -118.25542450
-69.99014282   -118.10293579
-69.99014282   -118.10293579
-69.87591553   -117.95055389
-69.87591553   -117.95055389
-69.76177216   -117.79840088
-69.76177216   -117.79840088
-69.64789581   -117.64635468
-69.64789581   -117.64635468
-69.53411102   -117.49442291
-69.53411102   -117.49442291
-69.42058563   -117.34271240
-69.42058563   -117.34271240
-69.31390381   -117.19832611
-69.31390381   -117.19832611
-69.20091248   -117.04705811
-69.20091248   -117.04705811
-69.08801270   -116.89612579
-69.08801270   -116.89612579
-68.97528839   -116.74530029
-68.97528839   -116.74530029
-68.86274719   -116.59458923
-68.86274719   -116.59458923
-68.75028992   -116.44421387
-68.75028992   -116.44421387
-68.63783264   -116.29383087
-68.63783264   -116.29383087
-68.52555847   -116.14367676
-68.52555847   -116.14367676
-68.41336823   -115.99373627
-68.41336823   -115.99373627
-68.30135345   -115.84391022
-68.30135345   -115.84391022
-68.19760132   -115.70463562
-68.19760132   -115.70463562
-68.08638763   -115.55558777
-68.08638763   -115.55558777
-67.97534943   -115.40676117
-67.97534943   -115.40676117
-67.86431122   -115.25815582
-67.86431122   -115.25815582
-67.75345612   -115.10955048
-67.75345612   -115.10955048
-67.64260101   -114.96105957
-67.64260101   -114.96105957
-67.53191376   -114.81267548
-67.53191376   -114.81267548
-67.42123413   -114.66440582
-67.42123413   -114.66440582
-67.31055450   -114.51625061
-67.31055450   -114.51625061
-67.20005035   -114.36820221
-67.20005035   -114.36820221
-67.09354401   -114.23024750
-67.09354401   -114.23024750
-66.98374939   -114.08309174
-66.98374939   -114.08309174
-66.87404633   -113.93614960
-66.87404633   -113.93614960
-66.76443481   -113.78942871
-66.76443481   -113.78942871
-66.65490723   -113.64271545
-66.65490723   -113.64271545
-66.54546356   -113.49622345
-66.54546356   -113.49622345
-66.43620300   -113.34994507
-66.43620300   -113.34994507
-66.32703400   -113.20367432
-66.32703400   -113.20367432
-66.21786499   -113.05762482
-66.21786499   -113.05762482
-66.10877991   -112.91146088
-66.10877991   -112.91146088
-66.00626373   -112.77040100
-66.00626373   -112.77040100
-65.89744568   -112.62446594
-65.89744568   -112.62446594
-65.78854370   -112.47863770
-65.78854370   -112.47863770
-65.67981720   -112.33280945
-65.67981720   -112.33280945
-65.57117462   -112.18708801
-65.57117462   -112.18708801
-65.46244812   -112.04136658
-65.46244812   -112.04136658
-65.35381317   -111.89575958
-65.35381317   -111.89575958
-65.24526215   -111.75026703
-65.24526215   -111.75026703
-65.13679504   -111.60476685
-65.13679504   -111.60476685
-65.02851105   -111.45949554
-65.02851105   -111.45949554
-64.92031860   -111.31422424
-64.92031860   -111.31422424
-64.81842804   -111.17848969
-64.81842804   -111.17848969
-64.71067047   -111.03366089
-64.71067047   -111.03366089
-64.60292053   -110.88905334
-64.60292053   -110.88905334
-64.49499512   -110.74433136
-64.49499512   -110.74433136
-64.38715363   -110.59972382
-64.38715363   -110.59972382
-64.27940369   -110.45523071
-64.27940369   -110.45523071
-64.17156219   -110.31072998
-64.17156219   -110.31072998
-64.06389618   -110.16622925
-64.06389618   -110.16622925
-63.95614624   -110.02173615
-63.95614624   -110.02173615
-63.84866333   -109.87879181
-63.84866333   -109.87879181
-63.74073410   -109.73451233
-63.74073410   -109.73451233
-63.63289261   -109.59035492
-63.63289261   -109.59035492
-63.52496338   -109.44596863
-63.52496338   -109.44596863
-63.41694641   -109.30158234
-63.41694641   -109.30158234
-63.30892944   -109.15696716
-63.30892944   -109.15696716
-63.20090866   -109.01247406
-63.20090866   -109.01247406
-63.09289169   -108.86786652
-63.09289169   -108.86786652
-62.98469543   -108.72325897
-62.98469543   -108.72325897
-62.87641144   -108.57853699
-62.87641144   -108.57853699
-62.76617813   -108.43315125
-62.76617813   -108.43315125
-62.65789413   -108.28842926
-62.65789413   -108.28842926
-62.54961014   -108.14360046
-62.54961014   -108.14360046
-62.44132614   -107.99865723
-62.44132614   -107.99865723
-62.33277512   -107.85360718
-62.33277512   -107.85360718
-62.22431183   -107.70833588
-62.22431183   -107.70833588
-62.11576462   -107.56305695
-62.11576462   -107.56305695
-62.00730133   -107.41778564
-62.00730133   -107.41778564
-61.89883804   -107.27239990
-61.89883804   -107.27239990
-61.79029083   -107.12712860
-61.79029083   -107.12712860
-61.68262863   -106.98462677
-61.68262863   -106.98462677
-61.57416534   -106.83934784
-61.57416534   -106.83934784
-61.46570587   -106.69374084
-61.46570587   -106.69374084
-61.35724258   -106.54813385
-61.35724258   -106.54813385
-61.24860382   -106.40242004
-61.24860382   -106.40242004
-61.13969803   -106.25659180
-61.13969803   -106.25659180
-61.03070450   -106.11053467
-61.03070450   -106.11053467
-60.92144394   -105.96437836
-60.92144394   -105.96437836
-60.81200790   -105.81799316
-60.81200790   -105.81799316
-60.70248032   -105.67138672
-60.70248032   -105.67138672
-60.59259796   -105.52056122
-60.59259796   -105.52056122
-60.48316193   -105.37362671
-60.48316193   -105.37362671
-60.37354660   -105.22668457
-60.37354660   -105.22668457
-60.26375198   -105.07974243
-60.26375198   -105.07974243
-60.15386963   -104.93258667
-60.15386963   -104.93258667
-60.04389954   -104.78530884
-60.04389954   -104.78530884
-59.93392944   -104.63781738
-59.93392944   -104.63781738
-59.82369232   -104.49032593
-59.82369232   -104.49032593
-59.71336746   -104.34249878
-59.71336746   -104.34249878
-59.60295486   -104.19445038
-59.60295486   -104.19445038
-59.49280548   -104.04940033
-59.49280548   -104.04940033
-59.38203812   -103.90090179
-59.38203812   -103.90090179
-59.27100372   -103.75229645
-59.27100372   -103.75229645
-59.15961075   -103.60324860
-59.15961075   -103.60324860
-59.04804611   -103.45375824
-59.04804611   -103.45375824
-58.93629837   -103.30416107
-58.93629837   -103.30416107
-58.82428741   -103.15433502
-58.82428741   -103.15433502
-58.71218872   -103.00428772
-58.71218872   -103.00428772
-58.59999847   -102.85412598
-58.59999847   -102.85412598
-58.48763275   -102.70375061
-58.48763275   -102.70375061
-58.37508774   -102.55314636
-58.37508774   -102.55314636
-58.26254272   -102.40243530
-58.26254272   -102.40243530
-58.14955521   -102.25138855
-58.14955521   -102.25138855
-58.03630066   -102.10012054
-58.03630066   -102.10012054
-57.92287064   -101.94852448
-57.92287064   -101.94852448
-57.80926132   -101.79659271
-57.80926132   -101.79659271
-57.69556046   -101.64443207
-57.69556046   -101.64443207
-57.58159637   -101.49194336
-57.58159637   -101.49194336
-57.46745682   -101.33901215
-57.46745682   -101.33901215
-57.35295868   -101.18563843
-57.35295868   -101.18563843
-57.23828506   -101.03182220
-57.23828506   -101.03182220
-57.12769318   -100.88066101
-57.12769318   -100.88066101
-57.01293182   -100.72684479
-57.01293182   -100.72684479
-56.89799118   -100.57257843
-56.89799118   -100.57257843
-56.78278351   -100.41820526
-56.78278351   -100.41820526
-56.66748810   -100.26349640
-56.66748810   -100.26349640
-56.55201340   -100.10845184
-56.55201340   -100.10845184
-56.43636322   -99.95307922
-56.43636322   -99.95307922
-56.32044601   -99.79748535
-56.32044601   -99.79748535
-56.20435333   -99.64167023
-56.20435333   -99.64167023
-56.08816910   -99.48574066
-56.08816910   -99.48574066
-55.96736908   -99.32370758
-55.96736908   -99.32370758
-55.85092163   -99.16722107
-55.85092163   -99.16722107
-55.73429489   -99.01052094
-55.73429489   -99.01052094
-55.61775589   -98.85359192
-55.61775589   -98.85359192
-55.50112915   -98.69644165
-55.50112915   -98.69644165
-55.38441467   -98.53895569
-55.38441467   -98.53895569
-55.26760864   -98.38125610
-55.26760864   -98.38125610
-55.15080643   -98.22322083
-55.15080643   -98.22322083
-55.03400040   -98.06517792
-55.03400040   -98.06517792
-54.91719437   -97.90703583
-54.91719437   -97.90703583
-54.79559708   -97.74766541
-54.79559708   -97.74766541
-54.67852783   -97.58929443
-54.67852783   -97.58929443
-54.56136703   -97.43070221
-54.56136703   -97.43070221
-54.44421005   -97.27188873
-54.44421005   -97.27188873
-54.32696152   -97.11296082
-54.32696152   -97.11296082
-54.20953369   -96.95392609
-54.20953369   -96.95392609
-54.09210968   -96.79477692
-54.09210968   -96.79477692
-53.97459412   -96.63552094
-53.97459412   -96.63552094
-53.85708237   -96.47626495
-53.85708237   -96.47626495
-53.73938751   -96.31777954
-53.73938751   -96.31777954
-53.62196350   -96.15840912
-53.62196350   -96.15840912
-53.50444794   -95.99904633
-53.50444794   -95.99904633
-53.38684464   -95.83967590
-53.38684464   -95.83967590
-53.26924133   -95.68008423
-53.26924133   -95.68008423
-53.15155029   -95.52049255
-53.15155029   -95.52049255
-53.03377151   -95.36079407
-53.03377151   -95.36079407
-52.91607666   -95.20108795
-52.91607666   -95.20108795
-52.79829788   -95.04127502
-52.79829788   -95.04127502
-52.68051529   -94.88146210
-52.68051529   -94.88146210
-52.56273651   -94.72164917
-52.56273651   -94.72164917
-52.44291306   -94.55828857
-52.44291306   -94.55828857
-52.32495499   -94.39813995
-52.32495499   -94.39813995
-52.20717621   -94.23754883
-52.20717621   -94.23754883
-52.08921814   -94.07685089
-52.08921814   -94.07685089
-51.97108078   -93.91614532
-51.97108078   -93.91614532
-51.85294724   -93.75533295
-51.85294724   -93.75533295
-51.73480988   -93.59463501
-51.73480988   -93.59463501
-51.61667633   -93.43382263
-51.61667633   -93.43382263
-51.49845123   -93.27290344
-51.49845123   -93.27290344
-51.37623215   -93.11131287
-51.37623215   -93.11131287
-51.25756454   -92.94994354
-51.25756454   -92.94994354
-51.13880539   -92.78846741
-51.13880539   -92.78846741
-51.01996231   -92.62677002
-51.01996231   -92.62677002
-50.90093613   -92.46506500
-50.90093613   -92.46506500
-50.78191376   -92.30326080
-50.78191376   -92.30326080
-50.66280365   -92.14133453
-50.66280365   -92.14133453
-50.54342651   -91.97963715
-50.54342651   -91.97963715
-50.42404556   -91.81782532
-50.42404556   -91.81782532
-50.30458069   -91.65601349
-50.30458069   -91.65601349
-50.18502426   -91.49398041
-50.18502426   -91.49398041
-50.06378174   -91.32972717
-50.06378174   -91.32972717
-49.94369507   -91.16736603
-49.94369507   -91.16736603
-49.82351685   -91.00489044
-49.82351685   -91.00489044
-49.70325089   -90.84218597
-49.70325089   -90.84218597
-49.58271790   -90.67938232
-49.58271790   -90.67938232
-49.46218872   -90.51634979
-49.46218872   -90.51634979
-49.34156799   -90.35331726
-49.34156799   -90.35331726
-49.22058868   -90.19006348
-49.22058868   -90.19006348
-49.09952545   -90.02680969
-49.09952545   -90.02680969
-48.97721863   -89.85711670
-48.97721863   -89.85711670
-48.85570908   -89.69319916
-48.85570908   -89.69319916
-48.73420334   -89.52928162
-48.73420334   -89.52928162
-48.61251831   -89.36524963
-48.61251831   -89.36524963
-48.49047470   -89.20111084
-48.49047470   -89.20111084
-48.36834717   -89.03674316
-48.36834717   -89.03674316
-48.24594879   -88.87204742
-48.24594879   -88.87204742
-48.12355423   -88.70724487
-48.12355423   -88.70724487
-48.00098038   -88.54232788
-48.00098038   -88.54232788
-47.87831879   -88.37729645
-47.87831879   -88.37729645
-47.75547791   -88.21226501
-47.75547791   -88.21226501
-47.63130951   -88.04746246
-47.63130951   -88.04746246
-47.50802612   -87.88209534
-47.50802612   -87.88209534
-47.38465118   -87.71651459
-47.38465118   -87.71651459
-47.26119232   -87.55081940
-47.26119232   -87.55081940
-47.13764191   -87.38500977
-47.13764191   -87.38500977
-47.01373672   -87.21909332
-47.01373672   -87.21909332
-46.88974380   -87.05284119
-46.88974380   -87.05284119
-46.76557541   -86.88648224
-46.76557541   -86.88648224
-46.64131546   -86.71990204
-46.64131546   -86.71990204
-46.51678848   -86.55331421
-46.51678848   -86.55331421
-46.39306259   -86.38395691
-46.39306259   -86.38395691
-46.26818085   -86.21704102
-46.26818085   -86.21704102
-46.14321136   -86.05012512
-46.14321136   -86.05012512
-46.01797485   -85.88288116
-46.01797485   -85.88288116
-45.89273834   -85.71552277
-45.89273834   -85.71552277
-45.76732635   -85.54804993
-45.76732635   -85.54804993
-45.64182281   -85.38047028
-45.64182281   -85.38047028
-45.51614380   -85.21277618
-45.51614380   -85.21277618
-45.39037323   -85.04496765
-45.39037323   -85.04496765
-45.26585007   -84.87428284
-45.26585007   -84.87428284
-45.13981247   -84.70625305
-45.13981247   -84.70625305
-45.01360321   -84.53811646
-45.01360321   -84.53811646
-44.88730240   -84.36975861
-44.88730240   -84.36975861
-44.76073456   -84.20140076
-44.76073456   -84.20140076
-44.63407898   -84.03270721
-44.63407898   -84.03270721
-44.50733185   -83.86402130
-44.50733185   -83.86402130
-44.38050079   -83.69499207
-44.38050079   -83.69499207
-44.25348663   -83.52607727
-44.25348663   -83.52607727
-44.12620926   -83.35694885
-44.12620926   -83.35694885
-44.00328064   -83.18814087
-44.00328064   -83.18814087
-43.87591553   -83.01867676
-43.87591553   -83.01867676
-43.74846268   -82.84909821
-43.74846268   -82.84909821
-43.62083054   -82.67951202
-43.62083054   -82.67951202
-43.49310684   -82.50971222
-43.49310684   -82.50971222
-43.23722076   -82.16967010
-43.23722076   -82.16967010
-43.10923386   -81.99964142
-43.10923386   -81.99964142
-42.98115921   -81.82950592
-42.98115921   -81.82950592
-42.85299301   -81.65937805
-42.85299301   -81.65937805
-42.71897125   -81.48025513
-42.71897125   -81.48025513
-42.59009552   -81.30912018
-42.59009552   -81.30912018
-42.46113205   -81.13787079
-42.46113205   -81.13787079
-42.33208084   -80.96652222
-42.33208084   -80.96652222
-42.20267487   -80.79505157
-42.20267487   -80.79505157
-42.07308960   -80.62314606
-42.07308960   -80.62314606
-41.94323730   -80.45101166
-41.94323730   -80.45101166
-41.81329727   -80.27865601
-41.81329727   -80.27865601
-41.68335724   -80.10607910
-41.68335724   -80.10607910
-41.55332947   -79.93339539
-41.55332947   -79.93339539
-41.42019272   -79.75959778
-41.42019272   -79.75959778
-41.28998947   -79.58635712
-41.28998947   -79.58635712
-41.15978241   -79.41322327
-41.15978241   -79.41322327
-41.02966309   -79.23976135
-41.02966309   -79.23976135
-40.89936829   -79.06618500
-40.89936829   -79.06618500
-40.76898575   -78.89250183
-40.76898575   -78.89250183
-40.63860321   -78.71870422
-40.63860321   -78.71870422
-40.50812912   -78.54490662
-40.50812912   -78.54490662
-40.37774658   -78.37088776
-40.37774658   -78.37088776
-40.24718475   -78.19664764
-40.24718475   -78.19664764
-40.11804581   -78.02318573
-40.11804581   -78.02318573
-39.98730469   -77.84860992
-39.98730469   -77.84860992
-39.85656738   -77.67392731
-39.85656738   -77.67392731
-39.72573853   -77.49913025
-39.72573853   -77.49913025
-39.59491348   -77.32421875
-39.59491348   -77.32421875
-39.46417236   -77.14931488
-39.46417236   -77.14931488
-39.33343506   -76.97441101
-39.33343506   -76.97441101
-39.20260620   -76.79939270
-39.20260620   -76.79939270
-39.07178116   -76.62437439
-39.07178116   -76.62437439
-38.94086456   -76.44913483
-38.94086456   -76.44913483
-38.81119156   -76.27600098
-38.81119156   -76.27600098
-38.68009567   -76.10087585
-38.68009567   -76.10087585
-38.54917908   -75.92574310
-38.54917908   -75.92574310
-38.41808701   -75.75061798
-38.41808701   -75.75061798
-38.28708267   -75.57549286
-38.28708267   -75.57549286
-38.15607834   -75.40047455
-38.15607834   -75.40047455
-38.02507401   -75.22545624
-38.02507401   -75.22545624
-37.89406967   -75.05065918
-37.89406967   -75.05065918
-37.76306152   -74.87597656
-37.76306152   -74.87597656
-37.63214874   -74.70128632
-37.63214874   -74.70128632
-37.50185394   -74.52660370
-37.50185394   -74.52660370
-37.37120438   -74.35224915
-37.37120438   -74.35224915
-37.24064255   -74.17800903
-37.24064255   -74.17800903
-37.11016846   -74.00376892
-37.11016846   -74.00376892
-36.97969818   -73.82975006
-36.97969818   -73.82975006
-36.84949112   -73.65584564
-36.84949112   -73.65584564
-36.71937561   -73.48193359
-36.71937561   -73.48193359
-36.58934402   -73.30813599
-36.58934402   -73.30813599
-36.45914078   -73.13445282
-36.45914078   -73.13445282
-36.32902145   -72.96087646
-36.32902145   -72.96087646
-36.19908142   -72.79074097
-36.19908142   -72.79074097
-36.06940842   -72.61794281
-36.06940842   -72.61794281
-35.93982315   -72.44537354
-35.93982315   -72.44537354
-35.81032944   -72.27301788
-35.81032944   -72.27301788
-35.68083191   -72.10077667
-35.68083191   -72.10077667
-35.55133820   -71.92874908
-35.55133820   -71.92874908
-35.42201996   -71.75695038
-35.42201996   -71.75695038
-35.16373825   -71.41379547
-35.16373825   -71.41379547
-35.16373825   -71.41379547
-35.16373825   -71.41379547
-35.03477478   -71.24266815
-35.03477478   -71.24266815
-34.90350342   -71.06953430
-34.90350342   -71.06953430
-34.77445221   -70.89817810
-34.77445221   -70.89817810
-34.64557648   -70.72726440
-34.64557648   -70.72726440
-34.51696777   -70.55646515
-34.51696777   -70.55646515
-34.38835907   -70.38588715
-34.38835907   -70.38588715
-34.25975037   -70.21542358
-34.25975037   -70.21542358
-34.13132095   -70.04506683
-34.13132095   -70.04506683
-34.00297928   -69.87471008
-34.00297928   -69.87471008
-33.87472534   -69.70446014
-33.87472534   -69.70446014
-33.74656296   -69.53432465
-33.74656296   -69.53432465
-33.61671066   -69.36119843
-33.61671066   -69.36119843
-33.48836899   -69.19094849
-33.48836899   -69.19094849
-33.36020279   -69.02082062
-33.36020279   -69.02082062
-33.23204041   -68.85090637
-33.23204041   -68.85090637
-33.10396576   -68.68121338
-33.10396576   -68.68121338
-32.97597885   -68.51163483
-32.97597885   -68.51163483
-32.84799194   -68.34238434
-32.84799194   -68.34238434
-32.72018051   -68.17325592
-32.72018051   -68.17325592
-32.59237289   -68.00422668
-32.59237289   -68.00422668
-32.33710861   -67.66617584
-32.33710861   -67.66617584
-32.33710861   -67.66617584
-32.33710861   -67.66617584
-32.21018600   -67.49903870
-32.21018600   -67.49903870
-32.08264160   -67.33056641
-32.08264160   -67.33056641
-31.95518875   -67.16232300
-31.95518875   -67.16232300
-31.82791138   -66.99396515
-31.82791138   -66.99396515
-31.70054626   -66.82571411
-31.70054626   -66.82571411
-31.57318115   -66.65757751
-31.57318115   -66.65757751
-31.31862831   -66.32152557
-31.31862831   -66.32152557
-31.31862831   -66.32152557
-31.31862831   -66.32152557
-31.19152832   -66.15361023
-31.19152832   -66.15361023
-31.06620407   -65.98747253
-31.06620407   -65.98747253
-30.93946075   -65.81999969
-30.93946075   -65.81999969
-30.81253815   -65.65253448
-30.81253815   -65.65253448
-30.68579483   -65.48506165
-30.68579483   -65.48506165
-30.55887222   -65.31758881
-30.55887222   -65.31758881
-30.43177223   -65.15000916
-30.43177223   -65.15000916
-30.30467415   -64.98231506
-30.30467415   -64.98231506
-30.17748642   -64.81439972
-30.17748642   -64.81439972
-30.05011940   -64.64648438
-30.05011940   -64.64648438
-29.92275429   -64.47834778
-29.92275429   -64.47834778
-29.79681015   -64.31398010
-29.79681015   -64.31398010
-29.66979980   -64.14607239
-29.66979980   -64.14607239
-29.54278946   -63.97826385
-29.54278946   -63.97826385
-29.41568947   -63.81034851
-29.41568947   -63.81034851
-29.28867912   -63.64232254
-29.28867912   -63.64232254
-29.16149139   -63.47418594
-29.16149139   -63.47418594
-29.03439140   -63.30582809
-29.03439140   -63.30582809
-28.90720367   -63.13713455
-28.90720367   -63.13713455
-28.77992821   -62.96844482
-28.77992821   -62.96844482
-28.65256119   -62.79941940
-28.65256119   -62.79941940
-28.52386475   -62.62651062
-28.52386475   -62.62651062
-28.39658928   -62.45715332
-28.39658928   -62.45715332
-28.26922226   -62.28757477
-28.26922226   -62.28757477
-28.01431465   -61.94808197
-28.01431465   -61.94808197
-27.88685989   -61.77816772
-27.88685989   -61.77816772
-27.75914001   -61.60792160
-27.75914001   -61.60792160
-27.63150787   -61.43767548
-27.63150787   -61.43767548
-27.50387764   -61.26709747
-27.50387764   -61.26709747
-27.37597847   -61.09651947
-27.37597847   -61.09651947
-27.24728203   -60.92549896
-27.24728203   -60.92549896
-27.11929512   -60.75436401
-27.11929512   -60.75436401
-26.99113083   -60.58289719
-26.99113083   -60.58289719
-26.86278915   -60.41109848
-26.86278915   -60.41109848
-26.73435974   -60.23918915
-26.73435974   -60.23918915
-26.47714424   -59.89470291
-26.47714424   -59.89470291
-26.47714424   -59.89470291
-26.47714424   -59.89470291
-26.34835815   -59.72223663
-26.34835815   -59.72223663
-26.21948433   -59.54954910
-26.21948433   -59.54954910
-26.09052086   -59.37675095
-26.09052086   -59.37675095
-25.96076012   -59.20639420
-25.96076012   -59.20639420
-25.83179665   -59.03381729
-25.83179665   -59.03381729
-25.70265579   -58.86124039
-25.70265579   -58.86124039
-25.70265579   -58.86124039
-25.70265579   -58.86124039
-25.44419861   -58.51531219
-25.44419861   -58.51531219
-25.31479073   -58.34218216
-25.31479073   -58.34218216
-25.18520737   -58.16905212
-25.18520737   -58.16905212
-25.05526733   -57.99569702
-25.05526733   -57.99569702
-24.92532921   -57.82223511
-24.92532921   -57.82223511
-24.79512215   -57.64854813
-24.79512215   -57.64854813
-24.66536140   -57.47064209
-24.66536140   -57.47064209
-24.53506660   -57.29662323
-24.53506660   -57.29662323
-24.40468407   -57.12249374
-24.40468407   -57.12249374
-24.27421188   -56.94825363
-24.27421188   -56.94825363
-24.14356232   -56.77390289
-24.14356232   -56.77390289
-24.01291466   -56.59954834
-24.01291466   -56.59954834
-23.88217545   -56.42508698
-23.88217545   -56.42508698
-23.75126076   -56.25062561
-23.75126076   -56.25062561
-23.62034416   -56.07604980
-23.62034416   -56.07604980
-23.48925209   -55.90136719
-23.48925209   -55.90136719
-23.36091042   -55.72834396
-23.36091042   -55.72834396
-23.22981834   -55.55366135
-23.22981834   -55.55366135
-23.09854698   -55.37897491
-23.09854698   -55.37897491
-22.96709824   -55.20428848
-22.96709824   -55.20428848
-22.83582878   -55.02960587
-22.83582878   -55.02960587
-22.57266617   -54.67990112
-22.57266617   -54.67990112
-22.30914879   -54.32997894
-22.30914879   -54.32997894
-22.04368019   -53.97528076
-22.04368019   -53.97528076
-21.91152191   -53.79970932
-21.91152191   -53.79970932
-21.64676094   -53.44823074
-21.64676094   -53.44823074
-21.51433754   -53.27243423
-21.51433754   -53.27243423
-21.38191414   -53.09664154
-21.38191414   -53.09664154
-21.24940109   -52.92073441
-21.24940109   -52.92073441
-21.11688805   -52.74482727
-21.11688805   -52.74482727
-20.98428535   -52.56892395
-20.98428535   -52.56892395
-20.85159492   -52.39290619
-20.85159492   -52.39290619
-20.71686363   -52.21400452
-20.71686363   -52.21400452
-20.58408356   -52.03798676
-20.58408356   -52.03798676
-20.31843758   -51.68617630
-20.31843758   -51.68617630
-20.18556976   -51.51026917
-20.18556976   -51.51026917
-20.05252266   -51.33436584
-20.05252266   -51.33436584
-19.91956711   -51.15834808
-19.91956711   -51.15834808
-19.78660965   -50.98221970
-19.78660965   -50.98221970
-19.65356445   -50.80620193
-19.65356445   -50.80620193
-19.52051926   -50.63007355
-19.52051926   -50.63007355
-19.38658714   -50.45106125
-19.38658714   -50.45106125
-19.25327492   -50.27437973
-19.25327492   -50.27437973
-19.11996269   -50.09769821
-19.11996269   -50.09769821
-18.85325050   -49.74422073
-18.85325050   -49.74422073
-18.85325050   -49.74422073
-18.85325050   -49.74422073
-18.71993828   -49.56742859
-18.71993828   -49.56742859
-18.58662796   -49.39063263
-18.58662796   -49.39063263
-18.45331573   -49.21395111
-18.45331573   -49.21395111
-18.18687057   -48.86025238
-18.18687057   -48.86025238
-18.05604362   -48.68689728
-18.05604362   -48.68689728
-17.79004097   -48.33375549
-17.79004097   -48.33375549
-17.65708542   -48.15707397
-17.65708542   -48.15707397
-17.39108276   -47.80381775
-17.39108276   -47.80381775
-17.12508011   -47.45067596
-17.12508011   -47.45067596
-16.85890198   -47.09730911
-16.85890198   -47.09730911
-16.59289932   -46.74560928
-16.59289932   -46.74560928
-16.59289932   -46.74560928
-16.59289932   -46.74560928
-16.46003151   -46.56937027
-16.46003151   -46.56937027
-16.19456291   -46.21700287
-16.19456291   -46.21700287
-15.92962551   -45.86541367
-15.92962551   -45.86541367
-15.66513252   -45.51415634
-15.66513252   -45.51415634
-15.40099525   -45.16334534
-15.40099525   -45.16334534
-15.27123356   -44.98643875
-15.27123356   -44.98643875
-15.00709534   -44.63562775
-15.00709534   -44.63562775
-14.87520409   -44.46049881
-14.87520409   -44.46049881
-14.74349022   -44.28548050
-14.74349022   -44.28548050
-14.48032856   -43.93600082
-14.48032856   -43.93600082
-14.21761131   -43.58729553
-14.21761131   -43.58729553
-14.21761131   -43.58729553
-14.21761131   -43.58729553
-13.96376896   -43.24358368
-13.96376896   -43.24358368
-13.96376896   -43.24358368
-13.96376896   -43.24358368
-13.70264912   -42.89698792
-13.70264912   -42.89698792
-13.57235527   -42.72396851
-13.57235527   -42.72396851
-13.31256676   -42.37859344
-13.31256676   -42.37859344
-13.05375385   -42.03443909
-13.05375385   -42.03443909
-12.92461395   -41.86275101
-12.92461395   -41.86275101
-12.64902687   -41.50916290
-12.64902687   -41.50916290
-12.64902687   -41.50916290
-12.64902687   -41.50916290
-12.51926613   -41.33714294
-12.51926613   -41.33714294
-12.26036453   -40.99365616
-12.26036453   -40.99365616
-12.00217438   -40.65083313
-12.00217438   -40.65083313
-12.00217438   -40.65083313
-12.00217438   -40.65083313
-11.87347794   -40.47980881
-11.87347794   -40.47980881
-11.74495888   -40.30912018
-11.74495888   -40.30912018
-11.61661816   -40.13876343
-11.61661816   -40.13876343
-11.49644279   -39.97928238
-11.49644279   -39.97928238
-11.24171352   -39.64101028
-11.24171352   -39.64101028
-11.11461449   -39.47231674
-11.11461449   -39.47231674
-10.98769379   -39.30384827
-10.98769379   -39.30384827
-10.98769379   -39.30384827
-10.98769379   -39.30384827
-10.86103916   -39.13560104
-10.86103916   -39.13560104
-10.60799599   -38.79965973
-10.60799599   -38.79965973
-10.48169708   -38.63218689
-10.48169708   -38.63218689
-10.35566330   -38.46493912
-10.35566330   -38.46493912
-10.22900867   -38.29580307
-10.22900867   -38.29580307
-9.97711945   -37.96141434
-9.97711945   -37.96141434
-9.85153008   -37.79449844
-9.85153008   -37.79449844
-9.60061741   -37.46199799
-9.60061741   -37.46199799
-9.35050297   -37.13038254
-9.35050297   -37.13038254
-9.10092163   -36.79988098
-9.10092163   -36.79988098
-8.85790825   -36.47914505
-8.85790825   -36.47914505
-8.61098957   -36.15208054
-8.61098957   -36.15208054
-8.36495876   -35.82590485
-8.36495876   -35.82590485
-8.11963749   -35.50106049
-8.11963749   -35.50106049
-7.87529278   -35.17710495
-7.87529278   -35.17710495
-7.75609350   -35.01818085
-7.75609350   -35.01818085
-7.63467550   -34.85714722
-7.63467550   -34.85714722
-7.51343536   -34.69644547
-7.51343536   -34.69644547
-7.27157593   -34.37593079
-7.27157593   -34.37593079
-7.15113401   -34.21622849
-7.15113401   -34.21622849
-7.03104734   -34.05696869
-7.03104734   -34.05696869
-6.91113853   -33.89826584
-6.91113853   -33.89826584
-6.79167318   -33.74000549
-6.79167318   -33.74000549
-6.67256308   -33.58218765
-6.67256308   -33.58218765
-6.43585157   -33.27376938
-6.43585157   -33.27376938
-6.31789494   -33.11728668
-6.31789494   -33.11728668
-6.20029354   -32.96146774
-6.20029354   -32.96146774
-6.08313608   -32.80631638
-6.08313608   -32.80631638
-5.96651077   -32.65182877
-5.96651077   -32.65182877
-5.85032988   -32.49789810
-5.85032988   -32.49789810
-5.73441458   -32.34440994
-5.73441458   -32.34440994
-5.61894321   -32.19158936
-5.61894321   -32.19158936
-5.50382710   -32.03932190
-5.50382710   -32.03932190
-5.38649225   -31.88982964
-5.38649225   -31.88982964
-5.38649225   -31.88982964
-5.38649225   -31.88982964
-5.15723610   -31.58662605
-5.15723610   -31.58662605
-4.92913389   -31.28520012
-4.92913389   -31.28520012
-4.70218563   -30.98554993
-4.70218563   -30.98554993
-4.58928823   -30.83627892
-4.58928823   -30.83627892
-4.47674608   -30.68745232
-4.47674608   -30.68745232
-4.36473608   -30.53895950
-4.36473608   -30.53895950
-4.36473608   -30.53895950
-4.36473608   -30.53895950
-4.26027107   -30.40023232
-4.26027107   -30.40023232
-4.03944683   -30.10768509
-4.03944683   -30.10768509
-3.92974472   -29.96229935
-3.92974472   -29.96229935
-3.82048631   -29.81746674
-3.82048631   -29.81746674
-3.71167183   -29.67330170
-3.71167183   -29.67330170
-3.60321236   -29.52958107
-3.60321236   -29.52958107
-3.49510813   -29.38608170
-3.49510813   -29.38608170
-3.38718104   -29.24313736
-3.38718104   -29.24313736
-3.27960920   -29.10063553
-3.27960920   -29.10063553
-3.17958164   -28.96579361
-3.17958164   -28.96579361
-3.07280850   -28.82440376
-3.07280850   -28.82440376
-2.96639037   -28.68323326
-2.96639037   -28.68323326
-2.86023879   -28.54261971
-2.86023879   -28.54261971
-2.75453067   -28.40256119
-2.75453067   -28.40256119
-2.64908910   -28.26305771
-2.64908910   -28.26305771
-2.54400229   -28.12399673
-2.54400229   -28.12399673
-2.43909311   -27.98549271
-2.43909311   -27.98549271
-2.23025107   -27.71003532
-2.23025107   -27.71003532
-2.23025107   -27.71003532
-2.23025107   -27.71003532
-2.02460432   -27.43912888
-2.02460432   -27.43912888
-2.02460432   -27.43912888
-2.02460432   -27.43912888
-1.81860244   -27.16800117
-1.81860244   -27.16800117
-1.71635592   -27.03338051
-1.71635592   -27.03338051
-1.51310551   -26.76558113
-1.51310551   -26.76558113
-1.41210163   -26.63251305
-1.41210163   -26.63251305
-1.31136405   -26.49977875
-1.31136405   -26.49977875
-1.21098137   -26.36759949
-1.21098137   -26.36759949
-1.11184144   -26.23908424
-1.11184144   -26.23908424
-1.01208007   -26.10757065
-1.01208007   -26.10757065
-0.91240752   -25.97650146
-0.91240752   -25.97650146
-0.81317878   -25.84598541
-0.81317878   -25.84598541
-0.71448255   -25.71602631
-0.71448255   -25.71602631
-0.61605257   -25.58651161
-0.61605257   -25.58651161
-0.51780009   -25.45755005
-0.51780009   -25.45755005
-0.41990268   -25.32914352
-0.41990268   -25.32914352
-0.32227153   -25.20096016
-0.32227153   -25.20096016
-0.22490665   -25.07333183
-0.22490665   -25.07333183
-0.03665606   -24.82573128
-0.03665606   -24.82573128
-0.03665606   -24.82573128
-0.03665606   -24.82573128
0.05902246   -24.69998932
0.05902246   -24.69998932
0.24949193   -24.44994736
0.24949193   -24.44994736
0.43836379   -24.20201302
0.43836379   -24.20201302
0.53226721   -24.07860184
0.53226721   -24.07860184
0.71892017   -23.83277702
0.71892017   -23.83277702
0.80554557   -23.71557999
0.80554557   -23.71557999
0.89785135   -23.59383392
0.89785135   -23.59383392
0.98980212   -23.47230911
0.98980212   -23.47230911
1.08122039   -23.35100555
1.08122039   -23.35100555
1.17254984   -23.22992516
1.17254984   -23.22992516
1.26352417   -23.10895348
1.26352417   -23.10895348
1.35440993   -22.98809433
1.35440993   -22.98809433
1.44494057   -22.86745834
1.44494057   -22.86745834
1.53520501   -22.74693108
1.53520501   -22.74693108
1.62520301   -22.62662697
1.62520301   -22.62662697
1.71360362   -22.51042938
1.71360362   -22.51042938
1.80315793   -22.39056969
1.80315793   -22.39056969
1.89235723   -22.27059746
1.89235723   -22.27059746
1.98129022   -22.15084839
1.98129022   -22.15084839
2.06995702   -22.03098869
2.06995702   -22.03098869
2.24693561   -21.79171181
2.24693561   -21.79171181
2.42329288   -21.55287933
2.42329288   -21.55287933
2.59361458   -21.31881714
2.59361458   -21.31881714
2.68094993   -21.20006752
2.68094993   -21.20006752
2.76801920   -21.08153915
2.76801920   -21.08153915
2.85473323   -20.96312141
2.85473323   -20.96312141
2.94126987   -20.84492493
2.94126987   -20.84492493
3.11327815   -20.60897827
3.11327815   -20.60897827
3.19883823   -20.49111557
3.19883823   -20.49111557
3.28395486   -20.37336349
3.28395486   -20.37336349
3.36871624   -20.25572395
3.36871624   -20.25572395
3.54099083   -20.02033043
3.54099083   -20.02033043
3.62442088   -19.90313530
3.62442088   -19.90313530
3.78950620   -19.66874123
3.78950620   -19.66874123
3.78950620   -19.66874123
3.78950620   -19.66874123
3.95192862   -19.43445778
3.95192862   -19.43445778
4.03198624   -19.31726074
4.03198624   -19.31726074
4.11133337   -19.20017624
4.11133337   -19.20017624
4.11133337   -19.20017624
4.11133337   -19.20017624
4.26381540   -18.97466087
4.26381540   -18.97466087
4.34085512   -18.85846329
4.34085512   -18.85846329
4.41709614   -18.74237633
4.41709614   -18.74237633
4.49253798   -18.62662125
4.49253798   -18.62662125
4.56718159   -18.51086807
4.56718159   -18.51086807
4.56718159   -18.51086807
4.56718159   -18.51086807
4.71424913   -18.27969360
4.71424913   -18.27969360
4.78676224   -18.16416168
4.78676224   -18.16416168
4.85847664   -18.04862785
4.85847664   -18.04862785
4.92939234   -17.93309593
4.92939234   -17.93309593
4.92939234   -17.93309593
4.92939234   -17.93309593
5.06554317   -17.70791435
5.06554317   -17.70791435
5.13335228   -17.59282684
5.13335228   -17.59282684
5.20018530   -17.47773743
5.20018530   -17.47773743
5.26586390   -17.36253929
5.26586390   -17.36253929
5.39447069   -17.13258553
5.39447069   -17.13258553
5.45739841   -17.01782990
5.45739841   -17.01782990
5.51934958   -16.90329742
5.51934958   -16.90329742
5.51934958   -16.90329742
5.51934958   -16.90329742
5.64076710   -16.67611694
5.64076710   -16.67611694
5.69987822   -16.56080627
5.69987822   -16.56080627
5.75783539   -16.44538498
5.75783539   -16.44538498
5.81454992   -16.32985306
5.81454992   -16.32985306
5.86984444   -16.21421051
5.86984444   -16.21421051
5.97652864   -15.98314667
5.97652864   -15.98314667
6.02791786   -15.86783600
6.02791786   -15.86783600
6.07824230   -15.75263691
6.07824230   -15.75263691
6.12732363   -15.63743782
6.12732363   -15.63743782
6.21448135   -15.42113495
6.21448135   -15.42113495
6.25948048   -15.30649090
6.25948048   -15.30649090
6.30350304   -15.19206810
6.30350304   -15.19206810
6.34654951   -15.07775688
6.34654951   -15.07775688
6.34654951   -15.07775688
6.34654951   -15.07775688
6.42909193   -14.84913445
6.42909193   -14.84913445
6.46849918   -14.73493481
6.46849918   -14.73493481
6.50693035   -14.62051201
6.50693035   -14.62051201
6.54429626   -14.50609016
6.54429626   -14.50609016
6.57811213   -14.39732742
6.57811213   -14.39732742
6.61290407   -14.28290558
6.61290407   -14.28290558
6.64698601   -14.16859436
6.64698601   -14.16859436
6.67982531   -14.05428314
6.67982531   -14.05428314
6.71142244   -13.93963909
6.71142244   -13.93963909
6.77062178   -13.71057224
6.77062178   -13.71057224
6.79849100   -13.59615040
6.79849100   -13.59615040
6.82494020   -13.48172855
6.82494020   -13.48172855
6.85005808   -13.36730576
6.85005808   -13.36730576
6.85005808   -13.36730576
6.85005808   -13.36730576
6.87553072   -13.25565815
6.87553072   -13.25565815
6.92026329   -13.02725792
6.92026329   -13.02725792
6.94085455   -12.91316891
6.94085455   -12.91316891
6.96029186   -12.79930115
6.96029186   -12.79930115
6.99534988   -12.57223225
6.99534988   -12.57223225
7.01097059   -12.45892048
7.01097059   -12.45892048
7.01097059   -12.45892048
7.01097059   -12.45892048
7.01097059   -12.45892048
7.01097059   -12.45892048
7.04886913   -12.12508678
7.04886913   -12.12508678
7.04886913   -12.12508678
7.04886913   -12.12508678
7.06795120   -11.89957237
7.06795120   -11.89957237
7.07549524   -11.78725815
7.07549524   -11.78725815
7.08161926   -11.67527771
7.08161926   -11.67527771
7.08978462   -11.45220470
7.08978462   -11.45220470
7.09209251   -11.34133339
7.09209251   -11.34133339
7.09324598   -11.23079586
7.09324598   -11.23079586
7.09324598   -11.12070179
7.09324598   -11.12070179
7.09324598   -11.12070179
7.09324598   -11.12070179
7.08934069   -10.90528679
7.08934069   -10.90528679
7.08570147   -10.79596901
7.08570147   -10.79596901
7.08064222   -10.68687439
7.08064222   -10.68687439
7.07434034   -10.57822323
7.07434034   -10.57822323
7.05827570   -10.36203098
7.05827570   -10.36203098
7.04842377   -10.25471115
7.04842377   -10.25471115
7.04842377   -10.25471115
7.04842377   -10.25471115
7.02561331   -10.04251385
7.02561331   -10.04251385
7.00937128   -9.93863583
7.00937128   -9.93863583
6.99552536   -9.83431244
6.99552536   -9.83431244
6.98079157   -9.73065567
6.98079157   -9.73065567
6.98079157   -9.73065567
6.98079157   -9.73065567
6.94839573   -9.52567196
6.94839573   -9.52567196
6.91218328   -9.32401848
6.91218328   -9.32401848
6.89247942   -9.22446823
6.89247942   -9.22446823
6.87179947   -9.12569427
6.87179947   -9.12569427
6.85040951   -9.02803040
6.85040951   -9.02803040
6.82502508   -8.92903423
6.82502508   -8.92903423
6.80185986   -8.83281326
6.80185986   -8.83281326
6.77762985   -8.73770237
6.77762985   -8.73770237
6.75251198   -8.64358902
6.75251198   -8.64358902
6.72695017   -8.55047607
6.72695017   -8.55047607
6.70085621   -8.45825005
6.70085621   -8.45825005
6.67405176   -8.36724472
6.67405176   -8.36724472
6.64662647   -8.27723885
6.64662647   -8.27723885
6.61875725   -8.18845367
6.61875725   -8.18845367
6.59035540   -8.10066700
6.59035540   -8.10066700
6.55911350   -8.01421165
6.55911350   -8.01421165
6.52946901   -7.92809010
6.52946901   -7.92809010
6.49929190   -7.84296751
6.49929190   -7.84296751
6.46849394   -7.75862122
6.46849394   -7.75862122
6.43716288   -7.67494106
6.43716288   -7.67494106
6.37325907   -7.50935602
6.37325907   -7.50935602
6.34077454   -7.42745161
6.34077454   -7.42745161
6.30766869   -7.34621286
6.30766869   -7.34621286
6.27403021   -7.26575136
6.27403021   -7.26575136
6.20737505   -7.10504961
6.20737505   -7.10504961
6.17249393   -7.02580881
6.17249393   -7.02580881
6.13708067   -6.94723368
6.13708067   -6.94723368
6.10131216   -6.86910248
6.10131216   -6.86910248
6.02870989   -6.71439409
6.02870989   -6.71439409
5.99187660   -6.63792753
5.99187660   -6.63792753
5.95459938   -6.56179428
5.95459938   -6.56179428
5.91705561   -6.48621559
5.91705561   -6.48621559
5.87889051   -6.41640806
5.87889051   -6.41640806
5.84081459   -6.34138441
5.84081459   -6.34138441
5.80247211   -6.26713800
5.80247211   -6.26713800
5.76386356   -6.19333506
5.76386356   -6.19333506
5.72481108   -6.11986494
5.72481108   -6.11986494
5.68522644   -6.04683924
5.68522644   -6.04683924
5.64537477   -5.97403526
5.64537477   -5.97403526
5.60525751   -5.90178585
5.60525751   -5.90178585
5.56496239   -5.83020306
5.56496239   -5.83020306
5.52457857   -5.75939655
5.52457857   -5.75939655
5.52457857   -5.75939655
5.52457857   -5.75939655
5.44168139   -5.62166834
5.44168139   -5.62166834
5.40085363   -5.55230474
5.40085363   -5.55230474
5.35984850   -5.48349571
5.35984850   -5.48349571
5.31857729   -5.41513109
5.31857729   -5.41513109
5.31857729   -5.41513109
5.31857729   -5.41513109
5.23576832   -5.27984428
5.23576832   -5.27984428
5.23576832   -5.27984428
5.23576832   -5.27984428
5.15242720   -5.14655542
5.15242720   -5.14655542
5.11026812   -5.08074331
5.11026812   -5.08074331
5.06429291   -5.01703978
5.06429291   -5.01703978
5.02133512   -4.95200443
5.02133512   -4.95200443
4.97811127   -4.88730240
4.97811127   -4.88730240
4.93479872   -4.82315493
4.93479872   -4.82315493
4.89130878   -4.75956202
4.89130878   -4.75956202
4.80379581   -4.63448572
4.80379581   -4.63448572
4.75968409   -4.57278013
4.75968409   -4.57278013
4.71548414   -4.51151800
4.71548414   -4.51151800
4.67146111   -4.45070028
4.67146111   -4.45070028
4.63232040   -4.39232397
4.63232040   -4.39232397
4.58794260   -4.33250475
4.58794260   -4.33250475
4.54356480   -4.27312946
4.54356480   -4.27312946
4.49927568   -4.21441984
4.49927568   -4.21441984
4.45489788   -4.15615463
4.45489788   -4.15615463
4.41043139   -4.09844398
4.41043139   -4.09844398
4.32105494   -3.98479891
4.32105494   -3.98479891
4.27641106   -3.92875314
4.27641106   -3.92875314
4.23176670   -3.87315130
4.23176670   -3.87315130
4.18108749   -3.81632876
4.18108749   -3.81632876
4.13599968   -3.76139259
4.13599968   -3.76139259
4.09091187   -3.70690060
4.09091187   -3.70690060
4.04591322   -3.65285254
4.04591322   -3.65285254
4.00091410   -3.59924841
4.00091410   -3.59924841
3.95573759   -3.54619908
3.95573759   -3.54619908
3.91047239   -3.49359393
3.91047239   -3.49359393
3.86511827   -3.44143248
3.86511827   -3.44143248
3.81976438   -3.38960409
3.81976438   -3.38960409
3.77432156   -3.33833051
3.77432156   -3.33833051
3.72692609   -3.29060841
3.72692609   -3.29060841
3.63595200   -3.19016981
3.63595200   -3.19016981
3.59068656   -3.14056110
3.59068656   -3.14056110
3.54542136   -3.09150720
3.54542136   -3.09150720
3.50015616   -3.04289699
3.50015616   -3.04289699
3.45497966   -2.99473095
3.45497966   -2.99473095
3.40980315   -2.94689798
3.40980315   -2.94689798
3.36480427   -2.89939785
3.36480427   -2.89939785
3.31989384   -2.85223055
3.31989384   -2.85223055
3.27232099   -2.80417538
3.27232099   -2.80417538
3.22732210   -2.75723028
3.22732210   -2.75723028
3.18250060   -2.71072888
3.18250060   -2.71072888
3.13767910   -2.66478229
3.13767910   -2.66478229
3.09285760   -2.61939096
3.09285760   -2.61939096
3.04803610   -2.57444334
3.04803610   -2.57444334
3.00321484   -2.52993965
3.00321484   -2.52993965
2.95848203   -2.48587990
2.95848203   -2.48587990
2.91383815   -2.44215298
2.91383815   -2.44215298
2.86928296   -2.39875913
2.86928296   -2.39875913
2.82259750   -2.35558724
2.82259750   -2.35558724
2.77804232   -2.31263733
2.77804232   -2.31263733
2.73366475   -2.27002048
2.73366475   -2.27002048
2.68937564   -2.22762537
2.68937564   -2.22762537
2.64526439   -2.18556333
2.64526439   -2.18556333
2.60115290   -2.14394522
2.60115290   -2.14394522
2.60115290   -2.14394522
2.60115290   -2.14394522
2.60115290   -2.14394522
2.60115290   -2.14394522
2.46952868   -2.02075553
2.46952868   -2.02075553
2.42594981   -1.98058009
2.42594981   -1.98058009
2.37740064   -1.94151449
2.37740064   -1.94151449
2.33364415   -1.90200508
2.33364415   -1.90200508
2.28988791   -1.86293948
2.28988791   -1.86293948
2.24622011   -1.82431781
2.24622011   -1.82431781
2.20281887   -1.78602910
2.20281887   -1.78602910
2.11619353   -1.71033955
2.11619353   -1.71033955
2.07296968   -1.67293870
2.07296968   -1.67293870
2.02983451   -1.63575983
2.02983451   -1.63575983
1.98687696   -1.59880292
1.98687696   -1.59880292
1.89927542   -1.52544403
1.89927542   -1.52544403
1.85605156   -1.48926401
1.85605156   -1.48926401
1.81291652   -1.45341694
1.81291652   -1.45341694
1.76987016   -1.41801369
1.76987016   -1.41801369
1.72700131   -1.38305449
1.72700131   -1.38305449
1.72700131   -1.38305449
1.72700131   -1.38305449
1.64161873   -1.31424582
1.64161873   -1.31424582
1.59901607   -1.28050733
1.59901607   -1.28050733
1.55659103   -1.24699092
1.55659103   -1.24699092
1.51425481   -1.21558309
1.51425481   -1.21558309
1.47200727   -1.18251050
1.47200727   -1.18251050
1.42984843   -1.14965987
1.42984843   -1.14965987
1.38786709   -1.11703134
1.38786709   -1.11703134
1.34615219   -1.08451366
1.34615219   -1.08451366
1.30443716   -1.05232894
1.30443716   -1.05232894
1.26281083   -1.02025521
1.26281083   -1.02025521
1.22127342   -0.98840344
1.22127342   -0.98840344
1.17982459   -0.95655167
1.17982459   -0.95655167
1.13846469   -0.92492187
1.13846469   -0.92492187
1.08911669   -0.89295918
1.08911669   -0.89295918
1.04775667   -0.86088544
1.04775667   -0.86088544
1.00666296   -0.82870072
1.00666296   -0.82870072
0.96574676   -0.79651600
0.96574676   -0.79651600
0.92509681   -0.76433134
0.92509681   -0.76433134
0.92509681   -0.76433134
0.92509681   -0.76433134
0.84468448   -0.69985092
0.84468448   -0.69985092
0.80501086   -0.66755521
0.80501086   -0.66755521
0.76586974   -0.63492662
0.76586974   -0.63492662
0.72708362   -0.60229796
0.72708362   -0.60229796
0.68962890   -0.57133406
0.68962890   -0.57133406
0.65146410   -0.53859442
0.65146410   -0.53859442
0.61338806   -0.50585485
0.61338806   -0.50585485
0.57548952   -0.47300422
0.57548952   -0.47300422
0.53767979   -0.44004264
0.53767979   -0.44004264
0.49995875   -0.40708107
0.49995875   -0.40708107
0.46241525   -0.37434146
0.46241525   -0.37434146
0.42487174   -0.34182382
0.42487174   -0.34182382
0.38741699   -0.30952811
0.38741699   -0.30952811
0.34996223   -0.27745438
0.34996223   -0.27745438
0.30735970   -0.24083041
0.30735970   -0.24083041
0.26919490   -0.20886767
0.26919490   -0.20886767
0.23111886   -0.17712688
0.23111886   -0.17712688
0.19313158   -0.14549708
0.19313158   -0.14549708
0.15532182   -0.11420023
0.15532182   -0.11420023
0.15532182   -0.11420023
0.15532182   -0.11420023
0.08005730   -0.05238339
0.08005730   -0.05238339
0.04251380   -0.02164144
0.04251380   -0.02164144
0.00497030   0.00932247
0.00497030   0.00932247
-0.03257320   0.04050834
-0.03257320   0.04050834
-0.07135928   0.06847575
-0.07135928   0.06847575
-0.10872526   0.09977260
-0.10872526   0.09977260
-0.14609125   0.13106945
-0.14609125   0.13106945
-0.18345724   0.16214435
-0.18345724   0.16214435
-0.22091199   0.19321924
-0.22091199   0.19321924
-0.29608774   0.25503609
-0.29608774   0.25503609
-0.33380875   0.28588903
-0.33380875   0.28588903
-0.37170726   0.31663096
-0.37170726   0.31663096
-0.40978330   0.34715095
-0.40978330   0.34715095
-0.45371717   0.37489638
-0.45371717   0.37489638
-0.49214825   0.40508342
-0.49214825   0.40508342
-0.53057927   0.43515950
-0.53057927   0.43515950
-0.56892157   0.46512458
-0.56892157   0.46512458
-0.60726386   0.49497867
-0.60726386   0.49497867
-0.64560616   0.52461082
-0.64560616   0.52461082
-0.68377095   0.55413193
-0.68377095   0.55413193
-0.72202450   0.58343112
-0.72202450   0.58343112
-0.76018929   0.61250836
-0.76018929   0.61250836
-0.79835409   0.64158559
-0.79835409   0.64158559
-0.84566063   0.67598993
-0.84566063   0.67598993
-0.88426918   0.70528913
-0.88426918   0.70528913
-0.92296654   0.73458833
-0.92296654   0.73458833
-0.96166384   0.76355457
-0.96166384   0.76355457
-1.00044990   0.79240984
-1.00044990   0.79240984
-1.03905845   0.82104313
-1.03905845   0.82104313
-1.07757831   0.84967643
-1.07757831   0.84967643
-1.11600935   0.87830973
-1.11600935   0.87830973
-1.15452909   0.90694302
-1.15452909   0.90694302
-1.19322646   0.93535435
-1.19322646   0.93535435
-1.23795903   0.96587431
-1.23795903   0.96587431
-1.27683389   0.99395275
-1.27683389   0.99395275
-1.31544244   1.02192008
-1.31544244   1.02192008
-1.35369599   1.04977655
-1.35369599   1.04977655
-1.39150572   1.07774401
-1.39150572   1.07774401
-1.42896044   1.10571134
-1.42896044   1.10571134
-1.46623766   1.13367879
-1.46623766   1.13367879
-1.50342619   1.16142428
-1.50342619   1.16142428
-1.54052591   1.18883669
-1.54052591   1.18883669
-1.57753682   1.21613824
-1.57753682   1.21613824
-1.62422216   1.24244094
-1.62422216   1.24244094
-1.66105556   1.26985347
-1.66105556   1.26985347
-1.69771159   1.29726589
-1.69771159   1.29726589
-1.73410118   1.32434547
-1.73410118   1.32434547
-1.77057958   1.35131407
-1.77057958   1.35131407
-1.84309268   1.40458536
-1.84309268   1.40458536
-1.87921607   1.43099904
-1.87921607   1.43099904
-1.91507328   1.45741272
-1.91507328   1.45741272
-1.95066416   1.48360431
-1.95066416   1.48360431
-1.98732007   1.51212668
-1.98732007   1.51212668
-2.02291083   1.53842938
-2.02291083   1.53842938
-2.05832434   1.56473207
-2.05832434   1.56473207
-2.09347129   1.59081280
-2.09347129   1.59081280
-2.12844086   1.61678255
-2.12844086   1.61678255
-2.16314435   1.64264131
-2.16314435   1.64264131
-2.19758129   1.66827810
-2.19758129   1.66827810
-2.23166347   1.69380391
-2.23166347   1.69380391
-2.26547909   1.71910775
-2.26547909   1.71910775
-2.29929495   1.74418962
-2.29929495   1.74418962
-2.33781457   1.76494324
-2.33781457   1.76494324
-2.37163043   1.78969216
-2.37163043   1.78969216
-2.40535736   1.81455207
-2.40535736   1.81455207
-2.43890691   1.83941197
-2.43890691   1.83941197
-2.47210145   1.86438286
-2.47210145   1.86438286
-2.50520706   1.88924289
-2.50520706   1.88924289
-2.53813529   1.91399181
-2.53813529   1.91399181
-2.57097483   1.93862975
-2.57097483   1.93862975
-2.60381436   1.96315670
-2.60381436   1.96315670
-2.63656497   1.98768365
-2.63656497   1.98768365
-2.63656497   1.98768365
-2.63656497   1.98768365
-2.70481777   2.03673768
-2.70481777   2.03673768
-2.73739100   2.06137562
-2.73739100   2.06137562
-2.76987529   2.08579159
-2.76987529   2.08579159
-2.76987529   2.08579159
-2.76987529   2.08579159
-2.83484435   2.13451266
-2.83484435   2.13451266
-2.86732864   2.15870667
-2.86732864   2.15870667
-2.89972425   2.18290067
-2.89972425   2.18290067
-2.93194246   2.20709467
-2.93194246   2.20709467
-2.96398330   2.23117781
-2.96398330   2.23117781
-3.00081658   2.25625968
-3.00081658   2.25625968
-3.03267980   2.28023171
-3.03267980   2.28023171
-3.06445408   2.30420375
-3.06445408   2.30420375
-3.09596229   2.32795382
-3.09596229   2.32795382
-3.12729287   2.35148215
-3.12729287   2.35148215
-3.15844607   2.37489915
-3.15844607   2.37489915
-3.18933272   2.39809442
-3.18933272   2.39809442
-3.21986461   2.42106771
-3.21986461   2.42106771
-3.25013018   2.44381905
-3.25013018   2.44381905
-3.28012943   2.46634817
-3.28012943   2.46634817
-3.34607458   2.51284957
-3.34607458   2.51284957
-3.37580776   2.53515697
-3.37580776   2.53515697
-3.40527439   2.55713129
-3.40527439   2.55713129
-3.40527439   2.55713129
-3.40527439   2.55713129
-3.46340919   2.60085821
-3.46340919   2.60085821
-3.49216580   2.62238860
-3.49216580   2.62238860
-3.52065635   2.64380813
-3.52065635   2.64380813
-3.54888034   2.66500568
-3.54888034   2.66500568
-3.57683825   2.68587041
-3.57683825   2.68587041
-3.60976648   2.70695686
-3.60976648   2.70695686
-3.63719201   2.72748852
-3.63719201   2.72748852
-3.66426229   2.74779820
-3.66426229   2.74779820
-3.69080019   2.76766396
-3.69080019   2.76766396
-3.71698284   2.78719664
-3.71698284   2.78719664
-3.74272180   2.80650759
-3.74272180   2.80650759
-3.76810598   2.82559633
-3.76810598   2.82559633
-3.79304624   2.84435225
-3.79304624   2.84435225
-3.81763124   2.86288619
-3.81763124   2.86288619
-3.84203911   2.88108730
-3.84203911   2.88108730
-3.86866570   2.89840055
-3.86866570   2.89840055
-3.89236331   2.91615748
-3.89236331   2.91615748
-3.91579461   2.93369269
-3.91579461   2.93369269
-3.93887115   2.95100594
-3.93887115   2.95100594
-3.96132612   2.96787500
-3.96132612   2.96787500
-3.98351502   2.98452234
-3.98351502   2.98452234
-4.00534868   3.00083661
-4.00534868   3.00083661
-4.02691603   3.01692915
-4.02691603   3.01692915
-4.04812860   3.03291035
-4.04812860   3.03291035
-4.06916380   3.04866982
-4.06916380   3.04866982
-4.09126377   3.06520629
-4.09126377   3.06520629
-4.11212111   3.08096552
-4.11212111   3.08096552
-4.13271236   3.09639215
-4.13271236   3.09639215
-4.15321493   3.11170745
-4.15321493   3.11170745
-4.17336226   3.12680101
-4.17336226   3.12680101
-4.19324350   3.14167261
-4.19324350   3.14167261
-4.21294737   3.15632224
-4.21294737   3.15632224
-4.23229599   3.17086077
-4.23229599   3.17086077
-4.25146723   3.18528843
-4.25146723   3.18528843
-4.27037191   3.19949412
-4.27037191   3.19949412
-4.28741312   3.20959353
-4.28741312   3.20959353
-4.30596256   3.22346616
-4.30596256   3.22346616
-4.32433510   3.23711705
-4.32433510   3.23711705
-4.34244108   3.25065684
-4.34244108   3.25065684
-4.36028099   3.26397467
-4.36028099   3.26397467
-4.37812090   3.27740335
-4.37812090   3.27740335
-4.39587164   3.29072118
-4.39587164   3.29072118
-4.41353416   3.30392814
-4.41353416   3.30392814
-4.43119621   3.31724596
-4.43119621   3.31724596
-4.44894743   3.33056378
-4.44894743   3.33056378
-4.46714211   3.34155083
-4.46714211   3.34155083
-4.48498201   3.35497975
-4.48498201   3.35497975
-4.50273323   3.36829758
-4.50273323   3.36829758
-4.52057314   3.38172626
-4.52057314   3.38172626
-4.53850174   3.39515519
-4.53850174   3.39515519
-4.53850174   3.39515519
-4.53850174   3.39515519
-4.57444763   3.42212367
-4.57444763   3.42212367
-4.57444763   3.42212367
-4.57444763   3.42212367
-4.61057091   3.44920325
-4.61057091   3.44920325
-4.62876558   3.46285415
-4.62876558   3.46285415
-4.64119148   3.47139978
-4.64119148   3.47139978
-4.65929747   3.48505044
-4.65929747   3.48505044
-4.67749214   3.49859023
-4.67749214   3.49859023
-4.67749214   3.49859023
-4.67749214   3.49859023
-4.71397066   3.52600265
-4.71397066   3.52600265
-4.73234320   3.53987551
-4.73234320   3.53987551
-4.75089264   3.55374813
-4.75089264   3.55374813
-4.76944256   3.56773186
-4.76944256   3.56773186
-4.78816986   3.58171558
-4.78816986   3.58171558
-4.80698633   3.59581041
-4.80698633   3.59581041
-4.82748842   3.61168075
-4.82748842   3.61168075
-4.84612703   3.62566447
-4.84612703   3.62566447
