37.2193974200   126.4350092040   15.3260000000
37.2193974200   126.4350092040   15.3260000000
37.2193974200   126.4350092040   15.3260000000
37.2193974200   126.4350092040   15.3260000000
37.2193974200   126.4350092040   15.3260000000
37.2193974200   126.4350092040   15.3260000000
37.2193974200   126.4350092040   15.3260000000
37.2193974200   126.4350092040   15.3260000000
37.2193974200   126.4350092040   15.3260000000
37.2193974200   126.4350092040   15.3260000000
37.2193974200   126.4350092040   15.3260000000
37.2193974200   126.4350092040   15.3260000000
37.2193974200   126.4350092040   15.3260000000
37.2193974200   126.4350092040   15.3260000000
37.2193974200   126.4350092040   15.3260000000
37.2193974200   126.4350092040   15.3260000000
37.2193974200   126.4350092040   15.3260000000
37.2193974200   126.4350092040   15.3260000000
37.2193974200   126.4350092040   15.3260000000
37.2193974200   126.4350092040   15.3260000000
37.2193974200   126.4350092040   15.3260000000
37.2193974200   126.4350092040   15.3260000000
37.2193974200   126.4350092040   15.3260000000
37.2193974200   126.4350092040   15.3260000000
37.2193974200   126.4350092040   15.3260000000
37.2193974200   126.4350092040   15.3260000000
37.2193974200   126.4350092040   15.3260000000
37.2193974200   126.4350092040   15.3260000000
37.2193974200   126.4350092040   15.3260000000
37.2193974200   126.4350092040   15.3260000000
37.2193974200   126.4350092040   15.3260000000
37.2193974200   126.4350092040   15.3260000000
37.2193974200   126.4350092040   15.3260000000
37.2193974200   126.4350092040   15.3260000000
37.2193974200   126.4350092040   15.3260000000
37.2193974200   126.4350092040   15.3260000000
37.2193974200   126.4350092040   15.3260000000
37.2193974200   126.4350092040   15.3260000000
37.2193974200   126.4350092040   15.3260000000
37.2193974200   126.4350092040   15.3260000000
37.2193974200   126.4350092040   15.3260000000
37.2193974200   126.4350092040   15.3260000000
37.2193974200   126.4350092040   15.3260000000
37.2193974200   126.4350092040   15.3260000000
37.2193974200   126.4350092040   15.3260000000
37.2193974200   126.4350092040   15.3260000000
37.2193974200   126.4350092040   15.3260000000
37.2193974200   126.4350092040   15.3260000000
37.2193974200   126.4350092040   15.3260000000
37.2193974200   126.4350092040   15.3260000000
37.2193974200   126.4350092040   15.3260000000
37.2193974200   126.4350092040   15.3260000000
37.2193974200   126.4350092040   15.3260000000
37.2193974200   126.4350092040   15.3260000000
37.2193974200   126.4350092040   15.3260000000
37.2193974200   126.4350092040   15.3260000000
37.2193974200   126.4350092040   15.3260000000
37.2193974200   126.4350092040   15.3260000000
37.2193974200   126.4350092040   15.3260000000
37.2193974200   126.4350092040   15.3260000000
37.2193974200   126.4350092040   15.3260000000
37.2193974200   126.4350092040   15.3260000000
37.2193974200   126.4350092040   15.3260000000
37.2193974200   126.4350092040   15.3260000000
37.2193974200   126.4350092040   15.3260000000
37.2193974200   126.4350092040   15.3260000000
37.2193974200   126.4350092040   15.3260000000
37.2193974200   126.4350092040   15.3260000000
37.2193974200   126.4350092040   15.3260000000
37.2193974200   126.4350092040   15.3260000000
37.2193974200   126.4350092040   15.3260000000
37.2193974200   126.4350092040   15.3260000000
37.2193974200   126.4350092040   15.3260000000
37.2193974200   126.4350092040   15.3260000000
37.2193974200   126.4350092040   15.3260000000
37.2193974200   126.4350092040   15.3260000000
37.2193974200   126.4350092040   15.3260000000
37.2193974200   126.4350092040   15.3260000000
37.2193974200   126.4350092040   15.3260000000
37.2193974200   126.4350092040   15.3260000000
37.2193974200   126.4350092040   15.3260000000
37.2193974200   126.4350092040   15.3260000000
37.2193974200   126.4350092040   15.3260000000
37.2193974200   126.4350092040   15.3260000000
37.2193974200   126.4350092040   15.3260000000
37.2193974200   126.4350092040   15.3260000000
37.2193974200   126.4350092040   15.3260000000
37.2193974200   126.4350092040   15.3260000000
37.2193974200   126.4350092040   15.3260000000
37.2193974200   126.4350092040   15.3260000000
37.2193974200   126.4350092040   15.3260000000
37.2193974200   126.4350092040   15.3260000000
37.2193974200   126.4350092040   15.3260000000
37.2193974200   126.4350092040   15.3260000000
37.2193974200   126.4350092040   15.3260000000
37.2193974200   126.4350092040   15.3260000000
37.2193974200   126.4350092040   15.3260000000
37.2193974200   126.4350092040   15.3260000000
37.2193974200   126.4350092040   15.3260000000
37.2193974200   126.4350092040   15.3260000000
37.2193974200   126.4350092040   15.3260000000
37.2193974200   126.4350092040   15.3260000000
37.2193974200   126.4350092040   15.3260000000
37.2193974200   126.4350092040   15.3260000000
37.2193974200   126.4350092040   15.3260000000
37.2193974200   126.4350092040   15.3260000000
37.2193974200   126.4350092040   15.3260000000
37.2193974200   126.4350092040   15.3260000000
37.2193974200   126.4350092040   15.3260000000
37.2193974200   126.4350092040   15.3260000000
37.2193983520   126.4350076240   15.3290000000
37.2193983520   126.4350076240   15.3290000000
37.2193985800   126.4350072480   15.3280000000
37.2193985800   126.4350072480   15.3280000000
37.2193987040   126.4350070440   15.3280000000
37.2193987040   126.4350070440   15.3280000000
37.2193989710   126.4350066060   15.3270000000
37.2193989710   126.4350066060   15.3270000000
37.2193991130   126.4350063710   15.3270000000
37.2193991130   126.4350063710   15.3270000000
37.2193994190   126.4350058690   15.3260000000
37.2193994190   126.4350058690   15.3260000000
37.2193994190   126.4350058690   15.3260000000
37.2193994190   126.4350058690   15.3260000000
37.2193995820   126.4350056020   15.3260000000
37.2193995820   126.4350056020   15.3260000000
37.2193995090   126.4350056430   15.3310000000
37.2193995090   126.4350056430   15.3310000000
37.2193996660   126.4350053870   15.3310000000
37.2193996660   126.4350053870   15.3310000000
37.2193996660   126.4350053870   15.3310000000
37.2193996660   126.4350053870   15.3310000000
37.2193999980   126.4350048450   15.3300000000
37.2193999980   126.4350048450   15.3300000000
37.2194001740   126.4350045570   15.3290000000
37.2194001740   126.4350045570   15.3290000000
37.2194003570   126.4350042600   15.3290000000
37.2194003570   126.4350042600   15.3290000000
37.2194007410   126.4350036360   15.3280000000
37.2194007410   126.4350036360   15.3280000000
37.2194009430   126.4350033110   15.3270000000
37.2194009430   126.4350033110   15.3270000000
37.2194011580   126.4350029500   15.3260000000
37.2194011580   126.4350029500   15.3260000000
37.2194013660   126.4350026110   15.3250000000
37.2194013660   126.4350026110   15.3250000000
37.2194015800   126.4350022610   15.3250000000
37.2194015800   126.4350022610   15.3250000000
37.2194018000   126.4350019000   15.3250000000
37.2194018000   126.4350019000   15.3250000000
37.2194018000   126.4350019000   15.3250000000
37.2194018000   126.4350019000   15.3250000000
37.2194022580   126.4350011490   15.3240000000
37.2194022580   126.4350011490   15.3240000000
37.2194027420   126.4350003570   15.3220000000
37.2194027420   126.4350003570   15.3220000000
37.2194029920   126.4349999460   15.3210000000
37.2194029920   126.4349999460   15.3210000000
37.2194032490   126.4349995260   15.3200000000
37.2194032490   126.4349995260   15.3200000000
37.2194034750   126.4349991110   15.3200000000
37.2194034750   126.4349991110   15.3200000000
37.2194040050   126.4349982460   15.3190000000
37.2194040050   126.4349982460   15.3190000000
37.2194042780   126.4349977980   15.3190000000
37.2194042780   126.4349977980   15.3190000000
37.2194042780   126.4349977980   15.3190000000
37.2194042780   126.4349977980   15.3190000000
37.2194048430   126.4349968730   15.3180000000
37.2194048430   126.4349968730   15.3180000000
37.2194051360   126.4349963950   15.3170000000
37.2194051360   126.4349963950   15.3170000000
37.2194057390   126.4349954100   15.3150000000
37.2194057390   126.4349954100   15.3150000000
37.2194060490   126.4349949020   15.3150000000
37.2194060490   126.4349949020   15.3150000000
37.2194063500   126.4349943740   15.3130000000
37.2194063500   126.4349943740   15.3130000000
37.2194066650   126.4349938610   15.3120000000
37.2194066650   126.4349938610   15.3120000000
37.2194069840   126.4349933400   15.3120000000
37.2194069840   126.4349933400   15.3120000000
37.2194073070   126.4349928100   15.3110000000
37.2194073070   126.4349928100   15.3110000000
37.2194076340   126.4349922730   15.3100000000
37.2194076340   126.4349922730   15.3100000000
37.2194079660   126.4349917280   15.3090000000
37.2194079660   126.4349917280   15.3090000000
37.2194083020   126.4349911770   15.3080000000
37.2194083020   126.4349911770   15.3080000000
37.2194089850   126.4349900600   15.3060000000
37.2194089850   126.4349900600   15.3060000000
37.2194089850   126.4349900600   15.3060000000
37.2194089850   126.4349900600   15.3060000000
37.2194093310   126.4349894970   15.3050000000
37.2194093310   126.4349894970   15.3050000000
37.2194096830   126.4349888730   15.3040000000
37.2194096830   126.4349888730   15.3040000000
37.2194103770   126.4349877440   15.3030000000
37.2194103770   126.4349877440   15.3030000000
37.2194110830   126.4349865970   15.3020000000
37.2194110830   126.4349865970   15.3020000000
37.2194114400   126.4349860190   15.3010000000
37.2194114400   126.4349860190   15.3010000000
37.2194117980   126.4349854380   15.3000000000
37.2194117980   126.4349854380   15.3000000000
37.2194121570   126.4349848550   15.2990000000
37.2194121570   126.4349848550   15.2990000000
37.2194125170   126.4349842690   15.2990000000
37.2194125170   126.4349842690   15.2990000000
37.2194128770   126.4349836800   15.2980000000
37.2194128770   126.4349836800   15.2980000000
37.2194132240   126.4349830030   15.3010000000
37.2194132240   126.4349830030   15.3010000000
37.2194139500   126.4349818200   15.2990000000
37.2194139500   126.4349818200   15.2990000000
37.2194143150   126.4349812250   15.2980000000
37.2194143150   126.4349812250   15.2980000000
37.2194146820   126.4349806280   15.2980000000
37.2194146820   126.4349806280   15.2980000000
37.2194146820   126.4349806280   15.2980000000
37.2194146820   126.4349806280   15.2980000000
37.2194154200   126.4349794300   15.2970000000
37.2194154200   126.4349794300   15.2970000000
37.2194157900   126.4349788280   15.2970000000
37.2194157900   126.4349788280   15.2970000000
37.2194161620   126.4349782240   15.2960000000
37.2194161620   126.4349782240   15.2960000000
37.2194161620   126.4349782240   15.2960000000
37.2194161620   126.4349782240   15.2960000000
37.2194169110   126.4349770070   15.2950000000
37.2194169110   126.4349770070   15.2950000000
37.2194175780   126.4349758470   15.3010000000
37.2194175780   126.4349758470   15.3010000000
37.2194179510   126.4349752390   15.3010000000
37.2194179510   126.4349752390   15.3010000000
37.2194183260   126.4349746260   15.3010000000
37.2194183260   126.4349746260   15.3010000000
37.2194187040   126.4349740110   15.3000000000
37.2194187040   126.4349740110   15.3000000000
37.2194190840   126.4349733910   15.2990000000
37.2194190840   126.4349733910   15.2990000000
37.2194198490   126.4349721480   15.2980000000
37.2194198490   126.4349721480   15.2980000000
37.2194202330   126.4349715250   15.2980000000
37.2194202330   126.4349715250   15.2980000000
37.2194205830   126.4349708990   15.3040000000
37.2194205830   126.4349708990   15.3040000000
37.2194209670   126.4349702750   15.3050000000
37.2194209670   126.4349702750   15.3050000000
37.2194213520   126.4349696460   15.3050000000
37.2194213520   126.4349696460   15.3050000000
37.2194217400   126.4349690130   15.3050000000
37.2194217400   126.4349690130   15.3050000000
37.2194221310   126.4349683770   15.3050000000
37.2194221310   126.4349683770   15.3050000000
37.2194225240   126.4349677380   15.3040000000
37.2194225240   126.4349677380   15.3040000000
37.2194233170   126.4349664490   15.3030000000
37.2194233170   126.4349664490   15.3030000000
37.2194237160   126.4349658000   15.3030000000
37.2194237160   126.4349658000   15.3030000000
37.2194244520   126.4349644570   15.3090000000
37.2194244520   126.4349644570   15.3090000000
37.2194252550   126.4349631450   15.3080000000
37.2194252550   126.4349631450   15.3080000000
37.2194256600   126.4349624850   15.3080000000
37.2194256600   126.4349624850   15.3080000000
37.2194264740   126.4349611550   15.3080000000
37.2194264740   126.4349611550   15.3080000000
37.2194268850   126.4349604840   15.3070000000
37.2194268850   126.4349604840   15.3070000000
37.2194277150   126.4349591300   15.3070000000
37.2194277150   126.4349591300   15.3070000000
37.2194281330   126.4349584470   15.3060000000
37.2194281330   126.4349584470   15.3060000000
37.2194285190   126.4349577190   15.3090000000
37.2194285190   126.4349577190   15.3090000000
37.2194293600   126.4349563400   15.3080000000
37.2194293600   126.4349563400   15.3080000000
37.2194297850   126.4349556460   15.3080000000
37.2194297850   126.4349556460   15.3080000000
37.2194306430   126.4349542450   15.3070000000
37.2194306430   126.4349542450   15.3070000000
37.2194310760   126.4349535370   15.3060000000
37.2194310760   126.4349535370   15.3060000000
37.2194315110   126.4349528260   15.3060000000
37.2194315110   126.4349528260   15.3060000000
37.2194319500   126.4349521110   15.3060000000
37.2194319500   126.4349521110   15.3060000000
37.2194323920   126.4349513930   15.3050000000
37.2194323920   126.4349513930   15.3050000000
37.2194323920   126.4349513930   15.3050000000
37.2194323920   126.4349513930   15.3050000000
37.2194332660   126.4349498840   15.3070000000
37.2194332660   126.4349498840   15.3070000000
37.2194332660   126.4349498840   15.3070000000
37.2194332660   126.4349498840   15.3070000000
37.2194337120   126.4349491550   15.3070000000
37.2194337120   126.4349491550   15.3070000000
37.2194346140   126.4349476860   15.3070000000
37.2194346140   126.4349476860   15.3070000000
37.2194350690   126.4349469440   15.3060000000
37.2194350690   126.4349469440   15.3060000000
37.2194350690   126.4349469440   15.3060000000
37.2194350690   126.4349469440   15.3060000000
37.2194359890   126.4349454490   15.3060000000
37.2194359890   126.4349454490   15.3060000000
37.2194359890   126.4349454490   15.3060000000
37.2194359890   126.4349454490   15.3060000000
37.2194369180   126.4349439400   15.3060000000
37.2194369180   126.4349439400   15.3060000000
37.2194373890   126.4349431440   15.3070000000
37.2194373890   126.4349431440   15.3070000000
37.2194373890   126.4349431440   15.3070000000
37.2194373890   126.4349431440   15.3070000000
37.2194383310   126.4349416130   15.3070000000
37.2194383310   126.4349416130   15.3070000000
37.2194388060   126.4349408430   15.3070000000
37.2194388060   126.4349408430   15.3070000000
37.2194392830   126.4349400680   15.3080000000
37.2194392830   126.4349400680   15.3080000000
37.2194392830   126.4349400680   15.3080000000
37.2194392830   126.4349400680   15.3080000000
37.2194402450   126.4349385060   15.3090000000
37.2194402450   126.4349385060   15.3090000000
37.2194407310   126.4349377170   15.3100000000
37.2194407310   126.4349377170   15.3100000000
37.2194407310   126.4349377170   15.3100000000
37.2194407310   126.4349377170   15.3100000000
37.2194417130   126.4349361260   15.3100000000
37.2194417130   126.4349361260   15.3100000000
37.2194422010   126.4349352260   15.3150000000
37.2194422010   126.4349352260   15.3150000000
37.2194422010   126.4349352260   15.3150000000
37.2194422010   126.4349352260   15.3150000000
37.2194432020   126.4349336010   15.3150000000
37.2194432020   126.4349336010   15.3150000000
37.2194437070   126.4349327820   15.3160000000
37.2194437070   126.4349327820   15.3160000000
37.2194442140   126.4349319600   15.3160000000
37.2194442140   126.4349319600   15.3160000000
37.2194447230   126.4349311330   15.3160000000
37.2194447230   126.4349311330   15.3160000000
37.2194452360   126.4349303020   15.3170000000
37.2194452360   126.4349303020   15.3170000000
37.2194452360   126.4349303020   15.3170000000
37.2194452360   126.4349303020   15.3170000000
37.2194462690   126.4349286270   15.3170000000
37.2194462690   126.4349286270   15.3170000000
37.2194467900   126.4349277830   15.3160000000
37.2194467900   126.4349277830   15.3160000000
37.2194473200   126.4349269060   15.3130000000
37.2194473200   126.4349269060   15.3130000000
37.2194478440   126.4349260560   15.3120000000
37.2194478440   126.4349260560   15.3120000000
37.2194483690   126.4349252010   15.3120000000
37.2194483690   126.4349252010   15.3120000000
37.2194488970   126.4349243430   15.3120000000
37.2194488970   126.4349243430   15.3120000000
37.2194494260   126.4349234820   15.3110000000
37.2194494260   126.4349234820   15.3110000000
37.2194504900   126.4349217520   15.3120000000
37.2194504900   126.4349217520   15.3120000000
37.2194510240   126.4349208830   15.3120000000
37.2194510240   126.4349208830   15.3120000000
37.2194515600   126.4349200120   15.3130000000
37.2194515600   126.4349200120   15.3130000000
37.2194520980   126.4349191390   15.3130000000
37.2194520980   126.4349191390   15.3130000000
37.2194526680   126.4349181250   15.3170000000
37.2194526680   126.4349181250   15.3170000000
37.2194537590   126.4349163510   15.3180000000
37.2194537590   126.4349163510   15.3180000000
37.2194543080   126.4349154590   15.3180000000
37.2194543080   126.4349154590   15.3180000000
37.2194548570   126.4349145630   15.3180000000
37.2194548570   126.4349145630   15.3180000000
37.2194554070   126.4349136660   15.3190000000
37.2194554070   126.4349136660   15.3190000000
37.2194559590   126.4349127680   15.3190000000
37.2194559590   126.4349127680   15.3190000000
37.2194565090   126.4349118690   15.3200000000
37.2194565090   126.4349118690   15.3200000000
37.2194570610   126.4349109670   15.3210000000
37.2194570610   126.4349109670   15.3210000000
37.2194576130   126.4349100620   15.3220000000
37.2194576130   126.4349100620   15.3220000000
37.2194581810   126.4349090490   15.3160000000
37.2194581810   126.4349090490   15.3160000000
37.2194592920   126.4349072210   15.3170000000
37.2194592920   126.4349072210   15.3170000000
37.2194598480   126.4349063030   15.3170000000
37.2194598480   126.4349063030   15.3170000000
37.2194604040   126.4349053830   15.3180000000
37.2194604040   126.4349053830   15.3180000000
37.2194609600   126.4349044620   15.3190000000
37.2194609600   126.4349044620   15.3190000000
37.2194615170   126.4349035400   15.3200000000
37.2194615170   126.4349035400   15.3200000000
37.2194620740   126.4349026170   15.3210000000
37.2194620740   126.4349026170   15.3210000000
37.2194626320   126.4349016920   15.3220000000
37.2194626320   126.4349016920   15.3220000000
37.2194626320   126.4349016920   15.3220000000
37.2194626320   126.4349016920   15.3220000000
37.2194637460   126.4348997850   15.3250000000
37.2194637460   126.4348997850   15.3250000000
37.2194643080   126.4348988540   15.3260000000
37.2194643080   126.4348988540   15.3260000000
37.2194648700   126.4348979210   15.3260000000
37.2194648700   126.4348979210   15.3260000000
37.2194654320   126.4348969870   15.3260000000
37.2194654320   126.4348969870   15.3260000000
37.2194659930   126.4348960510   15.3270000000
37.2194659930   126.4348960510   15.3270000000
37.2194671110   126.4348941770   15.3280000000
37.2194671110   126.4348941770   15.3280000000
37.2194676680   126.4348932380   15.3290000000
37.2194676680   126.4348932380   15.3290000000
37.2194682260   126.4348922990   15.3300000000
37.2194682260   126.4348922990   15.3300000000
37.2194693170   126.4348903160   15.3310000000
37.2194693170   126.4348903160   15.3310000000
37.2194693170   126.4348903160   15.3310000000
37.2194693170   126.4348903160   15.3310000000
37.2194704220   126.4348884260   15.3310000000
37.2194704220   126.4348884260   15.3310000000
37.2194709730   126.4348874800   15.3300000000
37.2194709730   126.4348874800   15.3300000000
37.2194715220   126.4348865330   15.3300000000
37.2194715220   126.4348865330   15.3300000000
37.2194720700   126.4348855890   15.3290000000
37.2194720700   126.4348855890   15.3290000000
37.2194726160   126.4348846460   15.3290000000
37.2194726160   126.4348846460   15.3290000000
37.2194726160   126.4348846460   15.3290000000
37.2194726160   126.4348846460   15.3290000000
37.2194737030   126.4348827660   15.3300000000
37.2194737030   126.4348827660   15.3300000000
37.2194742440   126.4348818280   15.3300000000
37.2194742440   126.4348818280   15.3300000000
37.2194747720   126.4348807860   15.3250000000
37.2194747720   126.4348807860   15.3250000000
37.2194747720   126.4348807860   15.3250000000
37.2194747720   126.4348807860   15.3250000000
37.2194758480   126.4348789020   15.3240000000
37.2194758480   126.4348789020   15.3240000000
37.2194763820   126.4348779600   15.3230000000
37.2194763820   126.4348779600   15.3230000000
37.2194769140   126.4348770190   15.3230000000
37.2194769140   126.4348770190   15.3230000000
37.2194774430   126.4348760820   15.3230000000
37.2194774430   126.4348760820   15.3230000000
37.2194779690   126.4348751440   15.3220000000
37.2194779690   126.4348751440   15.3220000000
37.2194779690   126.4348751440   15.3220000000
37.2194779690   126.4348751440   15.3220000000
37.2194790110   126.4348732750   15.3220000000
37.2194790110   126.4348732750   15.3220000000
37.2194790110   126.4348732750   15.3220000000
37.2194790110   126.4348732750   15.3220000000
37.2194800580   126.4348713170   15.3280000000
37.2194800580   126.4348713170   15.3280000000
37.2194805720   126.4348703830   15.3280000000
37.2194805720   126.4348703830   15.3280000000
37.2194810850   126.4348694510   15.3290000000
37.2194810850   126.4348694510   15.3290000000
37.2194815960   126.4348685190   15.3290000000
37.2194815960   126.4348685190   15.3290000000
37.2194821050   126.4348675880   15.3290000000
37.2194821050   126.4348675880   15.3290000000
37.2194821050   126.4348675880   15.3290000000
37.2194821050   126.4348675880   15.3290000000
37.2194831160   126.4348657330   15.3290000000
37.2194831160   126.4348657330   15.3290000000
37.2194836180   126.4348648090   15.3290000000
37.2194836180   126.4348648090   15.3290000000
37.2194841150   126.4348638840   15.3300000000
37.2194841150   126.4348638840   15.3300000000
37.2194846100   126.4348629620   15.3300000000
37.2194846100   126.4348629620   15.3300000000
37.2194850870   126.4348619650   15.3350000000
37.2194850870   126.4348619650   15.3350000000
37.2194855780   126.4348610420   15.3350000000
37.2194855780   126.4348610420   15.3350000000
37.2194860650   126.4348601200   15.3350000000
37.2194860650   126.4348601200   15.3350000000
37.2194865480   126.4348591980   15.3360000000
37.2194865480   126.4348591980   15.3360000000
37.2194870300   126.4348582770   15.3360000000
37.2194870300   126.4348582770   15.3360000000
37.2194879850   126.4348564340   15.3360000000
37.2194879850   126.4348564340   15.3360000000
37.2194884600   126.4348555130   15.3360000000
37.2194884600   126.4348555130   15.3360000000
37.2194889330   126.4348545930   15.3360000000
37.2194889330   126.4348545930   15.3360000000
37.2194894030   126.4348536750   15.3360000000
37.2194894030   126.4348536750   15.3360000000
37.2194898740   126.4348526960   15.3360000000
37.2194898740   126.4348526960   15.3360000000
37.2194903410   126.4348517760   15.3360000000
37.2194903410   126.4348517760   15.3360000000
37.2194908030   126.4348508580   15.3360000000
37.2194908030   126.4348508580   15.3360000000
37.2194912630   126.4348499400   15.3360000000
37.2194912630   126.4348499400   15.3360000000
37.2194912630   126.4348499400   15.3360000000
37.2194912630   126.4348499400   15.3360000000
37.2194921700   126.4348481050   15.3360000000
37.2194921700   126.4348481050   15.3360000000
37.2194926180   126.4348471880   15.3360000000
37.2194926180   126.4348471880   15.3360000000
37.2194930630   126.4348462720   15.3360000000
37.2194930630   126.4348462720   15.3360000000
37.2194935050   126.4348453560   15.3360000000
37.2194935050   126.4348453560   15.3360000000
37.2194944130   126.4348434860   15.3300000000
37.2194944130   126.4348434860   15.3300000000
37.2194948490   126.4348425690   15.3300000000
37.2194948490   126.4348425690   15.3300000000
37.2194952810   126.4348416530   15.3300000000
37.2194952810   126.4348416530   15.3300000000
37.2194957100   126.4348407370   15.3300000000
37.2194957100   126.4348407370   15.3300000000
37.2194961360   126.4348398220   15.3300000000
37.2194961360   126.4348398220   15.3300000000
37.2194965580   126.4348389060   15.3310000000
37.2194965580   126.4348389060   15.3310000000
37.2194969770   126.4348379900   15.3310000000
37.2194969770   126.4348379900   15.3310000000
37.2194973940   126.4348370730   15.3310000000
37.2194973940   126.4348370730   15.3310000000
37.2194978080   126.4348361550   15.3320000000
37.2194978080   126.4348361550   15.3320000000
37.2194982180   126.4348352370   15.3320000000
37.2194982180   126.4348352370   15.3320000000
37.2194986180   126.4348342740   15.3270000000
37.2194986180   126.4348342740   15.3270000000
37.2194990260   126.4348333500   15.3270000000
37.2194990260   126.4348333500   15.3270000000
37.2194994320   126.4348324260   15.3280000000
37.2194994320   126.4348324260   15.3280000000
37.2194998340   126.4348315000   15.3280000000
37.2194998340   126.4348315000   15.3280000000
37.2195002320   126.4348305730   15.3290000000
37.2195002320   126.4348305730   15.3290000000
37.2195006270   126.4348296450   15.3290000000
37.2195006270   126.4348296450   15.3290000000
37.2195006270   126.4348296450   15.3290000000
37.2195006270   126.4348296450   15.3290000000
37.2195006270   126.4348296450   15.3290000000
37.2195006270   126.4348296450   15.3290000000
37.2195017880   126.4348268520   15.3310000000
37.2195017880   126.4348268520   15.3310000000
37.2195021680   126.4348259180   15.3320000000
37.2195021680   126.4348259180   15.3320000000
37.2195025600   126.4348249330   15.3220000000
37.2195025600   126.4348249330   15.3220000000
37.2195029360   126.4348239900   15.3220000000
37.2195029360   126.4348239900   15.3220000000
37.2195033090   126.4348230440   15.3220000000
37.2195033090   126.4348230440   15.3220000000
37.2195033090   126.4348230440   15.3220000000
37.2195033090   126.4348230440   15.3220000000
37.2195040460   126.4348211460   15.3210000000
37.2195040460   126.4348211460   15.3210000000
37.2195044100   126.4348201970   15.3220000000
37.2195044100   126.4348201970   15.3220000000
37.2195047700   126.4348192470   15.3220000000
37.2195047700   126.4348192470   15.3220000000
37.2195051260   126.4348182950   15.3220000000
37.2195051260   126.4348182950   15.3220000000
37.2195054780   126.4348173410   15.3220000000
37.2195054780   126.4348173410   15.3220000000
37.2195054780   126.4348173410   15.3220000000
37.2195054780   126.4348173410   15.3220000000
37.2195061540   126.4348153620   15.3140000000
37.2195061540   126.4348153620   15.3140000000
37.2195064920   126.4348143970   15.3140000000
37.2195064920   126.4348143970   15.3140000000
37.2195068240   126.4348134310   15.3150000000
37.2195068240   126.4348134310   15.3150000000
37.2195071520   126.4348124640   15.3150000000
37.2195071520   126.4348124640   15.3150000000
37.2195074760   126.4348114940   15.3150000000
37.2195074760   126.4348114940   15.3150000000
37.2195081130   126.4348095470   15.3150000000
37.2195081130   126.4348095470   15.3150000000
37.2195084280   126.4348085710   15.3150000000
37.2195084280   126.4348085710   15.3150000000
37.2195087380   126.4348075930   15.3150000000
37.2195087380   126.4348075930   15.3150000000
37.2195090440   126.4348066150   15.3150000000
37.2195090440   126.4348066150   15.3150000000
37.2195093620   126.4348055320   15.3150000000
37.2195093620   126.4348055320   15.3150000000
37.2195096630   126.4348045430   15.3150000000
37.2195096630   126.4348045430   15.3150000000
37.2195099590   126.4348035540   15.3160000000
37.2195099590   126.4348035540   15.3160000000
37.2195102500   126.4348025630   15.3160000000
37.2195102500   126.4348025630   15.3160000000
37.2195108160   126.4348005750   15.3170000000
37.2195108160   126.4348005750   15.3170000000
37.2195110910   126.4347995790   15.3170000000
37.2195110910   126.4347995790   15.3170000000
37.2195113610   126.4347985810   15.3180000000
37.2195113610   126.4347985810   15.3180000000
37.2195116270   126.4347975810   15.3190000000
37.2195116270   126.4347975810   15.3190000000
37.2195118870   126.4347965770   15.3190000000
37.2195118870   126.4347965770   15.3190000000
37.2195121420   126.4347955380   15.3160000000
37.2195121420   126.4347955380   15.3160000000
37.2195123970   126.4347945270   15.3160000000
37.2195123970   126.4347945270   15.3160000000
37.2195126460   126.4347935140   15.3160000000
37.2195126460   126.4347935140   15.3160000000
37.2195128890   126.4347925000   15.3160000000
37.2195128890   126.4347925000   15.3160000000
37.2195131280   126.4347914860   15.3170000000
37.2195131280   126.4347914860   15.3170000000
37.2195135910   126.4347894560   15.3180000000
37.2195135910   126.4347894560   15.3180000000
37.2195138130   126.4347884380   15.3190000000
37.2195138130   126.4347884380   15.3190000000
37.2195140290   126.4347874180   15.3200000000
37.2195140290   126.4347874180   15.3200000000
37.2195142390   126.4347863960   15.3200000000
37.2195142390   126.4347863960   15.3200000000
37.2195144220   126.4347853120   15.3140000000
37.2195144220   126.4347853120   15.3140000000
37.2195146230   126.4347842800   15.3140000000
37.2195146230   126.4347842800   15.3140000000
37.2195148180   126.4347832460   15.3150000000
37.2195148180   126.4347832460   15.3150000000
37.2195150080   126.4347822110   15.3150000000
37.2195150080   126.4347822110   15.3150000000
37.2195151950   126.4347811760   15.3160000000
37.2195151950   126.4347811760   15.3160000000
37.2195153780   126.4347801410   15.3160000000
37.2195153780   126.4347801410   15.3160000000
37.2195155540   126.4347791030   15.3170000000
37.2195155540   126.4347791030   15.3170000000
37.2195157230   126.4347780660   15.3180000000
37.2195157230   126.4347780660   15.3180000000
37.2195158860   126.4347770290   15.3190000000
37.2195158860   126.4347770290   15.3190000000
37.2195162050   126.4347749080   15.3120000000
37.2195162050   126.4347749080   15.3120000000
37.2195164920   126.4347728240   15.3140000000
37.2195164920   126.4347728240   15.3140000000
37.2195166300   126.4347717810   15.3150000000
37.2195166300   126.4347717810   15.3150000000
37.2195167610   126.4347707360   15.3150000000
37.2195167610   126.4347707360   15.3150000000
37.2195170090   126.4347686470   15.3170000000
37.2195170090   126.4347686470   15.3170000000
37.2195171250   126.4347676040   15.3180000000
37.2195171250   126.4347676040   15.3180000000
37.2195172360   126.4347665610   15.3200000000
37.2195172360   126.4347665610   15.3200000000
37.2195173400   126.4347655200   15.3210000000
37.2195173400   126.4347655200   15.3210000000
37.2195174350   126.4347643980   15.3120000000
37.2195174350   126.4347643980   15.3120000000
37.2195175300   126.4347633520   15.3140000000
37.2195175300   126.4347633520   15.3140000000
37.2195176210   126.4347623050   15.3150000000
37.2195176210   126.4347623050   15.3150000000
37.2195177050   126.4347612580   15.3160000000
37.2195177050   126.4347612580   15.3160000000
37.2195177850   126.4347602100   15.3170000000
37.2195177850   126.4347602100   15.3170000000
37.2195178580   126.4347591640   15.3180000000
37.2195178580   126.4347591640   15.3180000000
37.2195179270   126.4347581190   15.3200000000
37.2195179270   126.4347581190   15.3200000000
37.2195179890   126.4347570740   15.3210000000
37.2195179890   126.4347570740   15.3210000000
37.2195180450   126.4347560290   15.3220000000
37.2195180450   126.4347560290   15.3220000000
37.2195180950   126.4347549860   15.3230000000
37.2195180950   126.4347549860   15.3230000000
37.2195181210   126.4347538580   15.3180000000
37.2195181210   126.4347538580   15.3180000000
37.2195181580   126.4347528120   15.3190000000
37.2195181580   126.4347528120   15.3190000000
37.2195181890   126.4347517680   15.3200000000
37.2195181890   126.4347517680   15.3200000000
37.2195182130   126.4347507260   15.3210000000
37.2195182130   126.4347507260   15.3210000000
37.2195182320   126.4347496850   15.3220000000
37.2195182320   126.4347496850   15.3220000000
37.2195182320   126.4347496850   15.3220000000
37.2195182320   126.4347496850   15.3220000000
37.2195182520   126.4347476090   15.3240000000
37.2195182520   126.4347476090   15.3240000000
37.2195182540   126.4347465740   15.3260000000
37.2195182540   126.4347465740   15.3260000000
37.2195182490   126.4347455410   15.3270000000
37.2195182490   126.4347455410   15.3270000000
37.2195182390   126.4347445100   15.3280000000
37.2195182390   126.4347445100   15.3280000000
37.2195181920   126.4347434390   15.3210000000
37.2195181920   126.4347434390   15.3210000000
37.2195181690   126.4347424100   15.3220000000
37.2195181690   126.4347424100   15.3220000000
37.2195181410   126.4347413830   15.3230000000
37.2195181410   126.4347413830   15.3230000000
37.2195181080   126.4347403580   15.3250000000
37.2195181080   126.4347403580   15.3250000000
37.2195180690   126.4347393350   15.3260000000
37.2195180690   126.4347393350   15.3260000000
37.2195180220   126.4347383150   15.3270000000
37.2195180220   126.4347383150   15.3270000000
37.2195179690   126.4347372970   15.3290000000
37.2195179690   126.4347372970   15.3290000000
37.2195179100   126.4347362820   15.3300000000
37.2195179100   126.4347362820   15.3300000000
37.2195178430   126.4347352710   15.3310000000
37.2195178430   126.4347352710   15.3310000000
37.2195177690   126.4347342620   15.3330000000
37.2195177690   126.4347342620   15.3330000000
37.2195176700   126.4347331560   15.3350000000
37.2195176700   126.4347331560   15.3350000000
37.2195175870   126.4347321440   15.3360000000
37.2195175870   126.4347321440   15.3360000000
37.2195174970   126.4347311350   15.3370000000
37.2195174970   126.4347311350   15.3370000000
37.2195174000   126.4347301290   15.3380000000
37.2195174000   126.4347301290   15.3380000000
37.2195172960   126.4347291260   15.3400000000
37.2195172960   126.4347291260   15.3400000000
37.2195171860   126.4347281270   15.3410000000
37.2195171860   126.4347281270   15.3410000000
37.2195170700   126.4347271320   15.3420000000
37.2195170700   126.4347271320   15.3420000000
37.2195169480   126.4347261420   15.3440000000
37.2195169480   126.4347261420   15.3440000000
37.2195168200   126.4347251550   15.3450000000
37.2195168200   126.4347251550   15.3450000000
37.2195166860   126.4347241710   15.3470000000
37.2195166860   126.4347241710   15.3470000000
37.2195165270   126.4347231630   15.3470000000
37.2195165270   126.4347231630   15.3470000000
37.2195163810   126.4347221830   15.3480000000
37.2195163810   126.4347221830   15.3480000000
37.2195162300   126.4347212060   15.3490000000
37.2195162300   126.4347212060   15.3490000000
37.2195160720   126.4347202330   15.3510000000
37.2195160720   126.4347202330   15.3510000000
37.2195159100   126.4347192610   15.3520000000
37.2195159100   126.4347192610   15.3520000000
37.2195157430   126.4347182930   15.3530000000
37.2195157430   126.4347182930   15.3530000000
37.2195155690   126.4347173270   15.3540000000
37.2195155690   126.4347173270   15.3540000000
37.2195153920   126.4347163650   15.3540000000
37.2195153920   126.4347163650   15.3540000000
37.2195152100   126.4347154080   15.3560000000
37.2195152100   126.4347154080   15.3560000000
37.2195150220   126.4347144540   15.3570000000
37.2195150220   126.4347144540   15.3570000000
37.2195148340   126.4347134100   15.3560000000
37.2195148340   126.4347134100   15.3560000000
37.2195146350   126.4347124570   15.3570000000
37.2195146350   126.4347124570   15.3570000000
37.2195144310   126.4347115060   15.3590000000
37.2195144310   126.4347115060   15.3590000000
37.2195142210   126.4347105580   15.3590000000
37.2195142210   126.4347105580   15.3590000000
37.2195140050   126.4347096140   15.3600000000
37.2195140050   126.4347096140   15.3600000000
37.2195137840   126.4347086720   15.3600000000
37.2195137840   126.4347086720   15.3600000000
37.2195135580   126.4347077350   15.3610000000
37.2195135580   126.4347077350   15.3610000000
37.2195133260   126.4347068020   15.3610000000
37.2195133260   126.4347068020   15.3610000000
37.2195130890   126.4347058730   15.3620000000
37.2195130890   126.4347058730   15.3620000000
37.2195128470   126.4347049470   15.3620000000
37.2195128470   126.4347049470   15.3620000000
37.2195125930   126.4347039850   15.3600000000
37.2195125930   126.4347039850   15.3600000000
37.2195123430   126.4347030650   15.3600000000
37.2195123430   126.4347030650   15.3600000000
37.2195120870   126.4347021480   15.3610000000
37.2195120870   126.4347021480   15.3610000000
37.2195118270   126.4347012350   15.3620000000
37.2195118270   126.4347012350   15.3620000000
37.2195115620   126.4347003260   15.3630000000
37.2195115620   126.4347003260   15.3630000000
37.2195112920   126.4346994190   15.3640000000
37.2195112920   126.4346994190   15.3640000000
37.2195110170   126.4346985160   15.3650000000
37.2195110170   126.4346985160   15.3650000000
37.2195107360   126.4346976170   15.3660000000
37.2195107360   126.4346976170   15.3660000000
37.2195104510   126.4346967210   15.3670000000
37.2195104510   126.4346967210   15.3670000000
37.2195101590   126.4346958300   15.3680000000
37.2195101590   126.4346958300   15.3680000000
37.2195098090   126.4346948640   15.3660000000
37.2195098090   126.4346948640   15.3660000000
37.2195095070   126.4346939750   15.3670000000
37.2195095070   126.4346939750   15.3670000000
37.2195092010   126.4346930890   15.3680000000
37.2195092010   126.4346930890   15.3680000000
37.2195088900   126.4346922080   15.3690000000
37.2195088900   126.4346922080   15.3690000000
37.2195088900   126.4346922080   15.3690000000
37.2195088900   126.4346922080   15.3690000000
37.2195082550   126.4346904570   15.3720000000
37.2195082550   126.4346904570   15.3720000000
37.2195079300   126.4346895870   15.3740000000
37.2195079300   126.4346895870   15.3740000000
37.2195076010   126.4346887190   15.3750000000
37.2195076010   126.4346887190   15.3750000000
37.2195072680   126.4346878550   15.3770000000
37.2195072680   126.4346878550   15.3770000000
37.2195069300   126.4346869950   15.3780000000
37.2195069300   126.4346869950   15.3780000000
37.2195065730   126.4346860470   15.3730000000
37.2195065730   126.4346860470   15.3730000000
37.2195062230   126.4346851870   15.3740000000
37.2195062230   126.4346851870   15.3740000000
37.2195058670   126.4346843300   15.3750000000
37.2195058670   126.4346843300   15.3750000000
37.2195055050   126.4346834780   15.3750000000
37.2195055050   126.4346834780   15.3750000000
37.2195051390   126.4346826280   15.3760000000
37.2195051390   126.4346826280   15.3760000000
37.2195047700   126.4346817800   15.3770000000
37.2195047700   126.4346817800   15.3770000000
37.2195043950   126.4346809370   15.3770000000
37.2195043950   126.4346809370   15.3770000000
37.2195040150   126.4346800990   15.3780000000
37.2195040150   126.4346800990   15.3780000000
37.2195036300   126.4346792650   15.3790000000
37.2195036300   126.4346792650   15.3790000000
37.2195032420   126.4346784350   15.3800000000
37.2195032420   126.4346784350   15.3800000000
37.2195028350   126.4346775550   15.3730000000
37.2195028350   126.4346775550   15.3730000000
37.2195024350   126.4346767270   15.3740000000
37.2195024350   126.4346767270   15.3740000000
37.2195020310   126.4346759020   15.3740000000
37.2195020310   126.4346759020   15.3740000000
37.2195016230   126.4346750790   15.3750000000
37.2195016230   126.4346750790   15.3750000000
37.2195012100   126.4346742620   15.3750000000
37.2195012100   126.4346742620   15.3750000000
37.2195007930   126.4346734490   15.3750000000
37.2195007930   126.4346734490   15.3750000000
37.2195003710   126.4346726400   15.3750000000
37.2195003710   126.4346726400   15.3750000000
37.2194999460   126.4346718360   15.3750000000
37.2194999460   126.4346718360   15.3750000000
37.2194995180   126.4346710360   15.3750000000
37.2194995180   126.4346710360   15.3750000000
37.2194990860   126.4346702410   15.3760000000
37.2194990860   126.4346702410   15.3760000000
37.2194986160   126.4346693590   15.3700000000
37.2194986160   126.4346693590   15.3700000000
37.2194981740   126.4346685650   15.3710000000
37.2194981740   126.4346685650   15.3710000000
37.2194977270   126.4346677750   15.3710000000
37.2194977270   126.4346677750   15.3710000000
37.2194972760   126.4346669890   15.3720000000
37.2194972760   126.4346669890   15.3720000000
37.2194968220   126.4346662040   15.3730000000
37.2194968220   126.4346662040   15.3730000000
37.2194963640   126.4346654210   15.3730000000
37.2194963640   126.4346654210   15.3730000000
37.2194959040   126.4346646410   15.3730000000
37.2194959040   126.4346646410   15.3730000000
37.2194954410   126.4346638630   15.3740000000
37.2194954410   126.4346638630   15.3740000000
37.2194949760   126.4346630880   15.3740000000
37.2194949760   126.4346630880   15.3740000000
37.2194945080   126.4346623150   15.3740000000
37.2194945080   126.4346623150   15.3740000000
37.2194940040   126.4346614550   15.3740000000
37.2194940040   126.4346614550   15.3740000000
37.2194935260   126.4346606790   15.3740000000
37.2194935260   126.4346606790   15.3740000000
37.2194930470   126.4346599060   15.3740000000
37.2194930470   126.4346599060   15.3740000000
37.2194925660   126.4346591360   15.3750000000
37.2194925660   126.4346591360   15.3750000000
37.2194925660   126.4346591360   15.3750000000
37.2194925660   126.4346591360   15.3750000000
37.2194915980   126.4346576010   15.3750000000
37.2194915980   126.4346576010   15.3750000000
37.2194911120   126.4346568370   15.3750000000
37.2194911120   126.4346568370   15.3750000000
37.2194906240   126.4346560750   15.3760000000
37.2194906240   126.4346560750   15.3760000000
37.2194901340   126.4346553180   15.3770000000
37.2194901340   126.4346553180   15.3770000000
37.2194896430   126.4346545620   15.3770000000
37.2194896430   126.4346545620   15.3770000000
37.2194891490   126.4346538080   15.3780000000
37.2194891490   126.4346538080   15.3780000000
37.2194886050   126.4346529470   15.3720000000
37.2194886050   126.4346529470   15.3720000000
37.2194881030   126.4346521930   15.3730000000
37.2194881030   126.4346521930   15.3730000000
37.2194875990   126.4346514410   15.3730000000
37.2194875990   126.4346514410   15.3730000000
37.2194870910   126.4346506930   15.3740000000
37.2194870910   126.4346506930   15.3740000000
37.2194865800   126.4346499490   15.3740000000
37.2194865800   126.4346499490   15.3740000000
37.2194860690   126.4346492070   15.3750000000
37.2194860690   126.4346492070   15.3750000000
37.2194855560   126.4346484670   15.3760000000
37.2194855560   126.4346484670   15.3760000000
37.2194850420   126.4346477290   15.3770000000
37.2194850420   126.4346477290   15.3770000000
37.2194845270   126.4346469940   15.3780000000
37.2194845270   126.4346469940   15.3780000000
37.2194839540   126.4346461680   15.3780000000
37.2194839540   126.4346461680   15.3780000000
37.2194834300   126.4346454310   15.3790000000
37.2194834300   126.4346454310   15.3790000000
37.2194829050   126.4346446950   15.3800000000
37.2194829050   126.4346446950   15.3800000000
37.2194829050   126.4346446950   15.3800000000
37.2194829050   126.4346446950   15.3800000000
37.2194818530   126.4346432270   15.3830000000
37.2194818530   126.4346432270   15.3830000000
37.2194813240   126.4346424960   15.3840000000
37.2194813240   126.4346424960   15.3840000000
37.2194807940   126.4346417680   15.3850000000
37.2194807940   126.4346417680   15.3850000000
37.2194802630   126.4346410400   15.3850000000
37.2194802630   126.4346410400   15.3850000000
37.2194797300   126.4346403150   15.3860000000
37.2194797300   126.4346403150   15.3860000000
37.2194791960   126.4346395910   15.3860000000
37.2194791960   126.4346395910   15.3860000000
37.2194785860   126.4346388080   15.3800000000
37.2194785860   126.4346388080   15.3800000000
37.2194780450   126.4346380840   15.3810000000
37.2194780450   126.4346380840   15.3810000000
37.2194775040   126.4346373630   15.3810000000
37.2194775040   126.4346373630   15.3810000000
37.2194769610   126.4346366430   15.3820000000
37.2194769610   126.4346366430   15.3820000000
37.2194764180   126.4346359250   15.3830000000
37.2194764180   126.4346359250   15.3830000000
37.2194758740   126.4346352070   15.3840000000
37.2194758740   126.4346352070   15.3840000000
37.2194753290   126.4346344910   15.3840000000
37.2194753290   126.4346344910   15.3840000000
37.2194747830   126.4346337760   15.3850000000
37.2194747830   126.4346337760   15.3850000000
37.2194742380   126.4346330630   15.3850000000
37.2194742380   126.4346330630   15.3850000000
37.2194736910   126.4346323500   15.3850000000
37.2194736910   126.4346323500   15.3850000000
37.2194730440   126.4346315510   15.3810000000
37.2194730440   126.4346315510   15.3810000000
37.2194724910   126.4346308320   15.3820000000
37.2194724910   126.4346308320   15.3820000000
37.2194719390   126.4346301140   15.3820000000
37.2194719390   126.4346301140   15.3820000000
37.2194713850   126.4346293990   15.3830000000
37.2194713850   126.4346293990   15.3830000000
37.2194708290   126.4346286860   15.3830000000
37.2194708290   126.4346286860   15.3830000000
37.2194702720   126.4346279760   15.3840000000
37.2194702720   126.4346279760   15.3840000000
37.2194697140   126.4346272680   15.3840000000
37.2194697140   126.4346272680   15.3840000000
37.2194691550   126.4346265620   15.3850000000
37.2194691550   126.4346265620   15.3850000000
37.2194685960   126.4346258570   15.3860000000
37.2194685960   126.4346258570   15.3860000000
37.2194680360   126.4346251530   15.3870000000
37.2194680360   126.4346251530   15.3870000000
37.2194674000   126.4346244100   15.3780000000
37.2194674000   126.4346244100   15.3780000000
37.2194668360   126.4346237050   15.3790000000
37.2194668360   126.4346237050   15.3790000000
37.2194662710   126.4346230010   15.3790000000
37.2194662710   126.4346230010   15.3790000000
37.2194657040   126.4346222990   15.3800000000
37.2194657040   126.4346222990   15.3800000000
37.2194651360   126.4346215990   15.3810000000
37.2194651360   126.4346215990   15.3810000000
37.2194645670   126.4346209000   15.3810000000
37.2194645670   126.4346209000   15.3810000000
37.2194639980   126.4346202020   15.3810000000
37.2194639980   126.4346202020   15.3810000000
37.2194634290   126.4346195060   15.3820000000
37.2194634290   126.4346195060   15.3820000000
37.2194628600   126.4346188110   15.3830000000
37.2194628600   126.4346188110   15.3830000000
37.2194622900   126.4346181160   15.3830000000
37.2194622900   126.4346181160   15.3830000000
37.2194615960   126.4346173920   15.3660000000
37.2194615960   126.4346173920   15.3660000000
37.2194610200   126.4346166910   15.3660000000
37.2194610200   126.4346166910   15.3660000000
37.2194604450   126.4346159910   15.3670000000
37.2194604450   126.4346159910   15.3670000000
37.2194604450   126.4346159910   15.3670000000
37.2194604450   126.4346159910   15.3670000000
37.2194592960   126.4346145960   15.3680000000
37.2194592960   126.4346145960   15.3680000000
37.2194587200   126.4346139000   15.3680000000
37.2194587200   126.4346139000   15.3680000000
37.2194581430   126.4346132060   15.3680000000
37.2194581430   126.4346132060   15.3680000000
37.2194575660   126.4346125120   15.3690000000
37.2194575660   126.4346125120   15.3690000000
37.2194569900   126.4346118190   15.3690000000
37.2194569900   126.4346118190   15.3690000000
37.2194564150   126.4346111260   15.3690000000
37.2194564150   126.4346111260   15.3690000000
37.2194558400   126.4346104340   15.3690000000
37.2194558400   126.4346104340   15.3690000000
37.2194551680   126.4346096740   15.3590000000
37.2194551680   126.4346096740   15.3590000000
37.2194545870   126.4346089790   15.3590000000
37.2194545870   126.4346089790   15.3590000000
37.2194540070   126.4346082860   15.3600000000
37.2194540070   126.4346082860   15.3600000000
37.2194534250   126.4346075940   15.3600000000
37.2194534250   126.4346075940   15.3600000000
37.2194522640   126.4346062110   15.3610000000
37.2194522640   126.4346062110   15.3610000000
37.2194516830   126.4346055220   15.3620000000
37.2194516830   126.4346055220   15.3620000000
37.2194511020   126.4346048340   15.3630000000
37.2194511020   126.4346048340   15.3630000000
37.2194505200   126.4346041460   15.3640000000
37.2194505200   126.4346041460   15.3640000000
37.2194498650   126.4346033620   15.3570000000
37.2194498650   126.4346033620   15.3570000000
37.2194492760   126.4346026700   15.3580000000
37.2194492760   126.4346026700   15.3580000000
37.2194486870   126.4346019780   15.3580000000
37.2194486870   126.4346019780   15.3580000000
37.2194480970   126.4346012870   15.3580000000
37.2194480970   126.4346012870   15.3580000000
37.2194475050   126.4346005980   15.3590000000
37.2194475050   126.4346005980   15.3590000000
37.2194469120   126.4345999100   15.3590000000
37.2194469120   126.4345999100   15.3590000000
37.2194463190   126.4345992230   15.3600000000
37.2194463190   126.4345992230   15.3600000000
37.2194457260   126.4345985370   15.3600000000
37.2194457260   126.4345985370   15.3600000000
37.2194451330   126.4345978520   15.3600000000
37.2194451330   126.4345978520   15.3600000000
37.2194445400   126.4345971680   15.3600000000
37.2194445400   126.4345971680   15.3600000000
37.2194438680   126.4345964550   15.3500000000
37.2194438680   126.4345964550   15.3500000000
37.2194432700   126.4345957710   15.3500000000
37.2194432700   126.4345957710   15.3500000000
37.2194426710   126.4345950880   15.3500000000
37.2194426710   126.4345950880   15.3500000000
37.2194420710   126.4345944070   15.3510000000
37.2194420710   126.4345944070   15.3510000000
37.2194414700   126.4345937280   15.3510000000
37.2194414700   126.4345937280   15.3510000000
37.2194408680   126.4345930490   15.3510000000
37.2194408680   126.4345930490   15.3510000000
37.2194402650   126.4345923730   15.3510000000
37.2194402650   126.4345923730   15.3510000000
37.2194396600   126.4345916990   15.3520000000
37.2194396600   126.4345916990   15.3520000000
37.2194390550   126.4345910260   15.3520000000
37.2194390550   126.4345910260   15.3520000000
37.2194384500   126.4345903550   15.3520000000
37.2194384500   126.4345903550   15.3520000000
37.2194377570   126.4345896300   15.3500000000
37.2194377570   126.4345896300   15.3500000000
37.2194371470   126.4345889570   15.3500000000
37.2194371470   126.4345889570   15.3500000000
37.2194365360   126.4345882870   15.3510000000
37.2194365360   126.4345882870   15.3510000000
37.2194359250   126.4345876180   15.3520000000
37.2194359250   126.4345876180   15.3520000000
37.2194353130   126.4345869490   15.3530000000
37.2194353130   126.4345869490   15.3530000000
37.2194353130   126.4345869490   15.3530000000
37.2194353130   126.4345869490   15.3530000000
37.2194340860   126.4345856170   15.3540000000
37.2194340860   126.4345856170   15.3540000000
37.2194334720   126.4345849540   15.3550000000
37.2194334720   126.4345849540   15.3550000000
37.2194328580   126.4345842930   15.3560000000
37.2194328580   126.4345842930   15.3560000000
37.2194322430   126.4345836340   15.3570000000
37.2194322430   126.4345836340   15.3570000000
37.2194309370   126.4345822950   15.3520000000
37.2194309370   126.4345822950   15.3520000000
37.2194303160   126.4345816370   15.3530000000
37.2194303160   126.4345816370   15.3530000000
37.2194296940   126.4345809790   15.3540000000
37.2194296940   126.4345809790   15.3540000000
37.2194290720   126.4345803220   15.3550000000
37.2194290720   126.4345803220   15.3550000000
37.2194284510   126.4345796650   15.3560000000
37.2194284510   126.4345796650   15.3560000000
37.2194278290   126.4345790100   15.3570000000
37.2194278290   126.4345790100   15.3570000000
37.2194272080   126.4345783560   15.3580000000
37.2194272080   126.4345783560   15.3580000000
37.2194265860   126.4345777050   15.3590000000
37.2194265860   126.4345777050   15.3590000000
37.2194259640   126.4345770560   15.3600000000
37.2194259640   126.4345770560   15.3600000000
37.2194252590   126.4345763450   15.3540000000
37.2194252590   126.4345763450   15.3540000000
37.2194246310   126.4345756940   15.3550000000
37.2194246310   126.4345756940   15.3550000000
37.2194240030   126.4345750440   15.3560000000
37.2194240030   126.4345750440   15.3560000000
37.2194233760   126.4345743970   15.3580000000
37.2194233760   126.4345743970   15.3580000000
37.2194227490   126.4345737530   15.3590000000
37.2194227490   126.4345737530   15.3590000000
37.2194221220   126.4345731090   15.3610000000
37.2194221220   126.4345731090   15.3610000000
37.2194214960   126.4345724650   15.3620000000
37.2194214960   126.4345724650   15.3620000000
37.2194208690   126.4345718230   15.3640000000
37.2194208690   126.4345718230   15.3640000000
37.2194202430   126.4345711830   15.3650000000
37.2194202430   126.4345711830   15.3650000000
37.2194196180   126.4345705420   15.3670000000
37.2194196180   126.4345705420   15.3670000000
37.2194188910   126.4345698890   15.3590000000
37.2194188910   126.4345698890   15.3590000000
37.2194182600   126.4345692440   15.3600000000
37.2194182600   126.4345692440   15.3600000000
37.2194176290   126.4345686020   15.3620000000
37.2194176290   126.4345686020   15.3620000000
37.2194169980   126.4345679610   15.3630000000
37.2194169980   126.4345679610   15.3630000000
37.2194163670   126.4345673210   15.3640000000
37.2194163670   126.4345673210   15.3640000000
37.2194157360   126.4345666820   15.3660000000
37.2194157360   126.4345666820   15.3660000000
37.2194151050   126.4345660440   15.3670000000
37.2194151050   126.4345660440   15.3670000000
37.2194144730   126.4345654070   15.3680000000
37.2194144730   126.4345654070   15.3680000000
37.2194138410   126.4345647720   15.3690000000
37.2194138410   126.4345647720   15.3690000000
37.2194132100   126.4345641370   15.3700000000
37.2194132100   126.4345641370   15.3700000000
37.2194124870   126.4345635330   15.3630000000
37.2194124870   126.4345635330   15.3630000000
37.2194124870   126.4345635330   15.3630000000
37.2194124870   126.4345635330   15.3630000000
37.2194112220   126.4345622640   15.3650000000
37.2194112220   126.4345622640   15.3650000000
37.2194105910   126.4345616300   15.3650000000
37.2194105910   126.4345616300   15.3650000000
37.2194099600   126.4345609970   15.3660000000
37.2194099600   126.4345609970   15.3660000000
37.2194093300   126.4345603660   15.3670000000
37.2194093300   126.4345603660   15.3670000000
37.2194086990   126.4345597370   15.3680000000
37.2194086990   126.4345597370   15.3680000000
37.2194080690   126.4345591090   15.3680000000
37.2194080690   126.4345591090   15.3680000000
37.2194074410   126.4345584820   15.3690000000
37.2194074410   126.4345584820   15.3690000000
37.2194068110   126.4345578570   15.3710000000
37.2194068110   126.4345578570   15.3710000000
37.2194061150   126.4345572180   15.3660000000
37.2194061150   126.4345572180   15.3660000000
37.2194054830   126.4345565900   15.3670000000
37.2194054830   126.4345565900   15.3670000000
37.2194048520   126.4345559620   15.3680000000
37.2194048520   126.4345559620   15.3680000000
37.2194042210   126.4345553350   15.3680000000
37.2194042210   126.4345553350   15.3680000000
37.2194035890   126.4345547090   15.3690000000
37.2194035890   126.4345547090   15.3690000000
37.2194035890   126.4345547090   15.3690000000
37.2194035890   126.4345547090   15.3690000000
37.2194023250   126.4345534640   15.3700000000
37.2194023250   126.4345534640   15.3700000000
37.2194016940   126.4345528420   15.3710000000
37.2194016940   126.4345528420   15.3710000000
37.2194010620   126.4345522210   15.3720000000
37.2194010620   126.4345522210   15.3720000000
37.2194004300   126.4345516000   15.3720000000
37.2194004300   126.4345516000   15.3720000000
37.2193997290   126.4345509490   15.3690000000
37.2193997290   126.4345509490   15.3690000000
37.2193990930   126.4345503270   15.3700000000
37.2193990930   126.4345503270   15.3700000000
37.2193984570   126.4345497060   15.3710000000
37.2193984570   126.4345497060   15.3710000000
37.2193978210   126.4345490880   15.3710000000
37.2193978210   126.4345490880   15.3710000000
37.2193971850   126.4345484700   15.3720000000
37.2193971850   126.4345484700   15.3720000000
37.2193965490   126.4345478530   15.3730000000
37.2193965490   126.4345478530   15.3730000000
37.2193959120   126.4345472350   15.3730000000
37.2193959120   126.4345472350   15.3730000000
37.2193952750   126.4345466180   15.3740000000
37.2193952750   126.4345466180   15.3740000000
37.2193946370   126.4345460020   15.3740000000
37.2193946370   126.4345460020   15.3740000000
37.2193940000   126.4345453880   15.3750000000
37.2193940000   126.4345453880   15.3750000000
37.2193932510   126.4345447550   15.3740000000
37.2193932510   126.4345447550   15.3740000000
37.2193926100   126.4345441360   15.3750000000
37.2193926100   126.4345441360   15.3750000000
37.2193919680   126.4345435170   15.3750000000
37.2193919680   126.4345435170   15.3750000000
37.2193913250   126.4345428980   15.3760000000
37.2193913250   126.4345428980   15.3760000000
37.2193906820   126.4345422790   15.3760000000
37.2193906820   126.4345422790   15.3760000000
37.2193893950   126.4345410450   15.3780000000
37.2193893950   126.4345410450   15.3780000000
37.2193887500   126.4345404290   15.3780000000
37.2193887500   126.4345404290   15.3780000000
37.2193881050   126.4345398120   15.3780000000
37.2193881050   126.4345398120   15.3780000000
37.2193874590   126.4345391950   15.3780000000
37.2193874590   126.4345391950   15.3780000000
37.2193867810   126.4345386100   15.3750000000
37.2193867810   126.4345386100   15.3750000000
37.2193867810   126.4345386100   15.3750000000
37.2193867810   126.4345386100   15.3750000000
37.2193854860   126.4345373750   15.3750000000
37.2193854860   126.4345373750   15.3750000000
37.2193848380   126.4345367590   15.3750000000
37.2193848380   126.4345367590   15.3750000000
37.2193841900   126.4345361430   15.3750000000
37.2193841900   126.4345361430   15.3750000000
37.2193828950   126.4345349140   15.3750000000
37.2193828950   126.4345349140   15.3750000000
37.2193822470   126.4345343010   15.3760000000
37.2193822470   126.4345343010   15.3760000000
37.2193816000   126.4345336890   15.3760000000
37.2193816000   126.4345336890   15.3760000000
37.2193809530   126.4345330780   15.3770000000
37.2193809530   126.4345330780   15.3770000000
37.2193801810   126.4345324550   15.3720000000
37.2193801810   126.4345324550   15.3720000000
37.2193795260   126.4345318390   15.3730000000
37.2193795260   126.4345318390   15.3730000000
37.2193788720   126.4345312230   15.3730000000
37.2193788720   126.4345312230   15.3730000000
37.2193782180   126.4345306070   15.3740000000
37.2193782180   126.4345306070   15.3740000000
37.2193775630   126.4345299910   15.3750000000
37.2193775630   126.4345299910   15.3750000000
37.2193775630   126.4345299910   15.3750000000
37.2193775630   126.4345299910   15.3750000000
37.2193762520   126.4345287620   15.3770000000
37.2193762520   126.4345287620   15.3770000000
37.2193755950   126.4345281480   15.3770000000
37.2193755950   126.4345281480   15.3770000000
37.2193749390   126.4345275340   15.3780000000
37.2193749390   126.4345275340   15.3780000000
37.2193742820   126.4345269210   15.3790000000
37.2193742820   126.4345269210   15.3790000000
37.2193735080   126.4345262000   15.3790000000
37.2193735080   126.4345262000   15.3790000000
37.2193728430   126.4345256660   15.3730000000
37.2193728430   126.4345256660   15.3730000000
37.2193721770   126.4345250470   15.3740000000
37.2193721770   126.4345250470   15.3740000000
37.2193715100   126.4345244290   15.3740000000
37.2193715100   126.4345244290   15.3740000000
37.2193708430   126.4345238090   15.3740000000
37.2193708430   126.4345238090   15.3740000000
37.2193701760   126.4345231890   15.3750000000
37.2193701760   126.4345231890   15.3750000000
37.2193695080   126.4345225680   15.3750000000
37.2193695080   126.4345225680   15.3750000000
37.2193688410   126.4345219480   15.3750000000
37.2193688410   126.4345219480   15.3750000000
37.2193681730   126.4345213280   15.3760000000
37.2193681730   126.4345213280   15.3760000000
37.2193675050   126.4345207070   15.3760000000
37.2193675050   126.4345207070   15.3760000000
37.2193667440   126.4345200990   15.3680000000
37.2193667440   126.4345200990   15.3680000000
37.2193660710   126.4345194750   15.3680000000
37.2193660710   126.4345194750   15.3680000000
37.2193653990   126.4345188510   15.3690000000
37.2193653990   126.4345188510   15.3690000000
37.2193647260   126.4345182270   15.3690000000
37.2193647260   126.4345182270   15.3690000000
37.2193640540   126.4345176030   15.3700000000
37.2193640540   126.4345176030   15.3700000000
37.2193633810   126.4345169790   15.3710000000
37.2193633810   126.4345169790   15.3710000000
37.2193627070   126.4345163550   15.3720000000
37.2193627070   126.4345163550   15.3720000000
37.2193620320   126.4345157300   15.3730000000
37.2193620320   126.4345157300   15.3730000000
37.2193613580   126.4345151050   15.3730000000
37.2193613580   126.4345151050   15.3730000000
37.2193606830   126.4345144800   15.3740000000
37.2193606830   126.4345144800   15.3740000000
37.2193599430   126.4345138580   15.3720000000
37.2193599430   126.4345138580   15.3720000000
37.2193599430   126.4345138580   15.3720000000
37.2193599430   126.4345138580   15.3720000000
37.2193585890   126.4345126040   15.3740000000
37.2193585890   126.4345126040   15.3740000000
37.2193579120   126.4345119780   15.3750000000
37.2193579120   126.4345119780   15.3750000000
37.2193572350   126.4345113510   15.3760000000
37.2193572350   126.4345113510   15.3760000000
37.2193565580   126.4345107250   15.3770000000
37.2193565580   126.4345107250   15.3770000000
37.2193558800   126.4345100980   15.3780000000
37.2193558800   126.4345100980   15.3780000000
37.2193552020   126.4345094700   15.3790000000
37.2193552020   126.4345094700   15.3790000000
37.2193545240   126.4345088420   15.3800000000
37.2193545240   126.4345088420   15.3800000000
37.2193538450   126.4345082130   15.3810000000
37.2193538450   126.4345082130   15.3810000000
37.2193530990   126.4345075770   15.3730000000
37.2193530990   126.4345075770   15.3730000000
37.2193524170   126.4345069470   15.3740000000
37.2193524170   126.4345069470   15.3740000000
37.2193517360   126.4345063170   15.3750000000
37.2193517360   126.4345063170   15.3750000000
37.2193510540   126.4345056860   15.3760000000
37.2193510540   126.4345056860   15.3760000000
37.2193503740   126.4345050550   15.3770000000
37.2193503740   126.4345050550   15.3770000000
37.2193496930   126.4345044240   15.3780000000
37.2193496930   126.4345044240   15.3780000000
37.2193490120   126.4345037930   15.3800000000
37.2193490120   126.4345037930   15.3800000000
37.2193483320   126.4345031620   15.3810000000
37.2193483320   126.4345031620   15.3810000000
37.2193476520   126.4345025310   15.3820000000
37.2193476520   126.4345025310   15.3820000000
37.2193469730   126.4345018990   15.3830000000
37.2193469730   126.4345018990   15.3830000000
37.2193462320   126.4345012450   15.3800000000
37.2193462320   126.4345012450   15.3800000000
37.2193455470   126.4345006090   15.3810000000
37.2193455470   126.4345006090   15.3810000000
37.2193448630   126.4344999730   15.3830000000
37.2193448630   126.4344999730   15.3830000000
37.2193441800   126.4344993370   15.3840000000
37.2193441800   126.4344993370   15.3840000000
37.2193434970   126.4344987020   15.3850000000
37.2193434970   126.4344987020   15.3850000000
37.2193428150   126.4344980650   15.3870000000
37.2193428150   126.4344980650   15.3870000000
37.2193421330   126.4344974290   15.3880000000
37.2193421330   126.4344974290   15.3880000000
37.2193414510   126.4344967920   15.3890000000
37.2193414510   126.4344967920   15.3890000000
37.2193407690   126.4344961540   15.3900000000
37.2193407690   126.4344961540   15.3900000000
37.2193400870   126.4344955180   15.3910000000
37.2193400870   126.4344955180   15.3910000000
37.2193393380   126.4344948590   15.3880000000
37.2193393380   126.4344948590   15.3880000000
37.2193386530   126.4344942190   15.3900000000
37.2193386530   126.4344942190   15.3900000000
37.2193379690   126.4344935790   15.3910000000
37.2193379690   126.4344935790   15.3910000000
37.2193372840   126.4344929370   15.3920000000
37.2193372840   126.4344929370   15.3920000000
37.2193365990   126.4344922950   15.3940000000
37.2193365990   126.4344922950   15.3940000000
37.2193359140   126.4344916520   15.3950000000
37.2193359140   126.4344916520   15.3950000000
37.2193352290   126.4344910070   15.3970000000
37.2193352290   126.4344910070   15.3970000000
37.2193345410   126.4344903610   15.3980000000
37.2193345410   126.4344903610   15.3980000000
37.2193338510   126.4344897130   15.4000000000
37.2193338510   126.4344897130   15.4000000000
37.2193331600   126.4344890630   15.4010000000
37.2193331600   126.4344890630   15.4010000000
37.2193324000   126.4344883930   15.3960000000
37.2193324000   126.4344883930   15.3960000000
37.2193317030   126.4344877390   15.3970000000
37.2193317030   126.4344877390   15.3970000000
37.2193310050   126.4344870840   15.3980000000
37.2193310050   126.4344870840   15.3980000000
37.2193303060   126.4344864280   15.4000000000
37.2193303060   126.4344864280   15.4000000000
37.2193296040   126.4344857690   15.4010000000
37.2193296040   126.4344857690   15.4010000000
37.2193289010   126.4344851070   15.4020000000
37.2193289010   126.4344851070   15.4020000000
37.2193281960   126.4344844440   15.4030000000
37.2193281960   126.4344844440   15.4030000000
37.2193274900   126.4344837790   15.4040000000
37.2193274900   126.4344837790   15.4040000000
37.2193267820   126.4344831110   15.4050000000
37.2193267820   126.4344831110   15.4050000000
37.2193260730   126.4344824430   15.4060000000
37.2193260730   126.4344824430   15.4060000000
37.2193252770   126.4344818160   15.4060000000
37.2193252770   126.4344818160   15.4060000000
37.2193245630   126.4344811430   15.4070000000
37.2193245630   126.4344811430   15.4070000000
37.2193238470   126.4344804680   15.4090000000
37.2193238470   126.4344804680   15.4090000000
37.2193231290   126.4344797920   15.4090000000
37.2193231290   126.4344797920   15.4090000000
37.2193224090   126.4344791140   15.4110000000
37.2193224090   126.4344791140   15.4110000000
37.2193216870   126.4344784350   15.4120000000
37.2193216870   126.4344784350   15.4120000000
37.2193209640   126.4344777530   15.4130000000
37.2193209640   126.4344777530   15.4130000000
37.2193202390   126.4344770690   15.4140000000
37.2193202390   126.4344770690   15.4140000000
37.2193195130   126.4344763830   15.4150000000
37.2193195130   126.4344763830   15.4150000000
37.2193187850   126.4344756940   15.4160000000
37.2193187850   126.4344756940   15.4160000000
37.2193180540   126.4344750040   15.4170000000
37.2193180540   126.4344750040   15.4170000000
37.2193172590   126.4344742900   15.4090000000
37.2193172590   126.4344742900   15.4090000000
37.2193165240   126.4344735930   15.4100000000
37.2193165240   126.4344735930   15.4100000000
37.2193157860   126.4344728950   15.4110000000
37.2193157860   126.4344728950   15.4110000000
37.2193150460   126.4344721930   15.4120000000
37.2193150460   126.4344721930   15.4120000000
37.2193143040   126.4344714900   15.4130000000
37.2193143040   126.4344714900   15.4130000000
37.2193135590   126.4344707850   15.4140000000
37.2193135590   126.4344707850   15.4140000000
37.2193128120   126.4344700770   15.4150000000
37.2193128120   126.4344700770   15.4150000000
37.2193120630   126.4344693670   15.4160000000
37.2193120630   126.4344693670   15.4160000000
37.2193113110   126.4344686550   15.4170000000
37.2193113110   126.4344686550   15.4170000000
37.2193104810   126.4344678940   15.4120000000
37.2193104810   126.4344678940   15.4120000000
37.2193097220   126.4344671720   15.4130000000
37.2193097220   126.4344671720   15.4130000000
37.2193089600   126.4344664490   15.4140000000
37.2193089600   126.4344664490   15.4140000000
37.2193081960   126.4344657220   15.4150000000
37.2193081960   126.4344657220   15.4150000000
37.2193074290   126.4344649930   15.4160000000
37.2193074290   126.4344649930   15.4160000000
37.2193066610   126.4344642610   15.4170000000
37.2193066610   126.4344642610   15.4170000000
37.2193058900   126.4344635280   15.4180000000
37.2193058900   126.4344635280   15.4180000000
37.2193051150   126.4344627920   15.4190000000
37.2193051150   126.4344627920   15.4190000000
37.2193043380   126.4344620530   15.4200000000
37.2193043380   126.4344620530   15.4200000000
37.2193035580   126.4344613120   15.4210000000
37.2193035580   126.4344613120   15.4210000000
37.2193027010   126.4344605370   15.4140000000
37.2193027010   126.4344605370   15.4140000000
37.2193019160   126.4344597890   15.4140000000
37.2193019160   126.4344597890   15.4140000000
37.2193011270   126.4344590390   15.4150000000
37.2193011270   126.4344590390   15.4150000000
37.2193003360   126.4344582850   15.4160000000
37.2193003360   126.4344582850   15.4160000000
37.2192995420   126.4344575300   15.4170000000
37.2192995420   126.4344575300   15.4170000000
37.2192987450   126.4344567710   15.4170000000
37.2192987450   126.4344567710   15.4170000000
37.2192979460   126.4344560110   15.4180000000
37.2192979460   126.4344560110   15.4180000000
37.2192971450   126.4344552490   15.4180000000
37.2192971450   126.4344552490   15.4180000000
37.2192963430   126.4344544840   15.4190000000
37.2192963430   126.4344544840   15.4190000000
37.2192955370   126.4344537170   15.4200000000
37.2192955370   126.4344537170   15.4200000000
37.2192946210   126.4344529470   15.4160000000
37.2192946210   126.4344529470   15.4160000000
37.2192938060   126.4344521720   15.4170000000
37.2192938060   126.4344521720   15.4170000000
37.2192929890   126.4344513930   15.4180000000
37.2192929890   126.4344513930   15.4180000000
37.2192921690   126.4344506130   15.4180000000
37.2192921690   126.4344506130   15.4180000000
37.2192913480   126.4344498310   15.4190000000
37.2192913480   126.4344498310   15.4190000000
37.2192905250   126.4344490470   15.4200000000
37.2192905250   126.4344490470   15.4200000000
37.2192896990   126.4344482610   15.4210000000
37.2192896990   126.4344482610   15.4210000000
37.2192888700   126.4344474720   15.4220000000
37.2192888700   126.4344474720   15.4220000000
37.2192880380   126.4344466810   15.4230000000
37.2192880380   126.4344466810   15.4230000000
37.2192872040   126.4344458880   15.4240000000
37.2192872040   126.4344458880   15.4240000000
37.2192862620   126.4344451000   15.4250000000
37.2192862620   126.4344451000   15.4250000000
37.2192854180   126.4344442970   15.4260000000
37.2192854180   126.4344442970   15.4260000000
37.2192845720   126.4344434910   15.4260000000
37.2192845720   126.4344434910   15.4260000000
37.2192837220   126.4344426840   15.4270000000
37.2192837220   126.4344426840   15.4270000000
37.2192828710   126.4344418750   15.4280000000
37.2192828710   126.4344418750   15.4280000000
37.2192820170   126.4344410630   15.4290000000
37.2192820170   126.4344410630   15.4290000000
37.2192811610   126.4344402490   15.4300000000
37.2192811610   126.4344402490   15.4300000000
37.2192803030   126.4344394330   15.4310000000
37.2192803030   126.4344394330   15.4310000000
37.2192794410   126.4344386140   15.4330000000
37.2192794410   126.4344386140   15.4330000000
37.2192785760   126.4344377920   15.4340000000
37.2192785760   126.4344377920   15.4340000000
37.2192775990   126.4344369340   15.4320000000
37.2192775990   126.4344369340   15.4320000000
37.2192767260   126.4344361040   15.4330000000
37.2192767260   126.4344361040   15.4330000000
37.2192758500   126.4344352700   15.4340000000
37.2192758500   126.4344352700   15.4340000000
37.2192749700   126.4344344340   15.4350000000
37.2192749700   126.4344344340   15.4350000000
37.2192740880   126.4344335940   15.4360000000
37.2192740880   126.4344335940   15.4360000000
37.2192732040   126.4344327510   15.4370000000
37.2192732040   126.4344327510   15.4370000000
37.2192723150   126.4344319070   15.4380000000
37.2192723150   126.4344319070   15.4380000000
37.2192714230   126.4344310600   15.4390000000
37.2192714230   126.4344310600   15.4390000000
37.2192714230   126.4344310600   15.4390000000
37.2192714230   126.4344310600   15.4390000000
37.2192696310   126.4344293570   15.4410000000
37.2192696310   126.4344293570   15.4410000000
37.2192686580   126.4344284240   15.4410000000
37.2192686580   126.4344284240   15.4410000000
37.2192677540   126.4344275650   15.4420000000
37.2192677540   126.4344275650   15.4420000000
37.2192668490   126.4344267050   15.4430000000
37.2192668490   126.4344267050   15.4430000000
37.2192659420   126.4344258420   15.4440000000
37.2192659420   126.4344258420   15.4440000000
37.2192650330   126.4344249770   15.4450000000
37.2192650330   126.4344249770   15.4450000000
37.2192641210   126.4344241100   15.4470000000
37.2192641210   126.4344241100   15.4470000000
37.2192632070   126.4344232420   15.4480000000
37.2192632070   126.4344232420   15.4480000000
37.2192622910   126.4344223710   15.4490000000
37.2192622910   126.4344223710   15.4490000000
37.2192613720   126.4344214980   15.4500000000
37.2192613720   126.4344214980   15.4500000000
37.2192604500   126.4344206240   15.4520000000
37.2192604500   126.4344206240   15.4520000000
37.2192594020   126.4344196840   15.4500000000
37.2192594020   126.4344196840   15.4500000000
37.2192584690   126.4344188000   15.4520000000
37.2192584690   126.4344188000   15.4520000000
37.2192575340   126.4344179130   15.4530000000
37.2192575340   126.4344179130   15.4530000000
37.2192565960   126.4344170230   15.4550000000
37.2192565960   126.4344170230   15.4550000000
37.2192556570   126.4344161310   15.4570000000
37.2192556570   126.4344161310   15.4570000000
37.2192547160   126.4344152380   15.4580000000
37.2192547160   126.4344152380   15.4580000000
37.2192537730   126.4344143440   15.4600000000
37.2192537730   126.4344143440   15.4600000000
37.2192528280   126.4344134470   15.4620000000
37.2192528280   126.4344134470   15.4620000000
37.2192518810   126.4344125480   15.4640000000
37.2192518810   126.4344125480   15.4640000000
37.2192509330   126.4344116480   15.4650000000
37.2192509330   126.4344116480   15.4650000000
37.2192498590   126.4344106920   15.4670000000
37.2192498590   126.4344106920   15.4670000000
37.2192489030   126.4344097850   15.4690000000
37.2192489030   126.4344097850   15.4690000000
37.2192479450   126.4344088760   15.4710000000
37.2192479450   126.4344088760   15.4710000000
37.2192469860   126.4344079660   15.4730000000
37.2192469860   126.4344079660   15.4730000000
37.2192460250   126.4344070540   15.4750000000
37.2192460250   126.4344070540   15.4750000000
37.2192450610   126.4344061400   15.4770000000
37.2192450610   126.4344061400   15.4770000000
37.2192440940   126.4344052260   15.4790000000
37.2192440940   126.4344052260   15.4790000000
37.2192431270   126.4344043100   15.4810000000
37.2192431270   126.4344043100   15.4810000000
37.2192421590   126.4344033920   15.4830000000
37.2192421590   126.4344033920   15.4830000000
37.2192411900   126.4344024730   15.4850000000
37.2192411900   126.4344024730   15.4850000000
37.2192401410   126.4344014240   15.4740000000
37.2192401410   126.4344014240   15.4740000000
37.2192391680   126.4344005010   15.4770000000
37.2192391680   126.4344005010   15.4770000000
37.2192381930   126.4343995760   15.4780000000
37.2192381930   126.4343995760   15.4780000000
37.2192372160   126.4343986500   15.4800000000
37.2192372160   126.4343986500   15.4800000000
37.2192362380   126.4343977250   15.4810000000
37.2192362380   126.4343977250   15.4810000000
37.2192352580   126.4343967990   15.4830000000
37.2192352580   126.4343967990   15.4830000000
37.2192342780   126.4343958730   15.4840000000
37.2192342780   126.4343958730   15.4840000000
37.2192332960   126.4343949460   15.4860000000
37.2192332960   126.4343949460   15.4860000000
37.2192323140   126.4343940180   15.4870000000
37.2192323140   126.4343940180   15.4870000000
37.2192313320   126.4343930900   15.4890000000
37.2192313320   126.4343930900   15.4890000000
37.2192302880   126.4343920970   15.4870000000
37.2192302880   126.4343920970   15.4870000000
37.2192293020   126.4343911660   15.4880000000
37.2192293020   126.4343911660   15.4880000000
37.2192283160   126.4343902340   15.4900000000
37.2192283160   126.4343902340   15.4900000000
37.2192273300   126.4343893020   15.4920000000
37.2192273300   126.4343893020   15.4920000000
37.2192263430   126.4343883710   15.4930000000
37.2192263430   126.4343883710   15.4930000000
37.2192253570   126.4343874400   15.4950000000
37.2192253570   126.4343874400   15.4950000000
37.2192243720   126.4343865080   15.4980000000
37.2192243720   126.4343865080   15.4980000000
37.2192233870   126.4343855770   15.5000000000
37.2192233870   126.4343855770   15.5000000000
37.2192224010   126.4343846460   15.5030000000
37.2192224010   126.4343846460   15.5030000000
37.2192214160   126.4343837150   15.5050000000
37.2192214160   126.4343837150   15.5050000000
37.2192203500   126.4343826860   15.4930000000
37.2192203500   126.4343826860   15.4930000000
37.2192193560   126.4343817470   15.4950000000
37.2192193560   126.4343817470   15.4950000000
37.2192183600   126.4343808080   15.4970000000
37.2192183600   126.4343808080   15.4970000000
37.2192173640   126.4343798700   15.4990000000
37.2192173640   126.4343798700   15.4990000000
37.2192163660   126.4343789320   15.5000000000
37.2192163660   126.4343789320   15.5000000000
37.2192153670   126.4343779930   15.5020000000
37.2192153670   126.4343779930   15.5020000000
37.2192143660   126.4343770560   15.5030000000
37.2192143660   126.4343770560   15.5030000000
37.2192133640   126.4343761200   15.5050000000
37.2192133640   126.4343761200   15.5050000000
37.2192123610   126.4343751850   15.5060000000
37.2192123610   126.4343751850   15.5060000000
37.2192113570   126.4343742510   15.5060000000
37.2192113570   126.4343742510   15.5060000000
37.2192103010   126.4343733150   15.4970000000
37.2192103010   126.4343733150   15.4970000000
37.2192092920   126.4343723800   15.4970000000
37.2192092920   126.4343723800   15.4970000000
37.2192082830   126.4343714450   15.4970000000
37.2192082830   126.4343714450   15.4970000000
37.2192072730   126.4343705110   15.4970000000
37.2192072730   126.4343705110   15.4970000000
37.2192062620   126.4343695760   15.4970000000
37.2192062620   126.4343695760   15.4970000000
37.2192052530   126.4343686420   15.4970000000
37.2192052530   126.4343686420   15.4970000000
37.2192042420   126.4343677080   15.4980000000
37.2192042420   126.4343677080   15.4980000000
37.2192032310   126.4343667770   15.4980000000
37.2192032310   126.4343667770   15.4980000000
37.2192022190   126.4343658460   15.4990000000
37.2192022190   126.4343658460   15.4990000000
37.2192012070   126.4343649140   15.4990000000
37.2192012070   126.4343649140   15.4990000000
37.2192001600   126.4343639660   15.5030000000
37.2192001600   126.4343639660   15.5030000000
37.2191991440   126.4343630340   15.5040000000
37.2191991440   126.4343630340   15.5040000000
37.2191981270   126.4343621050   15.5050000000
37.2191981270   126.4343621050   15.5050000000
37.2191971100   126.4343611750   15.5060000000
37.2191971100   126.4343611750   15.5060000000
37.2191960910   126.4343602440   15.5080000000
37.2191960910   126.4343602440   15.5080000000
37.2191950710   126.4343593130   15.5090000000
37.2191950710   126.4343593130   15.5090000000
37.2191940500   126.4343583810   15.5110000000
37.2191940500   126.4343583810   15.5110000000
37.2191930260   126.4343574500   15.5120000000
37.2191930260   126.4343574500   15.5120000000
37.2191920020   126.4343565190   15.5130000000
37.2191920020   126.4343565190   15.5130000000
37.2191909760   126.4343555870   15.5140000000
37.2191909760   126.4343555870   15.5140000000
37.2191898280   126.4343546240   15.5200000000
37.2191898280   126.4343546240   15.5200000000
37.2191887950   126.4343536880   15.5210000000
37.2191887950   126.4343536880   15.5210000000
37.2191877610   126.4343527520   15.5220000000
37.2191877610   126.4343527520   15.5220000000
37.2191867260   126.4343518170   15.5230000000
37.2191867260   126.4343518170   15.5230000000
37.2191856900   126.4343508820   15.5250000000
37.2191856900   126.4343508820   15.5250000000
37.2191846530   126.4343499470   15.5260000000
37.2191846530   126.4343499470   15.5260000000
37.2191836150   126.4343490110   15.5270000000
37.2191836150   126.4343490110   15.5270000000
37.2191825760   126.4343480740   15.5290000000
37.2191825760   126.4343480740   15.5290000000
37.2191815360   126.4343471390   15.5300000000
37.2191815360   126.4343471390   15.5300000000
37.2191804960   126.4343462050   15.5320000000
37.2191804960   126.4343462050   15.5320000000
37.2191794510   126.4343452640   15.5100000000
37.2191794510   126.4343452640   15.5100000000
37.2191784100   126.4343443290   15.5110000000
37.2191784100   126.4343443290   15.5110000000
37.2191773660   126.4343433950   15.5130000000
37.2191773660   126.4343433950   15.5130000000
37.2191763220   126.4343424610   15.5150000000
37.2191763220   126.4343424610   15.5150000000
37.2191752760   126.4343415280   15.5160000000
37.2191752760   126.4343415280   15.5160000000
37.2191742290   126.4343405950   15.5170000000
37.2191742290   126.4343405950   15.5170000000
37.2191731790   126.4343396630   15.5190000000
37.2191731790   126.4343396630   15.5190000000
37.2191721290   126.4343387320   15.5200000000
37.2191721290   126.4343387320   15.5200000000
37.2191710770   126.4343378010   15.5220000000
37.2191710770   126.4343378010   15.5220000000
37.2191700240   126.4343368710   15.5230000000
37.2191700240   126.4343368710   15.5230000000
37.2191689210   126.4343358890   15.4950000000
37.2191689210   126.4343358890   15.4950000000
37.2191678630   126.4343349570   15.4960000000
37.2191678630   126.4343349570   15.4960000000
37.2191668030   126.4343340230   15.4980000000
37.2191668030   126.4343340230   15.4980000000
37.2191657420   126.4343330910   15.4990000000
37.2191657420   126.4343330910   15.4990000000
37.2191646800   126.4343321590   15.5000000000
37.2191646800   126.4343321590   15.5000000000
37.2191636180   126.4343312270   15.5010000000
37.2191636180   126.4343312270   15.5010000000
37.2191625550   126.4343302950   15.5020000000
37.2191625550   126.4343302950   15.5020000000
37.2191614900   126.4343293630   15.5030000000
37.2191614900   126.4343293630   15.5030000000
37.2191604240   126.4343284320   15.5030000000
37.2191604240   126.4343284320   15.5030000000
37.2191593570   126.4343275040   15.5040000000
37.2191593570   126.4343275040   15.5040000000
37.2191583020   126.4343266190   15.4900000000
37.2191583020   126.4343266190   15.4900000000
37.2191572370   126.4343256950   15.4900000000
37.2191572370   126.4343256950   15.4900000000
37.2191561730   126.4343247720   15.4910000000
37.2191561730   126.4343247720   15.4910000000
37.2191551100   126.4343238500   15.4910000000
37.2191551100   126.4343238500   15.4910000000
37.2191540470   126.4343229310   15.4920000000
37.2191540470   126.4343229310   15.4920000000
37.2191529850   126.4343220110   15.4930000000
37.2191529850   126.4343220110   15.4930000000
37.2191519250   126.4343210940   15.4930000000
37.2191519250   126.4343210940   15.4930000000
37.2191508650   126.4343201790   15.4940000000
37.2191508650   126.4343201790   15.4940000000
37.2191498060   126.4343192660   15.4950000000
37.2191498060   126.4343192660   15.4950000000
37.2191487480   126.4343183540   15.4960000000
37.2191487480   126.4343183540   15.4960000000
37.2191476810   126.4343174120   15.4870000000
37.2191476810   126.4343174120   15.4870000000
37.2191466240   126.4343165010   15.4880000000
37.2191466240   126.4343165010   15.4880000000
37.2191455690   126.4343155920   15.4890000000
37.2191455690   126.4343155920   15.4890000000
37.2191445150   126.4343146850   15.4900000000
37.2191445150   126.4343146850   15.4900000000
37.2191434630   126.4343137800   15.4910000000
37.2191434630   126.4343137800   15.4910000000
37.2191424120   126.4343128760   15.4920000000
37.2191424120   126.4343128760   15.4920000000
37.2191413630   126.4343119720   15.4920000000
37.2191413630   126.4343119720   15.4920000000
37.2191403180   126.4343110710   15.4930000000
37.2191403180   126.4343110710   15.4930000000
37.2191392740   126.4343101720   15.4940000000
37.2191392740   126.4343101720   15.4940000000
37.2191382320   126.4343092730   15.4950000000
37.2191382320   126.4343092730   15.4950000000
37.2191371520   126.4343083140   15.4850000000
37.2191371520   126.4343083140   15.4850000000
37.2191361090   126.4343074100   15.4850000000
37.2191361090   126.4343074100   15.4850000000
37.2191350690   126.4343065080   15.4860000000
37.2191350690   126.4343065080   15.4860000000
37.2191340320   126.4343056070   15.4880000000
37.2191340320   126.4343056070   15.4880000000
37.2191329970   126.4343047070   15.4890000000
37.2191329970   126.4343047070   15.4890000000
37.2191319650   126.4343038070   15.4900000000
37.2191319650   126.4343038070   15.4900000000
37.2191309350   126.4343029070   15.4910000000
37.2191309350   126.4343029070   15.4910000000
37.2191299060   126.4343020090   15.4920000000
37.2191299060   126.4343020090   15.4920000000
37.2191288790   126.4343011120   15.4930000000
37.2191288790   126.4343011120   15.4930000000
37.2191278520   126.4343002170   15.4930000000
37.2191278520   126.4343002170   15.4930000000
37.2191267730   126.4342993610   15.5050000000
37.2191267730   126.4342993610   15.5050000000
37.2191257520   126.4342984700   15.5050000000
37.2191257520   126.4342984700   15.5050000000
37.2191247340   126.4342975800   15.5060000000
37.2191247340   126.4342975800   15.5060000000
37.2191237200   126.4342966930   15.5070000000
37.2191237200   126.4342966930   15.5070000000
37.2191227070   126.4342958090   15.5070000000
37.2191227070   126.4342958090   15.5070000000
37.2191216970   126.4342949250   15.5080000000
37.2191216970   126.4342949250   15.5080000000
37.2191206900   126.4342940440   15.5080000000
37.2191206900   126.4342940440   15.5080000000
37.2191196850   126.4342931650   15.5090000000
37.2191196850   126.4342931650   15.5090000000
37.2191186820   126.4342922900   15.5090000000
37.2191186820   126.4342922900   15.5090000000
37.2191176810   126.4342914170   15.5100000000
37.2191176810   126.4342914170   15.5100000000
37.2191166310   126.4342905110   15.5110000000
37.2191166310   126.4342905110   15.5110000000
37.2191156280   126.4342896360   15.5120000000
37.2191156280   126.4342896360   15.5120000000
37.2191146260   126.4342887630   15.5130000000
37.2191146260   126.4342887630   15.5130000000
37.2191136260   126.4342878900   15.5140000000
37.2191136260   126.4342878900   15.5140000000
37.2191126290   126.4342870150   15.5140000000
37.2191126290   126.4342870150   15.5140000000
37.2191116330   126.4342861420   15.5150000000
37.2191116330   126.4342861420   15.5150000000
37.2191106380   126.4342852710   15.5150000000
37.2191106380   126.4342852710   15.5150000000
37.2191096480   126.4342844010   15.5150000000
37.2191096480   126.4342844010   15.5150000000
37.2191086600   126.4342835330   15.5160000000
37.2191086600   126.4342835330   15.5160000000
37.2191076750   126.4342826660   15.5170000000
37.2191076750   126.4342826660   15.5170000000
37.2191067120   126.4342818160   15.5220000000
37.2191067120   126.4342818160   15.5220000000
37.2191057310   126.4342809540   15.5220000000
37.2191057310   126.4342809540   15.5220000000
37.2191047520   126.4342800910   15.5230000000
37.2191047520   126.4342800910   15.5230000000
37.2191037740   126.4342792310   15.5230000000
37.2191037740   126.4342792310   15.5230000000
37.2191027980   126.4342783720   15.5240000000
37.2191027980   126.4342783720   15.5240000000
37.2191018240   126.4342775150   15.5240000000
37.2191018240   126.4342775150   15.5240000000
37.2191008520   126.4342766590   15.5250000000
37.2191008520   126.4342766590   15.5250000000
37.2190998820   126.4342758050   15.5260000000
37.2190998820   126.4342758050   15.5260000000
37.2190989150   126.4342749530   15.5270000000
37.2190989150   126.4342749530   15.5270000000
37.2190979500   126.4342741020   15.5280000000
37.2190979500   126.4342741020   15.5280000000
37.2190970670   126.4342732590   15.5350000000
37.2190970670   126.4342732590   15.5350000000
37.2190961090   126.4342724080   15.5350000000
37.2190961090   126.4342724080   15.5350000000
37.2190951540   126.4342715600   15.5360000000
37.2190951540   126.4342715600   15.5360000000
37.2190942020   126.4342707120   15.5360000000
37.2190942020   126.4342707120   15.5360000000
37.2190932540   126.4342698650   15.5370000000
37.2190932540   126.4342698650   15.5370000000
37.2190923080   126.4342690190   15.5380000000
37.2190923080   126.4342690190   15.5380000000
37.2190913640   126.4342681750   15.5390000000
37.2190913640   126.4342681750   15.5390000000
37.2190904230   126.4342673310   15.5400000000
37.2190904230   126.4342673310   15.5400000000
37.2190894820   126.4342664890   15.5410000000
37.2190894820   126.4342664890   15.5410000000
37.2190885440   126.4342656480   15.5420000000
37.2190885440   126.4342656480   15.5420000000
37.2190876210   126.4342648410   15.5500000000
37.2190876210   126.4342648410   15.5500000000
37.2190866870   126.4342640030   15.5500000000
37.2190866870   126.4342640030   15.5500000000
37.2190857550   126.4342631670   15.5510000000
37.2190857550   126.4342631670   15.5510000000
37.2190848250   126.4342623310   15.5510000000
37.2190848250   126.4342623310   15.5510000000
37.2190838970   126.4342614960   15.5510000000
37.2190838970   126.4342614960   15.5510000000
37.2190820480   126.4342598320   15.5510000000
37.2190820480   126.4342598320   15.5510000000
37.2190811270   126.4342590010   15.5510000000
37.2190811270   126.4342590010   15.5510000000
37.2190802080   126.4342581720   15.5510000000
37.2190802080   126.4342581720   15.5510000000
37.2190792920   126.4342573460   15.5510000000
37.2190792920   126.4342573460   15.5510000000
37.2190783890   126.4342565180   15.5500000000
37.2190783890   126.4342565180   15.5500000000
37.2190774740   126.4342556960   15.5500000000
37.2190774740   126.4342556960   15.5500000000
37.2190765610   126.4342548750   15.5500000000
37.2190765610   126.4342548750   15.5500000000
37.2190756500   126.4342540560   15.5490000000
37.2190756500   126.4342540560   15.5490000000
37.2190747400   126.4342532390   15.5490000000
37.2190747400   126.4342532390   15.5490000000
37.2190738320   126.4342524230   15.5490000000
37.2190738320   126.4342524230   15.5490000000
37.2190729250   126.4342516080   15.5480000000
37.2190729250   126.4342516080   15.5480000000
37.2190720180   126.4342507930   15.5470000000
37.2190720180   126.4342507930   15.5470000000
37.2190711120   126.4342499780   15.5450000000
37.2190711120   126.4342499780   15.5450000000
37.2190702070   126.4342491650   15.5430000000
37.2190702070   126.4342491650   15.5430000000
37.2190693260   126.4342483540   15.5510000000
37.2190693260   126.4342483540   15.5510000000
37.2190684260   126.4342475450   15.5500000000
37.2190684260   126.4342475450   15.5500000000
37.2190675290   126.4342467370   15.5490000000
37.2190675290   126.4342467370   15.5490000000
37.2190666340   126.4342459310   15.5480000000
37.2190666340   126.4342459310   15.5480000000
37.2190657390   126.4342451270   15.5490000000
37.2190657390   126.4342451270   15.5490000000
37.2190657390   126.4342451270   15.5490000000
37.2190657390   126.4342451270   15.5490000000
37.2190639560   126.4342435260   15.5510000000
37.2190639560   126.4342435260   15.5510000000
37.2190630660   126.4342427280   15.5520000000
37.2190630660   126.4342427280   15.5520000000
37.2190621770   126.4342419300   15.5530000000
37.2190621770   126.4342419300   15.5530000000
37.2190612890   126.4342411320   15.5540000000
37.2190612890   126.4342411320   15.5540000000
37.2190604820   126.4342404070   15.5600000000
37.2190604820   126.4342404070   15.5600000000
37.2190596050   126.4342396190   15.5620000000
37.2190596050   126.4342396190   15.5620000000
37.2190587300   126.4342388320   15.5650000000
37.2190587300   126.4342388320   15.5650000000
37.2190578560   126.4342380440   15.5670000000
37.2190578560   126.4342380440   15.5670000000
37.2190569820   126.4342372570   15.5690000000
37.2190569820   126.4342372570   15.5690000000
37.2190569820   126.4342372570   15.5690000000
37.2190569820   126.4342372570   15.5690000000
37.2190552360   126.4342356860   15.5720000000
37.2190552360   126.4342356860   15.5720000000
37.2190543620   126.4342349000   15.5720000000
37.2190543620   126.4342349000   15.5720000000
37.2190534870   126.4342341140   15.5720000000
37.2190534870   126.4342341140   15.5720000000
37.2190526150   126.4342333280   15.5720000000
37.2190526150   126.4342333280   15.5720000000
37.2190517880   126.4342326210   15.5790000000
37.2190517880   126.4342326210   15.5790000000
37.2190509210   126.4342318410   15.5790000000
37.2190509210   126.4342318410   15.5790000000
37.2190500550   126.4342310610   15.5790000000
37.2190500550   126.4342310610   15.5790000000
37.2190491900   126.4342302810   15.5790000000
37.2190491900   126.4342302810   15.5790000000
37.2190483240   126.4342295020   15.5790000000
37.2190483240   126.4342295020   15.5790000000
37.2190474590   126.4342287240   15.5800000000
37.2190474590   126.4342287240   15.5800000000
37.2190465950   126.4342279460   15.5800000000
37.2190465950   126.4342279460   15.5800000000
37.2190457330   126.4342271690   15.5800000000
37.2190457330   126.4342271690   15.5800000000
37.2190448730   126.4342263920   15.5790000000
37.2190448730   126.4342263920   15.5790000000
37.2190440150   126.4342256160   15.5790000000
37.2190440150   126.4342256160   15.5790000000
37.2190432350   126.4342249300   15.5800000000
37.2190432350   126.4342249300   15.5800000000
37.2190423870   126.4342241640   15.5800000000
37.2190423870   126.4342241640   15.5800000000
37.2190415400   126.4342233970   15.5790000000
37.2190415400   126.4342233970   15.5790000000
37.2190406930   126.4342226300   15.5790000000
37.2190406930   126.4342226300   15.5790000000
37.2190398470   126.4342218630   15.5790000000
37.2190398470   126.4342218630   15.5790000000
37.2190390020   126.4342210980   15.5790000000
37.2190390020   126.4342210980   15.5790000000
37.2190381590   126.4342203360   15.5800000000
37.2190381590   126.4342203360   15.5800000000
37.2190373190   126.4342195770   15.5810000000
37.2190373190   126.4342195770   15.5810000000
37.2190364830   126.4342188210   15.5840000000
37.2190364830   126.4342188210   15.5840000000
37.2190356510   126.4342180690   15.5870000000
37.2190356510   126.4342180690   15.5870000000
37.2190348330   126.4342174110   15.5940000000
37.2190348330   126.4342174110   15.5940000000
37.2190340050   126.4342166640   15.5980000000
37.2190340050   126.4342166640   15.5980000000
37.2190331780   126.4342159160   15.6010000000
37.2190331780   126.4342159160   15.6010000000
37.2190323520   126.4342151700   15.6030000000
37.2190323520   126.4342151700   15.6030000000
37.2190315290   126.4342144260   15.6060000000
37.2190315290   126.4342144260   15.6060000000
37.2190307090   126.4342136850   15.6100000000
37.2190307090   126.4342136850   15.6100000000
37.2190298910   126.4342129470   15.6140000000
37.2190298910   126.4342129470   15.6140000000
37.2190290770   126.4342122080   15.6190000000
37.2190290770   126.4342122080   15.6190000000
37.2190282680   126.4342114730   15.6250000000
37.2190282680   126.4342114730   15.6250000000
37.2190274670   126.4342107470   15.6330000000
37.2190274670   126.4342107470   15.6330000000
37.2190266900   126.4342101630   15.6410000000
37.2190266900   126.4342101630   15.6410000000
37.2190259060   126.4342094490   15.6520000000
37.2190259060   126.4342094490   15.6520000000
37.2190251220   126.4342087290   15.6620000000
37.2190251220   126.4342087290   15.6620000000
37.2190243320   126.4342080050   15.6700000000
37.2190243320   126.4342080050   15.6700000000
37.2190235340   126.4342072790   15.6740000000
37.2190235340   126.4342072790   15.6740000000
37.2190227330   126.4342065510   15.6770000000
37.2190227330   126.4342065510   15.6770000000
37.2190219310   126.4342058240   15.6780000000
37.2190219310   126.4342058240   15.6780000000
37.2190211300   126.4342051000   15.6790000000
37.2190211300   126.4342051000   15.6790000000
37.2190203300   126.4342043810   15.6800000000
37.2190203300   126.4342043810   15.6800000000
37.2190195320   126.4342036640   15.6810000000
37.2190195320   126.4342036640   15.6810000000
37.2190188310   126.4342029660   15.6600000000
37.2190188310   126.4342029660   15.6600000000
37.2190180330   126.4342022450   15.6580000000
37.2190180330   126.4342022450   15.6580000000
37.2190172340   126.4342015200   15.6550000000
37.2190172340   126.4342015200   15.6550000000
37.2190164320   126.4342007890   15.6500000000
37.2190164320   126.4342007890   15.6500000000
37.2190156200   126.4342000520   15.6400000000
37.2190156200   126.4342000520   15.6400000000
37.2190148000   126.4341993060   15.6250000000
37.2190148000   126.4341993060   15.6250000000
37.2190139790   126.4341985560   15.6070000000
37.2190139790   126.4341985560   15.6070000000
37.2190131610   126.4341978090   15.5890000000
37.2190131610   126.4341978090   15.5890000000
37.2190123510   126.4341970710   15.5740000000
37.2190123510   126.4341970710   15.5740000000
37.2190115510   126.4341963400   15.5640000000
37.2190115510   126.4341963400   15.5640000000
37.2190109970   126.4341958860   15.5240000000
37.2190109970   126.4341958860   15.5240000000
37.2190102350   126.4341951870   15.5200000000
37.2190102350   126.4341951870   15.5200000000
37.2190094790   126.4341944930   15.5180000000
37.2190094790   126.4341944930   15.5180000000
37.2190087240   126.4341938010   15.5180000000
37.2190087240   126.4341938010   15.5180000000
37.2190079700   126.4341931070   15.5170000000
37.2190079700   126.4341931070   15.5170000000
37.2190079700   126.4341931070   15.5170000000
37.2190079700   126.4341931070   15.5170000000
37.2190064480   126.4341917180   15.5110000000
37.2190064480   126.4341917180   15.5110000000
37.2190056800   126.4341910210   15.5060000000
37.2190056800   126.4341910210   15.5060000000
37.2190049110   126.4341903240   15.5010000000
37.2190049110   126.4341903240   15.5010000000
37.2190041470   126.4341896290   15.4980000000
37.2190041470   126.4341896290   15.4980000000
37.2190034590   126.4341889470   15.5910000000
37.2190034590   126.4341889470   15.5910000000
37.2190027120   126.4341882660   15.5960000000
37.2190027120   126.4341882660   15.5960000000
37.2190019700   126.4341875860   15.6030000000
37.2190019700   126.4341875860   15.6030000000
37.2190012270   126.4341869030   15.6100000000
37.2190012270   126.4341869030   15.6100000000
37.2190004810   126.4341862150   15.6170000000
37.2190004810   126.4341862150   15.6170000000
37.2189997290   126.4341855200   15.6210000000
37.2189997290   126.4341855200   15.6210000000
37.2189989700   126.4341848170   15.6210000000
37.2189989700   126.4341848170   15.6210000000
37.2189982070   126.4341841100   15.6190000000
37.2189982070   126.4341841100   15.6190000000
37.2189974410   126.4341834020   15.6160000000
37.2189974410   126.4341834020   15.6160000000
37.2189966770   126.4341826950   15.6130000000
37.2189966770   126.4341826950   15.6130000000
37.2189958460   126.4341819980   15.6640000000
37.2189958460   126.4341819980   15.6640000000
37.2189950820   126.4341812960   15.6620000000
37.2189950820   126.4341812960   15.6620000000
37.2189943230   126.4341805990   15.6620000000
37.2189943230   126.4341805990   15.6620000000
37.2189935700   126.4341799040   15.6630000000
37.2189935700   126.4341799040   15.6630000000
37.2189928200   126.4341792110   15.6660000000
37.2189928200   126.4341792110   15.6660000000
37.2189920710   126.4341785200   15.6690000000
37.2189920710   126.4341785200   15.6690000000
37.2189913210   126.4341778310   15.6710000000
37.2189913210   126.4341778310   15.6710000000
37.2189905690   126.4341771370   15.6710000000
37.2189905690   126.4341771370   15.6710000000
37.2189898150   126.4341764400   15.6700000000
37.2189898150   126.4341764400   15.6700000000
37.2189890600   126.4341757420   15.6680000000
37.2189890600   126.4341757420   15.6680000000
37.2189882970   126.4341750180   15.6780000000
37.2189882970   126.4341750180   15.6780000000
37.2189875440   126.4341743190   15.6760000000
37.2189875440   126.4341743190   15.6760000000
37.2189867940   126.4341736220   15.6740000000
37.2189867940   126.4341736220   15.6740000000
37.2189860460   126.4341729280   15.6740000000
37.2189860460   126.4341729280   15.6740000000
37.2189852990   126.4341722340   15.6740000000
37.2189852990   126.4341722340   15.6740000000
37.2189838040   126.4341708440   15.6750000000
37.2189838040   126.4341708440   15.6750000000
37.2189830520   126.4341701490   15.6750000000
37.2189830520   126.4341701490   15.6750000000
37.2189822990   126.4341694520   15.6750000000
37.2189822990   126.4341694520   15.6750000000
37.2189815440   126.4341687530   15.6740000000
37.2189815440   126.4341687530   15.6740000000
37.2189809840   126.4341682180   15.6530000000
37.2189809840   126.4341682180   15.6530000000
37.2189802400   126.4341675300   15.6520000000
37.2189802400   126.4341675300   15.6520000000
37.2189794950   126.4341668420   15.6500000000
37.2189794950   126.4341668420   15.6500000000
37.2189787520   126.4341661530   15.6490000000
37.2189787520   126.4341661530   15.6490000000
37.2189780100   126.4341654640   15.6480000000
37.2189780100   126.4341654640   15.6480000000
37.2189772690   126.4341647760   15.6480000000
37.2189772690   126.4341647760   15.6480000000
37.2189765280   126.4341640870   15.6480000000
37.2189765280   126.4341640870   15.6480000000
37.2189757860   126.4341633970   15.6480000000
37.2189757860   126.4341633970   15.6480000000
37.2189750400   126.4341627050   15.6480000000
37.2189750400   126.4341627050   15.6480000000
37.2189742920   126.4341620090   15.6480000000
37.2189742920   126.4341620090   15.6480000000
37.2189736750   126.4341614240   15.6340000000
37.2189736750   126.4341614240   15.6340000000
37.2189729350   126.4341607330   15.6340000000
37.2189729350   126.4341607330   15.6340000000
37.2189721960   126.4341600420   15.6350000000
37.2189721960   126.4341600420   15.6350000000
37.2189714590   126.4341593540   15.6370000000
37.2189714590   126.4341593540   15.6370000000
37.2189707250   126.4341586680   15.6400000000
37.2189707250   126.4341586680   15.6400000000
37.2189692650   126.4341573060   15.6510000000
37.2189692650   126.4341573060   15.6510000000
37.2189685370   126.4341566260   15.6580000000
37.2189685370   126.4341566260   15.6580000000
37.2189678130   126.4341559470   15.6660000000
37.2189678130   126.4341559470   15.6660000000
37.2189670880   126.4341552690   15.6760000000
37.2189670880   126.4341552690   15.6760000000
37.2189664310   126.4341546030   15.6830000000
37.2189664310   126.4341546030   15.6830000000
37.2189657020   126.4341539220   15.6910000000
37.2189657020   126.4341539220   15.6910000000
37.2189649670   126.4341532350   15.6990000000
37.2189649670   126.4341532350   15.6990000000
37.2189649670   126.4341532350   15.6990000000
37.2189649670   126.4341532350   15.6990000000
37.2189634830   126.4341518470   15.7100000000
37.2189634830   126.4341518470   15.7100000000
37.2189627360   126.4341511480   15.7140000000
37.2189627360   126.4341511480   15.7140000000
37.2189619850   126.4341504450   15.7170000000
37.2189619850   126.4341504450   15.7170000000
37.2189612320   126.4341497360   15.7190000000
37.2189612320   126.4341497360   15.7190000000
37.2189604750   126.4341490220   15.7200000000
37.2189604750   126.4341490220   15.7200000000
37.2189597160   126.4341483040   15.7200000000
37.2189597160   126.4341483040   15.7200000000
37.2189589880   126.4341476010   15.7150000000
37.2189589880   126.4341476010   15.7150000000
37.2189582190   126.4341468760   15.7110000000
37.2189582190   126.4341468760   15.7110000000
37.2189574490   126.4341461510   15.7070000000
37.2189574490   126.4341461510   15.7070000000
37.2189566800   126.4341454250   15.7020000000
37.2189566800   126.4341454250   15.7020000000
37.2189559110   126.4341447020   15.6970000000
37.2189559110   126.4341447020   15.6970000000
37.2189551410   126.4341439800   15.6920000000
37.2189551410   126.4341439800   15.6920000000
37.2189543720   126.4341432600   15.6880000000
37.2189543720   126.4341432600   15.6880000000
37.2189536050   126.4341425420   15.6850000000
37.2189536050   126.4341425420   15.6850000000
37.2189528400   126.4341418240   15.6840000000
37.2189528400   126.4341418240   15.6840000000
37.2189520780   126.4341411050   15.6840000000
37.2189520780   126.4341411050   15.6840000000
37.2189515030   126.4341405020   15.6400000000
37.2189515030   126.4341405020   15.6400000000
37.2189507510   126.4341397930   15.6410000000
37.2189507510   126.4341397930   15.6410000000
37.2189499970   126.4341390790   15.6430000000
37.2189499970   126.4341390790   15.6430000000
37.2189492380   126.4341383610   15.6440000000
37.2189492380   126.4341383610   15.6440000000
37.2189484750   126.4341376370   15.6450000000
37.2189484750   126.4341376370   15.6450000000
37.2189477080   126.4341369080   15.6450000000
37.2189477080   126.4341369080   15.6450000000
37.2189469370   126.4341361770   15.6450000000
37.2189469370   126.4341361770   15.6450000000
37.2189461620   126.4341354430   15.6440000000
37.2189461620   126.4341354430   15.6440000000
37.2189453850   126.4341347060   15.6440000000
37.2189453850   126.4341347060   15.6440000000
37.2189446050   126.4341339670   15.6430000000
37.2189446050   126.4341339670   15.6430000000
37.2189439020   126.4341333660   15.6920000000
37.2189439020   126.4341333660   15.6920000000
37.2189431280   126.4341326330   15.6920000000
37.2189431280   126.4341326330   15.6920000000
37.2189423520   126.4341318970   15.6920000000
37.2189423520   126.4341318970   15.6920000000
37.2189415750   126.4341311600   15.6930000000
37.2189415750   126.4341311600   15.6930000000
37.2189407970   126.4341304200   15.6940000000
37.2189407970   126.4341304200   15.6940000000
37.2189400150   126.4341296770   15.6950000000
37.2189400150   126.4341296770   15.6950000000
37.2189392290   126.4341289320   15.6960000000
37.2189392290   126.4341289320   15.6960000000
37.2189384410   126.4341281820   15.6960000000
37.2189384410   126.4341281820   15.6960000000
37.2189376500   126.4341274270   15.6960000000
37.2189376500   126.4341274270   15.6960000000
37.2189368550   126.4341266700   15.6960000000
37.2189368550   126.4341266700   15.6960000000
37.2189360490   126.4341259100   15.7030000000
37.2189360490   126.4341259100   15.7030000000
37.2189352510   126.4341251500   15.7030000000
37.2189352510   126.4341251500   15.7030000000
37.2189344520   126.4341243870   15.7030000000
37.2189344520   126.4341243870   15.7030000000
37.2189336510   126.4341236230   15.7030000000
37.2189336510   126.4341236230   15.7030000000
37.2189328480   126.4341228570   15.7040000000
37.2189328480   126.4341228570   15.7040000000
37.2189320420   126.4341220870   15.7050000000
37.2189320420   126.4341220870   15.7050000000
37.2189312330   126.4341213140   15.7050000000
37.2189312330   126.4341213140   15.7050000000
37.2189304220   126.4341205390   15.7050000000
37.2189304220   126.4341205390   15.7050000000
37.2189296080   126.4341197610   15.7050000000
37.2189296080   126.4341197610   15.7050000000
37.2189287920   126.4341189790   15.7050000000
37.2189287920   126.4341189790   15.7050000000
37.2189279750   126.4341181970   15.7050000000
37.2189279750   126.4341181970   15.7050000000
37.2189272260   126.4341174930   15.7120000000
37.2189272260   126.4341174930   15.7120000000
37.2189264130   126.4341167140   15.7130000000
37.2189264130   126.4341167140   15.7130000000
37.2189255990   126.4341159320   15.7140000000
37.2189255990   126.4341159320   15.7140000000
37.2189247820   126.4341151500   15.7160000000
37.2189247820   126.4341151500   15.7160000000
37.2189239630   126.4341143650   15.7170000000
37.2189239630   126.4341143650   15.7170000000
37.2189231410   126.4341135740   15.7180000000
37.2189231410   126.4341135740   15.7180000000
37.2189223150   126.4341127800   15.7190000000
37.2189223150   126.4341127800   15.7190000000
37.2189214860   126.4341119840   15.7180000000
37.2189214860   126.4341119840   15.7180000000
37.2189206540   126.4341111860   15.7180000000
37.2189206540   126.4341111860   15.7180000000
37.2189198220   126.4341103880   15.7190000000
37.2189198220   126.4341103880   15.7190000000
37.2189189840   126.4341096460   15.7280000000
37.2189189840   126.4341096460   15.7280000000
37.2189181520   126.4341088490   15.7290000000
37.2189181520   126.4341088490   15.7290000000
37.2189173170   126.4341080470   15.7290000000
37.2189173170   126.4341080470   15.7290000000
37.2189164780   126.4341072440   15.7300000000
37.2189164780   126.4341072440   15.7300000000
37.2189156350   126.4341064360   15.7300000000
37.2189156350   126.4341064360   15.7300000000
37.2189147890   126.4341056240   15.7300000000
37.2189147890   126.4341056240   15.7300000000
37.2189139430   126.4341048100   15.7300000000
37.2189139430   126.4341048100   15.7300000000
37.2189130950   126.4341039970   15.7310000000
37.2189130950   126.4341039970   15.7310000000
37.2189122460   126.4341031810   15.7310000000
37.2189122460   126.4341031810   15.7310000000
37.2189114260   126.4341024490   15.7250000000
37.2189114260   126.4341024490   15.7250000000
37.2189105820   126.4341016360   15.7260000000
37.2189105820   126.4341016360   15.7260000000
37.2189097360   126.4341008230   15.7270000000
37.2189097360   126.4341008230   15.7270000000
37.2189088880   126.4341000070   15.7270000000
37.2189088880   126.4341000070   15.7270000000
37.2189080380   126.4340991900   15.7270000000
37.2189080380   126.4340991900   15.7270000000
37.2189071850   126.4340983700   15.7270000000
37.2189071850   126.4340983700   15.7270000000
37.2189063330   126.4340975470   15.7270000000
37.2189063330   126.4340975470   15.7270000000
37.2189054790   126.4340967240   15.7270000000
37.2189054790   126.4340967240   15.7270000000
37.2189046250   126.4340959030   15.7270000000
37.2189046250   126.4340959030   15.7270000000
37.2189037710   126.4340950810   15.7280000000
37.2189037710   126.4340950810   15.7280000000
37.2189029290   126.4340943070   15.7260000000
37.2189029290   126.4340943070   15.7260000000
37.2189020800   126.4340934880   15.7260000000
37.2189020800   126.4340934880   15.7260000000
37.2189012300   126.4340926710   15.7270000000
37.2189012300   126.4340926710   15.7270000000
37.2189003790   126.4340918530   15.7260000000
37.2189003790   126.4340918530   15.7260000000
37.2188995310   126.4340910330   15.7260000000
37.2188995310   126.4340910330   15.7260000000
37.2188986820   126.4340902140   15.7260000000
37.2188986820   126.4340902140   15.7260000000
37.2188978310   126.4340893950   15.7260000000
37.2188978310   126.4340893950   15.7260000000
37.2188969810   126.4340885760   15.7260000000
37.2188969810   126.4340885760   15.7260000000
37.2188961310   126.4340877570   15.7260000000
37.2188961310   126.4340877570   15.7260000000
37.2188952810   126.4340869390   15.7260000000
37.2188952810   126.4340869390   15.7260000000
37.2188945070   126.4340861880   15.7200000000
37.2188945070   126.4340861880   15.7200000000
37.2188936590   126.4340853780   15.7200000000
37.2188936590   126.4340853780   15.7200000000
37.2188928110   126.4340845690   15.7190000000
37.2188928110   126.4340845690   15.7190000000
37.2188919650   126.4340837620   15.7180000000
37.2188919650   126.4340837620   15.7180000000
37.2188911180   126.4340829570   15.7180000000
37.2188911180   126.4340829570   15.7180000000
37.2188902720   126.4340821520   15.7180000000
37.2188902720   126.4340821520   15.7180000000
37.2188894250   126.4340813480   15.7170000000
37.2188894250   126.4340813480   15.7170000000
37.2188885780   126.4340805430   15.7170000000
37.2188885780   126.4340805430   15.7170000000
37.2188877320   126.4340797380   15.7160000000
37.2188877320   126.4340797380   15.7160000000
37.2188868860   126.4340789340   15.7150000000
37.2188868860   126.4340789340   15.7150000000
37.2188860480   126.4340781310   15.7250000000
37.2188860480   126.4340781310   15.7250000000
37.2188852020   126.4340773280   15.7250000000
37.2188852020   126.4340773280   15.7250000000
37.2188843570   126.4340765250   15.7240000000
37.2188843570   126.4340765250   15.7240000000
37.2188835130   126.4340757220   15.7240000000
37.2188835130   126.4340757220   15.7240000000
37.2188826660   126.4340749200   15.7240000000
37.2188826660   126.4340749200   15.7240000000
37.2188818190   126.4340741170   15.7240000000
37.2188818190   126.4340741170   15.7240000000
37.2188809710   126.4340733150   15.7240000000
37.2188809710   126.4340733150   15.7240000000
37.2188801230   126.4340725130   15.7230000000
37.2188801230   126.4340725130   15.7230000000
37.2188792740   126.4340717120   15.7230000000
37.2188792740   126.4340717120   15.7230000000
37.2188784250   126.4340709100   15.7230000000
37.2188784250   126.4340709100   15.7230000000
37.2188776350   126.4340701180   15.7380000000
37.2188776350   126.4340701180   15.7380000000
37.2188767930   126.4340693260   15.7380000000
37.2188767930   126.4340693260   15.7380000000
37.2188759510   126.4340685330   15.7380000000
37.2188759510   126.4340685330   15.7380000000
37.2188751090   126.4340677380   15.7370000000
37.2188751090   126.4340677380   15.7370000000
37.2188742680   126.4340669450   15.7360000000
37.2188742680   126.4340669450   15.7360000000
37.2188734260   126.4340661540   15.7360000000
37.2188734260   126.4340661540   15.7360000000
37.2188725850   126.4340653650   15.7360000000
37.2188725850   126.4340653650   15.7360000000
37.2188717460   126.4340645760   15.7350000000
37.2188717460   126.4340645760   15.7350000000
37.2188709100   126.4340637900   15.7350000000
37.2188709100   126.4340637900   15.7350000000
37.2188700740   126.4340630060   15.7340000000
37.2188700740   126.4340630060   15.7340000000
37.2188692860   126.4340621990   15.7520000000
37.2188692860   126.4340621990   15.7520000000
37.2188684500   126.4340614150   15.7520000000
37.2188684500   126.4340614150   15.7520000000
37.2188676140   126.4340606320   15.7510000000
37.2188676140   126.4340606320   15.7510000000
37.2188667790   126.4340598470   15.7510000000
37.2188667790   126.4340598470   15.7510000000
37.2188659400   126.4340590620   15.7490000000
37.2188659400   126.4340590620   15.7490000000
37.2188651000   126.4340582780   15.7480000000
37.2188651000   126.4340582780   15.7480000000
37.2188642610   126.4340574950   15.7470000000
37.2188642610   126.4340574950   15.7470000000
37.2188634260   126.4340567120   15.7460000000
37.2188634260   126.4340567120   15.7460000000
37.2188625930   126.4340559300   15.7460000000
37.2188625930   126.4340559300   15.7460000000
37.2188617580   126.4340551500   15.7450000000
37.2188617580   126.4340551500   15.7450000000
37.2188609370   126.4340543910   15.7620000000
37.2188609370   126.4340543910   15.7620000000
37.2188601040   126.4340536130   15.7620000000
37.2188601040   126.4340536130   15.7620000000
37.2188592710   126.4340528370   15.7610000000
37.2188592710   126.4340528370   15.7610000000
37.2188584390   126.4340520610   15.7610000000
37.2188584390   126.4340520610   15.7610000000
37.2188576090   126.4340512850   15.7600000000
37.2188576090   126.4340512850   15.7600000000
37.2188567800   126.4340505110   15.7600000000
37.2188567800   126.4340505110   15.7600000000
37.2188559530   126.4340497390   15.7610000000
37.2188559530   126.4340497390   15.7610000000
37.2188551290   126.4340489670   15.7620000000
37.2188551290   126.4340489670   15.7620000000
37.2188543030   126.4340481950   15.7630000000
37.2188543030   126.4340481950   15.7630000000
37.2188534760   126.4340474210   15.7640000000
37.2188534760   126.4340474210   15.7640000000
37.2188526470   126.4340466460   15.7650000000
37.2188526470   126.4340466460   15.7650000000
37.2188517940   126.4340458840   15.7790000000
37.2188517940   126.4340458840   15.7790000000
37.2188509630   126.4340451070   15.7790000000
37.2188509630   126.4340451070   15.7790000000
37.2188501270   126.4340443220   15.7760000000
37.2188501270   126.4340443220   15.7760000000
37.2188492870   126.4340435290   15.7720000000
37.2188492870   126.4340435290   15.7720000000
37.2188484390   126.4340427310   15.7660000000
37.2188484390   126.4340427310   15.7660000000
37.2188475890   126.4340419310   15.7580000000
37.2188475890   126.4340419310   15.7580000000
37.2188467400   126.4340411320   15.7500000000
37.2188467400   126.4340411320   15.7500000000
37.2188458940   126.4340403320   15.7430000000
37.2188458940   126.4340403320   15.7430000000
37.2188450530   126.4340395360   15.7370000000
37.2188450530   126.4340395360   15.7370000000
37.2188442780   126.4340388320   15.7310000000
37.2188442780   126.4340388320   15.7310000000
37.2188434520   126.4340380530   15.7280000000
37.2188434520   126.4340380530   15.7280000000
37.2188426290   126.4340372770   15.7250000000
37.2188426290   126.4340372770   15.7250000000
37.2188418090   126.4340365030   15.7240000000
37.2188418090   126.4340365030   15.7240000000
37.2188409870   126.4340357300   15.7220000000
37.2188409870   126.4340357300   15.7220000000
37.2188401660   126.4340349590   15.7210000000
37.2188401660   126.4340349590   15.7210000000
37.2188393460   126.4340341880   15.7210000000
37.2188393460   126.4340341880   15.7210000000
37.2188385290   126.4340334170   15.7220000000
37.2188385290   126.4340334170   15.7220000000
37.2188377160   126.4340326470   15.7240000000
37.2188377160   126.4340326470   15.7240000000
37.2188369060   126.4340318790   15.7290000000
37.2188369060   126.4340318790   15.7290000000
37.2188359680   126.4340309620   15.7500000000
37.2188359680   126.4340309620   15.7500000000
37.2188351530   126.4340301870   15.7570000000
37.2188351530   126.4340301870   15.7570000000
37.2188343340   126.4340294070   15.7620000000
37.2188343340   126.4340294070   15.7620000000
37.2188335090   126.4340286250   15.7650000000
37.2188335090   126.4340286250   15.7650000000
37.2188326790   126.4340278390   15.7660000000
37.2188326790   126.4340278390   15.7660000000
37.2188318450   126.4340270520   15.7640000000
37.2188318450   126.4340270520   15.7640000000
37.2188310110   126.4340262660   15.7620000000
37.2188310110   126.4340262660   15.7620000000
37.2188301810   126.4340254830   15.7610000000
37.2188301810   126.4340254830   15.7610000000
37.2188293540   126.4340247050   15.7600000000
37.2188293540   126.4340247050   15.7600000000
37.2188285310   126.4340239330   15.7600000000
37.2188285310   126.4340239330   15.7600000000
37.2188277140   126.4340231650   15.7610000000
37.2188277140   126.4340231650   15.7610000000
37.2188270910   126.4340225730   15.7450000000
37.2188270910   126.4340225730   15.7450000000
37.2188262920   126.4340218190   15.7460000000
37.2188262920   126.4340218190   15.7460000000
37.2188254950   126.4340210640   15.7480000000
37.2188254950   126.4340210640   15.7480000000
37.2188247010   126.4340203110   15.7490000000
37.2188247010   126.4340203110   15.7490000000
37.2188239080   126.4340195590   15.7500000000
37.2188239080   126.4340195590   15.7500000000
37.2188231160   126.4340188100   15.7510000000
37.2188231160   126.4340188100   15.7510000000
37.2188223260   126.4340180640   15.7520000000
37.2188223260   126.4340180640   15.7520000000
37.2188215380   126.4340173180   15.7520000000
37.2188215380   126.4340173180   15.7520000000
37.2188207520   126.4340165740   15.7530000000
37.2188207520   126.4340165740   15.7530000000
37.2188198000   126.4340157130   15.7790000000
37.2188198000   126.4340157130   15.7790000000
37.2188190100   126.4340149660   15.7800000000
37.2188190100   126.4340149660   15.7800000000
37.2188182220   126.4340142220   15.7800000000
37.2188182220   126.4340142220   15.7800000000
37.2188174360   126.4340134790   15.7800000000
37.2188174360   126.4340134790   15.7800000000
37.2188166510   126.4340127380   15.7810000000
37.2188166510   126.4340127380   15.7810000000
37.2188166510   126.4340127380   15.7810000000
37.2188166510   126.4340127380   15.7810000000
37.2188150810   126.4340112660   15.7800000000
37.2188150810   126.4340112660   15.7800000000
37.2188142980   126.4340105340   15.7790000000
37.2188142980   126.4340105340   15.7790000000
37.2188135180   126.4340098050   15.7790000000
37.2188135180   126.4340098050   15.7790000000
37.2188127400   126.4340090770   15.7780000000
37.2188127400   126.4340090770   15.7780000000
37.2188119370   126.4340083600   15.7720000000
37.2188119370   126.4340083600   15.7720000000
37.2188111580   126.4340076290   15.7710000000
37.2188111580   126.4340076290   15.7710000000
37.2188103820   126.4340068990   15.7700000000
37.2188103820   126.4340068990   15.7700000000
37.2188096060   126.4340061710   15.7700000000
37.2188096060   126.4340061710   15.7700000000
37.2188088300   126.4340054440   15.7690000000
37.2188088300   126.4340054440   15.7690000000
37.2188080570   126.4340047180   15.7690000000
37.2188080570   126.4340047180   15.7690000000
37.2188072870   126.4340039940   15.7680000000
37.2188072870   126.4340039940   15.7680000000
37.2188065260   126.4340032780   15.7700000000
37.2188065260   126.4340032780   15.7700000000
37.2188057740   126.4340025740   15.7740000000
37.2188057740   126.4340025740   15.7740000000
37.2188050330   126.4340018830   15.7830000000
37.2188050330   126.4340018830   15.7830000000
37.2188043430   126.4340012650   15.7740000000
37.2188043430   126.4340012650   15.7740000000
37.2188036140   126.4340005840   15.7860000000
37.2188036140   126.4340005840   15.7860000000
37.2188028820   126.4339999040   15.7980000000
37.2188028820   126.4339999040   15.7980000000
37.2188021470   126.4339992220   15.8070000000
37.2188021470   126.4339992220   15.8070000000
37.2188014070   126.4339985340   15.8150000000
37.2188014070   126.4339985340   15.8150000000
37.2188006640   126.4339978410   15.8200000000
37.2188006640   126.4339978410   15.8200000000
37.2187999180   126.4339971420   15.8240000000
37.2187999180   126.4339971420   15.8240000000
37.2187991700   126.4339964420   15.8260000000
37.2187991700   126.4339964420   15.8260000000
37.2187984190   126.4339957400   15.8270000000
37.2187984190   126.4339957400   15.8270000000
37.2187976680   126.4339950390   15.8280000000
37.2187976680   126.4339950390   15.8280000000
37.2187969190   126.4339943390   15.8290000000
37.2187969190   126.4339943390   15.8290000000
37.2187959860   126.4339934980   15.8320000000
37.2187959860   126.4339934980   15.8320000000
37.2187952220   126.4339927850   15.8330000000
37.2187952220   126.4339927850   15.8330000000
37.2187944560   126.4339920700   15.8330000000
37.2187944560   126.4339920700   15.8330000000
37.2187936850   126.4339913510   15.8280000000
37.2187936850   126.4339913510   15.8280000000
37.2187929080   126.4339906290   15.8200000000
37.2187929080   126.4339906290   15.8200000000
37.2187921320   126.4339899080   15.8100000000
37.2187921320   126.4339899080   15.8100000000
37.2187913600   126.4339891910   15.8010000000
37.2187913600   126.4339891910   15.8010000000
37.2187905920   126.4339884800   15.7940000000
37.2187905920   126.4339884800   15.7940000000
37.2187898300   126.4339877730   15.7890000000
37.2187898300   126.4339877730   15.7890000000
37.2187893390   126.4339872730   15.7480000000
37.2187893390   126.4339872730   15.7480000000
37.2187885900   126.4339865760   15.7440000000
37.2187885900   126.4339865760   15.7440000000
37.2187878360   126.4339858720   15.7400000000
37.2187878360   126.4339858720   15.7400000000
37.2187870770   126.4339851630   15.7350000000
37.2187870770   126.4339851630   15.7350000000
37.2187863150   126.4339844480   15.7280000000
37.2187863150   126.4339844480   15.7280000000
37.2187855480   126.4339837320   15.7220000000
37.2187855480   126.4339837320   15.7220000000
37.2187847800   126.4339830150   15.7150000000
37.2187847800   126.4339830150   15.7150000000
37.2187840120   126.4339823010   15.7080000000
37.2187840120   126.4339823010   15.7080000000
37.2187832440   126.4339815890   15.7040000000
37.2187832440   126.4339815890   15.7040000000
37.2187824760   126.4339808790   15.7000000000
37.2187824760   126.4339808790   15.7000000000
37.2187818490   126.4339802660   15.7810000000
37.2187818490   126.4339802660   15.7810000000
37.2187810920   126.4339795660   15.7800000000
37.2187810920   126.4339795660   15.7800000000
37.2187803330   126.4339788650   15.7800000000
37.2187803330   126.4339788650   15.7800000000
37.2187795720   126.4339781600   15.7800000000
37.2187795720   126.4339781600   15.7800000000
37.2187788070   126.4339774510   15.7810000000
37.2187788070   126.4339774510   15.7810000000
37.2187780390   126.4339767390   15.7820000000
37.2187780390   126.4339767390   15.7820000000
37.2187772670   126.4339760240   15.7850000000
37.2187772670   126.4339760240   15.7850000000
37.2187764920   126.4339753050   15.7890000000
37.2187764920   126.4339753050   15.7890000000
37.2187757160   126.4339745840   15.7950000000
37.2187757160   126.4339745840   15.7950000000
37.2187749350   126.4339738590   15.8020000000
37.2187749350   126.4339738590   15.8020000000
37.2187739530   126.4339729460   15.8290000000
37.2187739530   126.4339729460   15.8290000000
37.2187731430   126.4339721920   15.8320000000
37.2187731430   126.4339721920   15.8320000000
37.2187723220   126.4339714300   15.8320000000
37.2187723220   126.4339714300   15.8320000000
37.2187714930   126.4339706620   15.8300000000
37.2187714930   126.4339706620   15.8300000000
37.2187706600   126.4339698930   15.8270000000
37.2187706600   126.4339698930   15.8270000000
37.2187698240   126.4339691220   15.8240000000
37.2187698240   126.4339691220   15.8240000000
37.2187689870   126.4339683520   15.8220000000
37.2187689870   126.4339683520   15.8220000000
37.2187681510   126.4339675850   15.8210000000
37.2187681510   126.4339675850   15.8210000000
37.2187673160   126.4339668170   15.8210000000
37.2187673160   126.4339668170   15.8210000000
37.2187664800   126.4339660480   15.8210000000
37.2187664800   126.4339660480   15.8210000000
37.2187657790   126.4339653810   15.7600000000
37.2187657790   126.4339653810   15.7600000000
37.2187649470   126.4339646110   15.7610000000
37.2187649470   126.4339646110   15.7610000000
37.2187641100   126.4339638380   15.7620000000
37.2187641100   126.4339638380   15.7620000000
37.2187632690   126.4339630640   15.7620000000
37.2187632690   126.4339630640   15.7620000000
37.2187624230   126.4339622860   15.7630000000
37.2187624230   126.4339622860   15.7630000000
37.2187615740   126.4339615030   15.7620000000
37.2187615740   126.4339615030   15.7620000000
37.2187607210   126.4339607160   15.7620000000
37.2187607210   126.4339607160   15.7620000000
37.2187598640   126.4339599280   15.7610000000
37.2187598640   126.4339599280   15.7610000000
37.2187590030   126.4339591380   15.7610000000
37.2187590030   126.4339591380   15.7610000000
37.2187581390   126.4339583430   15.7610000000
37.2187581390   126.4339583430   15.7610000000
37.2187574040   126.4339576630   15.7900000000
37.2187574040   126.4339576630   15.7900000000
37.2187565440   126.4339568710   15.7900000000
37.2187565440   126.4339568710   15.7900000000
37.2187556800   126.4339560770   15.7900000000
37.2187556800   126.4339560770   15.7900000000
37.2187548130   126.4339552790   15.7900000000
37.2187548130   126.4339552790   15.7900000000
37.2187539430   126.4339544780   15.7900000000
37.2187539430   126.4339544780   15.7900000000
37.2187530710   126.4339536750   15.7900000000
37.2187530710   126.4339536750   15.7900000000
37.2187521960   126.4339528710   15.7900000000
37.2187521960   126.4339528710   15.7900000000
37.2187513170   126.4339520630   15.7890000000
37.2187513170   126.4339520630   15.7890000000
37.2187504350   126.4339512540   15.7890000000
37.2187504350   126.4339512540   15.7890000000
37.2187495520   126.4339504440   15.7880000000
37.2187495520   126.4339504440   15.7880000000
37.2187486680   126.4339495840   15.7900000000
37.2187486680   126.4339495840   15.7900000000
37.2187477760   126.4339487650   15.7890000000
37.2187477760   126.4339487650   15.7890000000
37.2187468800   126.4339479420   15.7880000000
37.2187468800   126.4339479420   15.7880000000
37.2187459820   126.4339471160   15.7880000000
37.2187459820   126.4339471160   15.7880000000
37.2187450810   126.4339462860   15.7880000000
37.2187450810   126.4339462860   15.7880000000
37.2187441770   126.4339454540   15.7870000000
37.2187441770   126.4339454540   15.7870000000
37.2187432710   126.4339446210   15.7870000000
37.2187432710   126.4339446210   15.7870000000
37.2187423620   126.4339437860   15.7870000000
37.2187423620   126.4339437860   15.7870000000
37.2187414490   126.4339429460   15.7870000000
37.2187414490   126.4339429460   15.7870000000
37.2187405320   126.4339421030   15.7870000000
37.2187405320   126.4339421030   15.7870000000
37.2187395750   126.4339412720   15.7960000000
37.2187395750   126.4339412720   15.7960000000
37.2187386500   126.4339404210   15.7960000000
37.2187386500   126.4339404210   15.7960000000
37.2187377200   126.4339395670   15.7970000000
37.2187377200   126.4339395670   15.7970000000
37.2187367870   126.4339387100   15.7970000000
37.2187367870   126.4339387100   15.7970000000
37.2187358490   126.4339378490   15.7980000000
37.2187358490   126.4339378490   15.7980000000
37.2187349070   126.4339369840   15.7980000000
37.2187349070   126.4339369840   15.7980000000
37.2187339610   126.4339361160   15.7980000000
37.2187339610   126.4339361160   15.7980000000
37.2187330110   126.4339352440   15.7980000000
37.2187330110   126.4339352440   15.7980000000
37.2187320570   126.4339343680   15.7980000000
37.2187320570   126.4339343680   15.7980000000
37.2187311010   126.4339334890   15.7990000000
37.2187311010   126.4339334890   15.7990000000
37.2187301410   126.4339326190   15.8060000000
37.2187301410   126.4339326190   15.8060000000
37.2187291840   126.4339317390   15.8060000000
37.2187291840   126.4339317390   15.8060000000
37.2187282240   126.4339308560   15.8070000000
37.2187282240   126.4339308560   15.8070000000
37.2187272610   126.4339299690   15.8070000000
37.2187272610   126.4339299690   15.8070000000
37.2187262950   126.4339290780   15.8080000000
37.2187262950   126.4339290780   15.8080000000
37.2187253250   126.4339281840   15.8080000000
37.2187253250   126.4339281840   15.8080000000
37.2187243500   126.4339272860   15.8080000000
37.2187243500   126.4339272860   15.8080000000
37.2187233730   126.4339263850   15.8090000000
37.2187233730   126.4339263850   15.8090000000
37.2187223930   126.4339254790   15.8090000000
37.2187223930   126.4339254790   15.8090000000
37.2187214080   126.4339245700   15.8090000000
37.2187214080   126.4339245700   15.8090000000
37.2187204580   126.4339236910   15.7930000000
37.2187204580   126.4339236910   15.7930000000
37.2187194700   126.4339227810   15.7930000000
37.2187194700   126.4339227810   15.7930000000
37.2187184800   126.4339218680   15.7930000000
37.2187184800   126.4339218680   15.7930000000
37.2187174860   126.4339209510   15.7930000000
37.2187174860   126.4339209510   15.7930000000
37.2187164890   126.4339200300   15.7930000000
37.2187164890   126.4339200300   15.7930000000
37.2187154870   126.4339191060   15.7930000000
37.2187154870   126.4339191060   15.7930000000
37.2187144830   126.4339181790   15.7930000000
37.2187144830   126.4339181790   15.7930000000
37.2187134750   126.4339172490   15.7930000000
37.2187134750   126.4339172490   15.7930000000
37.2187124650   126.4339163150   15.7930000000
37.2187124650   126.4339163150   15.7930000000
37.2187114510   126.4339153780   15.7930000000
37.2187114510   126.4339153780   15.7930000000
37.2187104680   126.4339144580   15.7790000000
37.2187104680   126.4339144580   15.7790000000
37.2187094510   126.4339135180   15.7790000000
37.2187094510   126.4339135180   15.7790000000
37.2187084320   126.4339125760   15.7790000000
37.2187084320   126.4339125760   15.7790000000
37.2187074100   126.4339116300   15.7800000000
37.2187074100   126.4339116300   15.7800000000
37.2187063830   126.4339106800   15.7800000000
37.2187063830   126.4339106800   15.7800000000
37.2187053530   126.4339097270   15.7800000000
37.2187053530   126.4339097270   15.7800000000
37.2187043190   126.4339087700   15.7810000000
37.2187043190   126.4339087700   15.7810000000
37.2187032800   126.4339078100   15.7810000000
37.2187032800   126.4339078100   15.7810000000
37.2187022380   126.4339068470   15.7810000000
37.2187022380   126.4339068470   15.7810000000
37.2187011910   126.4339058800   15.7810000000
37.2187011910   126.4339058800   15.7810000000
37.2187001210   126.4339048850   15.7880000000
37.2187001210   126.4339048850   15.7880000000
37.2186990740   126.4339039130   15.7890000000
37.2186990740   126.4339039130   15.7890000000
37.2186980240   126.4339029400   15.7890000000
37.2186980240   126.4339029400   15.7890000000
37.2186969710   126.4339019630   15.7900000000
37.2186969710   126.4339019630   15.7900000000
37.2186959150   126.4339009810   15.7900000000
37.2186959150   126.4339009810   15.7900000000
37.2186948560   126.4338999960   15.7910000000
37.2186948560   126.4338999960   15.7910000000
37.2186937930   126.4338990100   15.7910000000
37.2186937930   126.4338990100   15.7910000000
37.2186927260   126.4338980190   15.7910000000
37.2186927260   126.4338980190   15.7910000000
37.2186916560   126.4338970250   15.7910000000
37.2186916560   126.4338970250   15.7910000000
37.2186905830   126.4338960290   15.7920000000
37.2186905830   126.4338960290   15.7920000000
37.2186894920   126.4338950660   15.7920000000
37.2186894920   126.4338950660   15.7920000000
37.2186884160   126.4338940660   15.7920000000
37.2186884160   126.4338940660   15.7920000000
37.2186873380   126.4338930620   15.7920000000
37.2186873380   126.4338930620   15.7920000000
37.2186862550   126.4338920570   15.7920000000
37.2186862550   126.4338920570   15.7920000000
37.2186851700   126.4338910490   15.7920000000
37.2186851700   126.4338910490   15.7920000000
37.2186840830   126.4338900390   15.7920000000
37.2186840830   126.4338900390   15.7920000000
37.2186829940   126.4338890280   15.7920000000
37.2186829940   126.4338890280   15.7920000000
37.2186819020   126.4338880140   15.7920000000
37.2186819020   126.4338880140   15.7920000000
37.2186808070   126.4338870000   15.7920000000
37.2186808070   126.4338870000   15.7920000000
37.2186797110   126.4338859830   15.7920000000
37.2186797110   126.4338859830   15.7920000000
37.2186786290   126.4338850050   15.8060000000
37.2186786290   126.4338850050   15.8060000000
37.2186775290   126.4338839860   15.8060000000
37.2186775290   126.4338839860   15.8060000000
37.2186764270   126.4338829650   15.8060000000
37.2186764270   126.4338829650   15.8060000000
37.2186753230   126.4338819400   15.8060000000
37.2186753230   126.4338819400   15.8060000000
37.2186742160   126.4338809140   15.8060000000
37.2186742160   126.4338809140   15.8060000000
37.2186731060   126.4338798870   15.8060000000
37.2186731060   126.4338798870   15.8060000000
37.2186719970   126.4338788580   15.8060000000
37.2186719970   126.4338788580   15.8060000000
37.2186708850   126.4338778260   15.8060000000
37.2186708850   126.4338778260   15.8060000000
37.2186697720   126.4338767940   15.8060000000
37.2186697720   126.4338767940   15.8060000000
37.2186686570   126.4338757590   15.8070000000
37.2186686570   126.4338757590   15.8070000000
37.2186674850   126.4338746900   15.8050000000
37.2186674850   126.4338746900   15.8050000000
37.2186663610   126.4338736470   15.8050000000
37.2186663610   126.4338736470   15.8050000000
37.2186652340   126.4338726030   15.8060000000
37.2186652340   126.4338726030   15.8060000000
37.2186641060   126.4338715570   15.8070000000
37.2186641060   126.4338715570   15.8070000000
37.2186629750   126.4338705080   15.8080000000
37.2186629750   126.4338705080   15.8080000000
37.2186618400   126.4338694590   15.8090000000
37.2186618400   126.4338694590   15.8090000000
37.2186607040   126.4338684060   15.8100000000
37.2186607040   126.4338684060   15.8100000000
37.2186595640   126.4338673500   15.8110000000
37.2186595640   126.4338673500   15.8110000000
37.2186584220   126.4338662920   15.8110000000
37.2186584220   126.4338662920   15.8110000000
37.2186572770   126.4338652310   15.8120000000
37.2186572770   126.4338652310   15.8120000000
37.2186560820   126.4338641270   15.8200000000
37.2186560820   126.4338641270   15.8200000000
37.2186549300   126.4338630600   15.8210000000
37.2186549300   126.4338630600   15.8210000000
37.2186537750   126.4338619900   15.8220000000
37.2186537750   126.4338619900   15.8220000000
37.2186526180   126.4338609180   15.8230000000
37.2186526180   126.4338609180   15.8230000000
37.2186514570   126.4338598410   15.8230000000
37.2186514570   126.4338598410   15.8230000000
37.2186502940   126.4338587640   15.8240000000
37.2186502940   126.4338587640   15.8240000000
37.2186491280   126.4338576840   15.8250000000
37.2186491280   126.4338576840   15.8250000000
37.2186479600   126.4338566010   15.8260000000
37.2186479600   126.4338566010   15.8260000000
37.2186467900   126.4338555160   15.8280000000
37.2186467900   126.4338555160   15.8280000000
37.2186456160   126.4338544270   15.8290000000
37.2186456160   126.4338544270   15.8290000000
37.2186444790   126.4338533430   15.8410000000
37.2186444790   126.4338533430   15.8410000000
37.2186433030   126.4338522510   15.8420000000
37.2186433030   126.4338522510   15.8420000000
37.2186421250   126.4338511570   15.8420000000
37.2186421250   126.4338511570   15.8420000000
37.2186409450   126.4338500600   15.8430000000
37.2186409450   126.4338500600   15.8430000000
37.2186397640   126.4338489600   15.8440000000
37.2186397640   126.4338489600   15.8440000000
37.2186385790   126.4338478590   15.8450000000
37.2186385790   126.4338478590   15.8450000000
37.2186373910   126.4338467540   15.8460000000
37.2186373910   126.4338467540   15.8460000000
37.2186362010   126.4338456450   15.8470000000
37.2186362010   126.4338456450   15.8470000000
37.2186350070   126.4338445360   15.8480000000
37.2186350070   126.4338445360   15.8480000000
37.2186338120   126.4338434240   15.8490000000
37.2186338120   126.4338434240   15.8490000000
37.2186326000   126.4338422960   15.8460000000
37.2186326000   126.4338422960   15.8460000000
37.2186314010   126.4338411790   15.8470000000
37.2186314010   126.4338411790   15.8470000000
37.2186301990   126.4338400600   15.8490000000
37.2186301990   126.4338400600   15.8490000000
37.2186289930   126.4338389380   15.8490000000
37.2186289930   126.4338389380   15.8490000000
37.2186277840   126.4338378140   15.8500000000
37.2186277840   126.4338378140   15.8500000000
37.2186265740   126.4338366870   15.8510000000
37.2186265740   126.4338366870   15.8510000000
37.2186253630   126.4338355580   15.8520000000
37.2186253630   126.4338355580   15.8520000000
37.2186241490   126.4338344270   15.8520000000
37.2186241490   126.4338344270   15.8520000000
37.2186229320   126.4338332930   15.8530000000
37.2186229320   126.4338332930   15.8530000000
37.2186217130   126.4338321570   15.8540000000
37.2186217130   126.4338321570   15.8540000000
37.2186204910   126.4338310180   15.8540000000
37.2186204910   126.4338310180   15.8540000000
37.2186192440   126.4338298770   15.8430000000
37.2186192440   126.4338298770   15.8430000000
37.2186180180   126.4338287330   15.8430000000
37.2186180180   126.4338287330   15.8430000000
37.2186167910   126.4338275870   15.8440000000
37.2186167910   126.4338275870   15.8440000000
37.2186155600   126.4338264400   15.8450000000
37.2186155600   126.4338264400   15.8450000000
37.2186143270   126.4338252890   15.8450000000
37.2186143270   126.4338252890   15.8450000000
37.2186130910   126.4338241380   15.8460000000
37.2186130910   126.4338241380   15.8460000000
37.2186118520   126.4338229820   15.8460000000
37.2186118520   126.4338229820   15.8460000000
37.2186106110   126.4338218250   15.8460000000
37.2186106110   126.4338218250   15.8460000000
37.2186093680   126.4338206640   15.8470000000
37.2186093680   126.4338206640   15.8470000000
37.2186081180   126.4338194930   15.8470000000
37.2186081180   126.4338194930   15.8470000000
37.2186068730   126.4338183300   15.8470000000
37.2186068730   126.4338183300   15.8470000000
37.2186056260   126.4338171650   15.8480000000
37.2186056260   126.4338171650   15.8480000000
37.2186043780   126.4338160000   15.8490000000
37.2186043780   126.4338160000   15.8490000000
37.2186031300   126.4338148320   15.8490000000
37.2186031300   126.4338148320   15.8490000000
37.2186018800   126.4338136640   15.8500000000
37.2186018800   126.4338136640   15.8500000000
37.2186006280   126.4338124940   15.8510000000
37.2186006280   126.4338124940   15.8510000000
37.2185993740   126.4338113210   15.8520000000
37.2185993740   126.4338113210   15.8520000000
37.2185981170   126.4338101450   15.8530000000
37.2185981170   126.4338101450   15.8530000000
37.2185968580   126.4338089680   15.8540000000
37.2185968580   126.4338089680   15.8540000000
37.2185955530   126.4338077560   15.8600000000
37.2185955530   126.4338077560   15.8600000000
37.2185942870   126.4338065700   15.8610000000
37.2185942870   126.4338065700   15.8610000000
37.2185930190   126.4338053830   15.8620000000
37.2185930190   126.4338053830   15.8620000000
37.2185917490   126.4338041940   15.8630000000
37.2185917490   126.4338041940   15.8630000000
37.2185904770   126.4338030020   15.8630000000
37.2185904770   126.4338030020   15.8630000000
37.2185892030   126.4338018090   15.8630000000
37.2185892030   126.4338018090   15.8630000000
37.2185879270   126.4338006150   15.8640000000
37.2185879270   126.4338006150   15.8640000000
37.2185866500   126.4337994180   15.8640000000
37.2185866500   126.4337994180   15.8640000000
37.2185853700   126.4337982190   15.8640000000
37.2185853700   126.4337982190   15.8640000000
37.2185840880   126.4337970170   15.8640000000
37.2185840880   126.4337970170   15.8640000000
37.2185828020   126.4337957910   15.8520000000
37.2185828020   126.4337957910   15.8520000000
37.2185815160   126.4337945860   15.8520000000
37.2185815160   126.4337945860   15.8520000000
37.2185802290   126.4337933780   15.8510000000
37.2185802290   126.4337933780   15.8510000000
37.2185789410   126.4337921670   15.8510000000
37.2185789410   126.4337921670   15.8510000000
37.2185776500   126.4337909540   15.8510000000
37.2185776500   126.4337909540   15.8510000000
37.2185763570   126.4337897380   15.8510000000
37.2185763570   126.4337897380   15.8510000000
37.2185750610   126.4337885200   15.8510000000
37.2185750610   126.4337885200   15.8510000000
37.2185737630   126.4337873000   15.8500000000
37.2185737630   126.4337873000   15.8500000000
37.2185724630   126.4337860760   15.8500000000
37.2185724630   126.4337860760   15.8500000000
37.2185711610   126.4337848520   15.8490000000
37.2185711610   126.4337848520   15.8490000000
37.2185698460   126.4337835810   15.8400000000
37.2185698460   126.4337835810   15.8400000000
37.2185685420   126.4337823520   15.8400000000
37.2185685420   126.4337823520   15.8400000000
37.2185672350   126.4337811220   15.8390000000
37.2185672350   126.4337811220   15.8390000000
37.2185659260   126.4337798890   15.8390000000
37.2185659260   126.4337798890   15.8390000000
37.2185646140   126.4337786530   15.8390000000
37.2185646140   126.4337786530   15.8390000000
37.2185633010   126.4337774160   15.8390000000
37.2185633010   126.4337774160   15.8390000000
37.2185619870   126.4337761770   15.8390000000
37.2185619870   126.4337761770   15.8390000000
37.2185606720   126.4337749360   15.8380000000
37.2185606720   126.4337749360   15.8380000000
37.2185593540   126.4337736930   15.8380000000
37.2185593540   126.4337736930   15.8380000000
37.2185580340   126.4337724500   15.8370000000
37.2185580340   126.4337724500   15.8370000000
37.2185567610   126.4337712640   15.8360000000
37.2185567610   126.4337712640   15.8360000000
37.2185554380   126.4337700170   15.8350000000
37.2185554380   126.4337700170   15.8350000000
37.2185541150   126.4337687690   15.8340000000
37.2185541150   126.4337687690   15.8340000000
37.2185527900   126.4337675180   15.8340000000
37.2185527900   126.4337675180   15.8340000000
37.2185514630   126.4337662660   15.8330000000
37.2185514630   126.4337662660   15.8330000000
37.2185501330   126.4337650110   15.8320000000
37.2185501330   126.4337650110   15.8320000000
37.2185488000   126.4337637540   15.8310000000
37.2185488000   126.4337637540   15.8310000000
37.2185474650   126.4337624960   15.8300000000
37.2185474650   126.4337624960   15.8300000000
37.2185461290   126.4337612360   15.8290000000
37.2185461290   126.4337612360   15.8290000000
37.2185447910   126.4337599760   15.8280000000
37.2185447910   126.4337599760   15.8280000000
37.2185434220   126.4337586260   15.8250000000
37.2185434220   126.4337586260   15.8250000000
37.2185420770   126.4337573610   15.8250000000
37.2185420770   126.4337573610   15.8250000000
37.2185407290   126.4337560940   15.8240000000
37.2185407290   126.4337560940   15.8240000000
37.2185393790   126.4337548250   15.8240000000
37.2185393790   126.4337548250   15.8240000000
37.2185380260   126.4337535550   15.8230000000
37.2185380260   126.4337535550   15.8230000000
37.2185366710   126.4337522840   15.8220000000
37.2185366710   126.4337522840   15.8220000000
37.2185353140   126.4337510110   15.8220000000
37.2185353140   126.4337510110   15.8220000000
37.2185339560   126.4337497360   15.8230000000
37.2185339560   126.4337497360   15.8230000000
37.2185325950   126.4337484610   15.8230000000
37.2185325950   126.4337484610   15.8230000000
37.2185312310   126.4337471820   15.8220000000
37.2185312310   126.4337471820   15.8220000000
37.2185298530   126.4337459880   15.8350000000
37.2185298530   126.4337459880   15.8350000000
37.2185284880   126.4337447130   15.8340000000
37.2185284880   126.4337447130   15.8340000000
37.2185271220   126.4337434360   15.8340000000
37.2185271220   126.4337434360   15.8340000000
37.2185257550   126.4337421580   15.8340000000
37.2185257550   126.4337421580   15.8340000000
37.2185243870   126.4337408800   15.8340000000
37.2185243870   126.4337408800   15.8340000000
37.2185230160   126.4337396000   15.8340000000
37.2185230160   126.4337396000   15.8340000000
37.2185216450   126.4337383200   15.8340000000
37.2185216450   126.4337383200   15.8340000000
37.2185202720   126.4337370380   15.8330000000
37.2185202720   126.4337370380   15.8330000000
37.2185188990   126.4337357550   15.8330000000
37.2185188990   126.4337357550   15.8330000000
37.2185175250   126.4337344710   15.8320000000
37.2185175250   126.4337344710   15.8320000000
37.2185161210   126.4337331560   15.8390000000
37.2185161210   126.4337331560   15.8390000000
37.2185147390   126.4337318650   15.8380000000
37.2185147390   126.4337318650   15.8380000000
37.2185133550   126.4337305720   15.8370000000
37.2185133550   126.4337305720   15.8370000000
37.2185119710   126.4337292780   15.8360000000
37.2185119710   126.4337292780   15.8360000000
37.2185105850   126.4337279840   15.8340000000
37.2185105850   126.4337279840   15.8340000000
37.2185091980   126.4337266890   15.8330000000
37.2185091980   126.4337266890   15.8330000000
37.2185078110   126.4337253950   15.8320000000
37.2185078110   126.4337253950   15.8320000000
37.2185064230   126.4337241000   15.8310000000
37.2185064230   126.4337241000   15.8310000000
37.2185050350   126.4337228040   15.8300000000
37.2185050350   126.4337228040   15.8300000000
37.2185036450   126.4337215060   15.8290000000
37.2185036450   126.4337215060   15.8290000000
37.2185022560   126.4337202570   15.8300000000
37.2185022560   126.4337202570   15.8300000000
37.2185008640   126.4337189590   15.8290000000
37.2185008640   126.4337189590   15.8290000000
37.2184994710   126.4337176590   15.8270000000
37.2184994710   126.4337176590   15.8270000000
37.2184980770   126.4337163580   15.8260000000
37.2184980770   126.4337163580   15.8260000000
37.2184966820   126.4337150560   15.8250000000
37.2184966820   126.4337150560   15.8250000000
37.2184952870   126.4337137540   15.8240000000
37.2184952870   126.4337137540   15.8240000000
37.2184938920   126.4337124510   15.8230000000
37.2184938920   126.4337124510   15.8230000000
37.2184924950   126.4337111460   15.8220000000
37.2184924950   126.4337111460   15.8220000000
37.2184910970   126.4337098410   15.8210000000
37.2184910970   126.4337098410   15.8210000000
37.2184896990   126.4337085340   15.8210000000
37.2184896990   126.4337085340   15.8210000000
37.2184883680   126.4337072280   15.8240000000
37.2184883680   126.4337072280   15.8240000000
37.2184869710   126.4337059190   15.8230000000
37.2184869710   126.4337059190   15.8230000000
37.2184855730   126.4337046100   15.8230000000
37.2184855730   126.4337046100   15.8230000000
37.2184841740   126.4337033000   15.8220000000
37.2184841740   126.4337033000   15.8220000000
37.2184827740   126.4337019900   15.8210000000
37.2184827740   126.4337019900   15.8210000000
37.2184813720   126.4337006770   15.8200000000
37.2184813720   126.4337006770   15.8200000000
37.2184799690   126.4336993630   15.8180000000
37.2184799690   126.4336993630   15.8180000000
37.2184785660   126.4336980480   15.8160000000
37.2184785660   126.4336980480   15.8160000000
37.2184771620   126.4336967330   15.8150000000
37.2184771620   126.4336967330   15.8150000000
37.2184757580   126.4336954180   15.8140000000
37.2184757580   126.4336954180   15.8140000000
37.2184743530   126.4336941010   15.8140000000
37.2184743530   126.4336941010   15.8140000000
37.2184729120   126.4336928250   15.8110000000
37.2184729120   126.4336928250   15.8110000000
37.2184715060   126.4336915090   15.8090000000
37.2184715060   126.4336915090   15.8090000000
37.2184701000   126.4336901930   15.8080000000
37.2184701000   126.4336901930   15.8080000000
37.2184686930   126.4336888760   15.8070000000
37.2184686930   126.4336888760   15.8070000000
37.2184672870   126.4336875600   15.8070000000
37.2184672870   126.4336875600   15.8070000000
37.2184658800   126.4336862420   15.8060000000
37.2184658800   126.4336862420   15.8060000000
37.2184644720   126.4336849220   15.8060000000
37.2184644720   126.4336849220   15.8060000000
37.2184630630   126.4336835990   15.8050000000
37.2184630630   126.4336835990   15.8050000000
37.2184616520   126.4336822760   15.8040000000
37.2184616520   126.4336822760   15.8040000000
37.2184602660   126.4336809220   15.7630000000
37.2184602660   126.4336809220   15.7630000000
37.2184588540   126.4336795980   15.7620000000
37.2184588540   126.4336795980   15.7620000000
37.2184574410   126.4336782740   15.7610000000
37.2184574410   126.4336782740   15.7610000000
37.2184560290   126.4336769480   15.7600000000
37.2184560290   126.4336769480   15.7600000000
37.2184546160   126.4336756230   15.7600000000
37.2184546160   126.4336756230   15.7600000000
37.2184546160   126.4336756230   15.7600000000
37.2184546160   126.4336756230   15.7600000000
37.2184517890   126.4336729700   15.7580000000
37.2184517890   126.4336729700   15.7580000000
37.2184503750   126.4336716410   15.7570000000
37.2184503750   126.4336716410   15.7570000000
37.2184489590   126.4336703090   15.7560000000
37.2184489590   126.4336703090   15.7560000000
37.2184475440   126.4336689760   15.7550000000
37.2184475440   126.4336689760   15.7550000000
37.2184461220   126.4336676940   15.7970000000
37.2184461220   126.4336676940   15.7970000000
37.2184447090   126.4336663650   15.7960000000
37.2184447090   126.4336663650   15.7960000000
37.2184432960   126.4336650380   15.7960000000
37.2184432960   126.4336650380   15.7960000000
37.2184418830   126.4336637080   15.7960000000
37.2184418830   126.4336637080   15.7960000000
37.2184404710   126.4336623780   15.7960000000
37.2184404710   126.4336623780   15.7960000000
37.2184390590   126.4336610470   15.7960000000
37.2184390590   126.4336610470   15.7960000000
37.2184376470   126.4336597150   15.7960000000
37.2184376470   126.4336597150   15.7960000000
37.2184362350   126.4336583830   15.7960000000
37.2184362350   126.4336583830   15.7960000000
37.2184348240   126.4336570530   15.7970000000
37.2184348240   126.4336570530   15.7970000000
37.2184334120   126.4336557220   15.7980000000
37.2184334120   126.4336557220   15.7980000000
37.2184320570   126.4336544460   15.7980000000
37.2184320570   126.4336544460   15.7980000000
37.2184306470   126.4336531150   15.7980000000
37.2184306470   126.4336531150   15.7980000000
37.2184292340   126.4336517830   15.7980000000
37.2184292340   126.4336517830   15.7980000000
37.2184278220   126.4336504520   15.7980000000
37.2184278220   126.4336504520   15.7980000000
37.2184264110   126.4336491210   15.7980000000
37.2184264110   126.4336491210   15.7980000000
37.2184250000   126.4336477900   15.7980000000
37.2184250000   126.4336477900   15.7980000000
37.2184235890   126.4336464580   15.7980000000
37.2184235890   126.4336464580   15.7980000000
37.2184221780   126.4336451250   15.7980000000
37.2184221780   126.4336451250   15.7980000000
37.2184207670   126.4336437920   15.7970000000
37.2184207670   126.4336437920   15.7970000000
37.2184193560   126.4336424570   15.7970000000
37.2184193560   126.4336424570   15.7970000000
37.2184179820   126.4336411590   15.7990000000
37.2184179820   126.4336411590   15.7990000000
37.2184165740   126.4336398290   15.8000000000
37.2184165740   126.4336398290   15.8000000000
37.2184151670   126.4336384990   15.8000000000
37.2184151670   126.4336384990   15.8000000000
37.2184137600   126.4336371680   15.8000000000
37.2184137600   126.4336371680   15.8000000000
37.2184123520   126.4336358380   15.8000000000
37.2184123520   126.4336358380   15.8000000000
37.2184109460   126.4336345070   15.8000000000
37.2184109460   126.4336345070   15.8000000000
37.2184095410   126.4336331770   15.8000000000
37.2184095410   126.4336331770   15.8000000000
37.2184081360   126.4336318470   15.8000000000
37.2184081360   126.4336318470   15.8000000000
37.2184067320   126.4336305180   15.8000000000
37.2184067320   126.4336305180   15.8000000000
37.2184053280   126.4336291890   15.8000000000
37.2184053280   126.4336291890   15.8000000000
37.2184039250   126.4336278940   15.8200000000
37.2184039250   126.4336278940   15.8200000000
37.2184025240   126.4336265660   15.8200000000
37.2184025240   126.4336265660   15.8200000000
37.2184011250   126.4336252400   15.8190000000
37.2184011250   126.4336252400   15.8190000000
37.2183997260   126.4336239160   15.8190000000
37.2183997260   126.4336239160   15.8190000000
37.2183983310   126.4336225920   15.8190000000
37.2183983310   126.4336225920   15.8190000000
37.2183969370   126.4336212680   15.8180000000
37.2183969370   126.4336212680   15.8180000000
37.2183955450   126.4336199470   15.8180000000
37.2183955450   126.4336199470   15.8180000000
37.2183941560   126.4336186250   15.8170000000
37.2183941560   126.4336186250   15.8170000000
37.2183927660   126.4336173030   15.8150000000
37.2183927660   126.4336173030   15.8150000000
37.2183913780   126.4336159800   15.8130000000
37.2183913780   126.4336159800   15.8130000000
37.2183899490   126.4336146020   15.8200000000
37.2183899490   126.4336146020   15.8200000000
37.2183885560   126.4336132750   15.8170000000
37.2183885560   126.4336132750   15.8170000000
37.2183871660   126.4336119510   15.8140000000
37.2183871660   126.4336119510   15.8140000000
37.2183857770   126.4336106300   15.8110000000
37.2183857770   126.4336106300   15.8110000000
37.2183843920   126.4336093130   15.8090000000
37.2183843920   126.4336093130   15.8090000000
37.2183830100   126.4336080000   15.8080000000
37.2183830100   126.4336080000   15.8080000000
37.2183816310   126.4336066940   15.8080000000
37.2183816310   126.4336066940   15.8080000000
37.2183802570   126.4336053920   15.8100000000
37.2183802570   126.4336053920   15.8100000000
37.2183788860   126.4336040940   15.8130000000
37.2183788860   126.4336040940   15.8130000000
37.2183775180   126.4336027980   15.8180000000
37.2183775180   126.4336027980   15.8180000000
37.2183762220   126.4336015360   15.8300000000
37.2183762220   126.4336015360   15.8300000000
37.2183748570   126.4336002420   15.8360000000
37.2183748570   126.4336002420   15.8360000000
37.2183734900   126.4335989460   15.8400000000
37.2183734900   126.4335989460   15.8400000000
37.2183721220   126.4335976480   15.8430000000
37.2183721220   126.4335976480   15.8430000000
37.2183707510   126.4335963500   15.8440000000
37.2183707510   126.4335963500   15.8440000000
37.2183693800   126.4335950510   15.8440000000
37.2183693800   126.4335950510   15.8440000000
37.2183680080   126.4335937560   15.8430000000
37.2183680080   126.4335937560   15.8430000000
37.2183666390   126.4335924620   15.8410000000
37.2183666390   126.4335924620   15.8410000000
37.2183652720   126.4335911700   15.8390000000
37.2183652720   126.4335911700   15.8390000000
37.2183639080   126.4335898800   15.8370000000
37.2183639080   126.4335898800   15.8370000000
37.2183625800   126.4335885940   15.8380000000
37.2183625800   126.4335885940   15.8380000000
37.2183612240   126.4335873100   15.8380000000
37.2183612240   126.4335873100   15.8380000000
37.2183598710   126.4335860280   15.8380000000
37.2183598710   126.4335860280   15.8380000000
37.2183585200   126.4335847460   15.8390000000
37.2183585200   126.4335847460   15.8390000000
37.2183571690   126.4335834640   15.8390000000
37.2183571690   126.4335834640   15.8390000000
37.2183558180   126.4335821840   15.8390000000
37.2183558180   126.4335821840   15.8390000000
37.2183544680   126.4335809050   15.8380000000
37.2183544680   126.4335809050   15.8380000000
37.2183531190   126.4335796270   15.8380000000
37.2183531190   126.4335796270   15.8380000000
37.2183517720   126.4335783500   15.8370000000
37.2183517720   126.4335783500   15.8370000000
37.2183504260   126.4335770740   15.8360000000
37.2183504260   126.4335770740   15.8360000000
37.2183490870   126.4335758530   15.8590000000
37.2183490870   126.4335758530   15.8590000000
37.2183477470   126.4335745810   15.8580000000
37.2183477470   126.4335745810   15.8580000000
37.2183464100   126.4335733110   15.8580000000
37.2183464100   126.4335733110   15.8580000000
37.2183450740   126.4335720430   15.8570000000
37.2183450740   126.4335720430   15.8570000000
37.2183437410   126.4335707780   15.8570000000
37.2183437410   126.4335707780   15.8570000000
37.2183424110   126.4335695140   15.8570000000
37.2183424110   126.4335695140   15.8570000000
37.2183410840   126.4335682520   15.8570000000
37.2183410840   126.4335682520   15.8570000000
37.2183397580   126.4335669920   15.8570000000
37.2183397580   126.4335669920   15.8570000000
37.2183384340   126.4335657350   15.8580000000
37.2183384340   126.4335657350   15.8580000000
37.2183371110   126.4335644800   15.8580000000
37.2183371110   126.4335644800   15.8580000000
37.2183358180   126.4335632750   15.8670000000
37.2183358180   126.4335632750   15.8670000000
37.2183344980   126.4335620220   15.8670000000
37.2183344980   126.4335620220   15.8670000000
37.2183331810   126.4335607710   15.8680000000
37.2183331810   126.4335607710   15.8680000000
37.2183318650   126.4335595230   15.8680000000
37.2183318650   126.4335595230   15.8680000000
37.2183305520   126.4335582770   15.8680000000
37.2183305520   126.4335582770   15.8680000000
37.2183292410   126.4335570330   15.8690000000
37.2183292410   126.4335570330   15.8690000000
37.2183279320   126.4335557890   15.8690000000
37.2183279320   126.4335557890   15.8690000000
37.2183266250   126.4335545460   15.8690000000
37.2183266250   126.4335545460   15.8690000000
37.2183253180   126.4335533050   15.8690000000
37.2183253180   126.4335533050   15.8690000000
37.2183240140   126.4335520650   15.8690000000
37.2183240140   126.4335520650   15.8690000000
37.2183227090   126.4335507870   15.8760000000
37.2183227090   126.4335507870   15.8760000000
37.2183214040   126.4335495460   15.8760000000
37.2183214040   126.4335495460   15.8760000000
37.2183200990   126.4335483070   15.8760000000
37.2183200990   126.4335483070   15.8760000000
37.2183187960   126.4335470690   15.8760000000
37.2183187960   126.4335470690   15.8760000000
37.2183174960   126.4335458330   15.8760000000
37.2183174960   126.4335458330   15.8760000000
37.2183161970   126.4335445960   15.8770000000
37.2183161970   126.4335445960   15.8770000000
37.2183149000   126.4335433600   15.8780000000
37.2183149000   126.4335433600   15.8780000000
37.2183136030   126.4335421260   15.8790000000
37.2183136030   126.4335421260   15.8790000000
37.2183123100   126.4335408950   15.8790000000
37.2183123100   126.4335408950   15.8790000000
37.2183110150   126.4335396620   15.8800000000
37.2183110150   126.4335396620   15.8800000000
37.2183097960   126.4335385400   15.8870000000
37.2183097960   126.4335385400   15.8870000000
37.2183085140   126.4335373210   15.8880000000
37.2183085140   126.4335373210   15.8880000000
37.2183072350   126.4335361050   15.8890000000
37.2183072350   126.4335361050   15.8890000000
37.2183059580   126.4335348900   15.8910000000
37.2183059580   126.4335348900   15.8910000000
37.2183046830   126.4335336780   15.8920000000
37.2183046830   126.4335336780   15.8920000000
37.2183034080   126.4335324690   15.8940000000
37.2183034080   126.4335324690   15.8940000000
37.2183021340   126.4335312610   15.8950000000
37.2183021340   126.4335312610   15.8950000000
37.2183008650   126.4335300560   15.8970000000
37.2183008650   126.4335300560   15.8970000000
37.2182995990   126.4335288550   15.8990000000
37.2182995990   126.4335288550   15.8990000000
37.2182983360   126.4335276580   15.9010000000
37.2182983360   126.4335276580   15.9010000000
37.2182970410   126.4335264440   15.9150000000
37.2182970410   126.4335264440   15.9150000000
37.2182957710   126.4335252430   15.9170000000
37.2182957710   126.4335252430   15.9170000000
37.2182945020   126.4335240420   15.9180000000
37.2182945020   126.4335240420   15.9180000000
37.2182932340   126.4335228410   15.9190000000
37.2182932340   126.4335228410   15.9190000000
37.2182919680   126.4335216420   15.9200000000
37.2182919680   126.4335216420   15.9200000000
37.2182907060   126.4335204450   15.9220000000
37.2182907060   126.4335204450   15.9220000000
37.2182894460   126.4335192510   15.9230000000
37.2182894460   126.4335192510   15.9230000000
37.2182881890   126.4335180610   15.9260000000
37.2182881890   126.4335180610   15.9260000000
37.2182869330   126.4335168720   15.9280000000
37.2182869330   126.4335168720   15.9280000000
37.2182856800   126.4335156840   15.9300000000
37.2182856800   126.4335156840   15.9300000000
37.2182844960   126.4335145900   15.9200000000
37.2182844960   126.4335145900   15.9200000000
37.2182832470   126.4335134100   15.9220000000
37.2182832470   126.4335134100   15.9220000000
37.2182819990   126.4335122300   15.9240000000
37.2182819990   126.4335122300   15.9240000000
37.2182807520   126.4335110530   15.9260000000
37.2182807520   126.4335110530   15.9260000000
37.2182795070   126.4335098780   15.9280000000
37.2182795070   126.4335098780   15.9280000000
37.2182782620   126.4335087030   15.9300000000
37.2182782620   126.4335087030   15.9300000000
37.2182770210   126.4335075300   15.9320000000
37.2182770210   126.4335075300   15.9320000000
37.2182757810   126.4335063590   15.9340000000
37.2182757810   126.4335063590   15.9340000000
37.2182745420   126.4335051890   15.9360000000
37.2182745420   126.4335051890   15.9360000000
37.2182733050   126.4335040190   15.9380000000
37.2182733050   126.4335040190   15.9380000000
37.2182720440   126.4335028530   15.9410000000
37.2182720440   126.4335028530   15.9410000000
37.2182708050   126.4335016830   15.9430000000
37.2182708050   126.4335016830   15.9430000000
37.2182695690   126.4335005150   15.9460000000
37.2182695690   126.4335005150   15.9460000000
37.2182683340   126.4334993470   15.9480000000
37.2182683340   126.4334993470   15.9480000000
37.2182670990   126.4334981820   15.9500000000
37.2182670990   126.4334981820   15.9500000000
37.2182658660   126.4334970180   15.9520000000
37.2182658660   126.4334970180   15.9520000000
37.2182646350   126.4334958550   15.9550000000
37.2182646350   126.4334958550   15.9550000000
37.2182634040   126.4334946930   15.9570000000
37.2182634040   126.4334946930   15.9570000000
37.2182621750   126.4334935320   15.9580000000
37.2182621750   126.4334935320   15.9580000000
37.2182609480   126.4334923730   15.9600000000
37.2182609480   126.4334923730   15.9600000000
37.2182597920   126.4334912220   15.9590000000
37.2182597920   126.4334912220   15.9590000000
37.2182585700   126.4334900670   15.9610000000
37.2182585700   126.4334900670   15.9610000000
37.2182573490   126.4334889130   15.9620000000
37.2182573490   126.4334889130   15.9620000000
37.2182561300   126.4334877610   15.9640000000
37.2182561300   126.4334877610   15.9640000000
37.2182549120   126.4334866090   15.9660000000
37.2182549120   126.4334866090   15.9660000000
37.2182536960   126.4334854580   15.9680000000
37.2182536960   126.4334854580   15.9680000000
37.2182524800   126.4334843080   15.9710000000
37.2182524800   126.4334843080   15.9710000000
37.2182512660   126.4334831580   15.9720000000
37.2182512660   126.4334831580   15.9720000000
37.2182500530   126.4334820110   15.9750000000
37.2182500530   126.4334820110   15.9750000000
37.2182488400   126.4334808630   15.9760000000
37.2182488400   126.4334808630   15.9760000000
37.2182476720   126.4334797600   15.9850000000
37.2182476720   126.4334797600   15.9850000000
37.2182464690   126.4334786200   15.9870000000
37.2182464690   126.4334786200   15.9870000000
37.2182452680   126.4334774830   15.9880000000
37.2182452680   126.4334774830   15.9880000000
37.2182440700   126.4334763460   15.9900000000
37.2182440700   126.4334763460   15.9900000000
37.2182428750   126.4334752100   15.9910000000
37.2182428750   126.4334752100   15.9910000000
37.2182416810   126.4334740770   15.9930000000
37.2182416810   126.4334740770   15.9930000000
37.2182404880   126.4334729460   15.9940000000
37.2182404880   126.4334729460   15.9940000000
37.2182392980   126.4334718160   15.9960000000
37.2182392980   126.4334718160   15.9960000000
37.2182381100   126.4334706890   15.9970000000
37.2182381100   126.4334706890   15.9970000000
37.2182369230   126.4334695650   15.9980000000
37.2182369230   126.4334695650   15.9980000000
37.2182357790   126.4334685080   16.0080000000
37.2182357790   126.4334685080   16.0080000000
37.2182346000   126.4334673890   16.0090000000
37.2182346000   126.4334673890   16.0090000000
37.2182334230   126.4334662730   16.0110000000
37.2182334230   126.4334662730   16.0110000000
37.2182322490   126.4334651570   16.0120000000
37.2182322490   126.4334651570   16.0120000000
37.2182310770   126.4334640420   16.0140000000
37.2182310770   126.4334640420   16.0140000000
37.2182299070   126.4334629310   16.0150000000
37.2182299070   126.4334629310   16.0150000000
37.2182287400   126.4334618220   16.0160000000
37.2182287400   126.4334618220   16.0160000000
37.2182275760   126.4334607160   16.0180000000
37.2182275760   126.4334607160   16.0180000000
37.2182264150   126.4334596100   16.0190000000
37.2182264150   126.4334596100   16.0190000000
37.2182252570   126.4334585050   16.0210000000
37.2182252570   126.4334585050   16.0210000000
37.2182241250   126.4334574200   16.0400000000
37.2182241250   126.4334574200   16.0400000000
37.2182229660   126.4334563190   16.0410000000
37.2182229660   126.4334563190   16.0410000000
37.2182218070   126.4334552210   16.0420000000
37.2182218070   126.4334552210   16.0420000000
37.2182206500   126.4334541260   16.0430000000
37.2182206500   126.4334541260   16.0430000000
37.2182194950   126.4334530350   16.0440000000
37.2182194950   126.4334530350   16.0440000000
37.2182183430   126.4334519480   16.0450000000
37.2182183430   126.4334519480   16.0450000000
37.2182171930   126.4334508670   16.0460000000
37.2182171930   126.4334508670   16.0460000000
37.2182160450   126.4334497920   16.0470000000
37.2182160450   126.4334497920   16.0470000000
37.2182149010   126.4334487200   16.0480000000
37.2182149010   126.4334487200   16.0480000000
37.2182137600   126.4334476520   16.0480000000
37.2182137600   126.4334476520   16.0480000000
37.2182127060   126.4334466520   16.0510000000
37.2182127060   126.4334466520   16.0510000000
37.2182115750   126.4334456040   16.0520000000
37.2182115750   126.4334456040   16.0520000000
37.2182104470   126.4334445620   16.0530000000
37.2182104470   126.4334445620   16.0530000000
37.2182093220   126.4334435250   16.0540000000
37.2182093220   126.4334435250   16.0540000000
37.2182082000   126.4334424930   16.0540000000
37.2182082000   126.4334424930   16.0540000000
37.2182082000   126.4334424930   16.0540000000
37.2182082000   126.4334424930   16.0540000000
37.2182059600   126.4334404530   16.0550000000
37.2182059600   126.4334404530   16.0550000000
37.2182048440   126.4334394460   16.0540000000
37.2182048440   126.4334394460   16.0540000000
37.2182037310   126.4334384490   16.0540000000
37.2182037310   126.4334384490   16.0540000000
37.2182026240   126.4334374610   16.0540000000
37.2182026240   126.4334374610   16.0540000000
37.2182015580   126.4334364890   16.0570000000
37.2182015580   126.4334364890   16.0570000000
37.2182004600   126.4334355240   16.0570000000
37.2182004600   126.4334355240   16.0570000000
37.2181993660   126.4334345690   16.0580000000
37.2181993660   126.4334345690   16.0580000000
37.2181982750   126.4334336240   16.0580000000
37.2181982750   126.4334336240   16.0580000000
37.2181971880   126.4334326870   16.0590000000
37.2181971880   126.4334326870   16.0590000000
37.2181961060   126.4334317600   16.0600000000
37.2181961060   126.4334317600   16.0600000000
37.2181950250   126.4334308430   16.0600000000
37.2181950250   126.4334308430   16.0600000000
37.2181939480   126.4334299330   16.0600000000
37.2181939480   126.4334299330   16.0600000000
37.2181928740   126.4334290340   16.0600000000
37.2181928740   126.4334290340   16.0600000000
37.2181918020   126.4334281430   16.0600000000
37.2181918020   126.4334281430   16.0600000000
37.2181908540   126.4334273930   16.0730000000
37.2181908540   126.4334273930   16.0730000000
37.2181898000   126.4334265310   16.0730000000
37.2181898000   126.4334265310   16.0730000000
37.2181887500   126.4334256820   16.0740000000
37.2181887500   126.4334256820   16.0740000000
37.2181877050   126.4334248440   16.0750000000
37.2181877050   126.4334248440   16.0750000000
37.2181866650   126.4334240180   16.0760000000
37.2181866650   126.4334240180   16.0760000000
37.2181856260   126.4334232020   16.0780000000
37.2181856260   126.4334232020   16.0780000000
37.2181845900   126.4334223970   16.0790000000
37.2181845900   126.4334223970   16.0790000000
37.2181835560   126.4334216010   16.0790000000
37.2181835560   126.4334216010   16.0790000000
37.2181825240   126.4334208160   16.0810000000
37.2181825240   126.4334208160   16.0810000000
37.2181814930   126.4334200390   16.0820000000
37.2181814930   126.4334200390   16.0820000000
37.2181804870   126.4334192990   16.0940000000
37.2181804870   126.4334192990   16.0940000000
37.2181794580   126.4334185450   16.0960000000
37.2181794580   126.4334185450   16.0960000000
37.2181784290   126.4334178000   16.0970000000
37.2181784290   126.4334178000   16.0970000000
37.2181774000   126.4334170640   16.0980000000
37.2181774000   126.4334170640   16.0980000000
37.2181763700   126.4334163390   16.0990000000
37.2181763700   126.4334163390   16.0990000000
37.2181753380   126.4334156240   16.1000000000
37.2181753380   126.4334156240   16.1000000000
37.2181743060   126.4334149180   16.1000000000
37.2181743060   126.4334149180   16.1000000000
37.2181732730   126.4334142210   16.0990000000
37.2181732730   126.4334142210   16.0990000000
37.2181722410   126.4334135350   16.0990000000
37.2181722410   126.4334135350   16.0990000000
37.2181712120   126.4334128590   16.1000000000
37.2181712120   126.4334128590   16.1000000000
37.2181703070   126.4334122430   16.1040000000
37.2181703070   126.4334122430   16.1040000000
37.2181692840   126.4334115900   16.1050000000
37.2181692840   126.4334115900   16.1050000000
37.2181682610   126.4334109480   16.1060000000
37.2181682610   126.4334109480   16.1060000000
37.2181672360   126.4334103180   16.1060000000
37.2181672360   126.4334103180   16.1060000000
37.2181662110   126.4334097010   16.1070000000
37.2181662110   126.4334097010   16.1070000000
37.2181651850   126.4334090940   16.1080000000
37.2181651850   126.4334090940   16.1080000000
37.2181641580   126.4334084970   16.1080000000
37.2181641580   126.4334084970   16.1080000000
37.2181631300   126.4334079130   16.1080000000
37.2181631300   126.4334079130   16.1080000000
37.2181621000   126.4334073410   16.1090000000
37.2181621000   126.4334073410   16.1090000000
37.2181610690   126.4334067800   16.1090000000
37.2181610690   126.4334067800   16.1090000000
37.2181600920   126.4334062670   16.1150000000
37.2181600920   126.4334062670   16.1150000000
37.2181590600   126.4334057330   16.1160000000
37.2181590600   126.4334057330   16.1160000000
37.2181580270   126.4334052130   16.1160000000
37.2181580270   126.4334052130   16.1160000000
37.2181569920   126.4334047080   16.1170000000
37.2181569920   126.4334047080   16.1170000000
37.2181559570   126.4334042160   16.1170000000
37.2181559570   126.4334042160   16.1170000000
37.2181549230   126.4334037380   16.1170000000
37.2181549230   126.4334037380   16.1170000000
37.2181538890   126.4334032720   16.1180000000
37.2181538890   126.4334032720   16.1180000000
37.2181528570   126.4334028190   16.1190000000
37.2181528570   126.4334028190   16.1190000000
37.2181518250   126.4334023810   16.1210000000
37.2181518250   126.4334023810   16.1210000000
37.2181507930   126.4334019540   16.1230000000
37.2181507930   126.4334019540   16.1230000000
37.2181498340   126.4334016060   16.1200000000
37.2181498340   126.4334016060   16.1200000000
37.2181488040   126.4334012050   16.1210000000
37.2181488040   126.4334012050   16.1210000000
37.2181477740   126.4334008180   16.1230000000
37.2181477740   126.4334008180   16.1230000000
37.2181467440   126.4334004430   16.1240000000
37.2181467440   126.4334004430   16.1240000000
37.2181457140   126.4334000810   16.1250000000
37.2181457140   126.4334000810   16.1250000000
37.2181446840   126.4333997340   16.1260000000
37.2181446840   126.4333997340   16.1260000000
37.2181436560   126.4333994040   16.1270000000
37.2181436560   126.4333994040   16.1270000000
37.2181426280   126.4333990860   16.1280000000
37.2181426280   126.4333990860   16.1280000000
37.2181416000   126.4333987810   16.1300000000
37.2181416000   126.4333987810   16.1300000000
37.2181405730   126.4333984870   16.1310000000
37.2181405730   126.4333984870   16.1310000000
37.2181395950   126.4333982250   16.1390000000
37.2181395950   126.4333982250   16.1390000000
37.2181385720   126.4333979630   16.1410000000
37.2181385720   126.4333979630   16.1410000000
37.2181375490   126.4333977130   16.1420000000
37.2181375490   126.4333977130   16.1420000000
37.2181365290   126.4333974780   16.1430000000
37.2181365290   126.4333974780   16.1430000000
37.2181355100   126.4333972600   16.1450000000
37.2181355100   126.4333972600   16.1450000000
37.2181344930   126.4333970590   16.1470000000
37.2181344930   126.4333970590   16.1470000000
37.2181334770   126.4333968740   16.1480000000
37.2181334770   126.4333968740   16.1480000000
37.2181324630   126.4333967010   16.1500000000
37.2181324630   126.4333967010   16.1500000000
37.2181314520   126.4333965430   16.1520000000
37.2181314520   126.4333965430   16.1520000000
37.2181304440   126.4333963980   16.1540000000
37.2181304440   126.4333963980   16.1540000000
37.2181294310   126.4333962440   16.1510000000
37.2181294310   126.4333962440   16.1510000000
37.2181284250   126.4333961250   16.1540000000
37.2181284250   126.4333961250   16.1540000000
37.2181274210   126.4333960180   16.1560000000
37.2181274210   126.4333960180   16.1560000000
37.2181264170   126.4333959230   16.1580000000
37.2181264170   126.4333959230   16.1580000000
37.2181254150   126.4333958390   16.1600000000
37.2181254150   126.4333958390   16.1600000000
37.2181244150   126.4333957660   16.1620000000
37.2181244150   126.4333957660   16.1620000000
37.2181234180   126.4333957070   16.1630000000
37.2181234180   126.4333957070   16.1630000000
37.2181224240   126.4333956600   16.1650000000
37.2181224240   126.4333956600   16.1650000000
37.2181214320   126.4333956260   16.1670000000
37.2181214320   126.4333956260   16.1670000000
37.2181204430   126.4333956060   16.1680000000
37.2181204430   126.4333956060   16.1680000000
37.2181194870   126.4333955940   16.1660000000
37.2181194870   126.4333955940   16.1660000000
37.2181185020   126.4333955980   16.1680000000
37.2181185020   126.4333955980   16.1680000000
37.2181175200   126.4333956150   16.1690000000
37.2181175200   126.4333956150   16.1690000000
37.2181165400   126.4333956460   16.1700000000
37.2181165400   126.4333956460   16.1700000000
37.2181155650   126.4333956910   16.1720000000
37.2181155650   126.4333956910   16.1720000000
37.2181145920   126.4333957490   16.1730000000
37.2181145920   126.4333957490   16.1730000000
37.2181136220   126.4333958200   16.1740000000
37.2181136220   126.4333958200   16.1740000000
37.2181126560   126.4333959050   16.1750000000
37.2181126560   126.4333959050   16.1750000000
37.2181116940   126.4333960040   16.1770000000
37.2181116940   126.4333960040   16.1770000000
37.2181107340   126.4333961160   16.1780000000
37.2181107340   126.4333961160   16.1780000000
37.2181098340   126.4333962290   16.1750000000
37.2181098340   126.4333962290   16.1750000000
37.2181088820   126.4333963640   16.1760000000
37.2181088820   126.4333963640   16.1760000000
37.2181079340   126.4333965100   16.1770000000
37.2181079340   126.4333965100   16.1770000000
37.2181069890   126.4333966680   16.1770000000
37.2181069890   126.4333966680   16.1770000000
37.2181060470   126.4333968390   16.1770000000
37.2181060470   126.4333968390   16.1770000000
37.2181051090   126.4333970230   16.1770000000
37.2181051090   126.4333970230   16.1770000000
37.2181041760   126.4333972200   16.1770000000
37.2181041760   126.4333972200   16.1770000000
37.2181032460   126.4333974280   16.1760000000
37.2181032460   126.4333974280   16.1760000000
37.2181023220   126.4333976480   16.1760000000
37.2181023220   126.4333976480   16.1760000000
37.2181014010   126.4333978800   16.1760000000
37.2181014010   126.4333978800   16.1760000000
37.2181014010   126.4333978800   16.1760000000
37.2181014010   126.4333978800   16.1760000000
37.2180996220   126.4333983930   16.1800000000
37.2180996220   126.4333983930   16.1800000000
37.2180987180   126.4333986590   16.1790000000
37.2180987180   126.4333986590   16.1790000000
37.2180978180   126.4333989360   16.1790000000
37.2180978180   126.4333989360   16.1790000000
37.2180969230   126.4333992230   16.1780000000
37.2180969230   126.4333992230   16.1780000000
37.2180960320   126.4333995200   16.1780000000
37.2180960320   126.4333995200   16.1780000000
37.2180951470   126.4333998300   16.1780000000
37.2180951470   126.4333998300   16.1780000000
37.2180942650   126.4334001500   16.1780000000
37.2180942650   126.4334001500   16.1780000000
37.2180933870   126.4334004820   16.1780000000
37.2180933870   126.4334004820   16.1780000000
37.2180925140   126.4334008260   16.1780000000
37.2180925140   126.4334008260   16.1780000000
37.2180916460   126.4334012020   16.1820000000
37.2180916460   126.4334012020   16.1820000000
37.2180907800   126.4334015670   16.1810000000
37.2180907800   126.4334015670   16.1810000000
37.2180899190   126.4334019410   16.1810000000
37.2180899190   126.4334019410   16.1810000000
37.2180890630   126.4334023250   16.1800000000
37.2180890630   126.4334023250   16.1800000000
37.2180882110   126.4334027200   16.1800000000
37.2180882110   126.4334027200   16.1800000000
37.2180873640   126.4334031240   16.1800000000
37.2180873640   126.4334031240   16.1800000000
37.2180865200   126.4334035350   16.1790000000
37.2180865200   126.4334035350   16.1790000000
37.2180856790   126.4334039540   16.1780000000
37.2180856790   126.4334039540   16.1780000000
37.2180848430   126.4334043840   16.1780000000
37.2180848430   126.4334043840   16.1780000000
37.2180840110   126.4334048240   16.1770000000
37.2180840110   126.4334048240   16.1770000000
37.2180832160   126.4334052850   16.1770000000
37.2180832160   126.4334052850   16.1770000000
37.2180823970   126.4334057380   16.1770000000
37.2180823970   126.4334057380   16.1770000000
37.2180815830   126.4334062010   16.1760000000
37.2180815830   126.4334062010   16.1760000000
37.2180807750   126.4334066760   16.1750000000
37.2180807750   126.4334066760   16.1750000000
37.2180799740   126.4334071610   16.1750000000
37.2180799740   126.4334071610   16.1750000000
37.2180791780   126.4334076520   16.1750000000
37.2180791780   126.4334076520   16.1750000000
37.2180783880   126.4334081490   16.1760000000
37.2180783880   126.4334081490   16.1760000000
37.2180776040   126.4334086540   16.1770000000
37.2180776040   126.4334086540   16.1770000000
37.2180768240   126.4334091660   16.1780000000
37.2180768240   126.4334091660   16.1780000000
37.2180760470   126.4334096880   16.1780000000
37.2180760470   126.4334096880   16.1780000000
37.2180752370   126.4334102210   16.1800000000
37.2180752370   126.4334102210   16.1800000000
37.2180744660   126.4334107570   16.1800000000
37.2180744660   126.4334107570   16.1800000000
37.2180737000   126.4334112980   16.1810000000
37.2180737000   126.4334112980   16.1810000000
37.2180729420   126.4334118480   16.1820000000
37.2180729420   126.4334118480   16.1820000000
37.2180721920   126.4334124080   16.1830000000
37.2180721920   126.4334124080   16.1830000000
37.2180714450   126.4334129730   16.1840000000
37.2180714450   126.4334129730   16.1840000000
37.2180707030   126.4334135400   16.1860000000
37.2180707030   126.4334135400   16.1860000000
37.2180699660   126.4334141150   16.1870000000
37.2180699660   126.4334141150   16.1870000000
37.2180692350   126.4334146960   16.1880000000
37.2180692350   126.4334146960   16.1880000000
37.2180685080   126.4334152830   16.1890000000
37.2180685080   126.4334152830   16.1890000000
37.2180677260   126.4334160020   16.1950000000
37.2180677260   126.4334160020   16.1950000000
37.2180669990   126.4334166100   16.1960000000
37.2180669990   126.4334166100   16.1960000000
37.2180662780   126.4334172250   16.1960000000
37.2180662780   126.4334172250   16.1960000000
37.2180655610   126.4334178520   16.1970000000
37.2180655610   126.4334178520   16.1970000000
37.2180648490   126.4334184870   16.1980000000
37.2180648490   126.4334184870   16.1980000000
37.2180641410   126.4334191280   16.1990000000
37.2180641410   126.4334191280   16.1990000000
37.2180634370   126.4334197770   16.2010000000
37.2180634370   126.4334197770   16.2010000000
37.2180627360   126.4334204330   16.2020000000
37.2180627360   126.4334204330   16.2020000000
37.2180620390   126.4334210940   16.2030000000
37.2180620390   126.4334210940   16.2030000000
37.2180613460   126.4334217630   16.2050000000
37.2180613460   126.4334217630   16.2050000000
37.2180606510   126.4334224600   16.2050000000
37.2180606510   126.4334224600   16.2050000000
37.2180599590   126.4334231480   16.2060000000
37.2180599590   126.4334231480   16.2060000000
37.2180592700   126.4334238450   16.2070000000
37.2180592700   126.4334238450   16.2070000000
37.2180585830   126.4334245500   16.2080000000
37.2180585830   126.4334245500   16.2080000000
37.2180578980   126.4334252640   16.2090000000
37.2180578980   126.4334252640   16.2090000000
37.2180572120   126.4334259880   16.2100000000
37.2180572120   126.4334259880   16.2100000000
37.2180565270   126.4334267210   16.2110000000
37.2180565270   126.4334267210   16.2110000000
37.2180558430   126.4334274620   16.2120000000
37.2180558430   126.4334274620   16.2120000000
37.2180551600   126.4334282130   16.2130000000
37.2180551600   126.4334282130   16.2130000000
37.2180544780   126.4334289720   16.2140000000
37.2180544780   126.4334289720   16.2140000000
37.2180537620   126.4334297880   16.2060000000
37.2180537620   126.4334297880   16.2060000000
37.2180530780   126.4334305640   16.2070000000
37.2180530780   126.4334305640   16.2070000000
37.2180523940   126.4334313480   16.2080000000
37.2180523940   126.4334313480   16.2080000000
37.2180517120   126.4334321410   16.2100000000
37.2180517120   126.4334321410   16.2100000000
37.2180510290   126.4334329450   16.2110000000
37.2180510290   126.4334329450   16.2110000000
37.2180503470   126.4334337600   16.2120000000
37.2180503470   126.4334337600   16.2120000000
37.2180496650   126.4334345860   16.2120000000
37.2180496650   126.4334345860   16.2120000000
37.2180489830   126.4334354240   16.2120000000
37.2180489830   126.4334354240   16.2120000000
37.2180483030   126.4334362720   16.2130000000
37.2180483030   126.4334362720   16.2130000000
37.2180476230   126.4334371290   16.2130000000
37.2180476230   126.4334371290   16.2130000000
37.2180469140   126.4334380700   16.2230000000
37.2180469140   126.4334380700   16.2230000000
37.2180462390   126.4334389470   16.2240000000
37.2180462390   126.4334389470   16.2240000000
37.2180455620   126.4334398300   16.2250000000
37.2180455620   126.4334398300   16.2250000000
37.2180448850   126.4334407200   16.2270000000
37.2180448850   126.4334407200   16.2270000000
37.2180442080   126.4334416180   16.2280000000
37.2180442080   126.4334416180   16.2280000000
37.2180435320   126.4334425250   16.2300000000
37.2180435320   126.4334425250   16.2300000000
37.2180428550   126.4334434410   16.2320000000
37.2180428550   126.4334434410   16.2320000000
37.2180421800   126.4334443660   16.2330000000
37.2180421800   126.4334443660   16.2330000000
37.2180415040   126.4334453020   16.2340000000
37.2180415040   126.4334453020   16.2340000000
37.2180408280   126.4334462470   16.2350000000
37.2180408280   126.4334462470   16.2350000000
37.2180400360   126.4334474100   16.2300000000
37.2180400360   126.4334474100   16.2300000000
37.2180393510   126.4334483830   16.2310000000
37.2180393510   126.4334483830   16.2310000000
37.2180386670   126.4334493630   16.2320000000
37.2180386670   126.4334493630   16.2320000000
37.2180379820   126.4334503490   16.2340000000
37.2180379820   126.4334503490   16.2340000000
37.2180372960   126.4334513450   16.2360000000
37.2180372960   126.4334513450   16.2360000000
37.2180366090   126.4334523490   16.2370000000
37.2180366090   126.4334523490   16.2370000000
37.2180359200   126.4334533610   16.2380000000
37.2180359200   126.4334533610   16.2380000000
37.2180352270   126.4334543780   16.2390000000
37.2180352270   126.4334543780   16.2390000000
37.2180345320   126.4334554020   16.2400000000
37.2180345320   126.4334554020   16.2400000000
37.2180338340   126.4334564300   16.2410000000
37.2180338340   126.4334564300   16.2410000000
37.2180330160   126.4334575680   16.2320000000
37.2180330160   126.4334575680   16.2320000000
37.2180323130   126.4334586080   16.2330000000
37.2180323130   126.4334586080   16.2330000000
37.2180316080   126.4334596530   16.2350000000
37.2180316080   126.4334596530   16.2350000000
37.2180309040   126.4334607070   16.2360000000
37.2180309040   126.4334607070   16.2360000000
37.2180301990   126.4334617710   16.2380000000
37.2180301990   126.4334617710   16.2380000000
37.2180294950   126.4334628440   16.2390000000
37.2180294950   126.4334628440   16.2390000000
37.2180287900   126.4334639270   16.2390000000
37.2180287900   126.4334639270   16.2390000000
37.2180280820   126.4334650170   16.2390000000
37.2180280820   126.4334650170   16.2390000000
37.2180273740   126.4334661160   16.2400000000
37.2180273740   126.4334661160   16.2400000000
37.2180266650   126.4334672200   16.2400000000
37.2180266650   126.4334672200   16.2400000000
37.2180259360   126.4334685040   16.2200000000
37.2180259360   126.4334685040   16.2200000000
37.2180252210   126.4334696220   16.2200000000
37.2180252210   126.4334696220   16.2200000000
37.2180245030   126.4334707420   16.2210000000
37.2180245030   126.4334707420   16.2210000000
37.2180237820   126.4334718670   16.2220000000
37.2180237820   126.4334718670   16.2220000000
37.2180230560   126.4334729960   16.2220000000
37.2180230560   126.4334729960   16.2220000000
37.2180223250   126.4334741290   16.2230000000
37.2180223250   126.4334741290   16.2230000000
37.2180215910   126.4334752670   16.2230000000
37.2180215910   126.4334752670   16.2230000000
37.2180208550   126.4334764110   16.2230000000
37.2180208550   126.4334764110   16.2230000000
37.2180201160   126.4334775610   16.2240000000
37.2180201160   126.4334775610   16.2240000000
37.2180193720   126.4334787160   16.2250000000
37.2180193720   126.4334787160   16.2250000000
37.2180186140   126.4334801720   16.2230000000
37.2180186140   126.4334801720   16.2230000000
37.2180178610   126.4334813430   16.2240000000
37.2180178610   126.4334813430   16.2240000000
37.2180171060   126.4334825190   16.2250000000
37.2180171060   126.4334825190   16.2250000000
37.2180163460   126.4334837000   16.2260000000
37.2180163460   126.4334837000   16.2260000000
37.2180155820   126.4334848860   16.2260000000
37.2180155820   126.4334848860   16.2260000000
37.2180148170   126.4334860780   16.2260000000
37.2180148170   126.4334860780   16.2260000000
37.2180140490   126.4334872740   16.2270000000
37.2180140490   126.4334872740   16.2270000000
37.2180132800   126.4334884740   16.2270000000
37.2180132800   126.4334884740   16.2270000000
37.2180125080   126.4334896780   16.2280000000
37.2180125080   126.4334896780   16.2280000000
37.2180117330   126.4334908890   16.2280000000
37.2180117330   126.4334908890   16.2280000000
37.2180109570   126.4334923040   16.2090000000
37.2180109570   126.4334923040   16.2090000000
37.2180101760   126.4334935290   16.2090000000
37.2180101760   126.4334935290   16.2090000000
37.2180093940   126.4334947560   16.2100000000
37.2180093940   126.4334947560   16.2100000000
37.2180086090   126.4334959870   16.2110000000
37.2180086090   126.4334959870   16.2110000000
37.2180078210   126.4334972230   16.2120000000
37.2180078210   126.4334972230   16.2120000000
37.2180070320   126.4334984630   16.2130000000
37.2180070320   126.4334984630   16.2130000000
37.2180062410   126.4334997070   16.2140000000
37.2180062410   126.4334997070   16.2140000000
37.2180054470   126.4335009560   16.2150000000
37.2180054470   126.4335009560   16.2150000000
37.2180046510   126.4335022090   16.2170000000
37.2180046510   126.4335022090   16.2170000000
37.2180038530   126.4335034680   16.2170000000
37.2180038530   126.4335034680   16.2170000000
37.2180030060   126.4335050430   16.1990000000
37.2180030060   126.4335050430   16.1990000000
37.2180021980   126.4335063250   16.2010000000
37.2180021980   126.4335063250   16.2010000000
37.2180013880   126.4335076120   16.2030000000
37.2180013880   126.4335076120   16.2030000000
37.2180005760   126.4335089040   16.2050000000
37.2180005760   126.4335089040   16.2050000000
37.2179997620   126.4335102010   16.2060000000
37.2179997620   126.4335102010   16.2060000000
37.2179989480   126.4335115010   16.2070000000
37.2179989480   126.4335115010   16.2070000000
37.2179981340   126.4335128040   16.2090000000
37.2179981340   126.4335128040   16.2090000000
37.2179973180   126.4335141130   16.2100000000
37.2179973180   126.4335141130   16.2100000000
37.2179973180   126.4335141130   16.2100000000
37.2179973180   126.4335141130   16.2100000000
37.2179956820   126.4335167470   16.2100000000
37.2179956820   126.4335167470   16.2100000000
37.2179948480   126.4335182720   16.1960000000
37.2179948480   126.4335182720   16.1960000000
37.2179940270   126.4335196090   16.1970000000
37.2179940270   126.4335196090   16.1970000000
37.2179932050   126.4335209500   16.1970000000
37.2179932050   126.4335209500   16.1970000000
37.2179923830   126.4335222940   16.1960000000
37.2179923830   126.4335222940   16.1960000000
37.2179915620   126.4335236380   16.1970000000
37.2179915620   126.4335236380   16.1970000000
37.2179907410   126.4335249850   16.1980000000
37.2179907410   126.4335249850   16.1980000000
37.2179899190   126.4335263350   16.1970000000
37.2179899190   126.4335263350   16.1970000000
37.2179890970   126.4335276900   16.1970000000
37.2179890970   126.4335276900   16.1970000000
37.2179882760   126.4335290480   16.1960000000
37.2179882760   126.4335290480   16.1960000000
37.2179874550   126.4335304050   16.1960000000
37.2179874550   126.4335304050   16.1960000000
37.2179866530   126.4335319370   16.1790000000
37.2179866530   126.4335319370   16.1790000000
37.2179858280   126.4335333100   16.1800000000
37.2179858280   126.4335333100   16.1800000000
37.2179850040   126.4335346830   16.1810000000
37.2179850040   126.4335346830   16.1810000000
37.2179841800   126.4335360580   16.1830000000
37.2179841800   126.4335360580   16.1830000000
37.2179833550   126.4335374390   16.1840000000
37.2179833550   126.4335374390   16.1840000000
37.2179825290   126.4335388240   16.1850000000
37.2179825290   126.4335388240   16.1850000000
37.2179817020   126.4335402110   16.1850000000
37.2179817020   126.4335402110   16.1850000000
37.2179808720   126.4335415990   16.1860000000
37.2179808720   126.4335415990   16.1860000000
37.2179800420   126.4335429920   16.1860000000
37.2179800420   126.4335429920   16.1860000000
37.2179792120   126.4335443850   16.1860000000
37.2179792120   126.4335443850   16.1860000000
37.2179783780   126.4335459210   16.1840000000
37.2179783780   126.4335459210   16.1840000000
37.2179775420   126.4335473230   16.1850000000
37.2179775420   126.4335473230   16.1850000000
37.2179767060   126.4335487280   16.1860000000
37.2179767060   126.4335487280   16.1860000000
37.2179758700   126.4335501350   16.1870000000
37.2179758700   126.4335501350   16.1870000000
37.2179750320   126.4335515440   16.1880000000
37.2179750320   126.4335515440   16.1880000000
37.2179741950   126.4335529530   16.1890000000
37.2179741950   126.4335529530   16.1890000000
37.2179733600   126.4335543620   16.1910000000
37.2179733600   126.4335543620   16.1910000000
37.2179725250   126.4335557750   16.1910000000
37.2179725250   126.4335557750   16.1910000000
37.2179716910   126.4335571880   16.1920000000
37.2179716910   126.4335571880   16.1920000000
37.2179708590   126.4335585960   16.1930000000
37.2179708590   126.4335585960   16.1930000000
37.2179700310   126.4335600900   16.1900000000
37.2179700310   126.4335600900   16.1900000000
37.2179691900   126.4335615160   16.1910000000
37.2179691900   126.4335615160   16.1910000000
37.2179683470   126.4335629450   16.1910000000
37.2179683470   126.4335629450   16.1910000000
37.2179675030   126.4335643740   16.1920000000
37.2179675030   126.4335643740   16.1920000000
37.2179666580   126.4335658070   16.1930000000
37.2179666580   126.4335658070   16.1930000000
37.2179658160   126.4335672420   16.1930000000
37.2179658160   126.4335672420   16.1930000000
37.2179649740   126.4335686780   16.1940000000
37.2179649740   126.4335686780   16.1940000000
37.2179641320   126.4335701150   16.1950000000
37.2179641320   126.4335701150   16.1950000000
37.2179632880   126.4335715530   16.1970000000
37.2179632880   126.4335715530   16.1970000000
37.2179624430   126.4335729920   16.1980000000
37.2179624430   126.4335729920   16.1980000000
37.2179616300   126.4335745030   16.1830000000
37.2179616300   126.4335745030   16.1830000000
37.2179607860   126.4335759480   16.1830000000
37.2179607860   126.4335759480   16.1830000000
37.2179599420   126.4335773920   16.1830000000
37.2179599420   126.4335773920   16.1830000000
37.2179590980   126.4335788330   16.1830000000
37.2179590980   126.4335788330   16.1830000000
37.2179582550   126.4335802720   16.1840000000
37.2179582550   126.4335802720   16.1840000000
37.2179574140   126.4335817130   16.1840000000
37.2179574140   126.4335817130   16.1840000000
37.2179565740   126.4335831520   16.1840000000
37.2179565740   126.4335831520   16.1840000000
37.2179557330   126.4335845880   16.1830000000
37.2179557330   126.4335845880   16.1830000000
37.2179548900   126.4335860210   16.1820000000
37.2179548900   126.4335860210   16.1820000000
37.2179540470   126.4335874550   16.1810000000
37.2179540470   126.4335874550   16.1810000000
37.2179532240   126.4335889920   16.1810000000
37.2179532240   126.4335889920   16.1810000000
37.2179523820   126.4335904250   16.1810000000
37.2179523820   126.4335904250   16.1810000000
37.2179515380   126.4335918560   16.1820000000
37.2179515380   126.4335918560   16.1820000000
37.2179506960   126.4335932860   16.1820000000
37.2179506960   126.4335932860   16.1820000000
37.2179498560   126.4335947140   16.1820000000
37.2179498560   126.4335947140   16.1820000000
37.2179490180   126.4335961400   16.1830000000
37.2179490180   126.4335961400   16.1830000000
37.2179481810   126.4335975630   16.1840000000
37.2179481810   126.4335975630   16.1840000000
37.2179473440   126.4335989840   16.1850000000
37.2179473440   126.4335989840   16.1850000000
37.2179465060   126.4336004020   16.1860000000
37.2179465060   126.4336004020   16.1860000000
37.2179456720   126.4336018180   16.1880000000
37.2179456720   126.4336018180   16.1880000000
37.2179448820   126.4336032650   16.1880000000
37.2179448820   126.4336032650   16.1880000000
37.2179440480   126.4336046840   16.1890000000
37.2179440480   126.4336046840   16.1890000000
37.2179432140   126.4336061060   16.1890000000
37.2179432140   126.4336061060   16.1890000000
37.2179423850   126.4336075250   16.1880000000
37.2179423850   126.4336075250   16.1880000000
37.2179415580   126.4336089430   16.1880000000
37.2179415580   126.4336089430   16.1880000000
37.2179407330   126.4336103580   16.1880000000
37.2179407330   126.4336103580   16.1880000000
37.2179399090   126.4336117710   16.1870000000
37.2179399090   126.4336117710   16.1870000000
37.2179390860   126.4336131820   16.1870000000
37.2179390860   126.4336131820   16.1870000000
37.2179382660   126.4336145900   16.1870000000
37.2179382660   126.4336145900   16.1870000000
37.2179374490   126.4336159940   16.1860000000
37.2179374490   126.4336159940   16.1860000000
37.2179366860   126.4336174140   16.1860000000
37.2179366860   126.4336174140   16.1860000000
37.2179358710   126.4336188160   16.1860000000
37.2179358710   126.4336188160   16.1860000000
37.2179350570   126.4336202180   16.1870000000
37.2179350570   126.4336202180   16.1870000000
37.2179342460   126.4336216180   16.1880000000
37.2179342460   126.4336216180   16.1880000000
37.2179334360   126.4336230150   16.1890000000
37.2179334360   126.4336230150   16.1890000000
37.2179326280   126.4336244110   16.1910000000
37.2179326280   126.4336244110   16.1910000000
37.2179318220   126.4336258050   16.1920000000
37.2179318220   126.4336258050   16.1920000000
37.2179310170   126.4336271980   16.1930000000
37.2179310170   126.4336271980   16.1930000000
37.2179302130   126.4336285920   16.1940000000
37.2179302130   126.4336285920   16.1940000000
37.2179294100   126.4336299860   16.1950000000
37.2179294100   126.4336299860   16.1950000000
37.2179286500   126.4336314370   16.1920000000
37.2179286500   126.4336314370   16.1920000000
37.2179278500   126.4336328270   16.1920000000
37.2179278500   126.4336328270   16.1920000000
37.2179270500   126.4336342160   16.1910000000
37.2179270500   126.4336342160   16.1910000000
37.2179262530   126.4336356020   16.1910000000
37.2179262530   126.4336356020   16.1910000000
37.2179254590   126.4336369870   16.1910000000
37.2179254590   126.4336369870   16.1910000000
37.2179246660   126.4336383680   16.1910000000
37.2179246660   126.4336383680   16.1910000000
37.2179238750   126.4336397470   16.1910000000
37.2179238750   126.4336397470   16.1910000000
37.2179230840   126.4336411260   16.1900000000
37.2179230840   126.4336411260   16.1900000000
37.2179222940   126.4336425040   16.1880000000
37.2179222940   126.4336425040   16.1880000000
37.2179215050   126.4336438760   16.1880000000
37.2179215050   126.4336438760   16.1880000000
37.2179208050   126.4336452140   16.1920000000
37.2179208050   126.4336452140   16.1920000000
37.2179200210   126.4336465760   16.1920000000
37.2179200210   126.4336465760   16.1920000000
37.2179192380   126.4336479340   16.1920000000
37.2179192380   126.4336479340   16.1920000000
37.2179184570   126.4336492880   16.1930000000
37.2179184570   126.4336492880   16.1930000000
37.2179176760   126.4336506400   16.1930000000
37.2179176760   126.4336506400   16.1930000000
37.2179168970   126.4336519890   16.1940000000
37.2179168970   126.4336519890   16.1940000000
37.2179161170   126.4336533360   16.1950000000
37.2179161170   126.4336533360   16.1950000000
37.2179153370   126.4336546820   16.1960000000
37.2179153370   126.4336546820   16.1960000000
37.2179145560   126.4336560300   16.1960000000
37.2179145560   126.4336560300   16.1960000000
37.2179137760   126.4336573750   16.1940000000
37.2179137760   126.4336573750   16.1940000000
37.2179130180   126.4336586900   16.2080000000
37.2179130180   126.4336586900   16.2080000000
37.2179122390   126.4336600320   16.2060000000
37.2179122390   126.4336600320   16.2060000000
37.2179114650   126.4336613730   16.2050000000
37.2179114650   126.4336613730   16.2050000000
37.2179106920   126.4336627110   16.2040000000
37.2179106920   126.4336627110   16.2040000000
37.2179099210   126.4336640470   16.2030000000
37.2179099210   126.4336640470   16.2030000000
37.2179091510   126.4336653810   16.2010000000
37.2179091510   126.4336653810   16.2010000000
37.2179083830   126.4336667120   16.2000000000
37.2179083830   126.4336667120   16.2000000000
37.2179076180   126.4336680430   16.1980000000
37.2179076180   126.4336680430   16.1980000000
37.2179068570   126.4336693730   16.1970000000
37.2179068570   126.4336693730   16.1970000000
37.2179060980   126.4336707020   16.1960000000
37.2179060980   126.4336707020   16.1960000000
37.2179054130   126.4336719930   16.2070000000
37.2179054130   126.4336719930   16.2070000000
37.2179046630   126.4336733060   16.2080000000
37.2179046630   126.4336733060   16.2080000000
37.2179039140   126.4336746180   16.2080000000
37.2179039140   126.4336746180   16.2080000000
37.2179031660   126.4336759300   16.2090000000
37.2179031660   126.4336759300   16.2090000000
37.2179024180   126.4336772430   16.2080000000
37.2179024180   126.4336772430   16.2080000000
37.2179016710   126.4336785560   16.2070000000
37.2179016710   126.4336785560   16.2070000000
37.2179009250   126.4336798680   16.2060000000
37.2179009250   126.4336798680   16.2060000000
37.2179001820   126.4336811770   16.2040000000
37.2179001820   126.4336811770   16.2040000000
37.2178994420   126.4336824850   16.2030000000
37.2178994420   126.4336824850   16.2030000000
37.2178987040   126.4336837930   16.2030000000
37.2178987040   126.4336837930   16.2030000000
37.2178979510   126.4336852390   16.2010000000
37.2178979510   126.4336852390   16.2010000000
37.2178972070   126.4336865560   16.2000000000
37.2178972070   126.4336865560   16.2000000000
37.2178964630   126.4336878700   16.1990000000
37.2178964630   126.4336878700   16.1990000000
37.2178957210   126.4336891840   16.2000000000
37.2178957210   126.4336891840   16.2000000000
37.2178949800   126.4336905010   16.2000000000
37.2178949800   126.4336905010   16.2000000000
37.2178942380   126.4336918190   16.2000000000
37.2178942380   126.4336918190   16.2000000000
37.2178934950   126.4336931370   16.1990000000
37.2178934950   126.4336931370   16.1990000000
37.2178927530   126.4336944560   16.1980000000
37.2178927530   126.4336944560   16.1980000000
37.2178920120   126.4336957750   16.1970000000
37.2178920120   126.4336957750   16.1970000000
37.2178912720   126.4336970920   16.1950000000
37.2178912720   126.4336970920   16.1950000000
37.2178905850   126.4336983700   16.1950000000
37.2178905850   126.4336983700   16.1950000000
37.2178898510   126.4336996780   16.1940000000
37.2178898510   126.4336996780   16.1940000000
37.2178891190   126.4337009860   16.1940000000
37.2178891190   126.4337009860   16.1940000000
37.2178883880   126.4337022940   16.1940000000
37.2178883880   126.4337022940   16.1940000000
37.2178876570   126.4337036020   16.1950000000
37.2178876570   126.4337036020   16.1950000000
37.2178869260   126.4337049130   16.1950000000
37.2178869260   126.4337049130   16.1950000000
37.2178861940   126.4337062230   16.1950000000
37.2178861940   126.4337062230   16.1950000000
37.2178854640   126.4337075320   16.1950000000
37.2178854640   126.4337075320   16.1950000000
37.2178847350   126.4337088390   16.1950000000
37.2178847350   126.4337088390   16.1950000000
37.2178840060   126.4337101450   16.1950000000
37.2178840060   126.4337101450   16.1950000000
37.2178833350   126.4337113630   16.2020000000
37.2178833350   126.4337113630   16.2020000000
37.2178826110   126.4337126650   16.2000000000
37.2178826110   126.4337126650   16.2000000000
37.2178818900   126.4337139690   16.1980000000
37.2178818900   126.4337139690   16.1980000000
37.2178811690   126.4337152720   16.1960000000
37.2178811690   126.4337152720   16.1960000000
37.2178804490   126.4337165770   16.1940000000
37.2178804490   126.4337165770   16.1940000000
37.2178797310   126.4337178800   16.1910000000
37.2178797310   126.4337178800   16.1910000000
37.2178790160   126.4337191800   16.1890000000
37.2178790160   126.4337191800   16.1890000000
37.2178783020   126.4337204780   16.1870000000
37.2178783020   126.4337204780   16.1870000000
37.2178775920   126.4337217740   16.1860000000
37.2178775920   126.4337217740   16.1860000000
37.2178768820   126.4337230690   16.1840000000
37.2178768820   126.4337230690   16.1840000000
37.2178762570   126.4337242360   16.1790000000
37.2178762570   126.4337242360   16.1790000000
37.2178755550   126.4337255260   16.1770000000
37.2178755550   126.4337255260   16.1770000000
37.2178748560   126.4337268170   16.1740000000
37.2178748560   126.4337268170   16.1740000000
37.2178741630   126.4337281070   16.1740000000
37.2178741630   126.4337281070   16.1740000000
37.2178734730   126.4337293950   16.1730000000
37.2178734730   126.4337293950   16.1730000000
37.2178727850   126.4337306820   16.1730000000
37.2178727850   126.4337306820   16.1730000000
37.2178721010   126.4337319710   16.1740000000
37.2178721010   126.4337319710   16.1740000000
37.2178714190   126.4337332600   16.1740000000
37.2178714190   126.4337332600   16.1740000000
37.2178707410   126.4337345520   16.1740000000
37.2178707410   126.4337345520   16.1740000000
37.2178700660   126.4337358450   16.1730000000
37.2178700660   126.4337358450   16.1730000000
37.2178693900   126.4337371780   16.1910000000
37.2178693900   126.4337371780   16.1910000000
37.2178687180   126.4337384840   16.1890000000
37.2178687180   126.4337384840   16.1890000000
37.2178680500   126.4337397920   16.1870000000
37.2178680500   126.4337397920   16.1870000000
37.2178673880   126.4337411030   16.1850000000
37.2178673880   126.4337411030   16.1850000000
37.2178667330   126.4337424150   16.1840000000
37.2178667330   126.4337424150   16.1840000000
37.2178660840   126.4337437320   16.1830000000
37.2178660840   126.4337437320   16.1830000000
37.2178654420   126.4337450520   16.1810000000
37.2178654420   126.4337450520   16.1810000000
37.2178648080   126.4337463750   16.1790000000
37.2178648080   126.4337463750   16.1790000000
37.2178641810   126.4337477020   16.1770000000
37.2178641810   126.4337477020   16.1770000000
37.2178635620   126.4337490310   16.1750000000
37.2178635620   126.4337490310   16.1750000000
37.2178630450   126.4337502600   16.1690000000
37.2178630450   126.4337502600   16.1690000000
37.2178624510   126.4337515780   16.1670000000
37.2178624510   126.4337515780   16.1670000000
37.2178618670   126.4337528950   16.1650000000
37.2178618670   126.4337528950   16.1650000000
37.2178612930   126.4337542140   16.1640000000
37.2178612930   126.4337542140   16.1640000000
37.2178607330   126.4337555330   16.1630000000
37.2178607330   126.4337555330   16.1630000000
37.2178601850   126.4337568520   16.1620000000
37.2178601850   126.4337568520   16.1620000000
37.2178596480   126.4337581720   16.1620000000
37.2178596480   126.4337581720   16.1620000000
37.2178591220   126.4337594930   16.1620000000
37.2178591220   126.4337594930   16.1620000000
37.2178586090   126.4337608130   16.1610000000
37.2178586090   126.4337608130   16.1610000000
37.2178581070   126.4337621350   16.1600000000
37.2178581070   126.4337621350   16.1600000000
37.2178576700   126.4337634650   16.1620000000
37.2178576700   126.4337634650   16.1620000000
37.2178571870   126.4337647940   16.1600000000
37.2178571870   126.4337647940   16.1600000000
37.2178567160   126.4337661230   16.1590000000
37.2178567160   126.4337661230   16.1590000000
37.2178562550   126.4337674520   16.1580000000
37.2178562550   126.4337674520   16.1580000000
37.2178558080   126.4337687800   16.1560000000
37.2178558080   126.4337687800   16.1560000000
37.2178553710   126.4337701080   16.1550000000
37.2178553710   126.4337701080   16.1550000000
37.2178549460   126.4337714360   16.1540000000
37.2178549460   126.4337714360   16.1540000000
37.2178545350   126.4337727640   16.1520000000
37.2178545350   126.4337727640   16.1520000000
37.2178541360   126.4337740920   16.1510000000
37.2178541360   126.4337740920   16.1510000000
37.2178537470   126.4337754200   16.1490000000
37.2178537470   126.4337754200   16.1490000000
37.2178534040   126.4337766310   16.1410000000
37.2178534040   126.4337766310   16.1410000000
37.2178530400   126.4337779600   16.1390000000
37.2178530400   126.4337779600   16.1390000000
37.2178526890   126.4337792910   16.1380000000
37.2178526890   126.4337792910   16.1380000000
37.2178523520   126.4337806230   16.1370000000
37.2178523520   126.4337806230   16.1370000000
37.2178520290   126.4337819580   16.1360000000
37.2178520290   126.4337819580   16.1360000000
37.2178517170   126.4337832940   16.1350000000
37.2178517170   126.4337832940   16.1350000000
37.2178514190   126.4337846330   16.1340000000
37.2178514190   126.4337846330   16.1340000000
37.2178511330   126.4337859740   16.1320000000
37.2178511330   126.4337859740   16.1320000000
37.2178508600   126.4337873160   16.1300000000
37.2178508600   126.4337873160   16.1300000000
37.2178506000   126.4337886590   16.1280000000
37.2178506000   126.4337886590   16.1280000000
37.2178503600   126.4337899380   16.1390000000
37.2178503600   126.4337899380   16.1390000000
37.2178501290   126.4337912830   16.1380000000
37.2178501290   126.4337912830   16.1380000000
37.2178499120   126.4337926280   16.1380000000
37.2178499120   126.4337926280   16.1380000000
37.2178497110   126.4337939750   16.1380000000
37.2178497110   126.4337939750   16.1380000000
37.2178495250   126.4337953230   16.1370000000
37.2178495250   126.4337953230   16.1370000000
37.2178493550   126.4337966710   16.1360000000
37.2178493550   126.4337966710   16.1360000000
37.2178491990   126.4337980180   16.1350000000
37.2178491990   126.4337980180   16.1350000000
37.2178490590   126.4337993630   16.1340000000
37.2178490590   126.4337993630   16.1340000000
37.2178489330   126.4338007070   16.1340000000
37.2178489330   126.4338007070   16.1340000000
37.2178488220   126.4338020500   16.1340000000
37.2178488220   126.4338020500   16.1340000000
37.2178487380   126.4338033070   16.1410000000
37.2178487380   126.4338033070   16.1410000000
37.2178486560   126.4338046490   16.1410000000
37.2178486560   126.4338046490   16.1410000000
37.2178485880   126.4338059920   16.1410000000
37.2178485880   126.4338059920   16.1410000000
37.2178485370   126.4338073340   16.1410000000
37.2178485370   126.4338073340   16.1410000000
37.2178485010   126.4338086750   16.1420000000
37.2178485010   126.4338086750   16.1420000000
37.2178484840   126.4338100170   16.1420000000
37.2178484840   126.4338100170   16.1420000000
37.2178484860   126.4338113570   16.1420000000
37.2178484860   126.4338113570   16.1420000000
37.2178485040   126.4338126960   16.1420000000
37.2178485040   126.4338126960   16.1420000000
37.2178485400   126.4338140250   16.1420000000
37.2178485400   126.4338140250   16.1420000000
37.2178485900   126.4338153480   16.1420000000
37.2178485900   126.4338153480   16.1420000000
37.2178486500   126.4338166080   16.1470000000
37.2178486500   126.4338166080   16.1470000000
37.2178487220   126.4338179270   16.1480000000
37.2178487220   126.4338179270   16.1480000000
37.2178488060   126.4338192460   16.1490000000
37.2178488060   126.4338192460   16.1490000000
37.2178489080   126.4338205620   16.1500000000
37.2178489080   126.4338205620   16.1500000000
37.2178490280   126.4338218730   16.1500000000
37.2178490280   126.4338218730   16.1500000000
37.2178491630   126.4338231780   16.1510000000
37.2178491630   126.4338231780   16.1510000000
37.2178493130   126.4338244760   16.1520000000
37.2178493130   126.4338244760   16.1520000000
37.2178494830   126.4338257700   16.1530000000
37.2178494830   126.4338257700   16.1530000000
37.2178496700   126.4338270590   16.1540000000
37.2178496700   126.4338270590   16.1540000000
37.2178498700   126.4338283410   16.1540000000
37.2178498700   126.4338283410   16.1540000000
37.2178500590   126.4338295790   16.1450000000
37.2178500590   126.4338295790   16.1450000000
37.2178502830   126.4338308560   16.1460000000
37.2178502830   126.4338308560   16.1460000000
37.2178505230   126.4338321310   16.1460000000
37.2178505230   126.4338321310   16.1460000000
37.2178507730   126.4338334010   16.1470000000
37.2178507730   126.4338334010   16.1470000000
37.2178510330   126.4338346640   16.1470000000
37.2178510330   126.4338346640   16.1470000000
37.2178513040   126.4338359230   16.1460000000
37.2178513040   126.4338359230   16.1460000000
37.2178515850   126.4338371760   16.1450000000
37.2178515850   126.4338371760   16.1450000000
37.2178518760   126.4338384210   16.1430000000
37.2178518760   126.4338384210   16.1430000000
37.2178521790   126.4338396600   16.1410000000
37.2178521790   126.4338396600   16.1410000000
37.2178524970   126.4338408890   16.1410000000
37.2178524970   126.4338408890   16.1410000000
37.2178528720   126.4338419570   16.1340000000
37.2178528720   126.4338419570   16.1340000000
37.2178532140   126.4338431660   16.1340000000
37.2178532140   126.4338431660   16.1340000000
37.2178535710   126.4338443680   16.1330000000
37.2178535710   126.4338443680   16.1330000000
37.2178539380   126.4338455640   16.1330000000
37.2178539380   126.4338455640   16.1330000000
37.2178543160   126.4338467550   16.1320000000
37.2178543160   126.4338467550   16.1320000000
37.2178547010   126.4338479390   16.1310000000
37.2178547010   126.4338479390   16.1310000000
37.2178550920   126.4338491160   16.1300000000
37.2178550920   126.4338491160   16.1300000000
37.2178554920   126.4338502840   16.1300000000
37.2178554920   126.4338502840   16.1300000000
37.2178559030   126.4338514440   16.1290000000
37.2178559030   126.4338514440   16.1290000000
37.2178563220   126.4338525950   16.1290000000
37.2178563220   126.4338525950   16.1290000000
37.2178566550   126.4338536440   16.1290000000
37.2178566550   126.4338536440   16.1290000000
37.2178570880   126.4338547730   16.1300000000
37.2178570880   126.4338547730   16.1300000000
37.2178575310   126.4338558950   16.1310000000
37.2178575310   126.4338558950   16.1310000000
37.2178579830   126.4338570120   16.1320000000
37.2178579830   126.4338570120   16.1320000000
37.2178584420   126.4338581240   16.1330000000
37.2178584420   126.4338581240   16.1330000000
37.2178589100   126.4338592360   16.1340000000
37.2178589100   126.4338592360   16.1340000000
37.2178593880   126.4338603440   16.1340000000
37.2178593880   126.4338603440   16.1340000000
37.2178598750   126.4338614480   16.1340000000
37.2178598750   126.4338614480   16.1340000000
37.2178603720   126.4338625450   16.1350000000
37.2178603720   126.4338625450   16.1350000000
37.2178608770   126.4338636380   16.1360000000
37.2178608770   126.4338636380   16.1360000000
37.2178613880   126.4338647710   16.1390000000
37.2178613880   126.4338647710   16.1390000000
37.2178619120   126.4338658590   16.1390000000
37.2178619120   126.4338658590   16.1390000000
37.2178624450   126.4338669430   16.1390000000
37.2178624450   126.4338669430   16.1390000000
37.2178629850   126.4338680220   16.1400000000
37.2178629850   126.4338680220   16.1400000000
37.2178635350   126.4338690990   16.1400000000
37.2178635350   126.4338690990   16.1400000000
37.2178640910   126.4338701720   16.1400000000
37.2178640910   126.4338701720   16.1400000000
37.2178646560   126.4338712420   16.1410000000
37.2178646560   126.4338712420   16.1410000000
37.2178652300   126.4338723100   16.1410000000
37.2178652300   126.4338723100   16.1410000000
37.2178658140   126.4338733770   16.1410000000
37.2178658140   126.4338733770   16.1410000000
37.2178664070   126.4338744440   16.1410000000
37.2178664070   126.4338744440   16.1410000000
37.2178670090   126.4338754910   16.1370000000
37.2178670090   126.4338754910   16.1370000000
37.2178676180   126.4338765580   16.1370000000
37.2178676180   126.4338765580   16.1370000000
37.2178682330   126.4338776270   16.1370000000
37.2178682330   126.4338776270   16.1370000000
37.2178688580   126.4338786960   16.1380000000
37.2178688580   126.4338786960   16.1380000000
37.2178694920   126.4338797650   16.1380000000
37.2178694920   126.4338797650   16.1380000000
37.2178701360   126.4338808320   16.1390000000
37.2178701360   126.4338808320   16.1390000000
37.2178707940   126.4338818980   16.1390000000
37.2178707940   126.4338818980   16.1390000000
37.2178714630   126.4338829600   16.1390000000
37.2178714630   126.4338829600   16.1390000000
37.2178721440   126.4338840200   16.1390000000
37.2178721440   126.4338840200   16.1390000000
37.2178728360   126.4338850770   16.1390000000
37.2178728360   126.4338850770   16.1390000000
37.2178735460   126.4338861760   16.1310000000
37.2178735460   126.4338861760   16.1310000000
37.2178742600   126.4338872300   16.1320000000
37.2178742600   126.4338872300   16.1320000000
37.2178749850   126.4338882810   16.1320000000
37.2178749850   126.4338882810   16.1320000000
37.2178757230   126.4338893310   16.1310000000
37.2178757230   126.4338893310   16.1310000000
37.2178764720   126.4338903790   16.1310000000
37.2178764720   126.4338903790   16.1310000000
37.2178772310   126.4338914270   16.1300000000
37.2178772310   126.4338914270   16.1300000000
37.2178779980   126.4338924740   16.1290000000
37.2178779980   126.4338924740   16.1290000000
37.2178787740   126.4338935190   16.1290000000
37.2178787740   126.4338935190   16.1290000000
37.2178795590   126.4338945650   16.1280000000
37.2178795590   126.4338945650   16.1280000000
37.2178803520   126.4338956130   16.1280000000
37.2178803520   126.4338956130   16.1280000000
37.2178811830   126.4338967220   16.1220000000
37.2178811830   126.4338967220   16.1220000000
37.2178819930   126.4338977720   16.1220000000
37.2178819930   126.4338977720   16.1220000000
37.2178828120   126.4338988210   16.1210000000
37.2178828120   126.4338988210   16.1210000000
37.2178836390   126.4338998690   16.1210000000
37.2178836390   126.4338998690   16.1210000000
37.2178844770   126.4339009150   16.1200000000
37.2178844770   126.4339009150   16.1200000000
37.2178853250   126.4339019580   16.1190000000
37.2178853250   126.4339019580   16.1190000000
37.2178861840   126.4339029980   16.1180000000
37.2178861840   126.4339029980   16.1180000000
37.2178870540   126.4339040330   16.1180000000
37.2178870540   126.4339040330   16.1180000000
37.2178879330   126.4339050670   16.1180000000
37.2178879330   126.4339050670   16.1180000000
37.2178888230   126.4339060980   16.1180000000
37.2178888230   126.4339060980   16.1180000000
37.2178898520   126.4339072430   16.1100000000
37.2178898520   126.4339072430   16.1100000000
37.2178907650   126.4339082800   16.1100000000
37.2178907650   126.4339082800   16.1100000000
37.2178916870   126.4339093160   16.1100000000
37.2178916870   126.4339093160   16.1100000000
37.2178926180   126.4339103520   16.1100000000
37.2178926180   126.4339103520   16.1100000000
37.2178935580   126.4339113890   16.1100000000
37.2178935580   126.4339113890   16.1100000000
37.2178945070   126.4339124240   16.1100000000
37.2178945070   126.4339124240   16.1100000000
37.2178954650   126.4339134600   16.1100000000
37.2178954650   126.4339134600   16.1100000000
37.2178964290   126.4339144960   16.1100000000
37.2178964290   126.4339144960   16.1100000000
37.2178974010   126.4339155320   16.1090000000
37.2178974010   126.4339155320   16.1090000000
37.2178983790   126.4339165680   16.1090000000
37.2178983790   126.4339165680   16.1090000000
37.2178995090   126.4339177090   16.0940000000
37.2178995090   126.4339177090   16.0940000000
37.2179005070   126.4339187510   16.0940000000
37.2179005070   126.4339187510   16.0940000000
37.2179015110   126.4339197930   16.0950000000
37.2179015110   126.4339197930   16.0950000000
37.2179025230   126.4339208350   16.0950000000
37.2179025230   126.4339208350   16.0950000000
37.2179035420   126.4339218760   16.0960000000
37.2179035420   126.4339218760   16.0960000000
37.2179045710   126.4339229170   16.0970000000
37.2179045710   126.4339229170   16.0970000000
37.2179056080   126.4339239570   16.0980000000
37.2179056080   126.4339239570   16.0980000000
37.2179066530   126.4339249970   16.0980000000
37.2179066530   126.4339249970   16.0980000000
37.2179077050   126.4339260380   16.0980000000
37.2179077050   126.4339260380   16.0980000000
37.2179087620   126.4339270790   16.0980000000
37.2179087620   126.4339270790   16.0980000000
37.2179099530   126.4339282310   16.0920000000
37.2179099530   126.4339282310   16.0920000000
37.2179110290   126.4339292810   16.0920000000
37.2179110290   126.4339292810   16.0920000000
37.2179121100   126.4339303320   16.0930000000
37.2179121100   126.4339303320   16.0930000000
37.2179131980   126.4339313850   16.0930000000
37.2179131980   126.4339313850   16.0930000000
37.2179142910   126.4339324420   16.0930000000
37.2179142910   126.4339324420   16.0930000000
37.2179153880   126.4339335040   16.0930000000
37.2179153880   126.4339335040   16.0930000000
37.2179164890   126.4339345680   16.0940000000
37.2179164890   126.4339345680   16.0940000000
37.2179175920   126.4339356360   16.0940000000
37.2179175920   126.4339356360   16.0940000000
37.2179186990   126.4339367070   16.0950000000
37.2179186990   126.4339367070   16.0950000000
37.2179198090   126.4339377830   16.0960000000
37.2179198090   126.4339377830   16.0960000000
37.2179211090   126.4339387980   16.0780000000
37.2179211090   126.4339387980   16.0780000000
37.2179222310   126.4339398870   16.0790000000
37.2179222310   126.4339398870   16.0790000000
37.2179233560   126.4339409830   16.0790000000
37.2179233560   126.4339409830   16.0790000000
37.2179256160   126.4339431930   16.0800000000
37.2179256160   126.4339431930   16.0800000000
37.2179267520   126.4339443070   16.0790000000
37.2179267520   126.4339443070   16.0790000000
37.2179278910   126.4339454280   16.0790000000
37.2179278910   126.4339454280   16.0790000000
37.2179290330   126.4339465550   16.0790000000
37.2179290330   126.4339465550   16.0790000000
37.2179301790   126.4339476850   16.0780000000
37.2179301790   126.4339476850   16.0780000000
37.2179313270   126.4339488200   16.0790000000
37.2179313270   126.4339488200   16.0790000000
37.2179326150   126.4339499280   16.0730000000
37.2179326150   126.4339499280   16.0730000000
37.2179337700   126.4339510700   16.0740000000
37.2179337700   126.4339510700   16.0740000000
37.2179349270   126.4339522160   16.0750000000
37.2179349270   126.4339522160   16.0750000000
37.2179360880   126.4339533660   16.0760000000
37.2179360880   126.4339533660   16.0760000000
37.2179372530   126.4339545190   16.0760000000
37.2179372530   126.4339545190   16.0760000000
37.2179384210   126.4339556770   16.0770000000
37.2179384210   126.4339556770   16.0770000000
37.2179395910   126.4339568410   16.0780000000
37.2179395910   126.4339568410   16.0780000000
37.2179407630   126.4339580060   16.0790000000
37.2179407630   126.4339580060   16.0790000000
37.2179419370   126.4339591760   16.0790000000
37.2179419370   126.4339591760   16.0790000000
37.2179431140   126.4339603500   16.0810000000
37.2179431140   126.4339603500   16.0810000000
37.2179444470   126.4339615040   16.0660000000
37.2179444470   126.4339615040   16.0660000000
37.2179456360   126.4339626890   16.0660000000
37.2179456360   126.4339626890   16.0660000000
37.2179468290   126.4339638780   16.0670000000
37.2179468290   126.4339638780   16.0670000000
37.2179480250   126.4339650700   16.0680000000
37.2179480250   126.4339650700   16.0680000000
37.2179492230   126.4339662670   16.0680000000
37.2179492230   126.4339662670   16.0680000000
37.2179504240   126.4339674660   16.0690000000
37.2179504240   126.4339674660   16.0690000000
37.2179516270   126.4339686670   16.0690000000
37.2179516270   126.4339686670   16.0690000000
37.2179528340   126.4339698720   16.0700000000
37.2179528340   126.4339698720   16.0700000000
37.2179540450   126.4339710800   16.0710000000
37.2179540450   126.4339710800   16.0710000000
37.2179552590   126.4339722890   16.0720000000
37.2179552590   126.4339722890   16.0720000000
37.2179566300   126.4339734710   16.0520000000
37.2179566300   126.4339734710   16.0520000000
37.2179578550   126.4339746870   16.0530000000
37.2179578550   126.4339746870   16.0530000000
37.2179590830   126.4339759060   16.0540000000
37.2179590830   126.4339759060   16.0540000000
37.2179603140   126.4339771290   16.0540000000
37.2179603140   126.4339771290   16.0540000000
37.2179615460   126.4339783550   16.0550000000
37.2179615460   126.4339783550   16.0550000000
37.2179627820   126.4339795840   16.0560000000
37.2179627820   126.4339795840   16.0560000000
37.2179640200   126.4339808150   16.0570000000
37.2179640200   126.4339808150   16.0570000000
37.2179652620   126.4339820520   16.0570000000
37.2179652620   126.4339820520   16.0570000000
37.2179665060   126.4339832900   16.0580000000
37.2179665060   126.4339832900   16.0580000000
37.2179677540   126.4339845310   16.0590000000
37.2179677540   126.4339845310   16.0590000000
37.2179691000   126.4339857480   16.0510000000
37.2179691000   126.4339857480   16.0510000000
37.2179703560   126.4339869980   16.0510000000
37.2179703560   126.4339869980   16.0510000000
37.2179716150   126.4339882480   16.0520000000
37.2179716150   126.4339882480   16.0520000000
37.2179728770   126.4339895030   16.0530000000
37.2179728770   126.4339895030   16.0530000000
37.2179741410   126.4339907590   16.0530000000
37.2179741410   126.4339907590   16.0530000000
37.2179754080   126.4339920170   16.0540000000
37.2179754080   126.4339920170   16.0540000000
37.2179766760   126.4339932780   16.0540000000
37.2179766760   126.4339932780   16.0540000000
37.2179779480   126.4339945400   16.0550000000
37.2179779480   126.4339945400   16.0550000000
37.2179792220   126.4339958040   16.0560000000
37.2179792220   126.4339958040   16.0560000000
37.2179805000   126.4339970680   16.0570000000
37.2179805000   126.4339970680   16.0570000000
37.2179817790   126.4339984010   15.9180000000
37.2179817790   126.4339984010   15.9180000000
37.2179830690   126.4339996760   15.9190000000
37.2179830690   126.4339996760   15.9190000000
37.2179843610   126.4340009540   15.9190000000
37.2179843610   126.4340009540   15.9190000000
37.2179856560   126.4340022340   15.9190000000
37.2179856560   126.4340022340   15.9190000000
37.2179869540   126.4340035160   15.9180000000
37.2179869540   126.4340035160   15.9180000000
37.2179882550   126.4340048000   15.9170000000
37.2179882550   126.4340048000   15.9170000000
37.2179895590   126.4340060850   15.9170000000
37.2179895590   126.4340060850   15.9170000000
37.2179908650   126.4340073720   15.9160000000
37.2179908650   126.4340073720   15.9160000000
37.2179921750   126.4340086600   15.9150000000
37.2179921750   126.4340086600   15.9150000000
37.2179934860   126.4340099520   15.9140000000
37.2179934860   126.4340099520   15.9140000000
37.2179948670   126.4340112150   15.9070000000
37.2179948670   126.4340112150   15.9070000000
37.2179961840   126.4340125120   15.9060000000
37.2179961840   126.4340125120   15.9060000000
37.2179975050   126.4340138100   15.9050000000
37.2179975050   126.4340138100   15.9050000000
37.2179988290   126.4340151090   15.9050000000
37.2179988290   126.4340151090   15.9050000000
37.2180001540   126.4340164120   15.9040000000
37.2180001540   126.4340164120   15.9040000000
37.2180014830   126.4340177180   15.9020000000
37.2180014830   126.4340177180   15.9020000000
37.2180028160   126.4340190250   15.9010000000
37.2180028160   126.4340190250   15.9010000000
37.2180041500   126.4340203330   15.9000000000
37.2180041500   126.4340203330   15.9000000000
37.2180054860   126.4340216420   15.8990000000
37.2180054860   126.4340216420   15.8990000000
37.2180068220   126.4340229510   15.8980000000
37.2180068220   126.4340229510   15.8980000000
37.2180082790   126.4340242480   15.9070000000
37.2180082790   126.4340242480   15.9070000000
37.2180096260   126.4340255650   15.9070000000
37.2180096260   126.4340255650   15.9070000000
37.2180109760   126.4340268820   15.9070000000
37.2180109760   126.4340268820   15.9070000000
37.2180123270   126.4340282010   15.9080000000
37.2180123270   126.4340282010   15.9080000000
37.2180136810   126.4340295200   15.9090000000
37.2180136810   126.4340295200   15.9090000000
37.2180150390   126.4340308420   15.9100000000
37.2180150390   126.4340308420   15.9100000000
37.2180164010   126.4340321650   15.9100000000
37.2180164010   126.4340321650   15.9100000000
37.2180177660   126.4340334910   15.9110000000
37.2180177660   126.4340334910   15.9110000000
37.2180191330   126.4340348180   15.9110000000
37.2180191330   126.4340348180   15.9110000000
37.2180205040   126.4340361470   15.9110000000
37.2180205040   126.4340361470   15.9110000000
37.2180219250   126.4340374240   15.9180000000
37.2180219250   126.4340374240   15.9180000000
37.2180233000   126.4340387530   15.9180000000
37.2180233000   126.4340387530   15.9180000000
37.2180246770   126.4340400840   15.9180000000
37.2180246770   126.4340400840   15.9180000000
37.2180260560   126.4340414150   15.9190000000
37.2180260560   126.4340414150   15.9190000000
37.2180274350   126.4340427500   15.9200000000
37.2180274350   126.4340427500   15.9200000000
37.2180288160   126.4340440880   15.9210000000
37.2180288160   126.4340440880   15.9210000000
37.2180302010   126.4340454300   15.9220000000
37.2180302010   126.4340454300   15.9220000000
37.2180315890   126.4340467750   15.9230000000
37.2180315890   126.4340467750   15.9230000000
37.2180329800   126.4340481220   15.9230000000
37.2180329800   126.4340481220   15.9230000000
37.2180343750   126.4340494720   15.9230000000
37.2180343750   126.4340494720   15.9230000000
37.2180358420   126.4340508040   15.9120000000
37.2180358420   126.4340508040   15.9120000000
37.2180372430   126.4340521590   15.9120000000
37.2180372430   126.4340521590   15.9120000000
37.2180386450   126.4340535140   15.9110000000
37.2180386450   126.4340535140   15.9110000000
37.2180400490   126.4340548690   15.9110000000
37.2180400490   126.4340548690   15.9110000000
37.2180414570   126.4340562230   15.9100000000
37.2180414570   126.4340562230   15.9100000000
37.2180428660   126.4340575810   15.9100000000
37.2180428660   126.4340575810   15.9100000000
37.2180442790   126.4340589430   15.9090000000
37.2180442790   126.4340589430   15.9090000000
37.2180456950   126.4340603060   15.9080000000
37.2180456950   126.4340603060   15.9080000000
37.2180471150   126.4340616720   15.9070000000
37.2180471150   126.4340616720   15.9070000000
37.2180485390   126.4340630410   15.9060000000
37.2180485390   126.4340630410   15.9060000000
37.2180500440   126.4340644370   15.8940000000
37.2180500440   126.4340644370   15.8940000000
37.2180514760   126.4340658120   15.8920000000
37.2180514760   126.4340658120   15.8920000000
37.2180529100   126.4340671870   15.8900000000
37.2180529100   126.4340671870   15.8900000000
37.2180543440   126.4340685620   15.8880000000
37.2180543440   126.4340685620   15.8880000000
37.2180557780   126.4340699370   15.8880000000
37.2180557780   126.4340699370   15.8880000000
37.2180586520   126.4340726900   15.8890000000
37.2180586520   126.4340726900   15.8890000000
37.2180600910   126.4340740710   15.8900000000
37.2180600910   126.4340740710   15.8900000000
37.2180615320   126.4340754510   15.8920000000
37.2180615320   126.4340754510   15.8920000000
37.2180629750   126.4340768330   15.8960000000
37.2180629750   126.4340768330   15.8960000000
37.2180644230   126.4340782160   15.8990000000
37.2180644230   126.4340782160   15.8990000000
37.2180659180   126.4340794990   15.9020000000
37.2180659180   126.4340794990   15.9020000000
37.2180673720   126.4340808820   15.9040000000
37.2180673720   126.4340808820   15.9040000000
37.2180688290   126.4340822670   15.9050000000
37.2180688290   126.4340822670   15.9050000000
37.2180702880   126.4340836540   15.9060000000
37.2180702880   126.4340836540   15.9060000000
37.2180717500   126.4340850410   15.9070000000
37.2180717500   126.4340850410   15.9070000000
37.2180732130   126.4340864280   15.9090000000
37.2180732130   126.4340864280   15.9090000000
37.2180746770   126.4340878150   15.9120000000
37.2180746770   126.4340878150   15.9120000000
37.2180761430   126.4340892030   15.9150000000
37.2180761430   126.4340892030   15.9150000000
37.2180776110   126.4340905940   15.9180000000
37.2180776110   126.4340905940   15.9180000000
37.2180790830   126.4340919870   15.9210000000
37.2180790830   126.4340919870   15.9210000000
37.2180806320   126.4340934030   15.9160000000
37.2180806320   126.4340934030   15.9160000000
37.2180821090   126.4340947970   15.9180000000
37.2180821090   126.4340947970   15.9180000000
37.2180835880   126.4340961930   15.9200000000
37.2180835880   126.4340961930   15.9200000000
37.2180850690   126.4340975920   15.9230000000
37.2180850690   126.4340975920   15.9230000000
37.2180865500   126.4340989930   15.9250000000
37.2180865500   126.4340989930   15.9250000000
37.2180880330   126.4341003940   15.9270000000
37.2180880330   126.4341003940   15.9270000000
37.2180895170   126.4341017960   15.9290000000
37.2180895170   126.4341017960   15.9290000000
37.2180910020   126.4341031990   15.9320000000
37.2180910020   126.4341031990   15.9320000000
37.2180924870   126.4341046010   15.9350000000
37.2180924870   126.4341046010   15.9350000000
37.2180940350   126.4341060080   15.9240000000
37.2180940350   126.4341060080   15.9240000000
37.2180955250   126.4341074140   15.9270000000
37.2180955250   126.4341074140   15.9270000000
37.2180970180   126.4341088190   15.9310000000
37.2180970180   126.4341088190   15.9310000000
37.2180985130   126.4341102230   15.9340000000
37.2180985130   126.4341102230   15.9340000000
37.2181000080   126.4341116270   15.9380000000
37.2181000080   126.4341116270   15.9380000000
37.2181000080   126.4341116270   15.9380000000
37.2181000080   126.4341116270   15.9380000000
37.2181030020   126.4341144370   15.9450000000
37.2181030020   126.4341144370   15.9450000000
37.2181045010   126.4341158440   15.9490000000
37.2181045010   126.4341158440   15.9490000000
37.2181059990   126.4341172510   15.9530000000
37.2181059990   126.4341172510   15.9530000000
37.2181074990   126.4341186590   15.9570000000
37.2181074990   126.4341186590   15.9570000000
37.2181090680   126.4341201000   15.9530000000
37.2181090680   126.4341201000   15.9530000000
37.2181105740   126.4341215130   15.9570000000
37.2181105740   126.4341215130   15.9570000000
37.2181120800   126.4341229280   15.9620000000
37.2181120800   126.4341229280   15.9620000000
37.2181135880   126.4341243420   15.9660000000
37.2181135880   126.4341243420   15.9660000000
37.2181150970   126.4341257570   15.9710000000
37.2181150970   126.4341257570   15.9710000000
37.2181166060   126.4341271720   15.9760000000
37.2181166060   126.4341271720   15.9760000000
37.2181181160   126.4341285860   15.9810000000
37.2181181160   126.4341285860   15.9810000000
37.2181196260   126.4341300000   15.9860000000
37.2181196260   126.4341300000   15.9860000000
37.2181211370   126.4341314150   15.9900000000
37.2181211370   126.4341314150   15.9900000000
37.2181226490   126.4341328290   15.9950000000
37.2181226490   126.4341328290   15.9950000000
37.2181241760   126.4341342390   15.9880000000
37.2181241760   126.4341342390   15.9880000000
37.2181256930   126.4341356540   15.9930000000
37.2181256930   126.4341356540   15.9930000000
37.2181272100   126.4341370680   15.9980000000
37.2181272100   126.4341370680   15.9980000000
37.2181287280   126.4341384830   16.0030000000
37.2181287280   126.4341384830   16.0030000000
37.2181302460   126.4341398970   16.0080000000
37.2181302460   126.4341398970   16.0080000000
37.2181332850   126.4341427300   16.0190000000
37.2181332850   126.4341427300   16.0190000000
37.2181348070   126.4341441470   16.0250000000
37.2181348070   126.4341441470   16.0250000000
37.2181363280   126.4341455640   16.0310000000
37.2181363280   126.4341455640   16.0310000000
37.2181378480   126.4341469810   16.0380000000
37.2181378480   126.4341469810   16.0380000000
37.2181393600   126.4341483690   16.0340000000
37.2181393600   126.4341483690   16.0340000000
37.2181408800   126.4341497840   16.0400000000
37.2181408800   126.4341497840   16.0400000000
37.2181424000   126.4341511980   16.0470000000
37.2181424000   126.4341511980   16.0470000000
37.2181439210   126.4341526120   16.0540000000
37.2181439210   126.4341526120   16.0540000000
37.2181454420   126.4341540260   16.0610000000
37.2181454420   126.4341540260   16.0610000000
37.2181469630   126.4341554400   16.0680000000
37.2181469630   126.4341554400   16.0680000000
37.2181484850   126.4341568530   16.0750000000
37.2181484850   126.4341568530   16.0750000000
37.2181500090   126.4341582650   16.0820000000
37.2181500090   126.4341582650   16.0820000000
37.2181515340   126.4341596760   16.0890000000
37.2181515340   126.4341596760   16.0890000000
37.2181530590   126.4341610870   16.0970000000
37.2181530590   126.4341610870   16.0970000000
37.2181546110   126.4341624720   16.1110000000
37.2181546110   126.4341624720   16.1110000000
37.2181561360   126.4341638840   16.1190000000
37.2181561360   126.4341638840   16.1190000000
37.2181576600   126.4341652940   16.1270000000
37.2181576600   126.4341652940   16.1270000000
37.2181591830   126.4341667030   16.1360000000
37.2181591830   126.4341667030   16.1360000000
37.2181607040   126.4341681110   16.1440000000
37.2181607040   126.4341681110   16.1440000000
37.2181622250   126.4341695200   16.1530000000
37.2181622250   126.4341695200   16.1530000000
37.2181637460   126.4341709280   16.1620000000
37.2181637460   126.4341709280   16.1620000000
37.2181652660   126.4341723360   16.1700000000
37.2181652660   126.4341723360   16.1700000000
37.2181667850   126.4341737420   16.1800000000
37.2181667850   126.4341737420   16.1800000000
37.2181683030   126.4341751470   16.1890000000
37.2181683030   126.4341751470   16.1890000000
37.2181698070   126.4341764980   16.2020000000
37.2181698070   126.4341764980   16.2020000000
37.2181713220   126.4341778990   16.2130000000
37.2181713220   126.4341778990   16.2130000000
37.2181728370   126.4341793000   16.2240000000
37.2181728370   126.4341793000   16.2240000000
37.2181743530   126.4341807000   16.2350000000
37.2181743530   126.4341807000   16.2350000000
37.2181758670   126.4341821000   16.2460000000
37.2181758670   126.4341821000   16.2460000000
37.2181773810   126.4341834990   16.2570000000
37.2181773810   126.4341834990   16.2570000000
37.2181788930   126.4341848990   16.2690000000
37.2181788930   126.4341848990   16.2690000000
37.2181804040   126.4341863000   16.2800000000
37.2181804040   126.4341863000   16.2800000000
37.2181819160   126.4341877010   16.2910000000
37.2181819160   126.4341877010   16.2910000000
37.2181834270   126.4341891000   16.3010000000
37.2181834270   126.4341891000   16.3010000000
37.2181849370   126.4341904990   16.3120000000
37.2181849370   126.4341904990   16.3120000000
37.2181863740   126.4341918250   16.3220000000
37.2181863740   126.4341918250   16.3220000000
37.2181878790   126.4341932190   16.3330000000
37.2181878790   126.4341932190   16.3330000000
37.2181893830   126.4341946130   16.3440000000
37.2181893830   126.4341946130   16.3440000000
37.2181908870   126.4341960050   16.3550000000
37.2181908870   126.4341960050   16.3550000000
37.2181923900   126.4341973980   16.3660000000
37.2181923900   126.4341973980   16.3660000000
37.2181938910   126.4341987880   16.3770000000
37.2181938910   126.4341987880   16.3770000000
37.2181953920   126.4342001780   16.3890000000
37.2181953920   126.4342001780   16.3890000000
37.2181968910   126.4342015670   16.4000000000
37.2181968910   126.4342015670   16.4000000000
37.2181983900   126.4342029570   16.4110000000
37.2181983900   126.4342029570   16.4110000000
37.2181998450   126.4342043050   16.4180000000
37.2181998450   126.4342043050   16.4180000000
37.2182013380   126.4342056870   16.4290000000
37.2182013380   126.4342056870   16.4290000000
37.2182028290   126.4342070680   16.4420000000
37.2182028290   126.4342070680   16.4420000000
37.2182043200   126.4342084490   16.4540000000
37.2182043200   126.4342084490   16.4540000000
37.2182058120   126.4342098290   16.4650000000
37.2182058120   126.4342098290   16.4650000000
37.2182073040   126.4342112090   16.4760000000
37.2182073040   126.4342112090   16.4760000000
37.2182087960   126.4342125890   16.4870000000
37.2182087960   126.4342125890   16.4870000000
37.2182102850   126.4342139670   16.4990000000
37.2182102850   126.4342139670   16.4990000000
37.2182117720   126.4342153450   16.5100000000
37.2182117720   126.4342153450   16.5100000000
37.2182132560   126.4342167230   16.5210000000
37.2182132560   126.4342167230   16.5210000000
37.2182146320   126.4342180090   16.5450000000
37.2182146320   126.4342180090   16.5450000000
37.2182161070   126.4342193770   16.5560000000
37.2182161070   126.4342193770   16.5560000000
37.2182175790   126.4342207420   16.5670000000
37.2182175790   126.4342207420   16.5670000000
37.2182190490   126.4342221070   16.5790000000
37.2182190490   126.4342221070   16.5790000000
37.2182205170   126.4342234700   16.5900000000
37.2182205170   126.4342234700   16.5900000000
37.2182219860   126.4342248340   16.6020000000
37.2182219860   126.4342248340   16.6020000000
37.2182234540   126.4342261990   16.6130000000
37.2182234540   126.4342261990   16.6130000000
37.2182249230   126.4342275650   16.6240000000
37.2182249230   126.4342275650   16.6240000000
37.2182263920   126.4342289300   16.6340000000
37.2182263920   126.4342289300   16.6340000000
37.2182278600   126.4342302930   16.6450000000
37.2182278600   126.4342302930   16.6450000000
37.2182292600   126.4342316390   16.6780000000
37.2182292600   126.4342316390   16.6780000000
37.2182307170   126.4342329960   16.6890000000
37.2182307170   126.4342329960   16.6890000000
37.2182321710   126.4342343500   16.7010000000
37.2182321710   126.4342343500   16.7010000000
37.2182336240   126.4342357010   16.7130000000
37.2182336240   126.4342357010   16.7130000000
37.2182350750   126.4342370520   16.7250000000
37.2182350750   126.4342370520   16.7250000000
37.2182365250   126.4342384020   16.7370000000
37.2182365250   126.4342384020   16.7370000000
37.2182379740   126.4342397520   16.7490000000
37.2182379740   126.4342397520   16.7490000000
37.2182394200   126.4342411000   16.7600000000
37.2182394200   126.4342411000   16.7600000000
37.2182408650   126.4342424450   16.7720000000
37.2182408650   126.4342424450   16.7720000000
37.2182423070   126.4342437880   16.7840000000
37.2182423070   126.4342437880   16.7840000000
37.2182437130   126.4342449600   16.8060000000
37.2182437130   126.4342449600   16.8060000000
37.2182451510   126.4342462990   16.8180000000
37.2182451510   126.4342462990   16.8180000000
37.2182465860   126.4342476380   16.8290000000
37.2182465860   126.4342476380   16.8290000000
37.2182480210   126.4342489760   16.8410000000
37.2182480210   126.4342489760   16.8410000000
37.2182494530   126.4342503130   16.8540000000
37.2182494530   126.4342503130   16.8540000000
37.2182508850   126.4342516480   16.8660000000
37.2182508850   126.4342516480   16.8660000000
37.2182523130   126.4342529820   16.8780000000
37.2182523130   126.4342529820   16.8780000000
37.2182537390   126.4342543140   16.8900000000
37.2182537390   126.4342543140   16.8900000000
37.2182551650   126.4342556450   16.9020000000
37.2182551650   126.4342556450   16.9020000000
37.2182565880   126.4342569740   16.9140000000
37.2182565880   126.4342569740   16.9140000000
37.2182579170   126.4342582280   16.9410000000
37.2182579170   126.4342582280   16.9410000000
37.2182593340   126.4342595520   16.9530000000
37.2182593340   126.4342595520   16.9530000000
37.2182607490   126.4342608730   16.9650000000
37.2182607490   126.4342608730   16.9650000000
37.2182621620   126.4342621920   16.9780000000
37.2182621620   126.4342621920   16.9780000000
37.2182635710   126.4342635090   16.9920000000
37.2182635710   126.4342635090   16.9920000000
37.2182649780   126.4342648260   17.0050000000
37.2182649780   126.4342648260   17.0050000000
37.2182663850   126.4342661400   17.0180000000
37.2182663850   126.4342661400   17.0180000000
37.2182677910   126.4342674540   17.0320000000
37.2182677910   126.4342674540   17.0320000000
37.2182691940   126.4342687650   17.0450000000
37.2182691940   126.4342687650   17.0450000000
37.2182705950   126.4342700760   17.0590000000
37.2182705950   126.4342700760   17.0590000000
37.2182720010   126.4342713330   17.0610000000
37.2182720010   126.4342713330   17.0610000000
37.2182734020   126.4342726430   17.0740000000
37.2182734020   126.4342726430   17.0740000000
37.2182748010   126.4342739510   17.0880000000
37.2182748010   126.4342739510   17.0880000000
37.2182761990   126.4342752580   17.1010000000
37.2182761990   126.4342752580   17.1010000000
37.2182775970   126.4342765650   17.1140000000
37.2182775970   126.4342765650   17.1140000000
37.2182789930   126.4342778720   17.1270000000
37.2182789930   126.4342778720   17.1270000000
37.2182803870   126.4342791790   17.1400000000
37.2182803870   126.4342791790   17.1400000000
37.2182817780   126.4342804830   17.1530000000
37.2182817780   126.4342804830   17.1530000000
37.2182831690   126.4342817860   17.1660000000
37.2182831690   126.4342817860   17.1660000000
37.2182845580   126.4342830860   17.1800000000
37.2182845580   126.4342830860   17.1800000000
37.2182858880   126.4342842620   17.1880000000
37.2182858880   126.4342842620   17.1880000000
37.2182872680   126.4342855550   17.2010000000
37.2182872680   126.4342855550   17.2010000000
37.2182886460   126.4342868460   17.2140000000
37.2182886460   126.4342868460   17.2140000000
37.2182900220   126.4342881370   17.2270000000
37.2182900220   126.4342881370   17.2270000000
37.2182913960   126.4342894260   17.2410000000
37.2182913960   126.4342894260   17.2410000000
37.2182927690   126.4342907130   17.2540000000
37.2182927690   126.4342907130   17.2540000000
37.2182941400   126.4342919990   17.2670000000
37.2182941400   126.4342919990   17.2670000000
37.2182955100   126.4342932820   17.2810000000
37.2182955100   126.4342932820   17.2810000000
37.2182968790   126.4342945640   17.2940000000
37.2182968790   126.4342945640   17.2940000000
37.2182982460   126.4342958430   17.3070000000
37.2182982460   126.4342958430   17.3070000000
37.2182995470   126.4342970450   17.3290000000
37.2182995470   126.4342970450   17.3290000000
37.2183009100   126.4342983180   17.3420000000
37.2183009100   126.4342983180   17.3420000000
37.2183022700   126.4342995900   17.3540000000
37.2183022700   126.4342995900   17.3540000000
37.2183036290   126.4343008600   17.3670000000
37.2183036290   126.4343008600   17.3670000000
37.2183049870   126.4343021280   17.3800000000
37.2183049870   126.4343021280   17.3800000000
37.2183063420   126.4343033950   17.3930000000
37.2183063420   126.4343033950   17.3930000000
37.2183076970   126.4343046620   17.4050000000
37.2183076970   126.4343046620   17.4050000000
37.2183090500   126.4343059270   17.4180000000
37.2183090500   126.4343059270   17.4180000000
37.2183104010   126.4343071910   17.4310000000
37.2183104010   126.4343071910   17.4310000000
37.2183117510   126.4343084530   17.4430000000
37.2183117510   126.4343084530   17.4430000000
37.2183130060   126.4343096220   17.4680000000
37.2183130060   126.4343096220   17.4680000000
37.2183143490   126.4343108750   17.4810000000
37.2183143490   126.4343108750   17.4810000000
37.2183156900   126.4343121260   17.4940000000
37.2183156900   126.4343121260   17.4940000000
37.2183170290   126.4343133770   17.5070000000
37.2183170290   126.4343133770   17.5070000000
37.2183183680   126.4343146260   17.5200000000
37.2183183680   126.4343146260   17.5200000000
37.2183197060   126.4343158750   17.5320000000
37.2183197060   126.4343158750   17.5320000000
37.2183210430   126.4343171220   17.5440000000
37.2183210430   126.4343171220   17.5440000000
37.2183223790   126.4343183690   17.5560000000
37.2183223790   126.4343183690   17.5560000000
37.2183237140   126.4343196160   17.5680000000
37.2183237140   126.4343196160   17.5680000000
37.2183250480   126.4343208610   17.5810000000
37.2183250480   126.4343208610   17.5810000000
37.2183262910   126.4343220610   17.6260000000
37.2183262910   126.4343220610   17.6260000000
37.2183276170   126.4343232980   17.6380000000
37.2183276170   126.4343232980   17.6380000000
37.2183289410   126.4343245340   17.6490000000
37.2183289410   126.4343245340   17.6490000000
37.2183302630   126.4343257690   17.6610000000
37.2183302630   126.4343257690   17.6610000000
37.2183315850   126.4343270030   17.6730000000
37.2183315850   126.4343270030   17.6730000000
37.2183329050   126.4343282360   17.6850000000
37.2183329050   126.4343282360   17.6850000000
37.2183342230   126.4343294670   17.6960000000
37.2183342230   126.4343294670   17.6960000000
37.2183355410   126.4343306970   17.7080000000
37.2183355410   126.4343306970   17.7080000000
37.2183368570   126.4343319270   17.7190000000
37.2183368570   126.4343319270   17.7190000000
37.2183381740   126.4343331560   17.7300000000
37.2183381740   126.4343331560   17.7300000000
37.2183394450   126.4343343110   17.7550000000
37.2183394450   126.4343343110   17.7550000000
37.2183407600   126.4343355370   17.7660000000
37.2183407600   126.4343355370   17.7660000000
37.2183420740   126.4343367640   17.7750000000
37.2183420740   126.4343367640   17.7750000000
37.2183433880   126.4343379890   17.7840000000
37.2183433880   126.4343379890   17.7840000000
37.2183447010   126.4343392130   17.7930000000
37.2183447010   126.4343392130   17.7930000000
37.2183460140   126.4343404380   17.8020000000
37.2183460140   126.4343404380   17.8020000000
37.2183473260   126.4343416620   17.8100000000
37.2183473260   126.4343416620   17.8100000000
37.2183486370   126.4343428850   17.8190000000
37.2183486370   126.4343428850   17.8190000000
37.2183499480   126.4343441070   17.8270000000
37.2183499480   126.4343441070   17.8270000000
37.2183512570   126.4343453270   17.8360000000
37.2183512570   126.4343453270   17.8360000000
37.2183525660   126.4343465460   17.8440000000
37.2183525660   126.4343465460   17.8440000000
37.2183537890   126.4343476940   17.8650000000
37.2183537890   126.4343476940   17.8650000000
37.2183550940   126.4343489080   17.8740000000
37.2183550940   126.4343489080   17.8740000000
37.2183563970   126.4343501220   17.8820000000
37.2183563970   126.4343501220   17.8820000000
37.2183577010   126.4343513380   17.8910000000
37.2183577010   126.4343513380   17.8910000000
37.2183590040   126.4343525530   17.8990000000
37.2183590040   126.4343525530   17.8990000000
37.2183603060   126.4343537670   17.9070000000
37.2183603060   126.4343537670   17.9070000000
37.2183616080   126.4343549820   17.9150000000
37.2183616080   126.4343549820   17.9150000000
37.2183629100   126.4343561950   17.9230000000
37.2183629100   126.4343561950   17.9230000000
37.2183642120   126.4343574090   17.9310000000
37.2183642120   126.4343574090   17.9310000000
37.2183655000   126.4343586200   17.9550000000
37.2183655000   126.4343586200   17.9550000000
37.2183668000   126.4343598360   17.9630000000
37.2183668000   126.4343598360   17.9630000000
37.2183680990   126.4343610510   17.9710000000
37.2183680990   126.4343610510   17.9710000000
37.2183694000   126.4343622670   17.9790000000
37.2183694000   126.4343622670   17.9790000000
37.2183707010   126.4343634840   17.9860000000
37.2183707010   126.4343634840   17.9860000000
37.2183720040   126.4343647010   17.9940000000
37.2183720040   126.4343647010   17.9940000000
37.2183733060   126.4343659180   18.0020000000
37.2183733060   126.4343659180   18.0020000000
37.2183746090   126.4343671350   18.0090000000
37.2183746090   126.4343671350   18.0090000000
37.2183759120   126.4343683540   18.0160000000
37.2183759120   126.4343683540   18.0160000000
37.2183772160   126.4343695740   18.0230000000
37.2183772160   126.4343695740   18.0230000000
37.2183785260   126.4343708160   18.0440000000
37.2183785260   126.4343708160   18.0440000000
37.2183798300   126.4343720360   18.0510000000
37.2183798300   126.4343720360   18.0510000000
37.2183811350   126.4343732560   18.0590000000
37.2183811350   126.4343732560   18.0590000000
37.2183824410   126.4343744760   18.0660000000
37.2183824410   126.4343744760   18.0660000000
37.2183837480   126.4343756990   18.0720000000
37.2183837480   126.4343756990   18.0720000000
37.2183850570   126.4343769210   18.0780000000
37.2183850570   126.4343769210   18.0780000000
37.2183863660   126.4343781440   18.0840000000
37.2183863660   126.4343781440   18.0840000000
37.2183876750   126.4343793660   18.0900000000
37.2183876750   126.4343793660   18.0900000000
37.2183889850   126.4343805880   18.0960000000
37.2183889850   126.4343805880   18.0960000000
37.2183902940   126.4343818110   18.1030000000
37.2183902940   126.4343818110   18.1030000000
37.2183915780   126.4343830240   18.1050000000
37.2183915780   126.4343830240   18.1050000000
37.2183928870   126.4343842460   18.1110000000
37.2183928870   126.4343842460   18.1110000000
37.2183941990   126.4343854680   18.1180000000
37.2183941990   126.4343854680   18.1180000000
37.2183955110   126.4343866900   18.1240000000
37.2183955110   126.4343866900   18.1240000000
37.2183968240   126.4343879140   18.1300000000
37.2183968240   126.4343879140   18.1300000000
37.2183981380   126.4343891410   18.1360000000
37.2183981380   126.4343891410   18.1360000000
37.2183994540   126.4343903690   18.1420000000
37.2183994540   126.4343903690   18.1420000000
37.2184007710   126.4343916000   18.1480000000
37.2184007710   126.4343916000   18.1480000000
37.2184020900   126.4343928330   18.1530000000
37.2184020900   126.4343928330   18.1530000000
37.2184034110   126.4343940670   18.1580000000
37.2184034110   126.4343940670   18.1580000000
37.2184047700   126.4343953050   18.1740000000
37.2184047700   126.4343953050   18.1740000000
37.2184060940   126.4343965380   18.1790000000
37.2184060940   126.4343965380   18.1790000000
37.2184074180   126.4343977730   18.1840000000
37.2184074180   126.4343977730   18.1840000000
37.2184087420   126.4343990100   18.1880000000
37.2184087420   126.4343990100   18.1880000000
37.2184100680   126.4344002480   18.1930000000
37.2184100680   126.4344002480   18.1930000000
37.2184113950   126.4344014870   18.1970000000
37.2184113950   126.4344014870   18.1970000000
37.2184127240   126.4344027260   18.2010000000
37.2184127240   126.4344027260   18.2010000000
37.2184140530   126.4344039680   18.2050000000
37.2184140530   126.4344039680   18.2050000000
37.2184153850   126.4344052110   18.2080000000
37.2184153850   126.4344052110   18.2080000000
37.2184167190   126.4344064550   18.2120000000
37.2184167190   126.4344064550   18.2120000000
37.2184180260   126.4344076960   18.2190000000
37.2184180260   126.4344076960   18.2190000000
37.2184193640   126.4344089440   18.2220000000
37.2184193640   126.4344089440   18.2220000000
37.2184207030   126.4344101950   18.2240000000
37.2184207030   126.4344101950   18.2240000000
37.2184220460   126.4344114500   18.2260000000
37.2184220460   126.4344114500   18.2260000000
37.2184233930   126.4344127070   18.2280000000
37.2184233930   126.4344127070   18.2280000000
37.2184247410   126.4344139660   18.2290000000
37.2184247410   126.4344139660   18.2290000000
37.2184260910   126.4344152280   18.2300000000
37.2184260910   126.4344152280   18.2300000000
37.2184274430   126.4344164910   18.2320000000
37.2184274430   126.4344164910   18.2320000000
37.2184287960   126.4344177550   18.2320000000
37.2184287960   126.4344177550   18.2320000000
37.2184301510   126.4344190210   18.2330000000
37.2184301510   126.4344190210   18.2330000000
37.2184315080   126.4344202890   18.2340000000
37.2184315080   126.4344202890   18.2340000000
37.2184328660   126.4344215570   18.2410000000
37.2184328660   126.4344215570   18.2410000000
37.2184342270   126.4344228300   18.2410000000
37.2184342270   126.4344228300   18.2410000000
37.2184355900   126.4344241060   18.2400000000
37.2184355900   126.4344241060   18.2400000000
37.2184369560   126.4344253840   18.2400000000
37.2184369560   126.4344253840   18.2400000000
37.2184383250   126.4344266640   18.2390000000
37.2184383250   126.4344266640   18.2390000000
37.2184396960   126.4344279450   18.2370000000
37.2184396960   126.4344279450   18.2370000000
37.2184410700   126.4344292290   18.2360000000
37.2184410700   126.4344292290   18.2360000000
37.2184424480   126.4344305150   18.2350000000
37.2184424480   126.4344305150   18.2350000000
37.2184438300   126.4344318050   18.2330000000
37.2184438300   126.4344318050   18.2330000000
37.2184452160   126.4344330970   18.2310000000
37.2184452160   126.4344330970   18.2310000000
37.2184465780   126.4344343430   18.2410000000
37.2184465780   126.4344343430   18.2410000000
37.2184479640   126.4344356360   18.2380000000
37.2184479640   126.4344356360   18.2380000000
37.2184493540   126.4344369310   18.2360000000
37.2184493540   126.4344369310   18.2360000000
37.2184507450   126.4344382290   18.2340000000
37.2184507450   126.4344382290   18.2340000000
37.2184521390   126.4344395280   18.2310000000
37.2184521390   126.4344395280   18.2310000000
37.2184535360   126.4344408290   18.2290000000
37.2184535360   126.4344408290   18.2290000000
37.2184549360   126.4344421320   18.2260000000
37.2184549360   126.4344421320   18.2260000000
37.2184563380   126.4344434380   18.2240000000
37.2184563380   126.4344434380   18.2240000000
37.2184577420   126.4344447460   18.2210000000
37.2184577420   126.4344447460   18.2210000000
37.2184591470   126.4344460550   18.2180000000
37.2184591470   126.4344460550   18.2180000000
37.2184606070   126.4344474160   18.2280000000
37.2184606070   126.4344474160   18.2280000000
37.2184620170   126.4344487280   18.2250000000
37.2184620170   126.4344487280   18.2250000000
37.2184634290   126.4344500420   18.2220000000
37.2184634290   126.4344500420   18.2220000000
37.2184648430   126.4344513550   18.2190000000
37.2184648430   126.4344513550   18.2190000000
37.2184662590   126.4344526690   18.2150000000
37.2184662590   126.4344526690   18.2150000000
37.2184676780   126.4344539840   18.2110000000
37.2184676780   126.4344539840   18.2110000000
37.2184690990   126.4344553000   18.2070000000
37.2184690990   126.4344553000   18.2070000000
37.2184705230   126.4344566160   18.2030000000
37.2184705230   126.4344566160   18.2030000000
37.2184719470   126.4344579320   18.1990000000
37.2184719470   126.4344579320   18.1990000000
37.2184733720   126.4344592480   18.1950000000
37.2184733720   126.4344592480   18.1950000000
37.2184748080   126.4344606180   18.2000000000
37.2184748080   126.4344606180   18.2000000000
37.2184762350   126.4344619370   18.1950000000
37.2184762350   126.4344619370   18.1950000000
37.2184776640   126.4344632570   18.1910000000
37.2184776640   126.4344632570   18.1910000000
37.2184790950   126.4344645770   18.1860000000
37.2184790950   126.4344645770   18.1860000000
37.2184805270   126.4344658980   18.1800000000
37.2184805270   126.4344658980   18.1800000000
37.2184819600   126.4344672210   18.1740000000
37.2184819600   126.4344672210   18.1740000000
37.2184833940   126.4344685440   18.1680000000
37.2184833940   126.4344685440   18.1680000000
37.2184848290   126.4344698680   18.1620000000
37.2184848290   126.4344698680   18.1620000000
37.2184862640   126.4344711920   18.1560000000
37.2184862640   126.4344711920   18.1560000000
37.2184876920   126.4344725180   18.1590000000
37.2184876920   126.4344725180   18.1590000000
37.2184891280   126.4344738410   18.1530000000
37.2184891280   126.4344738410   18.1530000000
37.2184905640   126.4344751650   18.1460000000
37.2184905640   126.4344751650   18.1460000000
37.2184920000   126.4344764900   18.1400000000
37.2184920000   126.4344764900   18.1400000000
37.2184934380   126.4344778150   18.1330000000
37.2184934380   126.4344778150   18.1330000000
37.2184948760   126.4344791410   18.1260000000
37.2184948760   126.4344791410   18.1260000000
37.2184963150   126.4344804680   18.1190000000
37.2184963150   126.4344804680   18.1190000000
37.2184977540   126.4344817940   18.1120000000
37.2184977540   126.4344817940   18.1120000000
37.2184991940   126.4344831210   18.1050000000
37.2184991940   126.4344831210   18.1050000000
37.2185006340   126.4344844480   18.0980000000
37.2185006340   126.4344844480   18.0980000000
37.2185020740   126.4344857750   18.0900000000
37.2185020740   126.4344857750   18.0900000000
37.2185035460   126.4344871250   18.0920000000
37.2185035460   126.4344871250   18.0920000000
37.2185049890   126.4344884540   18.0850000000
37.2185049890   126.4344884540   18.0850000000
37.2185064360   126.4344897810   18.0770000000
37.2185064360   126.4344897810   18.0770000000
37.2185078840   126.4344911100   18.0700000000
37.2185078840   126.4344911100   18.0700000000
37.2185093320   126.4344924410   18.0620000000
37.2185093320   126.4344924410   18.0620000000
37.2185107810   126.4344937720   18.0540000000
37.2185107810   126.4344937720   18.0540000000
37.2185122290   126.4344951030   18.0460000000
37.2185122290   126.4344951030   18.0460000000
37.2185136780   126.4344964340   18.0380000000
37.2185136780   126.4344964340   18.0380000000
37.2185151280   126.4344977660   18.0300000000
37.2185151280   126.4344977660   18.0300000000
37.2185165840   126.4344991430   18.0240000000
37.2185165840   126.4344991430   18.0240000000
37.2185180380   126.4345004800   18.0160000000
37.2185180380   126.4345004800   18.0160000000
37.2185194930   126.4345018180   18.0080000000
37.2185194930   126.4345018180   18.0080000000
37.2185209500   126.4345031570   17.9990000000
37.2185209500   126.4345031570   17.9990000000
37.2185224070   126.4345044980   17.9900000000
37.2185224070   126.4345044980   17.9900000000
37.2185238650   126.4345058390   17.9810000000
37.2185238650   126.4345058390   17.9810000000
37.2185253240   126.4345071810   17.9710000000
37.2185253240   126.4345071810   17.9710000000
37.2185267810   126.4345085260   17.9620000000
37.2185267810   126.4345085260   17.9620000000
37.2185282390   126.4345098710   17.9520000000
37.2185282390   126.4345098710   17.9520000000
37.2185296970   126.4345112170   17.9420000000
37.2185296970   126.4345112170   17.9420000000
37.2185311570   126.4345125640   17.9330000000
37.2185311570   126.4345125640   17.9330000000
37.2185326370   126.4345139300   17.9290000000
37.2185326370   126.4345139300   17.9290000000
37.2185341000   126.4345152830   17.9200000000
37.2185341000   126.4345152830   17.9200000000
37.2185355640   126.4345166370   17.9110000000
37.2185355640   126.4345166370   17.9110000000
37.2185370300   126.4345179920   17.9030000000
37.2185370300   126.4345179920   17.9030000000
37.2185384970   126.4345193500   17.8940000000
37.2185384970   126.4345193500   17.8940000000
37.2185399660   126.4345207080   17.8850000000
37.2185399660   126.4345207080   17.8850000000
37.2185414350   126.4345220670   17.8760000000
37.2185414350   126.4345220670   17.8760000000
37.2185429060   126.4345234300   17.8670000000
37.2185429060   126.4345234300   17.8670000000
37.2185443770   126.4345247940   17.8570000000
37.2185443770   126.4345247940   17.8570000000
37.2185459060   126.4345261720   17.8540000000
37.2185459060   126.4345261720   17.8540000000
37.2185473830   126.4345275410   17.8450000000
37.2185473830   126.4345275410   17.8450000000
37.2185488600   126.4345289100   17.8360000000
37.2185488600   126.4345289100   17.8360000000
37.2185503380   126.4345302810   17.8270000000
37.2185503380   126.4345302810   17.8270000000
37.2185518170   126.4345316560   17.8170000000
37.2185518170   126.4345316560   17.8170000000
37.2185532980   126.4345330320   17.8080000000
37.2185532980   126.4345330320   17.8080000000
37.2185547820   126.4345344110   17.7980000000
37.2185547820   126.4345344110   17.7980000000
37.2185562670   126.4345357900   17.7880000000
37.2185562670   126.4345357900   17.7880000000
37.2185577530   126.4345371710   17.7780000000
37.2185577530   126.4345371710   17.7780000000
37.2185592400   126.4345385530   17.7690000000
37.2185592400   126.4345385530   17.7690000000
37.2185607270   126.4345399370   17.7590000000
37.2185607270   126.4345399370   17.7590000000
37.2185622120   126.4345413360   17.7430000000
37.2185622120   126.4345413360   17.7430000000
37.2185637020   126.4345427250   17.7330000000
37.2185637020   126.4345427250   17.7330000000
37.2185651940   126.4345441150   17.7240000000
37.2185651940   126.4345441150   17.7240000000
37.2185666870   126.4345455060   17.7140000000
37.2185666870   126.4345455060   17.7140000000
37.2185681810   126.4345468980   17.7050000000
37.2185681810   126.4345468980   17.7050000000
37.2185696760   126.4345482940   17.6950000000
37.2185696760   126.4345482940   17.6950000000
37.2185711740   126.4345496910   17.6850000000
37.2185711740   126.4345496910   17.6850000000
37.2185726730   126.4345510900   17.6750000000
37.2185726730   126.4345510900   17.6750000000
37.2185741740   126.4345524900   17.6640000000
37.2185741740   126.4345524900   17.6640000000
37.2185756750   126.4345538930   17.6530000000
37.2185756750   126.4345538930   17.6530000000
37.2185772010   126.4345552870   17.6490000000
37.2185772010   126.4345552870   17.6490000000
37.2185787050   126.4345566940   17.6380000000
37.2185787050   126.4345566940   17.6380000000
37.2185802090   126.4345581020   17.6270000000
37.2185802090   126.4345581020   17.6270000000
37.2185817160   126.4345595130   17.6160000000
37.2185817160   126.4345595130   17.6160000000
37.2185832240   126.4345609240   17.6050000000
37.2185832240   126.4345609240   17.6050000000
37.2185847330   126.4345623370   17.5940000000
37.2185847330   126.4345623370   17.5940000000
37.2185862430   126.4345637510   17.5840000000
37.2185862430   126.4345637510   17.5840000000
37.2185877540   126.4345651670   17.5730000000
37.2185877540   126.4345651670   17.5730000000
37.2185892660   126.4345665840   17.5620000000
37.2185892660   126.4345665840   17.5620000000
37.2185908040   126.4345679870   17.5610000000
37.2185908040   126.4345679870   17.5610000000
37.2185923180   126.4345694070   17.5500000000
37.2185923180   126.4345694070   17.5500000000
37.2185938330   126.4345708290   17.5400000000
37.2185938330   126.4345708290   17.5400000000
37.2185953500   126.4345722520   17.5290000000
37.2185953500   126.4345722520   17.5290000000
37.2185968670   126.4345736780   17.5190000000
37.2185968670   126.4345736780   17.5190000000
37.2185983870   126.4345751050   17.5080000000
37.2185983870   126.4345751050   17.5080000000
37.2185999070   126.4345765330   17.4980000000
37.2185999070   126.4345765330   17.4980000000
37.2186014300   126.4345779620   17.4870000000
37.2186014300   126.4345779620   17.4870000000
37.2186029520   126.4345793930   17.4770000000
37.2186029520   126.4345793930   17.4770000000
37.2186044760   126.4345808270   17.4670000000
37.2186044760   126.4345808270   17.4670000000
37.2186059970   126.4345822120   17.4700000000
37.2186059970   126.4345822120   17.4700000000
37.2186075240   126.4345836470   17.4590000000
37.2186075240   126.4345836470   17.4590000000
37.2186090520   126.4345850830   17.4480000000
37.2186090520   126.4345850830   17.4480000000
37.2186105800   126.4345865210   17.4370000000
37.2186105800   126.4345865210   17.4370000000
37.2186121100   126.4345879600   17.4260000000
37.2186121100   126.4345879600   17.4260000000
37.2186151740   126.4345908430   17.4030000000
37.2186151740   126.4345908430   17.4030000000
37.2186167060   126.4345922850   17.3910000000
37.2186167060   126.4345922850   17.3910000000
37.2186182390   126.4345937280   17.3800000000
37.2186182390   126.4345937280   17.3800000000
37.2186197720   126.4345951720   17.3690000000
37.2186197720   126.4345951720   17.3690000000
37.2186213860   126.4345966820   17.3510000000
37.2186213860   126.4345966820   17.3510000000
37.2186229280   126.4345981340   17.3400000000
37.2186229280   126.4345981340   17.3400000000
37.2186244710   126.4345995870   17.3300000000
37.2186244710   126.4345995870   17.3300000000
37.2186260150   126.4346010410   17.3210000000
37.2186260150   126.4346010410   17.3210000000
37.2186275600   126.4346024990   17.3110000000
37.2186275600   126.4346024990   17.3110000000
37.2186291090   126.4346039590   17.3010000000
37.2186291090   126.4346039590   17.3010000000
37.2186306600   126.4346054220   17.2910000000
37.2186306600   126.4346054220   17.2910000000
37.2186322130   126.4346068860   17.2810000000
37.2186322130   126.4346068860   17.2810000000
37.2186337680   126.4346083500   17.2710000000
37.2186337680   126.4346083500   17.2710000000
37.2186353240   126.4346098150   17.2600000000
37.2186353240   126.4346098150   17.2600000000
37.2186368900   126.4346113150   17.2490000000
37.2186368900   126.4346113150   17.2490000000
37.2186384510   126.4346127820   17.2380000000
37.2186384510   126.4346127820   17.2380000000
37.2186400110   126.4346142490   17.2280000000
37.2186400110   126.4346142490   17.2280000000
37.2186415740   126.4346157150   17.2170000000
37.2186415740   126.4346157150   17.2170000000
37.2186431380   126.4346171830   17.2070000000
37.2186431380   126.4346171830   17.2070000000
37.2186447030   126.4346186520   17.1960000000
37.2186447030   126.4346186520   17.1960000000
37.2186462690   126.4346201210   17.1860000000
37.2186462690   126.4346201210   17.1860000000
37.2186478350   126.4346215910   17.1760000000
37.2186478350   126.4346215910   17.1760000000
37.2186494030   126.4346230600   17.1660000000
37.2186494030   126.4346230600   17.1660000000
37.2186509730   126.4346245310   17.1550000000
37.2186509730   126.4346245310   17.1550000000
37.2186525360   126.4346259860   17.1430000000
37.2186525360   126.4346259860   17.1430000000
37.2186541090   126.4346274590   17.1330000000
37.2186541090   126.4346274590   17.1330000000
37.2186556830   126.4346289320   17.1240000000
37.2186556830   126.4346289320   17.1240000000
37.2186572580   126.4346304060   17.1140000000
37.2186572580   126.4346304060   17.1140000000
37.2186588340   126.4346318800   17.1040000000
37.2186588340   126.4346318800   17.1040000000
37.2186604100   126.4346333530   17.0940000000
37.2186604100   126.4346333530   17.0940000000
37.2186619860   126.4346348260   17.0840000000
37.2186619860   126.4346348260   17.0840000000
37.2186635630   126.4346363000   17.0740000000
37.2186635630   126.4346363000   17.0740000000
37.2186651400   126.4346377740   17.0640000000
37.2186651400   126.4346377740   17.0640000000
37.2186667190   126.4346392490   17.0540000000
37.2186667190   126.4346392490   17.0540000000
37.2186682790   126.4346407100   17.0480000000
37.2186682790   126.4346407100   17.0480000000
37.2186698570   126.4346421870   17.0380000000
37.2186698570   126.4346421870   17.0380000000
37.2186714350   126.4346436620   17.0270000000
37.2186714350   126.4346436620   17.0270000000
37.2186730130   126.4346451390   17.0150000000
37.2186730130   126.4346451390   17.0150000000
37.2186745910   126.4346466150   17.0040000000
37.2186745910   126.4346466150   17.0040000000
37.2186761680   126.4346480910   16.9930000000
37.2186761680   126.4346480910   16.9930000000
37.2186777450   126.4346495670   16.9820000000
37.2186777450   126.4346495670   16.9820000000
37.2186793200   126.4346510430   16.9710000000
37.2186793200   126.4346510430   16.9710000000
37.2186808940   126.4346525190   16.9610000000
37.2186808940   126.4346525190   16.9610000000
37.2186824680   126.4346539940   16.9510000000
37.2186824680   126.4346539940   16.9510000000
37.2186840420   126.4346554620   16.9400000000
37.2186840420   126.4346554620   16.9400000000
37.2186856130   126.4346569340   16.9300000000
37.2186856130   126.4346569340   16.9300000000
37.2186871830   126.4346584050   16.9200000000
37.2186871830   126.4346584050   16.9200000000
37.2186887530   126.4346598750   16.9100000000
37.2186887530   126.4346598750   16.9100000000
37.2186903210   126.4346613450   16.8990000000
37.2186903210   126.4346613450   16.8990000000
37.2186918880   126.4346628120   16.8890000000
37.2186918880   126.4346628120   16.8890000000
37.2186934550   126.4346642780   16.8790000000
37.2186934550   126.4346642780   16.8790000000
37.2186950210   126.4346657430   16.8680000000
37.2186950210   126.4346657430   16.8680000000
37.2186965860   126.4346672100   16.8580000000
37.2186965860   126.4346672100   16.8580000000
37.2186981500   126.4346686760   16.8470000000
37.2186981500   126.4346686760   16.8470000000
37.2186996830   126.4346701400   16.8600000000
37.2186996830   126.4346701400   16.8600000000
37.2187012400   126.4346716010   16.8500000000
37.2187012400   126.4346716010   16.8500000000
37.2187027950   126.4346730610   16.8400000000
37.2187027950   126.4346730610   16.8400000000
37.2187043480   126.4346745200   16.8300000000
37.2187043480   126.4346745200   16.8300000000
37.2187059000   126.4346759790   16.8200000000
37.2187059000   126.4346759790   16.8200000000
37.2187074500   126.4346774380   16.8090000000
37.2187074500   126.4346774380   16.8090000000
37.2187089980   126.4346788950   16.7980000000
37.2187089980   126.4346788950   16.7980000000
37.2187120900   126.4346818050   16.7780000000
37.2187120900   126.4346818050   16.7780000000
37.2187120900   126.4346818050   16.7780000000
37.2187120900   126.4346818050   16.7780000000
37.2187136320   126.4346832580   16.7670000000
37.2187136320   126.4346832580   16.7670000000
37.2187151920   126.4346847370   16.7680000000
37.2187151920   126.4346847370   16.7680000000
37.2187167360   126.4346861910   16.7580000000
37.2187167360   126.4346861910   16.7580000000
37.2187182760   126.4346876430   16.7480000000
37.2187182760   126.4346876430   16.7480000000
37.2187198150   126.4346890920   16.7380000000
37.2187198150   126.4346890920   16.7380000000
37.2187213520   126.4346905410   16.7280000000
37.2187213520   126.4346905410   16.7280000000
37.2187228880   126.4346919900   16.7180000000
37.2187228880   126.4346919900   16.7180000000
37.2187244230   126.4346934370   16.7080000000
37.2187244230   126.4346934370   16.7080000000
37.2187259580   126.4346948830   16.6980000000
37.2187259580   126.4346948830   16.6980000000
37.2187274920   126.4346963280   16.6880000000
37.2187274920   126.4346963280   16.6880000000
37.2187290250   126.4346977720   16.6770000000
37.2187290250   126.4346977720   16.6770000000
37.2187305850   126.4346992350   16.6680000000
37.2187305850   126.4346992350   16.6680000000
37.2187321190   126.4347006810   16.6570000000
37.2187321190   126.4347006810   16.6570000000
37.2187336520   126.4347021250   16.6470000000
37.2187336520   126.4347021250   16.6470000000
37.2187351830   126.4347035690   16.6370000000
37.2187351830   126.4347035690   16.6370000000
37.2187367120   126.4347050120   16.6270000000
37.2187367120   126.4347050120   16.6270000000
37.2187382400   126.4347064540   16.6170000000
37.2187382400   126.4347064540   16.6170000000
37.2187397650   126.4347078960   16.6070000000
37.2187397650   126.4347078960   16.6070000000
37.2187412890   126.4347093360   16.5970000000
37.2187412890   126.4347093360   16.5970000000
37.2187428120   126.4347107760   16.5860000000
37.2187428120   126.4347107760   16.5860000000
37.2187458580   126.4347136520   16.5660000000
37.2187458580   126.4347136520   16.5660000000
37.2187458580   126.4347136520   16.5660000000
37.2187458580   126.4347136520   16.5660000000
37.2187473640   126.4347150820   16.5610000000
37.2187473640   126.4347150820   16.5610000000
37.2187488820   126.4347165190   16.5500000000
37.2187488820   126.4347165190   16.5500000000
37.2187503980   126.4347179550   16.5410000000
37.2187503980   126.4347179550   16.5410000000
37.2187519150   126.4347193890   16.5300000000
37.2187519150   126.4347193890   16.5300000000
37.2187534310   126.4347208240   16.5200000000
37.2187534310   126.4347208240   16.5200000000
37.2187549460   126.4347222590   16.5100000000
37.2187549460   126.4347222590   16.5100000000
37.2187579740   126.4347251270   16.4900000000
37.2187579740   126.4347251270   16.4900000000
37.2187579740   126.4347251270   16.4900000000
37.2187579740   126.4347251270   16.4900000000
37.2187594870   126.4347265590   16.4800000000
37.2187594870   126.4347265590   16.4800000000
37.2187609840   126.4347279710   16.4740000000
37.2187609840   126.4347279710   16.4740000000
37.2187624930   126.4347293990   16.4650000000
37.2187624930   126.4347293990   16.4650000000
37.2187640020   126.4347308290   16.4550000000
37.2187640020   126.4347308290   16.4550000000
37.2187655110   126.4347322570   16.4450000000
37.2187655110   126.4347322570   16.4450000000
37.2187670200   126.4347336870   16.4350000000
37.2187670200   126.4347336870   16.4350000000
37.2187685300   126.4347351190   16.4250000000
37.2187685300   126.4347351190   16.4250000000
37.2187700410   126.4347365510   16.4150000000
37.2187700410   126.4347365510   16.4150000000
37.2187715540   126.4347379840   16.4040000000
37.2187715540   126.4347379840   16.4040000000
37.2187730670   126.4347394190   16.3940000000
37.2187730670   126.4347394190   16.3940000000
37.2187745820   126.4347408540   16.3830000000
37.2187745820   126.4347408540   16.3830000000
37.2187760630   126.4347422730   16.3730000000
37.2187760630   126.4347422730   16.3730000000
37.2187775760   126.4347437040   16.3620000000
37.2187775760   126.4347437040   16.3620000000
37.2187790880   126.4347451350   16.3510000000
37.2187790880   126.4347451350   16.3510000000
37.2187806010   126.4347465670   16.3400000000
37.2187806010   126.4347465670   16.3400000000
37.2187821150   126.4347479980   16.3290000000
37.2187821150   126.4347479980   16.3290000000
37.2187836300   126.4347494310   16.3180000000
37.2187836300   126.4347494310   16.3180000000
37.2187851470   126.4347508630   16.3070000000
37.2187851470   126.4347508630   16.3070000000
37.2187866670   126.4347522960   16.2960000000
37.2187866670   126.4347522960   16.2960000000
37.2187881870   126.4347537300   16.2850000000
37.2187881870   126.4347537300   16.2850000000
37.2187897100   126.4347551650   16.2740000000
37.2187897100   126.4347551650   16.2740000000
37.2187912680   126.4347566150   16.2740000000
37.2187912680   126.4347566150   16.2740000000
37.2187927940   126.4347580490   16.2630000000
37.2187927940   126.4347580490   16.2630000000
37.2187943220   126.4347594840   16.2530000000
37.2187943220   126.4347594840   16.2530000000
37.2187973810   126.4347623560   16.2320000000
37.2187973810   126.4347623560   16.2320000000
37.2187989120   126.4347637920   16.2220000000
37.2187989120   126.4347637920   16.2220000000
37.2188004460   126.4347652310   16.2120000000
37.2188004460   126.4347652310   16.2120000000
37.2188019800   126.4347666690   16.2010000000
37.2188019800   126.4347666690   16.2010000000
37.2188035170   126.4347681070   16.1910000000
37.2188035170   126.4347681070   16.1910000000
37.2188050540   126.4347695480   16.1810000000
37.2188050540   126.4347695480   16.1810000000
37.2188065950   126.4347709980   16.1750000000
37.2188065950   126.4347709980   16.1750000000
37.2188081370   126.4347724400   16.1650000000
37.2188081370   126.4347724400   16.1650000000
37.2188096820   126.4347738840   16.1540000000
37.2188096820   126.4347738840   16.1540000000
37.2188112300   126.4347753300   16.1440000000
37.2188112300   126.4347753300   16.1440000000
37.2188127790   126.4347767770   16.1330000000
37.2188127790   126.4347767770   16.1330000000
37.2188158830   126.4347796750   16.1130000000
37.2188158830   126.4347796750   16.1130000000
37.2188158830   126.4347796750   16.1130000000
37.2188158830   126.4347796750   16.1130000000
37.2188174370   126.4347811260   16.1030000000
37.2188174370   126.4347811260   16.1030000000
37.2188189930   126.4347825780   16.0920000000
37.2188189930   126.4347825780   16.0920000000
37.2188205500   126.4347840310   16.0830000000
37.2188205500   126.4347840310   16.0830000000
37.2188220850   126.4347854930   16.0710000000
37.2188220850   126.4347854930   16.0710000000
37.2188236400   126.4347869460   16.0610000000
37.2188236400   126.4347869460   16.0610000000
37.2188251950   126.4347884010   16.0520000000
37.2188251950   126.4347884010   16.0520000000
37.2188251950   126.4347884010   16.0520000000
37.2188251950   126.4347884010   16.0520000000
37.2188283120   126.4347913130   16.0320000000
37.2188283120   126.4347913130   16.0320000000
37.2188298720   126.4347927710   16.0230000000
37.2188298720   126.4347927710   16.0230000000
37.2188314320   126.4347942310   16.0130000000
37.2188314320   126.4347942310   16.0130000000
37.2188329940   126.4347956950   16.0040000000
37.2188329940   126.4347956950   16.0040000000
37.2188345570   126.4347971590   15.9940000000
37.2188345570   126.4347971590   15.9940000000
37.2188361220   126.4347986260   15.9830000000
37.2188361220   126.4347986260   15.9830000000
37.2188377250   126.4348000880   15.9660000000
37.2188377250   126.4348000880   15.9660000000
37.2188392930   126.4348015560   15.9560000000
37.2188392930   126.4348015560   15.9560000000
37.2188408620   126.4348030250   15.9470000000
37.2188408620   126.4348030250   15.9470000000
37.2188424320   126.4348044950   15.9370000000
37.2188424320   126.4348044950   15.9370000000
37.2188440030   126.4348059670   15.9270000000
37.2188440030   126.4348059670   15.9270000000
37.2188455740   126.4348074390   15.9170000000
37.2188455740   126.4348074390   15.9170000000
37.2188471460   126.4348089120   15.9070000000
37.2188471460   126.4348089120   15.9070000000
37.2188487180   126.4348103870   15.8970000000
37.2188487180   126.4348103870   15.8970000000
37.2188502910   126.4348118620   15.8870000000
37.2188502910   126.4348118620   15.8870000000
37.2188518650   126.4348133390   15.8770000000
37.2188518650   126.4348133390   15.8770000000
37.2188534240   126.4348147850   15.8820000000
37.2188534240   126.4348147850   15.8820000000
37.2188549980   126.4348162620   15.8730000000
37.2188549980   126.4348162620   15.8730000000
37.2188565720   126.4348177410   15.8630000000
37.2188565720   126.4348177410   15.8630000000
37.2188581460   126.4348192220   15.8540000000
37.2188581460   126.4348192220   15.8540000000
37.2188597200   126.4348207010   15.8450000000
37.2188597200   126.4348207010   15.8450000000
37.2188628710   126.4348236660   15.8280000000
37.2188628710   126.4348236660   15.8280000000
37.2188660240   126.4348266350   15.8100000000
37.2188660240   126.4348266350   15.8100000000
37.2188692200   126.4348296260   15.7890000000
37.2188692200   126.4348296260   15.7890000000
37.2188708020   126.4348311150   15.7810000000
37.2188708020   126.4348311150   15.7810000000
37.2188739690   126.4348340980   15.7630000000
37.2188739690   126.4348340980   15.7630000000
37.2188755530   126.4348355900   15.7550000000
37.2188755530   126.4348355900   15.7550000000
37.2188771370   126.4348370820   15.7470000000
37.2188771370   126.4348370820   15.7470000000
37.2188787220   126.4348385750   15.7390000000
37.2188787220   126.4348385750   15.7390000000
37.2188803070   126.4348400680   15.7300000000
37.2188803070   126.4348400680   15.7300000000
37.2188818920   126.4348415620   15.7220000000
37.2188818920   126.4348415620   15.7220000000
37.2188834780   126.4348430570   15.7150000000
37.2188834780   126.4348430570   15.7150000000
37.2188850900   126.4348445750   15.7000000000
37.2188850900   126.4348445750   15.7000000000
37.2188866760   126.4348460710   15.6920000000
37.2188866760   126.4348460710   15.6920000000
37.2188898460   126.4348490640   15.6760000000
37.2188898460   126.4348490640   15.6760000000
37.2188914310   126.4348505610   15.6680000000
37.2188914310   126.4348505610   15.6680000000
37.2188930160   126.4348520600   15.6610000000
37.2188930160   126.4348520600   15.6610000000
37.2188946020   126.4348535580   15.6530000000
37.2188946020   126.4348535580   15.6530000000
37.2188961890   126.4348550560   15.6460000000
37.2188961890   126.4348550560   15.6460000000
37.2188977750   126.4348565550   15.6380000000
37.2188977750   126.4348565550   15.6380000000
37.2188993620   126.4348580540   15.6310000000
37.2188993620   126.4348580540   15.6310000000
37.2189009750   126.4348595630   15.6250000000
37.2189009750   126.4348595630   15.6250000000
37.2189025670   126.4348610650   15.6180000000
37.2189025670   126.4348610650   15.6180000000
37.2189041590   126.4348625670   15.6100000000
37.2189041590   126.4348625670   15.6100000000
37.2189073440   126.4348655720   15.5950000000
37.2189073440   126.4348655720   15.5950000000
37.2189073440   126.4348655720   15.5950000000
37.2189073440   126.4348655720   15.5950000000
37.2189089370   126.4348670740   15.5880000000
37.2189089370   126.4348670740   15.5880000000
37.2189105300   126.4348685760   15.5810000000
37.2189105300   126.4348685760   15.5810000000
37.2189121220   126.4348700780   15.5730000000
37.2189121220   126.4348700780   15.5730000000
37.2189153090   126.4348730800   15.5590000000
37.2189153090   126.4348730800   15.5590000000
37.2189168710   126.4348745540   15.5580000000
37.2189168710   126.4348745540   15.5580000000
37.2189200530   126.4348775510   15.5440000000
37.2189200530   126.4348775510   15.5440000000
37.2189216450   126.4348790490   15.5370000000
37.2189216450   126.4348790490   15.5370000000
37.2189248280   126.4348820460   15.5240000000
37.2189248280   126.4348820460   15.5240000000
37.2189280100   126.4348850430   15.5100000000
37.2189280100   126.4348850430   15.5100000000
37.2189311940   126.4348880420   15.4960000000
37.2189311940   126.4348880420   15.4960000000
37.2189343630   126.4348910390   15.4900000000
37.2189343630   126.4348910390   15.4900000000
37.2189343630   126.4348910390   15.4900000000
37.2189343630   126.4348910390   15.4900000000
37.2189359510   126.4348925360   15.4840000000
37.2189359510   126.4348925360   15.4840000000
37.2189391260   126.4348955270   15.4720000000
37.2189391260   126.4348955270   15.4720000000
37.2189422940   126.4348985120   15.4620000000
37.2189422940   126.4348985120   15.4620000000
37.2189454590   126.4349014920   15.4520000000
37.2189454590   126.4349014920   15.4520000000
37.2189486200   126.4349044680   15.4420000000
37.2189486200   126.4349044680   15.4420000000
37.2189502140   126.4349059300   15.4490000000
37.2189502140   126.4349059300   15.4490000000
37.2189533750   126.4349089060   15.4390000000
37.2189533750   126.4349089060   15.4390000000
37.2189549530   126.4349103920   15.4330000000
37.2189549530   126.4349103920   15.4330000000
37.2189565300   126.4349118760   15.4290000000
37.2189565300   126.4349118760   15.4290000000
37.2189596790   126.4349148410   15.4190000000
37.2189596790   126.4349148410   15.4190000000
37.2189628210   126.4349178010   15.4110000000
37.2189628210   126.4349178010   15.4110000000
37.2189628210   126.4349178010   15.4110000000
37.2189628210   126.4349178010   15.4110000000
37.2189659180   126.4349206610   15.4170000000
37.2189659180   126.4349206610   15.4170000000
37.2189659180   126.4349206610   15.4170000000
37.2189659180   126.4349206610   15.4170000000
37.2189690410   126.4349236030   15.4090000000
37.2189690410   126.4349236030   15.4090000000
37.2189706000   126.4349250710   15.4050000000
37.2189706000   126.4349250710   15.4050000000
37.2189737120   126.4349279980   15.3970000000
37.2189737120   126.4349279980   15.3970000000
37.2189768130   126.4349309140   15.3890000000
37.2189768130   126.4349309140   15.3890000000
37.2189783600   126.4349323690   15.3850000000
37.2189783600   126.4349323690   15.3850000000
37.2189815460   126.4349354740   15.3580000000
37.2189815460   126.4349354740   15.3580000000
37.2189815460   126.4349354740   15.3580000000
37.2189815460   126.4349354740   15.3580000000
37.2189830960   126.4349369360   15.3540000000
37.2189830960   126.4349369360   15.3540000000
37.2189861910   126.4349398530   15.3460000000
37.2189861910   126.4349398530   15.3460000000
37.2189892800   126.4349427620   15.3380000000
37.2189892800   126.4349427620   15.3380000000
37.2189892800   126.4349427620   15.3380000000
37.2189892800   126.4349427620   15.3380000000
37.2189908210   126.4349442120   15.3350000000
37.2189908210   126.4349442120   15.3350000000
37.2189923590   126.4349456600   15.3320000000
37.2189923590   126.4349456600   15.3320000000
37.2189938940   126.4349471060   15.3290000000
37.2189938940   126.4349471060   15.3290000000
37.2189953310   126.4349484600   15.3260000000
37.2189953310   126.4349484600   15.3260000000
37.2189983790   126.4349513300   15.3210000000
37.2189983790   126.4349513300   15.3210000000
37.2189998990   126.4349527620   15.3180000000
37.2189998990   126.4349527620   15.3180000000
37.2190014170   126.4349541920   15.3150000000
37.2190014170   126.4349541920   15.3150000000
37.2190014170   126.4349541920   15.3150000000
37.2190014170   126.4349541920   15.3150000000
37.2190029330   126.4349556190   15.3120000000
37.2190029330   126.4349556190   15.3120000000
37.2190059600   126.4349584700   15.3060000000
37.2190059600   126.4349584700   15.3060000000
37.2190074690   126.4349598930   15.3030000000
37.2190074690   126.4349598930   15.3030000000
37.2190089760   126.4349613130   15.3000000000
37.2190089760   126.4349613130   15.3000000000
37.2190105000   126.4349627400   15.3030000000
37.2190105000   126.4349627400   15.3030000000
37.2190135130   126.4349655780   15.2970000000
37.2190135130   126.4349655780   15.2970000000
37.2190150170   126.4349669930   15.2940000000
37.2190150170   126.4349669930   15.2940000000
37.2190180130   126.4349698200   15.2880000000
37.2190180130   126.4349698200   15.2880000000
37.2190210010   126.4349726380   15.2820000000
37.2190210010   126.4349726380   15.2820000000
37.2190239790   126.4349754500   15.2760000000
37.2190239790   126.4349754500   15.2760000000
37.2190268690   126.4349781880   15.2810000000
37.2190268690   126.4349781880   15.2810000000
37.2190298160   126.4349809700   15.2740000000
37.2190298160   126.4349809700   15.2740000000
37.2190327550   126.4349837420   15.2680000000
37.2190327550   126.4349837420   15.2680000000
37.2190356820   126.4349865060   15.2620000000
37.2190356820   126.4349865060   15.2620000000
37.2190386010   126.4349892590   15.2560000000
37.2190386010   126.4349892590   15.2560000000
37.2190400330   126.4349906020   15.2570000000
37.2190400330   126.4349906020   15.2570000000
37.2190414840   126.4349919700   15.2540000000
37.2190414840   126.4349919700   15.2540000000
37.2190429320   126.4349933360   15.2520000000
37.2190429320   126.4349933360   15.2520000000
37.2190458200   126.4349960610   15.2470000000
37.2190458200   126.4349960610   15.2470000000
37.2190472590   126.4349974180   15.2450000000
37.2190472590   126.4349974180   15.2450000000
37.2190486940   126.4349987710   15.2430000000
37.2190486940   126.4349987710   15.2430000000
37.2190501240   126.4350001220   15.2410000000
37.2190501240   126.4350001220   15.2410000000
37.2190515500   126.4350014680   15.2390000000
37.2190515500   126.4350014680   15.2390000000
37.2190529720   126.4350028100   15.2370000000
37.2190529720   126.4350028100   15.2370000000
37.2190557510   126.4350054770   15.2400000000
37.2190557510   126.4350054770   15.2400000000
37.2190571610   126.4350068060   15.2380000000
37.2190571610   126.4350068060   15.2380000000
37.2190585650   126.4350081310   15.2350000000
37.2190585650   126.4350081310   15.2350000000
37.2190599630   126.4350094510   15.2330000000
37.2190599630   126.4350094510   15.2330000000
37.2190613550   126.4350107650   15.2300000000
37.2190613550   126.4350107650   15.2300000000
37.2190627420   126.4350120740   15.2280000000
37.2190627420   126.4350120740   15.2280000000
37.2190641250   126.4350133800   15.2260000000
37.2190641250   126.4350133800   15.2260000000
37.2190655020   126.4350146810   15.2230000000
37.2190655020   126.4350146810   15.2230000000
37.2190668740   126.4350159780   15.2210000000
37.2190668740   126.4350159780   15.2210000000
37.2190682210   126.4350173000   15.2210000000
37.2190682210   126.4350173000   15.2210000000
37.2190682210   126.4350173000   15.2210000000
37.2190682210   126.4350173000   15.2210000000
37.2190709530   126.4350198830   15.2160000000
37.2190709530   126.4350198830   15.2160000000
37.2190736690   126.4350224530   15.2110000000
37.2190736690   126.4350224530   15.2110000000
37.2190763690   126.4350250100   15.2070000000
37.2190763690   126.4350250100   15.2070000000
37.2190777140   126.4350262820   15.2040000000
37.2190777140   126.4350262820   15.2040000000
37.2190790550   126.4350275500   15.2010000000
37.2190790550   126.4350275500   15.2010000000
37.2190803930   126.4350288120   15.1980000000
37.2190803930   126.4350288120   15.1980000000
37.2190803930   126.4350288120   15.1980000000
37.2190803930   126.4350288120   15.1980000000
37.2190816430   126.4350299890   15.2010000000
37.2190816430   126.4350299890   15.2010000000
37.2190842790   126.4350324770   15.1960000000
37.2190842790   126.4350324770   15.1960000000
37.2190855890   126.4350337130   15.1940000000
37.2190855890   126.4350337130   15.1940000000
37.2190868940   126.4350349440   15.1930000000
37.2190868940   126.4350349440   15.1930000000
37.2190881930   126.4350361700   15.1910000000
37.2190881930   126.4350361700   15.1910000000
37.2190894880   126.4350373920   15.1900000000
37.2190894880   126.4350373920   15.1900000000
37.2190907810   126.4350386100   15.1890000000
37.2190907810   126.4350386100   15.1890000000
37.2190920690   126.4350398260   15.1890000000
37.2190920690   126.4350398260   15.1890000000
37.2190933530   126.4350410380   15.1880000000
37.2190933530   126.4350410380   15.1880000000
37.2190945680   126.4350421650   15.2010000000
37.2190945680   126.4350421650   15.2010000000
37.2190958420   126.4350433680   15.2000000000
37.2190958420   126.4350433680   15.2000000000
37.2190971140   126.4350445670   15.1980000000
37.2190971140   126.4350445670   15.1980000000
37.2190983810   126.4350457630   15.1960000000
37.2190983810   126.4350457630   15.1960000000
37.2190996430   126.4350469540   15.1930000000
37.2190996430   126.4350469540   15.1930000000
37.2191009000   126.4350481420   15.1900000000
37.2191009000   126.4350481420   15.1900000000
37.2191021530   126.4350493260   15.1880000000
37.2191021530   126.4350493260   15.1880000000
37.2191034010   126.4350505080   15.1860000000
37.2191034010   126.4350505080   15.1860000000
37.2191058830   126.4350528610   15.1830000000
37.2191058830   126.4350528610   15.1830000000
37.2191058830   126.4350528610   15.1830000000
37.2191058830   126.4350528610   15.1830000000
37.2191083240   126.4350551780   15.1850000000
37.2191083240   126.4350551780   15.1850000000
37.2191083240   126.4350551780   15.1850000000
37.2191083240   126.4350551780   15.1850000000
37.2191107670   126.4350574990   15.1810000000
37.2191107670   126.4350574990   15.1810000000
37.2191119800   126.4350586510   15.1790000000
37.2191119800   126.4350586510   15.1790000000
37.2191143930   126.4350609410   15.1750000000
37.2191143930   126.4350609410   15.1750000000
37.2191155920   126.4350620790   15.1740000000
37.2191155920   126.4350620790   15.1740000000
37.2191167880   126.4350632140   15.1720000000
37.2191167880   126.4350632140   15.1720000000
37.2191179790   126.4350643450   15.1710000000
37.2191179790   126.4350643450   15.1710000000
37.2191191370   126.4350654620   15.1770000000
37.2191191370   126.4350654620   15.1770000000
37.2191203220   126.4350665860   15.1760000000
37.2191203220   126.4350665860   15.1760000000
37.2191215030   126.4350677090   15.1740000000
37.2191215030   126.4350677090   15.1740000000
37.2191226790   126.4350688270   15.1720000000
37.2191226790   126.4350688270   15.1720000000
37.2191238500   126.4350699390   15.1710000000
37.2191238500   126.4350699390   15.1710000000
37.2191250170   126.4350710480   15.1700000000
37.2191250170   126.4350710480   15.1700000000
37.2191261790   126.4350721550   15.1690000000
37.2191261790   126.4350721550   15.1690000000
37.2191273360   126.4350732580   15.1680000000
37.2191273360   126.4350732580   15.1680000000
37.2191284910   126.4350743580   15.1670000000
37.2191284910   126.4350743580   15.1670000000
37.2191296410   126.4350754550   15.1650000000
37.2191296410   126.4350754550   15.1650000000
37.2191318720   126.4350775760   15.1670000000
37.2191318720   126.4350775760   15.1670000000
37.2191318720   126.4350775760   15.1670000000
37.2191318720   126.4350775760   15.1670000000
37.2191330050   126.4350786540   15.1660000000
37.2191330050   126.4350786540   15.1660000000
37.2191352580   126.4350808000   15.1630000000
37.2191352580   126.4350808000   15.1630000000
37.2191374920   126.4350829280   15.1610000000
37.2191374920   126.4350829280   15.1610000000
37.2191386040   126.4350839860   15.1600000000
37.2191386040   126.4350839860   15.1600000000
37.2191408190   126.4350860890   15.1580000000
37.2191408190   126.4350860890   15.1580000000
37.2191418750   126.4350870650   15.1610000000
37.2191418750   126.4350870650   15.1610000000
37.2191429720   126.4350881050   15.1610000000
37.2191429720   126.4350881050   15.1610000000
37.2191440670   126.4350891410   15.1600000000
37.2191440670   126.4350891410   15.1600000000
37.2191451600   126.4350901710   15.1590000000
37.2191451600   126.4350901710   15.1590000000
37.2191462510   126.4350912000   15.1590000000
37.2191462510   126.4350912000   15.1590000000
37.2191473410   126.4350922250   15.1580000000
37.2191473410   126.4350922250   15.1580000000
37.2191484300   126.4350932490   15.1560000000
37.2191484300   126.4350932490   15.1560000000
37.2191495170   126.4350942690   15.1550000000
37.2191495170   126.4350942690   15.1550000000
37.2191506030   126.4350952860   15.1530000000
37.2191506030   126.4350952860   15.1530000000
37.2191516870   126.4350963000   15.1520000000
37.2191516870   126.4350963000   15.1520000000
37.2191527340   126.4350972960   15.1610000000
37.2191527340   126.4350972960   15.1610000000
37.2191538140   126.4350983050   15.1600000000
37.2191538140   126.4350983050   15.1600000000
37.2191548950   126.4350993100   15.1580000000
37.2191548950   126.4350993100   15.1580000000
37.2191559740   126.4351003120   15.1560000000
37.2191559740   126.4351003120   15.1560000000
37.2191570540   126.4351013110   15.1550000000
37.2191570540   126.4351013110   15.1550000000
37.2191592100   126.4351033050   15.1520000000
37.2191592100   126.4351033050   15.1520000000
37.2191613620   126.4351052920   15.1490000000
37.2191613620   126.4351052920   15.1490000000
37.2191634710   126.4351072110   15.1470000000
37.2191634710   126.4351072110   15.1470000000
37.2191645410   126.4351081950   15.1450000000
37.2191645410   126.4351081950   15.1450000000
37.2191656090   126.4351091760   15.1440000000
37.2191656090   126.4351091760   15.1440000000
37.2191666760   126.4351101530   15.1430000000
37.2191666760   126.4351101530   15.1430000000
37.2191677410   126.4351111280   15.1430000000
37.2191677410   126.4351111280   15.1430000000
37.2191698670   126.4351130660   15.1420000000
37.2191698670   126.4351130660   15.1420000000
37.2191709290   126.4351140300   15.1410000000
37.2191709290   126.4351140300   15.1410000000
37.2191719900   126.4351149890   15.1400000000
37.2191719900   126.4351149890   15.1400000000
37.2191730500   126.4351159440   15.1380000000
37.2191730500   126.4351159440   15.1380000000
37.2191751710   126.4351178850   15.1460000000
37.2191751710   126.4351178850   15.1460000000
37.2191762270   126.4351188250   15.1450000000
37.2191762270   126.4351188250   15.1450000000
37.2191783390   126.4351206850   15.1430000000
37.2191783390   126.4351206850   15.1430000000
37.2191783390   126.4351206850   15.1430000000
37.2191783390   126.4351206850   15.1430000000
37.2191804500   126.4351225150   15.1410000000
37.2191804500   126.4351225150   15.1410000000
37.2191815060   126.4351234170   15.1410000000
37.2191815060   126.4351234170   15.1410000000
37.2191825610   126.4351243110   15.1400000000
37.2191825610   126.4351243110   15.1400000000
37.2191825610   126.4351243110   15.1400000000
37.2191825610   126.4351243110   15.1400000000
37.2191845930   126.4351260290   15.1370000000
37.2191845930   126.4351260290   15.1370000000
37.2191856400   126.4351268970   15.1360000000
37.2191856400   126.4351268970   15.1360000000
37.2191866860   126.4351277560   15.1360000000
37.2191866860   126.4351277560   15.1360000000
37.2191877290   126.4351286060   15.1370000000
37.2191877290   126.4351286060   15.1370000000
37.2191887720   126.4351294470   15.1370000000
37.2191887720   126.4351294470   15.1370000000
37.2191887720   126.4351294470   15.1370000000
37.2191887720   126.4351294470   15.1370000000
37.2191908550   126.4351311040   15.1370000000
37.2191908550   126.4351311040   15.1370000000
37.2191918960   126.4351319210   15.1370000000
37.2191918960   126.4351319210   15.1370000000
37.2191929370   126.4351327290   15.1380000000
37.2191929370   126.4351327290   15.1380000000
37.2191939780   126.4351335280   15.1380000000
37.2191939780   126.4351335280   15.1380000000
37.2191939780   126.4351335280   15.1380000000
37.2191939780   126.4351335280   15.1380000000
37.2191960070   126.4351350620   15.1410000000
37.2191960070   126.4351350620   15.1410000000
37.2191970440   126.4351358260   15.1410000000
37.2191970440   126.4351358260   15.1410000000
37.2191980810   126.4351365790   15.1420000000
37.2191980810   126.4351365790   15.1420000000
37.2191991190   126.4351373190   15.1430000000
37.2191991190   126.4351373190   15.1430000000
37.2192011910   126.4351387680   15.1430000000
37.2192011910   126.4351387680   15.1430000000
37.2192022250   126.4351394770   15.1440000000
37.2192022250   126.4351394770   15.1440000000
37.2192032570   126.4351401750   15.1440000000
37.2192032570   126.4351401750   15.1440000000
37.2192032570   126.4351401750   15.1440000000
37.2192032570   126.4351401750   15.1440000000
37.2192053040   126.4351415430   15.1390000000
37.2192053040   126.4351415430   15.1390000000
37.2192063430   126.4351422090   15.1380000000
37.2192063430   126.4351422090   15.1380000000
37.2192073830   126.4351428620   15.1370000000
37.2192073830   126.4351428620   15.1370000000
37.2192084240   126.4351435010   15.1350000000
37.2192084240   126.4351435010   15.1350000000
37.2192094660   126.4351441240   15.1340000000
37.2192094660   126.4351441240   15.1340000000
37.2192115480   126.4351453260   15.1320000000
37.2192115480   126.4351453260   15.1320000000
37.2192125870   126.4351459050   15.1320000000
37.2192125870   126.4351459050   15.1320000000
37.2192136250   126.4351464720   15.1320000000
37.2192136250   126.4351464720   15.1320000000
37.2192146630   126.4351470250   15.1320000000
37.2192146630   126.4351470250   15.1320000000
37.2192166120   126.4351480070   15.1320000000
37.2192166120   126.4351480070   15.1320000000
37.2192176450   126.4351485140   15.1310000000
37.2192176450   126.4351485140   15.1310000000
37.2192186760   126.4351490100   15.1300000000
37.2192186760   126.4351490100   15.1300000000
37.2192197060   126.4351494950   15.1300000000
37.2192197060   126.4351494950   15.1300000000
37.2192197060   126.4351494950   15.1300000000
37.2192197060   126.4351494950   15.1300000000
37.2192217660   126.4351504250   15.1300000000
37.2192217660   126.4351504250   15.1300000000
37.2192227950   126.4351508690   15.1290000000
37.2192227950   126.4351508690   15.1290000000
37.2192238260   126.4351513020   15.1290000000
37.2192238260   126.4351513020   15.1290000000
37.2192248570   126.4351517230   15.1290000000
37.2192248570   126.4351517230   15.1290000000
37.2192258370   126.4351521040   15.1390000000
37.2192258370   126.4351521040   15.1390000000
37.2192268680   126.4351524960   15.1400000000
37.2192268680   126.4351524960   15.1400000000
37.2192278980   126.4351528800   15.1400000000
37.2192278980   126.4351528800   15.1400000000
37.2192289280   126.4351532500   15.1410000000
37.2192289280   126.4351532500   15.1410000000
37.2192299610   126.4351536060   15.1410000000
37.2192299610   126.4351536060   15.1410000000
37.2192320250   126.4351542730   15.1410000000
37.2192320250   126.4351542730   15.1410000000
37.2192330560   126.4351545870   15.1420000000
37.2192330560   126.4351545870   15.1420000000
37.2192340870   126.4351548850   15.1420000000
37.2192340870   126.4351548850   15.1420000000
37.2192351180   126.4351551680   15.1430000000
37.2192351180   126.4351551680   15.1430000000
37.2192351180   126.4351551680   15.1430000000
37.2192351180   126.4351551680   15.1430000000
37.2192361240   126.4351554550   15.1470000000
37.2192361240   126.4351554550   15.1470000000
37.2192381820   126.4351559590   15.1470000000
37.2192381820   126.4351559590   15.1470000000
37.2192392100   126.4351561910   15.1470000000
37.2192392100   126.4351561910   15.1470000000
37.2192402360   126.4351564100   15.1470000000
37.2192402360   126.4351564100   15.1470000000
37.2192422820   126.4351568050   15.1480000000
37.2192422820   126.4351568050   15.1480000000
37.2192433030   126.4351569810   15.1490000000
37.2192433030   126.4351569810   15.1490000000
37.2192433030   126.4351569810   15.1490000000
37.2192433030   126.4351569810   15.1490000000
37.2192433030   126.4351569810   15.1490000000
37.2192433030   126.4351569810   15.1490000000
37.2192463110   126.4351574080   15.1480000000
37.2192463110   126.4351574080   15.1480000000
37.2192463110   126.4351574080   15.1480000000
37.2192463110   126.4351574080   15.1480000000
37.2192483430   126.4351576230   15.1470000000
37.2192483430   126.4351576230   15.1470000000
37.2192493550   126.4351577080   15.1460000000
37.2192493550   126.4351577080   15.1460000000
37.2192503640   126.4351577770   15.1450000000
37.2192503640   126.4351577770   15.1450000000
37.2192523740   126.4351578690   15.1450000000
37.2192523740   126.4351578690   15.1450000000
37.2192533730   126.4351578950   15.1450000000
37.2192533730   126.4351578950   15.1450000000
37.2192543690   126.4351579080   15.1450000000
37.2192543690   126.4351579080   15.1450000000
37.2192553610   126.4351579080   15.1450000000
37.2192553610   126.4351579080   15.1450000000
37.2192553610   126.4351579080   15.1450000000
37.2192553610   126.4351579080   15.1450000000
37.2192573020   126.4351578640   15.1420000000
37.2192573020   126.4351578640   15.1420000000
37.2192582870   126.4351578230   15.1420000000
37.2192582870   126.4351578230   15.1420000000
37.2192592700   126.4351577660   15.1420000000
37.2192592700   126.4351577660   15.1420000000
37.2192602490   126.4351576950   15.1410000000
37.2192602490   126.4351576950   15.1410000000
37.2192621970   126.4351575140   15.1400000000
37.2192621970   126.4351575140   15.1400000000
37.2192631640   126.4351574030   15.1400000000
37.2192631640   126.4351574030   15.1400000000
37.2192631640   126.4351574030   15.1400000000
37.2192631640   126.4351574030   15.1400000000
37.2192650760   126.4351571460   15.1400000000
37.2192650760   126.4351571460   15.1400000000
37.2192660120   126.4351569630   15.1420000000
37.2192660120   126.4351569630   15.1420000000
37.2192669520   126.4351568070   15.1420000000
37.2192669520   126.4351568070   15.1420000000
37.2192678860   126.4351566410   15.1420000000
37.2192678860   126.4351566410   15.1420000000
37.2192678860   126.4351566410   15.1420000000
37.2192678860   126.4351566410   15.1420000000
37.2192697330   126.4351562760   15.1410000000
37.2192697330   126.4351562760   15.1410000000
37.2192715500   126.4351558680   15.1410000000
37.2192715500   126.4351558680   15.1410000000
37.2192724470   126.4351556460   15.1400000000
37.2192724470   126.4351556460   15.1400000000
37.2192733370   126.4351554130   15.1390000000
37.2192733370   126.4351554130   15.1390000000
37.2192742170   126.4351551720   15.1390000000
37.2192742170   126.4351551720   15.1390000000
37.2192751090   126.4351548860   15.1350000000
37.2192751090   126.4351548860   15.1350000000
37.2192759760   126.4351546250   15.1350000000
37.2192759760   126.4351546250   15.1350000000
37.2192768330   126.4351543520   15.1350000000
37.2192768330   126.4351543520   15.1350000000
37.2192776810   126.4351540690   15.1340000000
37.2192776810   126.4351540690   15.1340000000
37.2192785200   126.4351537810   15.1330000000
37.2192785200   126.4351537810   15.1330000000
37.2192793510   126.4351534870   15.1320000000
37.2192793510   126.4351534870   15.1320000000
37.2192801710   126.4351531850   15.1310000000
37.2192801710   126.4351531850   15.1310000000
37.2192809820   126.4351528760   15.1300000000
37.2192809820   126.4351528760   15.1300000000
37.2192817820   126.4351525620   15.1290000000
37.2192817820   126.4351525620   15.1290000000
37.2192825730   126.4351522420   15.1290000000
37.2192825730   126.4351522420   15.1290000000
37.2192833520   126.4351518900   15.1260000000
37.2192833520   126.4351518900   15.1260000000
37.2192841280   126.4351515560   15.1260000000
37.2192841280   126.4351515560   15.1260000000
37.2192848950   126.4351512160   15.1270000000
37.2192848950   126.4351512160   15.1270000000
37.2192856550   126.4351508690   15.1280000000
37.2192856550   126.4351508690   15.1280000000
37.2192864090   126.4351505160   15.1290000000
37.2192864090   126.4351505160   15.1290000000
37.2192879010   126.4351497960   15.1300000000
37.2192879010   126.4351497960   15.1300000000
37.2192886390   126.4351494300   15.1310000000
37.2192886390   126.4351494300   15.1310000000
37.2192893710   126.4351490570   15.1310000000
37.2192893710   126.4351490570   15.1310000000
37.2192900960   126.4351486780   15.1310000000
37.2192900960   126.4351486780   15.1310000000
37.2192915440   126.4351479270   15.1390000000
37.2192915440   126.4351479270   15.1390000000
37.2192922580   126.4351475340   15.1400000000
37.2192922580   126.4351475340   15.1400000000
37.2192929660   126.4351471350   15.1410000000
37.2192929660   126.4351471350   15.1410000000
37.2192936700   126.4351467320   15.1420000000
37.2192936700   126.4351467320   15.1420000000
37.2192950640   126.4351459140   15.1440000000
37.2192950640   126.4351459140   15.1440000000
37.2192957530   126.4351454990   15.1450000000
37.2192957530   126.4351454990   15.1450000000
37.2192964390   126.4351450790   15.1460000000
37.2192964390   126.4351450790   15.1460000000
37.2192971200   126.4351446560   15.1460000000
37.2192971200   126.4351446560   15.1460000000
37.2192977490   126.4351442260   15.1470000000
37.2192977490   126.4351442260   15.1470000000
37.2192984250   126.4351437970   15.1480000000
37.2192984250   126.4351437970   15.1480000000
37.2192990940   126.4351433650   15.1500000000
37.2192990940   126.4351433650   15.1500000000
37.2192997590   126.4351429300   15.1510000000
37.2192997590   126.4351429300   15.1510000000
37.2193004210   126.4351424900   15.1530000000
37.2193004210   126.4351424900   15.1530000000
37.2193010790   126.4351420440   15.1540000000
37.2193010790   126.4351420440   15.1540000000
37.2193017350   126.4351415950   15.1550000000
37.2193017350   126.4351415950   15.1550000000
37.2193023860   126.4351411430   15.1560000000
37.2193023860   126.4351411430   15.1560000000
37.2193030310   126.4351406890   15.1570000000
37.2193030310   126.4351406890   15.1570000000
37.2193036690   126.4351402340   15.1580000000
37.2193036690   126.4351402340   15.1580000000
37.2193036690   126.4351402340   15.1580000000
37.2193036690   126.4351402340   15.1580000000
37.2193049100   126.4351393000   15.1530000000
37.2193049100   126.4351393000   15.1530000000
37.2193055350   126.4351388400   15.1540000000
37.2193055350   126.4351388400   15.1540000000
37.2193061550   126.4351383780   15.1550000000
37.2193061550   126.4351383780   15.1550000000
37.2193067710   126.4351379130   15.1560000000
37.2193067710   126.4351379130   15.1560000000
37.2193067710   126.4351379130   15.1560000000
37.2193067710   126.4351379130   15.1560000000
37.2193079900   126.4351369800   15.1580000000
37.2193079900   126.4351369800   15.1580000000
37.2193079900   126.4351369800   15.1580000000
37.2193079900   126.4351369800   15.1580000000
37.2193091910   126.4351360410   15.1600000000
37.2193091910   126.4351360410   15.1600000000
37.2193097840   126.4351355660   15.1610000000
37.2193097840   126.4351355660   15.1610000000
37.2193103580   126.4351350480   15.1510000000
37.2193103580   126.4351350480   15.1510000000
37.2193109440   126.4351345640   15.1520000000
37.2193109440   126.4351345640   15.1520000000
37.2193115270   126.4351340770   15.1520000000
37.2193115270   126.4351340770   15.1520000000
37.2193121050   126.4351335890   15.1520000000
37.2193121050   126.4351335890   15.1520000000
37.2193126780   126.4351330990   15.1510000000
37.2193126780   126.4351330990   15.1510000000
37.2193138050   126.4351321130   15.1530000000
37.2193138050   126.4351321130   15.1530000000
37.2193143610   126.4351316160   15.1530000000
37.2193143610   126.4351316160   15.1530000000
37.2193149130   126.4351311180   15.1530000000
37.2193149130   126.4351311180   15.1530000000
37.2193154610   126.4351306220   15.1530000000
37.2193154610   126.4351306220   15.1530000000
37.2193159870   126.4351301810   15.1360000000
37.2193159870   126.4351301810   15.1360000000
37.2193165260   126.4351296810   15.1360000000
37.2193165260   126.4351296810   15.1360000000
37.2193170610   126.4351291810   15.1360000000
37.2193170610   126.4351291810   15.1360000000
37.2193175900   126.4351286820   15.1370000000
37.2193175900   126.4351286820   15.1370000000
37.2193181150   126.4351281820   15.1380000000
37.2193181150   126.4351281820   15.1380000000
37.2193186350   126.4351276810   15.1380000000
37.2193186350   126.4351276810   15.1380000000
37.2193196590   126.4351266740   15.1390000000
37.2193196590   126.4351266740   15.1390000000
37.2193201640   126.4351261710   15.1390000000
37.2193201640   126.4351261710   15.1390000000
37.2193206650   126.4351256680   15.1400000000
37.2193206650   126.4351256680   15.1400000000
37.2193211770   126.4351250970   15.1440000000
37.2193211770   126.4351250970   15.1440000000
37.2193216720   126.4351245890   15.1440000000
37.2193216720   126.4351245890   15.1440000000
37.2193221630   126.4351240810   15.1450000000
37.2193221630   126.4351240810   15.1450000000
37.2193226500   126.4351235740   15.1460000000
37.2193226500   126.4351235740   15.1460000000
37.2193231330   126.4351230670   15.1460000000
37.2193231330   126.4351230670   15.1460000000
37.2193236110   126.4351225580   15.1470000000
37.2193236110   126.4351225580   15.1470000000
37.2193240850   126.4351220480   15.1480000000
37.2193240850   126.4351220480   15.1480000000
37.2193245550   126.4351215370   15.1490000000
37.2193245550   126.4351215370   15.1490000000
37.2193250220   126.4351210260   15.1490000000
37.2193250220   126.4351210260   15.1490000000
37.2193254840   126.4351205140   15.1500000000
37.2193254840   126.4351205140   15.1500000000
37.2193259140   126.4351199800   15.1520000000
37.2193259140   126.4351199800   15.1520000000
37.2193268190   126.4351189550   15.1520000000
37.2193268190   126.4351189550   15.1520000000
37.2193272660   126.4351184450   15.1530000000
37.2193272660   126.4351184450   15.1530000000
37.2193277080   126.4351179350   15.1540000000
37.2193277080   126.4351179350   15.1540000000
37.2193281460   126.4351174250   15.1540000000
37.2193281460   126.4351174250   15.1540000000
37.2193285800   126.4351169160   15.1550000000
37.2193285800   126.4351169160   15.1550000000
37.2193290110   126.4351164070   15.1550000000
37.2193290110   126.4351164070   15.1550000000
37.2193294390   126.4351159000   15.1560000000
37.2193294390   126.4351159000   15.1560000000
37.2193298640   126.4351153940   15.1560000000
37.2193298640   126.4351153940   15.1560000000
37.2193302970   126.4351148580   15.1510000000
37.2193302970   126.4351148580   15.1510000000
37.2193307200   126.4351143510   15.1510000000
37.2193307200   126.4351143510   15.1510000000
37.2193311390   126.4351138460   15.1510000000
37.2193311390   126.4351138460   15.1510000000
37.2193315530   126.4351133410   15.1510000000
37.2193315530   126.4351133410   15.1510000000
37.2193319620   126.4351128360   15.1510000000
37.2193319620   126.4351128360   15.1510000000
37.2193323670   126.4351123310   15.1520000000
37.2193323670   126.4351123310   15.1520000000
37.2193327680   126.4351118260   15.1520000000
37.2193327680   126.4351118260   15.1520000000
37.2193331650   126.4351113220   15.1530000000
37.2193331650   126.4351113220   15.1530000000
37.2193335590   126.4351108190   15.1530000000
37.2193335590   126.4351108190   15.1530000000
37.2193339500   126.4351103170   15.1530000000
37.2193339500   126.4351103170   15.1530000000
37.2193343390   126.4351097910   15.1510000000
37.2193343390   126.4351097910   15.1510000000
37.2193347260   126.4351092890   15.1510000000
37.2193347260   126.4351092890   15.1510000000
37.2193351100   126.4351087890   15.1510000000
37.2193351100   126.4351087890   15.1510000000
37.2193354920   126.4351082900   15.1510000000
37.2193354920   126.4351082900   15.1510000000
37.2193358710   126.4351077930   15.1510000000
37.2193358710   126.4351077930   15.1510000000
37.2193362460   126.4351072960   15.1500000000
37.2193362460   126.4351072960   15.1500000000
37.2193362460   126.4351072960   15.1500000000
37.2193362460   126.4351072960   15.1500000000
37.2193362460   126.4351072960   15.1500000000
37.2193362460   126.4351072960   15.1500000000
37.2193373560   126.4351058130   15.1500000000
37.2193373560   126.4351058130   15.1500000000
37.2193377180   126.4351053220   15.1500000000
37.2193377180   126.4351053220   15.1500000000
37.2193380700   126.4351047750   15.1540000000
37.2193380700   126.4351047750   15.1540000000
37.2193384260   126.4351042820   15.1550000000
37.2193384260   126.4351042820   15.1550000000
37.2193387780   126.4351037890   15.1550000000
37.2193387780   126.4351037890   15.1550000000
37.2193391260   126.4351032970   15.1550000000
37.2193391260   126.4351032970   15.1550000000
37.2193394710   126.4351028080   15.1560000000
37.2193394710   126.4351028080   15.1560000000
37.2193401530   126.4351018320   15.1570000000
37.2193401530   126.4351018320   15.1570000000
37.2193404900   126.4351013450   15.1570000000
37.2193404900   126.4351013450   15.1570000000
37.2193408250   126.4351008590   15.1580000000
37.2193408250   126.4351008590   15.1580000000
37.2193411580   126.4351003750   15.1580000000
37.2193411580   126.4351003750   15.1580000000
37.2193418190   126.4350993880   15.1580000000
37.2193418190   126.4350993880   15.1580000000
37.2193421450   126.4350989010   15.1570000000
37.2193421450   126.4350989010   15.1570000000
37.2193424680   126.4350984150   15.1570000000
37.2193424680   126.4350984150   15.1570000000
37.2193427870   126.4350979300   15.1570000000
37.2193427870   126.4350979300   15.1570000000
37.2193431020   126.4350974470   15.1580000000
37.2193431020   126.4350974470   15.1580000000
37.2193431020   126.4350974470   15.1580000000
37.2193431020   126.4350974470   15.1580000000
37.2193437220   126.4350964850   15.1590000000
37.2193437220   126.4350964850   15.1590000000
37.2193440260   126.4350960050   15.1590000000
37.2193440260   126.4350960050   15.1590000000
37.2193443280   126.4350955270   15.1590000000
37.2193443280   126.4350955270   15.1590000000
37.2193446110   126.4350950500   15.1550000000
37.2193446110   126.4350950500   15.1550000000
37.2193449090   126.4350945740   15.1560000000
37.2193449090   126.4350945740   15.1560000000
37.2193452050   126.4350940990   15.1570000000
37.2193452050   126.4350940990   15.1570000000
37.2193454990   126.4350936260   15.1580000000
37.2193454990   126.4350936260   15.1580000000
37.2193457920   126.4350931560   15.1590000000
37.2193457920   126.4350931560   15.1590000000
37.2193460820   126.4350926860   15.1590000000
37.2193460820   126.4350926860   15.1590000000
37.2193463710   126.4350922170   15.1600000000
37.2193463710   126.4350922170   15.1600000000
37.2193466580   126.4350917490   15.1600000000
37.2193466580   126.4350917490   15.1600000000
37.2193469450   126.4350912820   15.1600000000
37.2193469450   126.4350912820   15.1600000000
37.2193472300   126.4350908160   15.1600000000
37.2193472300   126.4350908160   15.1600000000
37.2193475180   126.4350902600   15.1590000000
37.2193475180   126.4350902600   15.1590000000
37.2193478070   126.4350897940   15.1580000000
37.2193478070   126.4350897940   15.1580000000
37.2193480970   126.4350893310   15.1580000000
37.2193480970   126.4350893310   15.1580000000
37.2193483870   126.4350888700   15.1570000000
37.2193483870   126.4350888700   15.1570000000
37.2193486770   126.4350884120   15.1570000000
37.2193486770   126.4350884120   15.1570000000
37.2193486770   126.4350884120   15.1570000000
37.2193486770   126.4350884120   15.1570000000
37.2193492580   126.4350875060   15.1560000000
37.2193492580   126.4350875060   15.1560000000
37.2193495490   126.4350870590   15.1560000000
37.2193495490   126.4350870590   15.1560000000
37.2193498430   126.4350866180   15.1560000000
37.2193498430   126.4350866180   15.1560000000
37.2193501370   126.4350861810   15.1560000000
37.2193501370   126.4350861810   15.1560000000
37.2193504160   126.4350857590   15.1500000000
37.2193504160   126.4350857590   15.1500000000
37.2193507110   126.4350853290   15.1500000000
37.2193507110   126.4350853290   15.1500000000
37.2193510060   126.4350849000   15.1500000000
37.2193510060   126.4350849000   15.1500000000
37.2193513020   126.4350844730   15.1500000000
37.2193513020   126.4350844730   15.1500000000
37.2193515990   126.4350840470   15.1490000000
37.2193515990   126.4350840470   15.1490000000
37.2193518960   126.4350836220   15.1480000000
37.2193518960   126.4350836220   15.1480000000
37.2193521910   126.4350831990   15.1480000000
37.2193521910   126.4350831990   15.1480000000
37.2193524840   126.4350827760   15.1470000000
37.2193524840   126.4350827760   15.1470000000
37.2193527750   126.4350823540   15.1470000000
37.2193527750   126.4350823540   15.1470000000
37.2193530640   126.4350819320   15.1460000000
37.2193530640   126.4350819320   15.1460000000
37.2193533940   126.4350814520   15.1430000000
37.2193533940   126.4350814520   15.1430000000
37.2193536820   126.4350810220   15.1430000000
37.2193536820   126.4350810220   15.1430000000
37.2193539680   126.4350805930   15.1420000000
37.2193539680   126.4350805930   15.1420000000
37.2193542530   126.4350801650   15.1420000000
37.2193542530   126.4350801650   15.1420000000
37.2193545350   126.4350797390   15.1420000000
37.2193545350   126.4350797390   15.1420000000
37.2193545350   126.4350797390   15.1420000000
37.2193545350   126.4350797390   15.1420000000
37.2193550920   126.4350788910   15.1430000000
37.2193550920   126.4350788910   15.1430000000
37.2193553690   126.4350784680   15.1430000000
37.2193553690   126.4350784680   15.1430000000
37.2193556480   126.4350780450   15.1430000000
37.2193556480   126.4350780450   15.1430000000
37.2193559290   126.4350776220   15.1430000000
37.2193559290   126.4350776220   15.1430000000
37.2193561810   126.4350771850   15.1400000000
37.2193561810   126.4350771850   15.1400000000
37.2193564630   126.4350767640   15.1400000000
37.2193564630   126.4350767640   15.1400000000
37.2193567450   126.4350763430   15.1400000000
37.2193567450   126.4350763430   15.1400000000
37.2193570250   126.4350759220   15.1400000000
37.2193570250   126.4350759220   15.1400000000
37.2193573050   126.4350755000   15.1390000000
37.2193573050   126.4350755000   15.1390000000
37.2193578620   126.4350746530   15.1390000000
37.2193578620   126.4350746530   15.1390000000
37.2193581400   126.4350742280   15.1390000000
37.2193581400   126.4350742280   15.1390000000
37.2193584170   126.4350738010   15.1390000000
37.2193584170   126.4350738010   15.1390000000
37.2193586920   126.4350733720   15.1390000000
37.2193586920   126.4350733720   15.1390000000
37.2193589420   126.4350728770   15.1410000000
37.2193589420   126.4350728770   15.1410000000
37.2193592140   126.4350724440   15.1400000000
37.2193592140   126.4350724440   15.1400000000
37.2193594850   126.4350720110   15.1400000000
37.2193594850   126.4350720110   15.1400000000
37.2193597550   126.4350715790   15.1390000000
37.2193597550   126.4350715790   15.1390000000
37.2193600240   126.4350711470   15.1390000000
37.2193600240   126.4350711470   15.1390000000
37.2193602910   126.4350707150   15.1390000000
37.2193602910   126.4350707150   15.1390000000
37.2193605570   126.4350702850   15.1390000000
37.2193605570   126.4350702850   15.1390000000
37.2193608210   126.4350698540   15.1400000000
37.2193608210   126.4350698540   15.1400000000
37.2193610830   126.4350694240   15.1410000000
37.2193610830   126.4350694240   15.1410000000
37.2193613450   126.4350689940   15.1420000000
37.2193613450   126.4350689940   15.1420000000
37.2193616550   126.4350684610   15.1360000000
37.2193616550   126.4350684610   15.1360000000
37.2193619190   126.4350680260   15.1370000000
37.2193619190   126.4350680260   15.1370000000
37.2193621830   126.4350675900   15.1370000000
37.2193621830   126.4350675900   15.1370000000
37.2193624440   126.4350671540   15.1370000000
37.2193624440   126.4350671540   15.1370000000
37.2193627040   126.4350667170   15.1370000000
37.2193627040   126.4350667170   15.1370000000
37.2193629620   126.4350662820   15.1380000000
37.2193629620   126.4350662820   15.1380000000
37.2193632200   126.4350658480   15.1380000000
37.2193632200   126.4350658480   15.1380000000
37.2193634780   126.4350654150   15.1380000000
37.2193634780   126.4350654150   15.1380000000
37.2193637360   126.4350649810   15.1370000000
37.2193637360   126.4350649810   15.1370000000
37.2193639920   126.4350645450   15.1360000000
37.2193639920   126.4350645450   15.1360000000
37.2193642670   126.4350640410   15.1330000000
37.2193642670   126.4350640410   15.1330000000
37.2193645200   126.4350636030   15.1330000000
37.2193645200   126.4350636030   15.1330000000
37.2193647720   126.4350631680   15.1330000000
37.2193647720   126.4350631680   15.1330000000
37.2193650230   126.4350627370   15.1330000000
37.2193650230   126.4350627370   15.1330000000
37.2193652750   126.4350623110   15.1340000000
37.2193652750   126.4350623110   15.1340000000
37.2193655270   126.4350618890   15.1350000000
37.2193655270   126.4350618890   15.1350000000
37.2193657790   126.4350614690   15.1360000000
37.2193657790   126.4350614690   15.1360000000
37.2193660290   126.4350610500   15.1370000000
37.2193660290   126.4350610500   15.1370000000
37.2193662760   126.4350606320   15.1370000000
37.2193662760   126.4350606320   15.1370000000
37.2193665220   126.4350602150   15.1370000000
37.2193665220   126.4350602150   15.1370000000
37.2193667590   126.4350596890   15.1420000000
37.2193667590   126.4350596890   15.1420000000
37.2193670060   126.4350592740   15.1430000000
37.2193670060   126.4350592740   15.1430000000
37.2193672530   126.4350588610   15.1430000000
37.2193672530   126.4350588610   15.1430000000
37.2193674970   126.4350584510   15.1440000000
37.2193674970   126.4350584510   15.1440000000
37.2193677400   126.4350580400   15.1450000000
37.2193677400   126.4350580400   15.1450000000
37.2193682200   126.4350572230   15.1460000000
37.2193682200   126.4350572230   15.1460000000
37.2193684580   126.4350568160   15.1470000000
37.2193684580   126.4350568160   15.1470000000
37.2193686960   126.4350564120   15.1470000000
37.2193686960   126.4350564120   15.1470000000
37.2193689320   126.4350560110   15.1480000000
37.2193689320   126.4350560110   15.1480000000
37.2193691890   126.4350555980   15.1460000000
37.2193691890   126.4350555980   15.1460000000
37.2193694260   126.4350551970   15.1460000000
37.2193694260   126.4350551970   15.1460000000
37.2193696630   126.4350547980   15.1460000000
37.2193696630   126.4350547980   15.1460000000
37.2193698980   126.4350544020   15.1460000000
37.2193698980   126.4350544020   15.1460000000
37.2193701320   126.4350540080   15.1460000000
37.2193701320   126.4350540080   15.1460000000
37.2193703650   126.4350536170   15.1450000000
37.2193703650   126.4350536170   15.1450000000
37.2193705960   126.4350532290   15.1450000000
37.2193705960   126.4350532290   15.1450000000
37.2193708260   126.4350528450   15.1450000000
37.2193708260   126.4350528450   15.1450000000
37.2193710540   126.4350524640   15.1450000000
37.2193710540   126.4350524640   15.1450000000
37.2193712800   126.4350520830   15.1460000000
37.2193712800   126.4350520830   15.1460000000
37.2193714670   126.4350516490   15.1440000000
37.2193714670   126.4350516490   15.1440000000
37.2193716900   126.4350512680   15.1440000000
37.2193716900   126.4350512680   15.1440000000
37.2193719140   126.4350508880   15.1440000000
37.2193719140   126.4350508880   15.1440000000
37.2193721380   126.4350505100   15.1440000000
37.2193721380   126.4350505100   15.1440000000
37.2193723630   126.4350501360   15.1440000000
37.2193723630   126.4350501360   15.1440000000
37.2193725870   126.4350497630   15.1440000000
37.2193725870   126.4350497630   15.1440000000
37.2193728100   126.4350493920   15.1450000000
37.2193728100   126.4350493920   15.1450000000
37.2193730320   126.4350490220   15.1450000000
37.2193730320   126.4350490220   15.1450000000
37.2193732530   126.4350486520   15.1450000000
37.2193732530   126.4350486520   15.1450000000
37.2193734740   126.4350482830   15.1450000000
37.2193734740   126.4350482830   15.1450000000
37.2193734740   126.4350482830   15.1450000000
37.2193734740   126.4350482830   15.1450000000
37.2193739160   126.4350475140   15.1430000000
37.2193739160   126.4350475140   15.1430000000
37.2193741380   126.4350471470   15.1430000000
37.2193741380   126.4350471470   15.1430000000
37.2193743580   126.4350467810   15.1420000000
37.2193743580   126.4350467810   15.1420000000
37.2193743580   126.4350467810   15.1420000000
37.2193743580   126.4350467810   15.1420000000
37.2193747970   126.4350460490   15.1420000000
37.2193747970   126.4350460490   15.1420000000
37.2193750150   126.4350456830   15.1410000000
37.2193750150   126.4350456830   15.1410000000
37.2193752330   126.4350453180   15.1410000000
37.2193752330   126.4350453180   15.1410000000
37.2193754510   126.4350449550   15.1410000000
37.2193754510   126.4350449550   15.1410000000
37.2193756680   126.4350445940   15.1400000000
37.2193756680   126.4350445940   15.1400000000
37.2193758940   126.4350441790   15.1340000000
37.2193758940   126.4350441790   15.1340000000
37.2193761100   126.4350438200   15.1340000000
37.2193761100   126.4350438200   15.1340000000
37.2193763260   126.4350434620   15.1340000000
37.2193763260   126.4350434620   15.1340000000
37.2193765400   126.4350431070   15.1340000000
37.2193765400   126.4350431070   15.1340000000
37.2193767520   126.4350427540   15.1340000000
37.2193767520   126.4350427540   15.1340000000
37.2193769630   126.4350424030   15.1340000000
37.2193769630   126.4350424030   15.1340000000
37.2193771720   126.4350420550   15.1340000000
37.2193771720   126.4350420550   15.1340000000
37.2193773790   126.4350417110   15.1340000000
37.2193773790   126.4350417110   15.1340000000
37.2193775840   126.4350413700   15.1340000000
37.2193775840   126.4350413700   15.1340000000
37.2193777870   126.4350410320   15.1330000000
37.2193777870   126.4350410320   15.1330000000
37.2193782060   126.4350402890   15.1330000000
37.2193782060   126.4350402890   15.1330000000
37.2193784070   126.4350399540   15.1330000000
37.2193784070   126.4350399540   15.1330000000
37.2193786050   126.4350396220   15.1330000000
37.2193786050   126.4350396220   15.1330000000
37.2193786050   126.4350396220   15.1330000000
37.2193786050   126.4350396220   15.1330000000
37.2193789990   126.4350389670   15.1330000000
37.2193789990   126.4350389670   15.1330000000
37.2193791930   126.4350386430   15.1330000000
37.2193791930   126.4350386430   15.1330000000
37.2193793860   126.4350383220   15.1330000000
37.2193793860   126.4350383220   15.1330000000
37.2193795770   126.4350380040   15.1330000000
37.2193795770   126.4350380040   15.1330000000
37.2193797650   126.4350376890   15.1330000000
37.2193797650   126.4350376890   15.1330000000
37.2193799550   126.4350373180   15.1360000000
37.2193799550   126.4350373180   15.1360000000
37.2193801400   126.4350370090   15.1360000000
37.2193801400   126.4350370090   15.1360000000
37.2193803230   126.4350367040   15.1360000000
37.2193803230   126.4350367040   15.1360000000
37.2193805020   126.4350364050   15.1360000000
37.2193805020   126.4350364050   15.1360000000
37.2193806780   126.4350361100   15.1360000000
37.2193806780   126.4350361100   15.1360000000
37.2193808520   126.4350358200   15.1360000000
37.2193808520   126.4350358200   15.1360000000
37.2193810240   126.4350355340   15.1360000000
37.2193810240   126.4350355340   15.1360000000
37.2193811930   126.4350352530   15.1360000000
37.2193811930   126.4350352530   15.1360000000
37.2193813600   126.4350349760   15.1360000000
37.2193813600   126.4350349760   15.1360000000
37.2193815240   126.4350347010   15.1360000000
37.2193815240   126.4350347010   15.1360000000
37.2193816800   126.4350344010   15.1370000000
37.2193816800   126.4350344010   15.1370000000
37.2193818400   126.4350341340   15.1370000000
37.2193818400   126.4350341340   15.1370000000
37.2193819980   126.4350338700   15.1370000000
37.2193819980   126.4350338700   15.1370000000
37.2193821540   126.4350336100   15.1370000000
37.2193821540   126.4350336100   15.1370000000
37.2193823060   126.4350333570   15.1370000000
37.2193823060   126.4350333570   15.1370000000
37.2193824560   126.4350331070   15.1380000000
37.2193824560   126.4350331070   15.1380000000
37.2193826030   126.4350328610   15.1380000000
37.2193826030   126.4350328610   15.1380000000
37.2193827480   126.4350326180   15.1380000000
37.2193827480   126.4350326180   15.1380000000
37.2193828920   126.4350323790   15.1380000000
37.2193828920   126.4350323790   15.1380000000
37.2193830340   126.4350321420   15.1380000000
37.2193830340   126.4350321420   15.1380000000
37.2193831830   126.4350318930   15.1370000000
37.2193831830   126.4350318930   15.1370000000
37.2193833250   126.4350316580   15.1370000000
37.2193833250   126.4350316580   15.1370000000
37.2193834640   126.4350314260   15.1370000000
37.2193834640   126.4350314260   15.1370000000
37.2193836020   126.4350311950   15.1380000000
37.2193836020   126.4350311950   15.1380000000
37.2193837380   126.4350309680   15.1380000000
37.2193837380   126.4350309680   15.1380000000
37.2193838720   126.4350307440   15.1380000000
37.2193838720   126.4350307440   15.1380000000
37.2193840040   126.4350305220   15.1380000000
37.2193840040   126.4350305220   15.1380000000
37.2193841350   126.4350303040   15.1380000000
37.2193841350   126.4350303040   15.1380000000
37.2193842650   126.4350300880   15.1380000000
37.2193842650   126.4350300880   15.1380000000
37.2193843930   126.4350298750   15.1380000000
37.2193843930   126.4350298750   15.1380000000
37.2193844840   126.4350296830   15.1330000000
37.2193844840   126.4350296830   15.1330000000
37.2193846090   126.4350294740   15.1330000000
37.2193846090   126.4350294740   15.1330000000
37.2193847320   126.4350292670   15.1330000000
37.2193847320   126.4350292670   15.1330000000
37.2193848540   126.4350290630   15.1330000000
37.2193848540   126.4350290630   15.1330000000
37.2193849740   126.4350288620   15.1330000000
37.2193849740   126.4350288620   15.1330000000
37.2193850950   126.4350286610   15.1330000000
37.2193850950   126.4350286610   15.1330000000
37.2193852150   126.4350284610   15.1330000000
37.2193852150   126.4350284610   15.1330000000
37.2193853340   126.4350282620   15.1330000000
37.2193853340   126.4350282620   15.1330000000
37.2193854540   126.4350280630   15.1330000000
37.2193854540   126.4350280630   15.1330000000
37.2193855740   126.4350278630   15.1330000000
37.2193855740   126.4350278630   15.1330000000
37.2193856730   126.4350276580   15.1310000000
37.2193856730   126.4350276580   15.1310000000
37.2193857940   126.4350274570   15.1310000000
37.2193857940   126.4350274570   15.1310000000
37.2193859140   126.4350272570   15.1310000000
37.2193859140   126.4350272570   15.1310000000
37.2193860350   126.4350270560   15.1310000000
37.2193860350   126.4350270560   15.1310000000
37.2193861560   126.4350268540   15.1310000000
37.2193861560   126.4350268540   15.1310000000
37.2193861560   126.4350268540   15.1310000000
37.2193861560   126.4350268540   15.1310000000
37.2193863990   126.4350264490   15.1310000000
37.2193863990   126.4350264490   15.1310000000
37.2193863990   126.4350264490   15.1310000000
37.2193863990   126.4350264490   15.1310000000
37.2193866430   126.4350260420   15.1310000000
37.2193866430   126.4350260420   15.1310000000
37.2193867660   126.4350258370   15.1310000000
37.2193867660   126.4350258370   15.1310000000
37.2193868430   126.4350256970   15.1260000000
37.2193868430   126.4350256970   15.1260000000
37.2193869660   126.4350254930   15.1260000000
37.2193869660   126.4350254930   15.1260000000
37.2193870880   126.4350252880   15.1260000000
37.2193870880   126.4350252880   15.1260000000
37.2193870880   126.4350252880   15.1260000000
37.2193870880   126.4350252880   15.1260000000
37.2193873350   126.4350248770   15.1260000000
37.2193873350   126.4350248770   15.1260000000
37.2193874600   126.4350246700   15.1260000000
37.2193874600   126.4350246700   15.1260000000
37.2193875850   126.4350244610   15.1260000000
37.2193875850   126.4350244610   15.1260000000
37.2193877110   126.4350242520   15.1260000000
37.2193877110   126.4350242520   15.1260000000
37.2193878370   126.4350240410   15.1260000000
37.2193878370   126.4350240410   15.1260000000
37.2193879640   126.4350238290   15.1260000000
37.2193879640   126.4350238290   15.1260000000
37.2193881070   126.4350235980   15.1170000000
37.2193881070   126.4350235980   15.1170000000
37.2193882330   126.4350233880   15.1160000000
37.2193882330   126.4350233880   15.1160000000
