-1.923    -0.175    -0.000
-1.937    0.825    -0.000
-1.954    1.825    -0.000
-1.972    2.825    -0.000
-1.990    3.826    -0.000
-2.008    4.826    -0.000
-2.026    5.826    -0.000
-2.041    6.827    -0.000
-2.057    7.827    -0.000
-2.072    8.827    -0.000
-2.085    9.827    -0.000
-2.098    10.828    -0.000
-2.111    11.828    -0.000
-2.132    12.827    -0.000
-2.156    13.828    -0.000
-2.179    14.828    -0.000
-2.203    15.828    -0.000
-2.224    16.828    -0.000
-2.242    17.829    -0.000
-2.260    18.829    -0.000
-2.277    19.829    -0.000
-2.295    20.829    -0.000
-2.312    21.830    -0.000
-2.329    22.829    -0.000
-2.346    23.829    -0.000
-2.365    24.830    -0.000
-2.386    25.830    -0.000
-2.407    26.830    -0.000
-2.425    27.830    -0.000
-2.438    28.831    -0.000
-2.451    29.831    -0.000
-2.466    30.831    -0.000
-2.483    31.831    -0.000
-2.500    32.832    -0.000
-2.518    33.832    -0.000
-2.534    34.832    -0.000
-2.551    35.833    -0.000
-2.567    36.833    -0.000
-2.585    37.833    -0.000
-2.602    38.832    -0.000
-2.620    39.833    -0.000
-2.638    40.833    -0.000
-2.656    41.833    -0.000
-2.679    42.833    -0.000
-2.701    43.834    -0.000
-2.723    44.834    -0.000
-2.746    45.834    -0.000
-2.772    46.833    -0.000
-2.802    47.834    -0.000
-2.831    48.834    -0.000
-2.861    49.834    -0.000
-2.893    50.833    -0.000
-2.927    51.833    -0.000
-2.961    52.834    -0.000
-2.996    53.833    -0.000
-3.030    54.833    -0.000
-3.088    55.831    -0.000
-3.148    56.830    -0.000
-3.213    57.828    -0.000
-3.283    58.826    -0.000
-3.352    59.824    -0.000
-3.425    60.822    -0.000
-3.501    61.819    -0.000
-3.578    62.817    -0.000
-3.680    63.811    -0.000
-3.781    64.807    -0.000
-3.885    65.802    -0.000
-3.995    66.797    -0.000
-4.104    67.790    -0.000
-4.214    68.785    -0.000
-4.329    69.779    -0.000
-4.445    70.772    -0.000
-4.561    71.766    -0.000
-4.695    72.758    -0.000
-4.833    73.748    -0.000
-4.970    74.739    -0.000
-5.107    75.730    -0.000
-5.245    76.721    -0.000
-5.388    77.710    -0.000
-5.530    78.701    -0.000
-5.681    79.690    -0.001
-5.844    80.677    -0.001
-6.007    81.664    -0.001
-6.170    82.651    -0.001
-6.347    83.636    -0.001
-6.527    84.619    -0.001
-6.708    85.603    -0.001
-6.889    86.588    -0.001
-7.071    87.571    -0.001
-7.256    88.554    -0.001
-7.449    89.535    -0.001
-7.646    90.517    -0.001
-7.849    91.496    -0.001
-8.060    92.474    -0.001
-8.272    93.451    -0.001
-8.488    94.428    -0.001
-8.705    95.405    -0.001
-8.935    96.378    -0.001
-9.164    97.352    -0.001
-9.402    98.324    -0.001
-9.645    99.294    -0.001
-9.890    100.264    -0.001
-10.138    101.233    -0.001
-10.387    102.202    -0.001
-10.637    103.170    -0.001
-10.887    104.139    -0.001
-11.144    105.106    -0.001
-11.413    106.070    -0.001
-11.682    107.032    -0.001
-11.954    107.995    -0.001
-12.228    108.958    -0.001
-12.507    109.918    -0.001
-12.792    110.877    -0.001
-13.078    111.836    -0.001
-13.366    112.793    -0.001
-13.660    113.750    -0.001
-13.954    114.706    -0.001
-14.248    115.662    -0.001
-14.549    116.617    -0.001
-14.854    117.569    -0.001
-15.165    118.521    -0.001
-15.482    119.468    -0.001
-15.805    120.415    -0.001
-16.127    121.363    -0.001
-16.455    122.308    -0.001
-16.794    123.249    -0.001
-17.133    124.190    -0.001
-17.470    125.132    -0.001
-17.805    126.074    -0.001
-18.140    127.017    -0.001
-18.498    127.951    -0.001
-18.864    128.882    -0.001
-19.232    129.812    -0.001
-19.601    130.742    -0.001
-19.966    131.673    -0.001
-20.329    132.606    -0.001
-20.691    133.538    -0.001
-21.077    134.462    -0.001
-21.464    135.384    -0.001
-21.852    136.306    -0.001
-22.242    137.227    -0.002
-22.636    138.147    -0.002
-23.028    139.067    -0.002
-23.431    139.983    -0.002
-23.834    140.898    -0.002
-24.240    141.811    -0.002
-24.664    142.718    -0.002
-25.087    143.625    -0.002
-25.510    144.531    -0.002
-25.934    145.437    -0.002
-26.363    146.341    -0.002
-26.800    147.241    -0.002
-27.238    148.141    -0.002
-27.675    149.040    -0.002
-28.119    149.936    -0.002
-28.566    150.832    -0.002
-29.014    151.726    -0.002
-29.463    152.620    -0.002
-29.914    153.513    -0.002
-30.370    154.403    -0.002
-30.836    155.288    -0.002
-31.296    156.176    -0.002
-31.757    157.065    -0.002
-32.231    157.946    -0.002
-32.706    158.825    -0.002
-33.173    159.711    -0.002
-33.657    160.585    -0.002
-34.153    161.455    -0.002
-34.647    162.324    -0.002
-35.143    163.193    -0.002
-35.637    164.064    -0.002
-36.136    164.930    -0.002
-36.638    165.795    -0.002
-37.145    166.657    -0.002
-37.661    167.515    -0.002
-38.175    168.373    -0.002
-38.688    169.232    -0.002
-39.217    170.081    -0.002
-39.749    170.927    -0.002
-40.284    171.773    -0.002
-40.823    172.616    -0.002
-41.369    173.454    -0.003
-41.918    174.290    -0.003
-42.467    175.126    -0.003
-43.017    175.962    -0.003
-43.575    176.792    -0.003
-44.133    177.623    -0.003
-44.696    178.450    -0.003
-45.261    179.275    -0.003
-45.826    180.100    -0.003
-46.395    180.924    -0.003
-46.965    181.746    -0.003
-47.541    182.563    -0.003
-48.115    183.382    -0.003
-48.688    184.203    -0.003
-49.274    185.014    -0.003
-49.862    185.824    -0.003
-50.447    186.634    -0.003
-51.032    187.446    -0.003
-51.621    188.255    -0.003
-52.216    189.058    -0.003
-52.811    189.862    -0.003
-53.417    190.659    -0.003
-54.023    191.454    -0.003
-54.629    192.250    -0.003
-55.238    193.045    -0.003
-55.852    193.834    -0.003
-56.467    194.624    -0.003
-57.092    195.404    -0.003
-57.723    196.181    -0.003
-58.355    196.956    -0.003
-58.993    197.726    -0.003
-59.631    198.496    -0.003
-60.289    199.250    -0.003
-60.952    200.000    -0.003
-61.616    200.748    -0.003
-62.279    201.496    -0.003
-62.945    202.242    -0.004
-63.615    202.986    -0.004
-64.285    203.729    -0.004
-64.955    204.472    -0.004
-65.623    205.215    -0.004
-66.293    205.958    -0.004
-66.962    206.703    -0.004
-67.632    207.446    -0.004
-68.302    208.189    -0.004
-68.973    208.930    -0.004
-69.651    209.665    -0.004
-70.330    210.402    -0.004
-71.007    211.137    -0.004
-71.685    211.872    -0.004
-72.364    212.608    -0.004
-73.042    213.343    -0.004
-73.717    214.081    -0.004
-74.392    214.819    -0.004
-75.068    215.557    -0.004
-75.744    216.295    -0.004
-76.418    217.033    -0.004
-77.094    217.770    -0.004
-77.770    218.508    -0.004
-78.445    219.247    -0.004
-79.120    219.985    -0.004
-79.796    220.723    -0.004
-80.471    221.460    -0.004
-81.147    222.198    -0.004
-81.822    222.937    -0.004
-82.498    223.674    -0.004
-83.173    224.412    -0.005
-83.849    225.150    -0.005
-84.524    225.887    -0.005
-85.200    226.625    -0.005
-85.876    227.363    -0.005
-86.551    228.101    -0.005
-87.226    228.839    -0.005
-87.902    229.576    -0.005
-88.578    230.314    -0.005
-89.253    231.052    -0.005
-89.929    231.790    -0.005
-90.605    232.527    -0.005
-91.281    233.265    -0.005
-91.956    234.002    -0.005
-92.633    234.738    -0.005
-93.310    235.476    -0.005
-93.987    236.213    -0.005
-94.662    236.950    -0.005
-95.339    237.686    -0.005
-96.016    238.423    -0.005
-96.693    239.160    -0.005
-97.369    239.897    -0.005
-98.046    240.633    -0.005
-98.724    241.370    -0.005
-99.400    242.106    -0.005
-100.077    242.842    -0.005
-100.755    243.579    -0.005
-101.432    244.316    -0.006
-102.108    245.052    -0.006
-102.785    245.789    -0.006
-103.460    246.527    -0.006
-104.136    247.265    -0.006
-104.810    248.003    -0.006
-105.486    248.742    -0.006
-106.161    249.480    -0.006
-106.837    250.217    -0.006
-107.511    250.955    -0.006
-108.187    251.694    -0.006
-108.861    252.434    -0.006
-109.535    253.173    -0.006
-110.209    253.912    -0.006
-110.883    254.650    -0.006
-111.557    255.389    -0.006
-112.232    256.128    -0.006
-112.905    256.868    -0.006
-113.579    257.607    -0.006
-114.257    258.343    -0.006
-114.934    259.080    -0.006
-115.611    259.816    -0.006
-116.288    260.553    -0.006
-116.966    261.289    -0.006
-117.642    262.025    -0.006
-118.319    262.762    -0.007
-118.996    263.498    -0.007
-119.672    264.236    -0.007
-120.346    264.975    -0.007
-121.021    265.713    -0.007
-121.696    266.451    -0.007
-122.372    267.190    -0.007
-123.046    267.928    -0.007
-123.721    268.666    -0.007
-124.397    269.405    -0.007
-125.071    270.143    -0.007
-125.745    270.882    -0.007
-126.420    271.621    -0.007
-127.094    272.359    -0.007
-127.769    273.099    -0.007
-128.443    273.838    -0.007
-129.117    274.576    -0.007
-129.792    275.315    -0.007
-130.467    276.053    -0.007
-131.142    276.792    -0.007
-131.817    277.530    -0.007
-132.493    278.268    -0.007
-133.168    279.006    -0.008
-133.843    279.744    -0.008
-134.518    280.482    -0.008
-135.194    281.220    -0.008
-135.869    281.959    -0.008
-136.543    282.697    -0.008
-137.218    283.435    -0.008
-137.893    284.174    -0.008
-138.568    284.913    -0.008
-139.242    285.651    -0.008
-139.917    286.390    -0.008
-140.592    287.128    -0.008
-141.267    287.866    -0.008
-141.942    288.604    -0.008
-142.618    289.342    -0.008
-143.294    290.080    -0.008
-143.969    290.818    -0.008
-144.644    291.555    -0.008
-145.320    292.293    -0.008
-145.996    293.031    -0.008
-146.671    293.769    -0.008
-147.348    294.505    -0.009
-148.025    295.242    -0.009
-148.702    295.979    -0.009
-149.378    296.715    -0.009
-150.055    297.452    -0.009
-150.733    298.189    -0.009
-151.410    298.925    -0.009
-152.086    299.662    -0.009
-152.762    300.399    -0.009
-153.439    301.136    -0.009
-154.115    301.874    -0.009
-154.791    302.611    -0.009
-155.468    303.347    -0.009
-156.144    304.084    -0.009
-156.820    304.821    -0.009
-157.496    305.558    -0.009
-158.170    306.298    -0.009
-158.844    307.038    -0.009
-159.517    307.777    -0.009
-160.191    308.517    -0.009
-160.865    309.256    -0.010
-161.538    309.997    -0.010
-162.211    310.737    -0.010
-162.884    311.476    -0.010
-163.559    312.215    -0.010
-164.235    312.952    -0.010
-164.910    313.690    -0.010
-165.585    314.429    -0.010
-166.261    315.167    -0.010
-166.937    315.904    -0.010
-167.611    316.642    -0.010
-168.287    317.380    -0.010
-168.963    318.118    -0.010
-169.640    318.855    -0.010
-170.316    319.591    -0.010
-170.993    320.328    -0.010
-171.669    321.065    -0.010
-172.346    321.802    -0.010
-173.022    322.540    -0.011
-173.698    323.277    -0.011
-174.375    324.013    -0.011
-175.051    324.750    -0.011
-175.727    325.487    -0.011
-176.404    326.224    -0.011
-177.080    326.962    -0.011
-177.756    327.700    -0.011
-178.432    328.436    -0.011
-179.109    329.173    -0.011
-179.785    329.910    -0.011
-180.460    330.648    -0.011
-181.135    331.387    -0.011
-181.811    332.125    -0.011
-182.486    332.863    -0.011
-183.161    333.601    -0.011
-183.837    334.339    -0.011
-184.512    335.077    -0.011
-185.188    335.815    -0.012
-185.863    336.552    -0.012
-186.539    337.290    -0.012
-187.216    338.027    -0.012
-187.892    338.764    -0.012
-188.567    339.502    -0.012
-189.244    340.239    -0.012
-189.920    340.976    -0.012
-190.595    341.714    -0.012
-191.271    342.452    -0.012
-191.946    343.190    -0.012
-192.621    343.929    -0.012
-193.295    344.668    -0.012
-193.970    345.406    -0.012
-194.645    346.144    -0.012
-195.320    346.883    -0.012
-195.994    347.622    -0.013
-196.669    348.360    -0.013
-197.344    349.098    -0.013
-198.020    349.836    -0.013
-198.694    350.574    -0.013
-199.370    351.312    -0.013
-200.046    352.051    -0.013
-200.721    352.789    -0.013
-201.396    353.526    -0.013
-202.071    354.265    -0.013
-202.745    355.004    -0.013
-203.419    355.744    -0.013
-204.093    356.483    -0.013
-204.767    357.221    -0.013
-205.441    357.960    -0.013
-206.116    358.699    -0.013
-206.789    359.439    -0.014
-207.464    360.178    -0.014
-208.141    360.915    -0.014
-208.817    361.651    -0.014
-209.493    362.388    -0.014
-210.170    363.125    -0.014
-210.847    363.862    -0.014
-211.524    364.599    -0.014
-212.200    365.335    -0.014
-212.877    366.072    -0.014
-213.555    366.808    -0.014
-214.231    367.544    -0.014
-214.909    368.281    -0.014
-215.586    369.017    -0.014
-216.264    369.753    -0.014
-216.941    370.489    -0.014
-217.618    371.225    -0.015
-218.296    371.961    -0.015
-218.973    372.699    -0.015
-219.648    373.436    -0.015
-220.324    374.174    -0.015
-221.000    374.911    -0.015
-221.676    375.648    -0.015
-222.351    376.386    -0.015
-223.027    377.124    -0.015
-223.703    377.861    -0.015
-224.378    378.599    -0.015
-225.054    379.337    -0.015
-225.729    380.075    -0.015
-226.405    380.814    -0.015
-227.079    381.552    -0.015
-227.755    382.290    -0.016
-228.430    383.027    -0.016
-229.106    383.765    -0.016
-229.780    384.503    -0.016
-230.458    385.240    -0.016
-231.135    385.977    -0.016
-231.813    386.713    -0.016
-232.489    387.449    -0.016
-233.166    388.185    -0.016
-233.844    388.921    -0.016
-234.521    389.658    -0.016
-235.198    390.394    -0.016
-235.874    391.132    -0.016
-236.550    391.869    -0.016
-237.227    392.606    -0.017
-237.902    393.343    -0.017
-238.579    394.081    -0.017
-239.255    394.818    -0.017
-239.931    395.555    -0.017
-240.607    396.292    -0.017
-241.284    397.029    -0.017
-241.960    397.766    -0.017
-242.636    398.504    -0.017
-243.313    399.240    -0.017
-243.990    399.977    -0.017
-244.666    400.714    -0.017
-245.342    401.451    -0.017
-246.019    402.188    -0.017
-246.696    402.925    -0.018
-247.371    403.663    -0.018
-248.046    404.401    -0.018
-248.721    405.139    -0.018
-249.397    405.877    -0.018
-250.072    406.616    -0.018
-250.747    407.353    -0.018
-251.423    408.091    -0.018
-252.099    408.829    -0.018
-252.774    409.566    -0.018
-253.451    410.303    -0.018
-254.127    411.041    -0.018
-254.803    411.778    -0.018
-255.478    412.515    -0.018
-256.155    413.253    -0.019
-256.831    413.990    -0.019
-257.507    414.728    -0.019
-258.181    415.466    -0.019
-258.857    416.204    -0.019
-259.532    416.943    -0.019
-260.207    417.681    -0.019
-260.881    418.419    -0.019
-261.556    419.158    -0.019
-262.232    419.896    -0.019
-262.907    420.635    -0.019
-263.581    421.373    -0.019
-264.256    422.111    -0.019
-264.931    422.850    -0.020
-265.607    423.588    -0.020
-266.281    424.326    -0.020
-266.956    425.064    -0.020
-267.632    425.802    -0.020
-268.307    426.540    -0.020
-268.982    427.279    -0.020
-269.657    428.017    -0.020
-270.333    428.755    -0.020
-271.009    429.492    -0.020
-271.684    430.230    -0.020
-272.360    430.967    -0.020
-273.035    431.706    -0.020
-273.710    432.444    -0.021
-274.386    433.182    -0.021
-275.062    433.918    -0.021
-275.739    434.655    -0.021
-276.415    435.393    -0.021
-277.092    436.130    -0.021
-277.768    436.867    -0.021
-278.445    437.603    -0.021
-279.121    438.340    -0.021
-279.798    439.076    -0.021
-280.475    439.814    -0.021
-281.151    440.551    -0.021
-281.827    441.288    -0.022
-282.504    442.025    -0.022
-283.181    442.761    -0.022
-283.857    443.498    -0.022
-284.533    444.236    -0.022
-285.210    444.973    -0.022
-285.885    445.711    -0.022
-286.558    446.450    -0.022
-287.232    447.190    -0.022
-287.906    447.930    -0.022
-288.579    448.670    -0.022
-289.252    449.409    -0.022
-289.926    450.148    -0.023
-290.600    450.888    -0.023
-291.274    451.627    -0.023
-291.950    452.365    -0.023
-292.626    453.102    -0.023
-293.302    453.839    -0.023
-293.978    454.577    -0.023
-294.654    455.314    -0.023
-295.330    456.052    -0.023
-296.007    456.789    -0.023
-296.683    457.526    -0.023
-297.358    458.263    -0.023
-298.035    459.000    -0.024
-298.712    459.737    -0.024
-299.388    460.475    -0.024
-300.064    461.212    -0.024
-300.741    461.948    -0.024
-301.417    462.685    -0.024
-302.094    463.422    -0.024
-302.769    464.160    -0.024
-303.442    464.900    -0.024
-304.116    465.640    -0.024
-304.790    466.379    -0.024
-305.463    467.119    -0.024
-306.137    467.858    -0.025
-306.810    468.599    -0.025
-307.484    469.338    -0.025
-308.157    470.077    -0.025
-308.833    470.815    -0.025
-309.509    471.552    -0.025
-310.184    472.290    -0.025
-310.861    473.028    -0.025
-311.537    473.765    -0.025
-312.213    474.502    -0.025
-312.889    475.239    -0.025
-313.565    475.976    -0.026
-314.241    476.715    -0.026
-314.917    477.452    -0.026
-315.592    478.190    -0.026
-316.268    478.927    -0.026
-316.944    479.665    -0.026
-317.620    480.402    -0.026
-318.295    481.141    -0.026
-318.971    481.878    -0.026
-319.647    482.615    -0.026
-320.323    483.353    -0.026
-320.998    484.091    -0.027
-321.674    484.828    -0.027
-322.350    485.566    -0.027
-323.026    486.303    -0.027
-323.702    487.041    -0.027
-324.378    487.778    -0.027
-325.054    488.516    -0.027
-325.728    489.255    -0.027
-326.403    489.993    -0.027
-327.078    490.731    -0.027
-327.753    491.469    -0.027
-328.428    492.208    -0.028
-329.103    492.946    -0.028
-329.778    493.685    -0.028
-330.453    494.423    -0.028
-331.127    495.162    -0.028
-331.803    495.899    -0.028
-332.478    496.637    -0.028
-333.154    497.376    -0.028
-333.828    498.114    -0.028
-334.504    498.852    -0.028
-335.180    499.590    -0.028
-335.855    500.327    -0.029
-336.530    501.065    -0.029
-337.206    501.804    -0.029
-337.882    502.541    -0.029
-338.558    503.279    -0.029
-339.233    504.016    -0.029
-339.909    504.754    -0.029
-340.585    505.491    -0.029
-341.260    506.230    -0.029
-341.936    506.967    -0.029
-342.614    507.703    -0.029
-343.291    508.438    -0.030
-343.968    509.174    -0.030
-344.646    509.910    -0.030
-345.324    510.646    -0.030
-346.002    511.382    -0.030
-346.679    512.118    -0.030
-347.357    512.853    -0.030
-348.033    513.591    -0.030
-348.708    514.329    -0.030
-349.382    515.069    -0.030
-350.057    515.807    -0.031
-350.732    516.546    -0.031
-351.407    517.284    -0.031
-352.081    518.022    -0.031
-352.756    518.762    -0.031
-353.431    519.500    -0.031
-354.107    520.237    -0.031
-354.782    520.975    -0.031
-355.458    521.713    -0.031
-356.134    522.450    -0.031
-356.810    523.188    -0.031
-357.485    523.926    -0.032
-358.161    524.663    -0.032
-358.837    525.401    -0.032
-359.513    526.137    -0.032
-360.190    526.874    -0.032
-360.868    527.610    -0.032
-361.546    528.346    -0.032
-362.222    529.082    -0.032
-362.900    529.818    -0.032
-363.578    530.554    -0.032
-364.255    531.291    -0.033
-364.929    532.029    -0.033
-365.603    532.769    -0.033
-366.277    533.509    -0.033
-366.950    534.248    -0.033
-367.622    534.988    -0.033
-368.296    535.729    -0.033
-368.970    536.469    -0.033
-369.643    537.208    -0.033
-370.317    537.947    -0.033
-370.994    538.683    -0.034
-371.671    539.421    -0.034
-372.349    540.157    -0.034
-373.025    540.893    -0.034
-373.703    541.629    -0.034
-374.380    542.365    -0.034
-375.056    543.102    -0.034
-375.733    543.839    -0.034
-376.410    544.576    -0.034
-377.087    545.313    -0.035
-377.762    546.050    -0.035
-378.438    546.787    -0.035
-379.114    547.524    -0.035
-379.791    548.263    -0.035
-380.466    549.000    -0.035
-381.143    549.737    -0.035
-381.819    550.474    -0.035
-382.494    551.212    -0.035
-383.169    551.950    -0.035
-383.844    552.689    -0.036
-384.520    553.427    -0.036
-385.195    554.165    -0.036
-385.870    554.903    -0.036
-386.545    555.640    -0.036
-387.221    556.379    -0.036
-387.896    557.118    -0.036
-388.570    557.856    -0.036
-389.245    558.594    -0.036
-389.921    559.332    -0.037
-390.596    560.070    -0.037
-391.270    560.809    -0.037
-391.946    561.547    -0.037
-392.621    562.285    -0.037
-393.296    563.022    -0.037
-393.973    563.760    -0.037
-394.649    564.498    -0.037
-395.325    565.235    -0.037
-396.000    565.973    -0.037
-396.676    566.710    -0.038
-397.352    567.447    -0.038
-398.029    568.184    -0.038
-398.704    568.923    -0.038
-399.380    569.660    -0.038
-400.056    570.398    -0.038
-400.732    571.135    -0.038
-401.407    571.873    -0.038
-402.082    572.610    -0.038
-402.759    573.349    -0.039
-403.435    574.086    -0.039
-404.110    574.824    -0.039
-404.785    575.562    -0.039
-405.460    576.300    -0.039
-406.136    577.039    -0.039
-406.810    577.776    -0.039
-407.486    578.514    -0.039
-408.161    579.252    -0.039
-408.837    579.990    -0.040
-409.511    580.728    -0.040
-410.186    581.468    -0.040
-410.860    582.207    -0.040
-411.533    582.946    -0.040
-412.207    583.685    -0.040
-412.882    584.424    -0.040
-413.556    585.164    -0.040
-414.229    585.903    -0.040
-414.904    586.642    -0.041
-415.579    587.380    -0.041
-416.256    588.117    -0.041
-416.931    588.854    -0.041
-417.608    589.591    -0.041
-418.285    590.328    -0.041
-418.962    591.065    -0.041
-419.638    591.801    -0.041
-420.315    592.538    -0.041
-420.992    593.274    -0.042
-421.668    594.012    -0.042
-422.344    594.750    -0.042
-423.020    595.487    -0.042
-423.696    596.224    -0.042
-424.372    596.961    -0.042
-425.048    597.699    -0.042
-425.724    598.437    -0.042
-426.401    599.174    -0.042
-427.076    599.911    -0.043
-427.752    600.648    -0.043
-428.428    601.385    -0.043
-429.104    602.124    -0.043
-429.779    602.861    -0.043
-430.455    603.599    -0.043
-431.132    604.336    -0.043
-431.808    605.073    -0.043
-432.483    605.810    -0.044
-433.158    606.549    -0.044
-433.834    607.287    -0.044
-434.509    608.026    -0.044
-435.184    608.764    -0.044
-435.859    609.502    -0.044
-436.534    610.241    -0.044
-437.210    610.979    -0.044
-437.884    611.717    -0.044
-438.560    612.454    -0.045
-439.236    613.192    -0.045
-439.912    613.929    -0.045
-440.587    614.667    -0.045
-441.263    615.405    -0.045
-441.939    616.143    -0.045
-442.615    616.880    -0.045
-443.290    617.617    -0.045
-443.966    618.354    -0.046
-444.643    619.092    -0.046
-445.319    619.829    -0.046
-445.996    620.566    -0.046
-446.673    621.302    -0.046
-447.349    622.039    -0.046
-448.025    622.776    -0.046
-448.702    623.513    -0.046
-449.379    624.250    -0.046
-450.054    624.989    -0.047
-450.728    625.727    -0.047
-451.403    626.466    -0.047
-452.078    627.205    -0.047
-452.753    627.943    -0.047
-453.427    628.682    -0.047
-454.102    629.420    -0.047
-454.777    630.158    -0.047
-455.454    630.895    -0.048
-456.129    631.633    -0.048
-456.805    632.370    -0.048
-457.482    633.107    -0.048
-458.158    633.844    -0.048
-458.834    634.581    -0.048
-459.510    635.318    -0.048
-460.187    636.056    -0.048
-460.862    636.794    -0.049
-461.538    637.531    -0.049
-462.213    638.269    -0.049
-462.889    639.007    -0.049
-463.564    639.745    -0.049
-464.240    640.483    -0.049
-464.916    641.220    -0.049
-465.592    641.958    -0.049
-466.266    642.696    -0.050
-466.941    643.434    -0.050
-467.616    644.174    -0.050
-468.291    644.912    -0.050
-468.966    645.650    -0.050
-469.641    646.388    -0.050
-470.316    647.126    -0.050
-470.991    647.865    -0.050
-471.665    648.604    -0.051
-472.341    649.341    -0.051
-473.017    650.079    -0.051
-473.693    650.816    -0.051
-474.369    651.553    -0.051
-475.045    652.292    -0.051
-475.721    653.029    -0.051
-476.397    653.766    -0.051
-477.072    654.504    -0.052
-477.746    655.243    -0.052
-478.421    655.982    -0.052
-479.096    656.721    -0.052
-479.770    657.459    -0.052
-480.445    658.198    -0.052
-481.119    658.936    -0.052
-481.793    659.675    -0.052
-482.468    660.415    -0.053
-483.143    661.152    -0.053
-483.819    661.890    -0.053
-484.494    662.628    -0.053
-485.170    663.365    -0.053
-485.846    664.102    -0.053
-486.522    664.841    -0.053
-487.197    665.578    -0.053
-487.873    666.316    -0.054
-488.550    667.053    -0.054
-489.227    667.789    -0.054
-489.904    668.526    -0.054
-490.582    669.261    -0.054
-491.260    669.997    -0.054
-491.938    670.733    -0.054
-492.614    671.469    -0.054
-493.292    672.205    -0.055
-493.969    672.942    -0.055
-494.643    673.680    -0.055
-495.319    674.418    -0.055
-495.994    675.156    -0.055
-496.670    675.894    -0.055
-497.344    676.632    -0.055
-498.020    677.371    -0.056
-498.696    678.109    -0.056
-499.371    678.847    -0.056
-500.046    679.584    -0.056
-500.722    680.321    -0.056
-501.399    681.058    -0.056
-502.075    681.796    -0.056
-502.751    682.533    -0.056
-503.427    683.270    -0.057
-504.104    684.007    -0.057
-504.780    684.744    -0.057
-505.455    685.482    -0.057
-506.130    686.221    -0.057
-506.805    686.959    -0.057
-507.483    687.696    -0.057
-508.164    688.427    -0.057
-508.846    689.159    -0.058
-509.528    689.891    -0.058
-510.209    690.624    -0.058
-510.892    691.356    -0.058
-511.577    692.085    -0.058
-512.261    692.814    -0.058
-512.946    693.543    -0.058
-513.636    694.267    -0.059
-510.699    696.949    -0.059
-511.386    697.676    -0.059
-512.082    698.395    -0.059
-512.778    699.113    -0.059
-513.475    699.831    -0.059
-514.163    700.556    -0.059
-514.838    701.296    -0.059
-515.512    702.035    -0.060
-516.186    702.774    -0.060
-516.860    703.512    -0.060
-517.535    704.251    -0.060
-518.209    704.990    -0.060
-518.883    705.730    -0.060
-519.557    706.469    -0.060
-520.232    707.207    -0.061
-520.906    707.946    -0.061
-521.580    708.685    -0.061
-522.254    709.425    -0.061
-522.929    710.164    -0.061
-523.603    710.902    -0.061
-524.277    711.641    -0.061
-524.951    712.380    -0.061
-525.626    713.119    -0.062
-526.300    713.859    -0.062
-526.974    714.597    -0.062
-527.648    715.336    -0.062
-528.323    716.075    -0.062
-528.997    716.814    -0.062
-529.671    717.554    -0.062
-530.345    718.293    -0.063
-531.020    719.031    -0.063
-531.694    719.770    -0.063
-532.368    720.509    -0.063
-533.042    721.249    -0.063
-533.717    721.988    -0.063
-534.391    722.726    -0.063
-535.065    723.465    -0.064
-535.739    724.204    -0.064
-536.414    724.943    -0.064
-537.088    725.683    -0.064
-537.762    726.421    -0.064
-538.436    727.160    -0.064
-539.111    727.899    -0.064
-539.785    728.638    -0.065
-540.459    729.378    -0.065
-541.133    730.116    -0.065
-541.808    730.855    -0.065
-542.482    731.594    -0.065
-543.156    732.333    -0.065
-543.830    733.073    -0.065
-544.505    733.811    -0.066
-545.179    734.550    -0.066
-545.835    735.305    -0.066
-546.486    736.065    -0.066
-547.136    736.825    -0.066
-547.804    737.570    -0.066
-548.479    738.308    -0.066
-549.152    739.047    -0.067
-549.827    739.787    -0.067
-550.502    740.525    -0.067
-551.176    741.264    -0.067
-551.850    742.003    -0.067
-552.524    742.741    -0.067
-553.199    743.481    -0.067
-553.876    744.218    -0.068
-554.552    744.955    -0.068
-555.228    745.692    -0.068
-555.905    746.429    -0.068
-556.581    747.165    -0.068
-557.257    747.903    -0.068
-557.933    748.641    -0.068
-558.610    749.378    -0.069
-559.287    750.114    -0.069
-559.962    750.851    -0.069
-560.639    751.588    -0.069
-561.316    752.325    -0.069
-561.993    753.062    -0.069
-562.669    753.799    -0.069
-563.345    754.536    -0.070
-564.022    755.273    -0.070
-564.697    756.010    -0.070
-565.373    756.749    -0.070
-566.048    757.487    -0.070
-566.724    758.224    -0.070
-567.400    758.961    -0.071
-568.076    759.699    -0.071
-568.751    760.438    -0.071
-569.427    761.176    -0.071
-570.101    761.914    -0.071
-570.776    762.652    -0.071
-571.452    763.390    -0.071
-572.127    764.128    -0.072
-572.801    764.867    -0.072
-573.476    765.606    -0.072
-574.151    766.344    -0.072
-574.826    767.082    -0.072
-575.500    767.820    -0.072
-576.177    768.559    -0.072
-576.853    769.296    -0.073
-577.529    770.033    -0.073
-578.203    770.771    -0.073
-578.879    771.509    -0.073
-579.555    772.246    -0.073
-580.231    772.985    -0.073
-580.905    773.723    -0.074
-581.581    774.460    -0.074
-582.257    775.198    -0.074
-582.932    775.936    -0.074
-583.607    776.674    -0.074
-584.282    777.413    -0.074
-584.958    778.151    -0.074
-585.632    778.889    -0.075
-586.307    779.627    -0.075
-586.984    780.364    -0.075
-587.661    781.102    -0.075
-588.336    781.839    -0.075
-589.013    782.575    -0.075
-589.690    783.312    -0.075
-590.366    784.049    -0.076
-591.042    784.786    -0.076
-591.718    785.524    -0.076
-592.395    786.261    -0.076
-593.072    786.997    -0.076
-593.748    787.734    -0.076
-594.425    788.471    -0.077
-595.102    789.207    -0.077
-595.778    789.945    -0.077
-596.454    790.682    -0.077
-597.131    791.419    -0.077
-597.807    792.156    -0.077
-598.483    792.893    -0.077
-599.159    793.630    -0.078
-599.836    794.368    -0.078
-600.512    795.105    -0.078
-601.188    795.842    -0.078
-601.864    796.579    -0.078
-602.541    797.316    -0.078
-603.217    798.054    -0.079
-603.891    798.792    -0.079
-604.567    799.530    -0.079
-605.243    800.267    -0.079
-605.919    801.005    -0.079
-606.594    801.743    -0.079
-607.269    802.482    -0.080
-607.945    803.219    -0.080
-608.621    803.957    -0.080
-609.298    804.693    -0.080
-609.975    805.429    -0.080
-610.652    806.165    -0.080
-611.329    806.902    -0.080
-612.006    807.639    -0.081
-612.683    808.375    -0.081
-613.360    809.112    -0.081
-614.035    809.849    -0.081
-614.708    810.589    -0.081
-615.381    811.330    -0.081
-616.055    812.070    -0.082
-616.727    812.810    -0.082
-617.400    813.550    -0.082
-618.073    814.291    -0.082
-618.746    815.032    -0.082
-619.418    815.772    -0.082
-620.091    816.512    -0.083
-620.765    817.251    -0.083
-621.438    817.991    -0.083
-622.111    818.732    -0.083
-622.784    819.471    -0.083
-623.458    820.211    -0.083
-624.131    820.951    -0.084
-624.803    821.691    -0.084
-625.482    822.426    -0.084
-626.161    823.161    -0.084
-626.840    823.896    -0.084
-627.519    824.631    -0.084
-628.198    825.365    -0.084
-628.877    826.100    -0.085
-629.555    826.835    -0.085
-630.233    827.571    -0.085
-630.911    828.307    -0.085
-631.588    829.044    -0.085
-632.263    829.780    -0.085
-632.940    830.517    -0.086
-633.617    831.254    -0.086
-634.294    831.992    -0.086
-634.969    832.729    -0.086
-635.646    833.466    -0.086
-636.321    834.204    -0.086
-636.996    834.942    -0.087
-637.670    835.682    -0.087
-638.344    836.421    -0.087
-639.019    837.159    -0.087
-639.694    837.898    -0.087
-640.367    838.637    -0.087
-641.041    839.376    -0.088
-641.716    840.116    -0.088
-642.390    840.855    -0.088
-643.063    841.594    -0.088
-643.737    842.333    -0.088
-644.412    843.072    -0.088
-645.086    843.812    -0.089
-645.759    844.551    -0.089
-646.433    845.290    -0.089
-647.107    846.030    -0.089
-647.781    846.769    -0.089
-648.454    847.508    -0.089
-649.128    848.249    -0.090
-649.802    848.988    -0.090
-650.476    849.727    -0.090
-651.151    850.464    -0.090
-651.829    851.200    -0.090
-652.507    851.936    -0.090
-653.187    852.670    -0.091
-653.866    853.405    -0.091
-654.545    854.139    -0.091
-655.225    854.873    -0.091
-655.899    855.611    -0.091
-656.574    856.350    -0.091
-657.251    857.087    -0.092
-657.936    857.816    -0.092
-658.614    858.551    -0.092
-659.292    859.287    -0.092
-659.970    860.023    -0.092
-660.647    860.758    -0.092
-661.324    861.495    -0.093
-662.002    862.231    -0.093
-662.683    862.964    -0.093
-663.363    863.697    -0.093
-664.049    864.425    -0.093
-664.741    865.148    -0.093
-665.431    865.871    -0.094
-666.122    866.595    -0.094
-666.814    867.318    -0.094
-667.504    868.042    -0.094
-668.200    868.761    -0.094
-668.912    869.464    -0.094
-669.630    870.160    -0.095
-670.355    870.850    -0.095
-671.079    871.539    -0.095
-671.803    872.229    -0.095
-672.536    872.911    -0.095
-673.282    873.577    -0.096
-674.029    874.243    -0.096
-674.775    874.909    -0.096
-675.532    875.562    -0.096
-676.301    876.202    -0.096
-677.070    876.843    -0.096
-677.838    877.483    -0.097
-678.607    878.124    -0.097
-679.375    878.765    -0.097
-680.150    879.396    -0.097
-680.934    880.018    -0.097
-681.735    880.617    -0.097
-682.549    881.198    -0.098
-683.363    881.780    -0.098
-684.176    882.363    -0.098
-684.990    882.945    -0.098
-685.805    883.523    -0.098
-686.630    884.089    -0.098
-687.461    884.647    -0.099
-688.305    885.183    -0.099
-689.164    885.696    -0.099
-690.023    886.209    -0.099
-690.882    886.721    -0.099
-691.741    887.234    -0.099
-692.600    887.747    -0.100
-693.462    888.254    -0.100
-694.326    888.758    -0.100
-695.202    889.242    -0.100
-696.083    889.716    -0.100
-696.964    890.189    -0.100
-697.845    890.662    -0.101
-698.727    891.136    -0.101
-699.615    891.596    -0.101
-700.505    892.052    -0.101
-701.402    892.494    -0.101
-702.306    892.925    -0.101
-703.215    893.342    -0.101
-704.123    893.761    -0.102
-705.032    894.180    -0.102
-705.940    894.597    -0.102
-706.855    895.003    -0.102
-707.773    895.400    -0.102
-708.697    895.783    -0.102
-709.630    896.143    -0.103
-710.565    896.501    -0.103
-711.499    896.857    -0.103
-712.434    897.214    -0.103
-713.372    897.561    -0.103
-714.315    897.898    -0.103
-715.264    898.211    -0.104
-716.214    898.524    -0.104
-717.169    898.821    -0.104
-718.128    899.105    -0.104
-719.088    899.390    -0.104
-720.047    899.675    -0.104
-721.005    899.961    -0.104
-721.967    900.237    -0.105
-722.930    900.505    -0.105
-723.898    900.760    -0.105
-724.869    901.001    -0.105
-725.840    901.239    -0.105
-726.812    901.476    -0.105
-727.784    901.714    -0.105
-728.757    901.947    -0.106
-729.731    902.170    -0.106
-730.711    902.371    -0.106
-731.693    902.568    -0.106
-732.677    902.745    -0.106
-733.663    902.916    -0.106
-734.648    903.087    -0.106
-735.633    903.259    -0.107
-736.621    903.421    -0.107
-737.612    903.558    -0.107
-738.602    903.695    -0.107
-739.593    903.831    -0.107
-740.587    903.945    -0.107
-741.581    904.058    -0.107
-742.576    904.171    -0.107
-743.569    904.285    -0.108
-744.563    904.399    -0.108
-745.560    904.483    -0.108
-746.556    904.573    -0.108
-747.551    904.674    -0.108
-748.549    904.743    -0.108
-749.547    904.806    -0.108
-750.546    904.869    -0.109
-751.545    904.932    -0.109
-752.544    904.974    -0.109
-753.544    905.005    -0.109
-754.543    905.032    -0.109
-755.544    905.048    -0.109
-756.544    905.035    -0.109
-757.544    905.022    -0.109
-758.545    905.009    -0.109
-759.545    904.995    -0.110
-760.545    904.970    -0.110
-761.543    904.906    -0.110
-762.542    904.853    -0.110
-763.541    904.801    -0.110
-764.537    904.704    -0.110
-765.532    904.607    -0.110
-766.528    904.511    -0.110
-767.524    904.415    -0.110
-768.518    904.307    -0.111
-769.511    904.181    -0.111
-770.502    904.052    -0.111
-771.494    903.916    -0.111
-772.482    903.766    -0.111
-773.472    903.616    -0.111
-774.460    903.465    -0.111
-775.450    903.315    -0.111
-776.438    903.159    -0.111
-777.425    902.998    -0.111
-778.413    902.839    -0.112
-779.401    902.679    -0.112
-780.388    902.518    -0.112
-781.374    902.356    -0.112
-782.362    902.194    -0.112
-783.349    902.031    -0.112
-784.335    901.864    -0.112
-785.321    901.694    -0.112
-786.308    901.528    -0.112
-787.296    901.370    -0.112
-788.281    901.196    -0.113
-789.266    901.022    -0.113
-790.251    900.848    -0.113
-791.236    900.675    -0.113
-792.222    900.505    -0.113
-793.209    900.338    -0.113
-794.196    900.182    -0.113
-795.181    900.007    -0.113
-796.166    899.831    -0.113
-797.151    899.658    -0.113
-798.136    899.484    -0.114
-799.122    899.311    -0.114
-800.107    899.139    -0.114
-801.093    898.972    -0.114
-802.080    898.805    -0.114
-803.066    898.640    -0.114
-804.052    898.474    -0.114
-805.038    898.300    -0.114
-806.023    898.128    -0.114
-807.008    897.955    -0.114
-807.994    897.783    -0.115
-808.980    897.611    -0.115
-809.966    897.446    -0.115
-810.954    897.288    -0.115
-811.940    897.121    -0.115
-812.925    896.946    -0.115
-813.910    896.771    -0.115
-814.895    896.596    -0.115
-815.880    896.423    -0.115
-816.868    896.261    -0.115
-817.855    896.099    -0.116
-818.841    895.932    -0.116
-819.827    895.764    -0.116
-820.813    895.598    -0.116
-821.800    895.432    -0.116
-822.787    895.265    -0.116
-823.773    895.099    -0.116
-824.759    894.931    -0.116
-825.745    894.762    -0.116
-826.731    894.595    -0.116
-827.718    894.429    -0.117
-828.705    894.265    -0.117
-829.692    894.101    -0.117
-830.678    893.937    -0.117
-831.665    893.773    -0.117
-832.654    893.621    -0.117
-833.642    893.468    -0.117
-834.631    893.309    -0.117
-835.618    893.151    -0.117
-836.608    893.002    -0.118
-837.597    892.858    -0.118
-838.588    892.713    -0.118
-839.577    892.569    -0.118
-840.567    892.425    -0.118
-841.557    892.281    -0.118
-842.547    892.137    -0.118
-843.537    891.993    -0.118
-844.529    891.864    -0.118
-845.522    891.745    -0.119
-846.515    891.625    -0.119
-847.509    891.506    -0.119
-848.501    891.387    -0.119
-849.495    891.267    -0.119
-850.488    891.148    -0.119
-851.481    891.028    -0.119
-852.475    890.914    -0.119
-853.471    890.814    -0.119
-854.465    890.713    -0.120
-855.461    890.612    -0.120
-856.456    890.512    -0.120
-857.452    890.411    -0.120
-858.447    890.310    -0.120
-859.442    890.210    -0.120
-860.437    890.111    -0.120
-861.435    890.037    -0.120
-862.433    889.963    -0.121
-863.430    889.887    -0.121
-864.428    889.813    -0.121
-865.426    889.739    -0.121
-866.423    889.665    -0.121
-867.421    889.591    -0.121
-868.418    889.517    -0.121
-869.416    889.455    -0.121
-870.416    889.400    -0.122
-871.415    889.345    -0.122
-872.414    889.290    -0.122
-873.412    889.234    -0.122
-874.412    889.199    -0.122
-875.412    889.173    -0.122
-876.411    889.147    -0.122
-877.412    889.127    -0.122
-878.412    889.116    -0.123
-879.412    889.105    -0.123
-880.412    889.094    -0.123
-881.413    889.083    -0.123
-882.413    889.072    -0.123
-883.414    889.079    -0.123
-884.413    889.109    -0.123
-885.413    889.147    -0.124
-886.412    889.198    -0.124
-887.411    889.249    -0.124
-888.410    889.300    -0.124
-889.409    889.351    -0.124
-890.408    889.402    -0.124
-891.407    889.454    -0.124
-892.407    889.506    -0.125
-893.405    889.557    -0.125
-894.402    889.639    -0.125
-895.399    889.727    -0.125
-896.395    889.814    -0.125
-897.392    889.902    -0.125
-898.389    889.990    -0.125
-899.385    890.077    -0.126
-900.382    890.165    -0.126
-901.378    890.253    -0.126
-902.373    890.359    -0.126
-903.364    890.495    -0.126
-904.354    890.631    -0.126
-905.345    890.768    -0.127
-906.335    890.909    -0.127
-907.322    891.077    -0.127
-908.308    891.246    -0.127
-909.294    891.415    -0.127
-910.279    891.589    -0.127
-911.259    891.793    -0.128
-912.238    891.996    -0.128
-913.217    892.199    -0.128
-914.196    892.403    -0.128
-915.172    892.623    -0.128
-916.147    892.848    -0.128
-917.119    893.085    -0.129
-918.090    893.327    -0.129
-919.057    893.584    -0.129
-920.022    893.845    -0.129
-920.988    894.106    -0.129
-921.953    894.368    -0.129
-922.915    894.641    -0.130
-923.874    894.929    -0.130
-924.827    895.233    -0.130
-925.777    895.547    -0.130
-926.736    895.828    -0.130
-927.678    896.154    -0.131
-928.568    896.613    -0.131
-929.456    897.073    -0.131
-930.344    897.534    -0.131
-931.230    897.998    -0.131
-932.116    898.461    -0.132
-933.002    898.926    -0.132
-933.883    899.399    -0.132
-934.753    899.895    -0.132
-935.622    900.390    -0.132
-936.492    900.884    -0.133
-937.360    901.381    -0.133
-938.215    901.900    -0.133
-939.070    902.419    -0.133
-939.925    902.938    -0.133
-940.781    903.457    -0.134
-941.630    903.985    -0.134
-942.478    904.517    -0.134
-943.320    905.055    -0.134
-944.164    905.593    -0.134
-944.991    906.156    -0.135
-945.816    906.721    -0.135
-946.641    907.287    -0.135
-947.466    907.854    -0.135
-948.285    908.427    -0.135
-949.102    909.005    -0.136
-949.913    909.590    -0.136
-950.723    910.177    -0.136
-951.517    910.785    -0.136
-952.307    911.400    -0.136
-953.096    912.014    -0.137
-953.886    912.628    -0.137
-954.667    913.254    -0.137
-955.445    913.882    -0.137
-956.218    914.518    -0.137
-956.832    915.036    -0.138
-957.594    915.683    -0.138
-958.344    916.346    -0.138
-959.094    917.008    -0.138
-959.844    917.670    -0.138
-960.586    918.342    -0.139
-961.320    919.021    -0.139
-962.047    919.708    -0.139
-962.773    920.395    -0.139
-963.498    921.086    -0.139
-964.194    921.803    -0.140
-964.892    922.521    -0.140
-965.588    923.238    -0.140
-966.286    923.955    -0.140
-966.973    924.683    -0.140
-967.653    925.416    -0.141
-968.317    926.164    -0.141
-968.982    926.912    -0.141
-969.633    927.671    -0.141
-970.281    928.434    -0.142
-970.928    929.196    -0.142
-971.575    929.960    -0.142
-972.200    930.740    -0.142
-972.820    931.526    -0.142
-973.434    932.315    -0.143
-974.040    933.111    -0.143
-974.633    933.917    -0.143
-975.204    934.737    -0.143
-975.775    935.559    -0.143
-976.346    936.380    -0.144
-976.914    937.204    -0.144
-977.469    938.037    -0.144
-978.024    938.869    -0.144
-978.561    939.712    -0.144
-979.091    940.561    -0.145
-979.597    941.423    -0.145
-980.105    942.286    -0.145
-980.611    943.148    -0.145
-981.109    944.016    -0.145
-981.590    944.892    -0.146
-982.057    945.778    -0.146
-982.519    946.665    -0.146
-982.981    947.552    -0.146
-983.408    948.457    -0.146
-983.833    949.363    -0.147
-984.259    950.268    -0.147
-984.682    951.174    -0.147
-985.092    952.087    -0.147
-985.479    953.009    -0.147
-985.863    953.933    -0.148
-986.246    954.857    -0.148
-986.600    955.792    -0.148
-986.953    956.728    -0.148
-987.305    957.665    -0.148
-987.658    958.601    -0.149
-987.986    959.546    -0.149
-988.310    960.493    -0.149
-988.609    961.447    -0.149
-988.908    962.402    -0.149
-989.184    963.363    -0.150
-989.452    964.327    -0.150
-989.720    965.291    -0.150
-989.989    966.255    -0.150
-990.224    967.227    -0.150
-990.453    968.201    -0.151
-990.681    969.174    -0.151
-990.894    970.152    -0.151
-991.086    971.134    -0.151
-991.266    972.117    -0.151
-991.447    973.101    -0.151
-991.627    974.085    -0.152
-991.791    975.072    -0.152
-991.938    976.061    -0.152
-992.084    977.051    -0.152
-992.219    978.043    -0.152
-992.339    979.035    -0.152
-992.437    980.031    -0.153
-992.535    981.027    -0.153
-992.633    982.022    -0.153
-992.720    983.018    -0.153
-992.793    984.016    -0.153
-992.840    985.015    -0.153
-992.888    986.014    -0.154
-992.930    987.014    -0.154
-992.933    988.014    -0.154
-992.937    989.014    -0.154
-992.941    990.015    -0.154
-992.937    991.015    -0.154
-992.915    992.016    -0.155
-992.893    993.015    -0.155
-992.851    994.015    -0.155
-992.803    995.014    -0.155
-992.721    996.011    -0.155
-992.638    997.008    -0.155
-992.556    998.005    -0.155
-992.467    999.001    -0.156
-992.365    999.997    -0.156
-992.260    1000.991    -0.156
-992.144    1001.985    -0.156
-992.017    1002.977    -0.156
-991.848    1003.963    -0.156
-991.679    1004.949    -0.156
-991.510    1005.934    -0.157
-991.343    1006.921    -0.157
-991.176    1007.907    -0.157
-990.964    1008.885    -0.157
-990.752    1009.863    -0.157
-990.535    1010.839    -0.157
-990.293    1011.810    -0.157
-990.051    1012.781    -0.157
-989.809    1013.751    -0.158
-989.558    1014.720    -0.158
-989.297    1015.686    -0.158
-989.033    1016.651    -0.158
-988.749    1017.610    -0.158
-988.463    1018.568    -0.158
-988.135    1019.513    -0.158
-987.808    1020.458    -0.158
-987.479    1021.403    -0.158
-987.148    1022.347    -0.159
-986.786    1023.280    -0.159
-986.424    1024.212    -0.159
-986.055    1025.142    -0.159
-985.686    1026.072    -0.159
-985.287    1026.989    -0.159
-984.880    1027.903    -0.159
-984.472    1028.816    -0.159
-984.064    1029.730    -0.159
-983.628    1030.630    -0.159
-983.189    1031.529    -0.159
-982.736    1032.421    -0.159
-982.284    1033.313    -0.160
-981.809    1034.193    -0.160
-981.320    1035.065    -0.160
-980.831    1035.939    -0.160
-980.341    1036.811    -0.160
-979.848    1037.681    -0.160
-979.331    1038.538    -0.160
-978.811    1039.392    -0.160
-978.282    1040.241    -0.160
-977.748    1041.087    -0.160
-977.190    1041.917    -0.160
-976.632    1042.748    -0.160
-976.074    1043.578    -0.160
-975.511    1044.405    -0.160
-974.921    1045.212    -0.160
-974.330    1046.019    -0.160
-973.732    1046.822    -0.160
-973.127    1047.618    -0.160
-972.500    1048.396    -0.161
-971.857    1049.163    -0.161
-971.215    1049.932    -0.161
-970.574    1050.699    -0.161
-969.922    1051.458    -0.161
-969.269    1052.214    -0.161
-968.609    1052.968    -0.161
-967.938    1053.710    -0.161
-967.252    1054.437    -0.161
-966.552    1055.152    -0.161
-965.852    1055.866    -0.161
-965.152    1056.581    -0.161
-964.441    1057.285    -0.161
-963.725    1057.983    -0.161
-963.005    1058.678    -0.161
-962.268    1059.355    -0.161
-961.529    1060.027    -0.161
-960.771    1060.680    -0.161
-960.012    1061.333    -0.161
-959.255    1061.986    -0.161
-958.490    1062.631    -0.161
-957.717    1063.266    -0.161
-956.945    1063.902    -0.161
-956.158    1064.520    -0.161
-955.368    1065.134    -0.161
-954.557    1065.719    -0.161
-953.745    1066.304    -0.161
-952.933    1066.889    -0.161
-952.113    1067.459    -0.161
-951.287    1068.025    -0.161
-950.453    1068.576    -0.161
-949.610    1069.114    -0.161
-948.763    1069.647    -0.160
-947.907    1070.166    -0.160
-947.051    1070.683    -0.160
-946.196    1071.202    -0.160
-945.339    1071.718    -0.160
-944.467    1072.207    -0.160
-943.591    1072.692    -0.160
-942.710    1073.164    -0.160
-941.827    1073.636    -0.160
-940.934    1074.085    -0.160
-940.036    1074.526    -0.160
-939.138    1074.968    -0.160
-938.239    1075.405    -0.160
-937.329    1075.821    -0.160
-936.420    1076.239    -0.160
-935.499    1076.629    -0.160
-934.578    1077.019    -0.160
-933.652    1077.399    -0.160
-932.720    1077.762    -0.159
-931.788    1078.125    -0.159
-930.856    1078.488    -0.159
-929.913    1078.823    -0.159
-928.968    1079.149    -0.159
-928.014    1079.454    -0.159
-927.062    1079.758    -0.159
-926.105    1080.050    -0.159
-925.146    1080.332    -0.159
-924.186    1080.615    -0.159
-923.226    1080.898    -0.159
-922.257    1081.149    -0.159
-921.286    1081.388    -0.158
-920.311    1081.613    -0.158
-919.336    1081.838    -0.158
-918.358    1082.047    -0.158
-917.378    1082.243    -0.158
-916.397    1082.439    -0.158
-915.416    1082.633    -0.158
-914.427    1082.793    -0.158
-913.440    1082.953    -0.158
-912.453    1083.113    -0.157
-911.465    1083.273    -0.157
-910.473    1083.397    -0.157
-909.480    1083.515    -0.157
-908.486    1083.633    -0.157
-907.493    1083.752    -0.157
-906.496    1083.826    -0.157
-905.498    1083.896    -0.157
-904.500    1083.967    -0.156
-903.502    1084.039    -0.156
-902.503    1084.088    -0.156
-901.503    1084.114    -0.156
-900.503    1084.140    -0.156
-899.503    1084.166    -0.156
-898.503    1084.159    -0.156
-897.502    1084.148    -0.156
-896.502    1084.138    -0.155
-895.501    1084.128    -0.155
-894.502    1084.108    -0.155
-893.503    1084.043    -0.155
-892.505    1083.979    -0.155
-891.506    1083.914    -0.155
-890.510    1083.838    -0.154
-889.514    1083.740    -0.154
-888.519    1083.642    -0.154
-887.523    1083.544    -0.154
-886.532    1083.415    -0.154
-885.542    1083.264    -0.154
-884.553    1083.114    -0.154
-883.565    1082.963    -0.153
-882.575    1082.810    -0.153
-881.589    1082.644    -0.153
-880.603    1082.478    -0.153
-879.623    1082.276    -0.153
-878.644    1082.070    -0.153
-877.670    1081.843    -0.152
-876.696    1081.616    -0.152
-875.721    1081.389    -0.152
-874.747    1081.161    -0.152
-873.780    1080.904    -0.152
-872.815    1080.639    -0.152
-871.851    1080.375    -0.151
-870.887    1080.111    -0.151
-869.925    1079.833    -0.151
-868.975    1079.520    -0.151
-868.026    1079.206    -0.151
-867.076    1078.892    -0.150
-866.128    1078.572    -0.150
-865.189    1078.228    -0.150
-864.249    1077.883    -0.150
-863.310    1077.540    -0.150
-862.371    1077.195    -0.149
-861.441    1076.828    -0.149
-860.511    1076.456    -0.149
-859.583    1076.085    -0.149
-858.654    1075.714    -0.149
-857.734    1075.320    -0.149
-856.817    1074.921    -0.148
-855.905    1074.510    -0.148
-854.995    1074.095    -0.148
-854.090    1073.669    -0.148
-853.191    1073.231    -0.148
-852.292    1072.791    -0.147
-851.394    1072.351    -0.147
-850.497    1071.907    -0.147
-849.612    1071.442    -0.147
-848.727    1070.976    -0.147
-847.840    1070.511    -0.146
-846.966    1070.025    -0.146
-846.095    1069.534    -0.146
-845.222    1069.043    -0.146
-844.351    1068.554    -0.146
-843.479    1068.063    -0.145
-842.622    1067.547    -0.145
-841.769    1067.025    -0.145
-840.914    1066.504    -0.145
-840.061    1065.983    -0.145
-839.210    1065.457    -0.144
-838.369    1064.915    -0.144
-837.527    1064.374    -0.144
-836.686    1063.833    -0.144
-835.847    1063.288    -0.144
-835.021    1062.723    -0.143
-834.196    1062.159    -0.143
-833.371    1061.594    -0.143
-832.545    1061.028    -0.143
-831.735    1060.441    -0.143
-830.927    1059.852    -0.142
-830.118    1059.262    -0.142
-829.311    1058.671    -0.142
-828.510    1058.073    -0.142
-827.708    1057.473    -0.142
-826.908    1056.875    -0.141
-826.108    1056.274    -0.141
-825.325    1055.651    -0.141
-824.540    1055.030    -0.141
-823.757    1054.408    -0.141
-822.974    1053.786    -0.140
-822.197    1053.155    -0.140
-821.420    1052.526    -0.140
-820.643    1051.895    -0.140
-819.871    1051.260    -0.140
-819.112    1050.609    -0.139
-818.351    1049.957    -0.139
-817.592    1049.307    -0.139
-816.833    1048.655    -0.139
-816.080    1047.996    -0.139
-815.329    1047.336    -0.138
-814.577    1046.676    -0.138
-813.826    1046.015    -0.138
-813.082    1045.347    -0.138
-812.342    1044.673    -0.138
-811.602    1044.000    -0.137
-810.862    1043.326    -0.137
-810.128    1042.648    -0.137
-809.399    1041.962    -0.137
-808.670    1041.277    -0.136
-807.940    1040.592    -0.136
-807.216    1039.902    -0.136
-806.497    1039.207    -0.136
-805.778    1038.512    -0.136
-805.058    1037.817    -0.135
-804.345    1037.116    -0.135
-803.638    1036.408    -0.135
-802.933    1035.699    -0.135
-802.226    1034.991    -0.135
-801.521    1034.282    -0.134
-800.814    1033.573    -0.134
-800.108    1032.864    -0.134
-799.402    1032.156    -0.134
-798.700    1031.443    -0.134
-798.009    1030.720    -0.133
-797.318    1029.997    -0.133
-796.626    1029.274    -0.133
-795.935    1028.550    -0.133
-790.521    1033.933    -0.133
-789.834    1033.206    -0.133
-789.147    1032.479    -0.133
-788.459    1031.752    -0.132
-787.773    1031.026    -0.132
-787.085    1030.299    -0.132
-786.398    1029.572    -0.132
-785.712    1028.845    -0.132
-785.024    1028.118    -0.131
-784.337    1027.390    -0.131
-783.649    1026.663    -0.131
-782.971    1025.928    -0.131
-782.295    1025.191    -0.131
-781.620    1024.453    -0.130
-780.945    1023.715    -0.130
-780.269    1022.978    -0.130
-779.593    1022.239    -0.130
-778.917    1021.502    -0.130
-778.242    1020.764    -0.129
-777.565    1020.028    -0.129
-776.886    1019.293    -0.129
-776.207    1018.558    -0.129
-775.529    1017.823    -0.129
-774.850    1017.088    -0.128
-774.171    1016.353    -0.128
-773.492    1015.619    -0.128
-772.814    1014.884    -0.128
-772.135    1014.149    -0.128
-771.456    1013.413    -0.127
-770.779    1012.678    -0.127
-770.100    1011.943    -0.127
-769.421    1011.208    -0.127
-768.743    1010.473    -0.127
-768.065    1009.737    -0.126
-767.387    1009.001    -0.126
-766.709    1008.266    -0.126
-766.031    1007.531    -0.126
-765.352    1006.796    -0.126
-764.674    1006.061    -0.125
-763.998    1005.323    -0.125
-763.323    1004.584    -0.125
-762.647    1003.847    -0.125
-761.972    1003.109    -0.125
-761.297    1002.371    -0.124
-760.622    1001.633    -0.124
-759.947    1000.895    -0.124
-759.271    1000.156    -0.124
-758.596    999.418    -0.124
-757.921    998.680    -0.123
-757.246    997.942    -0.123
-756.570    997.204    -0.123
-755.895    996.465    -0.123
-755.220    995.728    -0.123
-754.544    994.990    -0.122
-753.869    994.252    -0.122
-753.194    993.514    -0.122
-752.519    992.776    -0.122
-751.844    992.037    -0.122
-751.168    991.299    -0.121
-750.493    990.561    -0.121
-749.818    989.823    -0.121
-749.143    989.085    -0.121
-748.467    988.347    -0.121
-747.793    987.608    -0.121
-747.117    986.871    -0.120
-746.441    986.133    -0.120
-745.766    985.395    -0.120
-745.092    984.657    -0.120
-744.416    983.918    -0.120
-743.741    983.179    -0.119
-743.066    982.441    -0.119
-742.392    981.703    -0.119
-741.716    980.965    -0.119
-741.041    980.227    -0.119
-740.365    979.488    -0.118
-739.691    978.750    -0.118
-739.016    978.012    -0.118
-738.340    977.274    -0.118
-737.665    976.536    -0.118
-736.991    975.797    -0.117
-736.316    975.059    -0.117
-735.640    974.320    -0.117
-734.965    973.582    -0.117
-734.291    972.844    -0.117
-733.615    972.106    -0.116
-732.940    971.368    -0.116
-732.264    970.630    -0.116
-731.590    969.892    -0.116
-730.915    969.153    -0.116
-730.239    968.415    -0.116
-729.564    967.677    -0.115
-728.890    966.938    -0.115
-728.215    966.200    -0.115
-727.539    965.462    -0.115
-726.864    964.724    -0.115
-726.190    963.986    -0.114
-725.514    963.247    -0.114
-724.839    962.509    -0.114
-724.163    961.771    -0.114
-723.489    961.033    -0.114
-722.813    960.295    -0.113
-722.138    959.557    -0.113
-721.464    958.818    -0.113
-720.789    958.080    -0.113
-720.113    957.341    -0.113
-719.438    956.603    -0.113
-718.764    955.865    -0.112
-718.089    955.126    -0.112
-717.413    954.388    -0.112
-716.738    953.650    -0.112
-716.064    952.912    -0.112
-715.388    952.174    -0.111
-714.713    951.436    -0.111
-714.038    950.697    -0.111
-713.363    949.959    -0.111
-712.688    949.220    -0.111
-712.013    948.482    -0.110
-711.338    947.744    -0.110
-710.663    947.005    -0.110
-709.988    946.267    -0.110
-709.313    945.529    -0.110
-708.637    944.791    -0.110
-707.963    944.053    -0.109
-707.287    943.315    -0.109
-706.612    942.576    -0.109
-705.937    941.838    -0.109
-705.262    941.100    -0.109
-704.587    940.362    -0.108
-703.912    939.624    -0.108
-703.236    938.885    -0.108
-702.562    938.146    -0.108
-701.887    937.408    -0.108
-701.212    936.670    -0.108
-700.536    935.932    -0.107
-699.862    935.194    -0.107
-699.187    934.455    -0.107
-698.511    933.717    -0.107
-697.837    932.979    -0.107
-697.162    932.241    -0.106
-696.486    931.503    -0.106
-695.811    930.765    -0.106
-695.136    930.026    -0.106
-694.461    929.288    -0.106
-693.786    928.550    -0.106
-693.110    927.812    -0.105
-692.436    927.073    -0.105
-691.761    926.334    -0.105
-691.086    925.596    -0.105
-690.410    924.858    -0.105
-689.736    924.120    -0.104
-689.061    923.382    -0.104
-688.385    922.644    -0.104
-687.710    921.905    -0.104
-687.035    921.168    -0.104
-686.358    920.431    -0.104
-685.682    919.693    -0.103
-685.006    918.956    -0.103
-684.331    918.217    -0.103
-683.656    917.480    -0.103
-682.979    916.742    -0.103
-682.303    916.005    -0.102
-681.628    915.267    -0.102
-680.952    914.530    -0.102
-680.276    913.792    -0.102
-679.600    913.054    -0.102
-678.926    912.316    -0.102
-678.250    911.579    -0.101
-677.573    910.842    -0.101
-676.898    910.104    -0.101
-676.222    909.366    -0.101
-675.546    908.628    -0.101
-674.870    907.891    -0.100
-674.195    907.154    -0.100
-673.519    906.416    -0.100
-672.843    905.678    -0.100
-672.167    904.940    -0.100
-671.492    904.203    -0.100
-670.816    903.465    -0.099
-670.140    902.728    -0.099
-669.464    901.990    -0.099
-668.789    901.252    -0.099
-668.113    900.515    -0.099
-667.437    899.777    -0.099
-666.761    899.040    -0.098
-666.086    898.303    -0.098
-665.409    897.565    -0.098
-664.733    896.827    -0.098
-664.058    896.089    -0.098
-663.383    895.352    -0.098
-662.707    894.614    -0.097
-662.031    893.877    -0.097
-661.355    893.140    -0.097
-660.679    892.401    -0.097
-660.003    891.664    -0.097
-659.327    890.926    -0.096
-658.652    890.189    -0.096
-657.976    889.452    -0.096
-657.300    888.713    -0.096
-656.624    887.976    -0.096
-655.949    887.238    -0.096
-655.273    886.500    -0.095
-654.597    885.763    -0.095
-653.921    885.026    -0.095
-653.246    884.287    -0.095
-652.570    883.550    -0.095
-651.893    882.813    -0.095
-651.217    882.076    -0.094
-650.541    881.339    -0.094
-649.865    880.602    -0.094
-649.189    879.864    -0.094
-648.512    879.127    -0.094
-647.837    878.390    -0.094
-647.160    877.653    -0.093
-646.484    876.916    -0.093
-645.808    876.179    -0.093
-645.132    875.441    -0.093
-644.456    874.703    -0.093
-643.779    873.966    -0.093
-643.104    873.229    -0.092
-642.428    872.492    -0.092
-641.751    871.754    -0.092
-641.075    871.017    -0.092
-640.399    870.280    -0.092
-639.723    869.543    -0.092
-639.046    868.806    -0.091
-638.370    868.069    -0.091
-637.694    867.331    -0.091
-637.018    866.594    -0.091
-636.342    865.857    -0.091
-635.665    865.119    -0.091
-634.990    864.382    -0.090
-634.314    863.645    -0.090
-633.637    862.907    -0.090
-632.962    862.170    -0.090
-632.285    861.433    -0.090
-631.609    860.696    -0.090
-630.932    859.959    -0.089
-630.257    859.222    -0.089
-629.580    858.484    -0.089
-628.904    857.747    -0.089
-628.228    857.010    -0.089
-627.552    856.272    -0.089
-626.876    855.535    -0.088
-626.200    854.797    -0.088
-625.523    854.060    -0.088
-624.848    853.323    -0.088
-624.171    852.586    -0.088
-623.495    851.849    -0.088
-622.818    851.112    -0.087
-622.143    850.374    -0.087
-621.466    849.637    -0.087
-620.790    848.900    -0.087
-620.115    848.163    -0.087
-619.438    847.425    -0.087
-618.762    846.688    -0.086
-618.086    845.950    -0.086
-617.410    845.213    -0.086
-616.734    844.476    -0.086
-616.057    843.739    -0.086
-615.381    843.002    -0.086
-614.705    842.265    -0.085
-614.029    841.527    -0.085
-613.352    840.790    -0.085
-612.676    840.053    -0.085
-612.000    839.316    -0.085
-611.324    838.579    -0.085
-610.648    837.842    -0.084
-609.971    837.104    -0.084
-609.296    836.366    -0.084
-608.619    835.629    -0.084
-607.943    834.892    -0.084
-607.266    834.155    -0.084
-606.591    833.417    -0.083
-605.915    832.680    -0.083
-605.238    831.943    -0.083
-604.563    831.206    -0.083
-603.886    830.469    -0.083
-603.210    829.732    -0.083
-602.534    828.994    -0.082
-601.858    828.257    -0.082
-601.182    827.519    -0.082
-600.505    826.782    -0.082
-599.829    826.045    -0.082
-599.153    825.308    -0.082
-598.477    824.570    -0.082
-597.801    823.833    -0.081
-597.124    823.096    -0.081
-596.449    822.359    -0.081
-595.772    821.622    -0.081
-595.096    820.885    -0.081
-594.420    820.147    -0.081
-593.744    819.410    -0.080
-593.068    818.672    -0.080
-592.391    817.935    -0.080
-591.716    817.198    -0.080
-591.040    816.460    -0.080
-590.363    815.723    -0.080
-589.687    814.986    -0.079
-589.011    814.249    -0.079
-588.335    813.512    -0.079
-587.658    812.775    -0.079
-586.982    812.037    -0.079
-586.307    811.300    -0.079
-585.630    810.563    -0.079
-584.954    809.826    -0.078
-584.277    809.088    -0.078
-583.602    808.351    -0.078
-582.926    807.613    -0.078
-582.249    806.876    -0.078
-581.573    806.139    -0.078
-580.897    805.402    -0.077
-580.221    804.665    -0.077
-579.544    803.928    -0.077
-578.869    803.190    -0.077
-578.193    802.453    -0.077
-577.516    801.716    -0.077
-576.840    800.979    -0.077
-576.164    800.241    -0.076
-575.488    799.504    -0.076
-574.812    798.766    -0.076
-574.135    798.029    -0.076
-573.460    797.292    -0.076
-572.783    796.555    -0.076
-572.107    795.818    -0.075
-571.430    795.080    -0.075
-570.755    794.343    -0.075
-570.079    793.606    -0.075
-569.402    792.869    -0.075
-568.725    792.132    -0.075
-568.050    791.395    -0.075
-567.374    790.657    -0.074
-566.697    789.919    -0.074
-566.022    789.182    -0.074
-565.346    788.445    -0.074
-564.669    787.708    -0.074
-563.993    786.971    -0.074
-563.318    786.232    -0.073
-562.642    785.495    -0.073
-561.966    784.757    -0.073
-561.290    784.020    -0.073
-560.615    783.282    -0.073
-559.940    782.544    -0.073
-559.264    781.806    -0.073
-558.588    781.068    -0.072
-557.913    780.331    -0.072
-557.238    779.593    -0.072
-556.562    778.855    -0.072
-555.886    778.117    -0.072
-555.211    777.379    -0.072
-554.535    776.641    -0.072
-553.860    775.904    -0.071
-553.184    775.166    -0.071
-552.509    774.429    -0.071
-551.833    773.690    -0.071
-551.157    772.952    -0.071
-550.481    772.215    -0.071
-549.806    771.477    -0.070
-549.130    770.740    -0.070
-548.454    770.002    -0.070
-547.780    769.264    -0.070
-547.104    768.526    -0.070
-546.428    767.788    -0.070
-545.752    767.051    -0.070
-545.078    766.313    -0.069
-544.402    765.574    -0.069
-543.726    764.837    -0.069
-543.050    764.099    -0.069
-542.375    763.361    -0.069
-541.699    762.624    -0.069
-541.023    761.887    -0.069
-540.347    761.148    -0.068
-539.673    760.410    -0.068
-538.997    759.673    -0.068
-538.321    758.935    -0.068
-537.645    758.197    -0.068
-536.970    757.459    -0.068
-536.295    756.721    -0.068
-535.619    755.984    -0.067
-534.943    755.246    -0.067
-534.268    754.508    -0.067
-533.593    753.770    -0.067
-532.917    753.032    -0.067
-532.241    752.294    -0.067
-531.566    751.557    -0.067
-530.890    750.819    -0.066
-530.214    750.082    -0.066
-529.539    749.344    -0.066
-528.863    748.606    -0.066
-528.187    747.868    -0.066
-527.512    747.130    -0.066
-526.837    746.393    -0.066
-526.161    745.655    -0.065
-525.485    744.917    -0.065
-524.809    744.179    -0.065
-524.134    743.442    -0.065
-523.458    742.704    -0.065
-522.782    741.967    -0.065
-522.106    741.229    -0.065
-521.432    740.490    -0.064
-520.756    739.753    -0.064
-520.080    739.015    -0.064
-519.404    738.278    -0.064
-518.729    737.540    -0.064
-518.053    736.802    -0.064
-517.378    736.064    -0.064
-516.702    735.326    -0.063
-516.027    734.589    -0.063
-515.351    733.851    -0.063
-514.675    733.113    -0.063
-514.000    732.374    -0.063
-513.326    731.636    -0.063
-512.650    730.898    -0.063
-511.975    730.160    -0.062
-511.301    729.422    -0.062
-510.626    728.684    -0.062
-509.950    727.944    -0.062
-509.275    727.206    -0.062
-508.601    726.468    -0.062
-507.926    725.730    -0.062
-507.251    724.992    -0.061
-506.576    724.252    -0.061
-505.901    723.514    -0.061
-505.226    722.776    -0.061
-504.551    722.038    -0.061
-503.875    721.300    -0.061
-503.201    720.562    -0.061
-502.526    719.823    -0.061
-501.851    719.084    -0.060
-501.176    718.346    -0.060
-500.502    717.608    -0.060
-499.826    716.870    -0.060
-499.151    716.132    -0.060
-498.476    715.393    -0.060
-497.802    714.654    -0.060
-497.126    713.916    -0.059
-496.451    713.178    -0.059
-495.776    712.440    -0.059
-495.102    711.701    -0.059
-494.427    710.963    -0.059
-493.751    710.224    -0.059
-493.076    709.486    -0.059
-492.402    708.748    -0.058
-491.727    708.010    -0.058
-491.052    707.271    -0.058
-490.376    706.532    -0.058
-489.702    705.794    -0.058
-489.027    705.056    -0.058
-488.351    704.318    -0.058
-487.676    703.580    -0.058
-487.001    702.842    -0.057
-486.325    702.104    -0.057
-485.649    701.367    -0.057
-484.974    700.629    -0.057
-484.298    699.892    -0.057
-483.623    699.153    -0.057
-482.947    698.415    -0.057
-482.272    697.677    -0.056
-481.597    696.940    -0.056
-480.921    696.202    -0.056
-480.245    695.463    -0.056
-479.570    694.726    -0.056
-478.894    693.988    -0.056
-478.218    693.251    -0.056
-477.543    692.513    -0.056
-476.868    691.775    -0.055
-476.192    691.036    -0.055
-475.517    690.299    -0.055
-474.841    689.561    -0.055
-474.166    688.823    -0.055
-473.490    688.086    -0.055
-472.815    687.348    -0.055
-472.139    686.609    -0.055
-471.464    685.872    -0.054
-470.788    685.134    -0.054
-470.112    684.397    -0.054
-469.437    683.659    -0.054
-468.762    682.920    -0.054
-468.086    682.182    -0.054
-467.410    681.445    -0.054
-466.736    680.707    -0.054
-466.060    679.969    -0.053
-465.384    679.232    -0.053
-464.707    678.494    -0.053
-464.032    677.757    -0.053
-463.356    677.020    -0.053
-462.679    676.282    -0.053
-462.003    675.545    -0.053
-461.328    674.808    -0.052
-460.651    674.070    -0.052
-459.975    673.333    -0.052
-459.299    672.596    -0.052
-458.623    671.858    -0.052
-457.947    671.121    -0.052
-457.271    670.383    -0.052
-456.594    669.646    -0.052
-455.919    668.909    -0.051
-455.242    668.172    -0.051
-454.566    667.435    -0.051
-453.891    666.698    -0.051
-453.214    665.960    -0.051
-452.538    665.222    -0.051
-451.862    664.485    -0.051
-451.187    663.747    -0.051
-450.511    663.010    -0.050
-449.835    662.272    -0.050
-449.159    661.534    -0.050
-448.484    660.796    -0.050
-447.808    660.059    -0.050
-447.133    659.321    -0.050
-446.457    658.583    -0.050
-445.782    657.846    -0.050
-445.106    657.107    -0.049
-444.430    656.370    -0.049
-443.755    655.632    -0.049
-443.080    654.894    -0.049
-442.404    654.157    -0.049
-441.728    653.418    -0.049
-441.052    652.681    -0.049
-440.377    651.943    -0.049
-439.701    651.206    -0.048
-439.025    650.468    -0.048
-438.349    649.731    -0.048
-437.675    648.992    -0.048
-436.999    648.254    -0.048
-436.323    647.517    -0.048
-435.648    646.779    -0.048
-434.972    646.042    -0.048
-434.296    645.304    -0.048
-433.620    644.566    -0.047
-432.945    643.828    -0.047
-432.269    643.091    -0.047
-431.594    642.353    -0.047
-430.918    641.615    -0.047
-430.243    640.877    -0.047
-429.567    640.139    -0.047
-428.891    639.401    -0.047
-428.216    638.664    -0.046
-427.541    637.926    -0.046
-426.865    637.189    -0.046
-426.189    636.450    -0.046
-425.513    635.713    -0.046
-424.838    634.975    -0.046
-424.162    634.238    -0.046
-423.487    633.500    -0.046
-422.811    632.761    -0.045
-422.137    632.022    -0.045
-421.462    631.284    -0.045
-420.787    630.546    -0.045
-420.111    629.808    -0.045
-419.437    629.070    -0.045
-418.761    628.331    -0.045
-418.086    627.593    -0.045
-417.412    626.855    -0.045
-416.737    626.116    -0.044
-416.062    625.378    -0.044
-415.387    624.639    -0.044
-414.712    623.901    -0.044
-414.037    623.163    -0.044
-413.362    622.425    -0.044
-412.687    621.687    -0.044
-412.012    620.948    -0.044
-411.337    620.209    -0.044
-410.662    619.471    -0.043
-409.986    618.733    -0.043
-409.312    617.995    -0.043
-408.637    617.257    -0.043
-407.962    616.518    -0.043
-407.287    615.779    -0.043
-406.612    615.041    -0.043
-405.937    614.303    -0.043
-405.261    613.566    -0.042
-404.585    612.828    -0.042
-403.910    612.090    -0.042
-403.234    611.353    -0.042
-402.558    610.615    -0.042
-401.882    609.878    -0.042
-401.207    609.140    -0.042
-400.530    608.403    -0.042
-399.854    607.665    -0.042
-399.178    606.928    -0.041
-398.503    606.190    -0.041
-397.827    605.453    -0.041
-397.151    604.716    -0.041
-396.476    603.978    -0.041
-395.800    603.240    -0.041
-395.123    602.502    -0.041
-394.447    601.765    -0.041
-393.772    601.028    -0.041
-393.096    600.290    -0.040
-392.420    599.552    -0.040
-391.744    598.815    -0.040
-391.069    598.077    -0.040
-390.393    597.340    -0.040
-389.716    596.603    -0.040
-389.040    595.865    -0.040
-388.366    595.127    -0.040
-387.690    594.389    -0.040
-387.014    593.652    -0.039
-386.337    592.914    -0.039
-385.662    592.177    -0.039
-384.986    591.440    -0.039
-384.310    590.701    -0.039
-383.634    589.964    -0.039
-382.959    589.227    -0.039
-382.283    588.489    -0.039
-381.607    587.752    -0.039
-380.932    587.013    -0.038
-380.256    586.276    -0.038
-379.580    585.538    -0.038
-378.905    584.800    -0.038
-378.230    584.062    -0.038
-377.554    583.325    -0.038
-376.879    582.586    -0.038
-376.203    581.848    -0.038
-375.528    581.110    -0.038
-374.853    580.373    -0.037
-374.177    579.635    -0.037
-373.502    578.897    -0.037
-372.827    578.158    -0.037
-372.152    577.420    -0.037
-371.476    576.682    -0.037
-370.801    575.944    -0.037
-370.126    575.206    -0.037
-369.450    574.468    -0.037
-368.775    573.730    -0.037
-368.099    572.993    -0.036
-367.422    572.256    -0.036
-366.745    571.520    -0.036
-366.067    570.784    -0.036
-365.390    570.047    -0.036
-364.714    569.310    -0.036
-364.036    568.574    -0.036
-363.359    567.838    -0.036
-362.683    567.102    -0.036
-362.006    566.365    -0.035
-361.328    565.628    -0.035
-360.651    564.892    -0.035
-359.974    564.156    -0.035
-359.297    563.420    -0.035
-358.620    562.683    -0.035
-357.942    561.947    -0.035
-357.266    561.210    -0.035
-356.589    560.473    -0.035
-355.911    559.737    -0.035
-355.235    559.001    -0.034
-354.559    558.263    -0.034
-353.883    557.526    -0.034
-353.207    556.788    -0.034
-352.531    556.051    -0.034
-351.854    555.314    -0.034
-351.178    554.577    -0.034
-350.502    553.840    -0.034
-349.826    553.103    -0.034
-349.150    552.365    -0.034
-348.474    551.627    -0.033
-347.797    550.890    -0.033
-347.122    550.153    -0.033
-346.445    549.416    -0.033
-345.769    548.678    -0.033
-345.093    547.941    -0.033
-344.417    547.204    -0.033
-343.741    546.467    -0.033
-343.065    545.729    -0.033
-342.388    544.992    -0.033
-341.713    544.254    -0.032
-341.037    543.517    -0.032
-340.360    542.780    -0.032
-339.685    542.043    -0.032
-339.009    541.305    -0.032
-338.332    540.568    -0.032
-337.656    539.830    -0.032
-336.981    539.093    -0.032
-336.304    538.356    -0.032
-335.628    537.619    -0.032
-334.952    536.881    -0.031
-334.277    536.143    -0.031
-333.600    535.406    -0.031
-332.924    534.669    -0.031
-332.249    533.930    -0.031
-331.576    533.191    -0.031
-330.902    532.452    -0.031
-330.228    531.712    -0.031
-329.554    530.973    -0.031
-328.880    530.234    -0.031
-328.204    529.496    -0.030
-327.528    528.759    -0.030
-326.852    528.020    -0.030
-326.177    527.283    -0.030
-325.502    526.545    -0.030
-324.826    525.807    -0.030
-324.150    525.070    -0.030
-323.475    524.332    -0.030
-322.799    523.594    -0.030
-322.124    522.856    -0.030
-321.449    522.118    -0.030
-320.773    521.381    -0.029
-320.097    520.643    -0.029
-319.421    519.906    -0.029
-318.746    519.167    -0.029
-318.070    518.430    -0.029
-317.395    517.692    -0.029
-316.719    516.954    -0.029
-316.044    516.217    -0.029
-315.368    515.478    -0.029
-314.692    514.740    -0.029
-314.016    514.003    -0.029
-313.342    513.265    -0.028
-312.666    512.527    -0.028
-311.990    511.790    -0.028
-311.314    511.051    -0.028
-310.639    510.314    -0.028
-309.963    509.577    -0.028
-309.287    508.839    -0.028
-308.611    508.101    -0.028
-307.936    507.364    -0.028
-307.261    506.625    -0.028
-306.585    505.887    -0.027
-305.909    505.150    -0.027
-305.234    504.412    -0.027
-304.559    503.674    -0.027
-303.883    502.936    -0.027
-303.208    502.198    -0.027
-302.533    501.460    -0.027
-301.857    500.722    -0.027
-301.182    499.984    -0.027
-300.507    499.247    -0.027
-299.831    498.508    -0.027
-299.156    497.770    -0.026
-298.480    497.033    -0.026
-297.805    496.295    -0.026
-297.130    495.557    -0.026
-296.454    494.819    -0.026
-295.778    494.080    -0.026
-295.104    493.342    -0.026
-294.428    492.605    -0.026
-293.752    491.867    -0.026
-293.077    491.129    -0.026
-292.402    490.391    -0.026
-291.726    489.653    -0.026
-291.051    488.915    -0.025
-290.375    488.177    -0.025
-289.701    487.439    -0.025
-289.025    486.701    -0.025
-288.349    485.963    -0.025
-287.674    485.225    -0.025
-286.999    484.487    -0.025
-286.324    483.749    -0.025
-285.648    483.011    -0.025
-284.973    482.273    -0.025
-284.298    481.535    -0.025
-283.622    480.797    -0.024
-282.946    480.059    -0.024
-282.272    479.321    -0.024
-281.596    478.584    -0.024
-280.920    477.845    -0.024
-280.245    477.107    -0.024
-279.570    476.370    -0.024
-278.894    475.632    -0.024
-278.219    474.894    -0.024
-277.543    474.155    -0.024
-276.869    473.417    -0.024
-276.193    472.680    -0.024
-275.517    471.942    -0.023
-274.841    471.205    -0.023
-274.166    470.467    -0.023
-273.490    469.729    -0.023
-272.813    468.992    -0.023
-272.137    468.255    -0.023
-271.462    467.517    -0.023
-270.786    466.780    -0.023
-270.110    466.042    -0.023
-269.434    465.304    -0.023
-268.758    464.567    -0.023
-268.082    463.830    -0.023
-267.406    463.092    -0.022
-266.731    462.355    -0.022
-266.055    461.618    -0.022
-265.379    460.879    -0.022
-264.702    460.142    -0.022
-264.027    459.405    -0.022
-263.351    458.667    -0.022
-262.675    457.930    -0.022
-261.999    457.192    -0.022
-261.324    456.454    -0.022
-260.648    455.717    -0.022
-259.972    454.979    -0.022
-259.296    454.241    -0.021
-258.622    453.504    -0.021
-257.946    452.765    -0.021
-257.270    452.027    -0.021
-256.595    451.289    -0.021
-255.920    450.552    -0.021
-255.244    449.814    -0.021
-254.568    449.077    -0.021
-253.892    448.338    -0.021
-253.217    447.601    -0.021
-252.541    446.863    -0.021
-251.866    446.125    -0.021
-251.191    445.388    -0.021
-250.515    444.649    -0.020
-249.839    443.911    -0.020
-249.163    443.174    -0.020
-248.489    442.436    -0.020
-247.813    441.698    -0.020
-247.137    440.961    -0.020
-246.461    440.222    -0.020
-245.787    439.484    -0.020
-245.111    438.747    -0.020
-244.435    438.009    -0.020
-243.759    437.272    -0.020
-243.084    436.533    -0.020
-242.409    435.795    -0.020
-241.733    435.058    -0.019
-241.057    434.320    -0.019
-240.382    433.582    -0.019
-239.707    432.844    -0.019
-239.031    432.106    -0.019
-238.355    431.368    -0.019
-237.680    430.631    -0.019
-237.004    429.893    -0.019
-236.329    429.155    -0.019
-235.653    428.418    -0.019
-234.977    427.680    -0.019
-234.301    426.943    -0.019
-233.624    426.206    -0.019
-232.949    425.469    -0.018
-232.272    424.732    -0.018
-231.596    423.994    -0.018
-230.919    423.256    -0.018
-230.244    422.519    -0.018
-229.568    421.782    -0.018
-228.892    421.045    -0.018
-228.215    420.308    -0.018
-227.540    419.570    -0.018
-226.863    418.833    -0.018
-226.187    418.096    -0.018
-225.511    417.358    -0.018
-224.835    416.621    -0.018
-224.158    415.885    -0.018
-223.482    415.147    -0.017
-222.805    414.410    -0.017
-222.130    413.672    -0.017
-221.454    412.935    -0.017
-220.778    412.198    -0.017
-220.102    411.461    -0.017
-219.426    410.723    -0.017
-218.750    409.985    -0.017
-218.073    409.248    -0.017
-217.398    408.511    -0.017
-216.722    407.773    -0.017
-216.047    407.035    -0.017
-215.371    406.297    -0.017
-214.696    405.560    -0.017
-214.020    404.822    -0.016
-213.343    404.085    -0.016
-212.667    403.347    -0.016
-211.992    402.609    -0.016
-211.316    401.872    -0.016
-210.640    401.134    -0.016
-209.964    400.397    -0.016
-209.290    399.659    -0.016
-208.614    398.922    -0.016
-207.937    398.183    -0.016
-207.261    397.446    -0.016
-206.586    396.708    -0.016
-205.910    395.971    -0.016
-205.234    395.234    -0.016
-204.558    394.495    -0.016
-203.883    393.758    -0.015
-203.208    393.020    -0.015
-202.531    392.283    -0.015
-201.856    391.545    -0.015
-201.180    390.808    -0.015
-200.504    390.069    -0.015
-199.829    389.332    -0.015
-199.154    388.594    -0.015
-198.478    387.857    -0.015
-197.802    387.119    -0.015
-197.126    386.382    -0.015
-196.452    385.642    -0.015
-195.776    384.904    -0.015
-195.101    384.166    -0.015
-194.426    383.428    -0.015
-193.752    382.690    -0.014
-193.077    381.950    -0.014
-192.402    381.212    -0.014
-191.726    380.474    -0.014
-191.052    379.736    -0.014
-190.377    378.998    -0.014
-189.702    378.259    -0.014
-189.027    377.520    -0.014
-188.352    376.782    -0.014
-187.677    376.044    -0.014
-187.002    375.306    -0.014
-186.327    374.567    -0.014
-185.653    373.828    -0.014
-184.978    373.090    -0.014
-184.303    372.352    -0.014
-183.627    371.614    -0.014
-182.953    370.875    -0.013
-182.278    370.137    -0.013
-181.603    369.398    -0.013
-180.929    368.660    -0.013
-180.253    367.922    -0.013
-179.576    367.185    -0.013
-178.900    366.448    -0.013
-178.224    365.710    -0.013
-177.548    364.973    -0.013
-176.871    364.236    -0.013
-176.195    363.499    -0.013
-175.519    362.762    -0.013
-174.843    362.025    -0.013
-174.166    361.287    -0.013
-173.490    360.550    -0.013
-172.814    359.813    -0.013
-172.138    359.076    -0.012
-171.463    358.338    -0.012
-170.787    357.600    -0.012
-170.113    356.861    -0.012
-169.437    356.123    -0.012
-168.762    355.385    -0.012
-168.086    354.647    -0.012
-167.411    353.910    -0.012
-166.736    353.171    -0.012
-166.060    352.433    -0.012
-165.385    351.695    -0.012
-164.710    350.957    -0.012
-164.035    350.219    -0.012
-163.359    349.481    -0.012
-162.685    348.742    -0.012
-162.010    348.004    -0.012
-161.334    347.266    -0.012
-160.659    346.528    -0.011
-159.984    345.790    -0.011
-159.309    345.051    -0.011
-158.634    344.313    -0.011
-157.958    343.575    -0.011
-157.284    342.837    -0.011
-156.609    342.099    -0.011
-155.933    341.361    -0.011
-155.258    340.622    -0.011
-154.584    339.884    -0.011
-153.908    339.146    -0.011
-153.233    338.408    -0.011
-152.557    337.670    -0.011
-151.883    336.931    -0.011
-151.208    336.193    -0.011
-150.532    335.455    -0.011
-149.857    334.717    -0.011
-149.183    333.979    -0.011
-148.507    333.241    -0.010
-147.832    332.502    -0.010
-147.157    331.763    -0.010
-146.482    331.025    -0.010
-145.807    330.287    -0.010
-145.131    329.549    -0.010
-144.456    328.811    -0.010
-143.782    328.072    -0.010
-143.106    327.334    -0.010
-142.431    326.597    -0.010
-141.755    325.859    -0.010
-141.079    325.122    -0.010
-140.402    324.385    -0.010
-139.725    323.648    -0.010
-139.049    322.911    -0.010
-138.373    322.174    -0.010
-137.696    321.437    -0.010
-137.020    320.700    -0.010
-136.344    319.962    -0.010
-135.668    319.225    -0.009
-134.991    318.488    -0.009
-134.315    317.751    -0.009
-133.639    317.014    -0.009
-132.963    316.277    -0.009
-132.286    315.539    -0.009
-131.609    314.803    -0.009
-130.934    314.066    -0.009
-130.258    313.328    -0.009
-129.581    312.591    -0.009
-128.906    311.854    -0.009
-128.230    311.116    -0.009
-127.554    310.378    -0.009
-126.879    309.640    -0.009
-126.204    308.902    -0.009
-125.529    308.164    -0.009
-124.853    307.425    -0.009
-124.178    306.687    -0.009
-123.503    305.950    -0.009
-122.828    305.212    -0.009
-122.152    304.474    -0.008
-121.476    303.736    -0.008
-120.802    302.997    -0.008
-120.126    302.260    -0.008
-119.450    301.522    -0.008
-118.775    300.784    -0.008
-118.100    300.046    -0.008
-117.425    299.307    -0.008
-116.749    298.569    -0.008
-116.074    297.831    -0.008
-115.399    297.094    -0.008
-114.724    296.356    -0.008
-114.048    295.618    -0.008
-113.372    294.880    -0.008
-112.696    294.143    -0.008
-112.020    293.406    -0.008
-111.343    292.669    -0.008
-110.668    291.932    -0.008
-109.991    291.195    -0.008
-109.315    290.456    -0.008
-108.638    289.719    -0.008
-107.963    288.982    -0.007
-107.287    288.245    -0.007
-106.610    287.508    -0.007
-105.934    286.770    -0.007
-105.258    286.033    -0.007
-104.582    285.296    -0.007
-103.905    284.559    -0.007
-103.229    283.822    -0.007
-102.553    283.085    -0.007
-101.877    282.347    -0.007
-101.200    281.610    -0.007
-100.524    280.873    -0.007
-99.849    280.136    -0.007
-99.172    279.399    -0.007
-98.496    278.661    -0.007
-97.820    277.923    -0.007
-97.145    277.186    -0.007
-96.468    276.449    -0.007
-95.792    275.711    -0.007
-95.117    274.974    -0.007
-94.441    274.237    -0.007
-93.764    273.499    -0.007
-93.088    272.761    -0.007
-92.413    272.024    -0.006
-91.737    271.287    -0.006
-91.060    270.550    -0.006
-90.384    269.811    -0.006
-89.709    269.074    -0.006
-89.033    268.337    -0.006
-88.356    267.600    -0.006
-87.680    266.863    -0.006
-87.004    266.126    -0.006
-86.327    265.388    -0.006
-85.651    264.651    -0.006
-84.975    263.914    -0.006
-84.299    263.177    -0.006
-83.623    262.440    -0.006
-82.946    261.703    -0.006
-82.270    260.965    -0.006
-81.594    260.228    -0.006
-80.918    259.491    -0.006
-80.241    258.754    -0.006
-79.566    258.016    -0.006
-78.891    257.278    -0.006
-78.215    256.540    -0.006
-77.539    255.802    -0.006
-76.864    255.065    -0.006
-76.189    254.327    -0.006
-75.513    253.589    -0.006
-74.837    252.850    -0.005
-74.163    252.113    -0.005
-73.487    251.375    -0.005
-72.811    250.637    -0.005
-72.135    249.900    -0.005
-71.460    249.162    -0.005
-70.784    248.424    -0.005
-70.109    247.686    -0.005
-69.433    246.948    -0.005
-68.758    246.210    -0.005
-68.083    245.473    -0.005
-67.407    244.734    -0.005
-66.731    243.996    -0.005
-66.057    243.258    -0.005
-65.381    242.521    -0.005
-64.705    241.783    -0.005
-64.031    241.045    -0.005
-63.355    240.306    -0.005
-62.679    239.568    -0.005
-62.004    238.831    -0.005
-61.329    238.093    -0.005
-60.654    237.355    -0.005
-59.978    236.616    -0.005
-59.302    235.878    -0.005
-58.628    235.141    -0.005
-57.952    234.403    -0.005
-57.276    233.665    -0.005
-56.601    232.927    -0.005
-55.926    232.188    -0.004
-55.251    231.450    -0.004
-54.575    230.713    -0.004
-53.900    229.975    -0.004
-53.226    229.236    -0.004
-52.551    228.498    -0.004
-51.875    227.759    -0.004
-51.200    227.021    -0.004
-50.526    226.282    -0.004
-49.851    225.544    -0.004
-49.176    224.806    -0.004
-48.500    224.067    -0.004
-47.826    223.329    -0.004
-47.151    222.590    -0.004
-46.476    221.852    -0.004
-45.801    221.114    -0.004
-45.127    220.376    -0.004
-44.451    219.637    -0.004
-43.776    218.898    -0.004
-43.101    218.160    -0.004
-42.427    217.422    -0.004
-41.752    216.684    -0.004
-41.076    215.945    -0.004
-40.402    215.206    -0.004
-39.727    214.468    -0.004
-39.052    213.730    -0.004
-38.376    212.992    -0.004
-37.702    212.254    -0.004
-37.027    211.515    -0.004
-36.351    210.777    -0.004
-35.676    210.039    -0.004
-35.002    209.301    -0.004
-34.326    208.563    -0.004
-33.651    207.824    -0.003
-32.976    207.086    -0.003
-32.301    206.348    -0.003
-31.626    205.610    -0.003
-30.951    204.872    -0.003
-30.276    204.133    -0.003
-29.601    203.394    -0.003
-28.926    202.656    -0.003
-28.250    201.918    -0.003
-27.575    201.180    -0.003
-26.901    200.442    -0.003
-26.225    199.703    -0.003
-25.548    198.967    -0.003
-24.871    198.230    -0.003
-24.195    197.494    -0.003
-23.518    196.758    -0.003
-22.841    196.021    -0.003
-22.164    195.284    -0.003
-21.487    194.547    -0.003
-20.810    193.811    -0.003
-20.133    193.074    -0.003
-19.457    192.338    -0.003
-18.780    191.602    -0.003
-18.103    190.864    -0.003
-17.426    190.128    -0.003
-16.750    189.391    -0.003
-16.072    188.655    -0.003
-15.395    187.918    -0.003
-14.718    187.182    -0.003
-14.042    186.444    -0.003
-13.365    185.708    -0.003
-12.688    184.972    -0.003
-12.012    184.235    -0.003
-11.335    183.499    -0.003
-10.658    182.762    -0.003
-9.982    182.023    -0.003
-9.308    181.285    -0.003
-8.633    180.547    -0.003
-7.958    179.809    -0.003
-7.282    179.070    -0.003
-6.608    178.331    -0.003
-5.933    177.593    -0.002
-5.258    176.855    -0.002
-4.583    176.117    -0.002
-3.908    175.378    -0.002
-3.233    174.640    -0.002
-2.558    173.901    -0.002
-1.883    173.163    -0.002
-1.209    172.425    -0.002
-0.534    171.686    -0.002
0.142    170.949    -0.002
0.819    170.211    -0.002
1.494    169.473    -0.002
2.170    168.736    -0.002
2.846    167.999    -0.002
3.523    167.262    -0.002
4.198    166.525    -0.002
4.874    165.787    -0.002
5.551    165.049    -0.002
6.226    164.312    -0.002
6.902    163.575    -0.002
7.579    162.838    -0.002
8.255    162.101    -0.002
8.930    161.363    -0.002
9.607    160.625    -0.002
10.283    159.888    -0.002
10.959    159.151    -0.002
11.635    158.414    -0.002
12.311    157.676    -0.002
12.987    156.939    -0.002
13.663    156.201    -0.002
14.339    155.464    -0.002
15.015    154.727    -0.002
15.691    153.989    -0.002
16.367    153.251    -0.002
17.042    152.514    -0.002
17.719    151.777    -0.002
18.395    151.040    -0.002
19.072    150.303    -0.002
19.747    149.565    -0.002
20.423    148.827    -0.002
21.099    148.090    -0.002
21.775    147.353    -0.002
22.451    146.616    -0.002
23.128    145.879    -0.002
23.804    145.140    -0.002
24.479    144.403    -0.002
25.155    143.666    -0.002
25.832    142.929    -0.002
26.508    142.191    -0.002
27.183    141.454    -0.002
27.859    140.716    -0.002
28.536    139.979    -0.002
29.212    139.242    -0.002
29.887    138.505    -0.002
30.563    137.767    -0.002
31.239    137.030    -0.002
31.916    136.292    -0.002
32.591    135.555    -0.002
33.268    134.817    -0.002
33.944    134.080    -0.002
34.619    133.343    -0.001
35.295    132.606    -0.001
35.971    131.867    -0.001
36.648    131.130    -0.001
37.323    130.393    -0.001
37.999    129.656    -0.001
38.676    128.919    -0.001
39.352    128.180    -0.001
40.027    127.443    -0.001
40.703    126.706    -0.001
41.380    125.969    -0.001
42.056    125.231    -0.001
42.731    124.494    -0.001
43.407    123.755    -0.001
44.083    123.018    -0.001
44.759    122.281    -0.001
45.435    121.544    -0.001
46.111    120.807    -0.001
46.787    120.070    -0.001
47.464    119.331    -0.001
48.139    118.594    -0.001
48.815    117.857    -0.001
49.491    117.119    -0.001
50.166    116.382    -0.001
50.842    115.644    -0.001
51.519    114.907    -0.001
52.195    114.169    -0.001
52.870    113.432    -0.001
53.546    112.694    -0.001
54.222    111.957    -0.001
54.898    111.219    -0.001
55.574    110.482    -0.001
56.250    109.744    -0.001
56.925    109.007    -0.001
57.601    108.269    -0.001
58.276    107.532    -0.001
58.952    106.793    -0.001
59.629    106.056    -0.001
60.305    105.318    -0.001
60.980    104.581    -0.001
61.656    103.844    -0.001
62.332    103.105    -0.001
63.008    102.368    -0.001
63.684    101.631    -0.001
64.360    100.894    -0.001
65.036    100.157    -0.001
65.712    99.420    -0.001
66.388    98.681    -0.001
67.064    97.944    -0.001
67.740    97.207    -0.001
68.416    96.470    -0.001
69.092    95.732    -0.001
69.768    94.995    -0.001
70.444    94.257    -0.001
71.120    93.520    -0.001
71.796    92.782    -0.001
72.472    92.045    -0.001
73.148    91.308    -0.001
73.822    90.568    -0.001
74.497    89.830    -0.001
75.172    89.092    -0.001
75.847    88.353    -0.001
76.521    87.615    -0.001
77.197    86.877    -0.001
77.872    86.138    -0.001
78.547    85.400    -0.001
79.221    84.661    -0.001
79.896    83.923    -0.001
80.571    83.185    -0.001
81.246    82.446    -0.001
81.920    81.707    -0.001
82.595    80.969    -0.001
83.270    80.231    -0.001
83.945    79.492    -0.001
84.619    78.754    -0.001
85.294    78.014    -0.001
85.969    77.276    -0.001
86.643    76.537    -0.001
87.318    75.799    -0.001
87.992    75.060    -0.001
88.667    74.321    -0.001
89.341    73.582    -0.001
90.016    72.844    -0.001
90.692    72.106    -0.001
91.368    71.369    -0.001
92.044    70.632    -0.001
92.720    69.894    -0.001
93.396    69.156    -0.001
94.072    68.419    -0.001
94.747    67.682    -0.001
95.423    66.944    -0.001
96.099    66.206    -0.001
96.775    65.468    -0.001
97.450    64.730    -0.001
98.125    63.992    -0.001
98.800    63.254    -0.001
99.476    62.516    -0.001
100.150    61.777    -0.001
100.826    61.040    -0.001
101.501    60.302    -0.001
102.177    59.563    -0.001
102.851    58.826    -0.001
103.528    58.089    -0.001
104.205    57.351    -0.001
104.880    56.614    -0.001
105.556    55.877    -0.001
106.233    55.139    -0.001
106.909    54.402    -0.001
107.584    53.664    -0.001
108.261    52.927    -0.001
108.937    52.190    -0.001
109.612    51.451    -0.001
110.286    50.713    -0.001
110.961    49.975    -0.001
111.636    49.235    -0.001
112.311    48.497    -0.001
112.985    47.759    -0.001
113.660    47.021    -0.001
114.335    46.282    -0.001
115.010    45.543    -0.001
115.685    44.805    -0.001
116.360    44.066    -0.001
117.035    43.328    -0.001
117.711    42.591    -0.001
118.387    41.854    -0.001
119.063    41.116    -0.001
119.740    40.380    -0.001
120.417    39.643    -0.001
121.092    38.906    -0.001
121.769    38.168    -0.001
122.445    37.431    -0.001
123.121    36.694    -0.001
123.797    35.957    -0.001
124.474    35.220    -0.001
125.151    34.483    -0.001
125.826    33.746    -0.001
126.503    33.008    -0.001
127.180    32.272    -0.001
127.858    31.536    -0.001
128.534    30.799    -0.001
129.211    30.063    -0.001
129.888    29.326    -0.001
130.565    28.589    -0.001
131.241    27.852    -0.001
131.918    27.116    -0.001
132.595    26.380    -0.001
133.272    25.643    -0.001
133.949    24.907    -0.001
134.626    24.169    -0.001
135.303    23.433    -0.001
135.979    22.696    -0.001
136.656    21.960    -0.002
137.333    21.223    -0.002
138.009    20.486    -0.002
138.683    19.747    -0.002
139.359    19.009    -0.002
140.035    18.272    -0.002
140.711    17.534    -0.002
141.386    16.796    -0.002
142.062    16.059    -0.002
142.737    15.320    -0.002
143.413    14.582    -0.002
144.088    13.845    -0.002
144.763    13.107    -0.002
145.439    12.369    -0.002
146.115    11.631    -0.002
146.790    10.893    -0.002
147.465    10.155    -0.002
148.141    9.417    -0.002
148.816    8.680    -0.002
149.492    7.942    -0.002
150.167    7.203    -0.002
150.843    6.466    -0.002
151.518    5.728    -0.002
152.192    4.989    -0.002
152.863    4.247    -0.002
153.535    3.505    -0.002
154.205    2.763    -0.002
154.877    2.022    -0.002
155.548    1.280    -0.002
156.220    0.539    -0.002
156.891    -0.204    -0.002
157.561    -0.946    -0.002
158.230    -1.690    -0.002
158.896    -2.436    -0.002
159.562    -3.184    -0.002
160.227    -3.930    -0.002
160.893    -4.676    -0.002
161.559    -5.422    -0.002
162.222    -6.172    -0.002
162.881    -6.925    -0.002
163.540    -7.678    -0.002
164.197    -8.431    -0.002
164.856    -9.185    -0.002
165.188    -9.570    -0.002
165.836    -10.332    -0.002
166.483    -11.095    -0.002
167.131    -11.856    -0.002
167.779    -12.618    -0.002
168.427    -13.381    -0.002
169.072    -14.146    -0.002
169.709    -14.917    -0.002
170.347    -15.688    -0.002
170.984    -16.459    -0.002
171.594    -17.252    -0.002
172.215    -18.035    -0.002
172.838    -18.819    -0.002
173.461    -19.601    -0.002
174.082    -20.385    -0.002
174.697    -21.174    -0.002
175.311    -21.964    -0.002
175.926    -22.753    -0.002
176.542    -23.541    -0.002
177.157    -24.330    -0.003
177.765    -25.125    -0.003
178.372    -25.920    -0.003
178.976    -26.717    -0.003
179.580    -27.514    -0.003
180.184    -28.312    -0.003
180.789    -29.108    -0.003
181.386    -29.911    -0.003
181.981    -30.716    -0.003
182.569    -31.525    -0.003
183.156    -32.335    -0.003
183.742    -33.146    -0.003
184.326    -33.958    -0.003
184.894    -34.782    -0.003
185.463    -35.605    -0.003
186.020    -36.436    -0.003
186.578    -37.265    -0.003
187.132    -38.098    -0.003
187.683    -38.933    -0.003
188.223    -39.775    -0.003
188.759    -40.619    -0.003
189.297    -41.464    -0.003
189.832    -42.309    -0.003
190.362    -43.157    -0.003
190.880    -44.013    -0.003
191.396    -44.870    -0.003
191.909    -45.728    -0.003
192.408    -46.596    -0.003
192.903    -47.465    -0.003
193.399    -48.333    -0.003
193.893    -49.204    -0.003
194.384    -50.075    -0.003
194.871    -50.949    -0.003
195.354    -51.826    -0.003
195.827    -52.706    -0.003
196.297    -53.590    -0.003
196.762    -54.475    -0.003
197.223    -55.364    -0.003
197.678    -56.254    -0.003
198.131    -57.146    -0.003
198.572    -58.044    -0.003
199.008    -58.943    -0.003
199.443    -59.845    -0.003
199.863    -60.753    -0.003
200.279    -61.663    -0.003
200.689    -62.575    -0.003
201.086    -63.493    -0.003
201.483    -64.411    -0.004
201.878    -65.330    -0.004
202.273    -66.250    -0.004
202.657    -67.173    -0.004
203.041    -68.097    -0.004
203.398    -69.031    -0.004
203.754    -69.967    -0.004
204.099    -70.906    -0.004
204.439    -71.846    -0.004
204.780    -72.786    -0.004
205.130    -73.724    -0.004
205.465    -74.666    -0.004
205.777    -75.616    -0.004
206.061    -76.576    -0.004
206.362    -77.530    -0.004
206.662    -78.484    -0.004
206.949    -79.443    -0.004
207.222    -80.405    -0.004
207.494    -81.367    -0.004
207.749    -82.335    -0.004
208.004    -83.302    -0.004
208.259    -84.270    -0.004
208.513    -85.237    -0.004
208.757    -86.207    -0.004
208.982    -87.181    -0.004
209.180    -88.162    -0.004
209.380    -89.143    -0.004
209.581    -90.122    -0.004
209.776    -91.103    -0.004
209.960    -92.086    -0.004
210.141    -93.071    -0.004
210.298    -94.058    -0.004
210.455    -95.047    -0.004
210.598    -96.036    -0.004
210.735    -97.028    -0.004
210.869    -98.019    -0.004
211.003    -99.010    -0.004
211.118    -100.003    -0.004
211.225    -100.998    -0.004
211.325    -101.994    -0.004
211.400    -102.991    -0.004
211.475    -103.989    -0.004
211.544    -104.987    -0.004
211.613    -105.985    -0.004
211.654    -106.984    -0.004
211.696    -107.984    -0.004
211.717    -108.984    -0.004
211.726    -109.985    -0.004
211.734    -110.985    -0.004
211.742    -111.985    -0.004
211.734    -112.985    -0.005
211.702    -113.985    -0.005
211.670    -114.985    -0.005
211.637    -115.984    -0.005
211.584    -116.983    -0.005
211.522    -117.982    -0.005
211.461    -118.981    -0.005
211.405    -119.590    -0.005
211.319    -120.587    -0.005
211.231    -121.583    -0.005
211.106    -122.576    -0.005
210.982    -123.568    -0.005
210.857    -124.561    -0.005
210.721    -125.552    -0.005
210.574    -126.542    -0.005
210.427    -127.531    -0.005
210.248    -128.516    -0.005
210.070    -129.500    -0.005
209.891    -130.485    -0.005
209.686    -131.463    -0.005
209.480    -132.442    -0.005
209.271    -133.420    -0.005
209.047    -134.395    -0.005
208.822    -135.370    -0.005
208.572    -136.339    -0.005
208.312    -137.305    -0.005
208.052    -138.271    -0.005
207.791    -139.237    -0.005
207.522    -140.200    -0.005
207.229    -141.156    -0.005
206.936    -142.112    -0.005
206.634    -143.066    -0.005
206.306    -144.011    -0.005
205.977    -144.956    -0.005
205.648    -145.901    -0.005
205.307    -146.841    -0.005
204.951    -147.776    -0.005
204.596    -148.712    -0.005
204.229    -149.641    -0.005
203.834    -150.561    -0.005
203.439    -151.480    -0.005
203.044    -152.398    -0.005
202.649    -153.317    -0.005
202.230    -154.226    -0.005
201.801    -155.130    -0.005
201.372    -156.034    -0.005
200.920    -156.926    -0.005
200.467    -157.817    -0.005
200.001    -158.702    -0.005
199.514    -159.577    -0.005
199.026    -160.450    -0.005
198.537    -161.323    -0.005
198.049    -162.196    -0.005
197.560    -163.069    -0.005
197.053    -163.930    -0.005
196.518    -164.776    -0.005
195.984    -165.622    -0.005
195.451    -166.468    -0.005
194.908    -167.309    -0.005
194.345    -168.135    -0.005
193.781    -168.961    -0.005
193.217    -169.788    -0.005
192.640    -170.605    -0.005
192.052    -171.414    -0.005
191.463    -172.222    -0.005
190.869    -173.028    -0.005
190.254    -173.816    -0.005
189.639    -174.604    -0.005
189.019    -175.390    -0.005
188.375    -176.156    -0.005
187.731    -176.922    -0.005
187.087    -177.687    -0.005
186.430    -178.440    -0.005
185.759    -179.183    -0.005
185.087    -179.924    -0.005
184.412    -180.662    -0.005
183.717    -181.382    -0.005
183.023    -182.102    -0.005
182.320    -182.813    -0.005
181.608    -183.516    -0.005
180.896    -184.218    -0.005
180.174    -184.911    -0.005
179.448    -185.601    -0.005
178.715    -186.280    -0.005
177.974    -186.953    -0.005
177.229    -187.620    -0.005
176.478    -188.281    -0.005
175.723    -188.937    -0.005
174.954    -189.576    -0.005
174.184    -190.216    -0.005
173.404    -190.842    -0.005
172.621    -191.464    -0.005
171.832    -192.079    -0.005
171.036    -192.685    -0.005
170.235    -193.283    -0.005
169.422    -193.868    -0.005
168.608    -194.449    -0.005
167.787    -195.021    -0.005
166.957    -195.579    -0.005
166.124    -196.133    -0.005
165.295    -196.693    -0.005
164.453    -197.233    -0.005
163.608    -197.769    -0.005
162.754    -198.289    -0.005
161.898    -198.807    -0.005
161.035    -199.312    -0.005
160.167    -199.811    -0.005
159.293    -200.297    -0.005
158.418    -200.780    -0.005
157.537    -201.255    -0.005
156.649    -201.714    -0.005
155.753    -202.161    -0.005
154.858    -202.607    -0.005
153.962    -203.052    -0.005
153.066    -203.497    -0.005
152.154    -203.908    -0.005
151.239    -204.312    -0.005
150.320    -204.707    -0.005
149.400    -205.102    -0.005
148.480    -205.493    -0.005
147.551    -205.865    -0.005
146.622    -206.237    -0.005
145.689    -206.596    -0.005
144.750    -206.940    -0.005
143.810    -207.283    -0.005
142.864    -207.607    -0.005
141.916    -207.927    -0.005
140.959    -208.221    -0.005
140.004    -208.514    -0.005
139.048    -208.811    -0.005
138.093    -209.111    -0.005
137.132    -209.385    -0.005
136.168    -209.655    -0.005
135.202    -209.915    -0.005
134.234    -210.167    -0.005
133.260    -210.395    -0.005
132.283    -210.612    -0.005
131.306    -210.825    -0.005
130.325    -211.022    -0.005
129.345    -211.217    -0.005
128.362    -211.405    -0.005
127.379    -211.594    -0.005
126.393    -211.759    -0.005
125.406    -211.923    -0.005
124.416    -212.068    -0.005
123.426    -212.207    -0.005
122.433    -212.333    -0.005
121.441    -212.460    -0.005
120.446    -212.564    -0.005
119.451    -212.664    -0.005
118.454    -212.753    -0.005
117.458    -212.840    -0.005
116.459    -212.900    -0.005
115.460    -212.959    -0.005
114.461    -213.009    -0.005
113.462    -213.059    -0.005
112.463    -213.085    -0.005
111.463    -213.110    -0.005
110.462    -213.128    -0.005
109.462    -213.139    -0.005
108.462    -213.103    -0.004
107.463    -213.060    -0.004
106.463    -213.046    -0.004
105.464    -212.985    -0.004
104.466    -212.924    -0.004
103.467    -212.863    -0.004
102.469    -212.802    -0.004
101.470    -212.741    -0.004
100.472    -212.680    -0.004
99.477    -212.576    -0.004
98.482    -212.471    -0.004
97.488    -212.360    -0.004
96.499    -212.209    -0.004
95.510    -212.058    -0.004
94.521    -211.907    -0.004
93.532    -211.757    -0.004
92.544    -211.600    -0.004
91.559    -211.426    -0.004
90.574    -211.252    -0.004
89.589    -211.079    -0.004
88.609    -210.877    -0.004
87.633    -210.660    -0.004
86.656    -210.443    -0.004
85.685    -210.205    -0.004
84.714    -209.961    -0.004
83.747    -209.705    -0.004
82.781    -209.445    -0.004
81.816    -209.184    -0.004
80.851    -208.919    -0.004
79.889    -208.643    -0.004
78.928    -208.366    -0.004
77.979    -208.050    -0.004
77.033    -207.727    -0.004
76.090    -207.392    -0.004
75.148    -207.056    -0.004
74.207    -206.716    -0.004
73.272    -206.360    -0.004
72.338    -206.002    -0.004
71.418    -205.610    -0.004
70.495    -205.224    -0.004
69.570    -204.842    -0.004
68.656    -204.436    -0.004
67.749    -204.016    -0.004
66.839    -203.600    -0.004
65.931    -203.180    -0.004
65.029    -202.748    -0.004
64.127    -202.314    -0.004
63.234    -201.864    -0.004
62.341    -201.413    -0.003
61.458    -200.941    -0.003
60.579    -200.465    -0.003
59.707    -199.974    -0.003
58.841    -199.474    -0.003
57.981    -198.962    -0.003
57.122    -198.451    -0.003
56.270    -197.925    -0.003
55.421    -197.397    -0.003
54.571    -196.868    -0.003
53.729    -196.331    -0.003
52.898    -195.773    -0.003
52.069    -195.213    -0.003
51.248    -194.641    -0.003
50.432    -194.062    -0.003
49.623    -193.474    -0.003
48.817    -192.882    -0.003
48.014    -192.285    -0.003
47.216    -191.682    -0.003
46.425    -191.070    -0.003
45.642    -190.448    -0.003
44.869    -189.813    -0.003
44.099    -189.173    -0.003
43.333    -188.530    -0.003
42.590    -187.861    -0.003
41.849    -187.188    -0.003
41.109    -186.516    -0.003
40.368    -185.843    -0.003
39.635    -185.163    -0.003
38.908    -184.476    -0.003
38.189    -183.780    -0.003
37.479    -183.075    -0.003
36.784    -182.356    -0.003
36.092    -181.633    -0.003
35.410    -180.902    -0.003
34.729    -180.169    -0.003
34.056    -179.428    -0.003
33.386    -178.686    -0.003
32.733    -177.928    -0.003
32.080    -177.171    -0.003
31.434    -176.406    -0.003
30.791    -175.640    -0.003
30.150    -174.871    -0.002
29.521    -174.094    -0.002
28.895    -173.313    -0.002
28.295    -172.514    -0.002
27.698    -171.711    -0.002
27.105    -170.905    -0.002
26.512    -170.100    -0.002
25.938    -169.281    -0.002
25.363    -168.461    -0.002
24.802    -167.633    -0.002
24.249    -166.800    -0.002
23.698    -165.965    -0.002
23.168    -165.116    -0.002
22.639    -164.267    -0.002
22.110    -163.418    -0.002
21.591    -162.563    -0.002
21.072    -161.708    -0.002
20.567    -160.844    -0.002
20.069    -159.977    -0.002
19.585    -159.101    -0.002
19.109    -158.222    -0.002
18.636    -157.341    -0.002
18.168    -156.456    -0.002
17.706    -155.569    -0.002
17.250    -154.679    -0.002
16.798    -153.786    -0.002
16.356    -152.889    -0.002
15.934    -151.982    -0.002
15.521    -151.070    -0.002
15.110    -150.158    -0.002
14.700    -149.246    -0.002
14.295    -148.332    -0.002
13.894    -147.415    -0.002
13.505    -146.494    -0.002
13.128    -145.568    -0.002
12.750    -144.640    -0.002
12.381    -143.710    -0.002
12.012    -142.780    -0.002
11.661    -141.844    -0.002
11.320    -140.904    -0.002
10.978    -139.963    -0.002
10.637    -139.023    -0.002
10.304    -138.080    -0.002
9.971    -137.136    -0.001
9.641    -136.192    -0.001
9.326    -135.243    -0.001
9.012    -134.293    -0.001
8.697    -133.344    -0.001
8.403    -132.387    -0.001
8.122    -131.428    -0.001
7.842    -130.467    -0.001
7.568    -129.505    -0.001
7.293    -128.543    -0.001
7.018    -127.581    -0.001
6.764    -126.614    -0.001
6.513    -125.645    -0.001
6.262    -124.677    -0.001
6.011    -123.708    -0.001
5.775    -122.736    -0.001
5.547    -121.762    -0.001
5.319    -120.789    -0.001
5.099    -119.812    -0.001
4.888    -118.834    -0.001
4.677    -117.857    -0.001
4.467    -116.879    -0.001
4.261    -115.900    -0.001
4.063    -114.920    -0.001
3.865    -113.939    -0.001
3.666    -112.959    -0.001
3.492    -111.973    -0.001
3.320    -110.988    -0.001
3.147    -110.003    -0.001
2.975    -109.017    -0.001
2.810    -108.031    -0.001
2.657    -107.042    -0.001
2.504    -106.053    -0.001
2.358    -105.063    -0.001
2.218    -104.073    -0.001
2.077    -103.082    -0.001
1.943    -102.092    -0.001
1.815    -101.099    -0.001
1.691    -100.107    -0.001
1.584    -99.112    -0.001
1.476    -98.117    -0.001
1.367    -97.123    -0.001
1.258    -96.129    -0.001
1.163    -95.133    -0.001
1.074    -94.136    -0.001
0.985    -93.140    -0.001
0.888    -92.144    -0.001
0.790    -91.149    -0.001
0.696    -90.153    -0.001
0.613    -89.156    -0.001
0.530    -88.159    -0.001
0.447    -87.162    -0.001
0.371    -86.165    -0.001
0.300    -85.167    -0.001
0.229    -84.169    -0.001
0.160    -83.171    -0.001
0.091    -82.173    -0.001
0.022    -81.176    -0.001
-0.042    -80.177    -0.001
-0.106    -79.179    -0.000
-0.170    -78.181    -0.000
-0.229    -77.182    -0.000
-0.281    -76.182    -0.000
-0.333    -75.183    -0.000
-0.384    -74.184    -0.000
-0.427    -73.185    -0.000
-0.470    -72.186    -0.000
-0.514    -71.186    -0.000
-0.558    -70.187    -0.000
-0.589    -69.187    -0.000
-0.617    -68.187    -0.000
-0.646    -67.187    -0.000
-0.674    -66.187    -0.000
-0.702    -65.187    -0.000
-0.731    -64.188    -0.000
-0.760    -63.187    -0.000
-0.788    -62.187    -0.000
-0.807    -61.187    -0.000
-0.826    -60.187    -0.000
-0.845    -59.186    -0.000
-0.865    -58.186    -0.000
-0.884    -57.187    -0.000
-0.903    -56.187    -0.000
-0.922    -55.186    -0.000
-0.942    -54.186    -0.000
-0.961    -53.186    -0.000
-0.980    -52.186    -0.000
-0.999    -51.185    -0.000
-1.018    -50.185    -0.000
-1.037    -49.185    -0.000
-1.054    -48.184    -0.000
-1.072    -47.184    -0.000
-1.091    -46.184    -0.000
-1.109    -45.185    -0.000
-1.127    -44.184    -0.000
-1.145    -43.184    -0.000
-1.163    -42.184    -0.000
-1.181    -41.184    -0.000
-1.199    -40.183    -0.000
-1.217    -39.183    -0.000
-1.234    -38.183    -0.000
-1.252    -37.182    -0.000
-1.270    -36.182    -0.000
-1.288    -35.182    -0.000
-1.307    -34.182    -0.000
-1.325    -33.181    -0.000
-1.343    -32.181    -0.000
-1.361    -31.182    -0.000
-1.380    -30.182    -0.000
-1.398    -29.181    -0.000
-1.417    -28.181    -0.000
-1.436    -27.181    -0.000
-1.454    -26.180    -0.000
-1.473    -25.180    -0.000
-1.492    -24.180    -0.000
-1.510    -23.180    -0.000
-1.530    -22.179    -0.000
-1.549    -21.179    -0.000
-1.567    -20.179    -0.000
-1.586    -19.180    -0.000
-1.605    -18.179    -0.000
-1.626    -17.179    -0.000
-1.647    -16.179    -0.000
-1.669    -15.179    -0.000
-1.690    -14.178    -0.000
-1.711    -13.178    -0.000
-1.731    -12.178    -0.000
-1.746    -11.178    -0.000
-1.762    -10.177    -0.000
-1.777    -9.177    -0.000
-1.792    -8.177    -0.000
-1.808    -7.176    -0.000
-1.826    -6.177    -0.000
-1.843    -5.177    -0.000
-1.861    -4.177    -0.000
-1.879    -3.176    -0.000
-1.894    -2.176    -0.000
-1.909    -1.176    -0.000
