2.043    -0.438    -0.000
2.023    0.562    -0.000
2.002    1.562    -0.000
1.981    2.562    -0.000
1.961    3.563    -0.000
1.940    4.563    -0.000
1.920    5.562    -0.000
1.900    6.562    -0.000
1.881    7.563    -0.000
1.864    8.563    -0.000
1.848    9.563    -0.000
1.832    10.564    -0.000
1.815    11.564    -0.000
1.799    12.564    -0.000
1.783    13.564    -0.000
1.765    14.565    -0.000
1.749    15.565    -0.000
1.733    16.565    -0.000
1.717    17.566    -0.000
1.701    18.566    -0.000
1.684    19.566    -0.000
1.667    20.566    -0.000
1.650    21.566    -0.000
1.633    22.566    -0.000
1.616    23.566    -0.000
1.599    24.566    -0.000
1.582    25.567    -0.000
1.566    26.567    -0.000
1.548    27.567    -0.000
1.531    28.568    -0.000
1.515    29.568    -0.000
1.498    30.568    -0.000
1.481    31.568    -0.000
1.465    32.569    -0.000
1.448    33.569    -0.000
1.431    34.569    -0.000
1.415    35.570    -0.000
1.399    36.570    -0.000
1.382    37.570    -0.000
1.365    38.569    -0.000
1.347    39.570    -0.000
1.329    40.570    -0.000
1.312    41.570    -0.000
1.295    42.571    -0.000
1.277    43.571    -0.000
1.260    44.571    -0.000
1.242    45.571    -0.000
1.212    46.572    -0.000
1.182    47.571    -0.000
1.153    48.571    -0.000
1.123    49.571    -0.000
1.094    50.571    -0.000
1.064    51.571    -0.000
1.030    52.571    -0.000
0.987    53.570    -0.000
0.940    54.569    -0.000
0.889    55.568    -0.000
0.838    56.567    -0.000
0.787    57.566    -0.000
0.735    58.565    -0.000
0.660    59.563    -0.000
0.581    60.560    -0.000
0.499    61.557    -0.000
0.402    62.553    -0.000
0.300    63.549    -0.000
0.197    64.543    -0.000
0.095    65.538    -0.000
-0.007    66.534    -0.000
-0.115    67.528    -0.000
-0.227    68.522    -0.000
-0.341    69.516    -0.000
-0.456    70.510    -0.000
-0.579    71.502    -0.000
-0.711    72.494    -0.000
-0.844    73.485    -0.000
-0.978    74.477    -0.000
-1.110    75.468    -0.000
-1.245    76.460    -0.000
-1.381    77.451    -0.000
-1.529    78.440    -0.000
-1.661    79.432    -0.000
-1.825    80.418    -0.001
-1.990    81.405    -0.001
-2.155    82.392    -0.001
-2.320    83.378    -0.001
-2.492    84.364    -0.001
-2.669    85.348    -0.001
-2.847    86.333    -0.001
-3.016    87.318    -0.001
-3.187    88.304    -0.001
-3.382    89.285    -0.001
-3.577    90.266    -0.001
-3.771    91.247    -0.001
-3.966    92.230    -0.001
-4.173    93.208    -0.001
-4.381    94.187    -0.001
-4.594    95.164    -0.001
-4.816    96.139    -0.001
-5.044    97.113    -0.001
-5.272    98.087    -0.001
-5.500    99.061    -0.001
-5.728    100.035    -0.001
-5.964    101.007    -0.001
-6.214    101.976    -0.001
-6.465    102.944    -0.001
-6.719    103.912    -0.001
-6.990    104.875    -0.001
-7.256    105.839    -0.001
-7.522    106.804    -0.001
-7.787    107.768    -0.001
-8.052    108.733    -0.001
-8.331    109.693    -0.001
-8.616    110.652    -0.001
-8.902    111.611    -0.001
-9.189    112.569    -0.001
-9.477    113.527    -0.001
-9.766    114.485    -0.001
-10.054    115.442    -0.001
-10.342    116.401    -0.001
-10.631    117.359    -0.001
-10.935    118.312    -0.001
-11.239    119.265    -0.001
-11.542    120.218    -0.001
-11.847    121.171    -0.001
-12.172    122.117    -0.001
-12.497    123.063    -0.001
-12.822    124.009    -0.001
-13.147    124.955    -0.001
-13.479    125.899    -0.001
-13.815    126.841    -0.001
-14.150    127.783    -0.001
-14.497    128.722    -0.001
-14.850    129.658    -0.001
-15.207    130.592    -0.001
-15.564    131.527    -0.001
-15.919    132.462    -0.001
-16.280    133.395    -0.001
-16.658    134.322    -0.001
-17.036    135.248    -0.001
-17.412    136.175    -0.001
-17.787    137.102    -0.002
-18.193    138.016    -0.002
-18.600    138.931    -0.002
-19.006    139.844    -0.002
-19.411    140.759    -0.002
-19.822    141.671    -0.002
-20.239    142.581    -0.002
-20.657    143.489    -0.002
-21.080    144.396    -0.002
-21.505    145.301    -0.002
-21.931    146.206    -0.002
-22.358    147.111    -0.002
-22.784    148.017    -0.002
-23.211    148.921    -0.002
-23.651    149.819    -0.002
-24.091    150.718    -0.002
-24.530    151.616    -0.002
-24.969    152.516    -0.002
-25.410    153.413    -0.002
-25.853    154.310    -0.002
-26.297    155.207    -0.002
-26.739    156.105    -0.002
-27.194    156.995    -0.002
-27.663    157.878    -0.002
-28.133    158.761    -0.002
-28.602    159.645    -0.002
-29.074    160.527    -0.002
-29.558    161.404    -0.002
-30.040    162.279    -0.002
-30.523    163.155    -0.002
-31.005    164.032    -0.002
-31.505    164.898    -0.002
-32.008    165.763    -0.002
-32.509    166.629    -0.002
-33.012    167.494    -0.002
-33.531    168.349    -0.002
-34.052    169.203    -0.002
-34.572    170.057    -0.002
-35.091    170.913    -0.002
-35.619    171.763    -0.002
-36.149    172.611    -0.002
-36.679    173.459    -0.002
-37.210    174.307    -0.002
-37.752    175.147    -0.003
-38.299    175.985    -0.003
-38.846    176.823    -0.003
-39.392    177.661    -0.003
-39.945    178.494    -0.003
-40.507    179.323    -0.003
-41.067    180.151    -0.003
-41.628    180.980    -0.003
-42.190    181.807    -0.003
-42.759    182.630    -0.003
-43.327    183.453    -0.003
-43.895    184.277    -0.003
-44.462    185.100    -0.003
-45.042    185.915    -0.003
-45.624    186.730    -0.003
-46.205    187.544    -0.003
-46.785    188.359    -0.003
-47.373    189.169    -0.003
-47.965    189.975    -0.003
-48.558    190.780    -0.003
-49.150    191.586    -0.003
-49.746    192.390    -0.003
-50.347    193.190    -0.003
-50.946    193.991    -0.003
-51.545    194.793    -0.003
-52.153    195.586    -0.003
-52.775    196.370    -0.003
-53.396    197.154    -0.003
-54.018    197.938    -0.003
-54.642    198.719    -0.003
-55.290    199.482    -0.003
-55.938    200.244    -0.003
-56.585    201.006    -0.003
-57.232    201.769    -0.003
-57.895    202.519    -0.003
-58.557    203.268    -0.004
-59.220    204.018    -0.004
-59.882    204.768    -0.004
-60.547    205.515    -0.004
-61.213    206.261    -0.004
-61.880    207.008    -0.004
-62.546    207.754    -0.004
-63.217    208.495    -0.004
-63.893    209.233    -0.004
-64.569    209.970    -0.004
-65.245    210.709    -0.004
-65.919    211.447    -0.004
-66.593    212.186    -0.004
-67.267    212.925    -0.004
-67.942    213.664    -0.004
-68.614    214.404    -0.004
-69.289    215.144    -0.004
-69.963    215.883    -0.004
-70.636    216.622    -0.004
-71.309    217.362    -0.004
-71.983    218.101    -0.004
-72.657    218.841    -0.004
-73.331    219.581    -0.004
-74.003    220.320    -0.004
-74.680    221.058    -0.004
-75.357    221.793    -0.004
-76.035    222.530    -0.004
-76.712    223.266    -0.004
-77.389    224.002    -0.004
-78.065    224.740    -0.004
-78.740    225.479    -0.004
-79.413    226.218    -0.005
-80.087    226.958    -0.005
-80.761    227.697    -0.005
-81.437    228.435    -0.005
-82.111    229.173    -0.005
-82.786    229.911    -0.005
-83.461    230.650    -0.005
-84.137    231.389    -0.005
-84.811    232.127    -0.005
-85.486    232.865    -0.005
-86.161    233.603    -0.005
-86.837    234.341    -0.005
-87.512    235.080    -0.005
-88.187    235.817    -0.005
-88.863    236.556    -0.005
-89.537    237.294    -0.005
-90.212    238.032    -0.005
-90.888    238.771    -0.005
-91.563    239.509    -0.005
-92.237    240.247    -0.005
-92.912    240.985    -0.005
-93.587    241.724    -0.005
-94.262    242.462    -0.005
-94.936    243.202    -0.005
-95.611    243.940    -0.005
-96.286    244.679    -0.005
-96.961    245.417    -0.005
-97.638    246.153    -0.006
-98.315    246.890    -0.006
-98.993    247.626    -0.006
-99.670    248.362    -0.006
-100.347    249.097    -0.006
-101.025    249.834    -0.006
-101.702    250.570    -0.006
-102.379    251.307    -0.006
-103.054    252.045    -0.006
-103.730    252.782    -0.006
-104.406    253.520    -0.006
-105.080    254.258    -0.006
-105.756    254.996    -0.006
-106.431    255.735    -0.006
-107.107    256.473    -0.006
-107.781    257.210    -0.006
-108.457    257.948    -0.006
-109.133    258.685    -0.006
-109.809    259.423    -0.006
-110.484    260.161    -0.006
-111.160    260.899    -0.006
-111.836    261.636    -0.006
-112.512    262.374    -0.006
-113.187    263.111    -0.006
-113.863    263.850    -0.006
-114.539    264.588    -0.007
-115.214    265.326    -0.007
-115.889    266.063    -0.007
-116.564    266.801    -0.007
-117.239    267.540    -0.007
-117.915    268.279    -0.007
-118.589    269.017    -0.007
-119.264    269.755    -0.007
-119.941    270.492    -0.007
-120.617    271.229    -0.007
-121.293    271.967    -0.007
-121.969    272.704    -0.007
-122.646    273.441    -0.007
-123.321    274.178    -0.007
-123.997    274.915    -0.007
-124.674    275.652    -0.007
-125.350    276.390    -0.007
-126.026    277.127    -0.007
-126.703    277.864    -0.007
-127.379    278.601    -0.007
-128.055    279.339    -0.007
-128.730    280.076    -0.007
-129.406    280.814    -0.008
-130.083    281.551    -0.008
-130.760    282.288    -0.008
-131.435    283.025    -0.008
-132.112    283.761    -0.008
-132.789    284.498    -0.008
-133.466    285.236    -0.008
-134.142    285.972    -0.008
-134.818    286.709    -0.008
-135.495    287.446    -0.008
-136.170    288.184    -0.008
-136.845    288.923    -0.008
-137.520    289.662    -0.008
-138.195    290.400    -0.008
-138.868    291.139    -0.008
-139.543    291.877    -0.008
-140.218    292.616    -0.008
-140.892    293.356    -0.008
-141.566    294.094    -0.008
-142.241    294.833    -0.008
-142.916    295.571    -0.008
-143.591    296.309    -0.009
-144.265    297.049    -0.009
-144.940    297.787    -0.009
-145.615    298.526    -0.009
-146.290    299.264    -0.009
-146.965    300.001    -0.009
-147.642    300.738    -0.009
-148.319    301.476    -0.009
-148.996    302.212    -0.009
-149.671    302.949    -0.009
-150.348    303.686    -0.009
-151.024    304.423    -0.009
-151.701    305.160    -0.009
-152.377    305.898    -0.009
-153.055    306.633    -0.009
-153.734    307.368    -0.009
-154.411    308.104    -0.009
-155.089    308.839    -0.009
-155.767    309.575    -0.009
-156.445    310.312    -0.009
-157.122    311.047    -0.010
-157.799    311.783    -0.010
-158.474    312.522    -0.010
-159.149    313.261    -0.010
-159.822    313.999    -0.010
-160.497    314.739    -0.010
-161.172    315.478    -0.010
-161.846    316.216    -0.010
-162.520    316.955    -0.010
-163.194    317.694    -0.010
-163.870    318.432    -0.010
-164.546    319.170    -0.010
-165.221    319.907    -0.010
-165.897    320.645    -0.010
-166.573    321.382    -0.010
-167.249    322.120    -0.010
-167.924    322.859    -0.010
-168.600    323.596    -0.010
-169.276    324.333    -0.011
-169.952    325.070    -0.011
-170.628    325.807    -0.011
-171.305    326.545    -0.011
-171.982    327.282    -0.011
-172.657    328.019    -0.011
-173.334    328.756    -0.011
-174.010    329.493    -0.011
-174.686    330.230    -0.011
-175.360    330.970    -0.011
-176.035    331.708    -0.011
-176.710    332.447    -0.011
-177.385    333.185    -0.011
-178.059    333.924    -0.011
-178.733    334.663    -0.011
-179.408    335.402    -0.011
-180.083    336.140    -0.011
-180.757    336.878    -0.011
-181.432    337.617    -0.012
-182.108    338.355    -0.012
-182.783    339.094    -0.012
-183.457    339.833    -0.012
-184.132    340.571    -0.012
-184.806    341.309    -0.012
-185.481    342.048    -0.012
-186.156    342.787    -0.012
-186.831    343.525    -0.012
-187.506    344.263    -0.012
-188.182    345.001    -0.012
-188.856    345.739    -0.012
-189.531    346.477    -0.012
-190.206    347.217    -0.012
-190.882    347.955    -0.012
-191.559    348.690    -0.012
-192.238    349.425    -0.012
-192.916    350.160    -0.013
-193.593    350.896    -0.013
-194.272    351.632    -0.013
-194.950    352.367    -0.013
-195.628    353.103    -0.013
-196.305    353.839    -0.013
-196.981    354.576    -0.013
-197.657    355.314    -0.013
-198.332    356.052    -0.013
-199.007    356.790    -0.013
-199.683    357.528    -0.013
-200.359    358.266    -0.013
-201.034    359.003    -0.013
-201.709    359.742    -0.013
-202.386    360.479    -0.013
-203.063    361.215    -0.013
-203.739    361.952    -0.014
-204.416    362.689    -0.014
-205.092    363.425    -0.014
-205.769    364.163    -0.014
-206.445    364.900    -0.014
-207.121    365.637    -0.014
-207.798    366.374    -0.014
-208.474    367.111    -0.014
-209.149    367.848    -0.014
-209.826    368.587    -0.014
-210.502    369.324    -0.014
-211.178    370.061    -0.014
-211.853    370.798    -0.014
-212.529    371.536    -0.014
-213.205    372.274    -0.014
-213.879    373.014    -0.015
-214.552    373.753    -0.015
-215.226    374.492    -0.015
-215.900    375.231    -0.015
-216.574    375.971    -0.015
-217.247    376.711    -0.015
-217.921    377.450    -0.015
-218.595    378.190    -0.015
-219.273    378.926    -0.015
-219.949    379.662    -0.015
-220.627    380.398    -0.015
-221.304    381.135    -0.015
-221.981    381.871    -0.015
-222.659    382.607    -0.015
-223.336    383.343    -0.015
-224.013    384.079    -0.016
-224.690    384.815    -0.016
-225.367    385.553    -0.016
-226.044    386.289    -0.016
-226.721    387.025    -0.016
-227.398    387.762    -0.016
-228.075    388.498    -0.016
-228.752    389.234    -0.016
-229.429    389.972    -0.016
-230.105    390.709    -0.016
-230.781    391.446    -0.016
-231.457    392.184    -0.016
-232.132    392.921    -0.016
-232.808    393.660    -0.016
-233.484    394.397    -0.017
-234.159    395.135    -0.017
-234.834    395.873    -0.017
-235.510    396.610    -0.017
-236.186    397.348    -0.017
-236.861    398.087    -0.017
-237.536    398.824    -0.017
-238.212    399.562    -0.017
-238.887    400.300    -0.017
-239.563    401.038    -0.017
-240.237    401.776    -0.017
-240.912    402.515    -0.017
-241.587    403.254    -0.017
-242.262    403.992    -0.017
-242.936    404.731    -0.018
-243.611    405.469    -0.018
-244.286    406.209    -0.018
-244.960    406.947    -0.018
-245.634    407.686    -0.018
-246.309    408.425    -0.018
-246.984    409.163    -0.018
-247.659    409.902    -0.018
-248.334    410.639    -0.018
-249.010    411.377    -0.018
-249.685    412.115    -0.018
-250.361    412.853    -0.018
-251.035    413.591    -0.018
-251.711    414.330    -0.018
-252.386    415.068    -0.019
-253.062    415.805    -0.019
-253.738    416.542    -0.019
-254.415    417.279    -0.019
-255.091    418.016    -0.019
-255.766    418.754    -0.019
-256.442    419.492    -0.019
-257.118    420.229    -0.019
-257.795    420.966    -0.019
-258.469    421.704    -0.019
-259.145    422.443    -0.019
-259.820    423.181    -0.019
-260.496    423.919    -0.019
-261.170    424.657    -0.020
-261.846    425.395    -0.020
-262.521    426.133    -0.020
-263.196    426.872    -0.020
-263.870    427.610    -0.020
-264.545    428.349    -0.020
-265.219    429.088    -0.020
-265.894    429.827    -0.020
-266.567    430.567    -0.020
-267.241    431.306    -0.020
-267.916    432.045    -0.020
-268.590    432.783    -0.020
-269.265    433.521    -0.020
-269.941    434.258    -0.021
-270.618    434.996    -0.021
-271.294    435.733    -0.021
-271.970    436.470    -0.021
-272.646    437.207    -0.021
-273.323    437.944    -0.021
-273.998    438.681    -0.021
-274.675    439.419    -0.021
-275.351    440.157    -0.021
-276.027    440.894    -0.021
-276.703    441.631    -0.021
-277.379    442.368    -0.021
-278.055    443.106    -0.021
-278.731    443.843    -0.022
-279.407    444.581    -0.022
-280.083    445.318    -0.022
-280.758    446.056    -0.022
-281.434    446.794    -0.022
-282.108    447.533    -0.022
-282.784    448.271    -0.022
-283.459    449.009    -0.022
-284.135    449.747    -0.022
-284.809    450.485    -0.022
-285.484    451.223    -0.022
-286.160    451.962    -0.022
-286.834    452.700    -0.023
-287.508    453.439    -0.023
-288.183    454.177    -0.023
-288.858    454.916    -0.023
-289.533    455.655    -0.023
-290.206    456.394    -0.023
-290.881    457.133    -0.023
-291.556    457.871    -0.023
-292.233    458.608    -0.023
-292.909    459.344    -0.023
-293.586    460.082    -0.023
-294.263    460.819    -0.023
-294.939    461.555    -0.024
-295.616    462.292    -0.024
-296.292    463.029    -0.024
-296.969    463.766    -0.024
-297.645    464.503    -0.024
-298.321    465.240    -0.024
-298.998    465.977    -0.024
-299.674    466.714    -0.024
-300.350    467.451    -0.024
-301.026    468.189    -0.024
-301.703    468.926    -0.024
-302.379    469.663    -0.025
-303.054    470.401    -0.025
-303.729    471.139    -0.025
-304.405    471.877    -0.025
-305.080    472.616    -0.025
-305.754    473.354    -0.025
-306.430    474.092    -0.025
-307.105    474.831    -0.025
-307.779    475.569    -0.025
-308.453    476.309    -0.025
-309.128    477.047    -0.025
-309.803    477.786    -0.025
-310.477    478.525    -0.026
-311.151    479.263    -0.026
-311.826    480.002    -0.026
-312.501    480.741    -0.026
-313.175    481.480    -0.026
-313.849    482.219    -0.026
-314.525    482.956    -0.026
-315.202    483.692    -0.026
-315.879    484.429    -0.026
-316.557    485.165    -0.026
-317.234    485.902    -0.026
-317.911    486.638    -0.027
-318.588    487.374    -0.027
-319.265    488.110    -0.027
-319.942    488.848    -0.027
-320.619    489.584    -0.027
-321.294    490.321    -0.027
-321.971    491.058    -0.027
-322.648    491.795    -0.027
-323.324    492.532    -0.027
-324.000    493.270    -0.027
-324.677    494.007    -0.027
-325.353    494.744    -0.028
-326.028    495.481    -0.028
-326.705    496.218    -0.028
-327.381    496.955    -0.028
-328.058    497.693    -0.028
-328.733    498.431    -0.028
-329.409    499.168    -0.028
-330.085    499.905    -0.028
-330.762    500.642    -0.028
-331.436    501.380    -0.028
-332.111    502.120    -0.028
-332.786    502.858    -0.029
-333.461    503.597    -0.029
-334.135    504.335    -0.029
-334.810    505.074    -0.029
-335.484    505.813    -0.029
-336.159    506.552    -0.029
-336.834    507.289    -0.029
-337.511    508.026    -0.029
-338.188    508.762    -0.029
-338.865    509.499    -0.029
-339.541    510.236    -0.030
-340.218    510.973    -0.030
-340.895    511.709    -0.030
-341.571    512.446    -0.030
-342.247    513.183    -0.030
-342.922    513.922    -0.030
-343.597    514.661    -0.030
-344.271    515.400    -0.030
-344.946    516.138    -0.030
-345.621    516.877    -0.030
-346.295    517.615    -0.030
-346.969    518.355    -0.031
-347.643    519.094    -0.031
-348.320    519.830    -0.031
-348.998    520.566    -0.031
-349.675    521.302    -0.031
-350.352    522.039    -0.031
-351.029    522.776    -0.031
-351.707    523.512    -0.031
-352.383    524.248    -0.031
-353.061    524.984    -0.031
-353.738    525.721    -0.032
-354.413    526.458    -0.032
-355.089    527.196    -0.032
-355.766    527.933    -0.032
-356.442    528.670    -0.032
-357.117    529.408    -0.032
-357.793    530.145    -0.032
-358.469    530.883    -0.032
-359.145    531.621    -0.032
-359.819    532.360    -0.032
-360.494    533.098    -0.033
-361.169    533.837    -0.033
-361.844    534.575    -0.033
-362.517    535.315    -0.033
-363.192    536.053    -0.033
-363.867    536.792    -0.033
-364.541    537.531    -0.033
-365.215    538.269    -0.033
-365.890    539.009    -0.033
-366.565    539.747    -0.033
-367.239    540.486    -0.034
-367.913    541.224    -0.034
-368.588    541.963    -0.034
-369.263    542.702    -0.034
-369.937    543.441    -0.034
-370.611    544.180    -0.034
-371.287    544.918    -0.034
-371.963    545.655    -0.034
-372.638    546.393    -0.034
-373.313    547.132    -0.034
-373.988    547.870    -0.035
-374.664    548.608    -0.035
-375.339    549.346    -0.035
-376.014    550.084    -0.035
-376.691    550.820    -0.035
-377.369    551.557    -0.035
-378.045    552.293    -0.035
-378.723    553.029    -0.035
-379.400    553.765    -0.035
-380.078    554.501    -0.035
-380.755    555.237    -0.036
-381.432    555.974    -0.036
-382.110    556.710    -0.036
-382.787    557.446    -0.036
-383.464    558.182    -0.036
-384.142    558.918    -0.036
-384.819    559.654    -0.036
-385.497    560.391    -0.036
-386.173    561.127    -0.036
-386.851    561.863    -0.037
-387.528    562.600    -0.037
-388.203    563.337    -0.037
-388.879    564.075    -0.037
-389.555    564.813    -0.037
-390.231    565.551    -0.037
-390.906    566.288    -0.037
-391.581    567.026    -0.037
-392.257    567.764    -0.037
-392.933    568.501    -0.038
-393.607    569.241    -0.038
-394.282    569.979    -0.038
-394.956    570.718    -0.038
-395.631    571.456    -0.038
-396.305    572.195    -0.038
-396.979    572.935    -0.038
-397.654    573.673    -0.038
-398.329    574.412    -0.038
-396.362    577.613    -0.039
-397.037    578.352    -0.039
-397.711    579.091    -0.039
-398.385    579.831    -0.039
-399.060    580.569    -0.039
-399.736    581.306    -0.039
-400.412    582.043    -0.039
-401.087    582.781    -0.039
-401.763    583.519    -0.039
-402.439    584.257    -0.040
-403.115    584.994    -0.040
-403.791    585.731    -0.040
-404.467    586.468    -0.040
-405.143    587.205    -0.040
-405.820    587.943    -0.040
-406.496    588.680    -0.040
-407.173    589.416    -0.040
-407.850    590.153    -0.040
-408.527    590.890    -0.041
-409.203    591.626    -0.041
-409.879    592.364    -0.041
-410.556    593.101    -0.041
-411.231    593.839    -0.041
-411.906    594.577    -0.041
-412.582    595.315    -0.041
-413.257    596.054    -0.041
-413.933    596.791    -0.041
-414.607    597.529    -0.042
-415.283    598.267    -0.042
-415.959    599.005    -0.042
-416.633    599.742    -0.042
-417.310    600.481    -0.042
-417.986    601.218    -0.042
-418.662    601.955    -0.042
-419.337    602.693    -0.042
-420.013    603.430    -0.042
-420.689    604.168    -0.043
-421.365    604.906    -0.043
-422.040    605.644    -0.043
-422.716    606.381    -0.043
-423.391    607.119    -0.043
-424.067    607.857    -0.043
-424.742    608.595    -0.043
-425.418    609.333    -0.043
-426.093    610.071    -0.043
-426.769    610.808    -0.044
-427.444    611.546    -0.044
-428.119    612.284    -0.044
-428.795    613.023    -0.044
-429.471    613.760    -0.044
-430.146    614.498    -0.044
-430.821    615.236    -0.044
-431.497    615.973    -0.044
-432.173    616.711    -0.045
-432.848    617.450    -0.045
-433.524    618.187    -0.045
-434.201    618.924    -0.045
-434.876    619.661    -0.045
-435.552    620.398    -0.045
-436.229    621.136    -0.045
-436.905    621.873    -0.045
-437.581    622.610    -0.045
-438.257    623.347    -0.046
-438.934    624.084    -0.046
-439.610    624.821    -0.046
-440.286    625.559    -0.046
-440.962    626.296    -0.046
-441.639    627.033    -0.046
-442.316    627.770    -0.046
-442.991    628.507    -0.046
-443.668    629.244    -0.047
-444.344    629.982    -0.047
-445.019    630.721    -0.047
-445.692    631.459    -0.047
-446.367    632.198    -0.047
-447.042    632.937    -0.047
-447.716    633.676    -0.047
-448.390    634.415    -0.047
-449.065    635.154    -0.048
-449.740    635.892    -0.048
-450.415    636.630    -0.048
-451.090    637.368    -0.048
-451.765    638.106    -0.048
-452.441    638.844    -0.048
-453.116    639.582    -0.048
-453.791    640.320    -0.048
-454.467    641.058    -0.048
-455.143    641.796    -0.049
-455.818    642.534    -0.049
-456.494    643.271    -0.049
-457.170    644.008    -0.049
-457.846    644.746    -0.049
-458.521    645.483    -0.049
-459.197    646.222    -0.049
-459.873    646.959    -0.049
-460.549    647.696    -0.050
-461.224    648.434    -0.050
-461.900    649.171    -0.050
-462.576    649.909    -0.050
-463.252    650.647    -0.050
-463.927    651.385    -0.050
-464.603    652.123    -0.050
-465.279    652.860    -0.050
-465.955    653.598    -0.051
-466.629    654.337    -0.051
-467.303    655.076    -0.051
-467.978    655.815    -0.051
-468.652    656.553    -0.051
-469.326    657.292    -0.051
-470.001    658.031    -0.051
-470.675    658.770    -0.051
-471.349    659.509    -0.052
-472.025    660.246    -0.052
-472.703    660.982    -0.052
-473.381    661.718    -0.052
-474.057    662.454    -0.052
-474.735    663.191    -0.052
-475.413    663.927    -0.052
-476.090    664.663    -0.052
-476.767    665.398    -0.053
-477.445    666.134    -0.053
-478.122    666.871    -0.053
-478.799    667.608    -0.053
-479.475    668.345    -0.053
-480.152    669.081    -0.053
-480.829    669.818    -0.053
-481.505    670.555    -0.054
-482.182    671.291    -0.054
-482.859    672.029    -0.054
-483.534    672.768    -0.054
-484.207    673.506    -0.054
-484.882    674.245    -0.054
-485.557    674.983    -0.054
-486.232    675.722    -0.054
-486.906    676.461    -0.055
-487.581    677.199    -0.055
-488.256    677.938    -0.055
-488.932    678.675    -0.055
-489.607    679.412    -0.055
-490.284    680.150    -0.055
-490.960    680.887    -0.055
-491.636    681.625    -0.055
-492.312    682.362    -0.056
-492.988    683.099    -0.056
-493.665    683.837    -0.056
-494.341    684.574    -0.056
-495.017    685.311    -0.056
-495.693    686.048    -0.056
-496.370    686.785    -0.056
-497.046    687.522    -0.057
-497.722    688.260    -0.057
-498.398    688.997    -0.057
-499.075    689.734    -0.057
-499.750    690.471    -0.057
-500.431    691.204    -0.057
-501.113    691.936    -0.057
-501.795    692.668    -0.057
-502.475    693.401    -0.058
-503.157    694.134    -0.058
-503.839    694.866    -0.058
-504.520    695.598    -0.058
-505.202    696.330    -0.058
-505.883    697.063    -0.058
-506.560    697.799    -0.058
-507.237    698.535    -0.059
-507.915    699.271    -0.059
-508.593    700.007    -0.059
-509.270    700.743    -0.059
-509.947    701.479    -0.059
-510.624    702.215    -0.059
-511.301    702.953    -0.059
-511.969    703.697    -0.059
-512.637    704.442    -0.060
-513.305    705.187    -0.060
-513.973    705.932    -0.060
-514.641    706.677    -0.060
-515.308    707.421    -0.060
-515.980    708.162    -0.060
-516.656    708.900    -0.060
-517.332    709.638    -0.061
-518.007    710.375    -0.061
-518.683    711.113    -0.061
-519.359    711.850    -0.061
-520.036    712.587    -0.061
-520.712    713.323    -0.061
-521.390    714.060    -0.061
-522.067    714.797    -0.062
-522.744    715.534    -0.062
-523.420    716.270    -0.062
-524.097    717.007    -0.062
-524.773    717.744    -0.062
-525.449    718.482    -0.062
-526.125    719.219    -0.062
-526.800    719.957    -0.062
-527.476    720.695    -0.063
-528.151    721.432    -0.063
-528.826    722.171    -0.063
-529.502    722.909    -0.063
-530.177    723.647    -0.063
-530.852    724.385    -0.063
-531.527    725.123    -0.063
-532.203    725.861    -0.064
-532.879    726.600    -0.064
-533.553    727.338    -0.064
-534.228    728.076    -0.064
-534.904    728.814    -0.064
-535.579    729.552    -0.064
-536.253    730.290    -0.064
-536.929    731.028    -0.065
-537.605    731.765    -0.065
-538.282    732.503    -0.065
-538.957    733.240    -0.065
-539.633    733.978    -0.065
-540.309    734.716    -0.065
-540.984    735.453    -0.065
-541.660    736.191    -0.066
-542.336    736.928    -0.066
-543.013    737.665    -0.066
-543.687    738.403    -0.066
-544.363    739.142    -0.066
-545.039    739.879    -0.066
-545.714    740.617    -0.066
-546.389    741.355    -0.067
-547.064    742.093    -0.067
-547.739    742.831    -0.067
-548.414    743.571    -0.067
-549.089    744.309    -0.067
-549.764    745.047    -0.067
-550.439    745.785    -0.067
-551.114    746.524    -0.068
-551.788    747.263    -0.068
-552.463    748.001    -0.068
-553.138    748.740    -0.068
-553.815    749.476    -0.068
-554.492    750.212    -0.068
-555.170    750.947    -0.068
-555.848    751.684    -0.069
-556.526    752.420    -0.069
-557.203    753.155    -0.069
-557.881    753.891    -0.069
-558.559    754.627    -0.069
-559.234    755.364    -0.069
-559.910    756.103    -0.070
-560.586    756.840    -0.070
-561.261    757.578    -0.070
-561.936    758.316    -0.070
-562.612    759.053    -0.070
-563.287    759.791    -0.070
-563.963    760.530    -0.070
-564.638    761.268    -0.071
-565.314    762.005    -0.071
-565.990    762.742    -0.071
-566.666    763.480    -0.071
-567.341    764.218    -0.071
-568.017    764.955    -0.071
-568.693    765.693    -0.071
-569.369    766.431    -0.072
-570.043    767.169    -0.072
-570.718    767.908    -0.072
-571.392    768.648    -0.072
-572.066    769.387    -0.072
-572.740    770.126    -0.072
-573.414    770.864    -0.072
-574.089    771.603    -0.073
-574.763    772.343    -0.073
-575.436    773.083    -0.073
-576.112    773.820    -0.073
-576.789    774.556    -0.073
-577.465    775.293    -0.073
-578.141    776.030    -0.074
-578.818    776.768    -0.074
-579.494    777.505    -0.074
-580.170    778.242    -0.074
-580.846    778.980    -0.074
-581.522    779.717    -0.074
-582.198    780.455    -0.074
-582.873    781.193    -0.075
-583.549    781.931    -0.075
-584.224    782.668    -0.075
-584.900    783.406    -0.075
-585.575    784.144    -0.075
-586.250    784.883    -0.075
-586.926    785.621    -0.076
-587.602    786.358    -0.076
-588.277    787.095    -0.076
-588.954    787.832    -0.076
-589.630    788.569    -0.076
-590.307    789.307    -0.076
-590.982    790.045    -0.076
-591.658    790.782    -0.077
-592.333    791.520    -0.077
-593.007    792.259    -0.077
-593.680    792.998    -0.077
-594.355    793.738    -0.077
-595.029    794.477    -0.077
-595.702    795.216    -0.078
-596.377    795.955    -0.078
-597.051    796.695    -0.078
-597.726    797.434    -0.078
-598.401    798.171    -0.078
-599.076    798.909    -0.078
-599.752    799.647    -0.078
-600.428    800.384    -0.079
-601.103    801.122    -0.079
-601.779    801.860    -0.079
-602.454    802.598    -0.079
-603.130    803.336    -0.079
-603.805    804.073    -0.079
-604.482    804.810    -0.080
-605.158    805.549    -0.080
-605.834    806.286    -0.080
-606.509    807.023    -0.080
-607.185    807.761    -0.080
-607.861    808.499    -0.080
-608.537    809.236    -0.081
-609.211    809.975    -0.081
-609.886    810.713    -0.081
-610.562    811.451    -0.081
-611.237    812.190    -0.081
-611.911    812.928    -0.081
-612.586    813.667    -0.081
-613.261    814.406    -0.082
-613.936    815.144    -0.082
-614.611    815.881    -0.082
-615.287    816.619    -0.082
-615.963    817.356    -0.082
-616.638    818.094    -0.082
-617.314    818.832    -0.083
-617.991    819.569    -0.083
-618.666    820.307    -0.083
-619.341    821.045    -0.083
-620.019    821.780    -0.083
-620.697    822.517    -0.083
-621.375    823.252    -0.084
-622.052    823.988    -0.084
-622.730    824.723    -0.084
-623.408    825.459    -0.084
-624.086    826.195    -0.084
-624.763    826.931    -0.084
-625.440    827.668    -0.085
-626.115    828.406    -0.085
-626.791    829.144    -0.085
-627.465    829.882    -0.085
-628.140    830.620    -0.085
-628.815    831.360    -0.085
-629.490    832.098    -0.085
-630.165    832.836    -0.086
-630.840    833.574    -0.086
-631.517    834.311    -0.086
-632.192    835.049    -0.086
-632.869    835.786    -0.086
-633.546    836.523    -0.086
-634.222    837.260    -0.087
-634.898    837.997    -0.087
-635.574    838.733    -0.087
-636.251    839.471    -0.087
-636.928    840.207    -0.087
-637.605    840.943    -0.087
-638.283    841.679    -0.088
-638.960    842.416    -0.088
-639.637    843.152    -0.088
-640.314    843.889    -0.088
-640.991    844.625    -0.088
-641.668    845.362    -0.088
-642.342    846.100    -0.089
-643.017    846.839    -0.089
-643.691    847.578    -0.089
-644.365    848.318    -0.089
-645.038    849.058    -0.089
-645.712    849.797    -0.089
-646.386    850.536    -0.090
-647.060    851.275    -0.090
-647.734    852.015    -0.090
-648.410    852.752    -0.090
-649.086    853.490    -0.090
-649.762    854.227    -0.090
-650.436    854.965    -0.091
-651.112    855.703    -0.091
-651.788    856.442    -0.091
-652.463    857.179    -0.091
-653.139    857.916    -0.091
-653.816    858.652    -0.091
-654.494    859.388    -0.092
-655.172    860.124    -0.092
-655.848    860.862    -0.092
-656.526    861.598    -0.092
-657.203    862.334    -0.092
-657.879    863.070    -0.092
-658.558    863.805    -0.093
-659.243    864.534    -0.093
-659.929    865.264    -0.093
-660.614    865.992    -0.093
-661.299    866.721    -0.093
-661.985    867.449    -0.093
-662.670    868.178    -0.094
-663.355    868.907    -0.094
-664.041    869.635    -0.094
-664.743    870.347    -0.094
-665.450    871.056    -0.094
-666.156    871.764    -0.095
-666.862    872.473    -0.095
-667.583    873.167    -0.095
-668.306    873.858    -0.095
-669.029    874.549    -0.095
-669.752    875.240    -0.095
-670.490    875.915    -0.096
-671.239    876.579    -0.096
-671.986    877.244    -0.096
-672.734    877.908    -0.096
-673.493    878.560    -0.096
-674.259    879.203    -0.096
-675.025    879.846    -0.097
-675.791    880.490    -0.097
-676.567    881.121    -0.097
-677.361    881.729    -0.097
-678.155    882.337    -0.097
-678.949    882.947    -0.097
-679.750    883.546    -0.098
-680.562    884.129    -0.098
-681.375    884.713    -0.098
-682.188    885.296    -0.098
-683.005    885.873    -0.098
-683.837    886.427    -0.098
-684.671    886.980    -0.099
-685.505    887.534    -0.099
-686.339    888.085    -0.099
-687.188    888.614    -0.099
-688.036    889.144    -0.099
-688.885    889.674    -0.099
-689.735    890.203    -0.100
-690.590    890.722    -0.100
-691.445    891.240    -0.100
-692.312    891.739    -0.100
-693.185    892.227    -0.100
-694.060    892.712    -0.100
-694.936    893.196    -0.101
-695.811    893.679    -0.101
-696.686    894.164    -0.101
-697.577    894.619    -0.101
-698.471    895.068    -0.101
-699.368    895.510    -0.101
-700.267    895.949    -0.102
-701.172    896.376    -0.102
-702.078    896.799    -0.102
-702.984    897.224    -0.102
-703.890    897.649    -0.102
-704.804    898.055    -0.102
-705.724    898.450    -0.102
-706.646    898.836    -0.103
-707.572    899.214    -0.103
-708.503    899.581    -0.103
-709.435    899.943    -0.103
-710.368    900.304    -0.103
-711.300    900.667    -0.103
-712.240    901.010    -0.104
-713.185    901.338    -0.104
-714.130    901.664    -0.104
-715.079    901.982    -0.104
-716.031    902.290    -0.104
-716.987    902.586    -0.104
-717.942    902.882    -0.104
-718.897    903.179    -0.105
-719.856    903.467    -0.105
-720.818    903.740    -0.105
-721.781    904.010    -0.105
-722.751    904.254    -0.105
-723.721    904.497    -0.105
-724.692    904.739    -0.106
-725.663    904.980    -0.106
-726.634    905.223    -0.106
-727.606    905.460    -0.106
-728.582    905.677    -0.106
-729.558    905.894    -0.106
-730.539    906.093    -0.106
-731.520    906.288    -0.107
-732.505    906.463    -0.107
-733.490    906.637    -0.107
-734.474    906.812    -0.107
-735.460    906.988    -0.107
-736.450    907.129    -0.107
-737.440    907.269    -0.107
-738.432    907.405    -0.107
-739.424    907.535    -0.108
-740.419    907.637    -0.108
-741.414    907.739    -0.108
-742.409    907.842    -0.108
-743.404    907.945    -0.108
-744.400    908.042    -0.108
-745.396    908.137    -0.108
-746.393    908.219    -0.109
-747.389    908.295    -0.109
-748.389    908.348    -0.109
-749.388    908.400    -0.109
-750.387    908.452    -0.109
-751.385    908.505    -0.109
-752.386    908.537    -0.109
-753.385    908.557    -0.109
-754.386    908.573    -0.109
-755.386    908.576    -0.110
-756.387    908.565    -0.110
-757.387    908.550    -0.110
-758.387    908.536    -0.110
-759.387    908.521    -0.110
-760.387    908.484    -0.110
-761.386    908.426    -0.110
-762.384    908.361    -0.110
-763.382    908.296    -0.111
-764.379    908.217    -0.111
-765.375    908.132    -0.111
-766.372    908.046    -0.111
-767.369    907.961    -0.111
-768.365    907.867    -0.111
-769.360    907.757    -0.111
-770.353    907.648    -0.111
-771.347    907.532    -0.111
-772.339    907.401    -0.111
-773.329    907.255    -0.112
-774.318    907.108    -0.112
-775.308    906.962    -0.112
-776.297    906.815    -0.112
-777.285    906.655    -0.112
-778.272    906.495    -0.112
-779.260    906.336    -0.112
-780.247    906.175    -0.112
-781.233    906.007    -0.112
-782.220    905.840    -0.112
-783.206    905.673    -0.113
-784.193    905.506    -0.113
-785.178    905.335    -0.113
-786.163    905.164    -0.113
-787.150    904.992    -0.113
-788.135    904.822    -0.113
-789.121    904.656    -0.113
-790.108    904.489    -0.113
-791.094    904.321    -0.113
-792.080    904.155    -0.113
-793.066    903.984    -0.114
-794.052    903.812    -0.114
-795.037    903.640    -0.114
-796.023    903.468    -0.114
-797.009    903.302    -0.114
-797.995    903.137    -0.114
-798.982    902.971    -0.114
-799.969    902.806    -0.114
-800.954    902.639    -0.114
-801.941    902.467    -0.114
-802.926    902.296    -0.115
-803.911    902.125    -0.115
-804.898    901.958    -0.115
-805.884    901.793    -0.115
-806.872    901.628    -0.115
-807.858    901.462    -0.115
-808.844    901.296    -0.115
-809.831    901.131    -0.115
-810.818    900.965    -0.115
-811.804    900.800    -0.115
-812.791    900.632    -0.116
-813.776    900.461    -0.116
-814.761    900.290    -0.116
-815.747    900.118    -0.116
-816.733    899.948    -0.116
-817.720    899.780    -0.116
-818.706    899.614    -0.116
-819.692    899.449    -0.116
-820.679    899.283    -0.116
-821.665    899.117    -0.116
-822.651    898.951    -0.117
-823.639    898.785    -0.117
-824.625    898.620    -0.117
-825.611    898.458    -0.117
-826.599    898.295    -0.117
-827.586    898.132    -0.117
-828.574    897.970    -0.117
-829.560    897.807    -0.117
-830.547    897.645    -0.117
-831.535    897.482    -0.117
-832.521    897.320    -0.118
-833.510    897.167    -0.118
-834.499    897.015    -0.118
-835.488    896.863    -0.118
-836.476    896.711    -0.118
-837.465    896.559    -0.118
-838.454    896.407    -0.118
-839.442    896.255    -0.118
-840.431    896.103    -0.118
-841.421    895.963    -0.119
-842.413    895.827    -0.119
-843.404    895.691    -0.119
-844.395    895.556    -0.119
-845.387    895.421    -0.119
-846.377    895.285    -0.119
-847.369    895.150    -0.119
-848.360    895.015    -0.119
-849.352    894.887    -0.119
-850.344    894.765    -0.120
-851.338    894.643    -0.120
-852.331    894.521    -0.120
-853.324    894.411    -0.120
-854.320    894.307    -0.120
-855.315    894.203    -0.120
-856.310    894.100    -0.120
-857.305    893.997    -0.120
-858.300    893.896    -0.121
-859.295    893.794    -0.121
-860.291    893.693    -0.121
-861.287    893.599    -0.121
-862.283    893.517    -0.121
-863.280    893.435    -0.121
-864.277    893.353    -0.121
-865.275    893.275    -0.121
-866.273    893.206    -0.122
-867.271    893.138    -0.122
-868.269    893.070    -0.122
-869.267    893.010    -0.122
-870.266    892.961    -0.122
-871.265    892.913    -0.122
-872.265    892.865    -0.122
-873.264    892.819    -0.122
-874.265    892.790    -0.123
-875.264    892.762    -0.123
-876.264    892.747    -0.123
-877.264    892.734    -0.123
-878.265    892.725    -0.123
-879.265    892.716    -0.123
-880.265    892.708    -0.123
-881.266    892.699    -0.123
-882.266    892.699    -0.124
-883.266    892.699    -0.124
-884.267    892.723    -0.124
-885.267    892.751    -0.124
-886.266    892.780    -0.124
-887.267    892.810    -0.124
-888.266    892.840    -0.124
-889.266    892.871    -0.125
-890.265    892.921    -0.125
-891.264    892.975    -0.125
-892.263    893.028    -0.125
-893.262    893.082    -0.125
-894.259    893.161    -0.125
-895.255    893.250    -0.126
-896.252    893.339    -0.126
-897.248    893.429    -0.126
-898.244    893.526    -0.126
-899.238    893.637    -0.126
-900.232    893.749    -0.126
-901.226    893.860    -0.126
-902.220    893.982    -0.127
-903.211    894.118    -0.127
-904.201    894.254    -0.127
-905.192    894.390    -0.127
-906.183    894.530    -0.127
-907.169    894.700    -0.127
-908.155    894.868    -0.128
-909.141    895.037    -0.128
-910.126    895.210    -0.128
-911.106    895.413    -0.128
-912.085    895.616    -0.128
-913.065    895.820    -0.128
-914.044    896.024    -0.129
-915.020    896.243    -0.129
-915.995    896.468    -0.129
-916.967    896.705    -0.129
-917.938    896.947    -0.129
-918.904    897.203    -0.129
-919.869    897.464    -0.130
-920.835    897.725    -0.130
-921.801    897.986    -0.130
-922.763    898.259    -0.130
-923.721    898.547    -0.130
-924.675    898.851    -0.130
-925.625    899.164    -0.131
-926.518    899.613    -0.131
-927.406    900.073    -0.131
-928.294    900.532    -0.131
-929.183    900.992    -0.131
-930.072    901.451    -0.132
-930.961    901.911    -0.132
-931.849    902.371    -0.132
-932.716    902.868    -0.132
-933.583    903.366    -0.132
-934.452    903.865    -0.133
-935.319    904.363    -0.133
-936.187    904.862    -0.133
-937.043    905.377    -0.133
-937.894    905.905    -0.133
-938.743    906.432    -0.134
-939.594    906.960    -0.134
-940.443    907.488    -0.134
-941.289    908.021    -0.134
-942.123    908.573    -0.134
-942.958    909.126    -0.135
-943.792    909.678    -0.135
-944.626    910.230    -0.135
-945.460    910.782    -0.135
-946.278    911.357    -0.135
-947.081    911.955    -0.136
-947.883    912.552    -0.136
-948.685    913.149    -0.136
-949.488    913.747    -0.136
-950.288    914.347    -0.136
-951.071    914.971    -0.137
-951.853    915.593    -0.137
-952.636    916.216    -0.137
-953.418    916.840    -0.137
-954.347    917.604    -0.138
-955.101    918.261    -0.138
-955.855    918.918    -0.138
-956.609    919.576    -0.138
-957.357    920.240    -0.138
-958.094    920.916    -0.139
-958.823    921.602    -0.139
-959.544    922.295    -0.139
-960.265    922.989    -0.139
-960.978    923.690    -0.139
-961.682    924.401    -0.140
-962.386    925.113    -0.140
-963.081    925.831    -0.140
-963.773    926.554    -0.140
-964.457    927.284    -0.140
-965.125    928.028    -0.141
-965.787    928.778    -0.141
-966.457    929.521    -0.141
-967.124    930.267    -0.141
-967.769    931.031    -0.142
-968.409    931.801    -0.142
-969.032    932.583    -0.142
-969.649    933.371    -0.142
-970.259    934.163    -0.142
-970.869    934.956    -0.143
-971.478    935.749    -0.143
-972.078    936.550    -0.143
-972.673    937.354    -0.143
-973.242    938.177    -0.143
-973.803    939.005    -0.144
-974.355    939.840    -0.144
-974.897    940.680    -0.144
-975.434    941.524    -0.144
-975.960    942.375    -0.144
-976.464    943.239    -0.145
-976.967    944.104    -0.145
-977.468    944.970    -0.145
-977.960    945.840    -0.145
-978.433    946.722    -0.145
-978.903    947.605    -0.146
-979.363    948.493    -0.146
-979.814    949.386    -0.146
-980.254    950.285    -0.146
-980.690    951.184    -0.146
-981.123    952.087    -0.147
-981.531    953.000    -0.147
-981.922    953.921    -0.147
-982.302    954.846    -0.147
-982.677    955.773    -0.147
-983.049    956.702    -0.148
-983.418    957.631    -0.148
-983.774    958.566    -0.148
-984.116    959.507    -0.148
-984.452    960.449    -0.148
-984.775    961.395    -0.149
-985.081    962.348    -0.149
-985.374    963.304    -0.149
-985.659    964.263    -0.149
-985.926    965.227    -0.149
-986.193    966.192    -0.150
-986.445    967.159    -0.150
-986.695    968.128    -0.150
-986.932    969.100    -0.150
-987.160    970.074    -0.150
-987.351    971.055    -0.151
-987.551    972.036    -0.151
-987.734    973.019    -0.151
-987.911    974.004    -0.151
-988.077    974.991    -0.151
-988.227    975.979    -0.151
-988.365    976.971    -0.152
-988.499    977.961    -0.152
-988.622    978.954    -0.152
-988.731    979.948    -0.152
-988.839    980.943    -0.152
-988.937    981.939    -0.152
-989.018    982.936    -0.153
-989.098    983.933    -0.153
-989.146    984.932    -0.153
-989.193    985.931    -0.153
-989.236    986.931    -0.153
-989.271    987.930    -0.153
-989.270    988.931    -0.154
-989.287    989.931    -0.154
-989.287    990.931    -0.154
-989.265    991.931    -0.154
-989.235    992.931    -0.154
-989.220    993.932    -0.154
-989.154    994.930    -0.154
-989.078    995.926    -0.155
-989.021    996.925    -0.155
-988.933    997.922    -0.155
-988.845    998.918    -0.155
-988.744    999.913    -0.155
-988.637    1000.908    -0.155
-988.485    1001.896    -0.155
-988.334    1002.886    -0.156
-988.206    1003.878    -0.156
-988.035    1004.863    -0.156
-987.859    1005.848    -0.156
-987.675    1006.831    -0.156
-987.484    1007.814    -0.156
-987.279    1008.792    -0.156
-987.067    1009.770    -0.156
-986.848    1010.747    -0.157
-986.615    1011.719    -0.157
-986.381    1012.691    -0.157
-986.111    1013.654    -0.157
-985.829    1014.614    -0.157
-985.548    1015.574    -0.157
-985.268    1016.534    -0.157
-984.955    1017.486    -0.157
-984.660    1018.441    -0.157
-984.338    1019.387    -0.158
-983.995    1020.328    -0.158
-983.647    1021.265    -0.158
-983.301    1022.204    -0.158
-982.940    1023.137    -0.158
-982.570    1024.066    -0.158
-982.192    1024.992    -0.158
-981.786    1025.907    -0.158
-981.374    1026.818    -0.158
-980.956    1027.727    -0.158
-980.531    1028.632    -0.159
-980.096    1029.534    -0.159
-979.654    1030.431    -0.159
-979.203    1031.324    -0.159
-978.744    1032.212    -0.159
-978.273    1033.095    -0.159
-977.799    1033.975    -0.159
-977.299    1034.843    -0.159
-976.791    1035.704    -0.159
-976.277    1036.563    -0.159
-975.761    1037.419    -0.159
-975.235    1038.271    -0.159
-974.686    1039.106    -0.159
-974.131    1039.939    -0.159
-973.578    1040.772    -0.159
-973.015    1041.599    -0.159
-972.433    1042.413    -0.160
-971.838    1043.216    -0.160
-971.236    1044.016    -0.160
-970.642    1044.821    -0.160
-970.038    1045.618    -0.160
-969.419    1046.404    -0.160
-968.792    1047.183    -0.160
-968.149    1047.949    -0.160
-967.506    1048.716    -0.160
-966.851    1049.472    -0.160
-966.197    1050.229    -0.160
-965.525    1050.969    -0.160
-964.847    1051.705    -0.160
-964.162    1052.434    -0.160
-963.473    1053.159    -0.160
-962.760    1053.861    -0.160
-962.047    1054.563    -0.160
-961.334    1055.265    -0.160
-960.615    1055.960    -0.160
-959.884    1056.643    -0.160
-959.148    1057.320    -0.160
-958.396    1057.981    -0.160
-957.634    1058.628    -0.160
-956.868    1059.271    -0.160
-956.097    1059.909    -0.160
-955.321    1060.540    -0.160
-954.527    1061.149    -0.160
-953.732    1061.755    -0.160
-952.936    1062.362    -0.160
-952.146    1062.976    -0.160
-951.344    1063.572    -0.160
-950.524    1064.146    -0.160
-949.699    1064.712    -0.160
-948.868    1065.269    -0.160
-948.037    1065.825    -0.160
-947.199    1066.372    -0.160
-946.351    1066.902    -0.160
-945.495    1067.419    -0.160
-944.638    1067.935    -0.160
-943.772    1068.437    -0.160
-942.897    1068.922    -0.159
-942.019    1069.400    -0.159
-941.140    1069.879    -0.159
-940.262    1070.356    -0.159
-939.365    1070.801    -0.159
-938.467    1071.244    -0.159
-937.568    1071.680    -0.159
-936.664    1072.108    -0.159
-935.764    1072.547    -0.159
-934.855    1072.963    -0.159
-933.937    1073.359    -0.159
-933.011    1073.740    -0.159
-932.080    1074.105    -0.159
-931.146    1074.464    -0.159
-930.212    1074.821    -0.159
-929.276    1075.173    -0.159
-928.339    1075.522    -0.158
-927.393    1075.851    -0.158
-926.441    1076.155    -0.158
-925.481    1076.436    -0.158
-924.520    1076.715    -0.158
-923.560    1076.995    -0.158
-922.598    1077.271    -0.158
-921.633    1077.533    -0.158
-920.661    1077.769    -0.158
-919.688    1078.004    -0.158
-918.713    1078.226    -0.158
-917.737    1078.448    -0.157
-916.762    1078.671    -0.157
-915.780    1078.858    -0.157
-914.796    1079.039    -0.157
-913.812    1079.221    -0.157
-912.826    1079.390    -0.157
-911.837    1079.535    -0.157
-910.845    1079.671    -0.157
-909.852    1079.795    -0.157
-908.860    1079.912    -0.156
-907.866    1080.030    -0.156
-906.870    1080.123    -0.156
-905.873    1080.210    -0.156
-904.877    1080.290    -0.156
-903.878    1080.344    -0.156
-902.878    1080.397    -0.156
-901.879    1080.433    -0.156
-900.879    1080.470    -0.155
-899.879    1080.506    -0.155
-898.880    1080.530    -0.155
-897.879    1080.513    -0.155
-896.879    1080.496    -0.155
-895.879    1080.479    -0.155
-894.879    1080.462    -0.155
-893.879    1080.423    -0.154
-892.882    1080.346    -0.154
-891.884    1080.270    -0.154
-890.888    1080.193    -0.154
-889.890    1080.116    -0.154
-888.896    1080.005    -0.154
-887.902    1079.893    -0.153
-886.910    1079.764    -0.153
-885.920    1079.615    -0.153
-884.931    1079.468    -0.153
-883.942    1079.320    -0.153
-882.955    1079.156    -0.153
-881.973    1078.969    -0.152
-880.990    1078.781    -0.152
-880.007    1078.594    -0.152
-879.024    1078.407    -0.152
-878.051    1078.175    -0.152
-877.081    1077.933    -0.152
-876.110    1077.691    -0.151
-875.140    1077.448    -0.151
-874.169    1077.206    -0.151
-873.198    1076.963    -0.151
-872.231    1076.711    -0.151
-871.275    1076.414    -0.151
-870.320    1076.118    -0.150
-869.365    1075.821    -0.150
-868.418    1075.502    -0.150
-867.474    1075.167    -0.150
-866.532    1074.832    -0.150
-865.589    1074.497    -0.149
-864.646    1074.162    -0.149
-863.705    1073.825    -0.149
-862.780    1073.442    -0.149
-861.855    1073.061    -0.149
-860.931    1072.679    -0.149
-860.006    1072.298    -0.148
-859.081    1071.917    -0.148
-858.157    1071.536    -0.148
-857.249    1071.114    -0.148
-856.345    1070.687    -0.148
-855.440    1070.260    -0.147
-854.535    1069.833    -0.147
-853.636    1069.394    -0.147
-852.744    1068.942    -0.147
-851.852    1068.489    -0.147
-850.970    1068.017    -0.146
-850.094    1067.534    -0.146
-849.218    1067.051    -0.146
-848.342    1066.569    -0.146
-847.465    1066.086    -0.146
-846.589    1065.604    -0.145
-845.713    1065.121    -0.145
-844.842    1064.628    -0.145
-843.986    1064.111    -0.145
-843.131    1063.593    -0.145
-842.274    1063.076    -0.144
-841.421    1062.554    -0.144
-840.582    1062.008    -0.144
-839.743    1061.463    -0.144
-838.905    1060.919    -0.144
-838.066    1060.374    -0.143
-837.226    1059.828    -0.143
-836.406    1059.256    -0.143
-835.590    1058.679    -0.143
-834.773    1058.101    -0.143
-833.956    1057.523    -0.142
-833.139    1056.945    -0.142
-832.324    1056.367    -0.142
-831.507    1055.790    -0.142
-830.709    1055.186    -0.142
-829.915    1054.578    -0.141
-829.122    1053.968    -0.141
-828.328    1053.359    -0.141
-827.535    1052.751    -0.141
-826.755    1052.124    -0.141
-825.976    1051.497    -0.140
-825.195    1050.869    -0.140
-824.416    1050.243    -0.140
-823.637    1049.615    -0.140
-822.858    1048.988    -0.140
-822.078    1048.361    -0.139
-821.308    1047.723    -0.139
-820.551    1047.069    -0.139
-819.793    1046.415    -0.139
-819.036    1045.763    -0.139
-818.278    1045.109    -0.138
-817.521    1044.455    -0.138
-816.777    1043.787    -0.138
-816.036    1043.115    -0.138
-815.295    1042.442    -0.138
-814.554    1041.770    -0.137
-813.813    1041.099    -0.137
-813.072    1040.426    -0.137
-812.335    1039.750    -0.137
-811.601    1039.071    -0.136
-810.865    1038.392    -0.136
-810.130    1037.715    -0.136
-809.408    1037.022    -0.136
-808.696    1036.320    -0.136
-807.982    1035.618    -0.135
-807.270    1034.916    -0.135
-806.556    1034.215    -0.135
-805.844    1033.513    -0.135
-805.130    1032.812    -0.135
-804.423    1032.103    -0.134
-803.725    1031.388    -0.134
-803.025    1030.672    -0.134
-802.326    1029.957    -0.134
-801.627    1029.242    -0.134
-800.927    1028.526    -0.133
-800.228    1027.811    -0.133
-799.529    1027.096    -0.133
-798.830    1026.381    -0.133
-798.130    1025.666    -0.133
-797.431    1024.950    -0.132
-796.732    1024.234    -0.132
-796.032    1023.520    -0.132
-795.346    1022.792    -0.132
-794.664    1022.061    -0.132
-793.980    1021.330    -0.131
-793.297    1020.598    -0.131
-792.614    1019.868    -0.131
-791.931    1019.137    -0.131
-791.248    1018.406    -0.131
-790.565    1017.675    -0.130
-789.882    1016.945    -0.130
-789.199    1016.214    -0.130
-788.515    1015.483    -0.130
-787.833    1014.752    -0.130
-787.149    1014.021    -0.129
-786.466    1013.290    -0.129
-785.790    1012.553    -0.129
-785.114    1011.816    -0.129
-784.437    1011.079    -0.129
-783.761    1010.341    -0.128
-783.085    1009.604    -0.128
-782.409    1008.867    -0.128
-781.732    1008.130    -0.128
-781.056    1007.393    -0.128
-780.380    1006.656    -0.127
-779.704    1005.918    -0.127
-779.027    1005.182    -0.127
-778.350    1004.445    -0.127
-777.675    1003.708    -0.127
-776.998    1002.971    -0.126
-776.322    1002.234    -0.126
-775.646    1001.496    -0.126
-774.970    1000.759    -0.126
-774.293    1000.022    -0.126
-773.616    999.285    -0.125
-772.941    998.548    -0.125
-772.264    997.811    -0.125
-771.588    997.073    -0.125
-770.912    996.335    -0.125
-770.237    995.598    -0.124
-769.561    994.861    -0.124
-768.885    994.123    -0.124
-768.209    993.385    -0.124
-767.533    992.648    -0.124
-766.857    991.910    -0.123
-766.181    991.173    -0.123
-765.505    990.436    -0.123
-764.830    989.698    -0.123
-764.154    988.960    -0.123
-763.477    988.223    -0.122
-762.802    987.485    -0.122
-762.127    986.748    -0.122
-761.451    986.010    -0.122
-760.775    985.273    -0.122
-760.100    984.534    -0.121
-759.424    983.797    -0.121
-758.748    983.059    -0.121
-758.072    982.322    -0.121
-757.397    981.584    -0.121
-756.721    980.847    -0.121
-756.046    980.108    -0.120
-755.370    979.370    -0.120
-754.696    978.631    -0.120
-754.021    977.893    -0.120
-753.346    977.155    -0.120
-752.670    976.416    -0.119
-751.996    975.678    -0.119
-751.321    974.940    -0.119
-750.645    974.202    -0.119
-749.970    973.464    -0.119
-749.295    972.726    -0.118
-748.620    971.987    -0.118
-747.945    971.249    -0.118
-747.269    970.511    -0.118
-746.594    969.774    -0.118
-745.918    969.036    -0.117
-745.243    968.297    -0.117
-744.567    967.560    -0.117
-743.892    966.822    -0.117
-743.216    966.085    -0.117
-742.540    965.347    -0.116
-741.864    964.610    -0.116
-741.189    963.871    -0.116
-740.513    963.134    -0.116
-739.837    962.396    -0.116
-739.163    961.658    -0.116
-738.487    960.920    -0.115
-733.008    965.547    -0.115
-732.332    964.809    -0.115
-731.656    964.071    -0.115
-730.981    963.334    -0.115
-730.304    962.597    -0.115
-729.628    961.859    -0.114
-728.953    961.122    -0.114
-728.278    960.384    -0.114
-727.602    959.645    -0.114
-726.927    958.907    -0.114
-726.251    958.170    -0.114
-725.576    957.432    -0.113
-724.900    956.695    -0.113
-724.224    955.956    -0.113
-723.547    955.219    -0.113
-722.872    954.482    -0.113
-722.196    953.745    -0.112
-721.520    953.008    -0.112
-720.844    952.271    -0.112
-720.168    951.533    -0.112
-719.491    950.795    -0.112
-718.815    950.058    -0.111
-718.140    949.321    -0.111
-717.464    948.583    -0.111
-716.788    947.846    -0.111
-716.112    947.108    -0.111
-715.436    946.371    -0.111
-714.760    945.633    -0.110
-714.084    944.896    -0.110
-713.407    944.159    -0.110
-712.731    943.422    -0.110
-712.054    942.685    -0.110
-711.377    941.949    -0.109
-710.701    941.212    -0.109
-710.028    940.472    -0.109
-709.354    939.733    -0.109
-708.680    938.993    -0.109
-708.006    938.254    -0.108
-707.333    937.514    -0.108
-706.660    936.774    -0.108
-705.986    936.034    -0.108
-705.313    935.295    -0.108
-704.640    934.554    -0.108
-703.966    933.815    -0.107
-703.293    933.075    -0.107
-702.619    932.335    -0.107
-701.945    931.597    -0.107
-701.268    930.860    -0.107
-700.591    930.123    -0.106
-699.914    929.386    -0.106
-699.239    928.649    -0.106
-698.562    927.912    -0.106
-697.885    927.176    -0.106
-697.210    926.438    -0.106
-696.533    925.701    -0.105
-695.856    924.965    -0.105
-695.179    924.228    -0.105
-694.504    923.491    -0.105
-693.827    922.754    -0.105
-693.151    922.016    -0.104
-692.474    921.279    -0.104
-691.798    920.542    -0.104
-691.122    919.805    -0.104
-690.445    919.068    -0.104
-689.769    918.330    -0.104
-689.094    917.592    -0.103
-688.419    916.854    -0.103
-687.743    916.117    -0.103
-687.067    915.379    -0.103
-686.392    914.642    -0.103
-685.716    913.904    -0.103
-685.039    913.166    -0.102
-684.364    912.429    -0.102
-683.688    911.692    -0.102
-683.012    910.954    -0.102
-682.336    910.217    -0.102
-681.661    909.479    -0.101
-680.984    908.742    -0.101
-680.308    908.005    -0.101
-679.631    907.268    -0.101
-678.956    906.530    -0.101
-678.281    905.792    -0.101
-677.605    905.053    -0.100
-676.930    904.315    -0.100
-676.256    903.577    -0.100
-675.580    902.839    -0.100
-674.905    902.101    -0.100
-674.229    901.362    -0.099
-673.555    900.624    -0.099
-672.879    899.887    -0.099
-672.202    899.150    -0.099
-671.526    898.413    -0.099
-670.850    897.676    -0.099
-670.174    896.938    -0.098
-669.497    896.201    -0.098
-668.820    895.464    -0.098
-668.144    894.728    -0.098
-667.468    893.990    -0.098
-666.793    893.252    -0.098
-666.118    892.513    -0.097
-665.443    891.775    -0.097
-664.768    891.037    -0.097
-664.092    890.299    -0.097
-663.418    889.561    -0.097
-662.743    888.822    -0.097
-662.068    888.084    -0.096
-661.391    887.346    -0.096
-660.716    886.610    -0.096
-660.039    885.873    -0.096
-659.362    885.136    -0.096
-658.686    884.398    -0.095
-658.010    883.661    -0.095
-657.333    882.925    -0.095
-656.656    882.188    -0.095
-655.979    881.451    -0.095
-655.304    880.714    -0.095
-654.627    879.976    -0.094
-653.951    879.239    -0.094
-653.276    878.502    -0.094
-652.599    877.765    -0.094
-651.922    877.029    -0.094
-651.246    876.292    -0.094
-650.570    875.554    -0.093
-649.893    874.818    -0.093
-649.215    874.082    -0.093
-648.537    873.346    -0.093
-647.860    872.610    -0.093
-647.182    871.875    -0.093
-646.504    871.138    -0.092
-645.826    870.402    -0.092
-645.149    869.667    -0.092
-644.472    868.930    -0.092
-643.797    868.192    -0.092
-643.122    867.454    -0.092
-642.446    866.715    -0.091
-641.771    865.978    -0.091
-641.095    865.240    -0.091
-640.420    864.502    -0.091
-639.744    863.765    -0.091
-639.068    863.026    -0.091
-638.392    862.289    -0.090
-637.717    861.551    -0.090
-637.041    860.814    -0.090
-636.365    860.077    -0.090
-635.689    859.339    -0.090
-635.014    858.601    -0.090
-634.338    857.864    -0.089
-633.661    857.126    -0.089
-632.985    856.389    -0.089
-632.310    855.652    -0.089
-631.634    854.914    -0.089
-630.958    854.176    -0.089
-630.281    853.439    -0.088
-629.606    852.702    -0.088
-628.930    851.965    -0.088
-628.255    851.226    -0.088
-627.580    850.487    -0.088
-626.905    849.749    -0.088
-626.230    849.011    -0.087
-625.555    848.273    -0.087
-624.880    847.535    -0.087
-624.205    846.797    -0.087
-623.530    846.058    -0.087
-622.855    845.319    -0.087
-622.181    844.580    -0.086
-621.506    843.842    -0.086
-620.832    843.103    -0.086
-620.157    842.364    -0.086
-619.483    841.626    -0.086
-618.807    840.887    -0.086
-618.132    840.149    -0.085
-617.457    839.412    -0.085
-616.782    838.674    -0.085
-616.106    837.935    -0.085
-615.430    837.198    -0.085
-614.754    836.460    -0.085
-614.079    835.723    -0.084
-613.403    834.986    -0.084
-612.727    834.248    -0.084
-612.051    833.510    -0.084
-611.375    832.773    -0.084
-610.699    832.035    -0.084
-610.023    831.298    -0.083
-609.347    830.560    -0.083
-608.672    829.822    -0.083
-607.996    829.085    -0.083
-607.320    828.347    -0.083
-606.643    827.610    -0.083
-605.968    826.873    -0.083
-605.293    826.135    -0.082
-604.617    825.397    -0.082
-603.942    824.659    -0.082
-603.266    823.921    -0.082
-602.590    823.184    -0.082
-601.914    822.446    -0.082
-601.239    821.709    -0.081
-600.564    820.970    -0.081
-599.889    820.232    -0.081
-599.214    819.493    -0.081
-598.540    818.755    -0.081
-597.865    818.017    -0.081
-597.190    817.277    -0.080
-596.514    816.539    -0.080
-595.840    815.801    -0.080
-595.164    815.064    -0.080
-594.487    814.327    -0.080
-593.811    813.590    -0.080
-593.136    812.852    -0.080
-592.459    812.114    -0.079
-591.783    811.377    -0.079
-591.106    810.640    -0.079
-590.431    809.903    -0.079
-589.754    809.167    -0.079
-589.076    808.430    -0.079
-588.400    807.693    -0.078
-587.723    806.957    -0.078
-587.045    806.221    -0.078
-586.368    805.485    -0.078
-585.692    804.748    -0.078
-585.015    804.011    -0.078
-584.341    803.271    -0.077
-583.667    802.532    -0.077
-582.994    801.792    -0.077
-582.320    801.053    -0.077
-581.647    800.313    -0.077
-580.973    799.574    -0.077
-580.299    798.834    -0.077
-579.625    798.096    -0.076
-578.948    797.359    -0.076
-578.271    796.622    -0.076
-577.595    795.885    -0.076
-576.918    795.148    -0.076
-576.241    794.412    -0.076
-575.564    793.675    -0.075
-574.888    792.939    -0.075
-574.211    792.201    -0.075
-573.534    791.465    -0.075
-572.858    790.728    -0.075
-572.183    789.990    -0.075
-571.507    789.252    -0.075
-570.832    788.514    -0.074
-570.157    787.775    -0.074
-569.482    787.037    -0.074
-568.806    786.300    -0.074
-568.130    785.562    -0.074
-567.456    784.824    -0.074
-566.780    784.086    -0.074
-566.105    783.347    -0.073
-565.430    782.609    -0.073
-564.755    781.871    -0.073
-564.080    781.133    -0.073
-563.404    780.395    -0.073
-562.728    779.657    -0.073
-562.052    778.920    -0.072
-561.375    778.183    -0.072
-560.698    777.447    -0.072
-560.021    776.710    -0.072
-559.346    775.974    -0.072
-558.669    775.236    -0.072
-557.992    774.499    -0.072
-557.315    773.762    -0.071
-556.639    773.026    -0.071
-555.962    772.289    -0.071
-555.285    771.552    -0.071
-554.610    770.815    -0.071
-553.933    770.078    -0.071
-553.256    769.341    -0.071
-552.579    768.604    -0.070
-551.905    767.866    -0.070
-551.230    767.128    -0.070
-550.555    766.389    -0.070
-549.880    765.651    -0.070
-549.205    764.912    -0.070
-548.530    764.174    -0.069
-547.855    763.436    -0.069
-547.179    762.697    -0.069
-546.505    761.959    -0.069
-545.829    761.221    -0.069
-545.153    760.484    -0.069
-544.477    759.747    -0.069
-543.801    759.010    -0.068
-543.124    758.273    -0.068
-542.448    757.536    -0.068
-541.771    756.799    -0.068
-541.095    756.062    -0.068
-540.419    755.325    -0.068
-539.743    754.587    -0.068
-539.069    753.848    -0.067
-538.394    753.110    -0.067
-537.718    752.372    -0.067
-537.042    751.635    -0.067
-536.367    750.897    -0.067
-535.691    750.158    -0.067
-535.016    749.421    -0.067
-534.338    748.685    -0.066
-533.661    747.949    -0.066
-532.983    747.214    -0.066
-532.304    746.478    -0.066
-531.626    745.742    -0.066
-530.949    745.007    -0.066
-530.270    744.272    -0.066
-529.596    743.533    -0.065
-528.921    742.794    -0.065
-528.248    742.055    -0.065
-527.574    741.315    -0.065
-526.899    740.576    -0.065
-526.226    739.837    -0.065
-525.552    739.098    -0.065
-524.877    738.359    -0.064
-524.203    737.619    -0.064
-523.528    736.881    -0.064
-522.852    736.144    -0.064
-522.176    735.407    -0.064
-521.500    734.669    -0.064
-520.825    733.932    -0.064
-520.149    733.193    -0.063
-519.473    732.456    -0.063
-518.796    731.719    -0.063
-518.121    730.982    -0.063
-517.445    730.244    -0.063
-516.770    729.506    -0.063
-516.095    728.767    -0.063
-515.420    728.029    -0.062
-514.744    727.291    -0.062
-514.069    726.554    -0.062
-513.393    725.816    -0.062
-512.718    725.077    -0.062
-512.042    724.340    -0.062
-511.367    723.602    -0.062
-510.691    722.864    -0.062
-510.016    722.127    -0.061
-509.340    721.389    -0.061
-508.664    720.651    -0.061
-507.988    719.914    -0.061
-507.312    719.176    -0.061
-506.636    718.439    -0.061
-505.960    717.702    -0.061
-505.285    716.965    -0.060
-504.608    716.227    -0.060
-503.932    715.490    -0.060
-503.256    714.752    -0.060
-502.580    714.015    -0.060
-501.905    713.277    -0.060
-501.230    712.537    -0.060
-500.556    711.798    -0.059
-499.883    711.059    -0.059
-499.208    710.320    -0.059
-498.534    709.581    -0.059
-497.860    708.843    -0.059
-497.186    708.103    -0.059
-496.509    707.367    -0.059
-495.830    706.632    -0.059
-495.150    705.898    -0.058
-494.472    705.163    -0.058
-493.793    704.429    -0.058
-493.113    703.693    -0.058
-492.435    702.959    -0.058
-491.756    702.224    -0.058
-491.076    701.490    -0.058
-490.401    700.752    -0.057
-489.727    700.014    -0.057
-489.052    699.274    -0.057
-488.377    698.535    -0.057
-487.702    697.797    -0.057
-487.028    697.059    -0.057
-486.353    696.321    -0.057
-485.678    695.582    -0.057
-485.002    694.844    -0.056
-484.328    694.106    -0.056
-483.652    693.368    -0.056
-482.976    692.631    -0.056
-482.300    691.893    -0.056
-481.625    691.155    -0.056
-480.949    690.417    -0.056
-480.274    689.679    -0.055
-479.600    688.940    -0.055
-478.926    688.201    -0.055
-478.252    687.462    -0.055
-477.578    686.722    -0.055
-476.904    685.983    -0.055
-476.230    685.244    -0.055
-475.556    684.505    -0.055
-474.882    683.766    -0.054
-474.207    683.026    -0.054
-473.533    682.288    -0.054
-472.858    681.550    -0.054
-472.183    680.811    -0.054
-471.508    680.073    -0.054
-470.833    679.335    -0.054
-470.158    678.596    -0.054
-469.482    677.858    -0.053
-468.808    677.120    -0.053
-468.133    676.382    -0.053
-467.459    675.643    -0.053
-466.784    674.903    -0.053
-466.111    674.164    -0.053
-465.436    673.425    -0.053
-464.762    672.687    -0.053
-464.087    671.948    -0.052
-463.413    671.208    -0.052
-462.739    670.470    -0.052
-462.062    669.733    -0.052
-461.385    668.997    -0.052
-460.709    668.260    -0.052
-460.032    667.524    -0.052
-459.354    666.786    -0.051
-458.677    666.050    -0.051
-458.001    665.313    -0.051
-457.324    664.577    -0.051
-456.647    663.840    -0.051
-455.973    663.101    -0.051
-455.299    662.361    -0.051
-454.625    661.623    -0.051
-453.950    660.884    -0.050
-453.275    660.145    -0.050
-452.602    659.407    -0.050
-451.927    658.667    -0.050
-451.250    657.930    -0.050
-450.574    657.194    -0.050
-449.897    656.458    -0.050
-449.219    655.721    -0.050
-448.542    654.985    -0.049
-447.866    654.248    -0.049
-447.188    653.512    -0.049
-446.511    652.776    -0.049
-445.834    652.039    -0.049
-445.159    651.302    -0.049
-444.486    650.562    -0.049
-443.812    649.821    -0.049
-443.139    649.081    -0.049
-442.467    648.341    -0.048
-441.794    647.601    -0.048
-441.120    646.861    -0.048
-440.447    646.120    -0.048
-439.775    645.380    -0.048
-439.099    644.642    -0.048
-438.423    643.905    -0.048
-437.747    643.168    -0.048
-437.071    642.431    -0.047
-436.395    641.693    -0.047
-435.718    640.956    -0.047
-435.042    640.219    -0.047
-434.367    639.482    -0.047
-433.690    638.744    -0.047
-433.014    638.007    -0.047
-432.338    637.268    -0.047
-431.664    636.531    -0.046
-430.988    635.793    -0.046
-430.312    635.056    -0.046
-429.637    634.318    -0.046
-428.960    633.580    -0.046
-428.284    632.843    -0.046
-427.608    632.105    -0.046
-426.934    631.367    -0.046
-426.259    630.629    -0.046
-425.584    629.890    -0.045
-424.909    629.151    -0.045
-424.234    628.413    -0.045
-423.559    627.675    -0.045
-422.883    626.937    -0.045
-422.208    626.199    -0.045
-421.532    625.462    -0.045
-420.854    624.726    -0.045
-420.176    623.990    -0.044
-419.499    623.254    -0.044
-418.822    622.519    -0.044
-418.144    621.783    -0.044
-417.468    621.044    -0.044
-416.794    620.305    -0.044
-416.121    619.566    -0.044
-415.447    618.827    -0.044
-414.773    618.087    -0.044
-414.099    617.348    -0.043
-413.426    616.608    -0.043
-412.751    615.869    -0.043
-412.077    615.130    -0.043
-411.402    614.391    -0.043
-410.729    613.653    -0.043
-410.054    612.913    -0.043
-409.379    612.174    -0.043
-408.706    611.436    -0.042
-408.031    610.697    -0.042
-407.356    609.958    -0.042
-406.682    609.219    -0.042
-406.005    608.482    -0.042
-405.328    607.746    -0.042
-404.650    607.010    -0.042
-403.973    606.274    -0.042
-403.296    605.538    -0.042
-402.618    604.803    -0.041
-401.940    604.066    -0.041
-401.262    603.330    -0.041
-400.589    602.591    -0.041
-399.915    601.852    -0.041
-399.240    601.113    -0.041
-398.566    600.374    -0.041
-397.892    599.635    -0.041
-397.218    598.896    -0.041
-396.543    598.157    -0.040
-395.869    597.418    -0.040
-395.195    596.680    -0.040
-394.518    595.942    -0.040
-393.841    595.205    -0.040
-393.164    594.469    -0.040
-392.489    593.732    -0.040
-391.812    592.995    -0.040
-391.135    592.258    -0.040
-390.459    591.521    -0.039
-389.782    590.785    -0.039
-389.105    590.048    -0.039
-388.428    589.311    -0.039
-387.752    588.575    -0.039
-387.075    587.837    -0.039
-386.398    587.100    -0.039
-385.721    586.364    -0.039
-385.046    585.627    -0.039
-384.369    584.891    -0.038
-383.691    584.154    -0.038
-383.014    583.417    -0.038
-382.338    582.680    -0.038
-381.663    581.942    -0.038
-380.990    581.202    -0.038
-380.317    580.461    -0.038
-379.645    579.721    -0.038
-378.972    578.980    -0.038
-378.299    578.240    -0.038
-377.626    577.500    -0.037
-376.952    576.762    -0.037
-376.274    576.026    -0.037
-375.596    575.289    -0.037
-374.919    574.554    -0.037
-374.241    573.818    -0.037
-373.563    573.082    -0.037
-372.885    572.347    -0.037
-372.208    571.611    -0.037
-371.530    570.874    -0.036
-370.852    570.139    -0.036
-370.175    569.403    -0.036
-369.499    568.665    -0.036
-368.823    567.928    -0.036
-368.146    567.191    -0.036
-367.470    566.454    -0.036
-366.794    565.717    -0.036
-366.117    564.980    -0.036
-365.441    564.243    -0.035
-364.765    563.507    -0.035
-364.087    562.771    -0.035
-363.409    562.034    -0.035
-362.731    561.299    -0.035
-362.054    560.563    -0.035
-361.376    559.827    -0.035
-360.698    559.092    -0.035
-360.020    558.356    -0.035
-359.343    557.619    -0.035
-358.667    556.881    -0.034
-357.992    556.143    -0.034
-357.317    555.405    -0.034
-356.642    554.667    -0.034
-355.967    553.929    -0.034
-355.291    553.190    -0.034
-354.616    552.452    -0.034
-353.941    551.715    -0.034
-353.264    550.978    -0.034
-352.586    550.242    -0.034
-351.909    549.506    -0.033
-351.232    548.770    -0.033
-350.554    548.034    -0.033
-349.876    547.299    -0.033
-349.198    546.563    -0.033
-348.520    545.827    -0.033
-347.845    545.089    -0.033
-347.170    544.350    -0.033
-346.496    543.611    -0.033
-345.821    542.873    -0.033
-345.147    542.134    -0.032
-344.472    541.396    -0.032
-343.798    540.657    -0.032
-343.122    539.918    -0.032
-342.447    539.181    -0.032
-341.771    538.443    -0.032
-341.096    537.705    -0.032
-340.420    536.967    -0.032
-339.744    536.230    -0.032
-339.069    535.492    -0.032
-338.393    534.755    -0.031
-337.715    534.019    -0.031
-337.037    533.284    -0.031
-336.360    532.547    -0.031
-335.681    531.812    -0.031
-335.003    531.076    -0.031
-334.325    530.341    -0.031
-333.648    529.605    -0.031
-332.969    528.870    -0.031
-332.293    528.132    -0.031
-331.617    527.394    -0.030
-330.942    526.657    -0.030
-330.267    525.919    -0.030
-329.591    525.182    -0.030
-328.915    524.444    -0.030
-328.240    523.705    -0.030
-327.564    522.968    -0.030
-326.888    522.230    -0.030
-326.213    521.493    -0.030
-325.537    520.756    -0.030
-324.860    520.019    -0.030
-324.184    519.280    -0.029
-323.509    518.543    -0.029
-322.833    517.806    -0.029
-322.156    517.069    -0.029
-321.480    516.332    -0.029
-320.804    515.595    -0.029
-320.129    514.856    -0.029
-319.453    514.118    -0.029
-318.778    513.380    -0.029
-318.104    512.642    -0.029
-317.428    511.904    -0.029
-316.753    511.165    -0.028
-316.077    510.427    -0.028
-315.403    509.689    -0.028
-314.727    508.951    -0.028
-314.052    508.213    -0.028
-313.377    507.475    -0.028
-312.702    506.736    -0.028
-312.027    505.998    -0.028
-311.351    505.261    -0.028
-310.675    504.522    -0.028
-310.001    503.784    -0.027
-309.326    503.046    -0.027
-308.650    502.308    -0.027
-307.975    501.570    -0.027
-307.299    500.832    -0.027
-306.624    500.095    -0.027
-305.948    499.357    -0.027
-305.273    498.618    -0.027
-304.598    497.881    -0.027
-303.922    497.143    -0.027
-303.247    496.405    -0.027
-302.572    495.667    -0.026
-301.897    494.928    -0.026
-301.221    494.190    -0.026
-300.545    493.452    -0.026
-299.871    492.714    -0.026
-299.195    491.977    -0.026
-298.520    491.239    -0.026
-297.844    490.500    -0.026
-297.170    489.762    -0.026
-296.494    489.024    -0.026
-295.818    488.286    -0.026
-295.143    487.549    -0.026
-294.468    486.811    -0.025
-293.793    486.072    -0.025
-293.118    485.334    -0.025
-292.442    484.596    -0.025
-291.768    483.857    -0.025
-291.092    483.119    -0.025
-290.417    482.380    -0.025
-289.742    481.642    -0.025
-289.067    480.904    -0.025
-288.392    480.167    -0.025
-287.716    479.429    -0.025
-287.042    478.691    -0.024
-286.366    477.952    -0.024
-285.691    477.214    -0.024
-285.016    476.476    -0.024
-284.341    475.738    -0.024
-283.665    475.000    -0.024
-282.989    474.262    -0.024
-282.314    473.524    -0.024
-281.639    472.786    -0.024
-280.964    472.048    -0.024
-280.288    471.310    -0.024
-279.612    470.573    -0.024
-278.938    469.834    -0.023
-278.262    469.096    -0.023
-277.586    468.358    -0.023
-276.911    467.621    -0.023
-276.236    466.883    -0.023
-275.560    466.144    -0.023
-274.884    465.407    -0.023
-274.209    464.669    -0.023
-273.534    463.931    -0.023
-272.858    463.194    -0.023
-272.182    462.456    -0.023
-271.506    461.718    -0.023
-270.831    460.980    -0.022
-270.155    460.243    -0.022
-269.479    459.505    -0.022
-268.804    458.768    -0.022
-268.128    458.030    -0.022
-267.452    457.292    -0.022
-266.776    456.554    -0.022
-266.101    455.817    -0.022
-265.425    455.079    -0.022
-264.749    454.342    -0.022
-264.074    453.603    -0.022
-263.399    452.865    -0.022
-262.724    452.127    -0.021
-262.048    451.389    -0.021
-261.372    450.652    -0.021
-260.697    449.914    -0.021
-260.022    449.175    -0.021
-259.347    448.437    -0.021
-258.671    447.699    -0.021
-257.997    446.961    -0.021
-257.322    446.223    -0.021
-256.647    445.484    -0.021
-255.971    444.746    -0.021
-255.297    444.008    -0.021
-254.622    443.270    -0.021
-253.947    442.531    -0.020
-253.272    441.793    -0.020
-252.597    441.054    -0.020
-251.922    440.316    -0.020
-251.247    439.578    -0.020
-250.571    438.840    -0.020
-249.897    438.101    -0.020
-249.221    437.364    -0.020
-248.544    436.626    -0.020
-247.868    435.890    -0.020
-247.190    435.154    -0.020
-246.513    434.418    -0.020
-245.836    433.681    -0.020
-245.159    432.945    -0.019
-244.482    432.208    -0.019
-243.805    431.472    -0.019
-243.129    430.734    -0.019
-242.454    429.997    -0.019
-241.777    429.259    -0.019
-241.101    428.521    -0.019
-240.425    427.784    -0.019
-239.750    427.047    -0.019
-239.074    426.309    -0.019
-238.397    425.572    -0.019
-237.720    424.836    -0.019
-237.044    424.098    -0.019
-236.367    423.362    -0.018
-235.689    422.626    -0.018
-235.013    421.890    -0.018
-234.336    421.153    -0.018
-233.658    420.418    -0.018
-232.980    419.681    -0.018
-232.306    418.942    -0.018
-231.633    418.202    -0.018
-230.960    417.462    -0.018
-230.287    416.722    -0.018
-229.614    415.982    -0.018
-228.941    415.242    -0.018
-228.267    414.502    -0.018
-227.594    413.762    -0.018
-226.917    413.026    -0.017
-226.240    412.290    -0.017
-225.562    411.553    -0.017
-224.885    410.817    -0.017
-224.209    410.081    -0.017
-223.531    409.344    -0.017
-222.853    408.609    -0.017
-222.176    407.872    -0.017
-221.503    407.132    -0.017
-220.828    406.394    -0.017
-220.154    405.655    -0.017
-219.480    404.916    -0.017
-218.806    404.177    -0.017
-218.131    403.437    -0.017
-217.456    402.699    -0.016
-216.782    401.961    -0.016
-216.105    401.224    -0.016
-215.427    400.488    -0.016
-214.750    399.752    -0.016
-214.073    399.015    -0.016
-213.396    398.279    -0.016
-212.718    397.543    -0.016
-212.041    396.807    -0.016
-211.364    396.071    -0.016
-210.688    395.334    -0.016
-210.012    394.595    -0.016
-209.336    393.857    -0.016
-208.662    393.120    -0.016
-207.986    392.382    -0.015
-207.310    391.644    -0.015
-206.635    390.905    -0.015
-205.960    390.168    -0.015
-205.284    389.430    -0.015
-204.608    388.692    -0.015
-203.934    387.954    -0.015
-203.258    387.217    -0.015
-202.582    386.478    -0.015
-201.906    385.741    -0.015
-201.231    385.004    -0.015
-200.554    384.266    -0.015
-199.878    383.529    -0.015
-199.203    382.791    -0.015
-198.529    382.052    -0.015
-197.853    381.314    -0.015
-197.178    380.576    -0.014
-196.502    379.839    -0.014
-195.827    379.101    -0.014
-195.151    378.362    -0.014
-194.476    377.624    -0.014
-193.800    376.887    -0.014
-193.125    376.149    -0.014
-192.449    375.411    -0.014
-191.773    374.674    -0.014
-191.097    373.936    -0.014
-190.422    373.198    -0.014
-189.746    372.461    -0.014
-189.070    371.723    -0.014
-188.394    370.986    -0.014
-187.719    370.249    -0.014
-187.043    369.510    -0.013
-186.367    368.773    -0.013
-185.692    368.035    -0.013
-185.016    367.298    -0.013
-184.340    366.561    -0.013
-183.663    365.822    -0.013
-182.987    365.086    -0.013
-182.310    364.350    -0.013
-181.632    363.614    -0.013
-180.954    362.878    -0.013
-180.278    362.142    -0.013
-179.600    361.405    -0.013
-178.922    360.670    -0.013
-178.245    359.933    -0.013
-177.571    359.195    -0.013
-176.896    358.457    -0.013
-176.221    357.718    -0.012
-175.545    356.979    -0.012
-174.871    356.241    -0.012
-174.195    355.503    -0.012
-173.520    354.765    -0.012
-172.845    354.027    -0.012
-172.170    353.288    -0.012
-171.495    352.550    -0.012
-170.819    351.812    -0.012
-170.145    351.074    -0.012
-169.470    350.336    -0.012
-168.794    349.598    -0.012
-168.119    348.859    -0.012
-167.445    348.121    -0.012
-166.767    347.385    -0.012
-166.090    346.648    -0.012
-165.413    345.912    -0.012
-164.736    345.176    -0.011
-164.059    344.439    -0.011
-163.382    343.702    -0.011
-162.704    342.966    -0.011
-162.028    342.230    -0.011
-161.352    341.493    -0.011
-160.677    340.754    -0.011
-160.002    340.015    -0.011
-159.328    339.277    -0.011
-158.652    338.539    -0.011
-157.977    337.801    -0.011
-157.303    337.063    -0.011
-156.628    336.323    -0.011
-155.952    335.585    -0.011
-155.277    334.847    -0.011
-154.603    334.108    -0.011
-153.928    333.370    -0.011
-153.253    332.632    -0.011
-152.578    331.892    -0.010
-151.904    331.154    -0.010
-151.229    330.416    -0.010
-150.554    329.677    -0.010
-149.879    328.940    -0.010
-149.204    328.201    -0.010
-148.528    327.463    -0.010
-147.852    326.726    -0.010
-147.176    325.988    -0.010
-146.501    325.251    -0.010
-145.825    324.514    -0.010
-145.149    323.775    -0.010
-144.472    323.038    -0.010
-143.797    322.301    -0.010
-143.121    321.564    -0.010
-142.444    320.827    -0.010
-141.768    320.089    -0.010
-141.093    319.351    -0.010
-140.416    318.614    -0.010
-139.739    317.878    -0.009
-139.065    317.140    -0.009
-138.389    316.402    -0.009
-137.714    315.663    -0.009
-137.038    314.925    -0.009
-136.364    314.187    -0.009
-135.688    313.450    -0.009
-135.012    312.712    -0.009
-134.337    311.974    -0.009
-133.662    311.235    -0.009
-132.987    310.497    -0.009
-132.313    309.758    -0.009
-131.638    309.019    -0.009
-130.964    308.281    -0.009
-130.290    307.541    -0.009
-129.615    306.802    -0.009
-128.940    306.064    -0.009
-128.266    305.325    -0.009
-127.591    304.587    -0.009
-126.915    303.850    -0.009
-126.238    303.112    -0.008
-125.562    302.375    -0.008
-124.886    301.639    -0.008
-124.209    300.902    -0.008
-123.532    300.165    -0.008
-122.856    299.428    -0.008
-122.179    298.691    -0.008
-121.505    297.952    -0.008
-120.831    297.213    -0.008
-120.158    296.473    -0.008
-119.484    295.734    -0.008
-118.810    294.994    -0.008
-118.136    294.254    -0.008
-117.463    293.515    -0.008
-116.789    292.776    -0.008
-116.113    292.039    -0.008
-115.435    291.302    -0.008
-114.757    290.567    -0.008
-114.078    289.832    -0.008
-113.400    289.097    -0.008
-112.722    288.362    -0.008
-112.043    287.627    -0.007
-111.365    286.892    -0.007
-110.687    286.155    -0.007
-110.012    285.417    -0.007
-109.337    284.679    -0.007
-108.661    283.942    -0.007
-107.985    283.204    -0.007
-107.311    282.465    -0.007
-106.635    281.727    -0.007
-105.959    280.990    -0.007
-105.283    280.252    -0.007
-104.609    279.514    -0.007
-103.933    278.777    -0.007
-103.257    278.038    -0.007
-102.582    277.301    -0.007
-101.906    276.563    -0.007
-101.231    275.825    -0.007
-100.555    275.088    -0.007
-99.880    274.350    -0.007
-99.204    273.611    -0.007
-98.528    272.874    -0.007
-97.853    272.136    -0.007
-97.178    271.398    -0.007
-96.503    270.660    -0.006
-95.827    269.921    -0.006
-95.151    269.184    -0.006
-94.476    268.446    -0.006
-93.800    267.709    -0.006
-93.124    266.972    -0.006
-92.447    266.235    -0.006
-91.771    265.497    -0.006
-91.094    264.761    -0.006
-90.417    264.024    -0.006
-89.741    263.287    -0.006
-89.065    262.551    -0.006
-88.388    261.814    -0.006
-87.712    261.075    -0.006
-87.038    260.337    -0.006
-86.362    259.600    -0.006
-85.686    258.862    -0.006
-85.010    258.124    -0.006
-84.335    257.386    -0.006
-83.659    256.649    -0.006
-82.982    255.912    -0.006
-82.305    255.176    -0.006
-81.628    254.440    -0.006
-80.951    253.703    -0.006
-80.274    252.966    -0.006
-79.597    252.230    -0.005
-78.920    251.494    -0.005
-78.242    250.758    -0.005
-77.567    250.020    -0.005
-76.892    249.282    -0.005
-76.217    248.543    -0.005
-75.542    247.805    -0.005
-74.867    247.067    -0.005
-74.192    246.329    -0.005
-73.517    245.590    -0.005
-72.842    244.851    -0.005
-72.166    244.113    -0.005
-71.492    243.375    -0.005
-70.817    242.636    -0.005
-70.142    241.898    -0.005
-69.467    241.160    -0.005
-68.792    240.421    -0.005
-68.117    239.683    -0.005
-67.442    238.945    -0.005
-66.764    238.209    -0.005
-66.087    237.473    -0.005
-65.409    236.738    -0.005
-64.731    236.001    -0.005
-64.053    235.265    -0.005
-63.376    234.530    -0.005
-62.698    233.794    -0.005
-62.020    233.059    -0.005
-61.343    232.323    -0.005
-60.669    231.583    -0.005
-59.994    230.844    -0.004
-59.320    230.105    -0.004
-58.647    229.366    -0.004
-57.972    228.627    -0.004
-57.298    227.888    -0.004
-56.623    227.149    -0.004
-55.949    226.410    -0.004
-55.274    225.672    -0.004
-54.598    224.934    -0.004
-53.923    224.196    -0.004
-53.248    223.458    -0.004
-52.573    222.720    -0.004
-51.897    221.982    -0.004
-51.221    221.244    -0.004
-50.547    220.506    -0.004
-49.872    219.767    -0.004
-49.196    219.029    -0.004
-48.521    218.292    -0.004
-47.846    217.554    -0.004
-47.170    216.816    -0.004
-46.494    216.079    -0.004
-45.819    215.339    -0.004
-45.145    214.601    -0.004
-44.471    213.862    -0.004
-43.796    213.123    -0.004
-43.122    212.384    -0.004
-42.448    211.644    -0.004
-41.774    210.906    -0.004
-41.099    210.167    -0.004
-40.423    209.429    -0.004
-39.748    208.693    -0.004
-39.071    207.956    -0.004
-38.394    207.218    -0.003
-37.717    206.481    -0.003
-37.041    205.745    -0.003
-36.364    205.008    -0.003
-35.688    204.271    -0.003
-35.012    203.535    -0.003
-34.335    202.797    -0.003
-33.658    202.061    -0.003
-32.981    201.324    -0.003
-32.305    200.588    -0.003
-31.628    199.851    -0.003
-30.950    199.114    -0.003
-30.273    198.377    -0.003
-29.598    197.640    -0.003
-28.924    196.901    -0.003
-28.249    196.162    -0.003
-27.574    195.424    -0.003
-26.900    194.684    -0.003
-26.226    193.946    -0.003
-25.551    193.207    -0.003
-24.876    192.469    -0.003
-24.201    191.731    -0.003
-23.526    190.992    -0.003
-22.850    190.255    -0.003
-22.174    189.517    -0.003
-21.499    188.780    -0.003
-20.823    188.042    -0.003
-20.147    187.305    -0.003
-19.472    186.566    -0.003
-18.796    185.829    -0.003
-18.119    185.092    -0.003
-17.442    184.356    -0.003
-16.766    183.619    -0.003
-16.090    182.882    -0.003
-15.413    182.144    -0.003
-14.736    181.407    -0.003
-14.060    180.671    -0.003
-13.384    179.933    -0.003
-12.709    179.195    -0.003
-12.034    178.457    -0.003
-11.360    177.718    -0.002
-10.685    176.979    -0.002
-10.009    176.241    -0.002
-9.334    175.503    -0.002
-8.659    174.766    -0.002
-7.983    174.027    -0.002
-7.307    173.290    -0.002
-6.631    172.553    -0.002
-5.955    171.816    -0.002
-5.279    171.079    -0.002
-4.602    170.342    -0.002
-3.926    169.604    -0.002
-3.250    168.867    -0.002
-2.573    168.130    -0.002
-1.896    167.393    -0.002
-1.221    166.656    -0.002
-0.545    165.919    -0.002
0.132    165.181    -0.002
0.809    164.444    -0.002
1.484    163.707    -0.002
2.161    162.971    -0.002
2.837    162.234    -0.002
3.514    161.496    -0.002
4.190    160.759    -0.002
4.866    160.022    -0.002
5.543    159.285    -0.002
6.220    158.548    -0.002
6.895    157.811    -0.002
7.572    157.074    -0.002
8.249    156.337    -0.002
8.924    155.600    -0.002
9.600    154.862    -0.002
10.276    154.125    -0.002
10.952    153.388    -0.002
11.628    152.649    -0.002
12.304    151.912    -0.002
12.980    151.175    -0.002
13.656    150.438    -0.002
14.331    149.700    -0.002
15.008    148.963    -0.002
15.684    148.225    -0.002
16.360    147.487    -0.002
17.035    146.750    -0.002
17.711    146.013    -0.002
18.388    145.276    -0.002
19.064    144.537    -0.002
19.737    143.798    -0.002
20.412    143.059    -0.002
21.086    142.320    -0.002
21.760    141.581    -0.002
22.433    140.842    -0.002
23.107    140.102    -0.002
23.782    139.363    -0.002
24.456    138.625    -0.002
25.130    137.886    -0.002
25.804    137.147    -0.002
26.479    136.407    -0.002
27.154    135.668    -0.002
27.827    134.930    -0.001
28.502    134.191    -0.001
29.177    133.453    -0.001
29.851    132.713    -0.001
30.527    131.976    -0.001
31.203    131.239    -0.001
31.880    130.502    -0.001
32.555    129.765    -0.001
33.232    129.028    -0.001
33.908    128.290    -0.001
34.585    127.553    -0.001
35.261    126.816    -0.001
35.938    126.079    -0.001
36.614    125.343    -0.001
37.291    124.606    -0.001
37.966    123.868    -0.001
38.643    123.131    -0.001
39.320    122.394    -0.001
39.996    121.657    -0.001
40.671    120.920    -0.001
41.347    120.182    -0.001
42.024    119.444    -0.001
42.699    118.707    -0.001
43.375    117.970    -0.001
44.051    117.232    -0.001
44.727    116.495    -0.001
45.402    115.756    -0.001
46.078    115.019    -0.001
46.753    114.280    -0.001
47.428    113.542    -0.001
48.102    112.803    -0.001
48.777    112.065    -0.001
49.451    111.325    -0.001
50.127    110.587    -0.001
50.801    109.849    -0.001
51.477    109.112    -0.001
52.153    108.374    -0.001
52.829    107.636    -0.001
53.505    106.899    -0.001
54.181    106.162    -0.001
54.857    105.425    -0.001
55.534    104.688    -0.001
56.209    103.950    -0.001
56.884    103.211    -0.001
57.558    102.472    -0.001
58.233    101.733    -0.001
58.907    100.995    -0.001
59.581    100.256    -0.001
60.256    99.516    -0.001
60.931    98.778    -0.001
61.606    98.040    -0.001
62.283    97.303    -0.001
62.959    96.567    -0.001
63.635    95.830    -0.001
64.312    95.092    -0.001
64.988    94.355    -0.001
65.665    93.618    -0.001
66.339    92.880    -0.001
67.013    92.141    -0.001
67.688    91.402    -0.001
68.363    90.663    -0.001
69.036    89.924    -0.001
69.711    89.185    -0.001
70.386    88.447    -0.001
71.061    87.708    -0.001
71.734    86.969    -0.001
72.409    86.230    -0.001
73.084    85.491    -0.001
73.758    84.753    -0.001
74.432    84.014    -0.001
75.107    83.274    -0.001
75.781    82.536    -0.001
76.456    81.797    -0.001
77.130    81.059    -0.001
77.806    80.322    -0.001
78.483    79.584    -0.001
79.159    78.846    -0.001
79.834    78.109    -0.001
80.511    77.372    -0.001
81.187    76.635    -0.001
81.864    75.898    -0.001
82.539    75.161    -0.001
83.216    74.423    -0.001
83.893    73.687    -0.001
84.569    72.950    -0.001
85.246    72.214    -0.001
85.923    71.477    -0.001
86.600    70.741    -0.001
87.277    70.004    -0.001
87.954    69.267    -0.001
88.628    68.528    -0.001
89.302    67.789    -0.001
89.974    67.049    -0.001
90.648    66.308    -0.001
91.322    65.569    -0.001
91.996    64.830    -0.001
92.668    64.090    -0.001
93.342    63.351    -0.001
94.018    62.611    -0.001
94.694    61.874    -0.001
95.369    61.137    -0.001
96.046    60.400    -0.001
96.722    59.663    -0.001
97.399    58.926    -0.001
98.075    58.189    -0.001
98.752    57.452    -0.001
99.427    56.714    -0.001
100.103    55.977    -0.001
100.778    55.239    -0.001
101.454    54.501    -0.001
102.130    53.763    -0.001
102.805    53.025    -0.001
103.480    52.288    -0.001
104.156    51.550    -0.001
104.833    50.813    -0.001
105.508    50.074    -0.001
106.184    49.337    -0.001
106.860    48.600    -0.001
107.536    47.862    -0.001
108.211    47.125    -0.001
108.887    46.388    -0.001
109.563    45.649    -0.001
110.238    44.911    -0.001
110.912    44.173    -0.001
111.588    43.435    -0.001
112.263    42.696    -0.001
112.938    41.958    -0.001
113.612    41.219    -0.001
114.288    40.481    -0.001
114.963    39.743    -0.001
115.638    39.005    -0.001
116.312    38.267    -0.001
116.987    37.527    -0.001
117.662    36.789    -0.001
118.337    36.051    -0.001
119.012    35.313    -0.001
119.687    34.575    -0.001
120.362    33.836    -0.001
121.037    33.096    -0.001
121.711    32.358    -0.001
122.386    31.620    -0.001
123.061    30.881    -0.001
123.736    30.143    -0.001
124.410    29.403    -0.001
125.085    28.665    -0.001
125.760    27.927    -0.001
126.434    27.188    -0.001
127.109    26.450    -0.001
127.784    25.711    -0.001
128.459    24.973    -0.001
129.134    24.235    -0.001
129.809    23.497    -0.001
130.485    22.759    -0.001
131.161    22.022    -0.001
131.836    21.284    -0.001
132.512    20.546    -0.001
133.188    19.809    -0.001
133.865    19.072    -0.001
134.540    18.334    -0.001
135.216    17.597    -0.001
135.892    16.859    -0.001
136.568    16.121    -0.001
137.242    15.383    -0.001
137.917    14.644    -0.002
138.592    13.906    -0.002
139.267    13.167    -0.002
139.942    12.429    -0.002
140.617    11.691    -0.002
141.292    10.953    -0.002
141.967    10.214    -0.002
142.641    9.476    -0.002
143.315    8.736    -0.002
143.990    7.997    -0.002
144.664    7.258    -0.002
145.338    6.520    -0.002
146.013    5.781    -0.002
146.688    5.041    -0.002
147.362    4.303    -0.002
148.038    3.566    -0.002
148.715    2.829    -0.002
149.392    2.093    -0.002
150.068    1.356    -0.002
150.745    0.619    -0.002
151.422    -0.118    -0.002
152.099    -0.854    -0.002
152.775    -1.591    -0.002
153.448    -2.331    -0.002
154.117    -3.076    -0.002
154.785    -3.820    -0.002
155.453    -4.564    -0.002
156.121    -5.308    -0.002
156.790    -6.052    -0.002
157.459    -6.797    -0.002
158.127    -7.542    -0.002
158.791    -8.289    -0.002
159.448    -9.043    -0.002
160.106    -9.797    -0.002
160.764    -10.551    -0.002
161.422    -11.305    -0.002
162.070    -12.067    -0.002
162.717    -12.829    -0.002
163.365    -13.591    -0.002
164.012    -14.354    -0.002
164.654    -15.122    -0.002
165.296    -15.890    -0.002
165.937    -16.657    -0.002
166.579    -17.424    -0.002
167.211    -18.200    -0.002
167.838    -18.979    -0.002
168.464    -19.759    -0.002
169.092    -20.538    -0.002
169.720    -21.317    -0.002
170.351    -22.093    -0.002
170.981    -22.871    -0.002
171.611    -23.647    -0.002
172.240    -24.425    -0.002
172.859    -25.211    -0.002
173.477    -25.998    -0.002
174.088    -26.790    -0.002
174.696    -27.584    -0.002
175.298    -28.383    -0.002
175.900    -29.181    -0.002
176.503    -29.980    -0.003
177.105    -30.779    -0.003
177.689    -31.591    -0.003
178.272    -32.404    -0.003
178.856    -33.216    -0.003
179.441    -34.028    -0.003
180.012    -34.849    -0.003
180.582    -35.671    -0.003
181.153    -36.492    -0.003
181.725    -37.313    -0.003
182.286    -38.142    -0.003
182.836    -38.977    -0.003
183.386    -39.813    -0.003
183.937    -40.648    -0.003
184.477    -41.490    -0.003
185.012    -42.335    -0.003
185.548    -43.180    -0.003
186.083    -44.025    -0.003
186.615    -44.872    -0.003
187.138    -45.725    -0.003
187.660    -46.577    -0.003
188.169    -47.439    -0.003
188.675    -48.303    -0.003
189.176    -49.168    -0.003
189.678    -50.034    -0.003
190.179    -50.899    -0.003
190.682    -51.764    -0.003
191.166    -52.639    -0.003
191.649    -53.516    -0.003
192.124    -54.395    -0.003
192.601    -55.276    -0.003
193.060    -56.163    -0.003
193.516    -57.054    -0.003
193.972    -57.945    -0.003
194.427    -58.835    -0.003
194.875    -59.731    -0.003
195.311    -60.630    -0.003
195.736    -61.536    -0.003
196.155    -62.445    -0.003
196.569    -63.355    -0.003
196.979    -64.268    -0.003
197.388    -65.180    -0.003
197.797    -66.093    -0.003
198.207    -67.006    -0.003
198.586    -67.931    -0.003
198.962    -68.858    -0.003
199.331    -69.788    -0.003
199.693    -70.721    -0.004
200.042    -71.659    -0.004
200.387    -72.597    -0.004
200.731    -73.536    -0.004
201.076    -74.476    -0.004
201.410    -75.418    -0.004
201.737    -76.364    -0.004
202.052    -77.314    -0.004
202.366    -78.263    -0.004
202.673    -79.215    -0.004
202.954    -80.175    -0.004
203.235    -81.136    -0.004
203.515    -82.096    -0.004
203.796    -83.056    -0.004
204.055    -84.022    -0.004
204.297    -84.993    -0.004
204.537    -85.964    -0.004
204.774    -86.936    -0.004
204.993    -87.912    -0.004
205.209    -88.888    -0.004
205.426    -89.865    -0.004
205.643    -90.842    -0.004
205.838    -91.822    -0.004
206.020    -92.807    -0.004
206.198    -93.791    -0.004
206.372    -94.776    -0.004
206.523    -95.765    -0.004
206.655    -96.756    -0.004
206.786    -97.748    -0.004
206.918    -98.739    -0.004
207.044    -99.732    -0.004
207.148    -100.727    -0.004
207.249    -101.722    -0.004
207.333    -102.718    -0.004
207.410    -103.716    -0.004
207.464    -104.715    -0.004
207.517    -105.714    -0.004
207.570    -106.713    -0.004
207.624    -107.712    -0.004
207.648    -108.712    -0.004
207.666    -109.712    -0.004
207.674    -110.712    -0.004
207.682    -111.713    -0.004
207.659    -112.712    -0.004
207.634    -113.713    -0.004
207.607    -114.712    -0.004
207.580    -115.713    -0.004
207.529    -116.712    -0.004
207.466    -117.710    -0.004
207.399    -118.708    -0.004
207.317    -119.705    -0.004
207.218    -120.701    -0.005
207.107    -121.695    -0.005
206.997    -122.689    -0.005
206.886    -123.683    -0.005
206.769    -124.676    -0.005
206.629    -125.667    -0.005
206.469    -126.655    -0.005
206.300    -127.640    -0.005
206.125    -128.626    -0.005
205.928    -129.606    -0.005
205.732    -130.587    -0.005
205.535    -131.568    -0.005
205.334    -132.548    -0.005
205.100    -133.521    -0.005
204.866    -134.493    -0.005
204.627    -135.464    -0.005
204.385    -136.435    -0.005
204.111    -137.397    -0.005
203.837    -138.359    -0.005
203.564    -139.321    -0.005
203.290    -140.283    -0.005
202.988    -141.237    -0.005
202.670    -142.186    -0.005
202.346    -143.132    -0.005
202.012    -144.075    -0.005
201.666    -145.014    -0.005
201.311    -145.949    -0.005
200.955    -146.884    -0.005
200.601    -147.820    -0.005
200.242    -148.753    -0.005
199.848    -149.673    -0.005
199.455    -150.593    -0.005
199.041    -151.503    -0.005
198.622    -152.411    -0.005
198.181    -153.309    -0.005
197.738    -154.206    -0.005
197.295    -155.103    -0.005
196.852    -156.000    -0.005
196.393    -156.890    -0.005
195.919    -157.770    -0.005
195.443    -158.649    -0.005
194.952    -159.521    -0.005
194.454    -160.389    -0.005
193.935    -161.243    -0.005
193.415    -162.099    -0.005
192.895    -162.953    -0.005
192.376    -163.809    -0.005
191.827    -164.644    -0.005
191.273    -165.477    -0.005
190.713    -166.306    -0.005
190.142    -167.127    -0.005
189.556    -167.938    -0.005
188.967    -168.746    -0.005
188.377    -169.555    -0.005
187.789    -170.364    -0.005
187.182    -171.159    -0.005
186.563    -171.945    -0.005
185.943    -172.730    -0.005
185.305    -173.500    -0.005
184.658    -174.263    -0.005
184.001    -175.017    -0.005
183.344    -175.772    -0.005
182.688    -176.526    -0.005
182.023    -177.274    -0.005
181.332    -177.998    -0.005
180.642    -178.722    -0.005
179.951    -179.446    -0.005
179.258    -180.168    -0.005
178.537    -180.860    -0.005
177.815    -181.553    -0.005
177.094    -182.246    -0.005
176.373    -182.939    -0.005
175.635    -183.615    -0.005
174.897    -184.290    -0.005
174.149    -184.955    -0.005
173.393    -185.609    -0.005
172.623    -186.247    -0.005
171.846    -186.878    -0.005
171.070    -187.508    -0.005
170.293    -188.139    -0.005
169.512    -188.763    -0.005
168.710    -189.363    -0.005
167.909    -189.962    -0.005
167.097    -190.545    -0.005
166.284    -191.129    -0.005
165.455    -191.689    -0.005
164.626    -192.249    -0.005
163.798    -192.809    -0.005
162.969    -193.370    -0.005
162.132    -193.918    -0.005
161.289    -194.457    -0.005
160.434    -194.975    -0.005
159.573    -195.484    -0.005
158.706    -195.984    -0.005
157.830    -196.467    -0.005
156.955    -196.951    -0.005
156.079    -197.434    -0.005
155.203    -197.918    -0.005
154.309    -198.367    -0.005
153.416    -198.817    -0.005
152.517    -199.256    -0.005
151.617    -199.692    -0.005
150.705    -200.102    -0.005
149.790    -200.505    -0.005
148.874    -200.909    -0.005
147.958    -201.312    -0.005
147.038    -201.705    -0.005
146.109    -202.075    -0.005
145.180    -202.445    -0.005
144.246    -202.806    -0.005
143.311    -203.160    -0.005
142.365    -203.485    -0.005
141.418    -203.809    -0.005
140.472    -204.133    -0.005
139.526    -204.458    -0.005
138.571    -204.758    -0.005
137.616    -205.053    -0.005
136.655    -205.332    -0.005
135.694    -205.610    -0.005
134.725    -205.859    -0.005
133.755    -206.102    -0.005
132.785    -206.345    -0.005
131.814    -206.588    -0.005
130.841    -206.817    -0.005
129.863    -207.029    -0.005
128.880    -207.217    -0.005
127.897    -207.403    -0.005
126.913    -207.581    -0.005
125.925    -207.739    -0.005
124.937    -207.897    -0.005
123.950    -208.055    -0.005
122.961    -208.209    -0.005
121.967    -208.322    -0.005
120.974    -208.436    -0.005
119.980    -208.550    -0.005
118.985    -208.663    -0.005
117.988    -208.736    -0.005
116.990    -208.809    -0.005
115.993    -208.881    -0.004
114.995    -208.954    -0.004
113.996    -209.008    -0.004
112.996    -209.050    -0.004
111.996    -209.081    -0.004
110.997    -209.100    -0.004
109.997    -209.101    -0.004
108.996    -209.088    -0.004
107.996    -209.077    -0.004
106.995    -209.064    -0.004
105.996    -209.042    -0.004
104.996    -208.990    -0.004
103.997    -208.938    -0.004
103.000    -208.868    -0.004
102.002    -208.797    -0.004
101.007    -208.691    -0.004
100.013    -208.583    -0.004
99.018    -208.475    -0.004
98.024    -208.367    -0.004
97.029    -208.253    -0.004
96.037    -208.125    -0.004
95.046    -207.991    -0.004
94.063    -207.809    -0.004
93.079    -207.627    -0.004
92.096    -207.445    -0.004
91.111    -207.262    -0.004
90.128    -207.080    -0.004
89.144    -206.898    -0.004
88.168    -206.683    -0.004
87.196    -206.446    -0.004
86.224    -206.209    -0.004
85.252    -205.971    -0.004
84.284    -205.718    -0.004
83.325    -205.436    -0.004
82.365    -205.154    -0.004
81.406    -204.870    -0.004
80.446    -204.588    -0.004
79.494    -204.282    -0.004
78.545    -203.964    -0.004
77.597    -203.647    -0.004
76.648    -203.330    -0.004
75.706    -202.992    -0.004
74.776    -202.627    -0.004
73.844    -202.261    -0.004
72.914    -201.895    -0.004
71.982    -201.529    -0.004
71.060    -201.141    -0.004
70.145    -200.738    -0.004
69.229    -200.337    -0.004
68.313    -199.934    -0.004
67.410    -199.504    -0.003
66.517    -199.054    -0.003
65.623    -198.604    -0.003
64.730    -198.153    -0.003
63.837    -197.703    -0.003
62.962    -197.218    -0.003
62.089    -196.729    -0.003
61.217    -196.239    -0.003
60.345    -195.750    -0.003
59.486    -195.237    -0.003
58.635    -194.712    -0.003
57.783    -194.187    -0.003
56.932    -193.662    -0.003
56.082    -193.134    -0.003
55.259    -192.565    -0.003
54.436    -191.995    -0.003
53.614    -191.426    -0.003
52.792    -190.856    -0.003
51.989    -190.260    -0.003
51.191    -189.656    -0.003
50.393    -189.053    -0.003
49.595    -188.449    -0.003
48.800    -187.843    -0.003
48.026    -187.209    -0.003
47.252    -186.576    -0.003
46.483    -185.935    -0.003
45.723    -185.285    -0.003
44.980    -184.615    -0.003
44.240    -183.942    -0.003
43.499    -183.269    -0.003
42.760    -182.596    -0.003
42.032    -181.909    -0.003
41.320    -181.208    -0.003
40.612    -180.500    -0.003
39.909    -179.789    -0.003
39.209    -179.074    -0.003
38.529    -178.341    -0.003
37.849    -177.607    -0.003
37.169    -176.873    -0.003
36.489    -176.139    -0.003
35.827    -175.389    -0.003
35.176    -174.631    -0.002
34.527    -173.869    -0.002
33.897    -173.092    -0.002
33.273    -172.310    -0.002
32.656    -171.523    -0.002
32.040    -170.734    -0.002
31.424    -169.947    -0.002
30.808    -169.158    -0.002
30.217    -168.351    -0.002
29.628    -167.542    -0.002
29.052    -166.724    -0.002
28.485    -165.900    -0.002
27.934    -165.065    -0.002
27.387    -164.227    -0.002
26.842    -163.389    -0.002
26.296    -162.551    -0.002
25.762    -161.705    -0.002
25.247    -160.848    -0.002
24.732    -159.990    -0.002
24.216    -159.132    -0.002
23.711    -158.269    -0.002
23.223    -157.396    -0.002
22.736    -156.522    -0.002
22.249    -155.648    -0.002
21.762    -154.775    -0.002
21.306    -153.884    -0.002
20.856    -152.990    -0.002
20.406    -152.098    -0.002
19.955    -151.204    -0.002
19.527    -150.300    -0.002
19.110    -149.391    -0.002
18.694    -148.482    -0.002
18.278    -147.572    -0.002
17.862    -146.661    -0.002
17.480    -145.737    -0.002
17.099    -144.812    -0.002
16.717    -143.888    -0.002
16.336    -142.963    -0.002
15.972    -142.031    -0.002
15.614    -141.097    -0.002
15.257    -140.163    -0.002
14.899    -139.228    -0.002
14.555    -138.289    -0.002
14.231    -137.343    -0.001
13.907    -136.396    -0.001
13.583    -135.450    -0.001
13.266    -134.500    -0.001
12.960    -133.549    -0.001
12.653    -132.596    -0.001
12.346    -131.645    -0.001
12.039    -130.692    -0.001
11.764    -129.731    -0.001
11.492    -128.768    -0.001
11.219    -127.805    -0.001
10.947    -126.843    -0.001
10.691    -125.876    -0.001
10.440    -124.908    -0.001
10.188    -123.939    -0.001
9.937    -122.971    -0.001
9.693    -122.001    -0.001
9.469    -121.026    -0.001
9.244    -120.051    -0.001
9.020    -119.076    -0.001
8.799    -118.100    -0.001
8.594    -117.121    -0.001
8.389    -116.142    -0.001
8.185    -115.163    -0.001
7.980    -114.184    -0.001
7.786    -113.203    -0.001
7.600    -112.219    -0.001
7.413    -111.237    -0.001
7.228    -110.254    -0.001
7.055    -109.269    -0.001
6.896    -108.281    -0.001
6.736    -107.294    -0.001
6.577    -106.306    -0.001
6.417    -105.318    -0.001
6.278    -104.327    -0.001
6.141    -103.337    -0.001
6.004    -102.345    -0.001
5.868    -101.355    -0.001
5.747    -100.362    -0.001
5.628    -99.368    -0.001
5.509    -98.375    -0.001
5.390    -97.382    -0.001
5.275    -96.388    -0.001
5.169    -95.394    -0.001
5.063    -94.399    -0.001
4.958    -93.404    -0.001
4.855    -92.408    -0.001
4.765    -91.413    -0.001
4.677    -90.416    -0.001
4.588    -89.420    -0.001
4.500    -88.423    -0.001
4.419    -87.426    -0.001
4.341    -86.428    -0.001
4.264    -85.431    -0.001
4.187    -84.434    -0.001
4.115    -83.437    -0.001
4.053    -82.438    -0.001
3.992    -81.440    -0.001
3.930    -80.441    -0.001
3.869    -79.442    -0.000
3.815    -78.443    -0.000
3.763    -77.444    -0.000
3.711    -76.445    -0.000
3.659    -75.446    -0.000
3.612    -74.447    -0.000
3.573    -73.448    -0.000
3.534    -72.448    -0.000
3.495    -71.449    -0.000
3.457    -70.449    -0.000
3.420    -69.449    -0.000
3.385    -68.449    -0.000
3.350    -67.449    -0.000
3.316    -66.450    -0.000
3.286    -65.450    -0.000
3.258    -64.449    -0.000
3.230    -63.450    -0.000
3.203    -62.450    -0.000
3.176    -61.450    -0.000
3.156    -60.450    -0.000
3.136    -59.449    -0.000
3.116    -58.449    -0.000
3.095    -57.450    -0.000
3.074    -56.450    -0.000
3.053    -55.449    -0.000
3.033    -54.449    -0.000
3.012    -53.449    -0.000
2.991    -52.449    -0.000
2.971    -51.448    -0.000
2.950    -50.448    -0.000
2.930    -49.448    -0.000
2.910    -48.447    -0.000
2.893    -47.448    -0.000
2.876    -46.448    -0.000
2.859    -45.448    -0.000
2.842    -44.447    -0.000
2.825    -43.447    -0.000
2.809    -42.447    -0.000
2.792    -41.447    -0.000
2.776    -40.446    -0.000
2.756    -39.446    -0.000
2.736    -38.446    -0.000
2.715    -37.445    -0.000
2.694    -36.445    -0.000
2.674    -35.445    -0.000
2.653    -34.446    -0.000
2.632    -33.445    -0.000
2.612    -32.445    -0.000
2.592    -31.445    -0.000
2.575    -30.445    -0.000
2.559    -29.444    -0.000
2.542    -28.444    -0.000
2.526    -27.444    -0.000
2.510    -26.443    -0.000
2.493    -25.443    -0.000
2.477    -24.443    -0.000
2.460    -23.443    -0.000
2.443    -22.442    -0.000
2.423    -21.442    -0.000
2.404    -20.443    -0.000
2.385    -19.443    -0.000
2.366    -18.442    -0.000
2.347    -17.442    -0.000
2.328    -16.442    -0.000
2.309    -15.441    -0.000
2.290    -14.441    -0.000
2.273    -13.441    -0.000
2.256    -12.441    -0.000
2.238    -11.440    -0.000
2.221    -10.440    -0.000
2.202    -9.440    -0.000
2.183    -8.440    -0.000
2.164    -7.440    -0.000
2.146    -6.440    -0.000
2.129    -5.440    -0.000
2.112    -4.439    -0.000
2.095    -3.439    -0.000
2.079    -2.439    -0.000
2.063    -1.439    -0.000
