-0.000    0.000    0.000
-0.006    0.391    -0.000
-0.012    0.800    -0.000
-0.017    1.191    -0.000
-0.023    1.601    -0.000
-0.028    2.001    -0.000
-0.034    2.391    -0.000
-0.042    2.801    -0.000
-0.049    3.201    -0.000
-0.057    3.592    -0.000
-0.064    4.001    -0.000
-0.072    4.401    -0.000
-0.079    4.792    -0.000
-0.087    5.202    -0.000
-0.094    5.592    -0.000
-0.100    6.002    -0.000
-0.108    6.402    -0.000
-0.114    6.792    -0.000
-0.121    7.201    -0.000
-0.127    7.592    -0.000
-0.133    8.011    -0.000
-0.139    8.411    -0.000
-0.146    8.811    -0.000
-0.152    9.211    -0.000
-0.158    9.602    -0.000
-0.163    10.012    -0.000
-0.168    10.412    -0.000
-0.173    10.812    -0.000
-0.178    11.212    -0.000
-0.184    11.612    -0.000
-0.189    12.012    -0.000
-0.194    12.412    -0.000
-0.200    12.812    -0.000
-0.209    13.213    -0.000
-0.219    13.613    -0.000
-0.228    14.013    -0.000
-0.238    14.413    -0.000
-0.247    14.813    -0.000
-0.256    15.213    -0.000
-0.265    15.604    -0.000
-0.274    16.013    -0.000
-0.284    16.413    -0.000
-0.293    16.813    -0.000
-0.302    17.213    -0.000
-0.309    17.613    -0.000
-0.317    18.013    -0.000
-0.323    18.414    -0.000
-0.331    18.814    -0.000
-0.338    19.214    -0.000
-0.344    19.604    -0.000
-0.352    20.014    -0.000
-0.359    20.414    -0.000
-0.367    20.814    -0.000
-0.373    21.205    -0.000
-0.381    21.614    -0.000
-0.387    22.015    -0.000
-0.394    22.405    -0.000
-0.401    22.815    -0.000
-0.408    23.215    -0.000
-0.415    23.605    -0.000
-0.421    24.015    -0.000
-0.428    24.405    -0.000
-0.435    24.814    -0.000
-0.442    25.214    -0.000
-0.451    25.605    -0.000
-0.459    26.015    -0.000
-0.468    26.415    -0.000
-0.476    26.815    -0.000
-0.484    27.205    -0.000
-0.492    27.615    -0.000
-0.500    28.015    -0.000
-0.507    28.415    -0.000
-0.512    28.815    -0.000
-0.518    29.215    -0.000
-0.523    29.616    -0.000
-0.529    30.016    -0.000
-0.533    30.406    -0.000
-0.539    30.816    -0.000
-0.545    31.216    -0.000
-0.551    31.616    -0.000
-0.559    32.016    -0.000
-0.565    32.407    -0.000
-0.573    32.816    -0.000
-0.579    33.217    -0.000
-0.587    33.617    -0.000
-0.593    34.007    -0.000
-0.600    34.417    -0.000
-0.607    34.817    -0.000
-0.613    35.217    -0.000
-0.620    35.617    -0.000
-0.627    36.017    -0.000
-0.634    36.417    -0.000
-0.640    36.818    -0.000
-0.646    37.208    -0.000
-0.654    37.618    -0.000
-0.660    38.018    -0.000
-0.667    38.409    -0.000
-0.673    38.818    -0.000
-0.680    39.209    -0.000
-0.688    39.618    -0.000
-0.695    40.018    -0.000
-0.703    40.409    -0.000
-0.709    40.819    -0.000
-0.717    41.209    -0.000
-0.724    41.619    -0.000
-0.732    42.019    -0.000
-0.738    42.409    -0.000
-0.746    42.818    -0.000
-0.756    43.209    -0.000
-0.764    43.618    -0.000
-0.774    44.018    -0.000
-0.782    44.409    -0.000
-0.792    44.819    -0.000
-0.800    45.200    -0.000
-0.808    45.561    -0.000
-0.817    45.962    -0.000
-0.826    46.371    -0.000
-0.836    46.762    -0.000
-0.846    47.172    -0.000
-0.858    47.562    -0.000
-0.870    47.962    -0.000
-0.882    48.371    -0.000
-0.894    48.761    -0.000
-0.905    49.162    -0.000
-0.917    49.571    -0.000
-0.929    49.962    -0.000
-0.940    50.362    -0.000
-0.952    50.762    -0.000
-0.965    51.172    -0.000
-0.978    51.562    -0.000
-0.992    51.971    -0.000
-1.006    52.361    -0.000
-1.019    52.752    -0.000
-1.033    53.152    -0.000
-1.047    53.552    -0.000
-1.060    53.952    -0.000
-1.074    54.342    -0.000
-1.085    54.684    -0.000
-1.098    55.075    -0.000
-1.112    55.475    -0.000
-1.134    55.875    -0.000
-1.159    56.284    -0.000
-1.182    56.673    -0.000
-1.206    57.073    -0.000
-1.230    57.472    -0.000
-1.255    57.881    -0.000
-1.281    58.271    -0.000
-1.304    58.584    -0.000
-1.331    58.974    -0.000
-1.358    59.364    -0.000
-1.387    59.782    -0.000
-1.416    60.200    -0.000
-1.443    60.590    -0.000
-1.471    60.989    -0.000
-1.497    61.340    -0.000
-1.528    61.749    -0.000
-1.554    62.091    -0.000
-1.579    62.443    -0.000
-1.614    62.880    -0.000
-1.643    63.269    -0.000
-1.682    63.677    -0.000
-1.722    64.075    -0.000
-1.763    64.473    -0.000
-1.803    64.862    -0.000
-1.845    65.269    -0.000
-1.885    65.667    -0.000
-1.925    66.065    -0.000
-1.969    66.463    -0.000
-2.012    66.852    -0.000
-2.055    67.240    -0.000
-2.099    67.638    -0.000
-2.144    68.045    -0.000
-2.185    68.423    -0.000
-2.229    68.821    -0.000
-2.272    69.209    -0.000
-2.316    69.607    -0.000
-2.362    69.996    -0.000
-2.401    70.336    -0.000
-2.446    70.725    -0.000
-2.502    71.197    -0.000
-2.552    71.632    -0.000
-2.598    72.020    -0.000
-2.644    72.418    -0.000
-2.694    72.824    -0.000
-2.748    73.211    -0.000
-2.803    73.608    -0.000
-2.859    74.014    -0.000
-2.912    74.401    -0.000
-2.968    74.797    -0.000
-3.023    75.204    -0.000
-3.078    75.591    -0.000
-3.125    75.919    -0.000
-3.172    76.257    -0.000
-3.227    76.653    -0.000
-3.283    77.060    -0.000
-3.338    77.446    -0.000
-3.389    77.803    -0.000
-3.443    78.179    -0.000
-3.500    78.575    -0.000
-3.572    79.079    -0.000
-3.625    79.446    -0.000
-3.661    79.705    -0.001
-3.722    80.091    -0.001
-3.789    80.495    -0.001
-3.854    80.889    -0.001
-3.919    81.284    -0.001
-3.985    81.679    -0.001
-4.050    82.074    -0.001
-4.117    82.478    -0.001
-4.180    82.864    -0.001
-4.246    83.259    -0.001
-4.307    83.623    -0.001
-4.379    84.017    -0.001
-4.450    84.402    -0.001
-4.524    84.804    -0.001
-4.597    85.197    -0.001
-4.666    85.572    -0.001
-4.739    85.975    -0.001
-4.809    86.359    -0.001
-4.887    86.782    -0.001
-4.969    87.234    -0.001
-5.042    87.628    -0.001
-5.092    87.903    -0.001
-5.159    88.257    -0.001
-5.236    88.660    -0.001
-5.309    89.054    -0.001
-5.382    89.438    -0.001
-5.461    89.838    -0.001
-5.540    90.231    -0.001
-5.616    90.615    -0.001
-5.697    91.017    -0.001
-5.774    91.399    -0.001
-5.856    91.801    -0.001
-5.932    92.153    -0.001
-6.012    92.523    -0.001
-6.099    92.925    -0.001
-6.182    93.316    -0.001
-6.265    93.698    -0.001
-6.346    94.068    -0.001
-6.433    94.461    -0.001
-6.521    94.859    -0.001
-6.599    95.212    -0.001
-6.681    95.582    -0.001
-6.765    95.963    -0.001
-6.856    96.353    -0.001
-6.950    96.752    -0.001
-7.039    97.132    -0.001
-7.132    97.521    -0.001
-7.223    97.911    -0.001
-7.316    98.300    -0.001
-7.413    98.698    -0.001
-7.508    99.077    -0.001
-7.605    99.465    -0.001
-7.702    99.853    -0.001
-7.794    100.220    -0.001
-7.874    100.540    -0.001
-7.976    100.937    -0.001
-8.073    101.315    -0.001
-8.175    101.713    -0.001
-8.272    102.090    -0.001
-8.372    102.478    -0.001
-8.472    102.865    -0.001
-8.566    103.233    -0.001
-8.647    103.549    -0.001
-8.748    103.939    -0.001
-8.855    104.355    -0.001
-8.956    104.742    -0.001
-9.057    105.132    -0.001
-9.159    105.517    -0.001
-9.268    105.912    -0.001
-9.373    106.287    -0.001
-9.482    106.675    -0.001
-9.589    107.058    -0.001
-9.696    107.444    -0.001
-9.808    107.840    -0.001
-9.913    108.215    -0.001
-10.009    108.550    -0.001
-10.112    108.915    -0.001
-10.219    109.290    -0.001
-10.330    109.685    -0.001
-10.441    110.071    -0.001
-10.552    110.444    -0.001
-10.665    110.828    -0.001
-10.776    111.199    -0.001
-10.891    111.585    -0.001
-11.008    111.977    -0.001
-11.119    112.352    -0.001
-11.233    112.736    -0.001
-11.346    113.117    -0.001
-11.465    113.501    -0.001
-11.583    113.885    -0.001
-11.700    114.264    -0.001
-11.817    114.648    -0.001
-11.938    115.041    -0.001
-12.053    115.414    -0.001
-12.170    115.794    -0.001
-12.288    116.179    -0.001
-12.405    116.562    -0.001
-12.506    116.884    -0.001
-12.629    117.265    -0.001
-12.751    117.646    -0.001
-12.872    118.024    -0.001
-12.994    118.408    -0.001
-13.114    118.779    -0.001
-13.243    119.168    -0.001
-13.371    119.548    -0.001
-13.494    119.916    -0.001
-13.626    120.307    -0.001
-13.732    120.616    -0.001
-13.857    120.983    -0.001
-13.983    121.353    -0.001
-14.112    121.732    -0.001
-14.241    122.111    -0.001
-14.373    122.498    -0.001
-14.502    122.867    -0.001
-14.637    123.244    -0.001
-14.776    123.629    -0.001
-14.908    123.996    -0.001
-15.045    124.376    -0.001
-15.168    124.717    -0.001
-15.301    125.087    -0.001
-15.437    125.464    -0.001
-15.570    125.838    -0.001
-15.705    126.217    -0.001
-15.843    126.604    -0.001
-15.972    126.969    -0.001
-16.089    127.297    -0.001
-16.223    127.675    -0.001
-16.357    128.038    -0.001
-16.499    128.401    -0.001
-16.639    128.757    -0.001
-16.788    129.135    -0.001
-16.935    129.510    -0.001
-17.081    129.883    -0.001
-17.223    130.244    -0.001
-17.376    130.627    -0.001
-17.524    130.999    -0.001
-17.671    131.368    -0.001
-17.817    131.734    -0.001
-17.964    132.113    -0.001
-18.082    132.416    -0.001
-18.223    132.780    -0.001
-18.364    133.141    -0.001
-18.508    133.514    -0.001
-18.655    133.890    -0.001
-18.799    134.261    -0.001
-18.959    134.642    -0.001
-19.115    135.016    -0.001
-19.268    135.379    -0.001
-19.424    135.748    -0.001
-19.560    136.072    -0.001
-19.682    136.363    -0.001
-19.838    136.732    -0.002
-19.992    137.097    -0.002
-20.147    137.471    -0.002
-20.303    137.835    -0.002
-20.462    138.206    -0.002
-20.619    138.574    -0.002
-20.775    138.938    -0.002
-20.930    139.301    -0.002
-21.090    139.675    -0.002
-21.251    140.045    -0.002
-21.393    140.367    -0.002
-21.552    140.727    -0.002
-21.717    141.102    -0.002
-21.878    141.470    -0.002
-22.038    141.832    -0.002
-22.188    142.173    -0.002
-22.355    142.536    -0.002
-22.527    142.904    -0.002
-22.694    143.261    -0.002
-22.862    143.620    -0.002
-23.027    143.975    -0.002
-23.193    144.329    -0.002
-23.366    144.700    -0.002
-23.536    145.062    -0.002
-23.705    145.425    -0.002
-23.870    145.779    -0.002
-24.044    146.150    -0.002
-24.211    146.509    -0.002
-24.385    146.873    -0.002
-24.556    147.224    -0.002
-24.735    147.594    -0.002
-24.881    147.893    -0.002
-25.061    148.265    -0.002
-25.231    148.613    -0.002
-25.411    148.984    -0.002
-25.580    149.333    -0.002
-25.759    149.700    -0.002
-25.933    150.055    -0.002
-26.115    150.417    -0.002
-26.291    150.771    -0.002
-26.472    151.134    -0.002
-26.646    151.483    -0.002
-26.821    151.834    -0.002
-27.000    152.192    -0.002
-27.183    152.558    -0.002
-27.357    152.903    -0.002
-27.538    153.264    -0.002
-27.719    153.622    -0.002
-27.899    153.979    -0.002
-28.080    154.337    -0.002
-28.257    154.690    -0.002
-28.445    155.048    -0.002
-28.605    155.350    -0.002
-28.763    155.652    -0.002
-28.947    156.002    -0.002
-29.135    156.361    -0.002
-29.314    156.708    -0.002
-29.504    157.075    -0.002
-29.682    157.419    -0.002
-29.866    157.774    -0.002
-30.063    158.138    -0.002
-30.247    158.478    -0.002
-30.441    158.838    -0.002
-30.607    159.147    -0.002
-30.788    159.483    -0.002
-30.981    159.849    -0.002
-31.161    160.191    -0.002
-31.350    160.549    -0.002
-31.544    160.900    -0.002
-31.740    161.243    -0.002
-31.944    161.603    -0.002
-32.136    161.939    -0.002
-32.336    162.291    -0.002
-32.528    162.627    -0.002
-32.686    162.903    -0.002
-32.883    163.251    -0.002
-33.085    163.607    -0.002
-33.279    163.947    -0.002
-33.479    164.299    -0.002
-33.679    164.651    -0.002
-33.873    164.990    -0.002
-34.078    165.344    -0.002
-34.274    165.683    -0.002
-34.475    166.028    -0.002
-34.634    166.305    -0.002
-34.834    166.651    -0.002
-35.036    166.996    -0.002
-35.243    167.339    -0.002
-35.447    167.678    -0.002
-35.655    168.025    -0.002
-35.862    168.368    -0.002
-36.067    168.712    -0.002
-36.272    169.055    -0.002
-36.477    169.399    -0.002
-36.671    169.724    -0.002
-36.862    170.043    -0.002
-37.078    170.386    -0.002
-37.288    170.721    -0.002
-37.501    171.060    -0.002
-37.717    171.403    -0.002
-37.928    171.737    -0.002
-38.143    172.079    -0.002
-38.355    172.413    -0.002
-38.570    172.750    -0.002
-38.757    173.042    -0.002
-38.963    173.364    -0.002
-39.179    173.697    -0.002
-39.401    174.034    -0.003
-39.615    174.361    -0.003
-39.843    174.707    -0.003
-40.055    175.030    -0.003
-40.282    175.377    -0.003
-40.494    175.700    -0.003
-40.718    176.041    -0.003
-40.933    176.368    -0.003
-41.122    176.653    -0.003
-41.345    176.985    -0.003
-41.568    177.318    -0.003
-41.788    177.645    -0.003
-42.014    177.981    -0.003
-42.237    178.314    -0.003
-42.458    178.641    -0.003
-42.683    178.969    -0.003
-42.911    179.301    -0.003
-43.140    179.635    -0.003
-43.354    179.947    -0.003
-43.569    180.262    -0.003
-43.798    180.596    -0.003
-44.025    180.926    -0.003
-44.249    181.251    -0.003
-44.474    181.578    -0.003
-44.703    181.910    -0.003
-44.934    182.243    -0.003
-45.164    182.571    -0.003
-45.392    182.893    -0.003
-45.626    183.224    -0.003
-45.827    183.510    -0.003
-46.049    183.827    -0.003
-46.278    184.155    -0.003
-46.506    184.482    -0.003
-46.734    184.808    -0.003
-46.969    185.137    -0.003
-47.204    185.461    -0.003
-47.439    185.784    -0.003
-47.674    186.108    -0.003
-47.903    186.425    -0.003
-48.143    186.756    -0.003
-48.347    187.040    -0.003
-48.576    187.358    -0.003
-48.810    187.683    -0.003
-49.037    187.995    -0.003
-49.280    188.331    -0.003
-49.514    188.656    -0.003
-49.748    188.973    -0.003
-49.990    189.299    -0.003
-50.228    189.621    -0.003
-50.463    189.937    -0.003
-50.696    190.252    -0.003
-50.920    190.556    -0.003
-51.169    190.881    -0.003
-51.402    191.188    -0.003
-51.648    191.511    -0.003
-51.896    191.835    -0.003
-52.134    192.147    -0.003
-52.372    192.462    -0.003
-52.623    192.790    -0.003
-52.861    193.102    -0.003
-53.077    193.387    -0.003
-53.277    193.647    -0.003
-53.528    193.968    -0.003
-53.767    194.278    -0.003
-54.019    194.601    -0.003
-54.259    194.909    -0.003
-54.506    195.226    -0.003
-54.756    195.548    -0.003
-55.003    195.852    -0.003
-55.261    196.169    -0.003
-55.513    196.479    -0.003
-55.710    196.722    -0.003
-55.925    196.990    -0.003
-56.181    197.306    -0.003
-56.428    197.603    -0.003
-56.688    197.917    -0.003
-56.948    198.229    -0.003
-57.199    198.533    -0.003
-57.459    198.845    -0.003
-57.710    199.149    -0.003
-57.973    199.458    -0.003
-58.216    199.732    -0.003
-58.452    199.998    -0.003
-58.713    200.293    -0.003
-58.973    200.587    -0.003
-59.248    200.897    -0.003
-59.509    201.192    -0.003
-59.775    201.491    -0.003
-60.044    201.796    -0.003
-60.305    202.091    -0.003
-60.570    202.390    -0.004
-60.841    202.694    -0.004
-61.095    202.976    -0.004
-61.363    203.272    -0.004
-61.625    203.564    -0.004
-61.898    203.867    -0.004
-62.161    204.159    -0.004
-62.434    204.461    -0.004
-62.697    204.753    -0.004
-62.970    205.056    -0.004
-63.232    205.348    -0.004
-63.501    205.644    -0.004
-63.764    205.937    -0.004
-64.002    206.201    -0.004
-64.275    206.506    -0.004
-64.538    206.797    -0.004
-64.810    207.100    -0.004
-65.073    207.391    -0.004
-65.346    207.695    -0.004
-65.610    207.987    -0.004
-65.876    208.284    -0.004
-66.145    208.582    -0.004
-66.412    208.879    -0.004
-66.685    209.181    -0.004
-66.960    209.484    -0.004
-67.225    209.772    -0.004
-67.501    210.071    -0.004
-67.773    210.366    -0.004
-68.039    210.655    -0.004
-68.315    210.954    -0.004
-68.586    211.247    -0.004
-68.853    211.537    -0.004
-69.124    211.831    -0.004
-69.400    212.131    -0.004
-69.671    212.424    -0.004
-69.943    212.720    -0.004
-70.209    213.007    -0.004
-70.485    213.307    -0.004
-70.757    213.602    -0.004
-71.023    213.891    -0.004
-71.304    214.195    -0.004
-71.564    214.480    -0.004
-71.839    214.781    -0.004
-72.108    215.076    -0.004
-72.379    215.372    -0.004
-72.644    215.661    -0.004
-72.924    215.967    -0.004
-73.184    216.251    -0.004
-73.464    216.557    -0.004
-73.725    216.841    -0.004
-74.000    217.143    -0.004
-74.270    217.436    -0.004
-74.536    217.727    -0.004
-74.811    218.028    -0.004
-75.080    218.322    -0.004
-75.336    218.602    -0.004
-75.607    218.898    -0.004
-75.877    219.193    -0.004
-76.147    219.488    -0.004
-76.417    219.783    -0.004
-76.687    220.079    -0.004
-76.957    220.373    -0.004
-77.227    220.669    -0.004
-77.497    220.964    -0.004
-77.767    221.260    -0.004
-78.038    221.554    -0.004
-78.308    221.849    -0.004
-78.578    222.145    -0.004
-78.857    222.450    -0.004
-79.133    222.751    -0.004
-79.402    223.045    -0.004
-79.669    223.336    -0.004
-79.944    223.636    -0.004
-80.213    223.931    -0.004
-80.485    224.226    -0.004
-80.749    224.516    -0.004
-81.019    224.811    -0.004
-81.290    225.107    -0.005
-81.560    225.401    -0.005
-81.830    225.697    -0.005
-82.100    225.992    -0.005
-82.371    226.287    -0.005
-82.636    226.577    -0.005
-82.911    226.876    -0.005
-83.175    227.167    -0.005
-83.451    227.467    -0.005
-83.722    227.763    -0.005
-83.992    228.058    -0.005
-84.262    228.353    -0.005
-84.533    228.648    -0.005
-84.802    228.944    -0.005
-85.068    229.233    -0.005
-85.343    229.533    -0.005
-85.613    229.828    -0.005
-85.884    230.123    -0.005
-86.154    230.418    -0.005
-86.419    230.708    -0.005
-86.695    231.009    -0.005
-86.960    231.300    -0.005
-87.235    231.599    -0.005
-87.505    231.893    -0.005
-87.775    232.190    -0.005
-88.046    232.483    -0.005
-88.306    232.769    -0.005
-88.586    233.074    -0.005
-88.857    233.369    -0.005
-89.126    233.664    -0.005
-89.393    233.955    -0.005
-89.662    234.248    -0.005
-89.938    234.549    -0.005
-90.205    234.839    -0.005
-90.473    235.133    -0.005
-90.750    235.434    -0.005
-91.021    235.729    -0.005
-91.287    236.018    -0.005
-91.561    236.318    -0.005
-91.827    236.607    -0.005
-92.104    236.907    -0.005
-92.374    237.202    -0.005
-92.640    237.492    -0.005
-92.915    237.791    -0.005
-93.185    238.086    -0.005
-93.456    238.381    -0.005
-93.727    238.675    -0.005
-93.998    238.970    -0.005
-94.268    239.265    -0.005
-94.538    239.560    -0.005
-94.809    239.855    -0.005
-95.080    240.150    -0.005
-95.351    240.444    -0.005
-95.627    240.744    -0.005
-95.892    241.033    -0.005
-96.163    241.327    -0.005
-96.438    241.627    -0.005
-96.700    241.912    -0.005
-96.975    242.211    -0.005
-97.246    242.506    -0.005
-97.517    242.801    -0.005
-97.788    243.095    -0.005
-98.049    243.379    -0.005
-98.320    243.673    -0.005
-98.590    243.968    -0.005
-98.861    244.262    -0.005
-99.132    244.557    -0.005
-99.403    244.852    -0.005
-99.674    245.147    -0.006
-99.944    245.441    -0.006
-100.215    245.736    -0.006
-100.486    246.030    -0.006
-100.751    246.319    -0.006
-101.027    246.621    -0.006
-101.296    246.916    -0.006
-101.566    247.212    -0.006
-101.836    247.507    -0.006
-102.107    247.802    -0.006
-102.377    248.096    -0.006
-102.647    248.393    -0.006
-102.917    248.687    -0.006
-103.188    248.983    -0.006
-103.467    249.289    -0.006
-103.728    249.573    -0.006
-104.007    249.879    -0.006
-104.277    250.175    -0.006
-104.543    250.465    -0.006
-104.812    250.759    -0.006
-105.088    251.060    -0.006
-105.358    251.355    -0.006
-105.619    251.640    -0.006
-105.898    251.946    -0.006
-106.168    252.242    -0.006
-106.438    252.537    -0.006
-106.703    252.828    -0.006
-106.972    253.121    -0.006
-107.246    253.424    -0.006
-107.516    253.719    -0.006
-107.782    254.010    -0.006
-108.051    254.304    -0.006
-108.326    254.607    -0.006
-108.591    254.897    -0.006
-108.865    255.198    -0.006
-109.129    255.488    -0.006
-109.399    255.785    -0.006
-109.668    256.079    -0.006
-109.938    256.376    -0.006
-110.212    256.676    -0.006
-110.472    256.961    -0.006
-110.752    257.267    -0.006
-111.017    257.557    -0.006
-111.287    257.854    -0.006
-111.561    258.154    -0.006
-111.821    258.438    -0.006
-112.102    258.743    -0.006
-112.368    259.032    -0.006
-112.639    259.328    -0.006
-112.914    259.628    -0.006
-113.180    259.916    -0.006
-113.452    260.212    -0.006
-113.727    260.511    -0.006
-113.988    260.796    -0.006
-114.269    261.100    -0.006
-114.529    261.385    -0.006
-114.810    261.689    -0.006
-115.081    261.983    -0.006
-115.352    262.278    -0.006
-115.623    262.572    -0.006
-115.894    262.868    -0.006
-116.156    263.151    -0.007
-116.436    263.457    -0.007
-116.707    263.751    -0.007
-116.978    264.046    -0.007
-117.247    264.341    -0.007
-117.513    264.632    -0.007
-117.787    264.931    -0.007
-118.052    265.221    -0.007
-118.328    265.522    -0.007
-118.598    265.818    -0.007
-118.864    266.108    -0.007
-119.138    266.407    -0.007
-119.408    266.703    -0.007
-119.677    266.998    -0.007
-119.942    267.288    -0.007
-120.213    267.584    -0.007
-120.483    267.879    -0.007
-120.754    268.175    -0.007
-121.018    268.464    -0.007
-121.298    268.770    -0.007
-121.558    269.055    -0.007
-121.833    269.355    -0.007
-122.104    269.652    -0.007
-122.367    269.941    -0.007
-122.648    270.247    -0.007
-122.907    270.532    -0.007
-123.182    270.833    -0.007
-123.453    271.129    -0.007
-123.717    271.419    -0.007
-123.992    271.719    -0.007
-124.263    272.015    -0.007
-124.532    272.310    -0.007
-124.802    272.606    -0.007
-125.070    272.901    -0.007
-125.341    273.197    -0.007
-125.610    273.493    -0.007
-125.881    273.788    -0.007
-126.144    274.079    -0.007
-126.424    274.384    -0.007
-126.685    274.670    -0.007
-126.964    274.975    -0.007
-127.224    275.261    -0.007
-127.498    275.561    -0.007
-127.769    275.858    -0.007
-128.038    276.152    -0.007
-128.309    276.449    -0.007
-128.578    276.743    -0.007
-128.849    277.040    -0.007
-129.118    277.334    -0.007
-129.389    277.629    -0.007
-129.659    277.924    -0.007
-129.930    278.220    -0.007
-130.193    278.509    -0.007
-130.473    278.815    -0.007
-130.734    279.099    -0.007
-131.009    279.399    -0.007
-131.280    279.696    -0.008
-131.545    279.985    -0.008
-131.819    280.286    -0.008
-132.091    280.581    -0.008
-132.355    280.871    -0.008
-132.625    281.166    -0.008
-132.904    281.472    -0.008
-133.165    281.756    -0.008
-133.435    282.052    -0.008
-133.710    282.352    -0.008
-133.976    282.643    -0.008
-134.251    282.944    -0.008
-134.515    283.233    -0.008
-134.785    283.529    -0.008
-135.060    283.828    -0.008
-135.331    284.126    -0.008
-135.594    284.415    -0.008
-135.869    284.715    -0.008
-136.140    285.011    -0.008
-136.404    285.301    -0.008
-136.684    285.607    -0.008
-136.954    285.903    -0.008
-137.223    286.198    -0.008
-137.493    286.494    -0.008
-137.763    286.789    -0.008
-138.034    287.085    -0.008
-138.303    287.380    -0.008
-138.573    287.676    -0.008
-138.843    287.971    -0.008
-139.113    288.265    -0.008
-139.383    288.561    -0.008
-139.654    288.856    -0.008
-139.924    289.151    -0.008
-140.194    289.446    -0.008
-140.465    289.742    -0.008
-140.740    290.042    -0.008
-141.004    290.332    -0.008
-141.275    290.626    -0.008
-141.545    290.922    -0.008
-141.815    291.217    -0.008
-142.086    291.512    -0.008
-142.356    291.807    -0.008
-142.626    292.103    -0.008
-142.896    292.398    -0.008
-143.167    292.693    -0.008
-143.436    292.988    -0.008
-143.706    293.283    -0.008
-143.977    293.578    -0.008
-144.247    293.873    -0.008
-144.518    294.169    -0.008
-144.788    294.463    -0.008
-145.059    294.758    -0.008
-145.330    295.053    -0.009
-145.601    295.347    -0.009
-145.872    295.642    -0.009
-146.142    295.937    -0.009
-146.412    296.232    -0.009
-146.683    296.527    -0.009
-146.954    296.821    -0.009
-147.225    297.116    -0.009
-147.491    297.405    -0.009
-147.767    297.705    -0.009
-148.027    297.989    -0.009
-148.297    298.284    -0.009
-148.578    298.588    -0.009
-148.840    298.872    -0.009
-149.114    299.172    -0.009
-149.386    299.468    -0.009
-149.651    299.757    -0.009
-149.927    300.056    -0.009
-150.199    300.352    -0.009
-150.463    300.641    -0.009
-150.734    300.936    -0.009
-151.014    301.241    -0.009
-151.274    301.526    -0.009
-151.545    301.820    -0.009
-151.820    302.121    -0.009
-152.092    302.416    -0.009
-152.357    302.705    -0.009
-152.632    303.005    -0.009
-152.904    303.300    -0.009
-153.169    303.589    -0.009
-153.433    303.878    -0.009
-153.710    304.179    -0.009
-153.976    304.469    -0.009
-154.250    304.769    -0.009
-154.521    305.063    -0.009
-154.786    305.353    -0.009
-155.063    305.653    -0.009
-155.333    305.949    -0.009
-155.599    306.238    -0.009
-155.867    306.533    -0.009
-156.142    306.835    -0.009
-156.411    307.131    -0.009
-156.671    307.416    -0.009
-156.950    307.722    -0.009
-157.220    308.018    -0.009
-157.484    308.309    -0.009
-157.759    308.610    -0.009
-158.024    308.901    -0.009
-158.297    309.202    -0.009
-158.567    309.497    -0.010
-158.845    309.804    -0.010
-159.115    310.099    -0.010
-159.388    310.401    -0.010
-159.654    310.691    -0.010
-159.929    310.994    -0.010
-160.193    311.283    -0.010
-160.462    311.579    -0.010
-160.732    311.875    -0.010
-161.001    312.171    -0.010
-161.271    312.466    -0.010
-161.540    312.762    -0.010
-161.810    313.057    -0.010
-162.086    313.357    -0.010
-162.351    313.647    -0.010
-162.621    313.942    -0.010
-162.891    314.238    -0.010
-163.166    314.537    -0.010
-163.437    314.834    -0.010
-163.702    315.123    -0.010
-163.972    315.419    -0.010
-164.241    315.714    -0.010
-164.502    315.999    -0.010
-164.782    316.304    -0.010
-165.052    316.600    -0.010
-165.313    316.884    -0.010
-165.593    317.190    -0.010
-165.859    317.480    -0.010
-166.128    317.774    -0.010
-166.404    318.075    -0.010
-166.664    318.360    -0.010
-166.944    318.665    -0.010
-167.214    318.960    -0.010
-167.476    319.244    -0.010
-167.756    319.549    -0.010
-168.022    319.840    -0.010
-168.292    320.133    -0.010
-168.568    320.434    -0.010
-168.834    320.724    -0.010
-169.104    321.018    -0.010
-169.375    321.313    -0.010
-169.644    321.607    -0.010
-169.916    321.903    -0.010
-170.186    322.197    -0.010
-170.452    322.487    -0.010
-170.729    322.787    -0.010
-170.998    323.081    -0.010
-171.265    323.371    -0.011
-171.545    323.676    -0.011
-171.805    323.961    -0.011
-172.080    324.261    -0.011
-172.351    324.554    -0.011
-172.617    324.845    -0.011
-172.893    325.145    -0.011
-173.163    325.439    -0.011
-173.429    325.729    -0.011
-173.704    326.030    -0.011
-173.974    326.324    -0.011
-174.241    326.615    -0.011
-174.520    326.919    -0.011
-174.781    327.204    -0.011
-175.057    327.504    -0.011
-175.326    327.799    -0.011
-175.602    328.099    -0.011
-175.872    328.394    -0.011
-176.143    328.689    -0.011
-176.414    328.983    -0.011
-176.685    329.279    -0.011
-176.955    329.573    -0.011
-177.225    329.869    -0.011
-177.496    330.163    -0.011
-177.771    330.464    -0.011
-178.036    330.753    -0.011
-178.306    331.049    -0.011
-178.577    331.343    -0.011
-178.847    331.639    -0.011
-179.117    331.934    -0.011
-179.387    332.230    -0.011
-179.656    332.525    -0.011
-179.927    332.820    -0.011
-180.197    333.115    -0.011
-180.467    333.410    -0.011
-180.738    333.705    -0.011
-181.008    334.000    -0.011
-181.278    334.296    -0.011
-181.548    334.591    -0.011
-181.819    334.886    -0.011
-182.090    335.181    -0.011
-182.354    335.472    -0.011
-182.628    335.771    -0.011
-182.899    336.067    -0.012
-183.169    336.361    -0.012
-183.439    336.657    -0.012
-183.710    336.951    -0.012
-183.980    337.247    -0.012
-184.251    337.542    -0.012
-184.521    337.837    -0.012
-184.792    338.132    -0.012
-185.061    338.426    -0.012
-185.332    338.722    -0.012
-185.602    339.017    -0.012
-185.868    339.307    -0.012
-186.143    339.606    -0.012
-186.413    339.902    -0.012
-186.684    340.196    -0.012
-186.954    340.492    -0.012
-187.220    340.781    -0.012
-187.490    341.077    -0.012
-187.765    341.376    -0.012
-188.036    341.671    -0.012
-188.306    341.966    -0.012
-188.577    342.261    -0.012
-188.847    342.556    -0.012
-189.117    342.852    -0.012
-189.387    343.147    -0.012
-189.657    343.442    -0.012
-189.928    343.738    -0.012
-190.192    344.028    -0.012
-190.466    344.328    -0.012
-190.736    344.623    -0.012
-191.001    344.914    -0.012
-191.276    345.215    -0.012
-191.546    345.511    -0.012
-191.807    345.795    -0.012
-192.077    346.090    -0.012
-192.343    346.380    -0.012
-192.611    346.675    -0.012
-192.886    346.976    -0.012
-193.152    347.267    -0.012
-193.421    347.561    -0.012
-193.696    347.863    -0.012
-193.966    348.158    -0.012
-194.227    348.443    -0.013
-194.506    348.749    -0.013
-194.776    349.044    -0.013
-195.040    349.334    -0.013
-195.312    349.630    -0.013
-195.586    349.929    -0.013
-195.851    350.219    -0.013
-196.122    350.516    -0.013
-196.391    350.809    -0.013
-196.667    351.111    -0.013
-196.937    351.406    -0.013
-197.207    351.701    -0.013
-197.487    352.007    -0.013
-197.757    352.303    -0.013
-198.022    352.593    -0.013
-198.291    352.887    -0.013
-198.566    353.188    -0.013
-198.833    353.478    -0.013
-199.102    353.773    -0.013
-199.377    354.075    -0.013
-199.643    354.364    -0.013
-199.913    354.657    -0.013
-200.183    354.955    -0.013
-200.457    355.255    -0.013
-200.721    355.546    -0.013
-200.992    355.841    -0.013
-201.265    356.142    -0.013
-201.530    356.432    -0.013
-201.800    356.729    -0.013
-202.074    357.029    -0.013
-202.339    357.320    -0.013
-202.610    357.616    -0.013
-202.878    357.911    -0.013
-203.148    358.208    -0.013
-203.412    358.498    -0.013
-203.687    358.797    -0.013
-203.958    359.095    -0.013
-204.222    359.384    -0.013
-204.496    359.685    -0.013
-204.762    359.976    -0.013
-205.036    360.276    -0.014
-205.301    360.567    -0.014
-205.575    360.866    -0.014
-205.841    361.157    -0.014
-206.112    361.451    -0.014
-206.388    361.752    -0.014
-206.653    362.040    -0.014
-206.928    362.341    -0.014
-207.200    362.636    -0.014
-207.466    362.925    -0.014
-207.740    363.224    -0.014
-208.012    363.520    -0.014
-208.282    363.814    -0.014
-208.553    364.110    -0.014
-208.823    364.403    -0.014
-209.094    364.699    -0.014
-209.364    364.993    -0.014
-209.636    365.288    -0.014
-209.906    365.582    -0.014
-210.178    365.878    -0.014
-210.452    366.177    -0.014
-210.714    366.461    -0.014
-210.993    366.767    -0.014
-211.254    367.051    -0.014
-211.535    367.356    -0.014
-211.796    367.639    -0.014
-212.077    367.945    -0.014
-212.338    368.229    -0.014
-212.619    368.534    -0.014
-212.880    368.818    -0.014
-213.156    369.117    -0.014
-213.427    369.413    -0.014
-213.697    369.706    -0.014
-213.978    370.012    -0.014
-214.244    370.300    -0.014
-214.525    370.606    -0.014
-214.786    370.889    -0.014
-215.058    371.184    -0.014
-215.338    371.489    -0.014
-215.600    371.773    -0.015
-215.876    372.073    -0.015
-216.145    372.367    -0.015
-216.412    372.656    -0.015
-216.688    372.957    -0.015
-216.953    373.245    -0.015
-217.228    373.545    -0.015
-217.500    373.842    -0.015
-217.765    374.130    -0.015
-218.035    374.426    -0.015
-218.315    374.731    -0.015
-218.576    375.016    -0.015
-218.851    375.316    -0.015
-219.116    375.605    -0.015
-219.391    375.905    -0.015
-219.647    376.186    -0.015
-219.918    376.480    -0.015
-220.188    376.776    -0.015
-220.459    377.070    -0.015
-220.729    377.366    -0.015
-220.998    377.660    -0.015
-221.269    377.956    -0.015
-221.539    378.251    -0.015
-221.810    378.546    -0.015
-222.080    378.840    -0.015
-222.351    379.136    -0.015
-222.621    379.431    -0.015
-222.891    379.725    -0.015
-223.162    380.021    -0.015
-223.431    380.316    -0.015
-223.700    380.612    -0.015
-223.971    380.906    -0.015
-224.241    381.202    -0.015
-224.511    381.497    -0.015
-224.781    381.793    -0.015
-225.056    382.093    -0.015
-225.322    382.384    -0.015
-225.592    382.678    -0.016
-225.868    382.980    -0.016
-226.132    383.268    -0.016
-226.401    383.564    -0.016
-226.676    383.864    -0.016
-226.942    384.156    -0.016
-227.212    384.450    -0.016
-227.488    384.750    -0.016
-227.752    385.040    -0.016
-228.023    385.334    -0.016
-228.294    385.629    -0.016
-228.565    385.923    -0.016
-228.841    386.223    -0.016
-229.106    386.513    -0.016
-229.378    386.808    -0.016
-229.648    387.102    -0.016
-229.919    387.397    -0.016
-230.195    387.697    -0.016
-230.460    387.986    -0.016
-230.736    388.285    -0.016
-231.008    388.581    -0.016
-231.278    388.874    -0.016
-231.553    389.174    -0.016
-231.815    389.459    -0.016
-232.095    389.764    -0.016
-232.362    390.053    -0.016
-232.632    390.346    -0.016
-232.908    390.648    -0.016
-233.175    390.937    -0.016
-233.445    391.231    -0.016
-233.721    391.531    -0.016
-233.986    391.822    -0.016
-234.256    392.115    -0.016
-234.531    392.417    -0.016
-234.798    392.706    -0.016
-235.067    393.000    -0.016
-235.339    393.296    -0.017
-235.608    393.589    -0.017
-235.880    393.886    -0.017
-236.155    394.184    -0.017
-236.420    394.475    -0.017
-236.691    394.770    -0.017
-236.965    395.070    -0.017
-237.236    395.364    -0.017
-237.502    395.654    -0.017
-237.773    395.950    -0.017
-238.048    396.250    -0.017
-238.318    396.544    -0.017
-238.584    396.834    -0.017
-238.855    397.130    -0.017
-239.130    397.429    -0.017
-239.400    397.724    -0.017
-239.670    398.019    -0.017
-239.932    398.303    -0.017
-240.212    398.608    -0.017
-240.482    398.903    -0.017
-240.753    399.198    -0.017
-241.020    399.488    -0.017
-241.289    399.781    -0.017
-241.565    400.083    -0.017
-241.835    400.377    -0.017
-242.106    400.672    -0.017
-242.376    400.967    -0.017
-242.647    401.262    -0.017
-242.918    401.556    -0.017
-243.193    401.857    -0.017
-243.459    402.145    -0.017
-243.730    402.441    -0.017
-244.001    402.735    -0.017
-244.271    403.030    -0.017
-244.541    403.325    -0.017
-244.811    403.620    -0.018
-245.082    403.915    -0.018
-245.357    404.216    -0.018
-245.626    404.510    -0.018
-245.892    404.801    -0.018
-246.162    405.097    -0.018
-246.428    405.386    -0.018
-246.703    405.686    -0.018
-246.972    405.981    -0.018
-247.242    406.277    -0.018
-247.513    406.571    -0.018
-247.783    406.867    -0.018
-248.048    407.157    -0.018
-248.324    407.458    -0.018
-248.590    407.748    -0.018
-248.864    408.047    -0.018
-249.134    408.343    -0.018
-249.394    408.627    -0.018
-249.674    408.933    -0.018
-249.944    409.228    -0.018
-250.214    409.524    -0.018
-250.480    409.813    -0.018
-250.750    410.108    -0.018
-251.026    410.408    -0.018
-251.296    410.704    -0.018
-251.567    410.998    -0.018
-251.828    411.283    -0.018
-252.108    411.588    -0.018
-252.378    411.884    -0.018
-252.643    412.173    -0.018
-252.914    412.467    -0.018
-253.189    412.768    -0.018
-253.450    413.053    -0.018
-253.731    413.358    -0.018
-253.992    413.642    -0.019
-254.272    413.948    -0.019
-254.537    414.237    -0.019
-254.807    414.531    -0.019
-255.073    414.822    -0.019
-255.353    415.127    -0.019
-255.614    415.412    -0.019
-255.889    415.713    -0.019
-256.158    416.007    -0.019
-256.429    416.304    -0.019
-256.699    416.597    -0.019
-256.969    416.894    -0.019
-257.237    417.188    -0.019
-257.509    417.485    -0.019
-257.777    417.779    -0.019
-258.048    418.076    -0.019
-258.318    418.370    -0.019
-258.588    418.666    -0.019
-258.863    418.966    -0.019
-259.133    419.261    -0.019
-259.398    419.552    -0.019
-259.673    419.853    -0.019
-259.938    420.144    -0.019
-260.212    420.443    -0.019
-260.482    420.739    -0.019
-260.752    421.034    -0.019
-261.017    421.324    -0.019
-261.289    421.620    -0.019
-261.563    421.920    -0.019
-261.833    422.215    -0.019
-262.103    422.511    -0.019
-262.363    422.796    -0.019
-262.642    423.102    -0.019
-262.912    423.397    -0.020
-263.182    423.692    -0.020
-263.443    423.977    -0.020
-263.722    424.283    -0.020
-263.993    424.578    -0.020
-264.263    424.873    -0.020
-264.533    425.169    -0.020
-264.808    425.469    -0.020
-265.073    425.759    -0.020
-265.342    426.054    -0.020
-265.617    426.355    -0.020
-265.883    426.645    -0.020
-266.158    426.946    -0.020
-266.423    427.235    -0.020
-266.693    427.531    -0.020
-266.963    427.826    -0.020
-267.234    428.121    -0.020
-267.509    428.422    -0.020
-267.779    428.715    -0.020
-268.044    429.006    -0.020
-268.314    429.301    -0.020
-268.585    429.597    -0.020
-268.860    429.897    -0.020
-269.125    430.187    -0.020
-269.395    430.481    -0.020
-269.666    430.777    -0.020
-269.936    431.072    -0.020
-270.201    431.362    -0.020
-270.472    431.657    -0.020
-270.736    431.947    -0.020
-271.016    432.253    -0.020
-271.276    432.538    -0.020
-271.557    432.843    -0.021
-271.817    433.128    -0.021
-272.092    433.428    -0.021
-272.363    433.725    -0.021
-272.629    434.013    -0.021
-272.909    434.318    -0.021
-273.168    434.603    -0.021
-273.440    434.897    -0.021
-273.720    435.203    -0.021
-273.980    435.487    -0.021
-274.256    435.787    -0.021
-274.528    436.082    -0.021
-274.792    436.372    -0.021
-275.073    436.676    -0.021
-275.335    436.961    -0.021
-275.614    437.266    -0.021
-275.874    437.551    -0.021
-276.155    437.855    -0.021
-276.416    438.141    -0.021
-276.696    438.445    -0.021
-276.957    438.730    -0.021
-277.238    439.035    -0.021
-277.499    439.318    -0.021
-277.780    439.624    -0.021
-278.040    439.908    -0.021
-278.315    440.208    -0.021
-278.587    440.503    -0.021
-278.852    440.793    -0.021
-279.132    441.098    -0.021
-279.393    441.382    -0.021
-279.673    441.688    -0.021
-279.934    441.972    -0.021
-280.214    442.278    -0.022
-280.476    442.562    -0.022
-280.755    442.867    -0.022
-281.016    443.152    -0.022
-281.296    443.457    -0.022
-281.567    443.751    -0.022
-281.837    444.047    -0.022
-282.108    444.341    -0.022
-282.374    444.631    -0.022
-282.644    444.925    -0.022
-282.920    445.226    -0.022
-283.191    445.520    -0.022
-283.461    445.815    -0.022
-283.727    446.105    -0.022
-283.995    446.400    -0.022
-284.271    446.702    -0.022
-284.540    446.998    -0.022
-284.805    447.288    -0.022
-285.079    447.589    -0.022
-285.343    447.879    -0.022
-285.618    448.182    -0.022
-285.883    448.472    -0.022
-286.156    448.772    -0.022
-286.426    449.068    -0.022
-286.695    449.364    -0.022
-286.965    449.660    -0.022
-287.234    449.956    -0.022
-287.504    450.252    -0.022
-287.773    450.547    -0.022
-288.043    450.843    -0.022
-288.313    451.139    -0.023
-288.587    451.441    -0.023
-288.851    451.730    -0.023
-289.120    452.027    -0.023
-289.394    452.327    -0.023
-289.661    452.618    -0.023
-289.931    452.912    -0.023
-290.202    453.208    -0.023
-290.472    453.503    -0.023
-290.748    453.803    -0.023
-291.013    454.092    -0.023
-291.282    454.387    -0.023
-291.553    454.682    -0.023
-291.824    454.976    -0.023
-292.094    455.272    -0.023
-292.355    455.556    -0.023
-292.635    455.862    -0.023
-292.896    456.146    -0.023
-293.167    456.441    -0.023
-293.437    456.735    -0.023
-293.713    457.036    -0.023
-293.983    457.331    -0.023
-294.248    457.620    -0.023
-294.519    457.915    -0.023
-294.799    458.221    -0.023
-295.060    458.505    -0.023
-295.330    458.800    -0.023
-295.606    459.099    -0.023
-295.877    459.395    -0.023
-296.142    459.684    -0.023
-296.412    459.978    -0.024
-296.687    460.279    -0.024
-296.959    460.575    -0.024
-297.223    460.864    -0.024
-297.494    461.158    -0.024
-297.765    461.454    -0.024
-298.045    461.758    -0.024
-298.306    462.043    -0.024
-298.582    462.343    -0.024
-298.853    462.639    -0.024
-299.122    462.932    -0.024
-299.394    463.229    -0.024
-299.658    463.517    -0.024
-299.939    463.822    -0.024
-300.200    464.107    -0.024
-300.475    464.406    -0.024
-300.747    464.702    -0.024
-301.011    464.992    -0.024
-301.285    465.293    -0.024
-301.554    465.590    -0.024
-301.818    465.880    -0.024
-302.097    466.186    -0.024
-302.357    466.472    -0.024
-302.631    466.773    -0.024
-302.902    467.070    -0.024
-303.166    467.359    -0.024
-303.445    467.666    -0.024
-303.709    467.956    -0.024
-303.984    468.258    -0.024
-304.248    468.549    -0.025
-304.522    468.849    -0.025
-304.791    469.145    -0.025
-305.061    469.441    -0.025
-305.331    469.736    -0.025
-305.600    470.032    -0.025
-305.870    470.328    -0.025
-306.139    470.624    -0.025
-306.409    470.920    -0.025
-306.675    471.210    -0.025
-306.949    471.510    -0.025
-307.214    471.799    -0.025
-307.490    472.100    -0.025
-307.761    472.395    -0.025
-308.031    472.690    -0.025
-308.302    472.985    -0.025
-308.567    473.275    -0.025
-308.842    473.574    -0.025
-309.113    473.870    -0.025
-309.383    474.165    -0.025
-309.653    474.459    -0.025
-309.924    474.754    -0.025
-310.194    475.049    -0.025
-310.465    475.344    -0.025
-310.735    475.639    -0.025
-311.011    475.940    -0.025
-311.276    476.228    -0.025
-311.551    476.529    -0.025
-311.817    476.819    -0.025
-312.088    477.114    -0.026
-312.357    477.409    -0.026
-312.627    477.705    -0.026
-312.903    478.005    -0.026
-313.168    478.295    -0.026
-313.438    478.589    -0.026
-313.709    478.885    -0.026
-313.979    479.179    -0.026
-314.250    479.475    -0.026
-314.520    479.769    -0.026
-314.789    480.065    -0.026
-315.065    480.365    -0.026
-315.325    480.648    -0.026
-315.592    480.939    -0.026
-315.862    481.234    -0.026
-316.132    481.529    -0.026
-316.403    481.824    -0.026
-316.672    482.120    -0.026
-316.943    482.414    -0.026
-317.212    482.710    -0.026
-317.483    483.004    -0.026
-317.753    483.300    -0.026
-318.023    483.594    -0.026
-318.294    483.890    -0.026
-318.564    484.185    -0.026
-318.834    484.480    -0.026
-319.105    484.775    -0.026
-319.375    485.070    -0.026
-319.646    485.365    -0.027
-319.915    485.659    -0.027
-320.185    485.955    -0.027
-320.461    486.255    -0.027
-320.727    486.545    -0.027
-320.998    486.840    -0.027
-321.273    487.141    -0.027
-321.543    487.434    -0.027
-321.814    487.731    -0.027
-322.079    488.019    -0.027
-322.354    488.320    -0.027
-322.624    488.615    -0.027
-322.894    488.910    -0.027
-323.161    489.200    -0.027
-323.440    489.506    -0.027
-323.701    489.791    -0.027
-323.975    490.091    -0.027
-324.245    490.386    -0.027
-324.516    490.682    -0.027
-324.785    490.977    -0.027
-325.050    491.267    -0.027
-325.325    491.569    -0.027
-325.594    491.863    -0.027
-325.860    492.154    -0.027
-326.130    492.449    -0.027
-326.405    492.751    -0.027
-326.674    493.044    -0.027
-326.945    493.341    -0.028
-327.214    493.635    -0.028
-327.485    493.932    -0.028
-327.754    494.225    -0.028
-328.020    494.517    -0.028
-328.299    494.822    -0.028
-328.559    495.108    -0.028
-328.835    495.409    -0.028
-329.103    495.702    -0.028
-329.374    495.999    -0.028
-329.644    496.293    -0.028
-329.915    496.590    -0.028
-330.184    496.883    -0.028
-330.454    497.180    -0.028
-330.724    497.474    -0.028
-330.995    497.771    -0.028
-331.264    498.064    -0.028
-331.536    498.361    -0.028
-331.805    498.655    -0.028
-332.081    498.956    -0.028
-332.351    499.251    -0.028
-332.621    499.547    -0.028
-332.892    499.842    -0.028
-333.161    500.137    -0.028
-333.432    500.432    -0.028
-333.701    500.727    -0.028
-333.971    501.023    -0.028
-334.247    501.323    -0.029
-334.512    501.612    -0.029
-334.782    501.908    -0.029
-335.053    502.203    -0.029
-335.323    502.497    -0.029
-335.593    502.793    -0.029
-335.863    503.087    -0.029
-336.133    503.384    -0.029
-336.403    503.678    -0.029
-336.674    503.973    -0.029
-336.944    504.268    -0.029
-337.214    504.564    -0.029
-337.481    504.853    -0.029
-337.750    505.149    -0.029
-338.021    505.444    -0.029
-338.285    505.733    -0.029
-338.555    506.028    -0.029
-338.830    506.328    -0.029
-339.097    506.619    -0.029
-339.372    506.919    -0.029
-339.637    507.208    -0.029
-339.907    507.503    -0.029
-340.183    507.803    -0.029
-340.450    508.092    -0.029
-340.720    508.387    -0.029
-340.997    508.686    -0.029
-341.262    508.975    -0.029
-341.538    509.275    -0.030
-341.804    509.565    -0.030
-342.076    509.859    -0.030
-342.353    510.159    -0.030
-342.618    510.446    -0.030
-342.894    510.746    -0.030
-343.170    511.047    -0.030
-343.440    511.341    -0.030
-343.712    511.635    -0.030
-343.984    511.929    -0.030
-344.260    512.230    -0.030
-344.525    512.517    -0.030
-344.796    512.813    -0.030
-345.067    513.107    -0.030
-345.339    513.401    -0.030
-345.610    513.695    -0.030
-345.879    513.991    -0.030
-346.149    514.286    -0.030
-346.424    514.587    -0.030
-346.693    514.882    -0.030
-346.959    515.172    -0.030
-347.229    515.468    -0.030
-347.499    515.763    -0.030
-347.769    516.059    -0.030
-348.034    516.349    -0.030
-348.308    516.650    -0.030
-348.578    516.944    -0.031
-348.843    517.235    -0.031
-349.109    517.525    -0.031
-349.379    517.821    -0.031
-349.649    518.116    -0.031
-349.919    518.412    -0.031
-350.189    518.707    -0.031
-350.458    519.003    -0.031
-350.728    519.298    -0.031
-350.998    519.594    -0.031
-351.267    519.888    -0.031
-351.538    520.184    -0.031
-351.808    520.479    -0.031
-352.078    520.773    -0.031
-352.349    521.069    -0.031
-352.619    521.364    -0.031
-352.889    521.659    -0.031
-353.160    521.954    -0.031
-353.430    522.249    -0.031
-353.704    522.549    -0.031
-353.970    522.840    -0.031
-354.241    523.135    -0.031
-354.516    523.436    -0.031
-354.781    523.724    -0.031
-355.061    524.030    -0.031
-355.322    524.315    -0.032
-355.602    524.621    -0.032
-355.863    524.905    -0.032
-356.142    525.210    -0.032
-356.407    525.500    -0.032
-356.678    525.796    -0.032
-356.947    526.091    -0.032
-357.220    526.385    -0.032
-357.490    526.679    -0.032
-357.762    526.974    -0.032
-358.032    527.269    -0.032
-358.304    527.564    -0.032
-358.574    527.857    -0.032
-358.845    528.152    -0.032
-359.110    528.442    -0.032
-359.391    528.746    -0.032
-359.652    529.031    -0.032
-359.933    529.335    -0.032
-360.204    529.629    -0.032
-360.475    529.924    -0.032
-360.746    530.218    -0.032
-361.022    530.519    -0.032
-361.288    530.807    -0.032
-361.558    531.102    -0.032
-361.829    531.396    -0.032
-362.105    531.696    -0.033
-362.371    531.986    -0.033
-362.642    532.281    -0.033
-362.911    532.577    -0.033
-363.186    532.878    -0.033
-363.450    533.168    -0.033
-363.720    533.464    -0.033
-363.988    533.760    -0.033
-364.258    534.056    -0.033
-364.527    534.352    -0.033
-364.797    534.647    -0.033
-365.066    534.943    -0.033
-365.335    535.240    -0.033
-365.605    535.535    -0.033
-365.879    535.837    -0.033
-366.143    536.127    -0.033
-366.413    536.423    -0.033
-366.682    536.719    -0.033
-366.951    537.015    -0.033
-367.220    537.312    -0.033
-367.489    537.607    -0.033
-367.763    537.908    -0.033
-368.034    538.205    -0.033
-368.298    538.495    -0.033
-368.569    538.789    -0.033
-368.840    539.084    -0.034
-369.111    539.378    -0.034
-369.381    539.673    -0.034
-369.652    539.967    -0.034
-369.928    540.267    -0.034
-370.194    540.556    -0.034
-370.465    540.850    -0.034
-370.736    541.146    -0.034
-371.001    541.435    -0.034
-371.277    541.736    -0.034
-371.544    542.025    -0.034
-371.819    542.324    -0.034
-372.089    542.618    -0.034
-372.355    542.908    -0.034
-372.627    543.203    -0.034
-372.902    543.502    -0.034
-373.173    543.797    -0.034
-373.444    544.092    -0.034
-373.706    544.375    -0.034
-373.986    544.681    -0.034
-374.256    544.976    -0.034
-374.526    545.270    -0.034
-374.792    545.561    -0.034
-375.061    545.854    -0.034
-375.337    546.156    -0.034
-375.608    546.450    -0.035
-375.874    546.741    -0.035
-376.143    547.034    -0.035
-376.419    547.336    -0.035
-376.686    547.624    -0.035
-376.961    547.925    -0.035
-377.220    548.209    -0.035
-377.491    548.504    -0.035
-377.757    548.792    -0.035
-378.033    549.094    -0.035
-378.303    549.389    -0.035
-378.573    549.684    -0.035
-378.844    549.979    -0.035
-379.115    550.273    -0.035
-379.384    550.568    -0.035
-379.655    550.863    -0.035
-379.925    551.159    -0.035
-380.195    551.453    -0.035
-380.466    551.749    -0.035
-380.736    552.044    -0.035
-381.005    552.340    -0.035
-381.276    552.634    -0.035
-381.547    552.930    -0.035
-381.816    553.224    -0.035
-382.085    553.521    -0.036
-382.355    553.816    -0.036
-382.625    554.111    -0.036
-382.896    554.406    -0.036
-383.166    554.701    -0.036
-383.436    554.996    -0.036
-383.706    555.291    -0.036
-383.976    555.587    -0.036
-384.246    555.882    -0.036
-384.521    556.182    -0.036
-384.787    556.473    -0.036
-385.057    556.768    -0.036
-385.327    557.062    -0.036
-385.593    557.354    -0.036
-385.867    557.653    -0.036
-386.137    557.949    -0.036
-386.402    558.238    -0.036
-386.678    558.540    -0.036
-386.952    558.840    -0.036
-387.218    559.132    -0.036
-387.487    559.426    -0.036
-387.762    559.728    -0.036
-388.027    560.016    -0.036
-388.297    560.312    -0.036
-388.572    560.612    -0.037
-388.843    560.908    -0.037
-389.117    561.208    -0.037
-389.377    561.493    -0.037
-389.657    561.799    -0.037
-389.928    562.093    -0.037
-390.188    562.379    -0.037
-390.467    562.684    -0.037
-390.732    562.975    -0.037
-391.004    563.270    -0.037
-391.278    563.570    -0.037
-391.539    563.854    -0.037
-391.819    564.160    -0.037
-392.090    564.455    -0.037
-392.350    564.740    -0.037
-392.630    565.045    -0.037
-392.900    565.339    -0.037
-393.161    565.624    -0.037
-393.441    565.929    -0.037
-393.706    566.220    -0.037
-393.981    566.519    -0.037
-394.251    566.815    -0.037
-394.522    567.109    -0.037
-394.792    567.405    -0.038
-395.067    567.704    -0.038
-395.333    567.995    -0.038
-395.604    568.290    -0.038
-395.874    568.585    -0.038
-396.150    568.886    -0.038
-396.415    569.175    -0.038
-396.685    569.469    -0.038
-396.956    569.765    -0.038
-397.226    570.060    -0.038
-397.496    570.355    -0.038
-397.767    570.650    -0.038
-398.041    570.950    -0.038
-398.306    571.240    -0.038
-398.576    571.534    -0.038
-398.847    571.830    -0.038
-399.117    572.125    -0.038
-399.388    572.420    -0.038
-399.653    572.710    -0.038
-399.925    573.006    -0.038
-400.189    573.294    -0.038
-400.464    573.595    -0.038
-400.730    573.885    -0.038
-401.006    574.186    -0.039
-401.270    574.474    -0.039
-401.545    574.775    -0.039
-401.812    575.065    -0.039
-402.087    575.366    -0.039
-402.351    575.655    -0.039
-402.627    575.954    -0.039
-402.892    576.246    -0.039
-403.167    576.547    -0.039
-403.431    576.836    -0.039
-403.707    577.135    -0.039
-403.973    577.427    -0.039
-404.248    577.727    -0.039
-404.517    578.022    -0.039
-404.782    578.312    -0.039
-405.058    578.614    -0.039
-405.328    578.907    -0.039
-405.603    579.209    -0.039
-405.872    579.504    -0.039
-406.142    579.800    -0.039
-406.413    580.095    -0.039
-406.682    580.390    -0.039
-406.948    580.681    -0.039
-407.223    580.980    -0.040
-407.493    581.276    -0.040
-407.763    581.570    -0.040
-408.033    581.867    -0.040
-408.302    582.162    -0.040
-408.561    582.448    -0.040
-408.841    582.753    -0.040
-409.111    583.049    -0.040
-409.380    583.345    -0.040
-409.650    583.641    -0.040
-409.920    583.936    -0.040
-410.190    584.232    -0.040
-410.459    584.528    -0.040
-410.729    584.824    -0.040
-410.998    585.119    -0.040
-411.263    585.410    -0.040
-411.537    585.710    -0.040
-411.807    586.005    -0.040
-412.077    586.301    -0.040
-412.346    586.597    -0.040
-412.616    586.893    -0.040
-412.886    587.188    -0.040
-413.155    587.484    -0.041
-413.425    587.780    -0.041
-413.695    588.075    -0.041
-413.965    588.370    -0.041
-414.236    588.665    -0.041
-414.512    588.965    -0.041
-414.782    589.259    -0.041
-415.048    589.549    -0.041
-415.315    589.839    -0.041
-415.590    590.138    -0.041
-415.861    590.433    -0.041
-416.132    590.727    -0.041
-416.401    591.021    -0.041
-416.667    591.312    -0.041
-416.939    591.607    -0.041
-417.209    591.900    -0.041
-417.480    592.196    -0.041
-417.750    592.491    -0.041
-418.022    592.786    -0.041
-418.292    593.079    -0.041
-418.563    593.375    -0.041
-418.832    593.670    -0.041
-419.104    593.965    -0.042
-419.368    594.254    -0.042
-419.644    594.554    -0.042
-419.915    594.851    -0.042
-420.185    595.143    -0.042
-420.456    595.440    -0.042
-420.726    595.733    -0.042
-420.997    596.029    -0.042
-421.266    596.324    -0.042
-421.537    596.619    -0.042
-421.812    596.919    -0.042
-422.073    597.203    -0.042
-422.353    597.509    -0.042
-422.619    597.797    -0.042
-422.890    598.095    -0.042
-423.165    598.393    -0.042
-423.435    598.689    -0.042
-423.696    598.972    -0.042
-423.975    599.279    -0.042
-424.246    599.573    -0.042
-424.511    599.863    -0.042
-424.783    600.159    -0.042
-425.058    600.458    -0.043
-425.328    600.753    -0.043
-425.590    601.037    -0.043
-425.869    601.343    -0.043
-426.140    601.637    -0.043
-426.399    601.923    -0.043
-426.679    602.228    -0.043
-426.950    602.523    -0.043
-427.216    602.813    -0.043
-427.485    603.107    -0.043
-427.761    603.408    -0.043
-428.023    603.693    -0.043
-428.302    603.998    -0.043
-428.569    604.288    -0.043
-428.838    604.582    -0.043
-429.108    604.879    -0.043
-429.377    605.172    -0.043
-429.654    605.473    -0.043
-429.919    605.763    -0.043
-430.189    606.057    -0.043
-430.461    606.353    -0.043
-430.730    606.647    -0.043
-431.005    606.949    -0.044
-431.271    607.239    -0.044
-431.540    607.534    -0.044
-431.815    607.834    -0.044
-432.081    608.125    -0.044
-432.350    608.419    -0.044
-432.621    608.716    -0.044
-432.890    609.010    -0.044
-433.161    609.307    -0.044
-433.435    609.606    -0.044
-433.705    609.902    -0.044
-433.975    610.197    -0.044
-434.246    610.493    -0.044
-434.515    610.787    -0.044
-434.785    611.082    -0.044
-435.055    611.378    -0.044
-435.325    611.673    -0.044
-435.601    611.974    -0.044
-435.870    612.268    -0.044
-436.136    612.559    -0.044
-436.406    612.854    -0.044
-436.682    613.155    -0.045
-436.946    613.444    -0.045
-437.221    613.744    -0.045
-437.487    614.035    -0.045
-437.762    614.336    -0.045
-438.027    614.625    -0.045
-438.298    614.920    -0.045
-438.568    615.215    -0.045
-438.839    615.510    -0.045
-439.109    615.805    -0.045
-439.368    616.090    -0.045
-439.630    616.374    -0.045
-439.909    616.679    -0.045
-440.180    616.975    -0.045
-440.451    617.269    -0.045
-440.721    617.564    -0.045
-440.992    617.859    -0.045
-441.257    618.149    -0.045
-441.528    618.444    -0.045
-441.803    618.745    -0.045
-442.067    619.033    -0.045
-442.344    619.334    -0.045
-442.610    619.623    -0.046
-442.879    619.918    -0.046
-443.156    620.218    -0.046
-443.427    620.513    -0.046
-443.693    620.803    -0.046
-443.962    621.096    -0.046
-444.239    621.397    -0.046
-444.509    621.691    -0.046
-444.779    621.986    -0.046
-445.050    622.281    -0.046
-445.325    622.581    -0.046
-445.597    622.877    -0.046
-445.862    623.165    -0.046
-446.137    623.465    -0.046
-446.409    623.762    -0.046
-446.674    624.049    -0.046
-446.955    624.355    -0.046
-447.215    624.639    -0.046
-447.485    624.935    -0.046
-447.759    625.235    -0.046
-448.030    625.532    -0.046
-448.294    625.821    -0.047
-448.569    626.121    -0.047
-448.840    626.418    -0.047
-449.104    626.707    -0.047
-449.379    627.008    -0.047
-449.650    627.304    -0.047
-449.913    627.594    -0.047
-450.188    627.893    -0.047
-450.468    628.201    -0.047
-450.733    628.490    -0.047
-451.003    628.786    -0.047
-451.283    629.092    -0.047
-451.543    629.377    -0.047
-451.818    629.678    -0.047
-452.087    629.972    -0.047
-452.353    630.263    -0.047
-452.627    630.563    -0.047
-452.898    630.857    -0.047
-453.164    631.147    -0.047
-453.440    631.449    -0.047
-453.705    631.737    -0.048
-453.985    632.043    -0.048
-454.246    632.327    -0.048
-454.517    632.622    -0.048
-454.793    632.923    -0.048
-455.062    633.217    -0.048
-455.327    633.507    -0.048
-455.598    633.802    -0.048
-455.874    634.102    -0.048
-456.139    634.392    -0.048
-456.414    634.692    -0.048
-456.685    634.988    -0.048
-456.951    635.276    -0.048
-457.221    635.572    -0.048
-457.492    635.866    -0.048
-457.772    636.171    -0.048
-458.032    636.456    -0.048
-458.303    636.750    -0.048
-458.574    637.046    -0.048
-458.848    637.346    -0.048
-459.113    637.636    -0.048
-459.389    637.936    -0.049
-459.660    638.232    -0.049
-459.925    638.521    -0.049
-460.195    638.816    -0.049
-460.465    639.111    -0.049
-460.735    639.407    -0.049
-461.010    639.707    -0.049
-461.279    640.002    -0.049
-461.536    640.281    -0.049
-461.816    640.588    -0.049
-462.082    640.878    -0.049
-462.351    641.171    -0.049
-462.627    641.472    -0.049
-462.892    641.763    -0.049
-463.162    642.057    -0.049
-463.437    642.357    -0.049
-463.698    642.642    -0.049
-463.978    642.948    -0.049
-464.244    643.238    -0.049
-464.513    643.532    -0.049
-464.788    643.834    -0.050
-465.054    644.124    -0.050
-465.323    644.419    -0.050
-465.598    644.719    -0.050
-465.864    645.011    -0.050
-466.133    645.304    -0.050
-466.404    645.601    -0.050
-466.678    645.901    -0.050
-466.943    646.191    -0.050
-467.213    646.487    -0.050
-467.478    646.776    -0.050
-467.748    647.072    -0.050
-468.017    647.367    -0.050
-468.291    647.668    -0.050
-468.557    647.958    -0.050
-468.828    648.254    -0.050
-469.103    648.554    -0.050
-469.367    648.844    -0.050
-469.642    649.145    -0.050
-469.908    649.435    -0.050
-470.178    649.730    -0.051
-470.449    650.026    -0.051
-470.724    650.325    -0.051
-470.988    650.615    -0.051
-471.262    650.915    -0.051
-471.530    651.206    -0.051
-471.800    651.501    -0.051
-472.070    651.794    -0.051
-472.345    652.096    -0.051
-472.616    652.389    -0.051
-472.891    652.691    -0.051
-473.158    652.980    -0.051
-473.426    653.275    -0.051
-473.701    653.576    -0.051
-473.972    653.871    -0.051
-474.243    654.166    -0.051
-474.509    654.456    -0.051
-474.783    654.756    -0.051
-475.054    655.051    -0.051
-475.324    655.346    -0.051
-475.594    655.642    -0.052
-475.863    655.937    -0.052
-476.132    656.232    -0.052
-476.402    656.529    -0.052
-476.672    656.823    -0.052
-476.942    657.119    -0.052
-477.202    657.404    -0.052
-477.482    657.710    -0.052
-477.752    658.005    -0.052
-478.022    658.301    -0.052
-478.292    658.596    -0.052
-478.561    658.893    -0.052
-478.835    659.194    -0.052
-479.100    659.484    -0.052
-479.374    659.784    -0.052
-479.640    660.075    -0.052
-479.915    660.376    -0.052
-480.180    660.666    -0.052
-480.450    660.961    -0.052
-480.724    661.262    -0.052
-480.996    661.558    -0.053
-481.259    661.846    -0.053
-481.530    662.142    -0.053
-481.805    662.442    -0.053
-482.075    662.737    -0.053
-482.341    663.027    -0.053
-482.611    663.323    -0.053
-482.887    663.623    -0.053
-483.152    663.912    -0.053
-483.426    664.212    -0.053
-483.698    664.509    -0.053
-483.953    664.787    -0.053
-484.222    665.083    -0.053
-484.493    665.376    -0.053
-484.758    665.667    -0.053
-485.034    665.968    -0.053
-485.305    666.263    -0.053
-485.570    666.553    -0.053
-485.845    666.852    -0.053
-486.110    667.142    -0.054
-486.385    667.443    -0.054
-486.656    667.737    -0.054
-486.928    668.031    -0.054
-487.199    668.326    -0.054
-487.460    668.609    -0.054
-487.741    668.915    -0.054
-488.011    669.209    -0.054
-488.283    669.504    -0.054
-488.554    669.798    -0.054
-488.818    670.087    -0.054
-489.090    670.382    -0.054
-489.366    670.682    -0.054
-489.641    670.981    -0.054
-489.909    671.271    -0.054
-490.185    671.571    -0.054
-490.450    671.858    -0.054
-490.726    672.158    -0.054
-490.998    672.454    -0.054
-491.263    672.742    -0.054
-491.538    673.041    -0.055
-491.810    673.337    -0.055
-492.075    673.625    -0.055
-492.350    673.926    -0.055
-492.621    674.223    -0.055
-492.891    674.516    -0.055
-493.156    674.807    -0.055
-493.432    675.109    -0.055
-493.701    675.402    -0.055
-493.966    675.693    -0.055
-494.241    675.993    -0.055
-494.506    676.283    -0.055
-494.780    676.583    -0.055
-495.047    676.874    -0.055
-495.326    677.180    -0.055
-495.587    677.464    -0.055
-495.867    677.771    -0.055
-496.132    678.060    -0.055
-496.402    678.355    -0.055
-496.672    678.651    -0.056
-496.941    678.946    -0.056
-497.212    679.241    -0.056
-497.482    679.535    -0.056
-497.750    679.834    -0.056
-498.014    680.133    -0.056
-498.281    680.433    -0.056
-498.545    680.733    -0.056
-498.812    681.032    -0.056
-499.076    681.332    -0.056
-499.343    681.631    -0.056
-499.612    681.936    -0.056
-499.871    682.230    -0.056
-500.138    682.531    -0.056
-500.407    682.834    -0.056
-500.664    683.124    -0.056
-500.929    683.423    -0.056
-501.194    683.723    -0.056
-501.460    684.022    -0.056
-501.725    684.322    -0.057
-501.990    684.621    -0.057
-502.256    684.921    -0.057
-502.521    685.221    -0.057
-502.782    685.515    -0.057
-503.051    685.821    -0.057
-503.317    686.121    -0.057
-503.582    686.419    -0.057
-503.848    686.720    -0.057
-504.113    687.019    -0.057
-504.378    687.319    -0.057
-504.644    687.618    -0.057
-504.905    687.913    -0.057
-505.175    688.217    -0.057
-505.439    688.510    -0.057
-505.714    688.808    -0.057
-505.986    689.103    -0.057
-506.256    689.397    -0.057
-506.503    689.666    -0.057
-506.774    689.954    -0.058
-507.051    690.251    -0.058
-507.326    690.543    -0.058
-507.598    690.835    -0.058
-507.868    691.122    -0.058
-508.145    691.418    -0.058
-508.419    691.711    -0.058
-508.692    692.002    -0.058
-508.962    692.291    -0.058
-509.244    692.591    -0.058
-509.509    692.874    -0.058
-509.787    693.170    -0.058
-510.062    693.462    -0.058
-510.335    693.755    -0.058
-510.604    694.041    -0.058
-510.881    694.338    -0.058
-511.151    694.624    -0.058
-511.429    694.922    -0.058
-511.700    695.209    -0.059
-511.949    695.476    -0.059
-512.191    695.732    -0.059
-512.465    696.015    -0.059
-512.748    696.307    -0.059
-513.022    696.589    -0.059
-513.305    696.882    -0.059
-513.578    697.164    -0.059
-513.857    697.451    -0.059
-514.140    697.744    -0.059
-514.415    698.026    -0.059
-514.698    698.318    -0.059
-514.973    698.600    -0.059
-515.256    698.892    -0.059
-515.530    699.173    -0.059
-515.815    699.464    -0.059
-516.093    699.750    -0.059
-516.375    700.037    -0.059
-516.649    700.318    -0.059
-516.934    700.609    -0.060
-517.208    700.890    -0.060
-517.465    701.153    -0.060
-517.729    701.424    -0.060
-518.010    701.710    -0.060
-518.286    701.992    -0.060
-518.570    702.281    -0.060
-518.850    702.568    -0.060
-519.126    702.849    -0.060
-519.410    703.139    -0.060
-519.690    703.425    -0.060
-519.967    703.706    -0.060
-520.249    703.997    -0.060
-520.531    704.282    -0.060
-520.809    704.561    -0.060
-521.099    704.846    -0.060
-521.385    705.126    -0.060
-521.661    705.398    -0.060
-521.955    705.688    -0.061
-522.240    705.969    -0.061
-522.540    706.264    -0.061
-522.839    706.558    -0.061
-523.120    706.834    -0.061
-523.405    707.115    -0.061
-523.692    707.393    -0.061
-523.982    707.669    -0.061
-524.275    707.952    -0.061
-524.555    708.219    -0.061
-524.848    708.501    -0.061
-525.140    708.784    -0.061
-525.415    709.046    -0.061
-525.651    709.271    -0.061
-525.939    709.548    -0.061
-526.233    709.831    -0.061
-526.516    710.103    -0.061
-526.807    710.379    -0.061
-527.102    710.660    -0.061
-527.386    710.930    -0.062
-527.677    711.206    -0.062
-527.971    711.487    -0.062
-528.222    711.724    -0.062
-528.517    712.005    -0.062
-528.798    712.271    -0.062
-529.098    712.556    -0.062
-529.384    712.828    -0.062
-529.672    713.103    -0.062
-529.970    713.380    -0.062
-530.258    713.650    -0.062
-530.555    713.927    -0.062
-530.863    714.214    -0.062
-531.169    714.502    -0.062
-531.456    714.770    -0.062
-531.753    715.048    -0.062
-532.041    715.316    -0.062
-532.339    715.595    -0.062
-532.631    715.867    -0.063
-532.918    716.136    -0.063
-533.215    716.414    -0.063
-533.509    716.686    -0.063
-533.759    716.916    -0.063
-534.048    717.181    -0.063
-534.338    717.448    -0.063
-534.631    717.720    -0.063
-534.925    717.990    -0.063
-535.220    718.261    -0.063
-535.515    718.532    -0.063
-535.808    718.805    -0.063
-536.103    719.075    -0.063
-536.404    719.348    -0.063
-536.675    719.594    -0.063
-536.972    719.862    -0.063
-537.259    720.121    -0.063
-537.565    720.399    -0.063
-537.856    720.663    -0.064
-538.149    720.927    -0.064
-538.456    721.205    -0.064
-538.743    721.464    -0.064
-539.049    721.741    -0.064
-539.341    722.006    -0.064
-539.637    722.274    -0.064
-539.935    722.542    -0.064
-540.236    722.815    -0.064
-540.522    723.074    -0.064
-540.820    723.343    -0.064
-541.064    723.566    -0.064
-541.366    723.838    -0.064
-541.658    724.102    -0.064
-541.956    724.371    -0.064
-542.257    724.643    -0.064
-542.553    724.902    -0.064
-542.854    725.165    -0.064
-543.160    725.435    -0.064
-543.456    725.693    -0.065
-543.758    725.956    -0.065
-544.064    726.224    -0.065
-544.360    726.484    -0.065
-544.661    726.748    -0.065
-544.967    727.015    -0.065
-545.263    727.274    -0.065
-545.569    727.543    -0.065
-545.867    727.799    -0.065
-546.172    728.059    -0.065
-546.480    728.324    -0.065
-546.779    728.580    -0.065
-547.084    728.841    -0.065
-547.392    729.105    -0.065
-547.691    729.361    -0.065
-547.995    729.621    -0.065
-548.304    729.886    -0.065
-548.603    730.141    -0.065
-548.902    730.396    -0.066
-548.965    730.451    -0.066
-549.270    730.711    -0.066
-549.579    730.975    -0.066
-549.878    731.230    -0.066
-550.182    731.490    -0.066
-550.487    731.750    -0.066
-550.795    732.015    -0.066
-551.094    732.270    -0.066
-551.355    732.495    -0.066
-551.655    732.750    -0.066
-551.967    733.012    -0.066
-552.264    733.259    -0.066
-552.577    733.520    -0.066
-552.890    733.779    -0.066
-553.193    734.030    -0.066
-553.495    734.281    -0.066
-553.798    734.533    -0.066
-554.084    734.770    -0.067
-554.393    735.025    -0.067
-554.703    735.278    -0.067
-555.009    735.526    -0.067
-555.320    735.778    -0.067
-555.636    736.034    -0.067
-555.946    736.286    -0.067
-556.257    736.538    -0.067
-556.569    736.791    -0.067
-556.879    737.042    -0.067
-557.190    737.294    -0.067
-557.489    737.537    -0.067
-557.811    737.798    -0.067
-558.122    738.051    -0.067
-558.432    738.303    -0.067
-558.743    738.555    -0.067
-559.054    738.807    -0.067
-559.359    739.053    -0.067
-559.670    739.307    -0.068
-559.987    739.563    -0.068
-560.269    739.793    -0.068
-560.560    740.028    -0.068
-560.870    740.280    -0.068
-561.185    740.526    -0.068
-561.500    740.774    -0.068
-561.819    741.026    -0.068
-562.129    741.268    -0.068
-562.444    741.517    -0.068
-562.758    741.764    -0.068
-563.072    742.011    -0.068
-563.386    742.258    -0.068
-563.701    742.505    -0.068
-564.022    742.758    -0.068
-564.331    743.001    -0.068
-564.646    743.248    -0.068
-564.965    743.498    -0.068
-565.274    743.742    -0.069
-565.589    743.988    -0.069
-565.903    744.236    -0.069
-566.218    744.484    -0.069
-566.539    744.736    -0.069
-566.836    744.970    -0.069
-567.146    745.212    -0.069
-567.454    745.456    -0.069
-567.775    745.706    -0.069
-568.086    745.947    -0.069
-568.407    746.196    -0.069
-568.724    746.442    -0.069
-569.035    746.684    -0.069
-569.356    746.934    -0.069
-569.668    747.174    -0.069
-569.988    747.424    -0.069
-570.282    747.651    -0.069
-570.560    747.867    -0.069
-570.882    748.117    -0.070
-571.201    748.359    -0.070
-571.516    748.594    -0.070
-571.847    748.842    -0.070
-572.156    749.074    -0.070
-572.482    749.319    -0.070
-572.803    749.559    -0.070
-573.122    749.798    -0.070
-573.431    750.029    -0.070
-573.736    750.256    -0.070
-574.068    750.504    -0.070
-574.383    750.739    -0.070
-574.706    750.977    -0.070
-575.027    751.214    -0.070
-575.349    751.452    -0.070
-575.670    751.689    -0.070
-575.998    751.932    -0.070
-576.315    752.164    -0.071
-576.636    752.403    -0.071
-576.925    752.616    -0.071
-577.247    752.853    -0.071
-577.563    753.086    -0.071
-577.893    753.325    -0.071
-578.219    753.558    -0.071
-578.543    753.792    -0.071
-578.868    754.027    -0.071
-579.192    754.261    -0.071
-579.517    754.494    -0.071
-579.830    754.721    -0.071
-580.166    754.963    -0.071
-580.473    755.184    -0.071
-580.787    755.409    -0.071
-581.119    755.649    -0.071
-581.449    755.884    -0.071
-581.765    756.108    -0.071
-582.096    756.344    -0.072
-582.417    756.571    -0.072
-582.754    756.810    -0.072
-583.069    757.033    -0.072
-583.395    757.265    -0.072
-583.728    757.501    -0.072
-584.036    757.722    -0.072
-584.335    757.934    -0.072
-584.665    758.168    -0.072
-584.994    758.399    -0.072
-585.317    758.623    -0.072
-585.647    758.850    -0.072
-585.987    759.085    -0.072
-586.305    759.305    -0.072
-586.640    759.536    -0.072
-586.968    759.764    -0.072
-587.298    759.993    -0.072
-587.616    760.211    -0.072
-587.950    760.443    -0.073
-588.280    760.670    -0.073
-588.609    760.897    -0.073
-588.939    761.124    -0.073
-589.268    761.351    -0.073
-589.598    761.578    -0.073
-589.927    761.805    -0.073
-590.257    762.032    -0.073
-590.586    762.260    -0.073
-590.887    762.467    -0.073
-591.200    762.681    -0.073
-591.525    762.905    -0.073
-591.859    763.135    -0.073
-592.187    763.364    -0.073
-592.511    763.589    -0.073
-592.845    763.820    -0.073
-593.168    764.046    -0.073
-593.502    764.278    -0.074
-593.826    764.504    -0.074
-594.171    764.743    -0.074
-594.516    764.982    -0.074
-594.851    765.214    -0.074
-595.173    765.438    -0.074
-595.508    765.670    -0.074
-595.830    765.894    -0.074
-596.166    766.127    -0.074
-596.483    766.347    -0.074
-596.824    766.584    -0.074
-597.146    766.807    -0.074
-597.468    767.032    -0.074
-597.770    767.242    -0.074
-598.106    767.470    -0.074
-598.436    767.685    -0.074
-598.778    767.906    -0.074
-599.113    768.123    -0.075
-599.444    768.338    -0.075
-599.784    768.559    -0.075
-600.116    768.774    -0.075
-600.456    768.995    -0.075
-600.786    769.209    -0.075
-601.127    769.431    -0.075
-601.458    769.645    -0.075
-601.793    769.861    -0.075
-602.112    770.069    -0.075
-602.448    770.287    -0.075
-602.784    770.505    -0.075
-603.062    770.686    -0.075
-603.403    770.906    -0.075
-603.733    771.121    -0.075
-604.070    771.339    -0.075
-604.409    771.560    -0.075
-604.741    771.774    -0.075
-605.078    771.990    -0.076
-605.419    772.209    -0.076
-605.745    772.416    -0.076
-606.089    772.636    -0.076
-606.427    772.851    -0.076
-606.768    773.070    -0.076
-607.101    773.282    -0.076
-607.438    773.498    -0.076
-607.775    773.713    -0.076
-608.111    773.929    -0.076
-608.451    774.142    -0.076
-608.793    774.349    -0.076
-609.140    774.560    -0.076
-609.477    774.765    -0.076
-609.773    774.944    -0.076
-610.097    775.140    -0.076
-610.438    775.348    -0.076
-610.788    775.560    -0.077
-611.127    775.766    -0.077
-611.471    775.975    -0.077
-611.807    776.179    -0.077
-612.154    776.391    -0.077
-612.491    776.595    -0.077
-612.832    776.803    -0.077
-613.186    777.017    -0.077
-613.517    777.218    -0.077
-613.858    777.425    -0.077
-614.200    777.633    -0.077
-614.549    777.845    -0.077
-614.885    778.049    -0.077
-615.227    778.256    -0.077
-615.576    778.468    -0.077
-615.913    778.670    -0.077
-616.261    778.877    -0.077
-616.600    779.077    -0.078
-616.922    779.267    -0.078
-617.242    779.457    -0.078
-617.596    779.667    -0.078
-617.937    779.869    -0.078
-618.274    780.069    -0.078
-618.629    780.280    -0.078
-618.970    780.481    -0.078
-619.308    780.679    -0.078
-619.666    780.888    -0.078
-620.006    781.086    -0.078
-620.345    781.284    -0.078
-620.703    781.492    -0.078
-621.043    781.691    -0.078
-621.382    781.889    -0.078
-621.739    782.097    -0.078
-622.080    782.296    -0.078
-622.419    782.494    -0.078
-622.772    782.698    -0.079
-623.117    782.896    -0.079
-623.465    783.097    -0.079
-623.807    783.292    -0.079
-624.124    783.473    -0.079
-624.452    783.662    -0.079
-624.812    783.868    -0.079
-625.146    784.059    -0.079
-625.500    784.264    -0.079
-625.852    784.466    -0.079
-626.188    784.658    -0.079
-626.544    784.858    -0.079
-626.891    785.053    -0.079
-627.240    785.251    -0.079
-627.583    785.443    -0.079
-627.931    785.640    -0.079
-628.291    785.842    -0.079
-628.629    786.031    -0.080
-628.984    786.232    -0.080
-629.326    786.424    -0.080
-629.687    786.627    -0.080
-630.024    786.814    -0.080
-630.374    787.009    -0.080
-630.724    787.204    -0.080
-631.017    787.366    -0.080
-631.367    787.561    -0.080
-631.712    787.753    -0.080
-632.074    787.954    -0.080
-632.417    788.144    -0.080
-632.762    788.337    -0.080
-633.116    788.533    -0.080
-633.462    788.725    -0.080
-633.820    788.915    -0.080
-634.165    789.100    -0.080
-634.520    789.290    -0.081
-634.879    789.481    -0.081
-635.231    789.669    -0.081
-635.579    789.856    -0.081
-635.937    790.047    -0.081
-636.286    790.233    -0.081
-636.643    790.423    -0.081
-636.991    790.609    -0.081
-637.350    790.800    -0.081
-637.703    790.988    -0.081
-638.045    791.169    -0.081
-638.398    791.356    -0.081
-638.714    791.523    -0.081
-639.056    791.704    -0.081
-639.414    791.894    -0.081
-639.763    792.079    -0.081
-640.117    792.267    -0.081
-640.475    792.457    -0.082
-640.824    792.642    -0.082
-641.182    792.830    -0.082
-641.533    793.012    -0.082
-641.888    793.197    -0.082
-642.248    793.383    -0.082
-642.598    793.565    -0.082
-642.958    793.752    -0.082
-643.301    793.930    -0.082
-643.663    794.119    -0.082
-644.022    794.305    -0.082
-644.374    794.488    -0.082
-644.729    794.672    -0.082
-645.089    794.857    -0.082
-645.442    795.035    -0.082
-645.792    795.212    -0.082
-646.130    795.383    -0.082
-646.448    795.543    -0.083
-646.812    795.728    -0.083
-647.170    795.909    -0.083
-647.528    796.089    -0.083
-647.889    796.272    -0.083
-648.234    796.445    -0.083
-648.598    796.630    -0.083
-648.957    796.807    -0.083
-649.316    796.985    -0.083
-649.679    797.165    -0.083
-650.025    797.336    -0.083
-650.391    797.518    -0.083
-650.750    797.696    -0.083
-651.110    797.873    -0.083
-651.472    798.052    -0.083
-651.818    798.224    -0.083
-652.184    798.406    -0.083
-652.543    798.583    -0.084
-652.904    798.759    -0.084
-653.256    798.930    -0.084
-653.627    799.110    -0.084
-653.944    799.264    -0.084
-654.304    799.439    -0.084
-654.657    799.610    -0.084
-655.016    799.784    -0.084
-655.376    799.959    -0.084
-655.743    800.137    -0.084
-656.096    800.308    -0.084
-656.453    800.479    -0.084
-656.820    800.652    -0.084
-657.182    800.820    -0.084
-657.545    800.990    -0.084
-657.914    801.163    -0.084
-658.270    801.329    -0.084
-658.632    801.498    -0.084
-658.991    801.666    -0.085
-659.357    801.838    -0.085
-659.719    802.008    -0.085
-660.081    802.177    -0.085
-660.445    802.346    -0.085
-660.807    802.515    -0.085
-661.177    802.688    -0.085
-661.528    802.851    -0.085
-661.856    803.004    -0.085
-662.169    803.151    -0.085
-662.540    803.324    -0.085
-662.895    803.489    -0.085
-663.262    803.659    -0.085
-663.629    803.831    -0.085
-663.983    803.997    -0.085
-664.355    804.167    -0.085
-664.711    804.327    -0.085
-665.080    804.494    -0.086
-665.449    804.661    -0.086
-665.806    804.822    -0.086
-666.178    804.989    -0.086
-666.536    805.150    -0.086
-666.908    805.317    -0.086
-667.260    805.477    -0.086
-667.637    805.647    -0.086
-667.994    805.807    -0.086
-668.364    805.973    -0.086
-668.726    806.135    -0.086
-669.091    806.297    -0.086
-669.415    806.442    -0.086
-669.777    806.603    -0.086
-670.134    806.763    -0.086
-670.503    806.929    -0.086
-670.873    807.094    -0.086
-671.234    807.256    -0.087
-671.596    807.417    -0.087
-671.962    807.578    -0.087
-672.342    807.742    -0.087
-672.696    807.895    -0.087
-673.067    808.056    -0.087
-673.431    808.213    -0.087
-673.806    808.375    -0.087
-674.170    808.531    -0.087
-674.533    808.689    -0.087
-674.901    808.848    -0.087
-675.280    809.012    -0.087
-675.636    809.166    -0.087
-676.007    809.323    -0.087
-676.372    809.477    -0.087
-676.748    809.637    -0.087
-677.072    809.774    -0.087
-677.408    809.916    -0.088
-677.776    810.073    -0.088
-678.149    810.230    -0.088
-678.513    810.385    -0.088
-678.881    810.542    -0.088
-679.253    810.698    -0.088
-679.620    810.850    -0.088
-679.990    811.002    -0.088
-680.361    811.154    -0.088
-680.735    811.307    -0.088
-681.100    811.457    -0.088
-681.471    811.609    -0.088
-681.853    811.766    -0.088
-682.211    811.913    -0.088
-682.582    812.065    -0.088
-682.944    812.212    -0.088
-683.322    812.368    -0.088
-683.696    812.522    -0.089
-684.061    812.673    -0.089
-684.432    812.825    -0.089
-684.781    812.968    -0.089
-685.127    813.111    -0.089
-685.493    813.261    -0.089
-685.871    813.416    -0.089
-686.238    813.567    -0.089
-686.612    813.721    -0.089
-686.974    813.870    -0.089
-687.348    814.021    -0.089
-687.726    814.168    -0.089
-688.094    814.311    -0.089
-688.472    814.458    -0.089
-688.837    814.600    -0.089
-689.213    814.745    -0.089
-689.591    814.892    -0.089
-689.956    815.034    -0.090
-690.341    815.184    -0.090
-690.701    815.325    -0.090
-691.075    815.469    -0.090
-691.448    815.614    -0.090
-691.834    815.762    -0.090
-692.194    815.901    -0.090
-692.540    816.032    -0.090
-692.875    816.161    -0.090
-693.245    816.302    -0.090
-693.631    816.450    -0.090
-693.992    816.589    -0.090
-694.378    816.737    -0.090
-694.743    816.877    -0.090
-695.122    817.021    -0.090
-695.492    817.160    -0.090
-695.871    817.303    -0.090
-696.241    817.442    -0.091
-696.625    817.585    -0.091
-696.986    817.720    -0.091
-697.374    817.866    -0.091
-697.740    818.002    -0.091
-698.111    818.142    -0.091
-698.498    818.286    -0.091
-698.860    818.422    -0.091
-699.239    818.564    -0.091
-699.619    818.705    -0.091
-699.990    818.841    -0.091
-700.365    818.979    -0.091
-700.707    819.105    -0.091
-701.062    819.236    -0.091
-701.442    819.375    -0.091
-701.805    819.509    -0.091
-702.189    819.650    -0.091
-702.560    819.786    -0.092
-702.940    819.926    -0.092
-703.319    820.067    -0.092
-703.682    820.198    -0.092
-704.068    820.336    -0.092
-704.439    820.470    -0.092
-704.812    820.605    -0.092
-705.200    820.744    -0.092
-705.564    820.876    -0.092
-705.949    821.015    -0.092
-706.321    821.149    -0.092
-706.702    821.287    -0.092
-707.070    821.419    -0.092
-707.459    821.559    -0.092
-707.825    821.686    -0.092
-708.213    821.819    -0.092
-708.586    821.947    -0.092
-708.889    822.052    -0.093
-709.262    822.179    -0.093
-709.637    822.309    -0.093
-710.028    822.443    -0.093
-710.393    822.570    -0.093
-710.775    822.701    -0.093
-711.149    822.830    -0.093
-711.533    822.957    -0.093
-711.909    823.080    -0.093
-712.291    823.203    -0.093
-712.684    823.331    -0.093
-713.052    823.451    -0.093
-713.433    823.576    -0.093
-713.816    823.700    -0.093
-714.194    823.824    -0.093
-714.577    823.948    -0.093
-714.954    824.071    -0.093
-715.334    824.195    -0.093
-715.719    824.321    -0.094
-716.095    824.443    -0.094
-716.480    824.567    -0.094
-716.858    824.687    -0.094
-717.240    824.807    -0.094
-717.573    824.912    -0.094
-717.954    825.033    -0.094
-718.333    825.152    -0.094
-718.718    825.275    -0.094
-719.090    825.392    -0.094
-719.477    825.515    -0.094
-719.862    825.637    -0.094
-720.244    825.757    -0.094
-720.621    825.877    -0.094
-721.007    825.998    -0.094
-721.388    826.118    -0.094
-721.767    826.237    -0.094
-722.143    826.356    -0.095
-722.533    826.478    -0.095
-722.912    826.598    -0.095
-723.297    826.719    -0.095
-723.678    826.839    -0.095
-724.056    826.957    -0.095
-724.442    827.079    -0.095
-724.814    827.196    -0.095
-725.202    827.317    -0.095
-725.587    827.438    -0.095
-725.969    827.559    -0.095
-726.348    827.677    -0.095
-726.732    827.797    -0.095
-727.116    827.912    -0.095
-727.478    828.021    -0.095
-727.808    828.120    -0.095
-728.205    828.239    -0.095
-728.578    828.351    -0.096
-728.958    828.465    -0.096
-729.353    828.585    -0.096
-729.724    828.697    -0.096
-730.111    828.812    -0.096
-730.503    828.931    -0.096
-730.875    829.039    -0.096
-731.261    829.152    -0.096
-731.642    829.264    -0.096
-732.039    829.381    -0.096
-732.411    829.490    -0.096
-732.798    829.603    -0.096
-733.179    829.715    -0.096
-733.565    829.829    -0.096
-733.958    829.945    -0.096
-734.329    830.056    -0.096
-734.716    830.172    -0.096
-735.096    830.285    -0.097
-735.471    830.397    -0.097
-735.825    830.504    -0.097
-736.215    830.621    -0.097
-736.589    830.733    -0.097
-736.976    830.849    -0.097
-737.356    830.963    -0.097
-737.743    831.079    -0.097
-738.121    831.192    -0.097
-738.515    831.310    -0.097
-738.893    831.419    -0.097
-739.274    831.530    -0.097
-739.659    831.640    -0.097
-740.044    831.751    -0.097
-740.431    831.863    -0.097
-740.812    831.972    -0.097
-741.197    832.084    -0.097
-741.585    832.196    -0.098
-741.966    832.306    -0.098
-742.350    832.417    -0.098
-742.737    832.529    -0.098
-743.118    832.639    -0.098
-743.504    832.750    -0.098
-743.879    832.858    -0.098
-744.273    832.972    -0.098
-744.660    833.084    -0.098
-745.031    833.191    -0.098
-745.425    833.305    -0.098
-745.810    833.417    -0.098
-746.186    833.524    -0.098
-746.583    833.639    -0.098
-746.962    833.750    -0.098
-747.338    833.857    -0.098
-747.733    833.971    -0.098
-748.117    834.083    -0.099
-748.495    834.192    -0.099
-748.884    834.304    -0.099
-749.270    834.416    -0.099
-749.645    834.524    -0.099
-750.039    834.638    -0.099
-750.414    834.746    -0.099
-750.811    834.862    -0.099
-751.182    834.969    -0.099
-751.575    835.083    -0.099
-751.960    835.194    -0.099
-752.348    835.307    -0.099
-752.739    835.419    -0.099
-753.113    835.528    -0.099
-753.501    835.640    -0.099
-753.892    835.752    -0.099
-754.270    835.862    -0.100
-754.652    835.972    -0.100
-755.036    836.084    -0.100
-755.432    836.198    -0.100
-755.804    836.306    -0.100
-756.189    836.417    -0.100
-756.576    836.529    -0.100
-756.958    836.639    -0.100
-757.351    836.753    -0.100
-757.730    836.862    -0.100
-758.111    836.972    -0.100
-758.496    837.084    -0.100
-758.883    837.196    -0.100
-759.274    837.309    -0.100
-759.648    837.417    -0.100
-760.045    837.533    -0.100
-760.430    837.643    -0.100
-760.820    837.756    -0.101
-761.199    837.866    -0.101
-761.583    837.976    -0.101
-761.976    838.090    -0.101
-762.347    838.198    -0.101
-762.745    838.313    -0.101
-763.121    838.421    -0.101
-763.502    838.532    -0.101
-763.899    838.646    -0.101
-764.274    838.754    -0.101
-764.658    838.865    -0.101
-765.048    838.978    -0.101
-765.427    839.088    -0.101
-765.821    839.201    -0.101
-766.192    839.309    -0.101
-766.580    839.421    -0.101
-766.964    839.532    -0.101
-767.355    839.645    -0.102
-767.734    839.755    -0.102
-768.106    839.863    -0.102
-768.492    839.974    -0.102
-768.883    840.087    -0.102
-769.258    840.196    -0.102
-769.646    840.307    -0.102
-770.037    840.421    -0.102
-770.415    840.530    -0.102
-770.795    840.640    -0.102
-771.190    840.754    -0.102
-771.568    840.863    -0.102
-771.950    840.973    -0.102
-772.346    841.086    -0.102
-772.719    841.194    -0.102
-773.102    841.306    -0.102
-773.500    841.420    -0.103
-773.872    841.527    -0.103
-774.257    841.638    -0.103
-774.644    841.751    -0.103
-775.025    841.860    -0.103
-775.410    841.971    -0.103
-775.807    842.086    -0.103
-776.179    842.193    -0.103
-776.566    842.306    -0.103
-776.947    842.416    -0.103
-777.331    842.527    -0.103
-777.729    842.641    -0.103
-778.100    842.748    -0.103
-778.486    842.860    -0.103
-778.873    842.971    -0.103
-779.254    843.081    -0.103
-779.638    843.192    -0.104
-780.026    843.304    -0.104
-780.407    843.414    -0.104
-780.792    843.525    -0.104
-781.176    843.636    -0.104
-781.564    843.747    -0.104
-781.945    843.858    -0.104
-782.330    843.969    -0.104
-782.717    844.080    -0.104
-783.099    844.190    -0.104
-783.483    844.301    -0.104
-783.880    844.415    -0.104
-784.252    844.523    -0.104
-784.649    844.638    -0.104
-785.031    844.748    -0.104
-785.405    844.856    -0.104
-785.802    844.971    -0.105
-786.174    845.078    -0.105
-786.572    845.191    -0.105
-786.953    845.302    -0.105
-787.331    845.412    -0.105
-787.721    845.526    -0.105
-788.099    845.635    -0.105
-788.490    845.749    -0.105
-788.877    845.862    -0.105
-789.249    845.969    -0.105
-789.646    846.084    -0.105
-790.017    846.192    -0.105
-790.411    846.307    -0.105
-790.790    846.416    -0.105
-791.170    846.527    -0.105
-791.568    846.642    -0.105
-791.947    846.752    -0.106
-792.326    846.863    -0.106
-792.717    846.977    -0.106
-793.103    847.088    -0.106
-793.486    847.200    -0.106
-793.864    847.310    -0.106
-794.253    847.423    -0.106
-794.641    847.535    -0.106
-795.023    847.645    -0.106
-795.410    847.758    -0.106
-795.794    847.868    -0.106
-796.167    847.976    -0.106
-796.563    848.091    -0.106
-796.944    848.202    -0.106
-797.332    848.313    -0.106
-797.704    848.421    -0.106
-798.101    848.536    -0.107
-798.472    848.643    -0.107
-798.866    848.757    -0.107
-799.254    848.869    -0.107
-799.627    848.977    -0.107
-800.023    849.091    -0.107
-800.407    849.203    -0.107
-800.788    849.314    -0.107
-801.166    849.422    -0.107
-801.557    849.536    -0.107
-801.945    849.647    -0.107
-802.326    849.757    -0.107
-802.704    849.867    -0.107
-803.094    849.980    -0.107
-803.482    850.093    -0.107
-803.863    850.201    -0.107
-804.242    850.312    -0.108
-804.633    850.425    -0.108
-805.019    850.536    -0.108
-805.401    850.648    -0.108
-805.789    850.760    -0.108
-806.160    850.868    -0.108
-806.557    850.982    -0.108
-806.930    851.090    -0.108
-807.325    851.205    -0.108
-807.698    851.312    -0.108
-808.082    851.424    -0.108
-808.479    851.539    -0.108
-808.851    851.647    -0.108
-809.235    851.757    -0.108
-809.631    851.872    -0.108
-810.004    851.980    -0.108
-810.391    852.092    -0.109
-810.782    852.205    -0.109
-811.158    852.314    -0.109
-811.545    852.425    -0.109
-811.935    852.538    -0.109
-812.313    852.648    -0.109
-812.695    852.758    -0.109
-813.080    852.868    -0.109
-813.476    852.983    -0.109
-813.848    853.091    -0.109
-814.232    853.202    -0.109
-814.620    853.314    -0.109
-815.010    853.427    -0.109
-815.389    853.537    -0.109
-815.779    853.650    -0.109
-816.166    853.761    -0.109
-816.539    853.870    -0.110
-816.936    853.983    -0.110
-817.316    854.095    -0.110
-817.696    854.204    -0.110
-818.085    854.317    -0.110
-818.460    854.426    -0.110
-818.857    854.543    -0.110
-819.228    854.651    -0.110
-819.625    854.767    -0.110
-820.007    854.879    -0.110
-820.384    854.989    -0.110
-820.774    855.103    -0.110
-821.152    855.214    -0.110
-821.542    855.328    -0.110
-821.920    855.439    -0.110
-822.311    855.552    -0.111
-822.698    855.663    -0.111
-823.070    855.771    -0.111
-823.467    855.885    -0.111
-823.848    855.995    -0.111
-824.236    856.108    -0.111
-824.616    856.216    -0.111
-825.005    856.328    -0.111
-825.377    856.436    -0.111
-825.774    856.550    -0.111
-826.156    856.660    -0.111
-826.544    856.772    -0.111
-826.924    856.883    -0.111
-827.302    856.991    -0.111
-827.693    857.104    -0.111
-828.081    857.216    -0.111
-828.453    857.323    -0.112
-828.849    857.438    -0.112
-829.234    857.548    -0.112
-829.615    857.658    -0.112
-830.003    857.770    -0.112
-830.375    857.877    -0.112
-830.773    857.991    -0.112
-831.153    858.100    -0.112
-831.532    858.209    -0.112
-831.923    858.322    -0.112
-832.299    858.430    -0.112
-832.695    858.543    -0.112
-833.076    858.654    -0.112
-833.455    858.762    -0.112
-833.845    858.873    -0.112
-834.225    858.983    -0.113
-834.615    859.096    -0.113
-834.994    859.205    -0.113
-835.384    859.316    -0.113
-835.762    859.425    -0.113
-836.153    859.538    -0.113
-836.529    859.645    -0.113
-836.926    859.760    -0.113
-837.297    859.867    -0.113
-837.695    859.980    -0.113
-838.067    860.087    -0.113
-838.454    860.200    -0.113
-838.845    860.313    -0.113
-839.220    860.420    -0.113
-839.617    860.535    -0.113
-839.989    860.643    -0.114
-840.377    860.754    -0.114
-840.766    860.867    -0.114
-841.143    860.976    -0.114
-841.529    861.088    -0.114
-841.920    861.201    -0.114
-842.296    861.309    -0.114
-842.684    861.421    -0.114
-843.074    861.534    -0.114
-843.452    861.643    -0.114
-843.833    861.753    -0.114
-844.227    861.867    -0.114
-844.606    861.976    -0.114
-844.986    862.087    -0.114
-845.374    862.199    -0.114
-845.765    862.312    -0.114
-846.139    862.420    -0.115
-846.527    862.533    -0.115
-846.917    862.646    -0.115
-847.295    862.756    -0.115
-847.686    862.870    -0.115
-848.074    862.983    -0.115
-848.444    863.090    -0.115
-848.842    863.206    -0.115
-849.223    863.317    -0.115
-849.610    863.429    -0.115
-849.982    863.538    -0.115
-850.377    863.653    -0.115
-850.759    863.764    -0.115
-851.147    863.877    -0.115
-851.518    863.985    -0.115
-851.916    864.101    -0.116
-852.297    864.211    -0.116
-852.683    864.324    -0.116
-853.055    864.433    -0.116
-853.452    864.548    -0.116
-853.823    864.656    -0.116
-854.221    864.772    -0.116
-854.592    864.880    -0.116
-854.985    864.995    -0.116
-855.364    865.105    -0.116
-855.744    865.216    -0.116
-856.129    865.328    -0.116
-856.517    865.441    -0.116
-856.896    865.552    -0.116
-857.282    865.664    -0.116
-857.668    865.776    -0.117
-858.049    865.887    -0.117
-858.435    865.999    -0.117
-858.821    866.112    -0.117
-859.202    866.223    -0.117
-859.595    866.337    -0.117
-859.971    866.447    -0.117
-860.358    866.560    -0.117
-860.740    866.671    -0.117
-861.124    866.783    -0.117
-861.501    866.893    -0.117
-861.891    867.007    -0.117
-862.276    867.119    -0.117
-862.660    867.232    -0.117
-863.057    867.346    -0.117
-863.428    867.455    -0.118
-863.824    867.571    -0.118
-864.196    867.679    -0.118
-864.593    867.795    -0.118
-864.972    867.912    -0.118
-865.348    868.028    -0.118
-865.737    868.150    -0.118
-866.112    868.267    -0.118
-866.499    868.389    -0.118
-866.874    868.505    -0.118
-867.267    868.628    -0.118
-867.638    868.744    -0.118
-868.032    868.867    -0.118
-868.402    868.982    -0.118
-868.796    869.106    -0.119
-869.174    869.225    -0.119
-869.550    869.341    -0.119
-869.929    869.460    -0.119
-870.321    869.582    -0.119
-870.716    869.702    -0.119
-871.091    869.812    -0.119
-871.483    869.928    -0.119
-871.866    870.040    -0.119
-872.251    870.153    -0.119
-872.634    870.265    -0.119
-873.016    870.377    -0.119
-873.404    870.490    -0.119
-873.788    870.603    -0.119
-874.171    870.716    -0.119
-874.546    870.826    -0.120
-874.938    870.940    -0.120
-875.320    871.053    -0.120
-875.708    871.166    -0.120
-876.092    871.278    -0.120
-876.475    871.391    -0.120
-876.850    871.501    -0.120
-877.242    871.616    -0.120
-877.624    871.728    -0.120
-878.012    871.841    -0.120
-878.408    871.957    -0.120
-878.816    872.081    -0.120
-879.190    872.195    -0.120
-879.578    872.313    -0.120
-879.957    872.427    -0.120
-880.339    872.543    -0.121
-880.731    872.662    -0.121
-881.106    872.776    -0.121
-881.487    872.891    -0.121
-881.879    873.010    -0.121
-882.253    873.124    -0.121
-882.637    873.239    -0.121
-883.028    873.358    -0.121
-883.400    873.471    -0.121
-883.786    873.588    -0.121
-884.178    873.706    -0.121
-884.551    873.820    -0.121
-884.934    873.936    -0.121
-885.327    874.054    -0.121
-885.700    874.168    -0.122
-886.101    874.289    -0.122
-886.525    874.424    -0.122
-886.906    874.545    -0.122
-887.282    874.666    -0.122
-887.668    874.789    -0.122
-888.049    874.910    -0.122
-888.426    875.031    -0.122
-888.812    875.155    -0.122
-889.192    875.275    -0.122
-889.573    875.399    -0.122
-889.942    875.518    -0.122
-890.335    875.646    -0.122
-890.711    875.767    -0.122
-891.096    875.892    -0.123
-891.476    876.016    -0.123
-891.854    876.137    -0.123
-892.239    876.262    -0.123
-892.619    876.385    -0.123
-892.999    876.508    -0.123
-893.377    876.630    -0.123
-893.761    876.754    -0.123
-894.151    876.880    -0.123
-894.581    877.019    -0.123
-894.949    877.139    -0.123
-895.342    877.266    -0.123
-895.723    877.389    -0.123
-896.100    877.511    -0.123
-896.485    877.636    -0.124
-896.865    877.759    -0.124
-897.233    877.881    -0.124
-897.625    878.012    -0.124
-898.004    878.139    -0.124
-898.380    878.265    -0.124
-898.763    878.392    -0.124
-899.142    878.520    -0.124
-899.517    878.648    -0.124
-899.898    878.784    -0.124
-900.266    878.915    -0.124
-900.648    879.052    -0.124
-901.029    879.187    -0.124
-901.405    879.322    -0.124
-901.780    879.453    -0.125
-902.181    879.594    -0.125
-902.625    879.749    -0.125
-903.002    879.882    -0.125
-903.389    880.017    -0.125
-903.758    880.146    -0.125
-904.144    880.282    -0.125
-904.512    880.413    -0.125
-904.890    880.548    -0.125
-905.266    880.684    -0.125
-905.651    880.822    -0.125
-906.019    880.954    -0.125
-906.396    881.090    -0.125
-906.779    881.231    -0.125
-907.146    881.371    -0.126
-907.519    881.513    -0.126
-907.905    881.661    -0.126
-908.266    881.799    -0.126
-908.640    881.942    -0.126
-909.022    882.087    -0.126
-909.388    882.226    -0.126
-909.762    882.367    -0.126
-910.230    882.544    -0.126
-910.629    882.695    -0.126
-911.003    882.836    -0.126
-911.374    882.976    -0.126
-911.759    883.125    -0.126
-912.122    883.272    -0.127
-912.492    883.423    -0.127
-912.858    883.572    -0.127
-913.242    883.726    -0.127
-913.604    883.874    -0.127
-913.971    884.023    -0.127
-914.347    884.175    -0.127
-914.717    884.326    -0.127
-915.084    884.475    -0.127
-915.467    884.630    -0.127
-915.826    884.785    -0.127
-916.190    884.941    -0.127
-916.562    885.102    -0.127
-916.926    885.258    -0.127
-917.297    885.418    -0.128
-917.700    885.591    -0.128
-918.154    885.785    -0.128
-918.525    885.946    -0.128
-918.889    886.102    -0.128
-919.256    886.261    -0.128
-919.623    886.421    -0.128
-919.985    886.591    -0.128
-920.348    886.760    -0.128
-920.715    886.931    -0.128
-921.073    887.099    -0.128
-921.435    887.269    -0.128
-921.798    887.439    -0.128
-922.161    887.606    -0.129
-922.530    887.763    -0.129
-922.891    887.916    -0.129
-923.270    888.077    -0.129
-923.634    888.233    -0.129
-924.002    888.390    -0.129
-924.370    888.547    -0.129
-924.736    888.711    -0.129
-925.129    888.894    -0.129
-925.564    889.097    -0.129
-925.938    889.272    -0.129
-926.288    889.436    -0.129
-926.651    889.606    -0.129
-927.015    889.782    -0.130
-927.373    889.954    -0.130
-927.733    890.128    -0.130
-928.097    890.304    -0.130
-928.453    890.476    -0.130
-928.813    890.649    -0.130
-929.179    890.825    -0.130
-929.542    891.000    -0.130
-929.883    891.178    -0.130
-930.350    891.419    -0.130
-930.705    891.604    -0.130
-931.059    891.788    -0.130
-931.414    891.974    -0.131
-931.766    892.156    -0.131
-932.125    892.344    -0.131
-932.472    892.525    -0.131
-932.830    892.711    -0.131
-933.201    892.905    -0.131
-933.561    893.095    -0.131
-933.915    893.281    -0.131
-934.270    893.468    -0.131
-934.612    893.648    -0.131
-934.977    893.840    -0.131
-935.328    894.034    -0.131
-935.678    894.228    -0.131
-936.021    894.419    -0.132
-936.373    894.615    -0.132
-936.839    894.874    -0.132
-937.188    895.069    -0.132
-937.534    895.261    -0.132
-937.887    895.459    -0.132
-938.242    895.659    -0.132
-938.571    895.851    -0.132
-938.921    896.058    -0.132
-939.271    896.264    -0.132
-939.606    896.459    -0.132
-939.961    896.669    -0.132
-940.349    896.896    -0.133
-940.733    897.122    -0.133
-941.089    897.332    -0.133
-941.423    897.527    -0.133
-941.776    897.731    -0.133
-942.127    897.935    -0.133
-942.461    898.129    -0.133
-942.813    898.334    -0.133
-943.156    898.538    -0.133
-943.496    898.752    -0.133
-943.840    898.968    -0.133
-944.202    899.196    -0.133
-944.552    899.416    -0.133
-944.878    899.625    -0.134
-945.226    899.848    -0.134
-945.590    900.082    -0.134
-945.931    900.303    -0.134
-946.265    900.524    -0.134
-946.593    900.742    -0.134
-946.927    900.963    -0.134
-947.258    901.187    -0.134
-947.687    901.478    -0.134
-948.022    901.708    -0.134
-948.346    901.931    -0.134
-948.687    902.165    -0.134
-949.009    902.380    -0.135
-949.346    902.607    -0.135
-949.673    902.827    -0.135
-950.015    903.058    -0.135
-950.337    903.275    -0.135
-950.671    903.506    -0.135
-951.046    903.771    -0.135
-951.388    904.013    -0.135
-951.718    904.250    -0.135
-952.039    904.489    -0.135
-952.372    904.734    -0.135
-952.746    905.011    -0.135
-953.057    905.241    -0.136
-953.390    905.486    -0.136
-953.704    905.722    -0.136
-954.031    905.965    -0.136
-954.347    906.200    -0.136
-954.672    906.444    -0.136
-954.999    906.696    -0.136
-955.341    906.962    -0.136
-955.655    907.199    -0.136
-955.988    907.442    -0.136
-956.306    907.675    -0.136
-956.627    907.914    -0.136
-956.943    908.162    -0.137
-957.256    908.408    -0.137
-957.572    908.655    -0.137
-957.896    908.910    -0.137
-958.208    909.162    -0.137
-958.518    909.414    -0.137
-958.823    909.662    -0.137
-959.139    909.919    -0.137
-959.451    910.172    -0.137
-959.913    910.549    -0.137
-960.234    910.812    -0.137
-960.538    911.072    -0.138
-960.847    911.336    -0.138
-961.142    911.586    -0.138
-961.451    911.850    -0.138
-961.755    912.111    -0.138
-962.058    912.372    -0.138
-962.335    912.614    -0.138
-962.631    912.874    -0.138
-962.936    913.143    -0.138
-963.237    913.406    -0.138
-963.531    913.668    -0.138
-963.830    913.945    -0.138
-964.139    914.229    -0.139
-964.480    914.542    -0.139
-964.783    914.822    -0.139
-965.068    915.086    -0.139
-965.365    915.363    -0.139
-965.658    915.635    -0.139
-965.987    915.942    -0.139
-966.340    916.271    -0.139
-966.637    916.550    -0.139
-966.926    916.818    -0.139
-967.209    917.099    -0.139
-967.498    917.387    -0.139
-967.776    917.664    -0.140
-968.064    917.952    -0.140
-968.339    918.234    -0.140
-968.624    918.524    -0.140
-968.935    918.841    -0.140
-969.253    919.167    -0.140
-969.538    919.458    -0.140
-969.814    919.738    -0.140
-970.094    920.025    -0.140
-970.378    920.316    -0.140
-970.661    920.607    -0.140
-971.004    920.981    -0.141
-971.271    921.272    -0.141
-971.549    921.576    -0.141
-971.814    921.865    -0.141
-972.084    922.162    -0.141
-972.353    922.458    -0.141
-972.674    922.810    -0.141
-972.993    923.163    -0.141
-973.262    923.460    -0.141
-973.520    923.766    -0.141
-973.779    924.087    -0.141
-974.021    924.391    -0.141
-974.273    924.702    -0.142
-974.527    925.020    -0.142
-974.776    925.324    -0.142
-975.023    925.623    -0.142
-975.287    925.941    -0.142
-975.537    926.253    -0.142
-975.796    926.583    -0.142
-976.044    926.897    -0.142
-976.329    927.261    -0.142
-976.602    927.605    -0.142
-976.852    927.924    -0.142
-977.097    928.233    -0.143
-977.344    928.555    -0.143
-977.597    928.891    -0.143
-977.830    929.199    -0.143
-978.078    929.530    -0.143
-978.319    929.850    -0.143
-978.579    930.194    -0.143
-978.885    930.606    -0.143
-979.122    930.931    -0.143
-979.357    931.252    -0.143
-979.597    931.583    -0.143
-979.834    931.905    -0.143
-980.058    932.222    -0.144
-980.292    932.561    -0.144
-980.516    932.883    -0.144
-980.745    933.215    -0.144
-980.974    933.548    -0.144
-981.229    933.936    -0.144
-981.449    934.277    -0.144
-981.663    934.611    -0.144
-981.878    934.948    -0.144
-982.094    935.285    -0.144
-982.310    935.622    -0.144
-982.567    936.022    -0.145
-982.787    936.375    -0.145
-982.999    936.719    -0.145
-983.205    937.053    -0.145
-983.457    937.460    -0.145
-983.687    937.835    -0.145
-983.893    938.169    -0.145
-984.103    938.510    -0.145
-984.314    938.850    -0.145
-984.529    939.196    -0.145
-984.736    939.530    -0.145
-984.946    939.879    -0.145
-985.131    940.225    -0.146
-985.342    940.612    -0.146
-985.561    941.020    -0.146
-985.751    941.377    -0.146
-985.938    941.726    -0.146
-986.146    942.100    -0.146
-986.370    942.492    -0.146
-986.570    942.839    -0.146
-986.771    943.190    -0.146
-986.961    943.536    -0.146
-987.155    943.896    -0.146
-987.340    944.241    -0.146
-987.531    944.625    -0.147
-987.762    945.091    -0.147
-987.940    945.449    -0.147
-988.118    945.808    -0.147
-988.295    946.166    -0.147
-988.468    946.527    -0.147
-988.643    946.896    -0.147
-988.813    947.252    -0.147
-988.984    947.612    -0.147
-989.156    947.974    -0.147
-989.338    948.374    -0.147
-989.512    948.753    -0.147
-989.679    949.120    -0.148
-989.853    949.502    -0.148
-990.049    949.938    -0.148
-990.202    950.307    -0.148
-990.356    950.677    -0.148
-990.509    951.047    -0.148
-990.662    951.416    -0.148
-990.814    951.786    -0.148
-990.966    952.156    -0.148
-991.137    952.579    -0.148
-991.322    953.040    -0.148
-991.471    953.404    -0.148
-991.622    953.783    -0.149
-991.759    954.159    -0.149
-991.893    954.528    -0.149
-992.032    954.911    -0.149
-992.165    955.280    -0.149
-992.306    955.663    -0.149
-992.449    956.058    -0.149
-992.602    956.481    -0.149
-992.740    956.864    -0.149
-992.868    957.233    -0.149
-993.001    957.621    -0.149
-993.141    958.037    -0.149
-993.291    958.477    -0.150
-993.419    958.856    -0.150
-993.543    959.238    -0.150
-993.662    959.618    -0.150
-993.781    959.993    -0.150
-993.931    960.462    -0.150
-994.066    960.870    -0.150
-994.188    961.252    -0.150
-994.304    961.635    -0.150
-994.421    962.026    -0.150
-994.534    962.400    -0.150
-994.651    962.784    -0.150
-994.756    963.170    -0.150
-994.861    963.556    -0.151
-994.965    963.942    -0.151
-995.101    964.457    -0.151
-995.211    964.862    -0.151
-995.315    965.249    -0.151
-995.419    965.635    -0.151
-995.523    966.013    -0.151
-995.614    966.411    -0.151
-995.703    966.802    -0.151
-995.803    967.248    -0.151
-995.885    967.639    -0.151
-995.967    968.033    -0.151
-996.053    968.443    -0.151
-996.137    968.871    -0.152
-996.213    969.255    -0.152
-996.290    969.649    -0.152
-996.367    970.040    -0.152
-996.446    970.441    -0.152
-996.521    970.827    -0.152
-996.599    971.217    -0.152
-996.678    971.621    -0.152
-996.753    972.004    -0.152
-996.826    972.396    -0.152
-996.911    972.911    -0.152
-996.975    973.307    -0.152
-997.038    973.701    -0.152
-997.103    974.105    -0.152
-997.164    974.492    -0.153
-997.227    974.886    -0.153
-997.281    975.284    -0.153
-997.329    975.682    -0.153
-997.377    976.079    -0.153
-997.425    976.476    -0.153
-997.472    976.875    -0.153
-997.525    977.299    -0.153
-997.598    977.872    -0.153
-997.645    978.269    -0.153
-997.694    978.675    -0.153
-997.741    979.063    -0.153
-997.789    979.460    -0.153
-997.838    979.867    -0.153
-997.884    980.256    -0.154
-997.923    980.663    -0.154
-997.974    981.246    -0.154
-998.011    981.654    -0.154
-998.047    982.053    -0.154
-998.082    982.442    -0.154
-998.119    982.850    -0.154
-998.154    983.248    -0.154
-998.184    983.639    -0.154
-998.194    984.048    -0.154
-998.204    984.440    -0.154
-998.213    984.848    -0.154
-998.226    985.346    -0.154
-998.237    985.799    -0.154
-998.245    986.200    -0.155
-998.254    986.599    -0.155
-998.262    986.999    -0.155
-998.271    987.399    -0.155
-998.278    987.800    -0.155
-998.287    988.200    -0.155
-998.295    988.600    -0.155
-998.302    988.991    -0.155
-998.311    989.400    -0.155
-998.318    989.926    -0.155
-998.326    990.335    -0.155
-998.324    990.734    -0.155
-998.322    991.125    -0.155
-998.321    991.536    -0.155
-998.318    991.936    -0.155
-998.317    992.335    -0.155
-998.315    992.736    -0.156
-998.314    993.136    -0.156
-998.307    993.536    -0.156
-998.294    994.066    -0.156
-998.287    994.462    -0.156
-998.277    994.872    -0.156
-998.271    995.262    -0.156
-998.263    995.663    -0.156
-998.250    996.073    -0.156
-998.233    996.463    -0.156
-998.214    996.863    -0.156
-998.195    997.274    -0.156
-998.177    997.664    -0.156
-998.152    998.154    -0.156
-998.109    998.645    -0.156
-998.073    999.055    -0.157
-998.041    999.435    -0.157
-997.992    999.836    -0.157
-997.942    1000.236    -0.157
-997.892    1000.627    -0.157
-997.841    1001.027    -0.157
-997.790    1001.438    -0.157
-997.734    1001.878    -0.157
-997.670    1002.379    -0.157
-997.620    1002.769    -0.157
-997.569    1003.170    -0.157
-997.517    1003.570    -0.157
-997.461    1003.961    -0.157
-997.401    1004.361    -0.157
-997.343    1004.752    -0.157
-997.283    1005.152    -0.157
-997.226    1005.543    -0.157
-997.165    1005.943    -0.157
-997.092    1006.434    -0.158
-997.027    1006.864    -0.158
-996.957    1007.255    -0.158
-996.875    1007.646    -0.158
-996.793    1008.036    -0.158
-996.711    1008.427    -0.158
-996.629    1008.827    -0.158
-996.548    1009.218    -0.158
-996.465    1009.609    -0.158
-996.383    1009.999    -0.158
-996.302    1010.390    -0.158
-996.219    1010.781    -0.158
-996.135    1011.181    -0.158
-996.056    1011.562    -0.158
-995.974    1011.953    -0.158
-995.879    1012.413    -0.158
-995.770    1012.924    -0.158
-995.669    1013.315    -0.158
-995.568    1013.696    -0.158
-995.464    1014.097    -0.158
-995.364    1014.477    -0.159
-995.220    1015.028    -0.159
-995.118    1015.419    -0.159
-995.025    1015.770    -0.159
-994.931    1016.101    -0.159
-994.812    1016.491    -0.159
-994.671    1016.962    -0.159
-994.536    1017.403    -0.159
-994.421    1017.784    -0.159
-994.305    1018.165    -0.159
-994.188    1018.546    -0.159
-994.062    1018.957    -0.159
-993.940    1019.358    -0.159
-993.822    1019.739    -0.159
-993.706    1020.120    -0.159
-993.574    1020.500    -0.159
-993.440    1020.881    -0.159
-993.309    1021.252    -0.159
-993.179    1021.623    -0.159
-993.038    1022.034    -0.159
-992.880    1022.485    -0.159
-992.741    1022.866    -0.159
-992.582    1023.298    -0.160
-992.440    1023.679    -0.160
-992.295    1024.070    -0.160
-992.155    1024.451    -0.160
-992.016    1024.822    -0.160
-991.859    1025.243    -0.160
-991.721    1025.614    -0.160
-991.582    1025.995    -0.160
-991.411    1026.426    -0.160
-991.237    1026.867    -0.160
-991.096    1027.228    -0.160
-990.943    1027.599    -0.160
-990.791    1027.970    -0.160
-990.641    1028.341    -0.160
-990.489    1028.712    -0.160
-990.338    1029.083    -0.160
-990.183    1029.444    -0.160
-990.017    1029.816    -0.160
-989.857    1030.187    -0.160
-989.646    1030.658    -0.160
-989.486    1031.019    -0.160
-989.326    1031.390    -0.160
-989.165    1031.752    -0.160
-989.001    1032.123    -0.160
-988.815    1032.494    -0.160
-988.612    1032.885    -0.160
-988.425    1033.237    -0.160
-988.215    1033.638    -0.161
-987.971    1034.090    -0.161
-987.798    1034.421    -0.161
-987.621    1034.752    -0.161
-987.430    1035.113    -0.161
-987.242    1035.475    -0.161
-987.054    1035.826    -0.161
-986.870    1036.167    -0.161
-986.698    1036.488    -0.161
-986.506    1036.850    -0.161
-986.311    1037.221    -0.161
-986.106    1037.592    -0.161
-985.902    1037.934    -0.161
-985.699    1038.275    -0.161
-985.494    1038.616    -0.161
-985.295    1038.948    -0.161
-985.098    1039.289    -0.161
-984.897    1039.640    -0.161
-984.703    1039.972    -0.161
-984.501    1040.313    -0.161
-984.292    1040.675    -0.161
-984.009    1041.166    -0.161
-983.808    1041.508    -0.161
-983.609    1041.859    -0.161
-983.467    1042.110    -0.161
-983.266    1042.451    -0.161
-983.033    1042.853    -0.161
-982.811    1043.205    -0.161
-982.579    1043.576    -0.161
-982.340    1043.948    -0.161
-982.127    1044.279    -0.161
-981.890    1044.651    -0.161
-981.661    1045.002    -0.161
-981.432    1045.354    -0.161
-981.209    1045.695    -0.161
-980.953    1046.087    -0.161
-980.711    1046.449    -0.161
-980.478    1046.780    -0.161
-980.203    1047.162    -0.161
-979.935    1047.534    -0.161
-979.705    1047.855    -0.162
-979.462    1048.187    -0.162
-979.195    1048.549    -0.162
-978.955    1048.880    -0.162
-978.721    1049.192    -0.162
-978.477    1049.523    -0.162
-978.200    1049.895    -0.162
-977.932    1050.247    -0.162
-977.693    1050.558    -0.162
-977.441    1050.880    -0.162
-977.191    1051.192    -0.162
-976.943    1051.503    -0.162
-976.698    1051.815    -0.162
-976.445    1052.127    -0.162
-976.199    1052.438    -0.162
-975.946    1052.750    -0.162
-975.692    1053.062    -0.162
-975.408    1053.403    -0.162
-975.132    1053.735    -0.162
-974.874    1054.037    -0.162
-974.599    1054.359    -0.162
-974.294    1054.721    -0.162
-974.030    1055.022    -0.162
-973.763    1055.314    -0.162
-973.493    1055.626    -0.162
-973.218    1055.948    -0.162
-972.943    1056.269    -0.162
-972.685    1056.581    -0.162
-972.396    1056.923    -0.162
-972.129    1057.225    -0.162
-971.853    1057.527    -0.162
-971.579    1057.808    -0.162
-971.295    1058.100    -0.162
-971.022    1058.382    -0.162
-970.742    1058.674    -0.162
-970.460    1058.966    -0.162
-970.185    1059.247    -0.162
-969.906    1059.529    -0.162
-969.596    1059.851    -0.162
-969.275    1060.183    -0.162
-968.997    1060.465    -0.162
-968.716    1060.757    -0.162
-968.433    1061.039    -0.162
-968.076    1061.401    -0.162
-967.793    1061.683    -0.162
-967.511    1061.965    -0.162
-967.231    1062.246    -0.162
-966.930    1062.518    -0.162
-966.631    1062.790    -0.162
-966.297    1063.102    -0.162
-965.979    1063.384    -0.162
-965.676    1063.656    -0.162
-965.377    1063.918    -0.162
-965.075    1064.190    -0.162
-964.788    1064.452    -0.162
-964.489    1064.724    -0.162
-964.182    1064.996    -0.162
-963.888    1065.258    -0.162
-963.591    1065.520    -0.162
-963.242    1065.822    -0.162
-962.887    1066.134    -0.162
-962.577    1066.406    -0.162
-962.259    1066.678    -0.162
-961.948    1066.940    -0.162
-961.651    1067.192    -0.162
-961.349    1067.454    -0.162
-960.996    1067.746    -0.162
-960.672    1068.008    -0.162
-960.359    1068.250    -0.162
-960.028    1068.503    -0.162
-959.612    1068.805    -0.162
-959.293    1069.037    -0.162
-958.961    1069.269    -0.162
-958.637    1069.501    -0.162
-958.319    1069.733    -0.162
-957.978    1069.966    -0.162
-957.655    1070.188    -0.162
-957.318    1070.410    -0.162
-956.986    1070.622    -0.162
-956.648    1070.844    -0.162
-956.227    1071.117    -0.162
-955.863    1071.369    -0.162
-955.542    1071.581    -0.162
-955.199    1071.813    -0.162
-954.864    1072.045    -0.162
-954.546    1072.277    -0.162
-954.214    1072.509    -0.162
-953.825    1072.772    -0.162
-953.475    1073.004    -0.162
-953.136    1073.226    -0.162
-952.803    1073.438    -0.162
-952.455    1073.661    -0.162
-952.124    1073.863    -0.162
-951.778    1074.085    -0.162
-951.440    1074.297    -0.162
-951.107    1074.509    -0.162
-950.760    1074.721    -0.162
-950.420    1074.933    -0.162
-950.088    1075.146    -0.162
-949.740    1075.358    -0.162
-949.404    1075.560    -0.162
-949.054    1075.772    -0.162
-948.660    1075.995    -0.162
-948.320    1076.187    -0.162
-947.971    1076.389    -0.161
-947.627    1076.581    -0.161
-947.272    1076.793    -0.161
-946.880    1077.016    -0.161
-946.486    1077.248    -0.161
-946.140    1077.440    -0.161
-945.785    1077.633    -0.161
-945.428    1077.825    -0.161
-945.036    1078.037    -0.161
-944.550    1078.300    -0.161
-944.184    1078.483    -0.161
-943.838    1078.665    -0.161
-943.485    1078.847    -0.161
-943.130    1079.039    -0.161
-942.736    1079.242    -0.161
-942.358    1079.434    -0.161
-941.996    1079.606    -0.161
-941.636    1079.779    -0.161
-941.212    1079.981    -0.161
-940.809    1080.184    -0.161
-940.440    1080.356    -0.161
-940.070    1080.538    -0.161
-939.697    1080.711    -0.161
-939.338    1080.863    -0.161
-938.963    1081.025    -0.161
-938.579    1081.198    -0.161
-938.214    1081.360    -0.161
-937.841    1081.532    -0.161
-937.484    1081.685    -0.161
-937.118    1081.857    -0.161
-936.694    1082.030    -0.161
-936.299    1082.192    -0.161
-935.927    1082.344    -0.161
-935.547    1082.497    -0.161
-935.188    1082.649    -0.161
-934.814    1082.801    -0.161
-934.416    1082.964    -0.161
-934.018    1083.126    -0.161
-933.639    1083.279    -0.161
-933.263    1083.421    -0.161
-932.896    1083.553    -0.160
-932.510    1083.686    -0.160
-932.140    1083.818    -0.160
-931.755    1083.950    -0.160
-931.352    1084.093    -0.160
-930.835    1084.276    -0.160
-930.458    1084.408    -0.160
-930.077    1084.541    -0.160
-929.700    1084.673    -0.160
-929.322    1084.805    -0.160
-928.923    1084.938    -0.160
-928.528    1085.070    -0.160
-928.146    1085.193    -0.160
-927.770    1085.305    -0.160
-927.380    1085.427    -0.160
-927.007    1085.540    -0.160
-926.613    1085.662    -0.160
-926.241    1085.774    -0.160
-925.850    1085.897    -0.160
-925.295    1086.050    -0.160
-924.873    1086.163    -0.160
-924.484    1086.275    -0.160
-924.099    1086.378    -0.160
-923.713    1086.480    -0.160
-923.324    1086.583    -0.160
-922.935    1086.675    -0.160
-922.548    1086.767    -0.160
-922.159    1086.860    -0.159
-921.768    1086.962    -0.159
-921.373    1087.055    -0.159
-920.905    1087.167    -0.159
-920.509    1087.270    -0.159
-920.117    1087.362    -0.159
-919.731    1087.455    -0.159
-919.337    1087.537    -0.159
-918.945    1087.610    -0.159
-918.551    1087.682    -0.159
-918.166    1087.754    -0.159
-917.764    1087.827    -0.159
-917.339    1087.899    -0.159
-916.805    1087.993    -0.159
-916.411    1088.065    -0.159
-916.015    1088.128    -0.159
-915.622    1088.200    -0.159
-915.228    1088.272    -0.159
-914.843    1088.335    -0.159
-914.439    1088.407    -0.159
-913.931    1088.490    -0.159
-913.544    1088.543    -0.159
-913.148    1088.595    -0.158
-912.712    1088.648    -0.158
-912.289    1088.710    -0.158
-911.902    1088.763    -0.158
-911.495    1088.815    -0.158
-911.107    1088.858    -0.158
-910.700    1088.910    -0.158
-910.301    1088.953    -0.158
-909.914    1088.995    -0.158
-909.507    1089.037    -0.158
-909.119    1089.080    -0.158
-908.719    1089.112    -0.158
-908.172    1089.166    -0.158
-907.764    1089.198    -0.158
-907.366    1089.230    -0.158
-906.967    1089.263    -0.158
-906.567    1089.295    -0.158
-906.169    1089.328    -0.158
-905.770    1089.360    -0.158
-905.305    1089.393    -0.158
-904.859    1089.416    -0.157
-904.458    1089.428    -0.157
-904.050    1089.451    -0.157
-903.605    1089.463    -0.157
-903.204    1089.476    -0.157
-902.815    1089.498    -0.157
-902.405    1089.511    -0.157
-902.005    1089.523    -0.157
-901.605    1089.546    -0.157
-901.214    1089.558    -0.157
-900.805    1089.570    -0.157
-900.415    1089.583    -0.157
-900.004    1089.595    -0.157
-899.466    1089.609    -0.157
-899.058    1089.611    -0.157
-898.648    1089.614    -0.157
-898.257    1089.626    -0.157
-897.847    1089.628    -0.157
-897.382    1089.621    -0.156
-896.980    1089.624    -0.156
-896.582    1089.616    -0.156
-896.182    1089.609    -0.156
-895.782    1089.601    -0.156
-895.380    1089.593    -0.156
-894.934    1089.576    -0.156
-894.470    1089.559    -0.156
-894.061    1089.541    -0.156
-893.660    1089.524    -0.156
-893.270    1089.506    -0.156
-892.862    1089.479    -0.156
-892.435    1089.451    -0.156
-892.037    1089.424    -0.156
-891.644    1089.396    -0.156
-891.237    1089.369    -0.156
-890.837    1089.341    -0.155
-890.438    1089.303    -0.155
-890.050    1089.276    -0.155
-889.650    1089.238    -0.155
-889.132    1089.191    -0.155
-888.678    1089.144    -0.155
-888.292    1089.096    -0.155
-887.892    1089.049    -0.155
-887.495    1089.011    -0.155
-887.053    1088.954    -0.155
-886.564    1088.897    -0.155
-886.166    1088.839    -0.155
-885.770    1088.792    -0.155
-885.372    1088.744    -0.155
-884.976    1088.686    -0.155
-884.579    1088.629    -0.154
-884.185    1088.571    -0.154
-883.788    1088.513    -0.154
-883.393    1088.456    -0.154
-882.997    1088.388    -0.154
-882.528    1088.321    -0.154
-882.123    1088.254    -0.154
-881.729    1088.196    -0.154
-881.324    1088.128    -0.154
-880.939    1088.061    -0.154
-880.547    1087.983    -0.154
-880.044    1087.886    -0.154
-879.613    1087.809    -0.154
-879.218    1087.731    -0.154
-878.818    1087.653    -0.154
-878.435    1087.586    -0.153
-878.006    1087.488    -0.153
-877.607    1087.391    -0.153
-877.216    1087.303    -0.153
-876.820    1087.205    -0.153
-876.439    1087.118    -0.153
-876.047    1087.030    -0.153
-875.661    1086.932    -0.153
-875.264    1086.835    -0.153
-874.880    1086.737    -0.153
-874.498    1086.639    -0.153
-874.102    1086.532    -0.153
-873.621    1086.414    -0.153
-873.198    1086.297    -0.153
-872.808    1086.179    -0.152
-872.421    1086.072    -0.152
-872.038    1085.964    -0.152
-871.650    1085.856    -0.152
-871.267    1085.749    -0.152
-870.836    1085.621    -0.152
-870.434    1085.513    -0.152
-870.051    1085.396    -0.152
-869.669    1085.278    -0.152
-869.205    1085.131    -0.152
-868.791    1084.993    -0.152
-868.412    1084.876    -0.152
-868.027    1084.748    -0.152
-867.649    1084.630    -0.151
-867.275    1084.512    -0.151
-866.883    1084.385    -0.151
-866.504    1084.267    -0.151
-866.124    1084.149    -0.151
-865.739    1084.021    -0.151
-865.361    1083.904    -0.151
-864.950    1083.766    -0.151
-864.543    1083.619    -0.151
-864.162    1083.491    -0.151
-863.785    1083.353    -0.151
-863.403    1083.215    -0.151
-862.979    1083.068    -0.151
-862.587    1082.930    -0.151
-862.199    1082.782    -0.150
-861.830    1082.655    -0.150
-861.447    1082.517    -0.150
-861.074    1082.369    -0.150
-860.619    1082.192    -0.150
-860.231    1082.044    -0.150
-859.855    1081.896    -0.150
-859.490    1081.739    -0.150
-859.119    1081.591    -0.150
-858.744    1081.443    -0.150
-858.386    1081.295    -0.150
-858.008    1081.137    -0.150
-857.633    1080.990    -0.150
-857.268    1080.832    -0.149
-856.887    1080.674    -0.149
-856.448    1080.497    -0.149
-856.061    1080.329    -0.149
-855.698    1080.181    -0.149
-855.322    1080.023    -0.149
-854.955    1079.865    -0.149
-854.569    1079.688    -0.149
-854.169    1079.510    -0.149
-853.807    1079.352    -0.149
-853.437    1079.194    -0.149
-853.070    1079.027    -0.149
-852.709    1078.859    -0.148
-852.296    1078.661    -0.148
-851.927    1078.483    -0.148
-851.562    1078.305    -0.148
-851.205    1078.138    -0.148
-850.845    1077.960    -0.148
-850.486    1077.782    -0.148
-850.122    1077.604    -0.148
-849.774    1077.436    -0.148
-849.408    1077.258    -0.148
-849.049    1077.080    -0.148
-848.690    1076.902    -0.148
-848.290    1076.705    -0.148
-847.900    1076.517    -0.147
-847.543    1076.329    -0.147
-847.193    1076.151    -0.147
-846.830    1075.953    -0.147
-846.427    1075.736    -0.147
-846.085    1075.558    -0.147
-845.732    1075.370    -0.147
-845.378    1075.182    -0.147
-845.026    1074.994    -0.147
-844.674    1074.796    -0.147
-844.272    1074.578    -0.147
-843.903    1074.380    -0.147
-843.533    1074.173    -0.146
-843.168    1073.965    -0.146
-842.830    1073.777    -0.146
-842.481    1073.579    -0.146
-842.129    1073.381    -0.146
-841.779    1073.183    -0.146
-841.438    1072.985    -0.146
-841.072    1072.767    -0.146
-840.724    1072.569    -0.146
-840.381    1072.361    -0.146
-840.029    1072.153    -0.146
-839.694    1071.965    -0.146
-839.339    1071.757    -0.146
-838.999    1071.559    -0.145
-838.616    1071.331    -0.145
-838.238    1071.094    -0.145
-837.903    1070.886    -0.145
-837.559    1070.668    -0.145
-837.220    1070.460    -0.145
-836.881    1070.242    -0.145
-836.534    1070.024    -0.145
-836.136    1069.776    -0.145
-835.796    1069.568    -0.145
-835.458    1069.360    -0.145
-835.122    1069.152    -0.145
-834.772    1068.934    -0.144
-834.444    1068.726    -0.144
-834.096    1068.498    -0.144
-833.771    1068.290    -0.144
-833.429    1068.072    -0.144
-833.092    1067.854    -0.144
-832.756    1067.636    -0.144
-832.380    1067.398    -0.144
-832.013    1067.160    -0.144
-831.695    1066.942    -0.144
-831.355    1066.704    -0.144
-831.030    1066.476    -0.144
-830.702    1066.258    -0.143
-830.372    1066.029    -0.143
-830.038    1065.791    -0.143
-829.719    1065.573    -0.143
-829.384    1065.345    -0.143
-828.983    1065.068    -0.143
-828.639    1064.830    -0.143
-828.318    1064.601    -0.143
-827.993    1064.363    -0.143
-827.669    1064.125    -0.143
-827.345    1063.897    -0.143
-827.021    1063.659    -0.143
-826.697    1063.421    -0.142
-826.373    1063.193    -0.142
-826.047    1062.955    -0.142
-825.709    1062.707    -0.142
-825.359    1062.459    -0.142
-825.033    1062.220    -0.142
-824.719    1061.982    -0.142
-824.389    1061.734    -0.142
-824.079    1061.506    -0.142
-823.758    1061.268    -0.142
-823.429    1061.020    -0.142
-823.121    1060.782    -0.142
-822.795    1060.533    -0.141
-822.432    1060.256    -0.141
-822.084    1059.988    -0.141
-821.772    1059.749    -0.141
-821.453    1059.501    -0.141
-821.137    1059.263    -0.141
-820.813    1059.015    -0.141
-820.501    1058.777    -0.141
-820.184    1058.519    -0.141
-819.879    1058.270    -0.141
-819.570    1058.012    -0.141
-819.254    1057.754    -0.141
-818.891    1057.466    -0.140
-818.581    1057.208    -0.140
-818.272    1056.960    -0.140
-817.967    1056.701    -0.140
-817.647    1056.443    -0.140
-817.344    1056.195    -0.140
-817.038    1055.937    -0.140
-816.731    1055.678    -0.140
-816.426    1055.420    -0.140
-816.119    1055.162    -0.140
-815.770    1054.864    -0.140
-815.459    1054.606    -0.140
-815.154    1054.348    -0.139
-814.847    1054.089    -0.139
-814.547    1053.841    -0.139
-814.239    1053.573    -0.139
-813.934    1053.315    -0.139
-813.630    1053.056    -0.139
-813.327    1052.788    -0.139
-813.022    1052.530    -0.139
-812.723    1052.281    -0.139
-812.399    1052.003    -0.139
-812.091    1051.735    -0.139
-811.792    1051.477    -0.139
-811.484    1051.219    -0.138
-811.186    1050.960    -0.138
-810.878    1050.692    -0.138
-810.579    1050.434    -0.138
-810.291    1050.185    -0.138
-809.903    1049.838    -0.138
-809.598    1049.569    -0.138
-809.310    1049.301    -0.138
-809.009    1049.033    -0.138
-808.717    1048.764    -0.138
-808.414    1048.486    -0.138
-808.127    1048.228    -0.138
-807.828    1047.950    -0.137
-807.536    1047.691    -0.137
-807.233    1047.413    -0.137
-806.946    1047.145    -0.137
-806.637    1046.866    -0.137
-806.304    1046.558    -0.137
-806.012    1046.280    -0.137
-805.721    1046.002    -0.137
-805.431    1045.733    -0.137
-805.144    1045.455    -0.137
-804.848    1045.177    -0.137
-804.558    1044.908    -0.137
-804.271    1044.630    -0.136
-803.984    1044.352    -0.136
-803.697    1044.073    -0.136
-803.414    1043.795    -0.136
-803.123    1043.506    -0.136
-802.831    1043.228    -0.136
-802.524    1042.930    -0.136
-802.206    1042.622    -0.136
-801.919    1042.343    -0.136
-801.632    1042.065    -0.136
-801.349    1041.787    -0.136
-801.059    1041.498    -0.136
-800.776    1041.220    -0.135
-800.498    1040.941    -0.135
-800.211    1040.653    -0.135
-799.927    1040.365    -0.135
-799.649    1040.086    -0.135
-799.362    1039.808    -0.135
-799.089    1039.529    -0.135
-798.788    1039.231    -0.135
-798.484    1038.923    -0.135
-798.201    1038.645    -0.135
-797.919    1038.356    -0.135
-797.635    1038.078    -0.135
-797.356    1037.799    -0.134
-797.070    1037.511    -0.134
-796.786    1037.223    -0.134
-796.475    1036.904    -0.134
-796.191    1036.616    -0.134
-795.906    1036.318    -0.134
-795.634    1036.039    -0.134
-795.350    1035.751    -0.134
-795.065    1035.462    -0.134
-794.791    1035.184    -0.134
-794.513    1034.906    -0.134
-794.230    1034.607    -0.134
-793.944    1034.319    -0.134
-793.673    1034.040    -0.133
-793.388    1033.752    -0.133
-793.107    1033.463    -0.133
-792.827    1033.185    -0.133
-792.548    1032.897    -0.133
-792.255    1032.598    -0.133
-791.978    1032.320    -0.133
-791.693    1032.022    -0.133
-791.413    1031.743    -0.133
-791.137    1031.455    -0.133
-790.853    1031.166    -0.133
-790.581    1030.888    -0.133
-790.284    1030.590    -0.132
-789.921    1030.212    -0.132
-789.648    1029.933    -0.132
-789.376    1029.625    -0.132
-789.117    1029.336    -0.132
-788.915    1029.107    -0.132
-788.646    1028.819    -0.132
-788.376    1028.530    -0.132
-788.094    1028.232    -0.132
-787.819    1027.944    -0.132
-787.543    1027.655    -0.132
-787.267    1027.367    -0.132
-787.001    1027.088    -0.131
-786.725    1026.790    -0.131
-786.446    1026.501    -0.131
-786.172    1026.213    -0.131
-785.896    1025.924    -0.131
-785.623    1025.646    -0.131
-785.342    1025.348    -0.131
-785.065    1025.059    -0.131
-784.789    1024.771    -0.131
-784.512    1024.482    -0.131
-784.236    1024.194    -0.131
-783.963    1023.905    -0.131
-783.682    1023.617    -0.131
-783.405    1023.329    -0.130
-783.128    1023.040    -0.130
-782.852    1022.752    -0.130
-782.581    1022.463    -0.130
-782.299    1022.165    -0.130
-782.021    1021.876    -0.130
-781.745    1021.588    -0.130
-781.459    1021.290    -0.130
-781.178    1021.001    -0.130
-780.901    1020.703    -0.130
-780.627    1020.414    -0.130
-780.346    1020.126    -0.130
-780.081    1019.837    -0.129
-779.797    1019.539    -0.129
-779.532    1019.261    -0.129
-779.247    1018.962    -0.129
-778.981    1018.674    -0.129
-778.698    1018.375    -0.129
-778.435    1018.087    -0.129
-778.166    1017.788    -0.129
-777.900    1017.490    -0.129
-777.630    1017.191    -0.129
-777.363    1016.893    -0.129
-777.094    1016.594    -0.129
-776.824    1016.306    -0.128
-776.557    1016.017    -0.128
-776.277    1015.709    -0.128
-776.016    1015.420    -0.128
-775.736    1015.122    -0.128
-775.456    1014.814    -0.128
-775.185    1014.525    -0.128
-774.906    1014.217    -0.128
-774.644    1013.928    -0.128
-774.365    1013.630    -0.128
-774.103    1013.341    -0.128
-773.823    1013.033    -0.128
-773.557    1012.744    -0.128
-773.292    1012.456    -0.127
-773.018    1012.157    -0.127
-772.748    1011.859    -0.127
-772.484    1011.570    -0.127
-772.205    1011.262    -0.127
-771.944    1010.974    -0.127
-771.675    1010.685    -0.127
-771.395    1010.377    -0.127
-771.132    1010.098    -0.127
-770.856    1009.790    -0.127
-770.586    1009.501    -0.127
-770.314    1009.203    -0.127
-770.059    1008.924    -0.126
-769.787    1008.636    -0.126
-769.512    1008.337    -0.126
-769.244    1008.039    -0.126
-768.968    1007.740    -0.126
-768.702    1007.452    -0.126
-768.427    1007.153    -0.126
-768.160    1006.865    -0.126
-767.885    1006.566    -0.126
-767.620    1006.278    -0.126
-767.346    1005.980    -0.126
-767.075    1005.681    -0.126
-766.810    1005.393    -0.126
-766.535    1005.094    -0.125
-766.269    1004.796    -0.125
-765.994    1004.497    -0.125
-765.729    1004.209    -0.125
-765.454    1003.910    -0.125
-765.188    1003.622    -0.125
-764.909    1003.313    -0.125
-764.639    1003.015    -0.125
-764.369    1002.726    -0.125
-764.102    1002.428    -0.125
-763.829    1002.129    -0.125
-763.559    1001.841    -0.125
-763.293    1001.552    -0.125
-763.017    1001.244    -0.124
-762.751    1000.956    -0.124
-762.477    1000.657    -0.124
-762.207    1000.359    -0.124
-761.942    1000.070    -0.124
-761.670    999.772    -0.124
-761.396    999.473    -0.124
-761.125    999.185    -0.124
-760.855    998.886    -0.124
-760.593    998.608    -0.124
-760.313    998.299    -0.124
-760.043    998.001    -0.124
-759.767    997.702    -0.123
-759.498    997.414    -0.123
-759.223    997.106    -0.123
-758.956    996.817    -0.123
-758.687    996.529    -0.123
-758.415    996.230    -0.123
-758.141    995.932    -0.123
-757.879    995.644    -0.123
-757.598    995.340    -0.123
-757.328    995.045    -0.123
-757.062    994.755    -0.123
-756.793    994.460    -0.123
-756.521    994.165    -0.123
-756.247    993.865    -0.122
-755.985    993.581    -0.122
-755.706    993.275    -0.122
-755.440    992.984    -0.122
-755.172    992.689    -0.122
-754.901    992.393    -0.122
-754.633    992.097    -0.122
-754.362    991.801    -0.122
-754.099    991.511    -0.122
-753.839    991.225    -0.122
-753.565    990.925    -0.122
-753.294    990.627    -0.122
-753.030    990.338    -0.122
-752.756    990.037    -0.121
-752.486    989.740    -0.121
-752.217    989.445    -0.121
-751.946    989.149    -0.121
-751.683    988.858    -0.121
-751.409    988.558    -0.121
-751.139    988.260    -0.121
-750.870    987.966    -0.121
-750.600    987.669    -0.121
-750.331    987.374    -0.121
-750.060    987.077    -0.121
-749.795    986.788    -0.121
-749.521    986.488    -0.121
-749.249    986.193    -0.120
-748.985    985.903    -0.120
-748.710    985.603    -0.120
-748.439    985.308    -0.120
-748.174    985.018    -0.120
-747.899    984.719    -0.120
-747.628    984.422    -0.120
-747.363    984.133    -0.120
-747.088    983.833    -0.120
-746.817    983.537    -0.120
-746.552    983.248    -0.120
-746.278    982.948    -0.120
-746.012    982.656    -0.120
-745.736    982.357    -0.119
-745.471    982.067    -0.119
-745.196    981.768    -0.119
-744.930    981.476    -0.119
-744.654    981.177    -0.119
-744.385    980.882    -0.119
-744.119    980.592    -0.119
-743.844    980.292    -0.119
-743.580    980.002    -0.119
-743.304    979.703    -0.119
-743.033    979.407    -0.119
-742.763    979.113    -0.119
-742.488    978.812    -0.119
-742.218    978.516    -0.118
-741.947    978.221    -0.118
-741.681    977.931    -0.118
-741.407    977.631    -0.118
-741.137    977.337    -0.118
-740.867    977.041    -0.118
-740.597    976.746    -0.118
-740.331    976.456    -0.118
-740.060    976.161    -0.118
-739.785    975.862    -0.118
-739.515    975.566    -0.118
-739.245    975.271    -0.118
-738.974    974.976    -0.118
-738.704    974.681    -0.117
-738.444    974.395    -0.117
-738.164    974.091    -0.117
-737.894    973.795    -0.117
-737.624    973.500    -0.117
-737.358    973.209    -0.117
-737.088    972.916    -0.117
-736.822    972.624    -0.117
-736.543    972.319    -0.117
-736.282    972.034    -0.117
-736.008    971.734    -0.117
-735.738    971.439    -0.117
-735.472    971.148    -0.117
-735.197    970.847    -0.116
-734.928    970.554    -0.116
-734.662    970.262    -0.116
-734.382    969.958    -0.116
-734.121    969.672    -0.116
-733.851    969.377    -0.116
-733.571    969.073    -0.116
-733.311    968.787    -0.116
-733.040    968.492    -0.116
-732.761    968.187    -0.116
-732.499    967.903    -0.116
-732.229    967.606    -0.116
-731.950    967.302    -0.116
-731.688    967.017    -0.115
-731.409    966.711    -0.115
-731.142    966.421    -0.115
-730.875    966.128    -0.115
-730.598    965.828    -0.115
-730.328    965.531    -0.115
-730.061    965.243    -0.115
-729.788    964.942    -0.115
-729.522    964.653    -0.115
-729.246    964.351    -0.115
-728.979    964.062    -0.115
-728.710    963.768    -0.115
-728.434    963.468    -0.115
-728.169    963.176    -0.114
-727.895    962.877    -0.114
-727.629    962.588    -0.114
-727.358    962.291    -0.114
-727.084    961.992    -0.114
-726.813    961.697    -0.114
-726.548    961.406    -0.114
-726.277    961.111    -0.114
-726.003    960.811    -0.114
-725.743    960.526    -0.114
-725.463    960.222    -0.114
-725.201    959.936    -0.114
-724.927    959.636    -0.114
-724.656    959.340    -0.114
-724.391    959.052    -0.113
-724.116    958.751    -0.113
-723.845    958.455    -0.113
-723.575    958.160    -0.113
-723.304    957.865    -0.113
-723.040    957.575    -0.113
-722.761    957.270    -0.113
-722.499    956.985    -0.113
-722.224    956.685    -0.113
-721.953    956.389    -0.113
-721.687    956.100    -0.113
-721.408    955.796    -0.113
-721.146    955.511    -0.113
-720.872    955.211    -0.112
-720.600    954.914    -0.112
-720.327    954.616    -0.112
-720.056    954.321    -0.112
-719.786    954.026    -0.112
-719.515    953.731    -0.112
-719.250    953.441    -0.112
-718.978    953.145    -0.112
-718.704    952.846    -0.112
-718.433    952.551    -0.112
-718.163    952.256    -0.112
-717.892    951.960    -0.112
-717.622    951.666    -0.112
-717.356    951.375    -0.111
-717.086    951.082    -0.111
-716.811    950.781    -0.111
-716.540    950.486    -0.111
-716.270    950.191    -0.111
-716.004    949.901    -0.111
-715.729    949.602    -0.111
-715.459    949.306    -0.111
-715.194    949.017    -0.111
-714.923    948.721    -0.111
-714.653    948.427    -0.111
-714.381    948.131    -0.111
-714.107    947.832    -0.111
-713.841    947.541    -0.111
-713.570    947.246    -0.110
-713.296    946.946    -0.110
-713.030    946.657    -0.110
-712.760    946.360    -0.110
-712.490    946.067    -0.110
-712.219    945.771    -0.110
-711.944    945.472    -0.110
-711.683    945.187    -0.110
-711.403    944.882    -0.110
-711.142    944.597    -0.110
-710.864    944.290    -0.110
-710.603    944.005    -0.110
-710.325    943.698    -0.110
-710.066    943.413    -0.109
-709.787    943.107    -0.109
-709.518    942.811    -0.109
-709.248    942.515    -0.109
-708.979    942.219    -0.109
-708.709    941.923    -0.109
-708.440    941.627    -0.109
-708.170    941.330    -0.109
-707.906    941.040    -0.109
-707.632    940.738    -0.109
-707.369    940.448    -0.109
-707.094    940.147    -0.109
-706.825    939.850    -0.109
-706.559    939.560    -0.109
-706.286    939.259    -0.108
-706.017    938.964    -0.108
-705.747    938.667    -0.108
-705.482    938.378    -0.108
-705.206    938.076    -0.108
-704.941    937.786    -0.108
-704.668    937.486    -0.108
-704.398    937.191    -0.108
-704.132    936.900    -0.108
-703.861    936.604    -0.108
-703.596    936.315    -0.108
-703.317    936.010    -0.108
-703.056    935.723    -0.108
-702.777    935.419    -0.107
-702.515    935.133    -0.107
-702.236    934.829    -0.107
-701.976    934.542    -0.107
-701.697    934.238    -0.107
-701.436    933.954    -0.107
-701.156    933.647    -0.107
-700.895    933.363    -0.107
-700.616    933.057    -0.107
-700.354    932.772    -0.107
-700.075    932.467    -0.107
-699.813    932.183    -0.107
-699.533    931.878    -0.107
-699.273    931.593    -0.107
-698.993    931.288    -0.106
-698.731    931.004    -0.106
-698.451    930.698    -0.106
-698.190    930.414    -0.106
-697.910    930.110    -0.106
-697.648    929.825    -0.106
-697.368    929.521    -0.106
-697.107    929.234    -0.106
-696.828    928.931    -0.106
-696.566    928.645    -0.106
-696.295    928.352    -0.106
-696.016    928.046    -0.106
-695.754    927.761    -0.106
-695.475    927.456    -0.106
-695.213    927.171    -0.105
-694.933    926.867    -0.105
-694.672    926.582    -0.105
-694.402    926.287    -0.105
-694.122    925.983    -0.105
-693.860    925.697    -0.105
-693.581    925.393    -0.105
-693.319    925.107    -0.105
-693.039    924.803    -0.105
-692.773    924.513    -0.105
-692.503    924.219    -0.105
-692.227    923.919    -0.105
-691.966    923.633    -0.105
-691.687    923.329    -0.105
-691.417    923.033    -0.104
-691.155    922.749    -0.104
-690.876    922.443    -0.104
-690.614    922.160    -0.104
-690.334    921.854    -0.104
-690.068    921.564    -0.104
-689.798    921.270    -0.104
-689.527    920.975    -0.104
-689.258    920.680    -0.104
-688.982    920.380    -0.104
-688.715    920.091    -0.104
-688.446    919.796    -0.104
-688.175    919.501    -0.104
-687.905    919.206    -0.104
-687.630    918.905    -0.103
-687.359    918.610    -0.103
-687.084    918.310    -0.103
-686.818    918.021    -0.103
-686.549    917.726    -0.103
-686.278    917.430    -0.103
-686.008    917.136    -0.103
-685.738    916.840    -0.103
-685.467    916.546    -0.103
-685.197    916.250    -0.103
-684.927    915.955    -0.103
-684.656    915.661    -0.103
-684.381    915.359    -0.103
-684.116    915.070    -0.103
-683.846    914.775    -0.102
-683.576    914.480    -0.102
-683.306    914.185    -0.102
-683.035    913.890    -0.102
-682.765    913.594    -0.102
-682.494    913.300    -0.102
-682.224    913.004    -0.102
-681.958    912.715    -0.102
-681.691    912.424    -0.102
-681.422    912.130    -0.102
-681.151    911.834    -0.102
-680.881    911.540    -0.102
-680.610    911.244    -0.102
-680.340    910.950    -0.102
-680.073    910.659    -0.101
-679.800    910.360    -0.101
-679.524    910.062    -0.101
-679.258    909.769    -0.101
-678.988    909.475    -0.101
-678.718    909.180    -0.101
-678.447    908.885    -0.101
-678.177    908.589    -0.101
-677.906    908.296    -0.101
-677.636    908.000    -0.101
-677.365    907.706    -0.101
-677.095    907.410    -0.101
-676.825    907.115    -0.101
-676.559    906.824    -0.101
-676.281    906.519    -0.100
-675.997    906.210    -0.100
-675.736    905.924    -0.100
-675.466    905.629    -0.100
-675.195    905.333    -0.100
-674.926    905.038    -0.100
-674.651    904.737    -0.100
-674.386    904.448    -0.100
-674.116    904.152    -0.100
-673.841    903.853    -0.100
-673.576    903.561    -0.100
-673.301    903.261    -0.100
-673.036    902.971    -0.100
-672.766    902.676    -0.100
-672.495    902.381    -0.099
-672.225    902.086    -0.099
-671.955    901.790    -0.099
-671.680    901.489    -0.099
-671.416    901.199    -0.099
-671.145    900.905    -0.099
-670.874    900.611    -0.099
-670.609    900.320    -0.099
-670.337    900.025    -0.099
-670.067    899.731    -0.099
-669.796    899.435    -0.099
-669.526    899.142    -0.099
-669.255    898.846    -0.099
-668.985    898.551    -0.099
-668.713    898.256    -0.098
-668.444    897.962    -0.098
-668.173    897.666    -0.098
-667.903    897.372    -0.098
-667.631    897.077    -0.098
-667.362    896.782    -0.098
-667.095    896.493    -0.098
-666.819    896.192    -0.098
-666.550    895.898    -0.098
-666.278    895.603    -0.098
-666.009    895.308    -0.098
-665.738    895.013    -0.098
-665.469    894.718    -0.098
-665.194    894.418    -0.098
-664.924    894.122    -0.097
-664.649    893.821    -0.097
-664.384    893.531    -0.097
-664.113    893.237    -0.097
-663.843    892.941    -0.097
-663.573    892.646    -0.097
-663.303    892.350    -0.097
-663.034    892.055    -0.097
-662.759    891.754    -0.097
-662.490    891.460    -0.097
-662.223    891.169    -0.097
-661.953    890.874    -0.097
-661.683    890.579    -0.097
-661.413    890.283    -0.097
-661.143    889.988    -0.097
-660.872    889.692    -0.096
-660.603    889.397    -0.096
-660.333    889.102    -0.096
-660.058    888.802    -0.096
-659.803    888.522    -0.096
-659.532    888.227    -0.096
-659.261    887.932    -0.096
-658.991    887.638    -0.096
-658.719    887.343    -0.096
-658.454    887.054    -0.096
-658.179    886.752    -0.096
-657.908    886.458    -0.096
-657.637    886.163    -0.096
-657.366    885.869    -0.096
-657.096    885.574    -0.095
-656.825    885.279    -0.095
-656.554    884.986    -0.095
-656.284    884.689    -0.095
-656.013    884.395    -0.095
-655.742    884.101    -0.095
-655.472    883.806    -0.095
-655.202    883.510    -0.095
-654.931    883.217    -0.095
-654.661    882.921    -0.095
-654.390    882.626    -0.095
-654.119    882.332    -0.095
-653.849    882.037    -0.095
-653.574    881.737    -0.095
-653.302    881.441    -0.095
-653.038    881.152    -0.094
-652.763    880.853    -0.094
-652.491    880.557    -0.094
-652.226    880.268    -0.094
-651.947    879.963    -0.094
-651.685    879.678    -0.094
-651.410    879.378    -0.094
-651.139    879.082    -0.094
-650.869    878.789    -0.094
-650.597    878.492    -0.094
-650.333    878.204    -0.094
-650.053    877.898    -0.094
-649.792    877.614    -0.094
-649.521    877.318    -0.094
-649.242    877.014    -0.094
-648.980    876.728    -0.093
-648.710    876.435    -0.093
-648.434    876.135    -0.093
-648.162    875.839    -0.093
-647.897    875.551    -0.093
-647.626    875.257    -0.093
-647.350    874.959    -0.093
-647.083    874.667    -0.093
-646.807    874.368    -0.093
-646.542    874.079    -0.093
-646.266    873.780    -0.093
-645.998    873.490    -0.093
-645.722    873.191    -0.093
-645.456    872.902    -0.093
-645.186    872.608    -0.092
-644.911    872.308    -0.092
-644.644    872.018    -0.092
-644.368    871.720    -0.092
-644.102    871.430    -0.092
-643.826    871.132    -0.092
-643.559    870.841    -0.092
-643.283    870.542    -0.092
-643.008    870.243    -0.092
-642.738    869.948    -0.092
-642.469    869.652    -0.092
-642.198    869.358    -0.092
-641.928    869.062    -0.092
-641.657    868.767    -0.092
-641.387    868.472    -0.092
-641.117    868.177    -0.091
-640.846    867.881    -0.091
-640.576    867.587    -0.091
-640.306    867.292    -0.091
-640.037    866.996    -0.091
-639.766    866.701    -0.091
-639.496    866.406    -0.091
-639.226    866.111    -0.091
-638.951    865.809    -0.091
-638.685    865.521    -0.091
-638.415    865.225    -0.091
-638.145    864.930    -0.091
-637.879    864.640    -0.091
-637.614    864.349    -0.091
-637.343    864.054    -0.091
-637.073    863.760    -0.090
-636.803    863.463    -0.090
-636.532    863.169    -0.090
-636.262    862.874    -0.090
-635.991    862.579    -0.090
-635.721    862.283    -0.090
-635.450    861.990    -0.090
-635.180    861.695    -0.090
-634.910    861.399    -0.090
-634.640    861.105    -0.090
-634.369    860.810    -0.090
-634.099    860.515    -0.090
-633.829    860.219    -0.090
-633.558    859.925    -0.090
-633.288    859.629    -0.090
-633.017    859.335    -0.089
-632.747    859.039    -0.089
-632.478    858.745    -0.089
-632.203    858.444    -0.089
-631.932    858.149    -0.089
-631.662    857.854    -0.089
-631.391    857.559    -0.089
-631.121    857.265    -0.089
-630.850    856.969    -0.089
-630.580    856.675    -0.089
-630.309    856.379    -0.089
-630.044    856.090    -0.089
-629.765    855.785    -0.089
-629.503    855.500    -0.089
-629.228    855.200    -0.089
-628.957    854.905    -0.088
-628.692    854.615    -0.088
-628.417    854.316    -0.088
-628.145    854.019    -0.088
-627.876    853.726    -0.088
-627.604    853.429    -0.088
-627.340    853.141    -0.088
-627.061    852.836    -0.088
-626.790    852.540    -0.088
-626.520    852.245    -0.088
-626.255    851.954    -0.088
-625.984    851.659    -0.088
-625.710    851.359    -0.088
-625.440    851.064    -0.088
-625.170    850.768    -0.088
-624.899    850.473    -0.087
-624.629    850.177    -0.087
-624.360    849.882    -0.087
-624.090    849.586    -0.087
-623.824    849.296    -0.087
-623.550    848.996    -0.087
-623.280    848.701    -0.087
-623.010    848.405    -0.087
-622.745    848.116    -0.087
-622.470    847.814    -0.087
-622.200    847.518    -0.087
-621.935    847.229    -0.087
-621.661    846.929    -0.087
-621.396    846.639    -0.087
-621.124    846.341    -0.087
-620.851    846.043    -0.086
-620.590    845.757    -0.086
-620.311    845.452    -0.086
-620.041    845.155    -0.086
-619.780    844.871    -0.086
-619.501    844.565    -0.086
-619.241    844.280    -0.086
-618.962    843.974    -0.086
-618.701    843.689    -0.086
-618.422    843.383    -0.086
-618.161    843.098    -0.086
-617.882    842.792    -0.086
-617.622    842.507    -0.086
-617.342    842.202    -0.086
-617.081    841.916    -0.086
-616.802    841.611    -0.086
-616.542    841.325    -0.085
-616.263    841.020    -0.085
-616.002    840.735    -0.085
-615.722    840.430    -0.085
-615.452    840.134    -0.085
-615.191    839.849    -0.085
-614.911    839.544    -0.085
-614.641    839.249    -0.085
-614.379    838.964    -0.085
-614.100    838.659    -0.085
-613.840    838.374    -0.085
-613.560    838.069    -0.085
-613.294    837.778    -0.085
-613.025    837.484    -0.085
-612.753    837.188    -0.085
-612.484    836.894    -0.084
-612.208    836.594    -0.084
-611.947    836.308    -0.084
-611.668    836.003    -0.084
-611.407    835.718    -0.084
-611.132    835.418    -0.084
-610.857    835.119    -0.084
-610.587    834.824    -0.084
-610.322    834.534    -0.084
-610.046    834.233    -0.084
-609.776    833.937    -0.084
-609.505    833.643    -0.084
-609.235    833.347    -0.084
-608.968    833.058    -0.084
-608.695    832.758    -0.084
-608.424    832.464    -0.083
-608.154    832.169    -0.083
-607.888    831.879    -0.083
-607.617    831.583    -0.083
-607.342    831.284    -0.083
-607.072    830.989    -0.083
-606.802    830.693    -0.083
-606.531    830.399    -0.083
-606.271    830.113    -0.083
-605.991    829.809    -0.083
-605.721    829.513    -0.083
-605.450    829.219    -0.083
-605.184    828.927    -0.083
-604.915    828.634    -0.083
-604.639    828.333    -0.083
-604.369    828.038    -0.083
-604.103    827.748    -0.082
-603.833    827.453    -0.082
-603.559    827.153    -0.082
-603.288    826.858    -0.082
-603.022    826.568    -0.082
-602.752    826.273    -0.082
-602.477    825.973    -0.082
-602.211    825.682    -0.082
-601.936    825.383    -0.082
-601.671    825.092    -0.082
-601.400    824.797    -0.082
-601.125    824.497    -0.082
-600.861    824.208    -0.082
-600.586    823.906    -0.082
-600.319    823.616    -0.082
-600.050    823.322    -0.082
-599.779    823.026    -0.081
-599.513    822.736    -0.081
-599.243    822.442    -0.081
-598.973    822.146    -0.081
-598.699    821.846    -0.081
-598.434    821.555    -0.081
-598.158    821.254    -0.081
-597.894    820.966    -0.081
-597.623    820.670    -0.081
-597.349    820.370    -0.081
-597.083    820.079    -0.081
-596.813    819.784    -0.081
-596.543    819.487    -0.081
-596.268    819.187    -0.081
-596.004    818.897    -0.081
-595.735    818.602    -0.080
-595.464    818.306    -0.080
-595.194    818.012    -0.080
-594.920    817.711    -0.080
-594.649    817.415    -0.080
-594.380    817.120    -0.080
-594.105    816.819    -0.080
-593.844    816.533    -0.080
-593.564    816.229    -0.080
-593.298    815.939    -0.080
-593.029    815.645    -0.080
-592.754    815.344    -0.080
-592.488    815.054    -0.080
-592.218    814.760    -0.080
-591.942    814.459    -0.080
-591.676    814.169    -0.080
-591.401    813.870    -0.079
-591.135    813.580    -0.079
-590.864    813.284    -0.079
-590.590    812.986    -0.079
-590.324    812.695    -0.079
-590.053    812.400    -0.079
-589.778    812.101    -0.079
-589.512    811.812    -0.079
-589.237    811.511    -0.079
-588.961    811.210    -0.079
-588.696    810.922    -0.079
-588.425    810.626    -0.079
-588.150    810.326    -0.079
-587.881    810.032    -0.079
-587.614    809.742    -0.079
-587.343    809.447    -0.079
-587.067    809.147    -0.078
-586.802    808.858    -0.078
-586.526    808.559    -0.078
-586.259    808.269    -0.078
-585.983    807.969    -0.078
-585.717    807.680    -0.078
-585.447    807.386    -0.078
-585.172    807.087    -0.078
-584.900    806.791    -0.078
-584.634    806.503    -0.078
-584.363    806.208    -0.078
-584.092    805.914    -0.078
-583.822    805.618    -0.078
-583.555    805.328    -0.078
-583.285    805.034    -0.078
-583.020    804.744    -0.078
-582.741    804.438    -0.077
-582.481    804.152    -0.077
-582.206    803.850    -0.077
-581.938    803.556    -0.077
-581.672    803.264    -0.077
-581.398    802.964    -0.077
-581.129    802.668    -0.077
-580.863    802.378    -0.077
-580.594    802.081    -0.077
-580.320    801.780    -0.077
-580.052    801.486    -0.077
-579.786    801.193    -0.077
-579.512    800.894    -0.077
-579.243    800.598    -0.077
-578.977    800.307    -0.077
-578.708    800.010    -0.077
-578.433    799.710    -0.077
-578.164    799.414    -0.076
-577.899    799.124    -0.076
-577.630    798.827    -0.076
-577.359    798.533    -0.076
-577.079    798.229    -0.076
-576.817    797.945    -0.076
-576.546    797.650    -0.076
-576.275    797.355    -0.076
-575.996    797.050    -0.076
-575.734    796.766    -0.076
-575.463    796.472    -0.076
-575.183    796.166    -0.076
-574.913    795.872    -0.076
-574.643    795.577    -0.076
-574.372    795.282    -0.076
-574.101    794.987    -0.076
-573.830    794.693    -0.075
-573.559    794.398    -0.075
-573.289    794.103    -0.075
-573.018    793.808    -0.075
-572.747    793.514    -0.075
-572.476    793.219    -0.075
-572.205    792.925    -0.075
-571.934    792.630    -0.075
-571.659    792.330    -0.075
-571.394    792.041    -0.075
-571.123    791.746    -0.075
-570.853    791.451    -0.075
-570.583    791.155    -0.075
-570.313    790.860    -0.075
-570.042    790.565    -0.075
-569.773    790.270    -0.075
-569.503    789.974    -0.074
-569.237    789.684    -0.074
-568.963    789.384    -0.074
-568.693    789.089    -0.074
-568.422    788.794    -0.074
-568.157    788.504    -0.074
-567.882    788.202    -0.074
-567.611    787.908    -0.074
-567.341    787.612    -0.074
-567.076    787.322    -0.074
-566.802    787.023    -0.074
-566.531    786.728    -0.074
-566.261    786.433    -0.074
-565.991    786.136    -0.074
-565.721    785.842    -0.074
-565.451    785.546    -0.074
-565.180    785.252    -0.074
-564.914    784.960    -0.073
-564.646    784.666    -0.073
-564.371    784.365    -0.073
-564.101    784.070    -0.073
-563.831    783.774    -0.073
-563.569    783.490    -0.073
-563.299    783.194    -0.073
-563.020    782.889    -0.073
-562.759    782.603    -0.073
-562.489    782.308    -0.073
-562.214    782.008    -0.073
-561.945    781.714    -0.073
-561.679    781.424    -0.073
-561.409    781.127    -0.073
-561.130    780.822    -0.073
-560.868    780.538    -0.073
-560.597    780.244    -0.072
-560.317    779.938    -0.072
-560.056    779.654    -0.072
-559.785    779.359    -0.072
-559.515    779.064    -0.072
-559.235    778.759    -0.072
-558.974    778.475    -0.072
-558.703    778.180    -0.072
-558.432    777.885    -0.072
-558.152    777.580    -0.072
-557.882    777.286    -0.072
-557.620    777.000    -0.072
-557.340    776.696    -0.072
-557.074    776.407    -0.072
-556.805    776.112    -0.072
-556.529    775.812    -0.072
-556.263    775.522    -0.072
-555.993    775.229    -0.071
-555.716    774.927    -0.071
-555.450    774.638    -0.071
-555.181    774.344    -0.071
-554.904    774.044    -0.071
-554.633    773.748    -0.071
-554.373    773.464    -0.071
-554.093    773.159    -0.071
-553.826    772.869    -0.071
-553.557    772.575    -0.071
-553.281    772.275    -0.071
-553.015    771.986    -0.071
-552.745    771.691    -0.071
-552.469    771.391    -0.071
-552.202    771.100    -0.071
-551.927    770.802    -0.071
-551.662    770.512    -0.071
-551.386    770.212    -0.070
-551.120    769.921    -0.070
-550.845    769.623    -0.070
-550.575    769.327    -0.070
-550.305    769.032    -0.070
-550.040    768.741    -0.070
-549.769    768.446    -0.070
-549.495    768.145    -0.070
-549.225    767.850    -0.070
-548.955    767.556    -0.070
-548.685    767.260    -0.070
-548.425    766.975    -0.070
-548.145    766.669    -0.070
-547.875    766.374    -0.070
-547.614    766.089    -0.070
-547.335    765.783    -0.070
-547.073    765.498    -0.070
-546.798    765.198    -0.069
-546.530    764.903    -0.069
-546.264    764.613    -0.069
-545.994    764.316    -0.069
-545.715    764.012    -0.069
-545.454    763.726    -0.069
-545.184    763.431    -0.069
-544.905    763.124    -0.069
-544.644    762.841    -0.069
-544.373    762.545    -0.069
-544.104    762.250    -0.069
-543.825    761.945    -0.069
-543.564    761.659    -0.069
-543.293    761.365    -0.069
-543.013    761.060    -0.069
-542.752    760.775    -0.069
-542.481    760.480    -0.069
-542.210    760.186    -0.068
-541.936    759.886    -0.068
-541.664    759.590    -0.068
-541.399    759.301    -0.068
-541.129    759.006    -0.068
-540.849    758.701    -0.068
-540.587    758.417    -0.068
-540.308    758.111    -0.068
-540.047    757.827    -0.068
-539.766    757.523    -0.068
-539.505    757.237    -0.068
-539.225    756.933    -0.068
-538.964    756.648    -0.068
-538.685    756.343    -0.068
-538.424    756.057    -0.068
-538.144    755.753    -0.068
-537.884    755.467    -0.068
-537.604    755.162    -0.067
-537.342    754.877    -0.067
-537.063    754.572    -0.067
-536.802    754.286    -0.067
-536.523    753.981    -0.067
-536.262    753.696    -0.067
-535.983    753.391    -0.067
-535.722    753.105    -0.067
-535.443    752.801    -0.067
-535.173    752.506    -0.067
-534.911    752.220    -0.067
-534.632    751.915    -0.067
-534.366    751.624    -0.067
-534.097    751.331    -0.067
-533.821    751.029    -0.067
-533.561    750.745    -0.067
-533.282    750.439    -0.067
-533.016    750.149    -0.067
-532.746    749.855    -0.066
-532.473    749.560    -0.066
-532.203    749.266    -0.066
-531.926    748.967    -0.066
-531.664    748.682    -0.066
-531.384    748.378    -0.066
-531.123    748.094    -0.066
-530.842    747.789    -0.066
-530.575    747.501    -0.066
-530.299    747.202    -0.066
-530.033    746.914    -0.066
-529.757    746.612    -0.066
-529.489    746.324    -0.066
-529.214    746.025    -0.066
-528.948    745.736    -0.066
-528.671    745.436    -0.066
-528.401    745.141    -0.066
-528.135    744.851    -0.065
-527.862    744.551    -0.065
-527.592    744.255    -0.065
-527.322    743.960    -0.065
-527.057    743.669    -0.065
-526.787    743.373    -0.065
-526.513    743.073    -0.065
-526.243    742.777    -0.065
-525.984    742.492    -0.065
-525.704    742.186    -0.065
-525.440    741.896    -0.065
-525.169    741.599    -0.065
-524.895    741.299    -0.065
-524.635    741.013    -0.065
-524.356    740.708    -0.065
-524.095    740.422    -0.065
-523.816    740.117    -0.065
-523.555    739.831    -0.065
-523.277    739.525    -0.064
-523.017    739.239    -0.064
-522.738    738.934    -0.064
-522.477    738.648    -0.064
-522.208    738.352    -0.064
-521.929    738.046    -0.064
-521.667    737.762    -0.064
-521.388    737.457    -0.064
-521.126    737.172    -0.064
-520.847    736.867    -0.064
-520.587    736.582    -0.064
-520.307    736.277    -0.064
-520.046    735.992    -0.064
-519.775    735.697    -0.064
-519.495    735.392    -0.064
-519.234    735.108    -0.064
-518.954    734.802    -0.064
-518.693    734.517    -0.064
-518.414    734.212    -0.063
-518.153    733.928    -0.063
-517.874    733.621    -0.063
-517.612    733.337    -0.063
-517.333    733.031    -0.063
-517.072    732.747    -0.063
-516.792    732.442    -0.063
-516.530    732.157    -0.063
-516.251    731.852    -0.063
-515.990    731.566    -0.063
-515.714    731.267    -0.063
-515.446    730.973    -0.063
-515.180    730.681    -0.063
-514.900    730.377    -0.063
-514.639    730.091    -0.063
-514.369    729.796    -0.063
-514.090    729.491    -0.063
-513.828    729.206    -0.062
-513.549    728.901    -0.062
-513.288    728.614    -0.062
-513.009    728.310    -0.062
-512.748    728.024    -0.062
-512.469    727.720    -0.062
-512.208    727.434    -0.062
-511.929    727.129    -0.062
-511.668    726.844    -0.062
-511.392    726.543    -0.062
-511.124    726.250    -0.062
-510.857    725.958    -0.062
-510.578    725.653    -0.062
-510.317    725.368    -0.062
-510.038    725.063    -0.062
-509.776    724.778    -0.062
-509.497    724.473    -0.062
-509.236    724.187    -0.062
-508.956    723.883    -0.061
-508.695    723.598    -0.061
-508.415    723.293    -0.061
-508.145    722.997    -0.061
-507.875    722.702    -0.061
-507.609    722.412    -0.061
-507.335    722.113    -0.061
-507.065    721.818    -0.061
-506.794    721.523    -0.061
-506.524    721.228    -0.061
-506.259    720.937    -0.061
-505.983    720.637    -0.061
-505.717    720.346    -0.061
-505.443    720.047    -0.061
-505.172    719.752    -0.061
-504.903    719.457    -0.061
-504.632    719.162    -0.061
-504.370    718.877    -0.061
-504.091    718.572    -0.061
-503.820    718.278    -0.060
-503.550    717.982    -0.060
-503.288    717.697    -0.060
-503.009    717.393    -0.060
-502.747    717.108    -0.060
-502.478    716.812    -0.060
-502.198    716.508    -0.060
-501.937    716.223    -0.060
-501.657    715.918    -0.060
-501.396    715.633    -0.060
-501.125    715.338    -0.060
-500.854    715.043    -0.060
-500.575    714.738    -0.060
-500.313    714.454    -0.060
-500.044    714.157    -0.060
-499.775    713.862    -0.060
-499.496    713.556    -0.060
-499.235    713.271    -0.060
-498.966    712.975    -0.059
-498.692    712.674    -0.059
-498.421    712.378    -0.059
-498.157    712.087    -0.059
-497.883    711.788    -0.059
-497.612    711.491    -0.059
-497.343    711.197    -0.059
-497.073    710.900    -0.059
-496.800    710.600    -0.059
-496.530    710.304    -0.059
-496.260    710.009    -0.059
-495.990    709.713    -0.059
-495.720    709.418    -0.059
-495.451    709.121    -0.059
-495.181    708.826    -0.059
-494.915    708.535    -0.059
-494.644    708.243    -0.059
-494.368    707.943    -0.059
-494.096    707.649    -0.059
-493.825    707.355    -0.058
-493.557    707.066    -0.058
-493.281    706.769    -0.058
-493.010    706.474    -0.058
-492.743    706.186    -0.058
-492.465    705.886    -0.058
-492.194    705.593    -0.058
-491.927    705.303    -0.058
-491.662    705.015    -0.058
-491.394    704.726    -0.058
-491.117    704.427    -0.058
-490.845    704.133    -0.058
-490.578    703.844    -0.058
-490.302    703.546    -0.058
-490.035    703.258    -0.058
-489.760    702.958    -0.058
-489.488    702.664    -0.058
-489.216    702.371    -0.058
-488.954    702.086    -0.057
-488.675    701.781    -0.057
-488.405    701.485    -0.057
-488.136    701.190    -0.057
-487.870    700.899    -0.057
-487.599    700.603    -0.057
-487.325    700.303    -0.057
-487.057    700.008    -0.057
-486.791    699.718    -0.057
-486.517    699.416    -0.057
-486.247    699.120    -0.057
-485.968    698.815    -0.057
-485.693    698.515    -0.057
-485.428    698.225    -0.057
-485.154    697.925    -0.057
-484.883    697.628    -0.057
-484.618    697.339    -0.057
-484.349    697.043    -0.057
-484.074    696.742    -0.057
-483.805    696.447    -0.056
-483.539    696.157    -0.056
-483.268    695.862    -0.056
-482.993    695.561    -0.056
-482.728    695.272    -0.056
-482.453    694.972    -0.056
-482.182    694.676    -0.056
-481.917    694.386    -0.056
-481.647    694.091    -0.056
-481.377    693.796    -0.056
-481.098    693.491    -0.056
-480.836    693.206    -0.056
-480.566    692.911    -0.056
-480.296    692.615    -0.056
-480.025    692.321    -0.056
-479.755    692.025    -0.056
-479.489    691.735    -0.056
-479.220    691.441    -0.056
-478.945    691.140    -0.056
-478.679    690.849    -0.055
-478.410    690.555    -0.055
-478.135    690.253    -0.055
-477.869    689.963    -0.055
-477.595    689.663    -0.055
-477.330    689.372    -0.055
-477.060    689.075    -0.055
-476.786    688.776    -0.055
-476.523    688.485    -0.055
-476.252    688.189    -0.055
-475.978    687.890    -0.055
-475.713    687.598    -0.055
-475.443    687.302    -0.055
-475.169    687.001    -0.055
-474.904    686.712    -0.055
-474.633    686.415    -0.055
-474.360    686.114    -0.055
-474.090    685.819    -0.055
-473.821    685.524    -0.055
-473.552    685.227    -0.054
-473.282    684.932    -0.054
-473.012    684.636    -0.054
-472.747    684.345    -0.054
-472.473    684.045    -0.054
-472.208    683.755    -0.054
-471.933    683.453    -0.054
-471.663    683.158    -0.054
-471.392    682.863    -0.054
-471.127    682.573    -0.054
-470.853    682.274    -0.054
-470.588    681.983    -0.054
-470.313    681.682    -0.054
-470.047    681.391    -0.054
-469.773    681.092    -0.054
-469.503    680.796    -0.054
-469.238    680.507    -0.054
-468.966    680.209    -0.054
-468.692    679.911    -0.054
-468.423    679.615    -0.054
-468.158    679.325    -0.053
-467.887    679.028    -0.053
-467.613    678.729    -0.053
-467.343    678.433    -0.053
-467.073    678.138    -0.053
-466.812    677.852    -0.053
-466.533    677.547    -0.053
-466.272    677.262    -0.053
-465.993    676.957    -0.053
-465.724    676.662    -0.053
-465.463    676.375    -0.053
-465.185    676.070    -0.053
-464.915    675.774    -0.053
-464.654    675.488    -0.053
-464.375    675.183    -0.053
-464.110    674.893    -0.053
-463.840    674.597    -0.053
-463.565    674.297    -0.053
-463.295    674.001    -0.053
-463.027    673.705    -0.052
-462.757    673.409    -0.052
-462.487    673.114    -0.052
-462.217    672.818    -0.052
-461.952    672.527    -0.052
-461.678    672.227    -0.052
-461.408    671.932    -0.052
-461.138    671.636    -0.052
-460.869    671.340    -0.052
-460.598    671.046    -0.052
-460.328    670.751    -0.052
-460.057    670.457    -0.052
-459.791    670.167    -0.052
-459.519    669.872    -0.052
-459.244    669.572    -0.052
-458.974    669.278    -0.052
-458.703    668.983    -0.052
-458.432    668.688    -0.052
-458.161    668.393    -0.052
-457.900    668.110    -0.052
-457.629    667.814    -0.051
-457.354    667.514    -0.051
-457.084    667.220    -0.051
-456.817    666.931    -0.051
-456.546    666.635    -0.051
-456.270    666.336    -0.051
-456.001    666.043    -0.051
-455.734    665.751    -0.051
-455.464    665.457    -0.051
-455.193    665.162    -0.051
-454.913    664.858    -0.051
-454.652    664.572    -0.051
-454.383    664.277    -0.051
-454.113    663.980    -0.051
-453.843    663.686    -0.051
-453.564    663.380    -0.051
-453.303    663.095    -0.051
-453.033    662.799    -0.051
-452.764    662.504    -0.051
-452.485    662.198    -0.051
-452.216    661.902    -0.050
-451.937    661.597    -0.050
-451.676    661.311    -0.050
-451.406    661.016    -0.050
-451.136    660.720    -0.050
-450.866    660.425    -0.050
-450.591    660.124    -0.050
-450.327    659.834    -0.050
-450.058    659.538    -0.050
-449.784    659.238    -0.050
-449.512    658.942    -0.050
-449.246    658.654    -0.050
-448.975    658.359    -0.050
-448.704    658.065    -0.050
-448.433    657.769    -0.050
-448.162    657.475    -0.050
-447.891    657.180    -0.050
-447.621    656.886    -0.050
-447.350    656.592    -0.050
-447.074    656.292    -0.050
-446.808    656.004    -0.049
-446.537    655.708    -0.049
-446.266    655.414    -0.049
-445.995    655.119    -0.049
-445.724    654.825    -0.049
-445.453    654.530    -0.049
-445.182    654.236    -0.049
-444.912    653.941    -0.049
-444.641    653.647    -0.049
-444.370    653.352    -0.049
-444.100    653.057    -0.049
-443.829    652.762    -0.049
-443.558    652.467    -0.049
-443.289    652.171    -0.049
-443.019    651.876    -0.049
-442.750    651.580    -0.049
-442.481    651.283    -0.049
-442.216    650.993    -0.049
-441.943    650.692    -0.049
-441.679    650.401    -0.049
-441.413    650.109    -0.048
-441.139    649.808    -0.048
-440.875    649.518    -0.048
-440.602    649.217    -0.048
-440.336    648.925    -0.048
-440.062    648.624    -0.048
-439.795    648.328    -0.048
-439.530    648.036    -0.048
-439.255    647.735    -0.048
-438.987    647.440    -0.048
-438.722    647.148    -0.048
-438.447    646.847    -0.048
-438.179    646.552    -0.048
-437.914    646.260    -0.048
-437.639    645.959    -0.048
-437.373    645.671    -0.048
-437.100    645.370    -0.048
-436.833    645.080    -0.048
-436.563    644.785    -0.048
-436.287    644.485    -0.048
-436.017    644.192    -0.048
-435.742    643.890    -0.047
-435.475    643.601    -0.047
-435.206    643.306    -0.047
-434.930    643.006    -0.047
-434.669    642.720    -0.047
-434.390    642.416    -0.047
-434.124    642.125    -0.047
-433.854    641.832    -0.047
-433.583    641.535    -0.047
-433.313    641.242    -0.047
-433.038    640.940    -0.047
-432.771    640.651    -0.047
-432.502    640.357    -0.047
-432.230    640.061    -0.047
-431.961    639.768    -0.047
-431.686    639.466    -0.047
-431.419    639.177    -0.047
-431.150    638.882    -0.047
-430.878    638.587    -0.047
-430.604    638.287    -0.047
-430.334    637.992    -0.047
-430.063    637.697    -0.046
-429.798    637.407    -0.046
-429.522    637.106    -0.046
-429.257    636.816    -0.046
-428.983    636.516    -0.046
-428.712    636.222    -0.046
-428.442    635.926    -0.046
-428.171    635.632    -0.046
-427.901    635.337    -0.046
-427.631    635.041    -0.046
-427.360    634.746    -0.046
-427.090    634.451    -0.046
-426.824    634.161    -0.046
-426.551    633.861    -0.046
-426.285    633.572    -0.046
-426.010    633.270    -0.046
-425.739    632.976    -0.046
-425.473    632.684    -0.046
-425.199    632.386    -0.046
-424.929    632.090    -0.046
-424.664    631.800    -0.046
-424.388    631.499    -0.045
-424.123    631.208    -0.045
-423.849    630.909    -0.045
-423.584    630.619    -0.045
-423.309    630.318    -0.045
-423.043    630.027    -0.045
-422.769    629.728    -0.045
-422.499    629.431    -0.045
-422.229    629.137    -0.045
-421.963    628.846    -0.045
-421.692    628.551    -0.045
-421.419    628.251    -0.045
-421.149    627.956    -0.045
-420.879    627.659    -0.045
-420.613    627.370    -0.045
-420.344    627.074    -0.045
-420.068    626.774    -0.045
-419.801    626.484    -0.045
-419.531    626.191    -0.045
-419.259    625.895    -0.045
-418.989    625.602    -0.045
-418.723    625.312    -0.044
-418.443    625.007    -0.044
-418.180    624.724    -0.044
-417.909    624.429    -0.044
-417.629    624.125    -0.044
-417.367    623.840    -0.044
-417.096    623.546    -0.044
-416.820    623.246    -0.044
-416.550    622.953    -0.044
-416.284    622.662    -0.044
-416.012    622.369    -0.044
-415.743    622.072    -0.044
-415.464    621.767    -0.044
-415.204    621.480    -0.044
-414.934    621.186    -0.044
-414.664    620.889    -0.044
-414.386    620.583    -0.044
-414.125    620.299    -0.044
-413.847    619.992    -0.044
-413.578    619.697    -0.044
-413.303    619.395    -0.044
-413.039    619.106    -0.044
-412.765    618.805    -0.043
-412.499    618.514    -0.043
-412.229    618.218    -0.043
-411.959    617.923    -0.043
-411.690    617.626    -0.043
-411.415    617.326    -0.043
-411.151    617.035    -0.043
-410.882    616.739    -0.043
-410.613    616.443    -0.043
-410.343    616.148    -0.043
-410.073    615.852    -0.043
-409.803    615.557    -0.043
-409.533    615.261    -0.043
-409.264    614.965    -0.043
-408.994    614.670    -0.043
-408.719    614.369    -0.043
-408.450    614.075    -0.043
-408.180    613.778    -0.043
-407.915    613.489    -0.043
-407.636    613.183    -0.043
-407.376    612.897    -0.043
-407.106    612.601    -0.042
-406.827    612.296    -0.042
-406.566    612.010    -0.042
-406.291    611.709    -0.042
-406.022    611.414    -0.042
-405.756    611.124    -0.042
-405.482    610.822    -0.042
-405.214    610.528    -0.042
-404.943    610.231    -0.042
-404.678    609.941    -0.042
-404.398    609.638    -0.042
-404.136    609.352    -0.042
-403.865    609.058    -0.042
-403.588    608.759    -0.042
-403.327    608.475    -0.042
-403.061    608.185    -0.042
-402.786    607.886    -0.042
-402.515    607.591    -0.042
-402.248    607.302    -0.042
-401.968    606.997    -0.042
-401.705    606.713    -0.042
-401.435    606.418    -0.042
-401.155    606.114    -0.041
-400.892    605.830    -0.041
-400.617    605.530    -0.041
-400.347    605.236    -0.041
-400.080    604.946    -0.041
-399.800    604.642    -0.041
-399.538    604.358    -0.041
-399.267    604.063    -0.041
-398.988    603.757    -0.041
-398.728    603.472    -0.041
-398.458    603.176    -0.041
-398.179    602.871    -0.041
-397.920    602.584    -0.041
-397.641    602.279    -0.041
-397.380    601.993    -0.041
-397.101    601.688    -0.041
-396.841    601.401    -0.041
-396.562    601.096    -0.041
-396.301    600.811    -0.041
-396.022    600.505    -0.041
-395.761    600.219    -0.041
-395.482    599.914    -0.041
-395.222    599.628    -0.041
-394.943    599.323    -0.040
-394.683    599.038    -0.040
-394.404    598.732    -0.040
-394.143    598.447    -0.040
-393.865    598.140    -0.040
-393.603    597.855    -0.040
-393.325    597.549    -0.040
-393.063    597.265    -0.040
-392.783    596.960    -0.040
-392.513    596.666    -0.040
-392.243    596.370    -0.040
-391.972    596.076    -0.040
-391.701    595.781    -0.040
-391.430    595.486    -0.040
-391.159    595.191    -0.040
-390.888    594.897    -0.040
-390.618    594.602    -0.040
-390.347    594.307    -0.040
-390.081    594.018    -0.040
-389.807    593.718    -0.040
-389.536    593.424    -0.040
-389.265    593.129    -0.040
-388.994    592.835    -0.039
-388.724    592.539    -0.039
-388.453    592.245    -0.039
-388.182    591.949    -0.039
-387.912    591.655    -0.039
-387.641    591.360    -0.039
-387.380    591.075    -0.039
-387.100    590.770    -0.039
-386.839    590.486    -0.039
-386.558    590.181    -0.039
-386.297    589.897    -0.039
-386.017    589.592    -0.039
-385.755    589.307    -0.039
-385.475    589.003    -0.039
-385.214    588.718    -0.039
-384.939    588.418    -0.039
-384.669    588.124    -0.039
-384.402    587.834    -0.039
-384.126    587.534    -0.039
-383.857    587.240    -0.039
-383.590    586.949    -0.039
-383.314    586.650    -0.039
-383.044    586.356    -0.039
-382.773    586.060    -0.038
-382.504    585.766    -0.038
-382.237    585.477    -0.038
-381.956    585.172    -0.038
-381.695    584.887    -0.038
-381.416    584.582    -0.038
-381.154    584.297    -0.038
-380.874    583.993    -0.038
-380.613    583.707    -0.038
-380.333    583.403    -0.038
-380.072    583.118    -0.038
-379.798    582.817    -0.038
-379.530    582.521    -0.038
-379.264    582.230    -0.038
-378.990    581.928    -0.038
-378.722    581.633    -0.038
-378.452    581.336    -0.038
-378.184    581.041    -0.038
-377.918    580.749    -0.038
-377.644    580.448    -0.038
-377.376    580.152    -0.038
-377.112    579.860    -0.038
-376.838    579.559    -0.038
-376.570    579.264    -0.037
-376.304    578.973    -0.037
-376.035    578.676    -0.037
-375.766    578.380    -0.037
-375.492    578.078    -0.037
-375.222    577.785    -0.037
-374.955    577.495    -0.037
-374.685    577.200    -0.037
-374.409    576.900    -0.037
-374.138    576.608    -0.037
-373.871    576.317    -0.037
-373.600    576.023    -0.037
-373.329    575.728    -0.037
-373.049    575.424    -0.037
-372.786    575.140    -0.037
-372.515    574.846    -0.037
-372.243    574.551    -0.037
-371.974    574.257    -0.037
-371.703    573.963    -0.037
-371.436    573.674    -0.037
-371.164    573.379    -0.037
-370.889    573.079    -0.037
-370.623    572.791    -0.037
-370.350    572.495    -0.037
-370.080    572.203    -0.036
-369.804    571.902    -0.036
-369.543    571.618    -0.036
-369.263    571.313    -0.036
-368.992    571.019    -0.036
-368.730    570.734    -0.036
-368.450    570.431    -0.036
-368.184    570.140    -0.036
-367.913    569.845    -0.036
-367.638    569.546    -0.036
-367.372    569.256    -0.036
-367.102    568.961    -0.036
-366.832    568.667    -0.036
-366.561    568.371    -0.036
-366.282    568.067    -0.036
-366.006    567.766    -0.036
-365.740    567.476    -0.036
-365.470    567.183    -0.036
-365.194    566.882    -0.036
-364.928    566.592    -0.036
-364.658    566.298    -0.036
-364.383    565.997    -0.036
-364.117    565.707    -0.036
-363.847    565.413    -0.036
-363.576    565.118    -0.035
-363.301    564.819    -0.035
-363.035    564.529    -0.035
-362.763    564.233    -0.035
-362.488    563.935    -0.035
-362.222    563.646    -0.035
-361.950    563.351    -0.035
-361.675    563.052    -0.035
-361.404    562.757    -0.035
-361.142    562.473    -0.035
-360.862    562.169    -0.035
-360.599    561.884    -0.035
-360.328    561.591    -0.035
-360.057    561.296    -0.035
-359.782    560.997    -0.035
-359.510    560.702    -0.035
-359.245    560.412    -0.035
-358.974    560.119    -0.035
-358.702    559.824    -0.035
-358.427    559.526    -0.035
-358.159    559.235    -0.035
-357.889    558.941    -0.035
-357.617    558.646    -0.035
-357.342    558.347    -0.035
-357.076    558.057    -0.034
-356.807    557.762    -0.034
-356.537    557.466    -0.034
-356.263    557.167    -0.034
-355.997    556.875    -0.034
-355.726    556.580    -0.034
-355.457    556.285    -0.034
-355.182    555.985    -0.034
-354.912    555.691    -0.034
-354.641    555.394    -0.034
-354.372    555.100    -0.034
-354.102    554.803    -0.034
-353.832    554.510    -0.034
-353.561    554.213    -0.034
-353.292    553.919    -0.034
-353.021    553.622    -0.034
-352.752    553.329    -0.034
-352.480    553.032    -0.034
-352.211    552.738    -0.034
-351.940    552.441    -0.034
-351.671    552.148    -0.034
-351.399    551.852    -0.034
-351.129    551.559    -0.034
-350.857    551.264    -0.034
-350.586    550.971    -0.034
-350.318    550.681    -0.033
-350.043    550.381    -0.033
-349.773    550.088    -0.033
-349.501    549.792    -0.033
-349.230    549.499    -0.033
-348.959    549.203    -0.033
-348.689    548.911    -0.033
-348.417    548.614    -0.033
-348.147    548.322    -0.033
-347.874    548.026    -0.033
-347.604    547.733    -0.033
-347.332    547.437    -0.033
-347.062    547.144    -0.033
-346.790    546.849    -0.033
-346.521    546.555    -0.033
-346.249    546.260    -0.033
-345.980    545.965    -0.033
-345.709    545.669    -0.033
-345.441    545.374    -0.033
-345.170    545.078    -0.033
-344.905    544.788    -0.033
-344.630    544.488    -0.033
-344.360    544.191    -0.033
-344.091    543.897    -0.033
-343.821    543.600    -0.032
-343.556    543.311    -0.032
-343.282    543.010    -0.032
-343.011    542.714    -0.032
-342.742    542.419    -0.032
-342.476    542.128    -0.032
-342.201    541.828    -0.032
-341.932    541.533    -0.032
-341.662    541.237    -0.032
-341.392    540.941    -0.032
-341.122    540.646    -0.032
-340.857    540.356    -0.032
-340.582    540.057    -0.032
-340.311    539.760    -0.032
-340.042    539.467    -0.032
-339.770    539.170    -0.032
-339.500    538.877    -0.032
-339.229    538.580    -0.032
-338.964    538.291    -0.032
-338.691    537.991    -0.032
-338.419    537.695    -0.032
-338.150    537.401    -0.032
-337.878    537.105    -0.032
-337.609    536.812    -0.032
-337.338    536.515    -0.032
-337.068    536.221    -0.032
-336.797    535.925    -0.031
-336.528    535.631    -0.031
-336.256    535.335    -0.031
-335.991    535.046    -0.031
-335.715    534.747    -0.031
-335.443    534.453    -0.031
-335.172    534.158    -0.031
-334.905    533.869    -0.031
-334.629    533.569    -0.031
-334.358    533.276    -0.031
-334.086    532.981    -0.031
-333.820    532.693    -0.031
-333.546    532.394    -0.031
-333.273    532.099    -0.031
-333.003    531.806    -0.031
-332.731    531.510    -0.031
-332.460    531.217    -0.031
-332.188    530.922    -0.031
-331.918    530.629    -0.031
-331.645    530.332    -0.031
-331.375    530.040    -0.031
-331.104    529.744    -0.031
-330.834    529.451    -0.031
-330.563    529.155    -0.031
-330.298    528.865    -0.031
-330.023    528.565    -0.031
-329.752    528.269    -0.030
-329.482    527.976    -0.030
-329.211    527.679    -0.030
-328.941    527.385    -0.030
-328.670    527.089    -0.030
-328.402    526.796    -0.030
-328.130    526.498    -0.030
-327.865    526.210    -0.030
-327.586    525.904    -0.030
-327.316    525.609    -0.030
-327.045    525.314    -0.030
-326.775    525.019    -0.030
-326.505    524.723    -0.030
-326.234    524.429    -0.030
-325.959    524.128    -0.030
-325.690    523.835    -0.030
-325.424    523.543    -0.030
-325.153    523.248    -0.030
-324.883    522.954    -0.030
-324.613    522.658    -0.030
-324.343    522.363    -0.030
-324.072    522.068    -0.030
-323.797    521.768    -0.030
-323.531    521.479    -0.030
-323.262    521.184    -0.030
-322.991    520.888    -0.030
-322.721    520.593    -0.029
-322.450    520.298    -0.029
-322.179    520.004    -0.029
-321.909    519.708    -0.029
-321.647    519.424    -0.029
-321.377    519.129    -0.029
-321.097    518.824    -0.029
-320.837    518.538    -0.029
-320.566    518.244    -0.029
-320.296    517.949    -0.029
-320.016    517.644    -0.029
-319.755    517.360    -0.029
-319.484    517.064    -0.029
-319.214    516.769    -0.029
-318.939    516.470    -0.029
-318.668    516.174    -0.029
-318.403    515.884    -0.029
-318.134    515.589    -0.029
-317.859    515.288    -0.029
-317.593    514.998    -0.029
-317.318    514.697    -0.029
-317.053    514.407    -0.029
-316.783    514.112    -0.029
-316.513    513.817    -0.029
-316.234    513.511    -0.029
-315.963    513.217    -0.029
-315.684    512.912    -0.028
-315.424    512.626    -0.028
-315.145    512.321    -0.028
-314.883    512.036    -0.028
-314.604    511.730    -0.028
-314.338    511.440    -0.028
-314.069    511.146    -0.028
-313.798    510.849    -0.028
-313.533    510.559    -0.028
-313.254    510.253    -0.028
-312.992    509.969    -0.028
-312.714    509.663    -0.028
-312.453    509.378    -0.028
-312.174    509.072    -0.028
-311.913    508.787    -0.028
-311.637    508.487    -0.028
-311.368    508.193    -0.028
-311.097    507.897    -0.028
-310.832    507.607    -0.028
-310.566    507.317    -0.028
-310.296    507.021    -0.028
-310.027    506.727    -0.028
-309.756    506.430    -0.028
-309.491    506.141    -0.028
-309.211    505.836    -0.028
-308.950    505.551    -0.028
-308.671    505.245    -0.028
-308.410    504.960    -0.028
-308.130    504.655    -0.027
-307.870    504.370    -0.027
-307.591    504.064    -0.027
-307.330    503.779    -0.027
-307.050    503.474    -0.027
-306.789    503.189    -0.027
-306.510    502.883    -0.027
-306.249    502.598    -0.027
-305.969    502.294    -0.027
-305.708    502.008    -0.027
-305.434    501.709    -0.027
-305.163    501.412    -0.027
-304.889    501.113    -0.027
-304.619    500.817    -0.027
-304.358    500.533    -0.027
-304.079    500.226    -0.027
-303.808    499.932    -0.027
-303.538    499.636    -0.027
-303.272    499.346    -0.027
-303.003    499.051    -0.027
-302.727    498.751    -0.027
-302.458    498.455    -0.027
-302.188    498.160    -0.027
-301.922    497.869    -0.027
-301.648    497.570    -0.027
-301.377    497.276    -0.027
-301.112    496.985    -0.027
-300.841    496.689    -0.026
-300.567    496.389    -0.026
-300.302    496.100    -0.026
-300.030    495.803    -0.026
-299.757    495.504    -0.026
-299.487    495.208    -0.026
-299.217    494.913    -0.026
-298.952    494.623    -0.026
-298.676    494.322    -0.026
-298.405    494.027    -0.026
-298.140    493.737    -0.026
-297.866    493.436    -0.026
-297.595    493.142    -0.026
-297.325    492.846    -0.026
-297.056    492.551    -0.026
-296.790    492.260    -0.026
-296.521    491.966    -0.026
-296.245    491.666    -0.026
-295.975    491.370    -0.026
-295.705    491.075    -0.026
-295.438    490.785    -0.026
-295.164    490.486    -0.026
-294.899    490.195    -0.026
-294.623    489.895    -0.026
-294.354    489.599    -0.026
-294.093    489.314    -0.026
-293.818    489.013    -0.026
-293.549    488.719    -0.026
-293.282    488.428    -0.025
-293.008    488.128    -0.025
-292.738    487.833    -0.025
-292.467    487.537    -0.025
-292.198    487.242    -0.025
-291.932    486.952    -0.025
-291.658    486.652    -0.025
-291.389    486.357    -0.025
-291.122    486.067    -0.025
-290.847    485.765    -0.025
-290.578    485.472    -0.025
-290.312    485.180    -0.025
-290.037    484.880    -0.025
-289.767    484.585    -0.025
-289.501    484.295    -0.025
-289.227    483.994    -0.025
-288.958    483.700    -0.025
-288.692    483.408    -0.025
-288.413    483.103    -0.025
-288.151    482.818    -0.025
-287.872    482.513    -0.025
-287.606    482.222    -0.025
-287.337    481.928    -0.025
-287.062    481.627    -0.025
-286.796    481.336    -0.025
-286.527    481.043    -0.025
-286.256    480.746    -0.025
-285.987    480.452    -0.025
-285.712    480.150    -0.025
-285.446    479.861    -0.024
-285.177    479.566    -0.024
-284.906    479.270    -0.024
-284.636    478.975    -0.024
-284.365    478.679    -0.024
-284.097    478.385    -0.024
-283.826    478.089    -0.024
-283.556    477.794    -0.024
-283.285    477.498    -0.024
-283.011    477.199    -0.024
-282.746    476.909    -0.024
-282.471    476.607    -0.024
-282.201    476.312    -0.024
-281.934    476.023    -0.024
-281.660    475.722    -0.024
-281.391    475.428    -0.024
-281.120    475.132    -0.024
-280.850    474.837    -0.024
-280.580    474.541    -0.024
-280.310    474.246    -0.024
-280.039    473.951    -0.024
-279.773    473.661    -0.024
-279.499    473.361    -0.024
-279.228    473.067    -0.024
-278.964    472.776    -0.024
-278.689    472.475    -0.024
-278.418    472.180    -0.024
-278.148    471.885    -0.024
-277.882    471.594    -0.024
-277.608    471.295    -0.024
-277.342    471.006    -0.023
-277.071    470.709    -0.023
-276.802    470.416    -0.023
-276.531    470.119    -0.023
-276.262    469.825    -0.023
-275.991    469.528    -0.023
-275.721    469.235    -0.023
-275.450    468.938    -0.023
-275.181    468.644    -0.023
-274.910    468.348    -0.023
-274.641    468.054    -0.023
-274.369    467.757    -0.023
-274.100    467.464    -0.023
-273.829    467.167    -0.023
-273.564    466.878    -0.023
-273.285    466.573    -0.023
-273.024    466.288    -0.023
-272.750    465.988    -0.023
-272.478    465.692    -0.023
-272.209    465.398    -0.023
-271.938    465.101    -0.023
-271.664    464.802    -0.023
-271.398    464.512    -0.023
-271.128    464.216    -0.023
-270.853    463.916    -0.023
-270.592    463.632    -0.023
-270.313    463.326    -0.023
-270.047    463.037    -0.023
-269.776    462.740    -0.023
-269.506    462.447    -0.023
-269.235    462.150    -0.022
-268.965    461.856    -0.022
-268.694    461.560    -0.022
-268.426    461.266    -0.022
-268.154    460.970    -0.022
-267.885    460.676    -0.022
-267.614    460.380    -0.022
-267.344    460.086    -0.022
-267.073    459.790    -0.022
-266.799    459.490    -0.022
-266.537    459.206    -0.022
-266.258    458.900    -0.022
-265.997    458.616    -0.022
-265.718    458.310    -0.022
-265.447    458.016    -0.022
-265.186    457.729    -0.022
-264.907    457.425    -0.022
-264.636    457.130    -0.022
-264.375    456.845    -0.022
-264.095    456.539    -0.022
-263.829    456.249    -0.022
-263.560    455.954    -0.022
-263.285    455.654    -0.022
-263.020    455.364    -0.022
-262.750    455.069    -0.022
-262.475    454.769    -0.022
-262.214    454.483    -0.022
-261.934    454.179    -0.022
-261.668    453.888    -0.022
-261.399    453.594    -0.022
-261.124    453.292    -0.022
-260.857    453.003    -0.021
-260.584    452.703    -0.021
-260.319    452.413    -0.021
-260.044    452.111    -0.021
-259.777    451.822    -0.021
-259.503    451.522    -0.021
-259.238    451.232    -0.021
-258.962    450.932    -0.021
-258.696    450.641    -0.021
-258.422    450.342    -0.021
-258.157    450.051    -0.021
-257.887    449.755    -0.021
-257.613    449.455    -0.021
-257.347    449.165    -0.021
-257.076    448.869    -0.021
-256.802    448.570    -0.021
-256.541    448.284    -0.021
-256.262    447.979    -0.021
-255.992    447.683    -0.021
-255.731    447.398    -0.021
-255.452    447.092    -0.021
-255.182    446.798    -0.021
-254.912    446.502    -0.021
-254.642    446.207    -0.021
-254.372    445.911    -0.021
-254.102    445.616    -0.021
-253.831    445.321    -0.021
-253.562    445.025    -0.021
-253.292    444.730    -0.021
-253.026    444.439    -0.021
-252.752    444.141    -0.021
-252.482    443.845    -0.020
-252.212    443.550    -0.020
-251.942    443.254    -0.020
-251.672    442.959    -0.020
-251.402    442.663    -0.020
-251.136    442.374    -0.020
-250.865    442.077    -0.020
-250.591    441.778    -0.020
-250.321    441.482    -0.020
-250.052    441.187    -0.020
-249.782    440.891    -0.020
-249.512    440.596    -0.020
-249.242    440.301    -0.020
-248.976    440.009    -0.020
-248.703    439.710    -0.020
-248.432    439.415    -0.020
-248.162    439.120    -0.020
-247.892    438.824    -0.020
-247.622    438.529    -0.020
-247.357    438.239    -0.020
-247.081    437.939    -0.020
-246.810    437.644    -0.020
-246.540    437.349    -0.020
-246.268    437.054    -0.020
-246.002    436.765    -0.020
-245.727    436.465    -0.020
-245.456    436.171    -0.020
-245.189    435.881    -0.020
-244.919    435.587    -0.020
-244.653    435.297    -0.020
-244.382    435.003    -0.020
-244.107    434.705    -0.020
-243.835    434.408    -0.019
-243.569    434.120    -0.019
-243.298    433.825    -0.019
-243.023    433.526    -0.019
-242.756    433.235    -0.019
-242.486    432.941    -0.019
-242.210    432.641    -0.019
-241.945    432.352    -0.019
-241.674    432.057    -0.019
-241.400    431.758    -0.019
-241.133    431.466    -0.019
-240.862    431.172    -0.019
-240.587    430.871    -0.019
-240.322    430.582    -0.019
-240.052    430.288    -0.019
-239.778    429.988    -0.019
-239.506    429.692    -0.019
-239.237    429.397    -0.019
-238.961    429.097    -0.019
-238.695    428.806    -0.019
-238.421    428.507    -0.019
-238.155    428.217    -0.019
-237.883    427.921    -0.019
-237.609    427.622    -0.019
-237.345    427.333    -0.019
-237.073    427.036    -0.019
-236.799    426.737    -0.019
-236.533    426.447    -0.019
-236.261    426.151    -0.019
-235.987    425.853    -0.019
-235.725    425.568    -0.019
-235.445    425.264    -0.019
-235.174    424.969    -0.019
-234.913    424.685    -0.019
-234.633    424.380    -0.018
-234.362    424.086    -0.018
-234.100    423.801    -0.018
-233.820    423.497    -0.018
-233.558    423.211    -0.018
-233.287    422.918    -0.018
-233.007    422.613    -0.018
-232.745    422.329    -0.018
-232.474    422.033    -0.018
-232.195    421.729    -0.018
-231.933    421.444    -0.018
-231.662    421.150    -0.018
-231.382    420.846    -0.018
-231.120    420.561    -0.018
-230.849    420.267    -0.018
-230.571    419.960    -0.018
-230.311    419.674    -0.018
-230.041    419.379    -0.018
-229.768    419.078    -0.018
-229.499    418.780    -0.018
-229.234    418.491    -0.018
-228.961    418.190    -0.018
-228.690    417.893    -0.018
-228.426    417.602    -0.018
-228.153    417.302    -0.018
-227.882    417.004    -0.018
-227.614    416.710    -0.018
-227.344    416.412    -0.018
-227.071    416.112    -0.018
-226.811    415.826    -0.018
-226.538    415.526    -0.018
-226.267    415.229    -0.018
-225.999    414.934    -0.018
-225.729    414.637    -0.018
-225.463    414.347    -0.017
-225.183    414.043    -0.017
-224.921    413.758    -0.017
-224.641    413.455    -0.017
-224.380    413.169    -0.017
-224.105    412.871    -0.017
-223.833    412.575    -0.017
-223.567    412.286    -0.017
-223.287    411.981    -0.017
-223.025    411.697    -0.017
-222.750    411.398    -0.017
-222.478    411.103    -0.017
-222.203    410.804    -0.017
-221.941    410.519    -0.017
-221.662    410.215    -0.017
-221.395    409.925    -0.017
-221.123    409.630    -0.017
-220.849    409.331    -0.017
-220.586    409.047    -0.017
-220.307    408.742    -0.017
-220.046    408.457    -0.017
-219.767    408.151    -0.017
-219.506    407.866    -0.017
-219.227    407.559    -0.017
-218.963    407.270    -0.017
-218.692    406.972    -0.017
-218.428    406.683    -0.017
-218.149    406.377    -0.017
-217.888    406.092    -0.017
-217.609    405.787    -0.017
-217.339    405.491    -0.017
-217.069    405.196    -0.017
-216.800    404.899    -0.017
-216.530    404.604    -0.017
-216.261    404.308    -0.017
-215.991    404.013    -0.016
-215.721    403.717    -0.016
-215.456    403.427    -0.016
-215.182    403.127    -0.016
-214.912    402.831    -0.016
-214.641    402.536    -0.016
-214.370    402.242    -0.016
-214.099    401.947    -0.016
-213.829    401.653    -0.016
-213.558    401.358    -0.016
-213.287    401.064    -0.016
-213.016    400.769    -0.016
-212.745    400.475    -0.016
-212.483    400.191    -0.016
-212.203    399.885    -0.016
-211.932    399.592    -0.016
-211.661    399.296    -0.016
-211.400    399.012    -0.016
-211.120    398.707    -0.016
-210.853    398.418    -0.016
-210.583    398.124    -0.016
-210.307    397.824    -0.016
-210.045    397.539    -0.016
-209.765    397.235    -0.016
-209.503    396.950    -0.016
-209.223    396.646    -0.016
-208.963    396.360    -0.016
-208.683    396.056    -0.016
-208.422    395.770    -0.016
-208.143    395.465    -0.016
-207.877    395.175    -0.016
-207.607    394.881    -0.016
-207.336    394.585    -0.016
-207.067    394.290    -0.016
-206.795    393.995    -0.016
-206.526    393.700    -0.016
-206.261    393.409    -0.016
-205.986    393.109    -0.015
-205.716    392.815    -0.015
-205.450    392.523    -0.015
-205.175    392.224    -0.015
-204.906    391.929    -0.015
-204.639    391.638    -0.015
-204.360    391.332    -0.015
-204.098    391.048    -0.015
-203.824    390.748    -0.015
-203.555    390.453    -0.015
-203.289    390.163    -0.015
-203.013    389.862    -0.015
-202.744    389.569    -0.015
-202.478    389.277    -0.015
-202.198    388.973    -0.015
-201.936    388.687    -0.015
-201.666    388.393    -0.015
-201.387    388.087    -0.015
-201.127    387.802    -0.015
-200.856    387.506    -0.015
-200.586    387.212    -0.015
-200.307    386.906    -0.015
-200.045    386.622    -0.015
-199.775    386.326    -0.015
-199.504    386.032    -0.015
-199.225    385.727    -0.015
-198.964    385.441    -0.015
-198.693    385.147    -0.015
-198.419    384.846    -0.015
-198.150    384.552    -0.015
-197.883    384.261    -0.015
-197.613    383.966    -0.015
-197.334    383.660    -0.015
-197.072    383.376    -0.015
-196.802    383.080    -0.015
-196.532    382.785    -0.015
-196.252    382.480    -0.015
-195.991    382.196    -0.014
-195.722    381.899    -0.014
-195.443    381.594    -0.014
-195.172    381.299    -0.014
-194.902    381.005    -0.014
-194.632    380.709    -0.014
-194.362    380.414    -0.014
-194.091    380.119    -0.014
-193.821    379.823    -0.014
-193.551    379.528    -0.014
-193.281    379.232    -0.014
-193.012    378.937    -0.014
-192.746    378.647    -0.014
-192.472    378.347    -0.014
-192.201    378.052    -0.014
-191.931    377.757    -0.014
-191.661    377.461    -0.014
-191.395    377.172    -0.014
-191.119    376.871    -0.014
-190.849    376.576    -0.014
-190.584    376.286    -0.014
-190.309    375.987    -0.014
-190.039    375.692    -0.014
-189.773    375.401    -0.014
-189.502    375.106    -0.014
-189.228    374.806    -0.014
-188.967    374.521    -0.014
-188.687    374.216    -0.014
-188.417    373.921    -0.014
-188.156    373.635    -0.014
-187.877    373.331    -0.014
-187.607    373.035    -0.014
-187.340    372.746    -0.014
-187.071    372.451    -0.014
-186.796    372.150    -0.014
-186.529    371.860    -0.014
-186.260    371.566    -0.014
-185.984    371.265    -0.014
-185.718    370.975    -0.014
-185.449    370.681    -0.014
-185.178    370.385    -0.013
-184.908    370.091    -0.013
-184.633    369.790    -0.013
-184.367    369.500    -0.013
-184.092    369.201    -0.013
-183.827    368.911    -0.013
-183.551    368.610    -0.013
-183.285    368.320    -0.013
-183.010    368.021    -0.013
-182.745    367.731    -0.013
-182.470    367.430    -0.013
-182.200    367.135    -0.013
-181.933    366.844    -0.013
-181.659    366.546    -0.013
-181.388    366.250    -0.013
-181.117    365.956    -0.013
-180.851    365.667    -0.013
-180.579    365.372    -0.013
-180.304    365.073    -0.013
-180.034    364.778    -0.013
-179.772    364.494    -0.013
-179.492    364.189    -0.013
-179.220    363.896    -0.013
-178.953    363.605    -0.013
-178.683    363.313    -0.013
-178.406    363.012    -0.013
-178.144    362.728    -0.013
-177.865    362.423    -0.013
-177.594    362.129    -0.013
-177.333    361.844    -0.013
-177.052    361.540    -0.013
-176.786    361.249    -0.013
-176.516    360.957    -0.013
-176.240    360.656    -0.013
-175.970    360.360    -0.013
-175.704    360.070    -0.013
-175.435    359.775    -0.013
-175.159    359.475    -0.013
-174.895    359.184    -0.013
-174.626    358.890    -0.013
-174.355    358.593    -0.012
-174.085    358.299    -0.012
-173.814    358.002    -0.012
-173.545    357.709    -0.012
-173.274    357.412    -0.012
-173.005    357.118    -0.012
-172.734    356.821    -0.012
-172.470    356.532    -0.012
-172.196    356.231    -0.012
-171.925    355.935    -0.012
-171.660    355.645    -0.012
-171.385    355.345    -0.012
-171.119    355.055    -0.012
-170.844    354.754    -0.012
-170.579    354.465    -0.012
-170.305    354.164    -0.012
-170.040    353.873    -0.012
-169.765    353.573    -0.012
-169.500    353.283    -0.012
-169.226    352.983    -0.012
-168.959    352.692    -0.012
-168.684    352.391    -0.012
-168.415    352.098    -0.012
-168.148    351.806    -0.012
-167.870    351.501    -0.012
-167.599    351.205    -0.012
-167.325    350.905    -0.012
-167.056    350.611    -0.012
-166.785    350.315    -0.012
-166.520    350.025    -0.012
-166.241    349.719    -0.012
-165.980    349.434    -0.012
-165.701    349.128    -0.012
-165.439    348.844    -0.012
-165.163    348.544    -0.012
-164.893    348.251    -0.012
-164.621    347.955    -0.012
-164.357    347.666    -0.012
-164.077    347.360    -0.012
-163.815    347.076    -0.012
-163.539    346.776    -0.012
-163.268    346.481    -0.012
-163.002    346.192    -0.012
-162.726    345.893    -0.011
-162.456    345.600    -0.011
-162.188    345.309    -0.011
-161.918    345.015    -0.011
-161.661    344.735    -0.011
-161.391    344.442    -0.011
-161.115    344.140    -0.011
-160.844    343.847    -0.011
-160.573    343.552    -0.011
-160.311    343.267    -0.011
-160.032    342.962    -0.011
-159.762    342.668    -0.011
-159.496    342.377    -0.011
-159.226    342.082    -0.011
-158.952    341.781    -0.011
-158.687    341.492    -0.011
-158.411    341.190    -0.011
-158.145    340.900    -0.011
-157.876    340.605    -0.011
-157.601    340.305    -0.011
-157.335    340.015    -0.011
-157.067    339.720    -0.011
-156.792    339.419    -0.011
-156.513    339.113    -0.011
-156.243    338.818    -0.011
-155.973    338.522    -0.011
-155.703    338.227    -0.011
-155.433    337.931    -0.011
-155.166    337.641    -0.011
-154.893    337.341    -0.011
-154.622    337.047    -0.011
-154.352    336.751    -0.011
-154.083    336.456    -0.011
-153.813    336.160    -0.011
-153.543    335.865    -0.011
-153.278    335.575    -0.011
-153.007    335.278    -0.011
-152.733    334.979    -0.011
-152.463    334.683    -0.011
-152.193    334.388    -0.011
-151.923    334.092    -0.011
-151.654    333.797    -0.011
-151.388    333.506    -0.011
-151.114    333.207    -0.011
-150.844    332.911    -0.010
-150.574    332.616    -0.010
-150.304    332.320    -0.010
-150.034    332.025    -0.010
-149.764    331.729    -0.010
-149.494    331.434    -0.010
-149.224    331.138    -0.010
-148.955    330.843    -0.010
-148.685    330.547    -0.010
-148.415    330.252    -0.010
-148.144    329.958    -0.010
-147.874    329.662    -0.010
-147.604    329.367    -0.010
-147.338    329.077    -0.010
-147.066    328.781    -0.010
-146.792    328.482    -0.010
-146.522    328.187    -0.010
-146.253    327.891    -0.010
-145.981    327.597    -0.010
-145.712    327.301    -0.010
-145.441    327.007    -0.010
-145.175    326.716    -0.010
-144.906    326.422    -0.010
-144.630    326.121    -0.010
-144.359    325.826    -0.010
-144.094    325.535    -0.010
-143.825    325.242    -0.010
-143.550    324.941    -0.010
-143.284    324.650    -0.010
-143.009    324.352    -0.010
-142.744    324.061    -0.010
-142.472    323.766    -0.010
-142.198    323.466    -0.010
-141.932    323.177    -0.010
-141.656    322.875    -0.010
-141.390    322.586    -0.010
-141.116    322.286    -0.010
-140.846    321.991    -0.010
-140.584    321.707    -0.010
-140.304    321.402    -0.010
-140.034    321.106    -0.010
-139.772    320.822    -0.010
-139.502    320.526    -0.010
-139.227    320.228    -0.010
-138.960    319.938    -0.010
-138.686    319.637    -0.010
-138.420    319.348    -0.010
-138.150    319.053    -0.010
-137.879    318.759    -0.009
-137.605    318.458    -0.009
-137.339    318.167    -0.009
-137.063    317.867    -0.009
-136.798    317.578    -0.009
-136.528    317.282    -0.009
-136.259    316.987    -0.009
-135.984    316.687    -0.009
-135.718    316.396    -0.009
-135.448    316.100    -0.009
-135.178    315.805    -0.009
-134.907    315.510    -0.009
-134.637    315.215    -0.009
-134.358    314.910    -0.009
-134.083    314.609    -0.009
-133.818    314.320    -0.009
-133.548    314.024    -0.009
-133.278    313.730    -0.009
-133.004    313.429    -0.009
-132.732    313.133    -0.009
-132.468    312.843    -0.009
-132.197    312.549    -0.009
-131.927    312.253    -0.009
-131.657    311.958    -0.009
-131.382    311.657    -0.009
-131.117    311.368    -0.009
-130.843    311.066    -0.009
-130.579    310.775    -0.009
-130.309    310.479    -0.009
-130.039    310.184    -0.009
-129.764    309.884    -0.009
-129.499    309.594    -0.009
-129.229    309.299    -0.009
-128.959    309.003    -0.009
-128.690    308.707    -0.009
-128.429    308.421    -0.009
-128.160    308.126    -0.009
-127.881    307.820    -0.009
-127.620    307.535    -0.009
-127.350    307.239    -0.009
-127.076    306.940    -0.009
-126.805    306.643    -0.009
-126.540    306.353    -0.009
-126.266    306.053    -0.009
-125.995    305.756    -0.009
-125.730    305.467    -0.009
-125.460    305.172    -0.009
-125.181    304.867    -0.009
-124.919    304.583    -0.009
-124.648    304.287    -0.008
-124.374    303.988    -0.008
-124.107    303.698    -0.008
-123.831    303.398    -0.008
-123.565    303.109    -0.008
-123.291    302.809    -0.008
-123.015    302.509    -0.008
-122.740    302.209    -0.008
-122.475    301.919    -0.008
-122.204    301.624    -0.008
-121.933    301.330    -0.008
-121.663    301.034    -0.008
-121.383    300.730    -0.008
-121.121    300.445    -0.008
-120.851    300.150    -0.008
-120.580    299.855    -0.008
-120.309    299.561    -0.008
-120.040    299.266    -0.008
-119.765    298.965    -0.008
-119.501    298.675    -0.008
-119.231    298.379    -0.008
-118.961    298.084    -0.008
-118.692    297.787    -0.008
-118.422    297.492    -0.008
-118.153    297.195    -0.008
-117.893    296.910    -0.008
-117.623    296.614    -0.008
-117.354    296.318    -0.008
-117.075    296.012    -0.008
-116.815    295.726    -0.008
-116.545    295.431    -0.008
-116.276    295.135    -0.008
-115.997    294.829    -0.008
-115.736    294.544    -0.008
-115.467    294.247    -0.008
-115.193    293.947    -0.008
-114.924    293.650    -0.008
-114.659    293.360    -0.008
-114.384    293.062    -0.008
-114.112    292.766    -0.008
-113.845    292.478    -0.008
-113.574    292.183    -0.008
-113.298    291.885    -0.008
-113.026    291.589    -0.008
-112.759    291.302    -0.008
-112.475    290.992    -0.008
-112.203    290.697    -0.008
-111.937    290.408    -0.008
-111.666    290.114    -0.008
-111.395    289.819    -0.008
-111.114    289.516    -0.008
-110.852    289.232    -0.008
-110.581    288.937    -0.008
-110.309    288.644    -0.008
-110.033    288.344    -0.007
-109.767    288.056    -0.007
-109.496    287.761    -0.007
-109.220    287.462    -0.007
-108.953    287.172    -0.007
-108.678    286.872    -0.007
-108.412    286.582    -0.007
-108.142    286.288    -0.007
-107.872    285.992    -0.007
-107.597    285.692    -0.007
-107.329    285.397    -0.007
-107.066    285.111    -0.007
-106.797    284.817    -0.007
-106.531    284.526    -0.007
-106.260    284.232    -0.007
-105.990    283.936    -0.007
-105.720    283.641    -0.007
-105.449    283.346    -0.007
-105.179    283.051    -0.007
-104.910    282.755    -0.007
-104.639    282.461    -0.007
-104.369    282.165    -0.007
-104.099    281.870    -0.007
-103.824    281.570    -0.007
-103.557    281.280    -0.007
-103.288    280.984    -0.007
-103.018    280.689    -0.007
-102.746    280.394    -0.007
-102.477    280.099    -0.007
-102.208    279.803    -0.007
-101.936    279.509    -0.007
-101.667    279.214    -0.007
-101.392    278.913    -0.007
-101.127    278.624    -0.007
-100.852    278.324    -0.007
-100.581    278.028    -0.007
-100.316    277.738    -0.007
-100.041    277.439    -0.007
-99.770    277.142    -0.007
-99.501    276.849    -0.007
-99.235    276.557    -0.007
-98.959    276.257    -0.007
-98.694    275.968    -0.007
-98.420    275.668    -0.007
-98.154    275.376    -0.007
-97.884    275.082    -0.007
-97.609    274.781    -0.007
-97.340    274.487    -0.007
-97.073    274.196    -0.007
-96.803    273.901    -0.007
-96.528    273.601    -0.007
-96.259    273.307    -0.007
-95.992    273.016    -0.007
-95.713    272.711    -0.007
-95.438    272.411    -0.007
-95.169    272.116    -0.007
-94.898    271.820    -0.007
-94.633    271.530    -0.007
-94.358    271.231    -0.006
-94.087    270.934    -0.006
-93.822    270.645    -0.006
-93.542    270.339    -0.006
-93.282    270.054    -0.006
-93.012    269.758    -0.006
-92.736    269.459    -0.006
-92.467    269.165    -0.006
-92.196    268.868    -0.006
-91.930    268.580    -0.006
-91.656    268.279    -0.006
-91.384    267.984    -0.006
-91.119    267.694    -0.006
-90.848    267.400    -0.006
-90.572    267.100    -0.006
-90.303    266.806    -0.006
-90.045    266.525    -0.006
-89.765    266.221    -0.006
-89.504    265.936    -0.006
-89.229    265.636    -0.006
-88.959    265.342    -0.006
-88.692    265.052    -0.006
-88.417    264.751    -0.006
-88.147    264.458    -0.006
-87.880    264.168    -0.006
-87.601    263.862    -0.006
-87.339    263.578    -0.006
-87.059    263.273    -0.006
-86.798    262.989    -0.006
-86.522    262.688    -0.006
-86.254    262.394    -0.006
-85.987    262.103    -0.006
-85.707    261.798    -0.006
-85.447    261.512    -0.006
-85.176    261.218    -0.006
-84.897    260.912    -0.006
-84.636    260.627    -0.006
-84.365    260.332    -0.006
-84.095    260.037    -0.006
-83.826    259.741    -0.006
-83.555    259.447    -0.006
-83.285    259.153    -0.006
-83.014    258.857    -0.006
-82.744    258.562    -0.006
-82.474    258.267    -0.006
-82.203    257.973    -0.006
-81.934    257.677    -0.006
-81.664    257.382    -0.006
-81.388    257.082    -0.006
-81.121    256.792    -0.006
-80.850    256.497    -0.006
-80.580    256.203    -0.006
-80.309    255.908    -0.006
-80.038    255.614    -0.006
-79.767    255.319    -0.006
-79.501    255.029    -0.006
-79.227    254.730    -0.006
-78.951    254.431    -0.006
-78.680    254.136    -0.006
-78.410    253.842    -0.006
-78.138    253.547    -0.006
-77.868    253.253    -0.006
-77.596    252.958    -0.006
-77.326    252.664    -0.005
-77.054    252.369    -0.005
-76.784    252.075    -0.005
-76.512    251.780    -0.005
-76.243    251.485    -0.005
-75.972    251.189    -0.005
-75.703    250.895    -0.005
-75.436    250.604    -0.005
-75.162    250.303    -0.005
-74.893    250.009    -0.005
-74.622    249.713    -0.005
-74.352    249.419    -0.005
-74.081    249.123    -0.005
-73.812    248.828    -0.005
-73.537    248.527    -0.005
-73.272    248.236    -0.005
-72.997    247.937    -0.005
-72.732    247.647    -0.005
-72.457    247.346    -0.005
-72.191    247.055    -0.005
-71.917    246.756    -0.005
-71.652    246.465    -0.005
-71.381    246.169    -0.005
-71.107    245.869    -0.005
-70.837    245.575    -0.005
-70.576    245.289    -0.005
-70.297    244.984    -0.005
-70.027    244.689    -0.005
-69.761    244.398    -0.005
-69.491    244.102    -0.005
-69.217    243.802    -0.005
-68.947    243.508    -0.005
-68.681    243.216    -0.005
-68.412    242.923    -0.005
-68.146    242.631    -0.005
-67.876    242.336    -0.005
-67.597    242.030    -0.005
-67.336    241.745    -0.005
-67.066    241.449    -0.005
-66.796    241.154    -0.005
-66.517    240.849    -0.005
-66.256    240.563    -0.005
-65.987    240.268    -0.005
-65.712    239.968    -0.005
-65.441    239.671    -0.005
-65.175    239.383    -0.005
-64.905    239.089    -0.005
-64.624    238.785    -0.005
-64.362    238.500    -0.005
-64.091    238.206    -0.005
-63.820    237.911    -0.005
-63.545    237.612    -0.005
-63.272    237.318    -0.005
-63.007    237.028    -0.005
-62.736    236.734    -0.005
-62.455    236.430    -0.005
-62.184    236.136    -0.005
-61.913    235.841    -0.005
-61.641    235.548    -0.005
-61.375    235.258    -0.005
-61.103    234.963    -0.005
-60.828    234.665    -0.005
-60.557    234.370    -0.005
-60.286    234.076    -0.005
-60.019    233.786    -0.005
-59.749    233.493    -0.005
-59.473    233.192    -0.005
-59.203    232.897    -0.005
-58.938    232.606    -0.005
-58.669    232.311    -0.005
-58.394    232.009    -0.005
-58.124    231.714    -0.004
-57.855    231.418    -0.004
-57.590    231.128    -0.004
-57.316    230.827    -0.004
-57.051    230.537    -0.004
-56.780    230.240    -0.004
-56.512    229.946    -0.004
-56.241    229.650    -0.004
-55.967    229.350    -0.004
-55.702    229.060    -0.004
-55.432    228.763    -0.004
-55.163    228.469    -0.004
-54.892    228.171    -0.004
-54.624    227.877    -0.004
-54.353    227.580    -0.004
-54.084    227.286    -0.004
-53.813    226.990    -0.004
-53.544    226.696    -0.004
-53.272    226.399    -0.004
-53.004    226.105    -0.004
-52.732    225.809    -0.004
-52.463    225.515    -0.004
-52.193    225.218    -0.004
-51.918    224.919    -0.004
-51.657    224.633    -0.004
-51.387    224.339    -0.004
-51.117    224.043    -0.004
-50.847    223.748    -0.004
-50.581    223.459    -0.004
-50.306    223.157    -0.004
-50.036    222.862    -0.004
-49.767    222.566    -0.004
-49.496    222.272    -0.004
-49.226    221.976    -0.004
-48.960    221.686    -0.004
-48.686    221.386    -0.004
-48.420    221.097    -0.004
-48.145    220.795    -0.004
-47.876    220.501    -0.004
-47.605    220.205    -0.004
-47.335    219.911    -0.004
-47.070    219.620    -0.004
-46.798    219.324    -0.004
-46.525    219.024    -0.004
-46.254    218.730    -0.004
-45.976    218.425    -0.004
-45.696    218.119    -0.004
-45.426    217.824    -0.004
-45.165    217.539    -0.004
-44.886    217.234    -0.004
-44.615    216.938    -0.004
-44.350    216.648    -0.004
-44.076    216.347    -0.004
-43.806    216.052    -0.004
-43.536    215.756    -0.004
-43.270    215.466    -0.004
-42.997    215.165    -0.004
-42.728    214.870    -0.004
-42.462    214.579    -0.004
-42.191    214.283    -0.004
-41.918    213.984    -0.004
-41.648    213.688    -0.004
-41.382    213.397    -0.004
-41.114    213.102    -0.004
-40.839    212.801    -0.004
-40.573    212.510    -0.004
-40.304    212.216    -0.004
-40.038    211.924    -0.004
-39.764    211.623    -0.004
-39.500    211.332    -0.004
-39.230    211.038    -0.004
-38.960    210.742    -0.004
-38.690    210.447    -0.004
-38.414    210.146    -0.004
-38.144    209.853    -0.004
-37.877    209.562    -0.004
-37.607    209.267    -0.004
-37.336    208.972    -0.004
-37.060    208.673    -0.004
-36.795    208.385    -0.004
-36.525    208.089    -0.004
-36.254    207.795    -0.003
-35.983    207.499    -0.003
-35.713    207.205    -0.003
-35.438    206.905    -0.003
-35.175    206.620    -0.003
-34.900    206.320    -0.003
-34.639    206.035    -0.003
-34.360    205.730    -0.003
-34.098    205.446    -0.003
-33.819    205.140    -0.003
-33.557    204.856    -0.003
-33.277    204.551    -0.003
-33.010    204.262    -0.003
-32.740    203.968    -0.003
-32.465    203.667    -0.003
-32.203    203.383    -0.003
-31.923    203.078    -0.003
-31.662    202.794    -0.003
-31.381    202.489    -0.003
-31.115    202.200    -0.003
-30.846    201.905    -0.003
-30.579    201.615    -0.003
-30.299    201.310    -0.003
-30.038    201.026    -0.003
-29.762    200.725    -0.003
-29.492    200.432    -0.003
-29.225    200.141    -0.003
-28.945    199.837    -0.003
-28.684    199.552    -0.003
-28.413    199.258    -0.003
-28.133    198.954    -0.003
-27.872    198.668    -0.003
-27.598    198.367    -0.003
-27.329    198.072    -0.003
-27.058    197.777    -0.003
-26.789    197.482    -0.003
-26.523    197.191    -0.003
-26.245    196.884    -0.003
-25.984    196.599    -0.003
-25.709    196.298    -0.003
-25.440    196.004    -0.003
-25.174    195.712    -0.003
-24.895    195.407    -0.003
-24.634    195.122    -0.003
-24.365    194.827    -0.003
-24.086    194.521    -0.003
-23.811    194.220    -0.003
-23.542    193.926    -0.003
-23.276    193.635    -0.003
-23.006    193.339    -0.003
-22.732    193.038    -0.003
-22.467    192.749    -0.003
-22.192    192.449    -0.003
-21.921    192.153    -0.003
-21.655    191.863    -0.003
-21.385    191.568    -0.003
-21.114    191.273    -0.003
-20.835    190.968    -0.003
-20.574    190.683    -0.003
-20.304    190.388    -0.003
-20.034    190.092    -0.003
-19.758    189.793    -0.003
-19.493    189.503    -0.003
-19.223    189.208    -0.003
-18.948    188.909    -0.003
-18.687    188.622    -0.003
-18.422    188.332    -0.003
-18.160    188.048    -0.003
-17.881    187.743    -0.003
-17.616    187.452    -0.003
-17.344    187.157    -0.003
-17.076    186.862    -0.003
-16.799    186.562    -0.003
-16.538    186.277    -0.003
-16.259    185.972    -0.003
-15.997    185.688    -0.003
-15.717    185.384    -0.003
-15.456    185.098    -0.003
-15.181    184.799    -0.003
-14.909    184.503    -0.003
-14.640    184.209    -0.003
-14.369    183.913    -0.003
-14.099    183.620    -0.003
-13.822    183.320    -0.003
-13.561    183.035    -0.003
-13.282    182.730    -0.003
-13.002    182.425    -0.003
-12.731    182.131    -0.003
-12.461    181.835    -0.003
-12.190    181.541    -0.003
-11.920    181.246    -0.003
-11.649    180.951    -0.003
-11.379    180.655    -0.003
-11.114    180.365    -0.003
-10.840    180.065    -0.003
-10.569    179.771    -0.003
-10.299    179.475    -0.003
-10.029    179.180    -0.003
-9.759    178.884    -0.003
-9.489    178.589    -0.003
-9.224    178.299    -0.003
-8.949    177.998    -0.002
-8.683    177.707    -0.002
-8.409    177.407    -0.002
-8.139    177.112    -0.002
-7.869    176.817    -0.002
-7.608    176.532    -0.002
-7.329    176.226    -0.002
-7.068    175.941    -0.002
-6.789    175.635    -0.002
-6.528    175.350    -0.002
-6.249    175.044    -0.002
-5.987    174.760    -0.002
-5.708    174.455    -0.002
-5.447    174.170    -0.002
-5.176    173.875    -0.002
-4.897    173.570    -0.002
-4.635    173.285    -0.002
-4.355    172.981    -0.002
-4.094    172.696    -0.002
-3.814    172.391    -0.002
-3.553    172.107    -0.002
-3.273    171.801    -0.002
-3.012    171.517    -0.002
-2.741    171.222    -0.002
-2.462    170.917    -0.002
-2.200    170.632    -0.002
-1.925    170.332    -0.002
-1.655    170.038    -0.002
-1.389    169.748    -0.002
-1.109    169.442    -0.002
-0.847    169.158    -0.002
-0.577    168.863    -0.002
-0.302    168.563    -0.002
-0.032    168.270    -0.002
0.234    167.978    -0.002
0.505    167.684    -0.002
0.785    167.379    -0.002
1.046    167.094    -0.002
1.317    166.799    -0.002
1.596    166.495    -0.002
1.857    166.209    -0.002
2.128    165.915    -0.002
2.407    165.609    -0.002
2.669    165.325    -0.002
2.948    165.019    -0.002
3.219    164.725    -0.002
3.490    164.430    -0.002
3.760    164.135    -0.002
4.030    163.841    -0.002
4.301    163.545    -0.002
4.567    163.256    -0.002
4.842    162.956    -0.002
5.112    162.662    -0.002
5.377    162.371    -0.002
5.653    162.071    -0.002
5.923    161.775    -0.002
6.189    161.485    -0.002
6.464    161.186    -0.002
6.734    160.890    -0.002
7.004    160.596    -0.002
7.270    160.306    -0.002
7.546    160.005    -0.002
7.811    159.715    -0.002
8.081    159.420    -0.002
8.352    159.125    -0.002
8.617    158.835    -0.002
8.897    158.530    -0.002
9.158    158.246    -0.002
9.428    157.951    -0.002
9.710    157.648    -0.002
9.973    157.364    -0.002
10.253    157.060    -0.002
10.515    156.775    -0.002
10.789    156.476    -0.002
11.061    156.179    -0.002
11.326    155.890    -0.002
11.605    155.585    -0.002
11.867    155.300    -0.002
12.141    155.000    -0.002
12.413    154.705    -0.002
12.677    154.414    -0.002
12.952    154.115    -0.002
13.223    153.820    -0.002
13.488    153.530    -0.002
13.759    153.235    -0.002
14.033    152.935    -0.002
14.300    152.645    -0.002
14.575    152.344    -0.002
14.840    152.055    -0.002
15.115    151.755    -0.002
15.382    151.465    -0.002
15.652    151.170    -0.002
15.927    150.870    -0.002
16.192    150.580    -0.002
16.463    150.286    -0.002
16.737    149.985    -0.002
17.004    149.695    -0.002
17.274    149.400    -0.002
17.549    149.100    -0.002
17.814    148.811    -0.002
18.089    148.511    -0.002
18.355    148.220    -0.002
18.631    147.920    -0.002
18.905    147.621    -0.002
19.176    147.326    -0.002
19.445    147.031    -0.002
19.721    146.731    -0.002
19.987    146.440    -0.002
20.258    146.145    -0.002
20.532    145.845    -0.002
20.798    145.555    -0.002
21.068    145.260    -0.002
21.338    144.964    -0.002
21.607    144.669    -0.002
21.881    144.368    -0.002
22.146    144.078    -0.002
22.420    143.778    -0.002
22.686    143.486    -0.002
22.955    143.191    -0.002
23.225    142.895    -0.002
23.495    142.599    -0.002
23.764    142.303    -0.002
24.034    142.008    -0.002
24.299    141.716    -0.002
24.573    141.417    -0.002
24.842    141.121    -0.002
25.112    140.826    -0.002
25.382    140.529    -0.002
25.652    140.234    -0.002
25.921    139.938    -0.002
26.182    139.653    -0.002
26.460    139.346    -0.002
26.730    139.051    -0.002
27.000    138.755    -0.002
27.270    138.460    -0.002
27.535    138.169    -0.002
27.809    137.870    -0.002
28.074    137.580    -0.002
28.348    137.277    -0.002
28.618    136.982    -0.002
28.888    136.686    -0.002
29.154    136.396    -0.002
29.427    136.096    -0.002
29.697    135.801    -0.002
29.963    135.510    -0.002
30.233    135.214    -0.002
30.506    134.913    -0.002
30.776    134.618    -0.001
31.042    134.328    -0.001
31.312    134.032    -0.001
31.586    133.731    -0.001
31.856    133.436    -0.001
32.117    133.150    -0.001
32.397    132.846    -0.001
32.667    132.551    -0.001
32.938    132.256    -0.001
33.199    131.972    -0.001
33.478    131.666    -0.001
33.749    131.372    -0.001
34.020    131.077    -0.001
34.281    130.792    -0.001
34.561    130.487    -0.001
34.823    130.203    -0.001
35.093    129.908    -0.001
35.368    129.608    -0.001
35.638    129.314    -0.001
35.905    129.024    -0.001
36.175    128.728    -0.001
36.446    128.434    -0.001
36.726    128.129    -0.001
36.987    127.844    -0.001
37.258    127.549    -0.001
37.528    127.254    -0.001
37.799    126.960    -0.001
38.074    126.661    -0.001
38.345    126.365    -0.001
38.610    126.075    -0.001
38.881    125.781    -0.001
39.151    125.485    -0.001
39.422    125.191    -0.001
39.702    124.886    -0.001
39.963    124.601    -0.001
40.242    124.296    -0.001
40.508    124.007    -0.001
40.780    123.711    -0.001
41.054    123.412    -0.001
41.315    123.126    -0.001
41.595    122.822    -0.001
41.856    122.537    -0.001
42.136    122.232    -0.001
42.397    121.947    -0.001
42.677    121.642    -0.001
42.938    121.357    -0.001
43.218    121.052    -0.001
43.478    120.767    -0.001
43.758    120.462    -0.001
44.019    120.177    -0.001
44.299    119.872    -0.001
44.560    119.587    -0.001
44.840    119.282    -0.001
45.110    118.987    -0.001
45.375    118.696    -0.001
45.645    118.403    -0.001
45.921    118.102    -0.001
46.191    117.807    -0.001
46.461    117.512    -0.001
46.732    117.217    -0.001
47.002    116.922    -0.001
47.269    116.632    -0.001
47.543    116.333    -0.001
47.812    116.037    -0.001
48.078    115.747    -0.001
48.353    115.445    -0.001
48.623    115.150    -0.001
48.889    114.859    -0.001
49.162    114.560    -0.001
49.432    114.264    -0.001
49.702    113.969    -0.001
49.972    113.673    -0.001
50.233    113.388    -0.001
50.507    113.088    -0.001
50.778    112.792    -0.001
51.042    112.501    -0.001
51.312    112.206    -0.001
51.587    111.907    -0.001
51.857    111.610    -0.001
52.122    111.321    -0.001
52.392    111.025    -0.001
52.666    110.725    -0.001
52.937    110.428    -0.001
53.202    110.140    -0.001
53.477    109.839    -0.001
53.748    109.544    -0.001
54.014    109.254    -0.001
54.284    108.960    -0.001
54.559    108.659    -0.001
54.825    108.369    -0.001
55.101    108.069    -0.001
55.366    107.780    -0.001
55.641    107.480    -0.001
55.912    107.184    -0.001
56.186    106.886    -0.001
56.457    106.590    -0.001
56.727    106.296    -0.001
56.993    106.005    -0.001
57.264    105.710    -0.001
57.538    105.410    -0.001
57.809    105.116    -0.001
58.079    104.820    -0.001
58.344    104.530    -0.001
58.615    104.233    -0.001
58.888    103.934    -0.001
59.158    103.637    -0.001
59.428    103.342    -0.001
59.688    103.056    -0.001
59.967    102.751    -0.001
60.237    102.455    -0.001
60.507    102.160    -0.001
60.773    101.870    -0.001
61.045    101.569    -0.001
61.310    101.279    -0.001
61.586    100.977    -0.001
61.856    100.682    -0.001
62.125    100.387    -0.001
62.395    100.091    -0.001
62.665    99.796    -0.001
62.931    99.505    -0.001
63.205    99.206    -0.001
63.475    98.911    -0.001
63.746    98.616    -0.001
64.012    98.326    -0.001
64.284    98.031    -0.001
64.558    97.732    -0.001
64.829    97.437    -0.001
65.099    97.142    -0.001
65.370    96.847    -0.001
65.640    96.552    -0.001
65.911    96.257    -0.001
66.177    95.967    -0.001
66.456    95.663    -0.001
66.723    95.373    -0.001
66.993    95.078    -0.001
67.264    94.783    -0.001
67.534    94.488    -0.001
67.804    94.193    -0.001
68.079    93.892    -0.001
68.343    93.602    -0.001
68.613    93.306    -0.001
68.883    93.011    -0.001
69.153    92.715    -0.001
69.423    92.420    -0.001
69.693    92.124    -0.001
69.962    91.829    -0.001
70.232    91.533    -0.001
70.506    91.232    -0.001
70.771    90.942    -0.001
71.045    90.642    -0.001
71.311    90.351    -0.001
71.581    90.055    -0.001
71.851    89.759    -0.001
72.125    89.459    -0.001
72.390    89.169    -0.001
72.660    88.874    -0.001
72.939    88.568    -0.001
73.200    88.283    -0.001
73.469    87.987    -0.001
73.739    87.691    -0.001
74.014    87.390    -0.001
74.283    87.096    -0.001
74.549    86.805    -0.001
74.819    86.509    -0.001
75.093    86.208    -0.001
75.358    85.919    -0.001
75.632    85.618    -0.001
75.898    85.327    -0.001
76.173    85.026    -0.001
76.437    84.736    -0.001
76.706    84.440    -0.001
76.976    84.145    -0.001
77.242    83.854    -0.001
77.510    83.559    -0.001
77.776    83.268    -0.001
78.055    82.963    -0.001
78.316    82.677    -0.001
78.586    82.382    -0.001
78.865    82.076    -0.001
79.126    81.791    -0.001
79.406    81.486    -0.001
79.668    81.202    -0.001
79.937    80.906    -0.001
80.217    80.602    -0.001
80.478    80.316    -0.001
80.758    80.012    -0.001
81.019    79.727    -0.001
81.295    79.427    -0.001
81.564    79.133    -0.001
81.831    78.842    -0.001
82.101    78.547    -0.001
82.376    78.247    -0.001
82.646    77.953    -0.001
82.921    77.652    -0.001
83.187    77.362    -0.001
83.457    77.068    -0.001
83.733    76.768    -0.001
84.003    76.472    -0.001
84.270    76.183    -0.001
84.538    75.888    -0.001
84.813    75.587    -0.001
85.083    75.291    -0.001
85.347    74.999    -0.001
85.616    74.704    -0.001
85.891    74.403    -0.001
86.155    74.111    -0.001
86.424    73.817    -0.001
86.698    73.514    -0.001
86.964    73.224    -0.001
87.236    72.923    -0.001
87.503    72.634    -0.001
87.776    72.340    -0.001
88.047    72.048    -0.001
88.316    71.759    -0.001
88.593    71.461    -0.001
88.861    71.173    -0.001
89.133    70.880    -0.001
89.410    70.582    -0.001
89.678    70.293    -0.001
89.950    70.000    -0.001
90.220    69.704    -0.001
90.493    69.403    -0.001
90.758    69.113    -0.001
91.031    68.812    -0.001
91.297    68.520    -0.001
91.566    68.224    -0.001
91.835    67.928    -0.001
92.105    67.633    -0.001
92.374    67.336    -0.001
92.649    67.036    -0.001
92.916    66.740    -0.001
93.187    66.444    -0.001
93.465    66.139    -0.001
93.730    65.847    -0.001
94.000    65.551    -0.001
94.270    65.256    -0.001
94.538    64.960    -0.001
94.808    64.664    -0.001
95.082    64.362    -0.001
95.347    64.073    -0.001
95.617    63.777    -0.001
95.887    63.482    -0.001
96.157    63.187    -0.001
96.428    62.893    -0.001
96.698    62.597    -0.001
96.974    62.297    -0.001
97.240    62.009    -0.001
97.509    61.713    -0.001
97.785    61.414    -0.001
98.051    61.123    -0.001
98.322    60.828    -0.001
98.593    60.534    -0.001
98.867    60.233    -0.001
99.133    59.944    -0.001
99.403    59.649    -0.001
99.678    59.349    -0.001
99.950    59.054    -0.001
100.215    58.764    -0.001
100.486    58.469    -0.001
100.757    58.175    -0.001
101.027    57.880    -0.001
101.301    57.579    -0.001
101.567    57.290    -0.001
101.837    56.995    -0.001
102.107    56.699    -0.001
102.382    56.400    -0.001
102.648    56.109    -0.001
102.919    55.814    -0.001
103.189    55.518    -0.001
103.464    55.218    -0.001
103.729    54.929    -0.001
103.999    54.634    -0.001
104.270    54.338    -0.001
104.540    54.044    -0.001
104.810    53.748    -0.001
105.072    53.463    -0.001
105.351    53.158    -0.001
105.621    52.863    -0.001
105.891    52.568    -0.001
106.161    52.273    -0.001
106.427    51.982    -0.001
106.696    51.688    -0.001
106.972    51.387    -0.001
107.243    51.092    -0.001
107.509    50.802    -0.001
107.783    50.503    -0.001
108.049    50.213    -0.001
108.325    49.912    -0.001
108.590    49.622    -0.001
108.864    49.323    -0.001
109.130    49.033    -0.001
109.397    48.742    -0.001
109.672    48.442    -0.001
109.937    48.153    -0.001
110.207    47.858    -0.001
110.478    47.563    -0.001
110.752    47.263    -0.001
111.018    46.972    -0.001
111.288    46.677    -0.001
111.563    46.377    -0.001
111.828    46.087    -0.001
112.098    45.791    -0.001
112.368    45.496    -0.001
112.643    45.197    -0.001
112.909    44.906    -0.001
113.179    44.610    -0.001
113.448    44.315    -0.001
113.718    44.019    -0.001
113.989    43.724    -0.001
114.259    43.429    -0.001
114.529    43.134    -0.001
114.804    42.833    -0.001
115.073    42.539    -0.001
115.339    42.248    -0.001
115.619    41.943    -0.001
115.879    41.657    -0.001
116.159    41.352    -0.001
116.418    41.066    -0.001
116.697    40.761    -0.001
116.958    40.475    -0.001
117.229    40.180    -0.001
117.508    39.875    -0.001
117.769    39.590    -0.001
118.039    39.295    -0.001
118.318    38.989    -0.001
118.579    38.704    -0.001
118.853    38.403    -0.001
119.122    38.109    -0.001
119.388    37.817    -0.001
119.667    37.512    -0.001
119.928    37.227    -0.001
120.208    36.922    -0.001
120.487    36.616    -0.001
120.748    36.331    -0.001
121.022    36.030    -0.001
121.291    35.735    -0.001
121.562    35.439    -0.001
121.826    35.149    -0.001
122.101    34.849    -0.001
122.372    34.552    -0.001
122.636    34.263    -0.001
122.911    33.962    -0.001
123.180    33.668    -0.001
123.446    33.376    -0.001
123.721    33.076    -0.001
123.990    32.781    -0.001
124.260    32.484    -0.001
124.525    32.195    -0.001
124.799    31.895    -0.001
125.070    31.598    -0.001
125.344    31.298    -0.001
125.618    30.997    -0.001
125.887    30.703    -0.001
126.158    30.406    -0.001
126.423    30.116    -0.001
126.702    29.811    -0.001
126.963    29.526    -0.001
127.238    29.225    -0.001
127.512    28.925    -0.001
127.773    28.640    -0.001
128.048    28.339    -0.001
128.317    28.045    -0.001
128.588    27.748    -0.001
128.854    27.459    -0.001
129.133    27.153    -0.001
129.394    26.868    -0.001
129.669    26.567    -0.001
129.937    26.273    -0.001
130.199    25.986    -0.001
130.446    25.717    -0.001
130.720    25.416    -0.001
130.986    25.126    -0.001
131.261    24.825    -0.001
131.530    24.531    -0.001
131.795    24.239    -0.001
132.066    23.945    -0.001
132.336    23.649    -0.001
132.615    23.344    -0.001
132.876    23.059    -0.001
133.147    22.764    -0.001
133.422    22.465    -0.001
133.688    22.174    -0.001
133.959    21.879    -0.001
134.234    21.579    -0.001
134.493    21.295    -0.001
134.778    20.985    -0.001
135.049    20.690    -0.001
135.323    20.390    -0.001
135.594    20.093    -0.001
135.860    19.805    -0.001
136.130    19.509    -0.001
136.405    19.210    -0.001
136.676    18.914    -0.001
136.942    18.624    -0.001
137.211    18.329    -0.002
137.481    18.035    -0.002
137.752    17.740    -0.002
138.027    17.440    -0.002
138.295    17.151    -0.002
138.572    16.852    -0.002
138.838    16.564    -0.002
139.111    16.271    -0.002
139.388    15.973    -0.002
139.655    15.684    -0.002
139.933    15.386    -0.002
140.199    15.098    -0.002
140.476    14.800    -0.002
140.749    14.505    -0.002
141.020    14.213    -0.002
141.293    13.918    -0.002
141.564    13.625    -0.002
141.837    13.330    -0.002
142.111    13.033    -0.002
142.379    12.744    -0.002
142.652    12.450    -0.002
142.924    12.158    -0.002
143.196    11.863    -0.002
143.468    11.571    -0.002
143.741    11.276    -0.002
144.012    10.984    -0.002
144.285    10.689    -0.002
144.555    10.397    -0.002
144.828    10.102    -0.002
145.099    9.809    -0.002
145.372    9.515    -0.002
145.648    9.217    -0.002
145.910    8.933    -0.002
146.192    8.630    -0.002
146.459    8.341    -0.002
146.731    8.046    -0.002
147.015    7.737    -0.002
147.276    7.453    -0.002
147.552    7.153    -0.002
147.823    6.860    -0.002
148.090    6.570    -0.002
148.366    6.270    -0.002
148.637    5.977    -0.002
148.905    5.688    -0.002
149.183    5.390    -0.002
149.449    5.102    -0.002
149.731    4.799    -0.002
149.995    4.516    -0.002
150.276    4.212    -0.002
150.536    3.927    -0.002
150.805    3.630    -0.002
151.078    3.328    -0.002
151.346    3.032    -0.002
151.611    2.740    -0.002
151.884    2.438    -0.002
152.147    2.147    -0.002
152.434    1.830    -0.002
152.699    1.538    -0.002
152.971    1.237    -0.002
153.240    0.940    -0.002
153.509    0.644    -0.002
153.777    0.347    -0.002
154.042    0.055    -0.002
154.315    -0.246    -0.002
154.584    -0.543    -0.002
154.848    -0.835    -0.002
155.116    -1.131    -0.002
155.389    -1.434    -0.002
155.653    -1.725    -0.002
155.926    -2.026    -0.002
156.190    -2.327    -0.002
156.427    -2.597    -0.002
156.643    -2.848    -0.002
156.911    -3.154    -0.002
157.171    -3.450    -0.002
157.477    -3.797    -0.002
157.800    -4.162    -0.002
158.068    -4.469    -0.002
158.327    -4.764    -0.002
158.597    -5.071    -0.002
158.851    -5.361    -0.002
159.124    -5.672    -0.002
159.382    -5.968    -0.002
159.650    -6.274    -0.002
159.910    -6.569    -0.002
160.169    -6.866    -0.002
160.442    -7.177    -0.002
160.702    -7.472    -0.002
160.970    -7.779    -0.002
161.225    -8.069    -0.002
161.498    -8.380    -0.002
161.756    -8.676    -0.002
162.026    -8.982    -0.002
162.285    -9.277    -0.002
162.550    -9.587    -0.002
162.836    -9.922    -0.002
163.102    -10.231    -0.002
163.357    -10.529    -0.002
163.622    -10.839    -0.002
163.881    -11.141    -0.002
164.143    -11.447    -0.002
164.398    -11.745    -0.002
164.663    -12.055    -0.002
164.921    -12.357    -0.002
165.183    -12.663    -0.002
165.456    -12.981    -0.002
165.712    -13.281    -0.002
165.975    -13.590    -0.002
166.239    -13.901    -0.002
166.489    -14.196    -0.002
166.751    -14.506    -0.002
167.010    -14.812    -0.002
167.264    -15.113    -0.002
167.531    -15.428    -0.002
167.785    -15.728    -0.002
168.044    -16.034    -0.002
168.333    -16.376    -0.002
168.598    -16.695    -0.002
168.853    -17.001    -0.002
169.108    -17.309    -0.002
169.365    -17.617    -0.002
169.625    -17.930    -0.002
169.876    -18.232    -0.002
170.132    -18.540    -0.002
170.393    -18.854    -0.002
170.644    -19.156    -0.002
170.921    -19.490    -0.002
171.199    -19.825    -0.002
171.455    -20.132    -0.002
171.703    -20.436    -0.002
171.960    -20.761    -0.002
172.204    -21.071    -0.002
172.450    -21.386    -0.002
172.692    -21.694    -0.002
172.945    -22.015    -0.002
173.196    -22.334    -0.002
173.435    -22.638    -0.002
173.725    -23.008    -0.002
173.972    -23.323    -0.002
174.220    -23.637    -0.002
174.467    -23.952    -0.002
174.717    -24.271    -0.002
174.962    -24.581    -0.002
175.209    -24.895    -0.002
175.456    -25.210    -0.002
175.703    -25.532    -0.002
175.951    -25.856    -0.002
176.220    -26.209    -0.002
176.462    -26.524    -0.002
176.707    -26.843    -0.003
176.949    -27.159    -0.003
177.189    -27.489    -0.003
177.416    -27.803    -0.003
177.659    -28.137    -0.003
177.884    -28.451    -0.003
178.127    -28.785    -0.003
178.357    -29.104    -0.003
178.594    -29.430    -0.003
178.856    -29.791    -0.003
179.092    -30.117    -0.003
179.325    -30.439    -0.003
179.561    -30.766    -0.003
179.798    -31.094    -0.003
180.028    -31.412    -0.003
180.265    -31.738    -0.003
180.498    -32.060    -0.003
180.734    -32.387    -0.003
180.984    -32.732    -0.003
181.235    -33.078    -0.003
181.470    -33.402    -0.003
181.705    -33.727    -0.003
181.945    -34.057    -0.003
182.171    -34.370    -0.003
182.409    -34.698    -0.003
182.637    -35.027    -0.003
182.863    -35.368    -0.003
183.078    -35.695    -0.003
183.311    -36.047    -0.003
183.565    -36.427    -0.003
183.786    -36.761    -0.003
184.010    -37.098    -0.003
184.226    -37.419    -0.003
184.455    -37.757    -0.003
184.683    -38.092    -0.003
184.906    -38.418    -0.003
185.139    -38.760    -0.003
185.324    -39.033    -0.003
185.522    -39.324    -0.003
185.744    -39.657    -0.003
186.013    -40.058    -0.003
186.317    -40.519    -0.003
186.535    -40.849    -0.003
186.751    -41.176    -0.003
186.980    -41.521    -0.003
187.198    -41.851    -0.003
187.412    -42.188    -0.003
187.618    -42.537    -0.003
187.817    -42.870    -0.003
188.024    -43.222    -0.003
188.231    -43.570    -0.003
188.461    -43.958    -0.003
188.673    -44.313    -0.003
188.872    -44.651    -0.003
189.080    -45.003    -0.003
189.279    -45.335    -0.003
189.493    -45.688    -0.003
189.696    -46.023    -0.003
189.948    -46.439    -0.003
190.155    -46.781    -0.003
190.363    -47.123    -0.003
190.571    -47.465    -0.003
190.779    -47.807    -0.003
190.986    -48.149    -0.003
191.194    -48.491    -0.003
191.400    -48.839    -0.003
191.596    -49.183    -0.003
191.795    -49.531    -0.003
191.993    -49.878    -0.003
192.191    -50.226    -0.003
192.396    -50.585    -0.003
192.620    -50.978    -0.003
192.813    -51.333    -0.003
193.001    -51.697    -0.003
193.179    -52.041    -0.003
193.366    -52.399    -0.003
193.548    -52.751    -0.003
193.734    -53.110    -0.003
193.920    -53.469    -0.003
194.103    -53.820    -0.003
194.287    -54.176    -0.003
194.523    -54.635    -0.003
194.705    -54.991    -0.003
194.886    -55.347    -0.003
195.070    -55.707    -0.003
195.251    -56.060    -0.003
195.432    -56.416    -0.003
195.614    -56.773    -0.003
195.796    -57.129    -0.003
195.980    -57.489    -0.003
196.150    -57.847    -0.003
196.321    -58.209    -0.003
196.531    -58.646    -0.003
196.705    -59.015    -0.003
196.878    -59.380    -0.003
197.045    -59.730    -0.003
197.222    -60.103    -0.003
197.397    -60.463    -0.003
197.592    -60.865    -0.003
197.765    -61.220    -0.003
197.938    -61.577    -0.003
198.114    -61.940    -0.003
198.317    -62.363    -0.003
198.491    -62.718    -0.003
198.668    -63.083    -0.003
198.833    -63.437    -0.003
199.000    -63.805    -0.003
199.167    -64.175    -0.003
199.331    -64.534    -0.003
199.498    -64.904    -0.003
199.660    -65.259    -0.003
199.829    -65.635    -0.003
200.015    -66.044    -0.003
200.190    -66.431    -0.003
200.355    -66.792    -0.003
200.518    -67.151    -0.004
200.672    -67.531    -0.004
200.818    -67.900    -0.004
200.991    -68.340    -0.004
201.147    -68.732    -0.004
201.294    -69.107    -0.004
201.442    -69.485    -0.004
201.586    -69.849    -0.004
201.755    -70.281    -0.004
201.912    -70.679    -0.004
202.047    -71.058    -0.004
202.182    -71.436    -0.004
202.318    -71.819    -0.004
202.449    -72.190    -0.004
202.583    -72.564    -0.004
202.717    -72.944    -0.004
202.850    -73.318    -0.004
202.996    -73.726    -0.004
203.152    -74.169    -0.004
203.284    -74.538    -0.004
203.419    -74.921    -0.004
203.558    -75.311    -0.004
203.701    -75.715    -0.004
203.824    -76.096    -0.004
203.942    -76.468    -0.004
204.067    -76.861    -0.004
204.188    -77.240    -0.004
204.308    -77.622    -0.004
204.443    -78.043    -0.004
204.595    -78.527    -0.004
204.716    -78.911    -0.004
204.837    -79.292    -0.004
204.959    -79.672    -0.004
205.080    -80.055    -0.004
205.200    -80.437    -0.004
205.314    -80.818    -0.004
205.428    -81.204    -0.004
205.543    -81.588    -0.004
205.656    -81.972    -0.004
205.800    -82.471    -0.004
205.915    -82.857    -0.004
206.031    -83.250    -0.004
206.144    -83.634    -0.004
206.259    -84.018    -0.004
206.377    -84.424    -0.004
206.480    -84.832    -0.004
206.564    -85.233    -0.004
206.645    -85.614    -0.004
206.728    -86.006    -0.004
206.822    -86.447    -0.004
206.904    -86.839    -0.004
206.989    -87.240    -0.004
207.070    -87.622    -0.004
207.153    -88.013    -0.004
207.236    -88.406    -0.004
207.320    -88.806    -0.004
207.401    -89.188    -0.004
207.484    -89.579    -0.004
207.560    -89.982    -0.004
207.651    -90.476    -0.004
207.724    -90.888    -0.004
207.794    -91.283    -0.004
207.864    -91.676    -0.004
207.932    -92.062    -0.004
208.004    -92.466    -0.004
208.081    -92.898    -0.004
208.151    -93.292    -0.004
208.218    -93.677    -0.004
208.297    -94.118    -0.004
208.382    -94.611    -0.004
208.450    -94.995    -0.004
208.521    -95.400    -0.004
208.587    -95.784    -0.004
208.657    -96.189    -0.004
208.725    -96.573    -0.004
208.799    -96.976    -0.004
208.856    -97.364    -0.004
208.910    -97.769    -0.004
208.965    -98.196    -0.004
209.026    -98.663    -0.004
209.074    -99.049    -0.004
209.107    -99.459    -0.004
209.139    -99.849    -0.004
209.172    -100.257    -0.004
209.208    -100.646    -0.004
209.248    -101.054    -0.004
209.288    -101.442    -0.004
209.343    -102.018    -0.004
209.386    -102.475    -0.004
209.423    -102.874    -0.004
209.460    -103.273    -0.004
209.497    -103.682    -0.004
209.534    -104.070    -0.004
209.559    -104.470    -0.004
209.584    -104.869    -0.004
209.607    -105.268    -0.004
209.634    -105.708    -0.004
209.657    -106.138    -0.004
209.676    -106.537    -0.004
209.694    -106.937    -0.004
209.712    -107.336    -0.004
209.730    -107.736    -0.004
209.750    -108.146    -0.004
209.768    -108.535    -0.004
209.787    -108.935    -0.004
209.805    -109.335    -0.004
209.807    -109.735    -0.004
209.810    -110.135    -0.004
209.815    -110.685    -0.004
209.816    -111.166    -0.004
209.815    -111.566    -0.004
209.816    -111.966    -0.004
209.815    -112.377    -0.004
209.798    -112.766    -0.004
209.772    -113.167    -0.004
209.747    -113.565    -0.004
209.722    -113.975    -0.004
209.696    -114.365    -0.004
209.671    -114.765    -0.004
209.647    -115.174    -0.004
209.617    -115.740    -0.004
209.591    -116.169    -0.005
209.569    -116.559    -0.005
209.540    -116.966    -0.005
209.510    -117.366    -0.005
209.481    -117.765    -0.005
209.451    -118.164    -0.005
209.423    -118.555    -0.005
209.392    -118.962    -0.005
209.356    -119.360    -0.005
209.317    -119.759    -0.005
209.272    -120.235    -0.005
209.213    -120.807    -0.005
209.177    -121.206    -0.005
209.144    -121.596    -0.005
209.108    -122.005    -0.005
209.076    -122.404    -0.005
209.036    -122.793    -0.005
208.988    -123.200    -0.005
208.941    -123.588    -0.005
208.892    -123.996    -0.005
208.835    -124.471    -0.005
208.795    -124.860    -0.005
208.750    -125.268    -0.005
208.708    -125.657    -0.005
208.664    -126.067    -0.005
208.614    -126.432    -0.005
208.555    -126.825    -0.005
208.493    -127.223    -0.005
208.435    -127.608    -0.005
208.374    -128.014    -0.005
208.314    -128.397    -0.005
208.252    -128.806    -0.005
208.194    -129.191    -0.005
208.132    -129.596    -0.005
208.027    -130.192    -0.005
207.941    -130.575    -0.005
207.853    -130.973    -0.005
207.769    -131.355    -0.005
207.678    -131.757    -0.005
207.570    -132.247    -0.005
207.478    -132.657    -0.005
207.390    -133.048    -0.005
207.302    -133.438    -0.005
207.210    -133.827    -0.005
207.113    -134.218    -0.005
207.016    -134.604    -0.005
206.923    -134.982    -0.005
206.820    -135.400    -0.005
206.720    -135.800    -0.005
206.620    -136.188    -0.005
206.519    -136.575    -0.005
206.419    -136.962    -0.005
206.320    -137.350    -0.005
206.211    -137.745    -0.005
206.083    -138.200    -0.005
205.973    -138.584    -0.005
205.863    -138.969    -0.005
205.754    -139.354    -0.005
205.644    -139.740    -0.005
205.524    -140.125    -0.005
205.404    -140.503    -0.005
205.262    -140.962    -0.005
205.089    -141.510    -0.005
204.973    -141.879    -0.005
204.851    -142.264    -0.005
204.731    -142.643    -0.005
204.608    -143.033    -0.005
204.490    -143.409    -0.005
204.345    -143.847    -0.005
204.200    -144.249    -0.005
204.060    -144.638    -0.005
203.927    -145.005    -0.005
203.791    -145.378    -0.005
203.652    -145.767    -0.005
203.519    -146.134    -0.005
203.363    -146.565    -0.005
203.207    -146.994    -0.005
203.073    -147.362    -0.005
202.935    -147.743    -0.005
202.782    -148.117    -0.005
202.626    -148.486    -0.005
202.476    -148.843    -0.005
202.280    -149.312    -0.005
202.117    -149.697    -0.005
201.962    -150.070    -0.005
201.811    -150.436    -0.005
201.658    -150.810    -0.005
201.504    -151.184    -0.005
201.344    -151.547    -0.005
201.174    -151.905    -0.005
200.984    -152.306    -0.005
200.804    -152.687    -0.005
200.631    -153.049    -0.005
200.453    -153.408    -0.005
200.273    -153.766    -0.005
200.094    -154.124    -0.005
199.913    -154.485    -0.005
199.735    -154.840    -0.005
199.530    -155.255    -0.005
199.292    -155.733    -0.005
199.112    -156.091    -0.005
198.931    -156.453    -0.005
198.754    -156.806    -0.005
198.574    -157.164    -0.005
198.393    -157.526    -0.005
198.215    -157.879    -0.005
198.024    -158.236    -0.005
197.725    -158.776    -0.005
197.534    -159.125    -0.005
197.335    -159.481    -0.005
197.146    -159.824    -0.005
196.948    -160.181    -0.005
196.759    -160.525    -0.005
196.561    -160.882    -0.005
196.319    -161.309    -0.005
196.113    -161.678    -0.005
195.907    -162.027    -0.005
195.697    -162.361    -0.005
195.480    -162.707    -0.005
195.269    -163.045    -0.005
195.060    -163.380    -0.005
194.811    -163.778    -0.005
194.595    -164.121    -0.005
194.379    -164.467    -0.005
194.174    -164.795    -0.005
193.954    -165.146    -0.005
193.740    -165.484    -0.005
193.544    -165.782    -0.005
193.325    -166.120    -0.005
193.110    -166.448    -0.005
192.883    -166.785    -0.005
192.658    -167.118    -0.005
192.430    -167.455    -0.005
192.133    -167.896    -0.005
191.912    -168.222    -0.005
191.684    -168.559    -0.005
191.459    -168.890    -0.005
191.238    -169.217    -0.005
191.005    -169.549    -0.005
190.719    -169.931    -0.005
190.441    -170.301    -0.005
190.200    -170.620    -0.005
189.954    -170.945    -0.005
189.717    -171.259    -0.005
189.476    -171.578    -0.005
189.231    -171.903    -0.005
188.973    -172.245    -0.005
188.723    -172.575    -0.005
188.480    -172.884    -0.005
188.224    -173.201    -0.005
187.977    -173.506    -0.005
187.721    -173.824    -0.005
187.474    -174.129    -0.005
187.206    -174.461    -0.005
186.899    -174.842    -0.005
186.647    -175.154    -0.005
186.394    -175.463    -0.005
186.133    -175.767    -0.005
185.868    -176.068    -0.005
185.604    -176.368    -0.005
185.338    -176.668    -0.005
185.014    -177.040    -0.005
184.683    -177.416    -0.005
184.422    -177.711    -0.005
184.152    -178.016    -0.005
183.888    -178.316    -0.005
183.624    -178.615    -0.005
183.359    -178.916    -0.005
183.089    -179.203    -0.005
182.804    -179.502    -0.005
182.518    -179.801    -0.005
182.237    -180.095    -0.005
181.964    -180.379    -0.005
181.683    -180.673    -0.005
181.407    -180.963    -0.005
181.135    -181.247    -0.005
180.851    -181.539    -0.005
180.550    -181.840    -0.005
180.198    -182.194    -0.005
179.914    -182.476    -0.005
179.621    -182.767    -0.005
179.346    -183.040    -0.005
179.061    -183.322    -0.005
178.773    -183.609    -0.005
178.495    -183.887    -0.005
178.210    -184.168    -0.005
177.744    -184.618    -0.005
177.392    -184.931    -0.005
177.093    -185.197    -0.005
176.795    -185.463    -0.005
176.497    -185.729    -0.005
176.197    -185.996    -0.005
175.898    -186.262    -0.005
175.586    -186.541    -0.005
175.270    -186.820    -0.005
174.975    -187.071    -0.005
174.659    -187.337    -0.005
174.354    -187.595    -0.005
174.047    -187.853    -0.005
173.722    -188.128    -0.005
173.325    -188.458    -0.005
173.020    -188.716    -0.005
172.715    -188.973    -0.005
172.399    -189.223    -0.005
172.086    -189.471    -0.005
171.768    -189.722    -0.005
171.457    -189.967    -0.005
171.149    -190.209    -0.005
170.830    -190.463    -0.005
170.528    -190.701    -0.005
170.211    -190.951    -0.005
169.889    -191.195    -0.005
169.572    -191.432    -0.005
169.254    -191.670    -0.005
168.817    -191.998    -0.005
168.459    -192.265    -0.005
168.129    -192.500    -0.005
167.804    -192.726    -0.005
167.472    -192.957    -0.005
167.140    -193.186    -0.005
166.786    -193.433    -0.005
166.422    -193.685    -0.005
166.080    -193.918    -0.005
165.751    -194.137    -0.005
165.422    -194.358    -0.005
165.086    -194.583    -0.005
164.757    -194.803    -0.005
164.422    -195.028    -0.005
164.021    -195.296    -0.005
163.689    -195.518    -0.005
163.356    -195.741    -0.005
163.024    -195.964    -0.005
162.687    -196.174    -0.005
162.343    -196.387    -0.005
162.003    -196.597    -0.005
161.615    -196.837    -0.005
161.252    -197.060    -0.005
160.913    -197.265    -0.005
160.575    -197.464    -0.005
160.223    -197.671    -0.005
159.874    -197.876    -0.005
159.534    -198.077    -0.005
159.197    -198.275    -0.005
158.783    -198.514    -0.005
158.430    -198.702    -0.005
158.077    -198.891    -0.005
157.716    -199.084    -0.005
157.367    -199.271    -0.005
157.017    -199.458    -0.005
156.555    -199.708    -0.005
156.133    -199.934    -0.005
155.776    -200.124    -0.005
155.429    -200.305    -0.005
155.054    -200.495    -0.005
154.675    -200.689    -0.005
154.314    -200.872    -0.005
153.961    -201.050    -0.005
153.600    -201.236    -0.005
153.240    -201.418    -0.005
152.838    -201.621    -0.005
152.443    -201.821    -0.005
152.084    -201.998    -0.005
151.712    -202.169    -0.005
151.358    -202.334    -0.005
150.995    -202.502    -0.005
150.598    -202.667    -0.005
150.141    -202.851    -0.005
149.776    -202.993    -0.005
149.395    -203.143    -0.005
149.022    -203.289    -0.005
148.660    -203.435    -0.005
148.235    -203.609    -0.005
147.826    -203.775    -0.005
147.443    -203.919    -0.005
147.075    -204.051    -0.005
146.691    -204.192    -0.005
146.321    -204.321    -0.005
145.897    -204.471    -0.005
145.448    -204.625    -0.005
145.068    -204.756    -0.005
144.688    -204.884    -0.005
144.312    -205.012    -0.005
143.931    -205.143    -0.005
143.544    -205.278    -0.005
143.124    -205.426    -0.005
142.753    -205.557    -0.005
142.342    -205.701    -0.005
141.909    -205.852    -0.005
141.522    -205.988    -0.005
141.146    -206.120    -0.005
140.695    -206.275    -0.005
140.307    -206.411    -0.005
139.931    -206.544    -0.005
139.559    -206.670    -0.005
139.223    -206.773    -0.005
138.831    -206.892    -0.005
138.457    -207.007    -0.005
138.065    -207.126    -0.005
137.681    -207.240    -0.005
137.305    -207.346    -0.005
136.911    -207.457    -0.005
136.480    -207.579    -0.005
135.965    -207.722    -0.005
135.587    -207.823    -0.005
135.198    -207.919    -0.005
134.811    -208.013    -0.005
134.413    -208.112    -0.005
134.033    -208.205    -0.005
133.645    -208.300    -0.005
133.247    -208.398    -0.005
132.830    -208.500    -0.005
132.432    -208.597    -0.005
132.052    -208.690    -0.005
131.656    -208.787    -0.005
131.228    -208.888    -0.005
130.746    -209.000    -0.005
130.365    -209.090    -0.005
129.966    -209.183    -0.005
129.572    -209.253    -0.005
129.177    -209.321    -0.005
128.728    -209.401    -0.005
128.288    -209.477    -0.005
127.884    -209.548    -0.005
127.498    -209.615    -0.005
127.104    -209.682    -0.005
126.700    -209.748    -0.005
126.305    -209.813    -0.005
125.901    -209.880    -0.005
125.516    -209.942    -0.005
125.112    -210.009    -0.005
124.724    -210.072    -0.005
124.321    -210.140    -0.005
123.927    -210.204    -0.005
123.326    -210.297    -0.005
122.921    -210.356    -0.005
122.513    -210.401    -0.005
122.125    -210.443    -0.005
121.719    -210.489    -0.005
121.331    -210.531    -0.005
120.913    -210.577    -0.005
120.449    -210.626    -0.005
120.061    -210.670    -0.005
119.654    -210.713    -0.005
119.265    -210.758    -0.005
118.867    -210.795    -0.005
118.458    -210.826    -0.005
118.068    -210.856    -0.005
117.660    -210.887    -0.005
117.261    -210.916    -0.005
116.872    -210.946    -0.005
116.463    -210.977    -0.005
116.064    -211.007    -0.005
115.590    -211.043    -0.005
115.135    -211.077    -0.005
114.735    -211.106    -0.005
114.327    -211.129    -0.005
113.936    -211.145    -0.005
113.525    -211.162    -0.005
113.059    -211.181    -0.005
112.622    -211.198    -0.005
112.232    -211.210    -0.004
111.832    -211.218    -0.004
111.432    -211.225    -0.004
111.032    -211.234    -0.004
110.594    -211.241    -0.004
110.193    -211.236    -0.004
109.783    -211.231    -0.004
109.383    -211.226    -0.004
108.993    -211.220    -0.004
108.583    -211.216    -0.004
108.192    -211.210    -0.004
107.783    -211.206    -0.004
107.270    -211.199    -0.004
106.766    -211.190    -0.004
106.367    -211.184    -0.004
105.956    -211.173    -0.004
105.565    -211.152    -0.004
105.158    -211.131    -0.004
104.729    -211.108    -0.004
104.300    -211.086    -0.004
103.902    -211.064    -0.004
103.503    -211.038    -0.004
103.104    -211.009    -0.004
102.666    -210.978    -0.004
102.190    -210.944    -0.004
101.793    -210.911    -0.004
101.395    -210.868    -0.004
100.997    -210.825    -0.004
100.598    -210.781    -0.004
100.192    -210.738    -0.004
99.766    -210.691    -0.004
99.319    -210.643    -0.004
98.932    -210.600    -0.004
98.525    -210.556    -0.004
98.136    -210.514    -0.004
97.699    -210.466    -0.004
97.312    -210.424    -0.004
96.904    -210.374    -0.004
96.517    -210.325    -0.004
96.092    -210.270    -0.004
95.668    -210.215    -0.004
95.270    -210.164    -0.004
94.873    -210.101    -0.004
94.463    -210.026    -0.004
94.067    -209.952    -0.004
93.665    -209.878    -0.004
93.271    -209.805    -0.004
92.859    -209.730    -0.004
92.465    -209.657    -0.004
92.034    -209.578    -0.004
91.641    -209.505    -0.004
91.211    -209.426    -0.004
90.807    -209.351    -0.004
90.283    -209.253    -0.004
89.864    -209.174    -0.004
89.470    -209.101    -0.004
89.038    -209.020    -0.004
88.653    -208.949    -0.004
88.318    -208.875    -0.004
87.978    -208.790    -0.004
87.531    -208.683    -0.004
87.021    -208.560    -0.004
86.633    -208.465    -0.004
86.253    -208.372    -0.004
85.988    -208.306    -0.004
85.614    -208.214    -0.004
85.228    -208.119    -0.004
84.739    -208.000    -0.004
84.348    -207.900    -0.004
83.964    -207.787    -0.004
83.563    -207.670    -0.004
83.179    -207.557    -0.004
82.783    -207.441    -0.004
82.410    -207.331    -0.004
81.971    -207.203    -0.004
81.571    -207.086    -0.004
81.195    -206.976    -0.004
80.794    -206.857    -0.004
80.389    -206.738    -0.004
80.008    -206.626    -0.004
79.619    -206.498    -0.004
79.220    -206.366    -0.004
78.769    -206.218    -0.004
78.401    -206.093    -0.004
78.013    -205.964    -0.004
77.604    -205.829    -0.004
77.074    -205.650    -0.004
76.698    -205.523    -0.004
76.322    -205.398    -0.004
75.932    -205.267    -0.004
75.428    -205.081    -0.004
74.998    -204.909    -0.004
74.618    -204.761    -0.004
74.206    -204.596    -0.004
73.836    -204.451    -0.004
73.456    -204.302    -0.004
73.102    -204.164    -0.004
72.736    -204.020    -0.004
72.375    -203.878    -0.004
71.994    -203.728    -0.004
71.618    -203.579    -0.004
71.219    -203.422    -0.004
70.825    -203.250    -0.004
70.455    -203.088    -0.004
70.092    -202.929    -0.004
69.726    -202.768    -0.004
69.363    -202.609    -0.004
69.015    -202.449    -0.004
68.647    -202.281    -0.004
68.288    -202.115    -0.004
67.923    -201.948    -0.004
67.556    -201.779    -0.004
67.185    -201.610    -0.004
66.655    -201.358    -0.004
66.301    -201.180    -0.004
65.946    -201.002    -0.004
65.607    -200.832    -0.004
65.266    -200.660    -0.004
64.903    -200.478    -0.003
64.546    -200.298    -0.003
64.170    -200.109    -0.003
63.824    -199.934    -0.003
63.455    -199.749    -0.003
63.079    -199.560    -0.003
62.673    -199.354    -0.003
62.325    -199.166    -0.003
61.976    -198.977    -0.003
61.708    -198.831    -0.003
61.351    -198.637    -0.003
61.000    -198.446    -0.003
60.648    -198.256    -0.003
60.167    -197.997    -0.003
59.811    -197.803    -0.003
59.457    -197.611    -0.003
59.107    -197.422    -0.003
58.713    -197.196    -0.003
58.325    -196.954    -0.003
57.981    -196.738    -0.003
57.643    -196.525    -0.003
57.304    -196.312    -0.003
56.909    -196.063    -0.003
56.508    -195.809    -0.003
56.165    -195.593    -0.003
55.824    -195.379    -0.003
55.487    -195.166    -0.003
55.147    -194.952    -0.003
54.779    -194.711    -0.003
54.444    -194.482    -0.003
54.120    -194.259    -0.003
53.784    -194.028    -0.003
53.459    -193.806    -0.003
53.119    -193.572    -0.003
52.766    -193.330    -0.003
52.389    -193.070    -0.003
52.058    -192.843    -0.003
51.728    -192.616    -0.003
51.398    -192.389    -0.003
51.074    -192.145    -0.003
50.760    -191.906    -0.003
50.442    -191.663    -0.003
50.119    -191.416    -0.003
49.806    -191.177    -0.003
49.487    -190.934    -0.003
49.165    -190.688    -0.003
48.845    -190.444    -0.003
48.399    -190.103    -0.003
48.064    -189.848    -0.003
47.747    -189.605    -0.003
47.433    -189.358    -0.003
47.125    -189.112    -0.003
46.809    -188.856    -0.003
46.471    -188.586    -0.003
46.089    -188.278    -0.003
45.782    -188.030    -0.003
45.470    -187.780    -0.003
45.162    -187.525    -0.003
44.799    -187.213    -0.003
44.462    -186.922    -0.003
44.153    -186.658    -0.003
43.861    -186.392    -0.003
43.556    -186.114    -0.003
43.270    -185.854    -0.003
42.968    -185.581    -0.003
42.677    -185.315    -0.003
42.372    -185.037    -0.003
42.081    -184.773    -0.003
41.675    -184.399    -0.003
41.374    -184.126    -0.003
41.073    -183.850    -0.003
40.785    -183.583    -0.003
40.500    -183.303    -0.003
40.205    -183.012    -0.003
39.919    -182.732    -0.003
39.629    -182.446    -0.003
39.352    -182.167    -0.003
39.070    -181.883    -0.003
38.784    -181.593    -0.003
38.498    -181.305    -0.003
38.147    -180.948    -0.003
37.865    -180.665    -0.003
37.584    -180.361    -0.003
37.321    -180.079    -0.003
37.044    -179.780    -0.003
36.777    -179.491    -0.003
36.500    -179.193    -0.003
36.232    -178.904    -0.003
35.951    -178.601    -0.003
35.689    -178.317    -0.003
35.337    -177.936    -0.003
35.011    -177.581    -0.003
34.735    -177.282    -0.003
34.471    -176.980    -0.003
34.212    -176.677    -0.003
33.954    -176.379    -0.003
33.694    -176.075    -0.003
33.377    -175.705    -0.003
33.116    -175.401    -0.003
32.862    -175.092    -0.002
32.615    -174.787    -0.002
32.350    -174.459    -0.002
32.084    -174.131    -0.002
31.833    -173.814    -0.002
31.589    -173.502    -0.002
31.344    -173.187    -0.002
31.094    -172.868    -0.002
30.851    -172.556    -0.002
30.605    -172.241    -0.002
30.356    -171.921    -0.002
30.113    -171.609    -0.002
29.864    -171.290    -0.002
29.571    -170.913    -0.002
29.277    -170.535    -0.002
29.039    -170.219    -0.002
28.803    -169.896    -0.002
28.567    -169.573    -0.002
28.326    -169.243    -0.002
28.064    -168.884    -0.002
27.812    -168.536    -0.002
27.589    -168.220    -0.002
27.359    -167.886    -0.002
27.111    -167.526    -0.002
26.841    -167.130    -0.002
26.615    -166.796    -0.002
26.394    -166.456    -0.002
26.183    -166.131    -0.002
25.960    -165.789    -0.002
25.744    -165.457    -0.002
25.524    -165.118    -0.002
25.303    -164.779    -0.002
25.092    -164.454    -0.002
24.867    -164.107    -0.002
24.626    -163.736    -0.002
24.371    -163.342    -0.002
24.167    -163.003    -0.002
23.959    -162.656    -0.002
23.753    -162.313    -0.002
23.548    -161.970    -0.002
23.342    -161.627    -0.002
23.136    -161.283    -0.002
22.931    -160.939    -0.002
22.728    -160.600    -0.002
22.453    -160.139    -0.002
22.237    -159.777    -0.002
22.033    -159.432    -0.002
21.842    -159.081    -0.002
21.651    -158.729    -0.002
21.456    -158.370    -0.002
21.269    -158.026    -0.002
21.077    -157.675    -0.002
20.886    -157.323    -0.002
20.695    -156.972    -0.002
20.500    -156.613    -0.002
20.313    -156.269    -0.002
20.065    -155.812    -0.002
19.860    -155.433    -0.002
19.673    -155.089    -0.002
19.490    -154.733    -0.002
19.311    -154.375    -0.002
19.130    -154.013    -0.002
18.954    -153.660    -0.002
18.776    -153.301    -0.002
18.597    -152.943    -0.002
18.414    -152.577    -0.002
18.240    -152.227    -0.002
17.999    -151.738    -0.002
17.820    -151.376    -0.002
17.654    -151.006    -0.002
17.491    -150.647    -0.002
17.327    -150.285    -0.002
17.161    -149.918    -0.002
16.998    -149.556    -0.002
16.827    -149.180    -0.002
16.668    -148.827    -0.002
16.501    -148.459    -0.002
16.334    -148.089    -0.002
16.142    -147.664    -0.002
15.952    -147.235    -0.002
15.801    -146.875    -0.002
15.642    -146.494    -0.002
15.488    -146.127    -0.002
15.337    -145.767    -0.002
15.180    -145.390    -0.002
15.024    -145.018    -0.002
14.875    -144.659    -0.002
14.719    -144.281    -0.002
14.566    -143.911    -0.002
14.374    -143.435    -0.002
14.227    -143.053    -0.002
14.084    -142.676    -0.002
13.941    -142.304    -0.002
13.798    -141.931    -0.002
13.651    -141.549    -0.002
13.511    -141.185    -0.002
13.369    -140.810    -0.002
13.226    -140.437    -0.002
13.082    -140.063    -0.002
12.939    -139.689    -0.002
12.767    -139.217    -0.002
12.634    -138.830    -0.002
12.508    -138.460    -0.002
12.376    -138.072    -0.002
12.246    -137.697    -0.002
12.119    -137.325    -0.001
11.987    -136.937    -0.001
11.857    -136.558    -0.001
11.731    -136.188    -0.001
11.599    -135.800    -0.001
11.451    -135.355    -0.001
11.324    -134.963    -0.001
11.200    -134.576    -0.001
11.080    -134.202    -0.001
10.957    -133.823    -0.001
10.834    -133.441    -0.001
10.711    -133.059    -0.001
10.589    -132.681    -0.001
10.462    -132.290    -0.001
10.342    -131.917    -0.001
10.220    -131.539    -0.001
10.065    -131.021    -0.001
9.953    -130.627    -0.001
9.845    -130.242    -0.001
9.735    -129.856    -0.001
9.626    -129.472    -0.001
9.520    -129.095    -0.001
9.408    -128.702    -0.001
9.299    -128.319    -0.001
9.191    -127.932    -0.001
9.076    -127.527    -0.001
8.964    -127.114    -0.001
8.865    -126.736    -0.001
8.765    -126.349    -0.001
8.664    -125.961    -0.001
8.563    -125.572    -0.001
8.460    -125.177    -0.001
8.362    -124.799    -0.001
8.261    -124.411    -0.001
8.159    -124.015    -0.001
8.061    -123.637    -0.001
7.960    -123.249    -0.001
7.859    -122.853    -0.001
7.741    -122.348    -0.001
7.650    -121.951    -0.001
7.559    -121.559    -0.001
7.470    -121.171    -0.001
7.380    -120.781    -0.001
7.290    -120.389    -0.001
7.201    -120.001    -0.001
7.111    -119.609    -0.001
7.022    -119.221    -0.001
6.932    -118.829    -0.001
6.842    -118.401    -0.001
6.754    -117.981    -0.001
6.670    -117.580    -0.001
6.590    -117.197    -0.001
6.506    -116.797    -0.001
6.426    -116.414    -0.001
6.345    -116.022    -0.001
6.260    -115.622    -0.001
6.181    -115.239    -0.001
6.096    -114.839    -0.001
6.015    -114.447    -0.001
5.938    -114.054    -0.001
5.850    -113.596    -0.001
5.776    -113.203    -0.001
5.701    -112.810    -0.001
5.627    -112.415    -0.001
5.553    -112.024    -0.001
5.478    -111.629    -0.001
5.404    -111.237    -0.001
5.329    -110.844    -0.001
5.255    -110.451    -0.001
5.188    -110.064    -0.001
5.098    -109.512    -0.001
5.031    -109.099    -0.001
4.968    -108.704    -0.001
4.903    -108.308    -0.001
4.840    -107.913    -0.001
4.775    -107.519    -0.001
4.712    -107.123    -0.001
4.650    -106.737    -0.001
4.583    -106.324    -0.001
4.521    -105.938    -0.001
4.460    -105.543    -0.001
4.404    -105.147    -0.001
4.347    -104.730    -0.001
4.294    -104.344    -0.001
4.237    -103.938    -0.001
4.184    -103.551    -0.001
4.128    -103.146    -0.001
4.073    -102.748    -0.001
4.020    -102.362    -0.001
3.964    -101.956    -0.001
3.912    -101.560    -0.001
3.855    -101.096    -0.001
3.809    -100.708    -0.001
3.760    -100.301    -0.001
3.713    -99.904    -0.001
3.665    -99.506    -0.001
3.618    -99.119    -0.001
3.569    -98.713    -0.001
3.522    -98.315    -0.001
3.474    -97.918    -0.001
3.427    -97.520    -0.001
3.380    -97.133    -0.001
3.333    -96.706    -0.001
3.287    -96.280    -0.001
3.245    -95.873    -0.001
3.204    -95.484    -0.001
3.161    -95.086    -0.001
3.120    -94.688    -0.001
3.076    -94.281    -0.001
3.035    -93.893    -0.001
2.992    -93.495    -0.001
2.951    -93.097    -0.001
2.910    -92.689    -0.001
2.870    -92.244    -0.001
2.833    -91.836    -0.001
2.797    -91.437    -0.001
2.762    -91.039    -0.001
2.726    -90.640    -0.001
2.691    -90.241    -0.001
2.656    -89.853    -0.001
2.620    -89.445    -0.001
2.584    -89.036    -0.001
2.550    -88.647    -0.001
2.516    -88.249    -0.001
2.478    -87.765    -0.001
2.446    -87.338    -0.001
2.415    -86.948    -0.001
2.384    -86.540    -0.001
2.352    -86.141    -0.001
2.322    -85.752    -0.001
2.290    -85.343    -0.001
2.260    -84.944    -0.001
2.229    -84.554    -0.001
2.198    -84.146    -0.001
2.170    -83.757    -0.001
2.146    -83.367    -0.001
2.122    -82.967    -0.001
2.097    -82.568    -0.001
2.071    -82.159    -0.001
2.048    -81.769    -0.001
2.023    -81.369    -0.001
1.999    -80.970    -0.001
1.973    -80.561    -0.001
1.950    -80.171    -0.001
1.925    -79.772    -0.001
1.901    -79.363    -0.000
1.879    -78.954    -0.000
1.858    -78.545    -0.000
1.838    -78.155    -0.000
1.816    -77.746    -0.000
1.796    -77.346    -0.000
1.774    -76.946    -0.000
1.754    -76.547    -0.000
1.734    -76.147    -0.000
1.713    -75.757    -0.000
1.692    -75.348    -0.000
1.670    -74.920    -0.000
1.653    -74.491    -0.000
1.638    -74.101    -0.000
1.622    -73.702    -0.000
1.606    -73.292    -0.000
1.591    -72.902    -0.000
1.575    -72.502    -0.000
1.559    -72.093    -0.000
1.544    -71.702    -0.000
1.528    -71.293    -0.000
1.513    -70.903    -0.000
1.497    -70.493    -0.000
1.482    -70.103    -0.000
1.468    -69.703    -0.000
1.455    -69.294    -0.000
1.440    -68.903    -0.000
1.427    -68.503    -0.000
1.413    -68.103    -0.000
1.399    -67.703    -0.000
1.384    -67.294    -0.000
1.371    -66.903    -0.000
1.357    -66.495    -0.000
1.342    -66.048    -0.000
1.331    -65.638    -0.000
1.319    -65.238    -0.000
1.309    -64.829    -0.000
1.297    -64.438    -0.000
1.286    -64.038    -0.000
1.276    -63.638    -0.000
1.264    -63.238    -0.000
1.253    -62.838    -0.000
1.242    -62.439    -0.000
1.232    -62.029    -0.000
1.220    -61.639    -0.000
1.211    -61.238    -0.000
1.203    -60.829    -0.000
1.194    -60.410    -0.000
1.186    -60.019    -0.000
1.179    -59.610    -0.000
1.170    -59.210    -0.000
1.162    -58.819    -0.000
1.154    -58.410    -0.000
1.146    -58.010    -0.000
1.137    -57.609    -0.000
1.130    -57.219    -0.000
1.122    -56.809    -0.000
1.113    -56.409    -0.000
1.104    -56.018    -0.000
1.095    -55.618    -0.000
1.086    -55.218    -0.000
1.077    -54.818    -0.000
1.067    -54.418    -0.000
1.058    -54.018    -0.000
1.048    -53.619    -0.000
1.039    -53.219    -0.000
1.028    -52.819    -0.000
1.019    -52.419    -0.000
1.010    -52.019    -0.000
1.000    -51.619    -0.000
0.991    -51.218    -0.000
0.981    -50.818    -0.000
0.971    -50.418    -0.000
0.961    -50.018    -0.000
0.952    -49.609    -0.000
0.942    -49.218    -0.000
0.933    -48.818    -0.000
0.924    -48.418    -0.000
0.914    -48.018    -0.000
0.905    -47.618    -0.000
0.895    -47.208    -0.000
0.886    -46.818    -0.000
0.876    -46.418    -0.000
0.867    -46.018    -0.000
0.857    -45.608    -0.000
0.848    -45.217    -0.000
0.839    -44.817    -0.000
0.829    -44.418    -0.000
0.820    -44.009    -0.000
0.810    -43.618    -0.000
0.801    -43.218    -0.000
0.791    -42.808    -0.000
0.782    -42.418    -0.000
0.774    -42.018    -0.000
0.764    -41.618    -0.000
0.755    -41.208    -0.000
0.745    -40.818    -0.000
0.736    -40.417    -0.000
0.726    -40.008    -0.000
0.719    -39.598    -0.000
0.711    -39.208    -0.000
0.704    -38.808    -0.000
0.697    -38.398    -0.000
0.690    -38.007    -0.000
0.683    -37.607    -0.000
0.676    -37.198    -0.000
0.669    -36.807    -0.000
0.661    -36.407    -0.000
0.654    -35.997    -0.000
0.648    -35.607    -0.000
0.640    -35.207    -0.000
0.633    -34.797    -0.000
0.625    -34.406    -0.000
0.618    -34.006    -0.000
0.611    -33.597    -0.000
0.604    -33.206    -0.000
0.597    -32.806    -0.000
0.589    -32.397    -0.000
0.583    -32.007    -0.000
0.575    -31.607    -0.000
0.568    -31.207    -0.000
0.560    -30.806    -0.000
0.553    -30.397    -0.000
0.545    -30.006    -0.000
0.538    -29.606    -0.000
0.531    -29.206    -0.000
0.523    -28.806    -0.000
0.516    -28.406    -0.000
0.508    -28.006    -0.000
0.501    -27.606    -0.000
0.492    -27.205    -0.000
0.485    -26.805    -0.000
0.478    -26.405    -0.000
0.470    -26.005    -0.000
0.463    -25.605    -0.000
0.455    -25.205    -0.000
0.448    -24.805    -0.000
0.440    -24.395    -0.000
0.433    -24.005    -0.000
0.426    -23.604    -0.000
0.418    -23.204    -0.000
0.411    -22.804    -0.000
0.403    -22.404    -0.000
0.396    -22.004    -0.000
0.388    -21.604    -0.000
0.380    -21.204    -0.000
0.373    -20.813    -0.000
0.365    -20.404    -0.000
0.358    -20.003    -0.000
0.350    -19.603    -0.000
0.343    -19.204    -0.000
0.336    -18.814    -0.000
0.328    -18.404    -0.000
0.321    -18.004    -0.000
0.314    -17.604    -0.000
0.305    -17.204    -0.000
0.296    -16.813    -0.000
0.288    -16.404    -0.000
0.279    -16.003    -0.000
0.271    -15.603    -0.000
0.262    -15.203    -0.000
0.254    -14.803    -0.000
0.246    -14.403    -0.000
0.237    -14.003    -0.000
0.229    -13.593    -0.000
0.220    -13.203    -0.000
0.212    -12.793    -0.000
0.203    -12.403    -0.000
0.195    -12.003    -0.000
0.186    -11.593    -0.000
0.181    -11.202    -0.000
0.175    -10.793    -0.000
0.168    -10.393    -0.000
0.162    -10.002    -0.000
0.156    -9.592    -0.000
0.150    -9.202    -0.000
0.144    -8.802    -0.000
0.138    -8.411    -0.000
0.132    -8.001    -0.000
0.125    -7.601    -0.000
0.120    -7.201    -0.000
0.113    -6.801    -0.000
0.107    -6.401    -0.000
0.100    -6.002    -0.000
0.093    -5.602    -0.000
0.085    -5.192    -0.000
0.078    -4.792    -0.000
0.072    -4.401    -0.000
0.064    -3.992    -0.000
0.057    -3.592    -0.000
0.050    -3.191    -0.000
0.043    -2.801    -0.000
0.035    -2.391    -0.000
0.029    -1.991    -0.000
0.024    -1.591    -0.000
0.017    -1.191    -0.000
0.012    -0.800    -0.000
0.006    -0.410    -0.000
