7.426    0.138    -0.000
7.418    0.547    -0.000
7.412    0.938    -0.000
7.406    1.347    -0.000
7.399    1.738    -0.000
7.392    2.139    -0.000
7.385    2.548    -0.000
7.378    2.939    -0.000
7.372    3.339    -0.000
7.365    3.748    -0.000
7.358    4.139    -0.000
7.351    4.539    -0.000
7.345    4.949    -0.000
7.337    5.340    -0.000
7.331    5.749    -0.000
7.325    6.140    -0.000
7.318    6.540    -0.000
7.311    6.948    -0.000
7.305    7.339    -0.000
7.298    7.748    -0.000
7.292    8.130    -0.000
7.285    8.530    -0.000
7.279    8.931    -0.000
7.271    9.331    -0.000
7.265    9.740    -0.000
7.258    10.131    -0.000
7.252    10.531    -0.000
7.245    10.931    -0.000
7.238    11.331    -0.000
7.232    11.731    -0.000
7.225    12.131    -0.000
7.219    12.532    -0.000
7.212    12.932    -0.000
7.206    13.332    -0.000
7.199    13.732    -0.000
7.192    14.132    -0.000
7.186    14.532    -0.000
7.179    14.932    -0.000
7.173    15.332    -0.000
7.165    15.742    -0.000
7.158    16.133    -0.000
7.151    16.533    -0.000
7.144    16.933    -0.000
7.137    17.333    -0.000
7.129    17.733    -0.000
7.122    18.133    -0.000
7.115    18.533    -0.000
7.108    18.933    -0.000
7.100    19.333    -0.000
7.094    19.743    -0.000
7.087    20.134    -0.000
7.079    20.534    -0.000
7.073    20.934    -0.000
7.065    21.343    -0.000
7.058    21.734    -0.000
7.051    22.134    -0.000
7.044    22.543    -0.000
7.037    22.934    -0.000
7.030    23.334    -0.000
7.023    23.744    -0.000
7.016    24.135    -0.000
7.010    24.543    -0.000
7.002    24.934    -0.000
6.996    25.334    -0.000
6.989    25.743    -0.000
6.983    26.134    -0.000
6.976    26.534    -0.000
6.969    26.934    -0.000
6.963    27.344    -0.000
6.956    27.735    -0.000
6.949    28.135    -0.000
6.942    28.535    -0.000
6.936    28.935    -0.000
6.929    29.335    -0.000
6.922    29.735    -0.000
6.916    30.135    -0.000
6.909    30.545    -0.000
6.902    30.936    -0.000
6.895    31.336    -0.000
6.889    31.736    -0.000
6.883    32.136    -0.000
6.876    32.545    -0.000
6.870    32.936    -0.000
6.862    33.336    -0.000
6.856    33.736    -0.000
6.848    34.146    -0.000
6.842    34.537    -0.000
6.835    34.937    -0.000
6.828    35.337    -0.000
6.822    35.737    -0.000
6.814    36.137    -0.000
6.808    36.537    -0.000
6.801    36.937    -0.000
6.794    37.346    -0.000
6.787    37.737    -0.000
6.780    38.138    -0.000
6.773    38.547    -0.000
6.767    38.938    -0.000
6.760    39.347    -0.000
6.753    39.738    -0.000
6.747    40.138    -0.000
6.740    40.547    -0.000
6.734    40.938    -0.000
6.726    41.348    -0.000
6.717    41.739    -0.000
6.706    42.139    -0.000
6.694    42.547    -0.000
6.683    42.938    -0.000
6.672    43.347    -0.000
6.660    43.738    -0.000
6.649    44.138    -0.000
6.637    44.547    -0.000
6.626    44.938    -0.000
6.614    45.356    -0.000
6.602    45.792    -0.000
6.590    46.192    -0.000
6.579    46.583    -0.000
6.568    46.992    -0.000
6.556    47.383    -0.000
6.545    47.792    -0.000
6.533    48.193    -0.000
6.522    48.583    -0.000
6.511    48.992    -0.000
6.500    49.392    -0.000
6.489    49.783    -0.000
6.477    50.192    -0.000
6.462    50.592    -0.000
6.444    50.992    -0.000
6.427    51.383    -0.000
6.409    51.792    -0.000
6.393    52.182    -0.000
6.375    52.591    -0.000
6.358    52.999    -0.000
6.340    53.399    -0.000
6.324    53.799    -0.000
6.306    54.199    -0.000
6.283    54.608    -0.000
6.255    55.059    -0.000
6.230    55.468    -0.000
6.205    55.868    -0.000
6.179    56.267    -0.000
6.154    56.658    -0.000
6.128    57.065    -0.000
6.104    57.466    -0.000
6.079    57.864    -0.000
6.054    58.255    -0.000
6.029    58.663    -0.000
5.999    59.141    -0.000
5.974    59.549    -0.000
5.949    59.958    -0.000
5.926    60.340    -0.000
5.903    60.722    -0.000
5.870    61.129    -0.000
5.836    61.528    -0.000
5.800    61.970    -0.000
5.767    62.360    -0.000
5.729    62.813    -0.000
5.689    63.254    -0.000
5.656    63.618    -0.000
5.619    64.025    -0.000
5.585    64.415    -0.000
5.548    64.813    -0.000
5.513    65.211    -0.000
5.475    65.620    -0.000
5.441    66.010    -0.000
5.404    66.408    -0.000
5.369    66.806    -0.000
5.332    67.205    -0.000
5.295    67.611    -0.000
5.249    68.019    -0.000
5.206    68.417    -0.000
5.163    68.806    -0.000
5.116    69.222    -0.000
5.071    69.618    -0.000
5.025    70.024    -0.000
4.979    70.422    -0.000
4.933    70.829    -0.000
4.881    71.280    -0.000
4.835    71.687    -0.000
4.792    72.013    -0.000
4.746    72.373    -0.000
4.693    72.778    -0.000
4.643    73.177    -0.000
4.592    73.565    -0.000
4.541    73.970    -0.000
4.489    74.367    -0.000
4.440    74.756    -0.000
4.388    75.161    -0.000
4.337    75.558    -0.000
4.284    75.945    -0.000
4.228    76.352    -0.000
4.166    76.809    -0.000
4.104    77.255    -0.000
4.049    77.653    -0.000
3.990    78.039    -0.000
3.924    78.443    -0.000
3.853    78.872    -0.000
3.785    79.285    -0.000
3.721    79.678    -0.001
3.669    79.980    -0.001
3.602    80.400    -0.001
3.520    80.913    -0.001
3.455    81.317    -0.001
3.393    81.704    -0.001
3.329    82.100    -0.001
3.266    82.493    -0.001
3.202    82.888    -0.001
3.139    83.284    -0.001
3.077    83.671    -0.001
3.012    84.074    -0.001
2.946    84.469    -0.001
2.872    84.889    -0.001
2.803    85.283    -0.001
2.733    85.684    -0.001
2.665    86.072    -0.001
2.595    86.465    -0.001
2.518    86.875    -0.001
2.445    87.260    -0.001
2.368    87.661    -0.001
2.298    88.028    -0.001
2.231    88.372    -0.001
2.154    88.764    -0.001
2.057    89.258    -0.001
1.973    89.682    -0.001
1.895    90.066    -0.001
1.816    90.459    -0.001
1.735    90.859    -0.001
1.658    91.245    -0.001
1.579    91.635    -0.001
1.499    92.035    -0.001
1.421    92.420    -0.001
1.341    92.820    -0.001
1.259    93.204    -0.001
1.168    93.629    -0.001
1.080    94.037    -0.001
0.999    94.418    -0.001
0.914    94.809    -0.001
0.827    95.209    -0.001
0.735    95.616    -0.001
0.647    96.005    -0.001
0.559    96.389    -0.001
0.463    96.810    -0.001
0.371    97.218    -0.001
0.278    97.615    -0.001
0.186    98.005    -0.001
0.097    98.387    -0.001
0.003    98.784    -0.001
-0.088    99.173    -0.001
-0.179    99.563    -0.001
-0.270    99.953    -0.001
-0.359    100.335    -0.001
-0.453    100.732    -0.001
-0.548    101.121    -0.001
-0.643    101.509    -0.001
-0.743    101.915    -0.001
-0.852    102.359    -0.001
-0.946    102.740    -0.001
-1.043    103.136    -0.001
-1.137    103.517    -0.001
-1.234    103.914    -0.001
-1.330    104.302    -0.001
-1.426    104.691    -0.001
-1.526    105.097    -0.001
-1.637    105.544    -0.001
-1.732    105.930    -0.001
-1.821    106.296    -0.001
-1.916    106.685    -0.001
-2.011    107.071    -0.001
-2.107    107.463    -0.001
-2.199    107.844    -0.001
-2.305    108.238    -0.001
-2.428    108.616    -0.001
-2.551    109.001    -0.001
-2.675    109.381    -0.001
-2.795    109.752    -0.001
-2.920    110.144    -0.001
-3.055    110.565    -0.001
-3.182    110.963    -0.001
-3.301    111.353    -0.001
-3.412    111.729    -0.001
-3.525    112.111    -0.001
-3.641    112.505    -0.001
-3.754    112.889    -0.001
-3.871    113.282    -0.001
-3.983    113.664    -0.001
-4.094    114.040    -0.001
-4.210    114.431    -0.001
-4.324    114.815    -0.001
-4.438    115.201    -0.001
-4.551    115.582    -0.001
-4.671    115.963    -0.001
-4.792    116.348    -0.001
-4.911    116.727    -0.001
-5.029    117.102    -0.001
-5.152    117.491    -0.001
-5.272    117.875    -0.001
-5.391    118.254    -0.001
-5.512    118.635    -0.001
-5.647    119.067    -0.001
-5.768    119.448    -0.001
-5.890    119.829    -0.001
-6.016    120.212    -0.001
-6.140    120.588    -0.001
-6.268    120.976    -0.001
-6.391    121.349    -0.001
-6.517    121.729    -0.001
-6.645    122.119    -0.001
-6.767    122.489    -0.001
-6.911    122.924    -0.001
-7.040    123.314    -0.001
-7.167    123.701    -0.001
-7.298    124.079    -0.001
-7.430    124.457    -0.001
-7.559    124.828    -0.001
-7.693    125.213    -0.001
-7.825    125.591    -0.001
-7.954    125.961    -0.001
-8.088    126.347    -0.001
-8.219    126.721    -0.001
-8.361    127.129    -0.001
-8.494    127.511    -0.001
-8.627    127.889    -0.001
-8.765    128.267    -0.001
-8.903    128.639    -0.001
-9.037    129.009    -0.001
-9.178    129.394    -0.001
-9.329    129.807    -0.001
-9.467    130.183    -0.001
-9.608    130.568    -0.001
-9.748    130.951    -0.001
-9.891    131.341    -0.001
-10.027    131.713    -0.001
-10.169    132.083    -0.001
-10.313    132.456    -0.001
-10.461    132.840    -0.001
-10.602    133.203    -0.001
-10.746    133.576    -0.001
-10.892    133.952    -0.001
-11.038    134.330    -0.001
-11.180    134.699    -0.001
-11.346    135.125    -0.001
-11.493    135.505    -0.001
-11.642    135.888    -0.001
-11.792    136.259    -0.001
-11.941    136.627    -0.001
-12.094    137.000    -0.001
-12.241    137.362    -0.001
-12.390    137.728    -0.002
-12.543    138.102    -0.002
-12.694    138.473    -0.002
-12.860    138.879    -0.002
-13.036    139.308    -0.002
-13.188    139.680    -0.002
-13.342    140.053    -0.002
-13.496    140.418    -0.002
-13.654    140.790    -0.002
-13.808    141.155    -0.002
-13.964    141.524    -0.002
-14.121    141.896    -0.002
-14.279    142.268    -0.002
-14.433    142.633    -0.002
-14.587    142.998    -0.002
-14.759    143.404    -0.002
-14.917    143.776    -0.002
-15.071    144.137    -0.002
-15.234    144.503    -0.002
-15.399    144.872    -0.002
-15.571    145.257    -0.002
-15.734    145.622    -0.002
-15.896    145.985    -0.002
-16.061    146.353    -0.002
-16.226    146.722    -0.002
-16.392    147.094    -0.002
-16.559    147.466    -0.002
-16.720    147.824    -0.002
-16.891    148.186    -0.002
-17.062    148.549    -0.002
-17.235    148.918    -0.002
-17.403    149.273    -0.002
-17.575    149.638    -0.002
-17.744    149.996    -0.002
-17.917    150.365    -0.002
-18.085    150.720    -0.002
-18.280    151.133    -0.002
-18.446    151.484    -0.002
-18.624    151.855    -0.002
-18.797    152.203    -0.002
-18.979    152.572    -0.002
-19.153    152.925    -0.002
-19.332    153.287    -0.002
-19.508    153.643    -0.002
-19.686    154.004    -0.002
-19.862    154.360    -0.002
-20.043    154.725    -0.002
-20.223    155.091    -0.002
-20.400    155.449    -0.002
-20.575    155.801    -0.002
-20.761    156.168    -0.002
-20.941    156.520    -0.002
-21.123    156.877    -0.002
-21.305    157.234    -0.002
-21.487    157.591    -0.002
-21.670    157.951    -0.002
-21.850    158.304    -0.002
-22.054    158.703    -0.002
-22.258    159.102    -0.002
-22.441    159.461    -0.002
-22.627    159.813    -0.002
-22.818    160.172    -0.002
-23.001    160.515    -0.002
-23.194    160.879    -0.002
-23.382    161.232    -0.002
-23.565    161.575    -0.002
-23.759    161.938    -0.002
-23.944    162.284    -0.002
-24.151    162.672    -0.002
-24.347    163.040    -0.002
-24.530    163.383    -0.002
-24.727    163.743    -0.002
-24.918    164.091    -0.002
-25.111    164.442    -0.002
-25.305    164.796    -0.002
-25.492    165.137    -0.002
-25.691    165.498    -0.002
-25.881    165.845    -0.002
-26.079    166.206    -0.002
-26.305    166.614    -0.002
-26.498    166.965    -0.002
-26.691    167.307    -0.002
-26.897    167.658    -0.002
-27.099    167.999    -0.002
-27.301    168.342    -0.002
-27.507    168.693    -0.002
-27.707    169.031    -0.002
-27.913    169.382    -0.002
-28.117    169.726    -0.002
-28.355    170.128    -0.002
-28.558    170.473    -0.002
-28.761    170.817    -0.002
-28.968    171.161    -0.002
-29.178    171.506    -0.002
-29.382    171.845    -0.002
-29.591    172.186    -0.002
-29.798    172.528    -0.002
-30.006    172.870    -0.002
-30.214    173.212    -0.002
-30.431    173.571    -0.002
-30.651    173.933    -0.002
-30.856    174.271    -0.002
-31.071    174.613    -0.002
-31.287    174.950    -0.002
-31.500    175.283    -0.002
-31.718    175.625    -0.003
-31.932    175.958    -0.003
-32.150    176.298    -0.003
-32.365    176.635    -0.003
-32.605    177.009    -0.003
-32.830    177.360    -0.003
-33.046    177.699    -0.003
-33.261    178.033    -0.003
-33.484    178.374    -0.003
-33.696    178.700    -0.003
-33.921    179.045    -0.003
-34.133    179.371    -0.003
-34.358    179.715    -0.003
-34.573    180.044    -0.003
-34.795    180.385    -0.003
-35.040    180.761    -0.003
-35.260    181.095    -0.003
-35.479    181.430    -0.003
-35.706    181.766    -0.003
-35.928    182.093    -0.003
-36.153    182.424    -0.003
-36.380    182.759    -0.003
-36.605    183.092    -0.003
-36.829    183.422    -0.003
-37.051    183.749    -0.003
-37.286    184.095    -0.003
-37.520    184.440    -0.003
-37.742    184.767    -0.003
-37.968    185.098    -0.003
-38.199    185.430    -0.003
-38.428    185.760    -0.003
-38.655    186.088    -0.003
-38.880    186.412    -0.003
-39.109    186.741    -0.003
-39.340    187.073    -0.003
-39.566    187.398    -0.003
-39.817    187.760    -0.003
-40.052    188.099    -0.003
-40.281    188.427    -0.003
-40.511    188.753    -0.003
-40.743    189.082    -0.003
-40.974    189.408    -0.003
-41.205    189.735    -0.003
-41.436    190.061    -0.003
-41.666    190.388    -0.003
-41.901    190.720    -0.003
-42.129    191.042    -0.003
-42.384    191.402    -0.003
-42.619    191.734    -0.003
-42.851    192.059    -0.003
-43.094    192.393    -0.003
-43.322    192.708    -0.003
-43.558    193.032    -0.003
-43.796    193.359    -0.003
-44.028    193.679    -0.003
-44.263    194.003    -0.003
-44.502    194.330    -0.003
-44.741    194.659    -0.003
-44.987    194.998    -0.003
-45.218    195.316    -0.003
-45.464    195.647    -0.003
-45.702    195.962    -0.003
-45.941    196.275    -0.003
-46.186    196.599    -0.003
-46.431    196.923    -0.003
-46.665    197.232    -0.003
-46.911    197.556    -0.003
-47.175    197.902    -0.003
-47.454    198.269    -0.003
-47.692    198.583    -0.003
-47.942    198.903    -0.003
-48.188    199.211    -0.003
-48.442    199.529    -0.003
-48.692    199.842    -0.003
-48.938    200.150    -0.003
-49.191    200.467    -0.003
-49.437    200.775    -0.003
-49.686    201.087    -0.003
-49.982    201.456    -0.003
-50.262    201.805    -0.003
-50.508    202.114    -0.003
-50.772    202.430    -0.003
-51.026    202.731    -0.003
-51.282    203.031    -0.003
-51.544    203.342    -0.003
-51.798    203.643    -0.003
-52.060    203.953    -0.003
-52.315    204.254    -0.003
-52.593    204.581    -0.004
-52.875    204.915    -0.004
-53.139    205.224    -0.004
-53.402    205.534    -0.004
-53.656    205.827    -0.004
-53.922    206.135    -0.004
-54.184    206.436    -0.004
-54.443    206.735    -0.004
-54.708    207.041    -0.004
-54.971    207.344    -0.004
-55.229    207.641    -0.004
-55.503    207.957    -0.004
-55.765    208.259    -0.004
-56.032    208.566    -0.004
-56.295    208.858    -0.004
-56.568    209.160    -0.004
-56.833    209.451    -0.004
-57.106    209.753    -0.004
-57.370    210.044    -0.004
-57.643    210.345    -0.004
-57.912    210.642    -0.004
-58.185    210.943    -0.004
-58.479    211.266    -0.004
-58.744    211.557    -0.004
-59.017    211.859    -0.004
-59.282    212.149    -0.004
-59.555    212.451    -0.004
-59.820    212.742    -0.004
-60.094    213.043    -0.004
-60.363    213.338    -0.004
-60.632    213.635    -0.004
-60.901    213.931    -0.004
-61.166    214.223    -0.004
-61.432    214.514    -0.004
-61.705    214.814    -0.004
-61.970    215.106    -0.004
-62.240    215.402    -0.004
-62.514    215.701    -0.004
-62.779    215.993    -0.004
-63.048    216.289    -0.004
-63.322    216.589    -0.004
-63.591    216.885    -0.004
-63.857    217.176    -0.004
-64.127    217.472    -0.004
-64.396    217.767    -0.004
-64.669    218.068    -0.004
-64.935    218.359    -0.004
-65.205    218.655    -0.004
-65.480    218.954    -0.004
-65.741    219.240    -0.004
-66.019    219.545    -0.004
-66.285    219.836    -0.004
-66.555    220.131    -0.004
-66.825    220.426    -0.004
-67.100    220.725    -0.004
-67.361    221.012    -0.004
-67.639    221.316    -0.004
-67.900    221.604    -0.004
-68.177    221.909    -0.004
-68.442    222.201    -0.004
-68.711    222.497    -0.004
-68.984    222.798    -0.004
-69.249    223.090    -0.004
-69.518    223.386    -0.004
-69.800    223.696    -0.004
-70.069    223.992    -0.004
-70.338    224.288    -0.004
-70.607    224.584    -0.004
-70.876    224.881    -0.004
-71.145    225.177    -0.004
-71.414    225.473    -0.004
-71.683    225.769    -0.004
-71.952    226.065    -0.004
-72.221    226.361    -0.004
-72.490    226.658    -0.004
-72.760    226.953    -0.004
-73.029    227.250    -0.004
-73.290    227.536    -0.004
-73.554    227.829    -0.005
-73.823    228.124    -0.005
-74.097    228.425    -0.005
-74.363    228.716    -0.005
-74.633    229.012    -0.005
-74.903    229.307    -0.005
-75.176    229.606    -0.005
-75.446    229.902    -0.005
-75.716    230.197    -0.005
-75.987    230.492    -0.005
-76.256    230.787    -0.005
-76.526    231.083    -0.005
-76.796    231.378    -0.005
-77.071    231.678    -0.005
-77.336    231.968    -0.005
-77.611    232.269    -0.005
-77.877    232.559    -0.005
-78.147    232.855    -0.005
-78.417    233.150    -0.005
-78.687    233.446    -0.005
-78.956    233.741    -0.005
-79.226    234.037    -0.005
-79.500    234.337    -0.005
-79.766    234.628    -0.005
-80.036    234.923    -0.005
-80.305    235.218    -0.005
-80.575    235.514    -0.005
-80.849    235.814    -0.005
-81.115    236.106    -0.005
-81.389    236.405    -0.005
-81.654    236.696    -0.005
-81.924    236.991    -0.005
-82.194    237.287    -0.005
-82.464    237.582    -0.005
-82.742    237.887    -0.005
-83.004    238.173    -0.005
-83.274    238.469    -0.005
-83.544    238.764    -0.005
-83.817    239.065    -0.005
-84.087    239.359    -0.005
-84.353    239.651    -0.005
-84.627    239.951    -0.005
-84.897    240.245    -0.005
-85.163    240.537    -0.005
-85.433    240.832    -0.005
-85.708    241.132    -0.005
-85.974    241.421    -0.005
-86.248    241.722    -0.005
-86.514    242.013    -0.005
-86.784    242.308    -0.005
-87.059    242.607    -0.005
-87.324    242.898    -0.005
-87.595    243.192    -0.005
-87.865    243.488    -0.005
-88.135    243.783    -0.005
-88.406    244.078    -0.005
-88.676    244.373    -0.005
-88.946    244.669    -0.005
-89.217    244.963    -0.005
-89.486    245.259    -0.005
-89.757    245.553    -0.005
-90.023    245.844    -0.005
-90.297    246.143    -0.005
-90.568    246.438    -0.005
-90.835    246.729    -0.005
-91.114    247.032    -0.005
-91.381    247.322    -0.005
-91.651    247.616    -0.005
-91.922    247.911    -0.005
-92.193    248.205    -0.006
-92.473    248.509    -0.006
-92.743    248.803    -0.006
-93.014    249.098    -0.006
-93.285    249.392    -0.006
-93.556    249.687    -0.006
-93.826    249.982    -0.006
-94.097    250.276    -0.006
-94.368    250.571    -0.006
-94.639    250.865    -0.006
-94.910    251.160    -0.006
-95.185    251.459    -0.006
-95.452    251.749    -0.006
-95.723    252.043    -0.006
-95.994    252.338    -0.006
-96.264    252.633    -0.006
-96.534    252.929    -0.006
-96.804    253.224    -0.006
-97.073    253.520    -0.006
-97.343    253.815    -0.006
-97.614    254.111    -0.006
-97.876    254.396    -0.006
-98.154    254.701    -0.006
-98.415    254.987    -0.006
-98.685    255.282    -0.006
-98.958    255.583    -0.006
-99.228    255.878    -0.006
-99.495    256.169    -0.006
-99.764    256.464    -0.006
-100.043    256.770    -0.006
-100.305    257.055    -0.006
-100.574    257.351    -0.006
-100.844    257.646    -0.006
-101.118    257.946    -0.006
-101.388    258.241    -0.006
-101.656    258.531    -0.006
-101.927    258.825    -0.006
-102.202    259.125    -0.006
-102.473    259.419    -0.006
-102.740    259.709    -0.006
-103.015    260.008    -0.006
-103.280    260.297    -0.006
-103.556    260.597    -0.006
-103.827    260.891    -0.006
-104.098    261.186    -0.006
-104.369    261.480    -0.006
-104.635    261.770    -0.006
-104.915    262.073    -0.006
-105.178    262.359    -0.006
-105.453    262.658    -0.006
-105.724    262.953    -0.006
-105.990    263.242    -0.006
-106.269    263.546    -0.006
-106.533    263.831    -0.006
-106.808    264.130    -0.006
-107.079    264.425    -0.006
-107.345    264.714    -0.006
-107.620    265.014    -0.006
-107.891    265.309    -0.006
-108.157    265.600    -0.006
-108.435    265.903    -0.006
-108.697    266.189    -0.006
-108.976    266.493    -0.007
-109.238    266.779    -0.007
-109.509    267.074    -0.007
-109.779    267.369    -0.007
-110.050    267.663    -0.007
-110.321    267.959    -0.007
-110.600    268.262    -0.007
-110.862    268.548    -0.007
-111.132    268.843    -0.007
-111.403    269.138    -0.007
-111.674    269.432    -0.007
-111.948    269.731    -0.007
-112.214    270.022    -0.007
-112.489    270.321    -0.007
-112.757    270.612    -0.007
-113.027    270.907    -0.007
-113.302    271.206    -0.007
-113.567    271.495    -0.007
-113.837    271.791    -0.007
-114.108    272.085    -0.007
-114.384    272.385    -0.007
-114.654    272.680    -0.007
-114.925    272.975    -0.007
-115.196    273.269    -0.007
-115.469    273.569    -0.007
-115.732    273.854    -0.007
-116.012    274.157    -0.007
-116.277    274.449    -0.007
-116.548    274.743    -0.007
-116.823    275.042    -0.007
-117.084    275.328    -0.007
-117.364    275.632    -0.007
-117.631    275.922    -0.007
-117.901    276.218    -0.007
-118.175    276.517    -0.007
-118.440    276.809    -0.007
-118.710    277.105    -0.007
-118.979    277.401    -0.007
-119.248    277.696    -0.007
-119.518    277.992    -0.007
-119.788    278.288    -0.007
-120.057    278.584    -0.007
-120.327    278.879    -0.007
-120.601    279.178    -0.007
-120.862    279.465    -0.007
-121.140    279.770    -0.007
-121.400    280.057    -0.007
-121.679    280.361    -0.007
-121.945    280.653    -0.007
-122.214    280.948    -0.007
-122.483    281.245    -0.007
-122.754    281.540    -0.007
-123.023    281.836    -0.007
-123.293    282.131    -0.007
-123.563    282.427    -0.007
-123.833    282.722    -0.007
-124.102    283.018    -0.008
-124.372    283.313    -0.008
-124.647    283.612    -0.008
-124.908    283.898    -0.008
-125.187    284.203    -0.008
-125.454    284.493    -0.008
-125.724    284.788    -0.008
-125.998    285.088    -0.008
-126.265    285.378    -0.008
-126.535    285.674    -0.008
-126.809    285.972    -0.008
-127.078    286.268    -0.008
-127.340    286.554    -0.008
-127.620    286.858    -0.008
-127.890    287.153    -0.008
-128.156    287.444    -0.008
-128.431    287.744    -0.008
-128.697    288.035    -0.008
-128.971    288.333    -0.008
-129.241    288.629    -0.008
-129.508    288.919    -0.008
-129.778    289.214    -0.008
-130.052    289.513    -0.008
-130.319    289.803    -0.008
-130.590    290.099    -0.008
-130.864    290.397    -0.008
-131.126    290.684    -0.008
-131.397    290.978    -0.008
-131.668    291.274    -0.008
-131.937    291.568    -0.008
-132.208    291.863    -0.008
-132.479    292.158    -0.008
-132.749    292.453    -0.008
-133.020    292.747    -0.008
-133.291    293.043    -0.008
-133.561    293.337    -0.008
-133.833    293.632    -0.008
-134.103    293.927    -0.008
-134.373    294.222    -0.008
-134.644    294.516    -0.008
-134.915    294.810    -0.008
-135.180    295.102    -0.008
-135.455    295.400    -0.008
-135.726    295.695    -0.008
-135.997    295.990    -0.008
-136.267    296.285    -0.008
-136.538    296.579    -0.008
-136.809    296.874    -0.008
-137.079    297.169    -0.008
-137.349    297.464    -0.008
-137.621    297.758    -0.008
-137.892    298.053    -0.008
-138.163    298.347    -0.008
-138.433    298.643    -0.009
-138.704    298.938    -0.009
-138.975    299.233    -0.009
-139.246    299.527    -0.009
-139.515    299.822    -0.009
-139.786    300.116    -0.009
-140.056    300.412    -0.009
-140.326    300.708    -0.009
-140.596    301.003    -0.009
-140.865    301.299    -0.009
-141.135    301.595    -0.009
-141.405    301.891    -0.009
-141.675    302.186    -0.009
-141.949    302.486    -0.009
-142.213    302.776    -0.009
-142.491    303.082    -0.009
-142.761    303.377    -0.009
-143.023    303.663    -0.009
-143.301    303.967    -0.009
-143.567    304.259    -0.009
-143.837    304.554    -0.009
-144.111    304.853    -0.009
-144.376    305.146    -0.009
-144.646    305.441    -0.009
-144.919    305.741    -0.009
-145.189    306.036    -0.009
-145.450    306.323    -0.009
-145.730    306.626    -0.009
-146.000    306.922    -0.009
-146.267    307.212    -0.009
-146.538    307.507    -0.009
-146.813    307.805    -0.009
-147.079    308.096    -0.009
-147.350    308.391    -0.009
-147.623    308.690    -0.009
-147.899    308.989    -0.009
-148.166    309.280    -0.009
-148.440    309.579    -0.009
-148.706    309.868    -0.009
-148.977    310.163    -0.009
-149.253    310.462    -0.009
-149.519    310.754    -0.009
-149.790    311.047    -0.009
-150.065    311.347    -0.009
-150.335    311.641    -0.009
-150.602    311.932    -0.009
-150.872    312.226    -0.009
-151.151    312.530    -0.009
-151.413    312.816    -0.009
-151.683    313.112    -0.010
-151.957    313.412    -0.010
-152.224    313.703    -0.010
-152.498    314.002    -0.010
-152.762    314.292    -0.010
-153.032    314.588    -0.010
-153.295    314.873    -0.010
-153.565    315.169    -0.010
-153.831    315.460    -0.010
-154.106    315.761    -0.010
-154.372    316.050    -0.010
-154.646    316.350    -0.010
-154.916    316.645    -0.010
-155.186    316.941    -0.010
-155.456    317.236    -0.010
-155.726    317.531    -0.010
-155.997    317.826    -0.010
-156.267    318.122    -0.010
-156.532    318.412    -0.010
-156.806    318.712    -0.010
-157.077    319.007    -0.010
-157.347    319.303    -0.010
-157.613    319.593    -0.010
-157.882    319.889    -0.010
-158.156    320.188    -0.010
-158.426    320.483    -0.010
-158.696    320.779    -0.010
-158.975    321.083    -0.010
-159.236    321.370    -0.010
-159.506    321.665    -0.010
-159.785    321.970    -0.010
-160.047    322.256    -0.010
-160.321    322.556    -0.010
-160.590    322.850    -0.010
-160.856    323.142    -0.010
-161.134    323.446    -0.010
-161.396    323.733    -0.010
-161.667    324.028    -0.010
-161.945    324.333    -0.010
-162.207    324.618    -0.010
-162.482    324.918    -0.010
-162.752    325.212    -0.010
-163.018    325.503    -0.010
-163.293    325.802    -0.010
-163.563    326.096    -0.010
-163.834    326.392    -0.010
-164.104    326.686    -0.011
-164.375    326.982    -0.011
-164.645    327.276    -0.011
-164.920    327.577    -0.011
-165.186    327.866    -0.011
-165.457    328.162    -0.011
-165.731    328.461    -0.011
-165.993    328.748    -0.011
-166.271    329.051    -0.011
-166.538    329.342    -0.011
-166.809    329.636    -0.011
-167.084    329.935    -0.011
-167.350    330.226    -0.011
-167.620    330.520    -0.011
-167.895    330.821    -0.011
-168.162    331.110    -0.011
-168.431    331.405    -0.011
-168.706    331.705    -0.011
-168.968    331.991    -0.011
-169.247    332.295    -0.011
-169.513    332.585    -0.011
-169.784    332.880    -0.011
-170.050    333.171    -0.011
-170.321    333.466    -0.011
-170.592    333.761    -0.011
-170.861    334.056    -0.011
-171.132    334.351    -0.011
-171.402    334.646    -0.011
-171.673    334.941    -0.011
-171.943    335.236    -0.011
-172.210    335.525    -0.011
-172.484    335.825    -0.011
-172.755    336.119    -0.011
-173.025    336.415    -0.011
-173.295    336.710    -0.011
-173.565    337.005    -0.011
-173.835    337.301    -0.011
-174.106    337.596    -0.011
-174.376    337.890    -0.011
-174.646    338.187    -0.011
-174.916    338.481    -0.011
-175.187    338.776    -0.011
-175.457    339.072    -0.011
-175.728    339.367    -0.011
-175.997    339.662    -0.011
-176.268    339.957    -0.012
-176.538    340.252    -0.012
-176.812    340.551    -0.012
-177.078    340.841    -0.012
-177.348    341.136    -0.012
-177.619    341.431    -0.012
-177.889    341.726    -0.012
-178.159    342.022    -0.012
-178.431    342.316    -0.012
-178.700    342.612    -0.012
-178.970    342.907    -0.012
-179.241    343.202    -0.012
-179.511    343.497    -0.012
-179.782    343.792    -0.012
-180.052    344.087    -0.012
-180.327    344.387    -0.012
-180.592    344.677    -0.012
-180.863    344.972    -0.012
-181.132    345.267    -0.012
-181.403    345.561    -0.012
-181.678    345.862    -0.012
-181.949    346.156    -0.012
-182.214    346.447    -0.012
-182.485    346.741    -0.012
-182.755    347.037    -0.012
-183.026    347.331    -0.012
-183.297    347.627    -0.012
-183.567    347.921    -0.012
-183.837    348.217    -0.012
-184.107    348.511    -0.012
-184.378    348.806    -0.012
-184.653    349.105    -0.012
-184.919    349.396    -0.012
-185.190    349.690    -0.012
-185.464    349.990    -0.012
-185.732    350.280    -0.012
-186.002    350.575    -0.012
-186.281    350.879    -0.012
-186.551    351.174    -0.012
-186.825    351.473    -0.012
-187.096    351.768    -0.012
-187.363    352.058    -0.012
-187.638    352.357    -0.013
-187.908    352.652    -0.013
-188.175    352.942    -0.013
-188.445    353.237    -0.013
-188.724    353.541    -0.013
-188.985    353.827    -0.013
-189.257    354.121    -0.013
-189.531    354.421    -0.013
-189.802    354.716    -0.013
-190.067    355.006    -0.013
-190.342    355.306    -0.013
-190.613    355.601    -0.013
-190.883    355.896    -0.013
-191.150    356.186    -0.013
-191.420    356.482    -0.013
-191.690    356.776    -0.013
-191.952    357.063    -0.013
-192.222    357.357    -0.013
-192.497    357.657    -0.013
-192.767    357.952    -0.013
-193.034    358.243    -0.013
-193.308    358.542    -0.013
-193.579    358.836    -0.013
-193.846    359.127    -0.013
-194.119    359.426    -0.013
-194.389    359.722    -0.013
-194.660    360.016    -0.013
-194.927    360.306    -0.013
-195.201    360.605    -0.013
-195.471    360.902    -0.013
-195.736    361.193    -0.013
-196.010    361.494    -0.013
-196.280    361.789    -0.013
-196.545    362.081    -0.013
-196.818    362.381    -0.013
-197.088    362.677    -0.013
-197.357    362.972    -0.013
-197.627    363.269    -0.013
-197.900    363.568    -0.013
-198.166    363.860    -0.013
-198.435    364.156    -0.014
-198.709    364.456    -0.014
-198.975    364.747    -0.014
-199.249    365.047    -0.014
-199.513    365.339    -0.014
-199.786    365.638    -0.014
-200.053    365.930    -0.014
-200.327    366.230    -0.014
-200.597    366.526    -0.014
-200.862    366.816    -0.014
-201.137    367.115    -0.014
-201.403    367.406    -0.014
-201.675    367.701    -0.014
-201.949    367.999    -0.014
-202.214    368.291    -0.014
-202.485    368.585    -0.014
-202.755    368.881    -0.014
-203.026    369.175    -0.014
-203.297    369.470    -0.014
-203.568    369.765    -0.014
-203.838    370.060    -0.014
-204.109    370.355    -0.014
-204.380    370.649    -0.014
-204.649    370.944    -0.014
-204.915    371.234    -0.014
-205.194    371.538    -0.014
-205.456    371.824    -0.014
-205.735    372.128    -0.014
-205.998    372.413    -0.014
-206.276    372.718    -0.014
-206.539    373.003    -0.014
-206.817    373.308    -0.014
-207.079    373.593    -0.014
-207.358    373.898    -0.014
-207.625    374.188    -0.014
-207.896    374.483    -0.014
-208.166    374.778    -0.014
-208.428    375.064    -0.014
-208.702    375.363    -0.014
-208.965    375.649    -0.015
-209.243    375.953    -0.015
-209.514    376.247    -0.015
-209.775    376.534    -0.015
-210.054    376.837    -0.015
-210.320    377.129    -0.015
-210.591    377.423    -0.015
-210.866    377.723    -0.015
-211.132    378.013    -0.015
-211.407    378.312    -0.015
-211.673    378.603    -0.015
-211.945    378.898    -0.015
-212.218    379.197    -0.015
-212.488    379.492    -0.015
-212.751    379.777    -0.015
-213.029    380.082    -0.015
-213.296    380.372    -0.015
-213.570    380.671    -0.015
-213.837    380.962    -0.015
-214.120    381.271    -0.015
-214.391    381.565    -0.015
-214.661    381.860    -0.015
-214.931    382.156    -0.015
-215.201    382.450    -0.015
-215.472    382.745    -0.015
-215.742    383.040    -0.015
-216.013    383.335    -0.015
-216.283    383.630    -0.015
-216.554    383.925    -0.015
-216.825    384.219    -0.015
-217.095    384.514    -0.015
-217.366    384.809    -0.015
-217.635    385.104    -0.015
-217.906    385.399    -0.015
-218.177    385.693    -0.015
-218.446    385.989    -0.015
-218.718    386.283    -0.015
-218.988    386.579    -0.016
-219.258    386.873    -0.016
-219.525    387.164    -0.016
-219.800    387.464    -0.016
-220.070    387.759    -0.016
-220.336    388.048    -0.016
-220.610    388.348    -0.016
-220.881    388.642    -0.016
-221.147    388.934    -0.016
-221.423    389.232    -0.016
-221.694    389.527    -0.016
-221.959    389.818    -0.016
-222.234    390.116    -0.016
-222.505    390.411    -0.016
-222.775    390.705    -0.016
-223.045    391.001    -0.016
-223.312    391.291    -0.016
-223.587    391.591    -0.016
-223.857    391.886    -0.016
-224.128    392.181    -0.016
-224.398    392.476    -0.016
-224.663    392.767    -0.016
-224.938    393.066    -0.016
-225.203    393.357    -0.016
-225.473    393.653    -0.016
-225.744    393.948    -0.016
-226.010    394.238    -0.016
-226.289    394.542    -0.016
-226.551    394.829    -0.016
-226.825    395.128    -0.016
-227.095    395.423    -0.016
-227.362    395.714    -0.016
-227.636    396.014    -0.016
-227.905    396.308    -0.016
-228.172    396.600    -0.016
-228.446    396.899    -0.016
-228.716    397.194    -0.017
-228.983    397.485    -0.017
-229.258    397.784    -0.017
-229.528    398.079    -0.017
-229.799    398.374    -0.017
-230.069    398.668    -0.017
-230.339    398.964    -0.017
-230.605    399.254    -0.017
-230.880    399.553    -0.017
-231.151    399.848    -0.017
-231.417    400.138    -0.017
-231.687    400.433    -0.017
-231.963    400.732    -0.017
-232.233    401.028    -0.017
-232.499    401.317    -0.017
-232.770    401.613    -0.017
-233.044    401.912    -0.017
-233.315    402.207    -0.017
-233.581    402.497    -0.017
-233.851    402.792    -0.017
-234.123    403.087    -0.017
-234.401    403.391    -0.017
-234.663    403.677    -0.017
-234.933    403.973    -0.017
-235.203    404.268    -0.017
-235.476    404.568    -0.017
-235.745    404.864    -0.017
-236.012    405.154    -0.017
-236.282    405.450    -0.017
-236.551    405.746    -0.017
-236.821    406.042    -0.017
-237.091    406.337    -0.017
-237.361    406.633    -0.017
-237.627    406.923    -0.017
-237.901    407.223    -0.017
-238.169    407.518    -0.018
-238.440    407.814    -0.018
-238.710    408.109    -0.018
-238.980    408.405    -0.018
-239.250    408.700    -0.018
-239.520    408.996    -0.018
-239.785    409.287    -0.018
-240.055    409.583    -0.018
-240.330    409.882    -0.018
-240.600    410.178    -0.018
-240.873    410.477    -0.018
-241.139    410.767    -0.018
-241.409    411.063    -0.018
-241.680    411.357    -0.018
-241.950    411.653    -0.018
-242.220    411.948    -0.018
-242.496    412.248    -0.018
-242.762    412.539    -0.018
-243.037    412.838    -0.018
-243.301    413.128    -0.018
-243.572    413.424    -0.018
-243.851    413.727    -0.018
-244.112    414.014    -0.018
-244.383    414.308    -0.018
-244.653    414.604    -0.018
-244.928    414.903    -0.018
-245.198    415.197    -0.018
-245.465    415.489    -0.018
-245.735    415.783    -0.018
-246.005    416.078    -0.018
-246.284    416.382    -0.018
-246.546    416.668    -0.018
-246.817    416.962    -0.018
-247.092    417.262    -0.018
-247.362    417.557    -0.019
-247.630    417.847    -0.019
-247.909    418.150    -0.019
-248.171    418.437    -0.019
-248.450    418.740    -0.019
-248.712    419.026    -0.019
-248.986    419.325    -0.019
-249.256    419.621    -0.019
-249.532    419.919    -0.019
-249.795    420.204    -0.019
-250.073    420.509    -0.019
-250.340    420.799    -0.019
-250.610    421.094    -0.019
-250.881    421.389    -0.019
-251.149    421.685    -0.019
-251.419    421.980    -0.019
-251.689    422.276    -0.019
-251.960    422.570    -0.019
-252.230    422.866    -0.019
-252.500    423.161    -0.019
-252.770    423.457    -0.019
-253.040    423.752    -0.019
-253.305    424.043    -0.019
-253.575    424.338    -0.019
-253.849    424.639    -0.019
-254.115    424.930    -0.019
-254.389    425.229    -0.019
-254.654    425.520    -0.019
-254.924    425.815    -0.019
-255.194    426.111    -0.019
-255.470    426.410    -0.019
-255.740    426.706    -0.019
-256.005    426.996    -0.019
-256.275    427.292    -0.020
-256.544    427.587    -0.020
-256.823    427.892    -0.020
-257.085    428.177    -0.020
-257.356    428.473    -0.020
-257.626    428.767    -0.020
-257.905    429.072    -0.020
-258.167    429.357    -0.020
-258.437    429.653    -0.020
-258.708    429.948    -0.020
-258.977    430.243    -0.020
-259.244    430.533    -0.020
-259.518    430.832    -0.020
-259.789    431.127    -0.020
-260.055    431.418    -0.020
-260.330    431.718    -0.020
-260.596    432.008    -0.020
-260.871    432.307    -0.020
-261.141    432.602    -0.020
-261.412    432.897    -0.020
-261.681    433.192    -0.020
-261.948    433.482    -0.020
-262.218    433.777    -0.020
-262.493    434.078    -0.020
-262.763    434.373    -0.020
-263.033    434.668    -0.020
-263.299    434.958    -0.020
-263.573    435.258    -0.020
-263.844    435.553    -0.020
-264.113    435.848    -0.020
-264.383    436.144    -0.020
-264.658    436.443    -0.020
-264.928    436.739    -0.020
-265.202    437.038    -0.021
-265.464    437.325    -0.021
-265.743    437.628    -0.021
-266.004    437.915    -0.021
-266.282    438.219    -0.021
-266.549    438.510    -0.021
-266.819    438.805    -0.021
-267.092    439.105    -0.021
-267.354    439.391    -0.021
-267.634    439.695    -0.021
-267.903    439.990    -0.021
-268.165    440.277    -0.021
-268.443    440.581    -0.021
-268.709    440.872    -0.021
-268.980    441.167    -0.021
-269.254    441.467    -0.021
-269.515    441.753    -0.021
-269.793    442.057    -0.021
-270.055    442.344    -0.021
-270.333    442.648    -0.021
-270.595    442.935    -0.021
-270.873    443.239    -0.021
-271.136    443.525    -0.021
-271.414    443.830    -0.021
-271.675    444.116    -0.021
-271.954    444.420    -0.021
-272.214    444.707    -0.021
-272.493    445.011    -0.021
-272.760    445.302    -0.021
-273.030    445.597    -0.021
-273.303    445.896    -0.021
-273.565    446.183    -0.022
-273.844    446.487    -0.022
-274.105    446.774    -0.022
-274.383    447.078    -0.022
-274.644    447.365    -0.022
-274.923    447.669    -0.022
-275.184    447.956    -0.022
-275.462    448.260    -0.022
-275.724    448.547    -0.022
-275.994    448.842    -0.022
-276.264    449.138    -0.022
-276.534    449.433    -0.022
-276.808    449.734    -0.022
-277.077    450.029    -0.022
-277.343    450.320    -0.022
-277.612    450.615    -0.022
-277.883    450.911    -0.022
-278.156    451.211    -0.022
-278.426    451.506    -0.022
-278.692    451.797    -0.022
-278.963    452.092    -0.022
-279.238    452.392    -0.022
-279.504    452.681    -0.022
-279.779    452.981    -0.022
-280.045    453.271    -0.022
-280.320    453.571    -0.022
-280.586    453.860    -0.022
-280.857    454.156    -0.022
-281.127    454.450    -0.022
-281.398    454.745    -0.022
-281.669    455.039    -0.022
-281.940    455.335    -0.023
-282.210    455.629    -0.023
-282.480    455.924    -0.023
-282.752    456.218    -0.023
-283.018    456.508    -0.023
-283.292    456.808    -0.023
-283.563    457.102    -0.023
-283.830    457.393    -0.023
-284.106    457.692    -0.023
-284.377    457.987    -0.023
-284.647    458.281    -0.023
-284.917    458.577    -0.023
-285.182    458.868    -0.023
-285.456    459.167    -0.023
-285.726    459.462    -0.023
-285.996    459.758    -0.023
-286.266    460.053    -0.023
-286.536    460.349    -0.023
-286.815    460.653    -0.023
-287.076    460.940    -0.023
-287.354    461.244    -0.023
-287.624    461.539    -0.023
-287.894    461.835    -0.023
-288.160    462.125    -0.023
-288.430    462.421    -0.023
-288.704    462.720    -0.023
-288.974    463.016    -0.023
-289.236    463.302    -0.023
-289.514    463.607    -0.023
-289.785    463.901    -0.024
-290.051    464.193    -0.024
-290.320    464.488    -0.024
-290.595    464.787    -0.024
-290.866    465.081    -0.024
-291.132    465.373    -0.024
-291.403    465.666    -0.024
-291.678    465.965    -0.024
-291.949    466.260    -0.024
-292.220    466.554    -0.024
-292.483    466.840    -0.024
-292.761    467.144    -0.024
-293.027    467.435    -0.024
-293.298    467.729    -0.024
-293.569    468.024    -0.024
-293.839    468.319    -0.024
-294.114    468.618    -0.024
-294.377    468.903    -0.024
-294.656    469.207    -0.024
-294.923    469.497    -0.024
-295.194    469.793    -0.024
-295.468    470.091    -0.024
-295.734    470.382    -0.024
-296.005    470.676    -0.024
-296.278    470.976    -0.024
-296.540    471.263    -0.024
-296.818    471.567    -0.024
-297.084    471.859    -0.024
-297.353    472.155    -0.024
-297.627    472.455    -0.024
-297.888    472.741    -0.025
-298.161    473.042    -0.025
-298.427    473.334    -0.025
-298.701    473.634    -0.025
-298.966    473.924    -0.025
-299.236    474.221    -0.025
-299.506    474.515    -0.025
-299.775    474.812    -0.025
-300.045    475.107    -0.025
-300.315    475.403    -0.025
-300.585    475.698    -0.025
-300.854    475.994    -0.025
-301.127    476.294    -0.025
-301.393    476.585    -0.025
-301.667    476.885    -0.025
-301.934    477.175    -0.025
-302.205    477.470    -0.025
-302.476    477.764    -0.025
-302.746    478.061    -0.025
-303.021    478.359    -0.025
-303.286    478.649    -0.025
-303.556    478.944    -0.025
-303.827    479.239    -0.025
-304.098    479.533    -0.025
-304.369    479.828    -0.025
-304.639    480.123    -0.025
-304.910    480.418    -0.025
-305.182    480.712    -0.025
-305.448    481.003    -0.026
-305.723    481.301    -0.026
-305.988    481.593    -0.026
-306.264    481.892    -0.026
-306.535    482.186    -0.026
-306.806    482.481    -0.026
-307.077    482.775    -0.026
-307.344    483.065    -0.026
-307.617    483.364    -0.026
-307.887    483.660    -0.026
-308.157    483.955    -0.026
-308.426    484.251    -0.026
-308.696    484.546    -0.026
-308.968    484.841    -0.026
-309.237    485.136    -0.026
-309.503    485.428    -0.026
-309.781    485.732    -0.026
-310.056    486.032    -0.026
-310.326    486.327    -0.026
-310.597    486.621    -0.026
-310.866    486.917    -0.026
-311.136    487.212    -0.026
-311.406    487.508    -0.026
-311.675    487.803    -0.026
-311.946    488.098    -0.026
-312.216    488.393    -0.026
-312.486    488.690    -0.026
-312.756    488.984    -0.026
-313.026    489.280    -0.027
-313.297    489.574    -0.027
-313.568    489.869    -0.027
-313.837    490.164    -0.027
-314.108    490.459    -0.027
-314.378    490.754    -0.027
-314.649    491.049    -0.027
-314.915    491.339    -0.027
-315.190    491.639    -0.027
-315.461    491.934    -0.027
-315.727    492.224    -0.027
-315.998    492.519    -0.027
-316.268    492.813    -0.027
-316.542    493.113    -0.027
-316.809    493.402    -0.027
-317.080    493.698    -0.027
-317.351    493.992    -0.027
-317.626    494.292    -0.027
-317.888    494.578    -0.027
-318.167    494.882    -0.027
-318.433    495.172    -0.027
-318.704    495.467    -0.027
-318.973    495.762    -0.027
-319.243    496.057    -0.027
-319.518    496.357    -0.027
-319.784    496.647    -0.027
-320.054    496.943    -0.027
-320.328    497.243    -0.027
-320.598    497.539    -0.028
-320.864    497.828    -0.028
-321.135    498.124    -0.028
-321.405    498.419    -0.028
-321.673    498.715    -0.028
-321.944    499.009    -0.028
-322.215    499.305    -0.028
-322.489    499.604    -0.028
-322.752    499.890    -0.028
-323.030    500.195    -0.028
-323.295    500.485    -0.028
-323.565    500.781    -0.028
-323.836    501.076    -0.028
-324.105    501.370    -0.028
-324.375    501.666    -0.028
-324.646    501.961    -0.028
-324.916    502.256    -0.028
-325.186    502.551    -0.028
-325.457    502.846    -0.028
-325.727    503.141    -0.028
-325.997    503.437    -0.028
-326.268    503.732    -0.028
-326.534    504.023    -0.028
-326.803    504.319    -0.028
-327.073    504.613    -0.028
-327.343    504.909    -0.028
-327.614    505.204    -0.028
-327.884    505.500    -0.029
-328.154    505.795    -0.029
-328.424    506.091    -0.029
-328.691    506.380    -0.029
-328.965    506.680    -0.029
-329.234    506.975    -0.029
-329.505    507.269    -0.029
-329.775    507.565    -0.029
-330.046    507.860    -0.029
-330.316    508.156    -0.029
-330.586    508.449    -0.029
-330.857    508.746    -0.029
-331.127    509.040    -0.029
-331.398    509.336    -0.029
-331.668    509.631    -0.029
-331.942    509.930    -0.029
-332.212    510.225    -0.029
-332.483    510.520    -0.029
-332.757    510.819    -0.029
-333.027    511.114    -0.029
-333.294    511.405    -0.029
-333.569    511.703    -0.029
-333.835    511.995    -0.029
-334.110    512.293    -0.029
-334.379    512.589    -0.029
-334.646    512.879    -0.029
-334.920    513.180    -0.029
-335.191    513.474    -0.030
-335.456    513.765    -0.030
-335.730    514.064    -0.030
-335.997    514.355    -0.030
-336.272    514.655    -0.030
-336.542    514.950    -0.030
-336.808    515.240    -0.030
-337.082    515.540    -0.030
-337.347    515.830    -0.030
-337.614    516.122    -0.030
-337.884    516.416    -0.030
-338.154    516.712    -0.030
-338.425    517.007    -0.030
-338.691    517.297    -0.030
-338.965    517.597    -0.030
-339.235    517.891    -0.030
-339.506    518.187    -0.030
-339.775    518.482    -0.030
-340.046    518.777    -0.030
-340.316    519.072    -0.030
-340.586    519.368    -0.030
-340.852    519.658    -0.030
-341.122    519.954    -0.030
-341.397    520.253    -0.030
-341.667    520.549    -0.030
-341.938    520.843    -0.030
-342.208    521.140    -0.031
-342.481    521.439    -0.031
-342.746    521.730    -0.031
-343.017    522.025    -0.031
-343.292    522.324    -0.031
-343.566    522.624    -0.031
-343.836    522.920    -0.031
-344.107    523.215    -0.031
-344.377    523.509    -0.031
-344.647    523.805    -0.031
-344.918    524.100    -0.031
-345.187    524.395    -0.031
-345.457    524.690    -0.031
-345.727    524.987    -0.031
-345.998    525.280    -0.031
-346.267    525.576    -0.031
-346.538    525.871    -0.031
-346.808    526.166    -0.031
-347.080    526.460    -0.031
-347.351    526.755    -0.031
-347.621    527.049    -0.031
-347.893    527.342    -0.031
-348.160    527.633    -0.031
-348.435    527.932    -0.031
-348.706    528.227    -0.031
-348.973    528.516    -0.032
-349.248    528.816    -0.032
-349.510    529.100    -0.032
-349.790    529.404    -0.032
-350.052    529.689    -0.032
-350.331    529.993    -0.032
-350.594    530.278    -0.032
-350.869    530.578    -0.032
-351.141    530.871    -0.032
-351.412    531.165    -0.032
-351.683    531.460    -0.032
-351.955    531.754    -0.032
-352.226    532.049    -0.032
-352.495    532.344    -0.032
-352.764    532.640    -0.032
-353.034    532.935    -0.032
-353.304    533.232    -0.032
-353.577    533.531    -0.032
-353.839    533.818    -0.032
-354.117    534.122    -0.032
-354.379    534.409    -0.032
-354.648    534.704    -0.032
-354.919    535.000    -0.032
-355.187    535.296    -0.032
-355.452    535.587    -0.032
-355.726    535.887    -0.032
-355.996    536.183    -0.033
-356.266    536.478    -0.033
-356.532    536.769    -0.033
-356.806    537.070    -0.033
-357.076    537.365    -0.033
-357.346    537.661    -0.033
-357.612    537.951    -0.033
-357.885    538.251    -0.033
-358.155    538.546    -0.033
-358.425    538.841    -0.033
-358.697    539.135    -0.033
-358.967    539.431    -0.033
-359.238    539.726    -0.033
-359.509    540.021    -0.033
-359.779    540.315    -0.033
-360.050    540.610    -0.033
-360.315    540.900    -0.033
-360.590    541.199    -0.033
-360.861    541.494    -0.033
-361.132    541.788    -0.033
-361.403    542.083    -0.033
-361.673    542.377    -0.033
-361.944    542.673    -0.033
-362.211    542.963    -0.033
-362.482    543.258    -0.034
-362.757    543.557    -0.034
-363.026    543.852    -0.034
-363.297    544.146    -0.034
-363.568    544.441    -0.034
-363.839    544.736    -0.034
-364.110    545.031    -0.034
-364.376    545.321    -0.034
-364.651    545.620    -0.034
-364.922    545.914    -0.034
-365.192    546.210    -0.034
-365.467    546.509    -0.034
-365.733    546.799    -0.034
-366.008    547.099    -0.034
-366.274    547.389    -0.034
-366.544    547.684    -0.034
-366.819    547.983    -0.034
-367.090    548.278    -0.034
-367.356    548.568    -0.034
-367.627    548.863    -0.034
-367.898    549.158    -0.034
-368.175    549.462    -0.034
-368.438    549.747    -0.034
-368.709    550.042    -0.034
-368.980    550.336    -0.034
-369.254    550.636    -0.035
-369.525    550.931    -0.035
-369.791    551.222    -0.035
-370.061    551.518    -0.035
-370.335    551.817    -0.035
-370.605    552.113    -0.035
-370.870    552.404    -0.035
-371.144    552.704    -0.035
-371.409    552.994    -0.035
-371.687    553.299    -0.035
-371.957    553.594    -0.035
-372.232    553.895    -0.035
-372.498    554.185    -0.035
-372.768    554.481    -0.035
-373.038    554.777    -0.035
-373.308    555.072    -0.035
-373.577    555.367    -0.035
-373.848    555.663    -0.035
-374.117    555.957    -0.035
-374.388    556.252    -0.035
-374.658    556.548    -0.035
-374.927    556.843    -0.035
-375.198    557.139    -0.035
-375.468    557.434    -0.035
-375.738    557.729    -0.036
-376.008    558.024    -0.036
-376.278    558.320    -0.036
-376.548    558.614    -0.036
-376.818    558.910    -0.036
-377.088    559.205    -0.036
-377.358    559.500    -0.036
-377.629    559.795    -0.036
-377.899    560.091    -0.036
-378.169    560.386    -0.036
-378.439    560.681    -0.036
-378.709    560.976    -0.036
-378.975    561.268    -0.036
-379.249    561.567    -0.036
-379.520    561.862    -0.036
-379.790    562.158    -0.036
-380.064    562.456    -0.036
-380.331    562.747    -0.036
-380.600    563.042    -0.036
-380.874    563.343    -0.036
-381.141    563.633    -0.036
-381.407    563.924    -0.036
-381.681    564.224    -0.036
-381.951    564.520    -0.036
-382.217    564.810    -0.037
-382.490    565.110    -0.037
-382.761    565.405    -0.037
-383.027    565.696    -0.037
-383.298    565.991    -0.037
-383.563    566.282    -0.037
-383.841    566.586    -0.037
-384.103    566.872    -0.037
-384.373    567.167    -0.037
-384.651    567.471    -0.037
-384.913    567.758    -0.037
-385.187    568.058    -0.037
-385.458    568.353    -0.037
-385.724    568.643    -0.037
-386.003    568.948    -0.037
-386.265    569.233    -0.037
-386.534    569.529    -0.037
-386.813    569.832    -0.037
-387.076    570.118    -0.037
-387.346    570.413    -0.037
-387.625    570.717    -0.037
-387.888    571.002    -0.037
-388.163    571.302    -0.037
-388.429    571.591    -0.038
-388.699    571.887    -0.038
-388.969    572.181    -0.038
-389.240    572.475    -0.038
-389.507    572.766    -0.038
-389.782    573.066    -0.038
-390.053    573.361    -0.038
-390.324    573.655    -0.038
-390.590    573.946    -0.038
-390.865    574.244    -0.038
-391.136    574.539    -0.038
-391.407    574.834    -0.038
-391.677    575.129    -0.038
-391.946    575.423    -0.038
-392.217    575.720    -0.038
-392.482    576.010    -0.038
-392.756    576.310    -0.038
-393.025    576.606    -0.038
-393.295    576.901    -0.038
-393.565    577.197    -0.038
-393.835    577.492    -0.038
-394.108    577.794    -0.038
-394.377    578.089    -0.038
-394.652    578.389    -0.039
-394.917    578.679    -0.039
-395.191    578.981    -0.039
-395.457    579.271    -0.039
-395.731    579.571    -0.039
-395.996    579.862    -0.039
-396.270    580.163    -0.039
-396.536    580.454    -0.039
-396.810    580.754    -0.039
-397.075    581.045    -0.039
-397.349    581.345    -0.039
-397.614    581.636    -0.039
-397.890    581.934    -0.039
-398.155    582.226    -0.039
-398.430    582.525    -0.039
-398.696    582.816    -0.039
-398.966    583.110    -0.039
-399.242    583.411    -0.039
-399.506    583.701    -0.039
-399.777    583.996    -0.039
-400.044    584.286    -0.039
-400.314    584.582    -0.039
-400.585    584.876    -0.039
-400.854    585.172    -0.040
-401.126    585.466    -0.040
-401.399    585.767    -0.040
-401.666    586.056    -0.040
-401.936    586.352    -0.040
-402.206    586.646    -0.040
-402.476    586.942    -0.040
-402.747    587.236    -0.040
-403.025    587.540    -0.040
-403.288    587.826    -0.040
-403.559    588.120    -0.040
-403.829    588.416    -0.040
-404.100    588.710    -0.040
-404.371    589.006    -0.040
-404.640    589.300    -0.040
-404.911    589.595    -0.040
-405.182    589.889    -0.040
-405.452    590.185    -0.040
-405.727    590.484    -0.040
-405.994    590.774    -0.040
-406.265    591.068    -0.040
-406.536    591.363    -0.040
-406.806    591.658    -0.040
-407.077    591.953    -0.041
-407.347    592.247    -0.041
-407.617    592.542    -0.041
-407.888    592.837    -0.041
-408.159    593.131    -0.041
-408.430    593.426    -0.041
-408.700    593.721    -0.041
-408.967    594.011    -0.041
-409.237    594.307    -0.041
-409.512    594.607    -0.041
-409.785    594.906    -0.041
-410.051    595.197    -0.041
-410.321    595.492    -0.041
-410.592    595.787    -0.041
-410.862    596.082    -0.041
-411.136    596.383    -0.041
-411.406    596.678    -0.041
-411.677    596.972    -0.041
-411.947    597.268    -0.041
-412.217    597.563    -0.041
-412.486    597.859    -0.041
-412.756    598.154    -0.041
-413.027    598.449    -0.042
-413.297    598.744    -0.042
-413.567    599.040    -0.042
-413.842    599.339    -0.042
-414.108    599.630    -0.042
-414.378    599.924    -0.042
-414.649    600.220    -0.042
-414.919    600.515    -0.042
-415.188    600.810    -0.042
-415.459    601.105    -0.042
-415.729    601.400    -0.042
-416.000    601.695    -0.042
-416.265    601.986    -0.042
-416.545    602.289    -0.042
-416.806    602.575    -0.042
-417.082    602.875    -0.042
-417.352    603.170    -0.042
-417.617    603.461    -0.042
-417.887    603.755    -0.042
-418.166    604.060    -0.042
-418.428    604.345    -0.042
-418.698    604.641    -0.042
-418.974    604.940    -0.043
-419.244    605.236    -0.043
-419.510    605.525    -0.043
-419.780    605.821    -0.043
-420.060    606.124    -0.043
-420.320    606.411    -0.043
-420.590    606.706    -0.043
-420.870    607.009    -0.043
-421.132    607.296    -0.043
-421.401    607.591    -0.043
-421.676    607.891    -0.043
-421.946    608.186    -0.043
-422.212    608.477    -0.043
-422.491    608.781    -0.043
-422.752    609.067    -0.043
-423.026    609.366    -0.043
-423.296    609.662    -0.043
-423.567    609.957    -0.043
-423.837    610.253    -0.043
-424.103    610.543    -0.043
-424.378    610.843    -0.043
-424.648    611.137    -0.043
-424.918    611.433    -0.044
-425.189    611.728    -0.044
-425.454    612.020    -0.044
-425.728    612.318    -0.044
-425.999    612.613    -0.044
-426.265    612.905    -0.044
-426.539    613.203    -0.044
-426.810    613.499    -0.044
-427.080    613.794    -0.044
-427.350    614.089    -0.044
-427.621    614.384    -0.044
-427.886    614.675    -0.044
-428.155    614.970    -0.044
-428.426    615.266    -0.044
-428.696    615.560    -0.044
-428.966    615.856    -0.044
-429.237    616.151    -0.044
-429.507    616.446    -0.044
-429.777    616.741    -0.044
-430.043    617.032    -0.044
-430.314    617.326    -0.044
-430.587    617.626    -0.045
-430.858    617.922    -0.045
-431.124    618.212    -0.045
-431.398    618.512    -0.045
-431.665    618.802    -0.045
-431.939    619.102    -0.045
-432.206    619.392    -0.045
-432.480    619.692    -0.045
-432.751    619.986    -0.045
-433.022    620.282    -0.045
-433.291    620.576    -0.045
-433.562    620.871    -0.045
-433.841    621.175    -0.045
-434.120    621.478    -0.045
-434.382    621.765    -0.045
-434.652    622.059    -0.045
-434.922    622.355    -0.045
-435.194    622.649    -0.045
-435.463    622.945    -0.045
-435.739    623.244    -0.045
-436.008    623.540    -0.045
-436.274    623.829    -0.046
-436.550    624.129    -0.046
-436.816    624.419    -0.046
-437.091    624.719    -0.046
-437.361    625.013    -0.046
-437.628    625.304    -0.046
-437.899    625.599    -0.046
-438.172    625.898    -0.046
-438.444    626.193    -0.046
-438.708    626.484    -0.046
-438.979    626.778    -0.046
-439.250    627.073    -0.046
-439.520    627.368    -0.046
-439.787    627.658    -0.046
-440.058    627.953    -0.046
-440.333    628.252    -0.046
-440.599    628.543    -0.046
-440.870    628.838    -0.046
-441.143    629.137    -0.046
-441.406    629.422    -0.046
-441.685    629.727    -0.046
-441.955    630.021    -0.047
-442.222    630.312    -0.047
-442.494    630.606    -0.047
-442.768    630.906    -0.047
-443.034    631.197    -0.047
-443.303    631.493    -0.047
-443.576    631.792    -0.047
-443.842    632.083    -0.047
-444.113    632.379    -0.047
-444.386    632.678    -0.047
-444.652    632.970    -0.047
-444.914    633.256    -0.047
-445.187    633.556    -0.047
-445.457    633.851    -0.047
-445.719    634.138    -0.047
-445.998    634.442    -0.047
-446.262    634.734    -0.047
-446.532    635.029    -0.047
-446.806    635.330    -0.047
-447.071    635.621    -0.047
-447.341    635.916    -0.047
-447.616    636.216    -0.048
-447.881    636.508    -0.048
-448.155    636.807    -0.048
-448.418    637.093    -0.048
-448.696    637.397    -0.048
-448.965    637.692    -0.048
-449.231    637.983    -0.048
-449.502    638.278    -0.048
-449.776    638.579    -0.048
-450.046    638.873    -0.048
-450.312    639.164    -0.048
-450.586    639.463    -0.048
-450.852    639.755    -0.048
-451.123    640.050    -0.048
-451.396    640.350    -0.048
-451.667    640.644    -0.048
-451.936    640.940    -0.048
-452.198    641.226    -0.048
-452.478    641.530    -0.048
-452.748    641.825    -0.048
-453.017    642.121    -0.048
-453.284    642.411    -0.049
-453.558    642.710    -0.049
-453.824    643.001    -0.049
-454.094    643.296    -0.049
-454.368    643.596    -0.049
-454.639    643.890    -0.049
-454.909    644.186    -0.049
-455.180    644.481    -0.049
-455.446    644.771    -0.049
-455.716    645.066    -0.049
-456.000    645.375    -0.049
-456.261    645.661    -0.049
-456.536    645.960    -0.049
-456.805    646.255    -0.049
-457.072    646.547    -0.049
-457.346    646.845    -0.049
-457.617    647.141    -0.049
-457.883    647.431    -0.049
-458.162    647.735    -0.049
-458.424    648.021    -0.049
-458.698    648.321    -0.050
-458.969    648.616    -0.050
-459.234    648.906    -0.050
-459.509    649.206    -0.050
-459.779    649.500    -0.050
-460.045    649.792    -0.050
-460.320    650.091    -0.050
-460.590    650.387    -0.050
-460.860    650.682    -0.050
-461.126    650.973    -0.050
-461.400    651.272    -0.050
-461.672    651.568    -0.050
-461.944    651.866    -0.050
-462.215    652.161    -0.050
-462.486    652.456    -0.050
-462.752    652.747    -0.050
-463.026    653.047    -0.050
-463.297    653.341    -0.050
-463.563    653.633    -0.050
-463.837    653.931    -0.050
-464.103    654.223    -0.051
-464.378    654.522    -0.051
-464.648    654.818    -0.051
-464.918    655.112    -0.051
-465.183    655.404    -0.051
-465.457    655.703    -0.051
-465.723    655.995    -0.051
-465.998    656.294    -0.051
-466.267    656.591    -0.051
-466.537    656.886    -0.051
-466.802    657.177    -0.051
-467.071    657.472    -0.051
-467.337    657.764    -0.051
-467.611    658.063    -0.051
-467.881    658.359    -0.051
-468.147    658.650    -0.051
-468.417    658.946    -0.051
-468.687    659.242    -0.051
-468.960    659.541    -0.051
-469.226    659.832    -0.051
-469.496    660.127    -0.052
-469.764    660.424    -0.052
-470.034    660.719    -0.052
-470.304    661.015    -0.052
-470.575    661.309    -0.052
-470.846    661.604    -0.052
-471.117    661.898    -0.052
-471.388    662.193    -0.052
-471.668    662.496    -0.052
-471.931    662.782    -0.052
-472.201    663.075    -0.052
-472.473    663.369    -0.052
-472.744    663.664    -0.052
-473.015    663.958    -0.052
-473.281    664.249    -0.052
-473.556    664.547    -0.052
-473.823    664.838    -0.052
-474.099    665.137    -0.052
-474.365    665.427    -0.052
-474.641    665.725    -0.052
-474.911    666.020    -0.053
-475.178    666.310    -0.053
-475.449    666.605    -0.053
-475.724    666.903    -0.053
-475.995    667.198    -0.053
-476.262    667.487    -0.053
-476.532    667.782    -0.053
-476.808    668.082    -0.053
-477.079    668.376    -0.053
-477.344    668.667    -0.053
-477.619    668.965    -0.053
-477.885    669.257    -0.053
-478.156    669.551    -0.053
-478.439    669.859    -0.053
-478.710    670.153    -0.053
-478.982    670.448    -0.053
-479.257    670.747    -0.053
-479.523    671.038    -0.053
-479.794    671.333    -0.053
-480.068    671.631    -0.054
-480.334    671.921    -0.054
-480.610    672.220    -0.054
-480.877    672.510    -0.054
-481.147    672.805    -0.054
-481.418    673.100    -0.054
-481.688    673.395    -0.054
-481.966    673.700    -0.054
-482.227    673.986    -0.054
-482.498    674.282    -0.054
-482.766    674.577    -0.054
-483.036    674.873    -0.054
-483.311    675.173    -0.054
-483.581    675.469    -0.054
-483.846    675.759    -0.054
-484.112    676.051    -0.054
-484.386    676.351    -0.054
-484.652    676.642    -0.054
-484.926    676.941    -0.054
-485.191    677.232    -0.055
-485.460    677.528    -0.055
-485.734    677.827    -0.055
-486.001    678.119    -0.055
-486.271    678.414    -0.055
-486.544    678.714    -0.055
-486.810    679.005    -0.055
-487.080    679.301    -0.055
-487.352    679.595    -0.055
-487.626    679.896    -0.055
-487.891    680.184    -0.055
-488.161    680.481    -0.055
-488.437    680.779    -0.055
-488.704    681.070    -0.055
-488.977    681.369    -0.055
-489.244    681.660    -0.055
-489.519    681.959    -0.055
-489.782    682.244    -0.055
-490.060    682.550    -0.055
-490.321    682.834    -0.055
-490.597    683.134    -0.056
-490.866    683.429    -0.056
-491.137    683.724    -0.056
-491.407    684.019    -0.056
-491.678    684.314    -0.056
-491.948    684.609    -0.056
-492.220    684.904    -0.056
-492.490    685.198    -0.056
-492.760    685.494    -0.056
-493.030    685.788    -0.056
-493.300    686.084    -0.056
-493.572    686.378    -0.056
-493.843    686.673    -0.056
-494.108    686.963    -0.056
-494.383    687.262    -0.056
-494.654    687.558    -0.056
-494.920    687.847    -0.056
-495.198    688.152    -0.056
-495.469    688.446    -0.057
-495.740    688.741    -0.057
-496.009    689.036    -0.057
-496.280    689.331    -0.057
-496.551    689.625    -0.057
-496.821    689.921    -0.057
-497.092    690.215    -0.057
-497.367    690.516    -0.057
-497.633    690.805    -0.057
-497.905    691.100    -0.057
-498.174    691.396    -0.057
-498.444    691.689    -0.057
-498.716    691.984    -0.057
-498.989    692.277    -0.057
-499.261    692.570    -0.057
-499.537    692.868    -0.057
-499.806    693.158    -0.057
-500.082    693.455    -0.057
-500.350    693.744    -0.057
-500.620    694.037    -0.058
-500.893    694.331    -0.058
-501.186    694.647    -0.058
-501.463    694.943    -0.058
-501.731    695.233    -0.058
-502.003    695.526    -0.058
-502.275    695.820    -0.058
-502.551    696.117    -0.058
-502.820    696.406    -0.058
-503.092    696.700    -0.058
-503.363    696.993    -0.058
-503.640    697.290    -0.058
-503.904    697.575    -0.058
-504.183    697.878    -0.058
-504.447    698.170    -0.058
-504.717    698.467    -0.058
-504.986    698.763    -0.058
-505.258    699.064    -0.058
-505.523    699.356    -0.058
-505.797    699.657    -0.059
-506.060    699.949    -0.059
-506.334    700.250    -0.059
-506.624    700.570    -0.059
-506.924    700.897    -0.059
-507.196    701.199    -0.059
-507.461    701.491    -0.059
-507.734    701.792    -0.059
-507.999    702.084    -0.059
-508.272    702.385    -0.059
-508.542    702.682    -0.059
-508.807    702.974    -0.059
-509.080    703.275    -0.059
-509.345    703.567    -0.059
-509.618    703.868    -0.059
-509.883    704.161    -0.059
-510.164    704.452    -0.059
-510.440    704.734    -0.059
-510.721    705.019    -0.060
-511.001    705.305    -0.060
-511.286    705.595    -0.060
-511.562    705.876    -0.060
-511.846    706.166    -0.060
-512.150    706.475    -0.060
-512.448    706.770    -0.060
-512.733    707.052    -0.060
-513.023    707.337    -0.060
-513.303    707.613    -0.060
-513.588    707.895    -0.060
-513.877    708.180    -0.060
-514.157    708.456    -0.060
-514.443    708.738    -0.060
-514.732    709.023    -0.060
-515.012    709.301    -0.060
-515.297    709.581    -0.060
-515.586    709.866    -0.060
-515.866    710.143    -0.061
-516.151    710.424    -0.061
-516.446    710.714    -0.061
-516.722    710.986    -0.061
-517.006    711.268    -0.061
-517.277    711.535    -0.061
-517.545    711.804    -0.061
-517.833    712.092    -0.061
-518.114    712.377    -0.061
-518.395    712.659    -0.061
-518.678    712.945    -0.061
-518.955    713.223    -0.061
-519.247    713.516    -0.061
-519.525    713.796    -0.061
-519.802    714.074    -0.061
-520.098    714.372    -0.061
-520.435    714.704    -0.061
-520.723    714.981    -0.061
-521.007    715.254    -0.061
-521.300    715.536    -0.062
-521.588    715.812    -0.062
-521.873    716.086    -0.062
-522.165    716.368    -0.062
-522.454    716.644    -0.062
-522.738    716.917    -0.062
-523.065    717.230    -0.062
-523.353    717.498    -0.062
-523.654    717.781    -0.062
-523.937    718.046    -0.062
-524.233    718.324    -0.062
-524.526    718.598    -0.062
-524.812    718.867    -0.062
-525.108    719.146    -0.062
-525.396    719.414    -0.062
-525.673    719.676    -0.062
-525.947    719.938    -0.062
-526.241    720.220    -0.062
-526.525    720.492    -0.063
-526.819    720.773    -0.063
-527.103    721.046    -0.063
-527.391    721.323    -0.063
-527.685    721.605    -0.063
-527.969    721.877    -0.063
-528.258    722.154    -0.063
-528.591    722.471    -0.063
-528.890    722.746    -0.063
-529.188    723.023    -0.063
-529.482    723.294    -0.063
-529.776    723.565    -0.063
-530.069    723.837    -0.063
-530.365    724.110    -0.063
-530.658    724.380    -0.063
-530.952    724.652    -0.063
-531.241    724.919    -0.063
-531.560    725.212    -0.063
-531.855    725.481    -0.064
-532.162    725.759    -0.064
-532.449    726.018    -0.064
-532.749    726.292    -0.064
-533.051    726.566    -0.064
-533.337    726.826    -0.064
-533.644    727.103    -0.064
-533.930    727.363    -0.064
-534.230    727.637    -0.064
-534.528    727.906    -0.064
-534.823    728.173    -0.064
-535.115    728.440    -0.064
-535.421    728.717    -0.064
-535.717    728.985    -0.064
-536.067    729.292    -0.064
-536.365    729.553    -0.064
-536.670    729.819    -0.064
-536.971    730.082    -0.065
-537.268    730.341    -0.065
-537.574    730.609    -0.065
-537.875    730.873    -0.065
-538.172    731.131    -0.065
-538.478    731.399    -0.065
-538.780    731.662    -0.065
-539.077    731.922    -0.065
-539.382    732.188    -0.065
-539.684    732.451    -0.065
-539.980    732.712    -0.065
-540.286    732.979    -0.065
-540.583    733.237    -0.065
-540.889    733.505    -0.065
-541.190    733.768    -0.065
-541.488    734.028    -0.065
-541.793    734.294    -0.065
-542.094    734.558    -0.065
-542.391    734.817    -0.066
-542.697    735.085    -0.066
-542.999    735.348    -0.066
-543.295    735.607    -0.066
-543.601    735.875    -0.066
-543.910    736.141    -0.066
-544.013    736.229    -0.066
-544.316    736.490    -0.066
-544.615    736.745    -0.066
-544.924    737.010    -0.066
-545.228    737.272    -0.066
-545.531    737.532    -0.066
-545.830    737.787    -0.066
-546.139    738.053    -0.066
-546.486    738.342    -0.066
-546.799    738.603    -0.066
-547.101    738.854    -0.066
-547.420    739.117    -0.066
-547.724    739.369    -0.066
-548.026    739.621    -0.067
-548.339    739.881    -0.067
-548.652    740.139    -0.067
-548.967    740.398    -0.067
-549.297    740.666    -0.067
-549.609    740.917    -0.067
-549.920    741.170    -0.067
-550.234    741.426    -0.067
-550.547    741.679    -0.067
-550.852    741.926    -0.067
-551.162    742.178    -0.067
-551.474    742.431    -0.067
-551.784    742.682    -0.067
-552.095    742.935    -0.067
-552.406    743.186    -0.067
-552.727    743.447    -0.067
-553.026    743.691    -0.067
-553.338    743.944    -0.068
-553.648    744.195    -0.068
-553.959    744.447    -0.068
-554.271    744.699    -0.068
-554.586    744.956    -0.068
-554.896    745.207    -0.068
-555.203    745.455    -0.068
-555.542    745.724    -0.068
-555.877    745.987    -0.068
-556.192    746.234    -0.068
-556.506    746.483    -0.068
-556.820    746.729    -0.068
-557.130    746.972    -0.068
-557.450    747.224    -0.068
-557.765    747.471    -0.068
-558.080    747.719    -0.068
-558.394    747.966    -0.068
-558.709    748.213    -0.068
-559.023    748.460    -0.069
-559.332    748.703    -0.069
-559.653    748.955    -0.069
-559.967    749.203    -0.069
-560.278    749.446    -0.069
-560.596    749.697    -0.069
-560.910    749.944    -0.069
-561.225    750.192    -0.069
-561.538    750.439    -0.069
-561.848    750.682    -0.069
-562.181    750.940    -0.069
-562.501    751.190    -0.069
-562.822    751.438    -0.069
-563.135    751.680    -0.069
-563.455    751.928    -0.069
-563.766    752.171    -0.069
-564.081    752.415    -0.069
-564.403    752.665    -0.070
-564.716    752.906    -0.070
-565.036    753.154    -0.070
-565.348    753.397    -0.070
-565.688    753.654    -0.070
-566.044    753.920    -0.070
-566.359    754.156    -0.070
-566.679    754.395    -0.070
-567.006    754.640    -0.070
-567.316    754.872    -0.070
-567.646    755.119    -0.070
-567.961    755.354    -0.070
-568.281    755.594    -0.070
-568.603    755.835    -0.070
-568.933    756.079    -0.070
-569.272    756.329    -0.070
-569.584    756.559    -0.070
-569.911    756.801    -0.070
-570.232    757.037    -0.071
-570.555    757.275    -0.071
-570.876    757.513    -0.071
-571.200    757.752    -0.071
-571.515    757.985    -0.071
-571.843    758.227    -0.071
-572.165    758.461    -0.071
-572.523    758.719    -0.071
-572.847    758.952    -0.071
-573.178    759.190    -0.071
-573.497    759.420    -0.071
-573.821    759.654    -0.071
-574.146    759.889    -0.071
-574.470    760.123    -0.071
-574.795    760.357    -0.071
-575.119    760.590    -0.071
-575.454    760.832    -0.071
-575.770    761.056    -0.072
-576.113    761.300    -0.072
-576.450    761.539    -0.072
-576.769    761.765    -0.072
-577.092    761.995    -0.072
-577.427    762.234    -0.072
-577.748    762.462    -0.072
-578.080    762.697    -0.072
-578.397    762.921    -0.072
-578.734    763.158    -0.072
-579.062    763.388    -0.072
-579.385    763.611    -0.072
-579.733    763.848    -0.072
-580.090    764.092    -0.072
-580.417    764.314    -0.072
-580.745    764.537    -0.072
-581.083    764.766    -0.072
-581.413    764.992    -0.072
-581.735    765.209    -0.073
-582.075    765.441    -0.073
-582.400    765.663    -0.073
-582.733    765.890    -0.073
-583.062    766.112    -0.073
-583.406    766.346    -0.073
-583.731    766.566    -0.073
-584.062    766.790    -0.073
-584.393    767.015    -0.073
-584.724    767.239    -0.073
-585.056    767.464    -0.073
-585.386    767.689    -0.073
-585.718    767.913    -0.073
-586.050    768.137    -0.073
-586.383    768.358    -0.073
-586.744    768.597    -0.073
-587.095    768.827    -0.073
-587.432    769.049    -0.074
-587.764    769.266    -0.074
-588.098    769.486    -0.074
-588.437    769.707    -0.074
-588.767    769.926    -0.074
-589.106    770.148    -0.074
-589.436    770.365    -0.074
-589.774    770.589    -0.074
-590.092    770.802    -0.074
-590.407    771.014    -0.074
-590.734    771.232    -0.074
-591.072    771.460    -0.074
-591.398    771.679    -0.074
-591.736    771.906    -0.074
-592.062    772.125    -0.074
-592.405    772.355    -0.074
-592.728    772.571    -0.074
-593.067    772.797    -0.075
-593.408    773.021    -0.075
-593.765    773.255    -0.075
-594.097    773.474    -0.075
-594.435    773.696    -0.075
-594.766    773.913    -0.075
-595.100    774.132    -0.075
-595.438    774.354    -0.075
-595.769    774.571    -0.075
-596.108    774.793    -0.075
-596.438    775.010    -0.075
-596.777    775.231    -0.075
-597.108    775.449    -0.075
-597.446    775.671    -0.075
-597.785    775.889    -0.075
-598.133    776.116    -0.075
-598.472    776.331    -0.075
-598.811    776.543    -0.076
-599.203    776.788    -0.076
-599.539    776.998    -0.076
-599.882    777.211    -0.076
-600.222    777.423    -0.076
-600.559    777.632    -0.076
-600.901    777.846    -0.076
-601.241    778.057    -0.076
-601.578    778.266    -0.076
-601.927    778.484    -0.076
-602.260    778.691    -0.076
-602.600    778.902    -0.076
-602.936    779.112    -0.076
-603.279    779.325    -0.076
-603.617    779.539    -0.076
-603.953    779.759    -0.076
-604.288    779.981    -0.076
-604.622    780.197    -0.077
-604.960    780.411    -0.077
-605.294    780.622    -0.077
-605.636    780.839    -0.077
-606.017    781.079    -0.077
-606.372    781.301    -0.077
-606.714    781.508    -0.077
-607.051    781.711    -0.077
-607.395    781.921    -0.077
-607.735    782.126    -0.077
-608.083    782.337    -0.077
-608.419    782.541    -0.077
-608.768    782.752    -0.077
-609.111    782.959    -0.077
-609.442    783.161    -0.077
-609.794    783.374    -0.077
-610.137    783.581    -0.077
-610.479    783.789    -0.078
-610.815    783.992    -0.078
-611.163    784.203    -0.078
-611.506    784.411    -0.078
-611.842    784.614    -0.078
-612.191    784.825    -0.078
-612.529    785.030    -0.078
-612.874    785.240    -0.078
-613.237    785.460    -0.078
-613.602    785.679    -0.078
-613.938    785.876    -0.078
-614.286    786.081    -0.078
-614.638    786.287    -0.078
-614.973    786.483    -0.078
-615.321    786.689    -0.078
-615.674    786.895    -0.078
-616.008    787.091    -0.078
-616.356    787.297    -0.078
-616.709    787.502    -0.079
-617.043    787.699    -0.079
-617.391    787.904    -0.079
-617.743    788.110    -0.079
-618.079    788.307    -0.079
-618.426    788.511    -0.079
-618.779    788.717    -0.079
-619.118    788.917    -0.079
-619.465    789.121    -0.079
-619.807    789.322    -0.079
-620.158    789.528    -0.079
-620.531    789.746    -0.079
-620.894    789.956    -0.079
-621.231    790.147    -0.079
-621.590    790.350    -0.079
-621.931    790.545    -0.079
-622.275    790.740    -0.080
-622.634    790.943    -0.080
-622.975    791.137    -0.080
-623.326    791.336    -0.080
-623.672    791.532    -0.080
-624.025    791.734    -0.080
-624.374    791.931    -0.080
-624.712    792.123    -0.080
-625.069    792.325    -0.080
-625.411    792.520    -0.080
-625.766    792.720    -0.080
-626.104    792.911    -0.080
-626.462    793.115    -0.080
-626.810    793.312    -0.080
-627.158    793.509    -0.080
-627.557    793.735    -0.080
-627.908    793.925    -0.080
-628.263    794.118    -0.081
-628.605    794.304    -0.081
-628.963    794.499    -0.081
-629.318    794.692    -0.081
-629.667    794.881    -0.081
-630.022    795.073    -0.081
-630.370    795.262    -0.081
-630.728    795.456    -0.081
-631.077    795.645    -0.081
-631.425    795.835    -0.081
-631.776    796.025    -0.081
-632.131    796.218    -0.081
-632.480    796.408    -0.081
-632.834    796.600    -0.081
-633.183    796.790    -0.081
-633.539    796.982    -0.081
-633.887    797.172    -0.081
-634.238    797.363    -0.082
-634.600    797.559    -0.082
-634.952    797.750    -0.082
-635.337    797.957    -0.082
-635.703    798.147    -0.082
-636.054    798.330    -0.082
-636.412    798.516    -0.082
-636.767    798.701    -0.082
-637.120    798.885    -0.082
-637.477    799.071    -0.082
-637.829    799.255    -0.082
-638.186    799.441    -0.082
-638.542    799.625    -0.082
-638.894    799.809    -0.082
-639.251    799.995    -0.082
-639.603    800.179    -0.082
-639.968    800.369    -0.082
-640.316    800.550    -0.083
-640.668    800.734    -0.083
-641.025    800.920    -0.083
-641.381    801.105    -0.083
-641.732    801.288    -0.083
-642.090    801.475    -0.083
-642.453    801.663    -0.083
-642.824    801.857    -0.083
-643.215    802.054    -0.083
-643.566    802.229    -0.083
-643.925    802.408    -0.083
-644.283    802.587    -0.083
-644.637    802.764    -0.083
-645.005    802.947    -0.083
-645.356    803.122    -0.083
-645.715    803.301    -0.083
-646.073    803.480    -0.083
-646.427    803.657    -0.084
-646.795    803.841    -0.084
-647.147    804.015    -0.084
-647.505    804.195    -0.084
-647.863    804.374    -0.084
-648.217    804.551    -0.084
-648.587    804.733    -0.084
-648.937    804.908    -0.084
-649.295    805.088    -0.084
-649.653    805.267    -0.084
-650.018    805.449    -0.084
-650.367    805.622    -0.084
-650.761    805.819    -0.084
-651.122    805.992    -0.084
-651.489    806.170    -0.084
-651.850    806.344    -0.084
-652.210    806.518    -0.084
-652.563    806.689    -0.085
-652.930    806.866    -0.085
-653.294    807.042    -0.085
-653.652    807.214    -0.085
-654.012    807.388    -0.085
-654.371    807.562    -0.085
-654.725    807.733    -0.085
-655.092    807.910    -0.085
-655.452    808.085    -0.085
-655.816    808.261    -0.085
-656.174    808.434    -0.085
-656.533    808.608    -0.085
-656.894    808.781    -0.085
-657.253    808.955    -0.085
-657.614    809.129    -0.085
-657.967    809.300    -0.085
-658.338    809.479    -0.085
-658.730    809.668    -0.086
-659.136    809.852    -0.086
-659.493    810.014    -0.086
-659.864    810.183    -0.086
-660.224    810.347    -0.086
-660.586    810.511    -0.086
-660.957    810.679    -0.086
-661.314    810.841    -0.086
-661.686    811.010    -0.086
-662.047    811.173    -0.086
-662.408    811.338    -0.086
-662.780    811.507    -0.086
-663.137    811.669    -0.086
-663.507    811.836    -0.086
-663.864    811.999    -0.086
-664.240    812.169    -0.086
-664.594    812.330    -0.086
-664.966    812.498    -0.087
-665.326    812.662    -0.087
-665.694    812.830    -0.087
-666.058    812.994    -0.087
-666.459    813.173    -0.087
-666.828    813.334    -0.087
-667.203    813.498    -0.087
-667.566    813.656    -0.087
-667.928    813.814    -0.087
-668.300    813.976    -0.087
-668.668    814.138    -0.087
-669.036    814.299    -0.087
-669.392    814.454    -0.087
-669.770    814.618    -0.087
-670.134    814.777    -0.087
-670.502    814.938    -0.087
-670.863    815.095    -0.087
-671.234    815.258    -0.088
-671.602    815.418    -0.088
-671.970    815.578    -0.088
-672.326    815.734    -0.088
-672.704    815.898    -0.088
-673.067    816.058    -0.088
-673.436    816.219    -0.088
-673.796    816.376    -0.088
-674.204    816.551    -0.088
-674.600    816.715    -0.088
-674.970    816.868    -0.088
-675.337    817.020    -0.088
-675.709    817.173    -0.088
-676.080    817.327    -0.088
-676.447    817.479    -0.088
-676.819    817.633    -0.088
-677.189    817.786    -0.089
-677.559    817.937    -0.089
-677.926    818.089    -0.089
-678.299    818.243    -0.089
-678.668    818.396    -0.089
-679.028    818.545    -0.089
-679.408    818.701    -0.089
-679.778    818.854    -0.089
-680.155    819.010    -0.089
-680.518    819.160    -0.089
-680.884    819.312    -0.089
-681.257    819.465    -0.089
-681.627    819.618    -0.089
-682.016    819.777    -0.089
-682.409    819.934    -0.089
-682.783    820.082    -0.089
-683.148    820.228    -0.089
-683.524    820.378    -0.090
-683.891    820.525    -0.090
-684.270    820.676    -0.090
-684.639    820.822    -0.090
-685.005    820.969    -0.090
-685.382    821.119    -0.090
-685.749    821.266    -0.090
-686.128    821.417    -0.090
-686.498    821.563    -0.090
-686.864    821.710    -0.090
-687.243    821.861    -0.090
-687.605    822.005    -0.090
-687.986    822.158    -0.090
-688.358    822.305    -0.090
-688.730    822.453    -0.090
-689.092    822.597    -0.090
-689.475    822.750    -0.090
-689.872    822.904    -0.091
-690.279    823.057    -0.091
-690.656    823.200    -0.091
-691.020    823.337    -0.091
-691.405    823.482    -0.091
-691.769    823.620    -0.091
-692.151    823.763    -0.091
-692.520    823.903    -0.091
-692.900    824.045    -0.091
-693.269    824.185    -0.091
-693.649    824.328    -0.091
-694.015    824.467    -0.091
-694.400    824.612    -0.091
-694.764    824.749    -0.091
-695.146    824.893    -0.091
-695.523    825.036    -0.091
-695.888    825.173    -0.091
-696.272    825.317    -0.092
-696.644    825.458    -0.092
-697.013    825.597    -0.092
-697.393    825.740    -0.092
-697.767    825.882    -0.092
-698.170    826.028    -0.092
-698.565    826.170    -0.092
-698.939    826.305    -0.092
-699.326    826.443    -0.092
-699.695    826.576    -0.092
-700.076    826.714    -0.092
-700.448    826.847    -0.092
-700.822    826.981    -0.092
-701.209    827.120    -0.092
-701.578    827.253    -0.092
-701.960    827.390    -0.092
-702.337    827.525    -0.092
-702.704    827.657    -0.093
-703.091    827.796    -0.093
-703.460    827.929    -0.093
-703.842    828.066    -0.093
-704.213    828.199    -0.093
-704.598    828.337    -0.093
-704.964    828.469    -0.093
-705.350    828.608    -0.093
-705.720    828.740    -0.093
-706.102    828.875    -0.093
-706.544    829.023    -0.093
-706.930    829.152    -0.093
-707.311    829.280    -0.093
-707.681    829.404    -0.093
-708.070    829.534    -0.093
-708.447    829.660    -0.093
-708.829    829.788    -0.093
-709.206    829.914    -0.094
-709.588    830.041    -0.094
-709.967    830.168    -0.094
-710.337    830.292    -0.094
-710.727    830.422    -0.094
-711.106    830.548    -0.094
-711.484    830.675    -0.094
-711.865    830.803    -0.094
-712.243    830.929    -0.094
-712.624    831.056    -0.094
-713.004    831.183    -0.094
-713.381    831.309    -0.094
-713.763    831.437    -0.094
-714.140    831.562    -0.094
-714.521    831.690    -0.094
-714.902    831.815    -0.094
-715.323    831.949    -0.095
-715.705    832.070    -0.095
-716.088    832.193    -0.095
-716.468    832.313    -0.095
-716.857    832.438    -0.095
-717.232    832.558    -0.095
-717.611    832.679    -0.095
-717.992    832.800    -0.095
-718.376    832.922    -0.095
-718.755    833.043    -0.095
-719.136    833.165    -0.095
-719.519    833.287    -0.095
-719.907    833.411    -0.095
-720.279    833.530    -0.095
-720.663    833.652    -0.095
-721.043    833.773    -0.095
-721.423    833.894    -0.095
-721.807    834.017    -0.096
-722.186    834.137    -0.096
-722.575    834.262    -0.096
-722.950    834.382    -0.096
-723.330    834.503    -0.096
-723.710    834.624    -0.096
-724.094    834.747    -0.096
-724.474    834.868    -0.096
-724.854    834.989    -0.096
-725.254    835.110    -0.096
-725.681    835.239    -0.096
-726.055    835.351    -0.096
-726.445    835.468    -0.096
-726.831    835.583    -0.096
-727.205    835.696    -0.096
-727.597    835.813    -0.096
-727.978    835.928    -0.096
-728.354    836.040    -0.097
-728.747    836.158    -0.097
-729.128    836.273    -0.097
-729.514    836.388    -0.097
-729.888    836.501    -0.097
-730.280    836.618    -0.097
-730.661    836.733    -0.097
-731.047    836.848    -0.097
-731.428    836.962    -0.097
-731.804    837.074    -0.097
-732.197    837.193    -0.097
-732.577    837.307    -0.097
-732.963    837.422    -0.097
-733.355    837.536    -0.097
-733.764    837.653    -0.097
-734.142    837.763    -0.097
-734.535    837.876    -0.097
-734.916    837.987    -0.098
-735.303    838.097    -0.098
-735.685    838.207    -0.098
-736.072    838.319    -0.098
-736.449    838.427    -0.098
-736.840    838.540    -0.098
-737.225    838.651    -0.098
-737.610    838.761    -0.098
-737.995    838.872    -0.098
-738.377    838.983    -0.098
-738.764    839.094    -0.098
-739.148    839.204    -0.098
-739.530    839.315    -0.098
-739.917    839.427    -0.098
-740.302    839.537    -0.098
-740.685    839.647    -0.098
-741.071    839.759    -0.098
-741.455    839.870    -0.099
-741.848    839.981    -0.099
-742.225    840.090    -0.099
-742.607    840.201    -0.099
-743.002    840.312    -0.099
-743.378    840.421    -0.099
-743.763    840.532    -0.099
-744.156    840.643    -0.099
-744.530    840.751    -0.099
-744.917    840.862    -0.099
-745.310    840.975    -0.099
-745.686    841.082    -0.099
-746.071    841.193    -0.099
-746.462    841.305    -0.099
-746.840    841.413    -0.099
-747.225    841.523    -0.099
-747.618    841.637    -0.099
-747.994    841.744    -0.100
-748.387    841.857    -0.100
-748.762    841.964    -0.100
-749.156    842.078    -0.100
-749.533    842.186    -0.100
-749.917    842.297    -0.100
-750.299    842.408    -0.100
-750.678    842.517    -0.100
-751.071    842.630    -0.100
-751.454    842.741    -0.100
-751.831    842.851    -0.100
-752.222    842.963    -0.100
-752.607    843.074    -0.100
-752.993    843.185    -0.100
-753.367    843.293    -0.100
-753.762    843.407    -0.100
-754.146    843.518    -0.100
-754.529    843.629    -0.101
-754.914    843.739    -0.101
-755.292    843.849    -0.101
-755.682    843.962    -0.101
-756.069    844.072    -0.101
-756.453    844.183    -0.101
-756.835    844.295    -0.101
-757.214    844.403    -0.101
-757.607    844.517    -0.101
-757.981    844.626    -0.101
-758.364    844.738    -0.101
-758.743    844.849    -0.101
-759.133    844.962    -0.101
-759.518    845.074    -0.101
-759.893    845.185    -0.101
-760.288    845.299    -0.101
-760.661    845.409    -0.102
-761.053    845.523    -0.102
-761.439    845.635    -0.102
-761.814    845.745    -0.102
-762.206    845.859    -0.102
-762.590    845.971    -0.102
-762.968    846.082    -0.102
-763.358    846.195    -0.102
-763.734    846.306    -0.102
-764.128    846.420    -0.102
-764.512    846.531    -0.102
-764.895    846.643    -0.102
-765.273    846.754    -0.102
-765.663    846.866    -0.102
-766.057    846.980    -0.102
-766.440    847.091    -0.102
-766.819    847.200    -0.102
-767.211    847.313    -0.103
-767.594    847.424    -0.103
-767.972    847.533    -0.103
-768.362    847.646    -0.103
-768.749    847.757    -0.103
-769.126    847.866    -0.103
-769.516    847.979    -0.103
-769.901    848.090    -0.103
-770.277    848.199    -0.103
-770.670    848.312    -0.103
-771.056    848.423    -0.103
-771.429    848.532    -0.103
-771.824    848.645    -0.103
-772.208    848.756    -0.103
-772.592    848.867    -0.103
-772.978    848.978    -0.103
-773.362    849.089    -0.104
-773.736    849.197    -0.104
-774.131    849.311    -0.104
-774.514    849.421    -0.104
-774.900    849.532    -0.104
-775.285    849.643    -0.104
-775.659    849.750    -0.104
-776.053    849.864    -0.104
-776.438    849.975    -0.104
-776.821    850.086    -0.104
-777.207    850.197    -0.104
-777.592    850.308    -0.104
-777.974    850.419    -0.104
-778.360    850.529    -0.104
-778.745    850.640    -0.104
-779.129    850.751    -0.104
-779.513    850.861    -0.105
-779.899    850.972    -0.105
-780.282    851.083    -0.105
-780.666    851.194    -0.105
-781.052    851.304    -0.105
-781.436    851.416    -0.105
-781.811    851.524    -0.105
-782.205    851.638    -0.105
-782.579    851.747    -0.105
-782.966    851.859    -0.105
-783.359    851.973    -0.105
-783.733    852.080    -0.105
-784.128    852.195    -0.105
-784.501    852.303    -0.105
-784.888    852.415    -0.105
-785.278    852.529    -0.105
-785.657    852.638    -0.106
-786.047    852.751    -0.106
-786.425    852.860    -0.106
-786.807    852.971    -0.106
-787.202    853.085    -0.106
-787.576    853.193    -0.106
-787.971    853.307    -0.106
-788.348    853.417    -0.106
-788.737    853.529    -0.106
-789.124    853.641    -0.106
-789.498    853.750    -0.106
-789.885    853.862    -0.106
-790.275    853.975    -0.106
-790.653    854.085    -0.106
-791.036    854.196    -0.106
-791.422    854.307    -0.106
-791.812    854.420    -0.107
-792.191    854.531    -0.107
-792.573    854.641    -0.107
-792.959    854.753    -0.107
-793.341    854.864    -0.107
-793.726    854.975    -0.107
-794.119    855.089    -0.107
-794.494    855.198    -0.107
-794.881    855.311    -0.107
-795.263    855.420    -0.107
-795.656    855.535    -0.107
-796.032    855.644    -0.107
-796.425    855.759    -0.107
-796.802    855.868    -0.107
-797.186    855.979    -0.107
-797.578    856.093    -0.107
-797.954    856.201    -0.108
-798.337    856.312    -0.108
-798.724    856.425    -0.108
-799.114    856.539    -0.108
-799.492    856.647    -0.108
-799.874    856.758    -0.108
-800.261    856.871    -0.108
-800.651    856.984    -0.108
-801.030    857.093    -0.108
-801.412    857.204    -0.108
-801.798    857.317    -0.108
-802.188    857.429    -0.108
-802.567    857.539    -0.108
-802.950    857.651    -0.108
-803.336    857.762    -0.108
-803.718    857.873    -0.108
-804.112    857.987    -0.109
-804.486    858.095    -0.109
-804.880    858.210    -0.109
-805.256    858.318    -0.109
-805.650    858.432    -0.109
-806.035    858.543    -0.109
-806.408    858.651    -0.109
-806.803    858.765    -0.109
-807.187    858.876    -0.109
-807.563    858.984    -0.109
-807.957    859.098    -0.109
-808.338    859.210    -0.109
-808.717    859.318    -0.109
-809.110    859.431    -0.109
-809.492    859.542    -0.109
-809.871    859.651    -0.109
-810.262    859.764    -0.110
-810.647    859.875    -0.110
-811.031    859.986    -0.110
-811.407    860.094    -0.110
-811.801    860.208    -0.110
-812.186    860.319    -0.110
-812.567    860.429    -0.110
-812.946    860.539    -0.110
-813.336    860.653    -0.110
-813.714    860.762    -0.110
-814.098    860.872    -0.110
-814.491    860.987    -0.110
-814.865    861.095    -0.110
-815.252    861.207    -0.110
-815.642    861.320    -0.110
-816.021    861.430    -0.111
-816.414    861.543    -0.111
-816.787    861.651    -0.111
-817.182    861.766    -0.111
-817.556    861.875    -0.111
-817.943    861.986    -0.111
-818.333    862.100    -0.111
-818.712    862.209    -0.111
-819.101    862.322    -0.111
-819.480    862.431    -0.111
-819.870    862.545    -0.111
-820.248    862.654    -0.111
-820.631    862.764    -0.111
-821.026    862.879    -0.111
-821.399    862.988    -0.111
-821.786    863.100    -0.111
-822.168    863.211    -0.112
-822.555    863.323    -0.112
-822.937    863.433    -0.112
-823.331    863.548    -0.112
-823.706    863.657    -0.112
-824.091    863.770    -0.112
-824.474    863.879    -0.112
-824.861    863.992    -0.112
-825.251    864.106    -0.112
-825.628    864.215    -0.112
-826.011    864.325    -0.112
-826.406    864.440    -0.112
-826.780    864.548    -0.112
-827.164    864.660    -0.112
-827.551    864.772    -0.112
-827.932    864.883    -0.113
-828.327    864.997    -0.113
-828.701    865.106    -0.113
-829.088    865.218    -0.113
-829.478    865.331    -0.113
-829.856    865.440    -0.113
-830.248    865.554    -0.113
-830.624    865.663    -0.113
-831.010    865.774    -0.113
-831.400    865.887    -0.113
-831.779    865.997    -0.113
-832.168    866.110    -0.113
-832.547    866.219    -0.113
-832.937    866.333    -0.113
-833.316    866.441    -0.113
-833.706    866.555    -0.113
-834.085    866.664    -0.114
-834.477    866.777    -0.114
-834.851    866.885    -0.114
-835.246    866.999    -0.114
-835.620    867.108    -0.114
-836.014    867.221    -0.114
-836.396    867.333    -0.114
-836.775    867.442    -0.114
-837.168    867.556    -0.114
-837.542    867.663    -0.114
-837.937    867.777    -0.114
-838.319    867.888    -0.114
-838.697    867.997    -0.114
-839.089    868.110    -0.114
-839.472    868.222    -0.114
-839.851    868.331    -0.115
-840.244    868.443    -0.115
-840.626    868.554    -0.115
-841.004    868.664    -0.115
-841.395    868.776    -0.115
-841.781    868.887    -0.115
-842.158    868.997    -0.115
-842.548    869.109    -0.115
-842.934    869.220    -0.115
-843.316    869.332    -0.115
-843.695    869.441    -0.115
-844.088    869.553    -0.115
-844.470    869.665    -0.115
-844.849    869.774    -0.115
-845.238    869.887    -0.115
-845.617    869.996    -0.116
-845.999    870.107    -0.116
-846.394    870.221    -0.116
-846.768    870.330    -0.116
-847.154    870.442    -0.116
-847.537    870.553    -0.116
-847.930    870.667    -0.116
-848.306    870.776    -0.116
-848.692    870.888    -0.116
-849.074    870.998    -0.116
-849.468    871.113    -0.116
-849.842    871.221    -0.116
-850.229    871.334    -0.116
-850.611    871.444    -0.116
-851.006    871.558    -0.116
-851.380    871.667    -0.117
-851.774    871.781    -0.117
-852.148    871.889    -0.117
-852.543    872.004    -0.117
-852.920    872.113    -0.117
-853.310    872.225    -0.117
-853.696    872.336    -0.117
-854.081    872.447    -0.117
-854.463    872.557    -0.117
-854.850    872.668    -0.117
-855.234    872.779    -0.117
-855.618    872.889    -0.117
-856.003    873.000    -0.117
-856.387    873.111    -0.117
-856.771    873.222    -0.117
-857.156    873.333    -0.118
-857.534    873.442    -0.118
-857.926    873.555    -0.118
-858.309    873.665    -0.118
-858.694    873.776    -0.118
-859.080    873.887    -0.118
-859.470    873.998    -0.118
-859.849    874.107    -0.118
-860.232    874.218    -0.118
-860.618    874.330    -0.118
-860.992    874.437    -0.118
-861.387    874.552    -0.118
-861.761    874.660    -0.118
-862.156    874.774    -0.118
-862.529    874.883    -0.118
-862.916    874.995    -0.119
-863.306    875.109    -0.119
-863.685    875.217    -0.119
-864.075    875.331    -0.119
-864.453    875.440    -0.119
-864.845    875.553    -0.119
-865.221    875.661    -0.119
-865.614    875.776    -0.119
-865.989    875.884    -0.119
-866.384    875.997    -0.119
-866.757    876.106    -0.119
-867.144    876.219    -0.119
-867.535    876.331    -0.119
-867.921    876.443    -0.119
-868.297    876.553    -0.119
-868.671    876.663    -0.120
-869.063    876.777    -0.120
-869.439    876.888    -0.120
-869.823    877.001    -0.120
-870.207    877.113    -0.120
-870.591    877.226    -0.120
-870.977    877.339    -0.120
-871.359    877.451    -0.120
-871.743    877.563    -0.120
-872.127    877.676    -0.120
-872.519    877.791    -0.120
-872.895    877.900    -0.120
-873.281    878.014    -0.120
-873.663    878.126    -0.120
-874.047    878.239    -0.120
-874.431    878.351    -0.121
-874.823    878.466    -0.121
-875.199    878.577    -0.121
-875.585    878.689    -0.121
-875.967    878.802    -0.121
-876.340    878.915    -0.121
-876.700    879.025    -0.121
-877.090    879.142    -0.121
-877.468    879.257    -0.121
-877.856    879.375    -0.121
-878.239    879.491    -0.121
-878.614    879.605    -0.121
-879.005    879.723    -0.121
-879.388    879.839    -0.121
-879.763    879.952    -0.122
-880.154    880.071    -0.122
-880.536    880.187    -0.122
-880.912    880.301    -0.122
-881.304    880.420    -0.122
-881.686    880.535    -0.122
-882.061    880.649    -0.122
-882.453    880.767    -0.122
-882.836    880.882    -0.122
-883.209    880.997    -0.122
-883.601    881.115    -0.122
-883.966    881.232    -0.122
-884.313    881.342    -0.122
-884.694    881.464    -0.122
-885.078    881.587    -0.122
-885.457    881.708    -0.123
-885.837    881.829    -0.123
-886.221    881.952    -0.123
-886.600    882.073    -0.123
-886.981    882.194    -0.123
-887.362    882.315    -0.123
-887.753    882.440    -0.123
-888.125    882.559    -0.123
-888.509    882.681    -0.123
-888.887    882.802    -0.123
-889.268    882.924    -0.123
-889.652    883.047    -0.123
-890.031    883.167    -0.123
-890.412    883.289    -0.123
-890.793    883.411    -0.124
-891.176    883.533    -0.124
-891.556    883.654    -0.124
-891.928    883.778    -0.124
-892.264    883.891    -0.124
-892.652    884.023    -0.124
-893.022    884.146    -0.124
-893.402    884.273    -0.124
-893.783    884.402    -0.124
-894.161    884.529    -0.124
-894.540    884.657    -0.124
-894.928    884.788    -0.124
-895.298    884.912    -0.124
-895.678    885.039    -0.124
-896.059    885.167    -0.124
-896.437    885.294    -0.125
-896.815    885.422    -0.125
-897.196    885.552    -0.125
-897.574    885.677    -0.125
-897.960    885.808    -0.125
-898.334    885.933    -0.125
-898.712    886.060    -0.125
-899.091    886.187    -0.125
-899.472    886.316    -0.125
-899.831    886.442    -0.125
-900.148    886.558    -0.125
-900.524    886.696    -0.125
-900.892    886.830    -0.125
-901.276    886.970    -0.125
-901.644    887.105    -0.126
-902.027    887.245    -0.126
-902.402    887.382    -0.126
-902.779    887.519    -0.126
-903.147    887.653    -0.126
-903.531    887.794    -0.126
-903.906    887.930    -0.126
-904.276    888.065    -0.126
-904.659    888.204    -0.126
-905.035    888.342    -0.126
-905.401    888.475    -0.126
-905.786    888.615    -0.126
-906.162    888.752    -0.126
-906.531    888.887    -0.126
-906.914    889.026    -0.127
-907.290    889.164    -0.127
-907.580    889.280    -0.127
-907.931    889.421    -0.127
-908.303    889.570    -0.127
-908.677    889.719    -0.127
-909.038    889.864    -0.127
-909.416    890.017    -0.127
-909.788    890.166    -0.127
-910.162    890.316    -0.127
-910.523    890.461    -0.127
-910.902    890.612    -0.127
-911.276    890.763    -0.127
-911.644    890.911    -0.128
-912.016    891.060    -0.128
-912.391    891.209    -0.128
-912.752    891.354    -0.128
-913.131    891.507    -0.128
-913.505    891.657    -0.128
-913.873    891.805    -0.128
-914.248    891.954    -0.128
-914.616    892.102    -0.128
-914.955    892.239    -0.128
-915.245    892.369    -0.128
-915.607    892.528    -0.128
-915.976    892.692    -0.128
-916.342    892.853    -0.128
-916.708    893.015    -0.129
-917.074    893.177    -0.129
-917.440    893.339    -0.129
-917.804    893.499    -0.129
-918.172    893.662    -0.129
-918.539    893.824    -0.129
-918.904    893.986    -0.129
-919.270    894.148    -0.129
-919.636    894.310    -0.129
-920.009    894.474    -0.129
-920.364    894.631    -0.129
-920.734    894.795    -0.129
-921.100    894.957    -0.129
-921.464    895.124    -0.130
-921.826    895.293    -0.130
-922.161    895.449    -0.130
-922.458    895.587    -0.130
-922.810    895.751    -0.130
-923.183    895.925    -0.130
-923.546    896.094    -0.130
-923.906    896.261    -0.130
-924.272    896.431    -0.130
-924.635    896.600    -0.130
-924.994    896.768    -0.130
-925.360    896.938    -0.130
-925.723    897.107    -0.130
-926.080    897.279    -0.130
-926.432    897.462    -0.131
-926.802    897.651    -0.131
-927.055    897.785    -0.131
-927.409    897.969    -0.131
-927.766    898.152    -0.131
-928.121    898.336    -0.131
-928.480    898.522    -0.131
-928.832    898.703    -0.131
-929.194    898.892    -0.131
-929.545    899.076    -0.131
-929.886    899.255    -0.131
-930.233    899.437    -0.131
-930.588    899.623    -0.131
-930.941    899.809    -0.132
-931.306    899.999    -0.132
-931.651    900.180    -0.132
-932.005    900.366    -0.132
-932.360    900.551    -0.132
-932.715    900.752    -0.132
-933.060    900.948    -0.132
-933.299    901.087    -0.132
-933.646    901.285    -0.132
-933.996    901.485    -0.132
-934.342    901.681    -0.132
-934.683    901.874    -0.132
-935.047    902.082    -0.132
-935.390    902.276    -0.133
-935.733    902.471    -0.133
-936.090    902.677    -0.133
-936.423    902.879    -0.133
-936.724    903.063    -0.133
-937.029    903.248    -0.133
-937.360    903.449    -0.133
-937.713    903.663    -0.133
-938.048    903.866    -0.133
-938.388    904.072    -0.133
-938.739    904.286    -0.133
-939.075    904.489    -0.133
-939.420    904.698    -0.133
-939.757    904.907    -0.134
-940.094    905.116    -0.134
-940.410    905.313    -0.134
-940.740    905.518    -0.134
-941.089    905.739    -0.134
-941.416    905.947    -0.134
-941.726    906.145    -0.134
-942.060    906.358    -0.134
-942.394    906.572    -0.134
-942.738    906.791    -0.134
-943.074    907.008    -0.134
-943.405    907.235    -0.134
-943.638    907.398    -0.134
-943.964    907.621    -0.135
-944.298    907.850    -0.135
-944.617    908.070    -0.135
-944.958    908.303    -0.135
-945.284    908.526    -0.135
-945.618    908.755    -0.135
-945.938    908.975    -0.135
-946.278    909.208    -0.135
-946.601    909.436    -0.135
-946.881    909.631    -0.135
-947.194    909.851    -0.135
-947.516    910.076    -0.135
-947.840    910.310    -0.136
-948.155    910.538    -0.136
-948.428    910.733    -0.136
-948.762    910.975    -0.136
-949.077    911.202    -0.136
-949.407    911.441    -0.136
-949.721    911.676    -0.136
-950.044    911.926    -0.136
-950.353    912.168    -0.136
-950.659    912.406    -0.136
-950.950    912.632    -0.136
-951.271    912.882    -0.136
-951.578    913.121    -0.136
-951.896    913.370    -0.137
-952.214    913.615    -0.137
-952.529    913.860    -0.137
-952.845    914.108    -0.137
-953.155    914.359    -0.137
-953.457    914.602    -0.137
-953.769    914.853    -0.137
-954.081    915.105    -0.137
-954.397    915.360    -0.137
-954.702    915.609    -0.137
-955.008    915.867    -0.137
-955.161    915.997    -0.137
-955.457    916.246    -0.138
-955.764    916.505    -0.138
-956.065    916.759    -0.138
-956.375    917.030    -0.138
-956.670    917.290    -0.138
-956.971    917.556    -0.138
-957.270    917.821    -0.138
-957.595    918.106    -0.138
-957.899    918.375    -0.138
-958.195    918.637    -0.138
-958.494    918.902    -0.138
-958.799    919.170    -0.138
-959.092    919.433    -0.139
-959.371    919.693    -0.139
-959.617    919.922    -0.139
-959.901    920.185    -0.139
-960.204    920.465    -0.139
-960.489    920.736    -0.139
-960.780    921.012    -0.139
-961.032    921.251    -0.139
-961.261    921.468    -0.139
-961.546    921.738    -0.139
-961.842    922.018    -0.139
-962.131    922.294    -0.139
-962.408    922.575    -0.139
-962.693    922.867    -0.140
-962.966    923.148    -0.140
-963.250    923.441    -0.140
-963.524    923.723    -0.140
-963.769    923.978    -0.140
-964.007    924.221    -0.140
-964.281    924.504    -0.140
-964.564    924.795    -0.140
-964.844    925.083    -0.140
-965.118    925.364    -0.140
-965.388    925.652    -0.140
-965.585    925.861    -0.140
-965.863    926.158    -0.141
-966.128    926.439    -0.141
-966.401    926.741    -0.141
-966.667    927.040    -0.141
-966.933    927.340    -0.141
-967.145    927.579    -0.141
-967.360    927.817    -0.141
-967.626    928.117    -0.141
-967.891    928.417    -0.141
-968.141    928.713    -0.141
-968.408    929.030    -0.141
-968.667    929.334    -0.141
-968.922    929.634    -0.141
-969.184    929.944    -0.142
-969.452    930.260    -0.142
-969.701    930.555    -0.142
-969.960    930.861    -0.142
-970.207    931.149    -0.142
-970.464    931.456    -0.142
-970.672    931.720    -0.142
-970.895    932.003    -0.142
-971.140    932.313    -0.142
-971.391    932.631    -0.142
-971.635    932.941    -0.142
-971.871    933.240    -0.142
-972.122    933.568    -0.143
-972.356    933.876    -0.143
-972.590    934.200    -0.143
-972.804    934.500    -0.143
-972.968    934.730    -0.143
-973.199    935.055    -0.143
-973.432    935.380    -0.143
-973.661    935.700    -0.143
-973.895    936.026    -0.143
-974.134    936.362    -0.143
-974.360    936.677    -0.143
-974.598    937.009    -0.143
-974.829    937.333    -0.144
-975.058    937.654    -0.144
-975.242    937.932    -0.144
-975.462    938.261    -0.144
-975.687    938.598    -0.144
-975.909    938.932    -0.144
-976.132    939.264    -0.144
-976.353    939.597    -0.144
-976.528    939.868    -0.144
-976.733    940.194    -0.144
-976.944    940.528    -0.144
-977.161    940.873    -0.144
-977.331    941.144    -0.144
-977.513    941.454    -0.145
-977.719    941.805    -0.145
-977.922    942.151    -0.145
-978.125    942.496    -0.145
-978.324    942.834    -0.145
-978.531    943.185    -0.145
-978.730    943.523    -0.145
-978.936    943.874    -0.145
-979.118    944.185    -0.145
-979.285    944.475    -0.145
-979.477    944.822    -0.145
-979.672    945.175    -0.145
-979.853    945.500    -0.145
-980.023    945.803    -0.146
-980.215    946.154    -0.146
-980.396    946.507    -0.146
-980.581    946.866    -0.146
-980.759    947.215    -0.146
-980.945    947.578    -0.146
-981.113    947.911    -0.146
-981.241    948.156    -0.146
-981.414    948.518    -0.146
-981.584    948.879    -0.146
-981.754    949.242    -0.146
-981.924    949.604    -0.146
-982.091    949.959    -0.147
-982.263    950.324    -0.147
-982.436    950.692    -0.147
-982.605    951.054    -0.147
-982.758    951.379    -0.147
-982.921    951.726    -0.147
-983.083    952.087    -0.147
-983.240    952.434    -0.147
-983.372    952.728    -0.147
-983.529    953.097    -0.147
-983.682    953.466    -0.147
-983.835    953.835    -0.147
-983.990    954.205    -0.147
-984.143    954.575    -0.148
-984.296    954.944    -0.148
-984.428    955.260    -0.148
-984.545    955.540    -0.148
-984.688    955.921    -0.148
-984.828    956.288    -0.148
-984.968    956.661    -0.148
-985.112    957.044    -0.148
-985.251    957.411    -0.148
-985.395    957.793    -0.148
-985.533    958.160    -0.148
-985.667    958.516    -0.148
-985.791    958.844    -0.148
-985.930    959.212    -0.148
-986.065    959.600    -0.149
-986.190    959.967    -0.149
-986.308    960.309    -0.149
-986.419    960.627    -0.149
-986.548    961.005    -0.149
-986.676    961.382    -0.149
-986.807    961.763    -0.149
-986.937    962.148    -0.149
-987.041    962.441    -0.149
-987.152    962.797    -0.149
-987.259    963.181    -0.149
-987.367    963.566    -0.149
-987.472    963.944    -0.149
-987.582    964.338    -0.150
-987.689    964.723    -0.150
-987.796    965.108    -0.150
-987.904    965.495    -0.150
-988.011    965.879    -0.150
-988.087    966.143    -0.150
-988.186    966.511    -0.150
-988.277    966.899    -0.150
-988.369    967.290    -0.150
-988.462    967.687    -0.150
-988.552    968.069    -0.150
-988.643    968.459    -0.150
-988.723    968.796    -0.150
-988.814    969.185    -0.150
-988.899    969.574    -0.151
-988.981    969.949    -0.151
-989.059    970.307    -0.151
-989.143    970.706    -0.151
-989.214    971.097    -0.151
-989.288    971.494    -0.151
-989.358    971.879    -0.151
-989.431    972.278    -0.151
-989.505    972.674    -0.151
-989.575    973.057    -0.151
-989.650    973.461    -0.151
-989.721    973.855    -0.151
-989.771    974.131    -0.151
-989.843    974.525    -0.151
-989.908    974.921    -0.151
-989.964    975.307    -0.152
-990.025    975.712    -0.152
-990.083    976.110    -0.152
-990.142    976.504    -0.152
-990.201    976.899    -0.152
-990.259    977.296    -0.152
-990.315    977.694    -0.152
-990.365    978.089    -0.152
-990.413    978.459    -0.152
-990.440    978.672    -0.152
-990.484    979.069    -0.152
-990.523    979.458    -0.152
-990.563    979.866    -0.152
-990.602    980.264    -0.152
-990.641    980.652    -0.152
-990.681    981.060    -0.153
-990.720    981.450    -0.153
-990.743    981.653    -0.153
-990.780    982.041    -0.153
-990.820    982.440    -0.153
-990.852    982.848    -0.153
-990.881    983.239    -0.153
-990.910    983.637    -0.153
-990.939    984.046    -0.153
-990.959    984.436    -0.153
-990.977    984.845    -0.153
-990.997    985.235    -0.153
-991.013    985.534    -0.153
-991.030    985.879    -0.153
-991.049    986.279    -0.153
-991.069    986.679    -0.153
-991.080    987.079    -0.154
-991.081    987.479    -0.154
-991.083    987.879    -0.154
-991.084    988.279    -0.154
-991.086    988.679    -0.154
-991.087    989.089    -0.154
-991.088    989.480    -0.154
-991.089    989.752    -0.154
-991.092    990.144    -0.154
-991.093    990.543    -0.154
-991.091    990.953    -0.154
-991.081    991.345    -0.154
-991.072    991.744    -0.154
-991.064    992.144    -0.154
-991.054    992.544    -0.154
-991.046    992.944    -0.154
-991.034    993.345    -0.155
-991.023    993.617    -0.155
-991.005    994.017    -0.155
-990.989    994.406    -0.155
-990.971    994.817    -0.155
-990.943    995.217    -0.155
-990.912    995.607    -0.155
-990.878    996.018    -0.155
-990.846    996.408    -0.155
-990.813    996.798    -0.155
-990.779    997.209    -0.155
-990.753    997.529    -0.155
-990.729    997.839    -0.155
-990.698    998.219    -0.155
-990.663    998.630    -0.155
-990.633    999.030    -0.155
-990.604    999.430    -0.155
-990.574    999.831    -0.155
-990.545    1000.231    -0.156
-990.515    1000.621    -0.156
-990.481    1000.972    -0.156
-990.449    1001.272    -0.156
-990.402    1001.683    -0.156
-990.355    1002.073    -0.156
-990.296    1002.464    -0.156
-990.228    1002.864    -0.156
-990.161    1003.255    -0.156
-990.092    1003.655    -0.156
-990.027    1004.046    -0.156
-989.958    1004.446    -0.156
-989.891    1004.837    -0.156
-989.837    1005.147    -0.156
-989.776    1005.508    -0.156
-989.709    1005.898    -0.156
-989.641    1006.289    -0.156
-989.575    1006.690    -0.156
-989.508    1007.080    -0.156
-989.439    1007.481    -0.156
-989.355    1007.871    -0.157
-989.270    1008.262    -0.157
-989.185    1008.653    -0.157
-989.100    1009.043    -0.157
-989.015    1009.434    -0.157
-988.932    1009.815    -0.157
-988.845    1010.215    -0.157
-988.752    1010.606    -0.157
-988.668    1010.927    -0.157
-988.598    1011.197    -0.157
-988.501    1011.588    -0.157
-988.403    1011.979    -0.157
-988.310    1012.359    -0.157
-988.211    1012.750    -0.157
-988.157    1012.971    -0.157
-988.061    1013.361    -0.157
-987.953    1013.782    -0.157
-987.835    1014.223    -0.157
-987.732    1014.594    -0.157
-987.652    1014.904    -0.157
-987.566    1015.225    -0.157
-987.460    1015.616    -0.157
-987.352    1016.007    -0.158
-987.239    1016.387    -0.158
-987.134    1016.748    -0.158
-987.025    1017.109    -0.158
-986.913    1017.490    -0.158
-986.799    1017.881    -0.158
-986.673    1018.262    -0.158
-986.542    1018.632    -0.158
-986.410    1019.013    -0.158
-986.277    1019.404    -0.158
-986.154    1019.755    -0.158
-986.048    1020.056    -0.158
-985.920    1020.427    -0.158
-985.810    1020.748    -0.158
-985.680    1021.119    -0.158
-985.554    1021.490    -0.158
-985.420    1021.851    -0.158
-985.274    1022.232    -0.158
-985.147    1022.562    -0.158
-985.002    1022.933    -0.158
-984.859    1023.304    -0.158
-984.735    1023.625    -0.158
-984.615    1023.926    -0.158
-984.463    1024.307    -0.158
-984.319    1024.678    -0.158
-984.171    1025.049    -0.158
-984.023    1025.420    -0.159
-983.873    1025.791    -0.159
-983.710    1026.153    -0.159
-983.543    1026.534    -0.159
-983.383    1026.885    -0.159
-983.220    1027.256    -0.159
-983.103    1027.517    -0.159
-982.939    1027.888    -0.159
-982.775    1028.249    -0.159
-982.612    1028.620    -0.159
-982.451    1028.981    -0.159
-982.289    1029.332    -0.159
-982.127    1029.664    -0.159
-981.953    1030.025    -0.159
-981.800    1030.346    -0.159
-981.676    1030.607    -0.159
-981.484    1030.988    -0.159
-981.294    1031.359    -0.159
-981.116    1031.710    -0.159
-980.935    1032.072    -0.159
-980.754    1032.423    -0.159
-980.569    1032.794    -0.159
-980.373    1033.176    -0.159
-980.183    1033.517    -0.159
-979.992    1033.858    -0.159
-979.808    1034.179    -0.159
-979.611    1034.531    -0.159
-979.413    1034.882    -0.159
-979.218    1035.233    -0.159
-979.016    1035.595    -0.159
-978.817    1035.946    -0.159
-978.621    1036.297    -0.159
-978.418    1036.659    -0.159
-978.226    1037.010    -0.160
-978.028    1037.341    -0.160
-977.900    1037.542    -0.160
-977.693    1037.894    -0.160
-977.486    1038.235    -0.160
-977.225    1038.667    -0.160
-977.019    1039.008    -0.160
-976.844    1039.309    -0.160
-976.647    1039.631    -0.160
-976.458    1039.952    -0.160
-976.273    1040.253    -0.160
-976.050    1040.585    -0.160
-975.845    1040.896    -0.160
-975.633    1041.207    -0.160
-975.421    1041.519    -0.160
-975.202    1041.850    -0.160
-975.016    1042.121    -0.160
-974.815    1042.423    -0.160
-974.595    1042.744    -0.160
-974.409    1043.016    -0.160
-974.206    1043.287    -0.160
-973.964    1043.618    -0.160
-973.738    1043.930    -0.160
-973.531    1044.211    -0.160
-973.298    1044.533    -0.160
-973.058    1044.854    -0.160
-972.827    1045.176    -0.160
-972.622    1045.447    -0.160
-972.407    1045.729    -0.160
-972.161    1046.050    -0.160
-971.922    1046.362    -0.160
-971.672    1046.674    -0.160
-971.415    1046.985    -0.160
-971.154    1047.297    -0.160
-970.901    1047.599    -0.160
-970.640    1047.910    -0.160
-970.384    1048.212    -0.160
-970.130    1048.514    -0.160
-969.903    1048.795    -0.160
-969.662    1049.077    -0.160
-969.405    1049.388    -0.160
-969.162    1049.670    -0.160
-968.946    1049.921    -0.160
-968.685    1050.223    -0.160
-968.423    1050.525    -0.160
-968.167    1050.826    -0.160
-967.920    1051.108    -0.160
-967.674    1051.390    -0.160
-967.406    1051.691    -0.160
-967.167    1051.953    -0.160
-966.903    1052.245    -0.160
-966.639    1052.536    -0.160
-966.359    1052.828    -0.160
-966.084    1053.110    -0.160
-965.799    1053.402    -0.160
-965.520    1053.694    -0.160
-965.243    1053.975    -0.160
-964.960    1054.257    -0.160
-964.679    1054.549    -0.160
-964.429    1054.801    -0.160
-964.190    1055.042    -0.160
-963.909    1055.334    -0.160
-963.624    1055.616    -0.160
-963.342    1055.888    -0.160
-963.129    1056.099    -0.160
-962.842    1056.381    -0.160
-962.556    1056.653    -0.160
-962.265    1056.945    -0.160
-961.980    1057.216    -0.160
-961.690    1057.478    -0.160
-961.432    1057.720    -0.160
-961.156    1057.972    -0.160
-960.867    1058.234    -0.160
-960.571    1058.505    -0.160
-960.273    1058.767    -0.160
-959.961    1059.039    -0.160
-959.663    1059.291    -0.160
-959.364    1059.553    -0.160
-959.056    1059.815    -0.160
-958.748    1060.077    -0.160
-958.493    1060.299    -0.160
-958.242    1060.520    -0.160
-957.945    1060.772    -0.160
-957.653    1061.024    -0.160
-957.348    1061.266    -0.160
-957.034    1061.528    -0.160
-956.721    1061.790    -0.160
-956.456    1062.002    -0.160
-956.160    1062.244    -0.160
-955.847    1062.506    -0.160
-955.542    1062.748    -0.160
-955.313    1062.929    -0.160
-954.993    1063.181    -0.160
-954.683    1063.423    -0.160
-954.366    1063.665    -0.160
-954.038    1063.907    -0.160
-953.722    1064.129    -0.160
-953.387    1064.371    -0.160
-953.069    1064.603    -0.160
-952.739    1064.845    -0.160
-952.413    1065.078    -0.160
-952.171    1065.249    -0.160
-951.878    1065.461    -0.160
-951.540    1065.703    -0.160
-951.220    1065.925    -0.160
-950.896    1066.147    -0.160
-950.560    1066.369    -0.160
-950.236    1066.591    -0.160
-949.962    1066.783    -0.160
-949.641    1066.995    -0.160
-949.307    1067.207    -0.160
-948.966    1067.429    -0.160
-948.638    1067.641    -0.160
-948.296    1067.854    -0.160
-947.965    1068.066    -0.160
-947.624    1068.278    -0.160
-947.275    1068.490    -0.160
-946.938    1068.692    -0.160
-946.596    1068.894    -0.160
-946.248    1069.107    -0.160
-945.912    1069.319    -0.160
-945.563    1069.521    -0.160
-945.226    1069.733    -0.160
-944.929    1069.905    -0.160
-944.580    1070.117    -0.160
-944.236    1070.329    -0.160
-943.884    1070.531    -0.160
-943.545    1070.714    -0.160
-943.245    1070.885    -0.160
-942.944    1071.047    -0.160
-942.591    1071.250    -0.160
-942.241    1071.432    -0.160
-941.893    1071.624    -0.160
-941.581    1071.786    -0.160
-941.365    1071.897    -0.160
-941.024    1072.089    -0.160
-940.661    1072.282    -0.160
-940.304    1072.464    -0.160
-939.944    1072.636    -0.160
-939.625    1072.798    -0.160
-939.288    1072.960    -0.160
-938.932    1073.133    -0.160
-938.570    1073.315    -0.160
-938.277    1073.457    -0.160
-937.960    1073.619    -0.160
-937.610    1073.791    -0.160
-937.257    1073.953    -0.160
-936.901    1074.125    -0.159
-936.530    1074.288    -0.159
-936.174    1074.450    -0.159
-935.828    1074.612    -0.159
-935.464    1074.784    -0.159
-935.105    1074.936    -0.159
-934.727    1075.099    -0.159
-934.360    1075.251    -0.159
-934.046    1075.383    -0.159
-933.700    1075.535    -0.159
-933.333    1075.688    -0.159
-932.972    1075.840    -0.159
-932.589    1075.992    -0.159
-932.220    1076.134    -0.159
-931.871    1076.267    -0.159
-931.524    1076.409    -0.159
-931.159    1076.551    -0.159
-930.786    1076.693    -0.159
-930.404    1076.846    -0.159
-930.040    1076.988    -0.159
-929.660    1077.130    -0.159
-929.290    1077.263    -0.159
-928.937    1077.385    -0.159
-928.689    1077.476    -0.159
-928.309    1077.609    -0.159
-927.934    1077.731    -0.159
-927.548    1077.854    -0.159
-927.161    1077.956    -0.159
-926.792    1078.048    -0.159
-926.421    1078.150    -0.159
-926.034    1078.253    -0.159
-925.642    1078.355    -0.159
-925.259    1078.458    -0.159
-924.865    1078.560    -0.158
-924.488    1078.662    -0.158
-924.092    1078.775    -0.158
-923.716    1078.887    -0.158
-923.493    1078.949    -0.158
-923.142    1079.041    -0.158
-922.756    1079.143    -0.158
-922.367    1079.246    -0.158
-921.977    1079.338    -0.158
-921.591    1079.430    -0.158
-921.199    1079.523    -0.158
-920.809    1079.615    -0.158
-920.419    1079.708    -0.158
-920.032    1079.790    -0.158
-919.647    1079.882    -0.158
-919.332    1079.954    -0.158
-918.946    1080.037    -0.158
-918.558    1080.119    -0.158
-918.162    1080.191    -0.158
-917.771    1080.274    -0.158
-917.377    1080.356    -0.158
-916.986    1080.429    -0.158
-916.586    1080.511    -0.158
-916.200    1080.584    -0.158
-915.838    1080.656    -0.158
-915.576    1080.707    -0.158
-915.182    1080.770    -0.157
-914.789    1080.832    -0.157
-914.394    1080.895    -0.157
-913.997    1080.967    -0.157
-913.593    1081.030    -0.157
-913.209    1081.092    -0.157
-912.923    1081.134    -0.157
-912.517    1081.206    -0.157
-912.123    1081.269    -0.157
-911.765    1081.331    -0.157
-911.394    1081.373    -0.157
-910.988    1081.426    -0.157
-910.601    1081.468    -0.157
-910.193    1081.520    -0.157
-909.804    1081.563    -0.157
-909.409    1081.615    -0.157
-909.000    1081.658    -0.157
-908.613    1081.710    -0.157
-908.207    1081.753    -0.157
-907.811    1081.805    -0.157
-907.556    1081.827    -0.157
-907.167    1081.859    -0.156
-906.767    1081.881    -0.156
-906.368    1081.914    -0.156
-905.970    1081.946    -0.156
-905.570    1081.969    -0.156
-905.170    1082.001    -0.156
-904.836    1082.023    -0.156
-904.482    1082.045    -0.156
-904.083    1082.078    -0.156
-903.694    1082.110    -0.156
-903.338    1082.132    -0.156
-902.939    1082.145    -0.156
-902.530    1082.157    -0.156
-902.140    1082.170    -0.156
-901.740    1082.182    -0.156
-901.340    1082.184    -0.156
-900.929    1082.197    -0.156
-900.540    1082.209    -0.156
-900.129    1082.222    -0.156
-899.739    1082.224    -0.156
-899.477    1082.226    -0.155
-899.085    1082.228    -0.155
-898.695    1082.221    -0.155
-898.286    1082.213    -0.155
-897.895    1082.215    -0.155
-897.558    1082.207    -0.155
-897.160    1082.210    -0.155
-896.759    1082.202    -0.155
-896.359    1082.195    -0.155
-895.959    1082.197    -0.155
-895.560    1082.190    -0.155
-895.204    1082.182    -0.155
-894.869    1082.184    -0.155
-894.477    1082.156    -0.155
-894.079    1082.129    -0.155
-893.671    1082.101    -0.155
-893.281    1082.073    -0.155
-892.909    1082.056    -0.155
-892.508    1082.028    -0.154
-892.101    1082.000    -0.154
-891.710    1081.973    -0.154
-891.310    1081.945    -0.154
-890.913    1081.918    -0.154
-890.504    1081.890    -0.154
-890.104    1081.863    -0.154
-889.825    1081.844    -0.154
-889.482    1081.826    -0.154
-889.072    1081.799    -0.154
-888.673    1081.771    -0.154
-888.274    1081.744    -0.154
-887.920    1081.716    -0.154
-887.614    1081.678    -0.154
-887.219    1081.610    -0.154
-886.823    1081.552    -0.154
-886.428    1081.495    -0.154
-886.032    1081.427    -0.153
-885.637    1081.370    -0.153
-885.241    1081.302    -0.153
-884.846    1081.244    -0.153
-884.450    1081.187    -0.153
-884.055    1081.119    -0.153
-883.733    1081.071    -0.153
-883.348    1081.013    -0.153
-882.951    1080.946    -0.153
-882.565    1080.888    -0.153
-882.162    1080.820    -0.153
-881.766    1080.763    -0.153
-881.479    1080.715    -0.153
-881.126    1080.647    -0.153
-880.735    1080.559    -0.153
-880.353    1080.471    -0.153
-879.953    1080.384    -0.152
-879.599    1080.306    -0.152
-879.216    1080.218    -0.152
-878.828    1080.130    -0.152
-878.445    1080.053    -0.152
-878.044    1079.965    -0.152
-877.657    1079.877    -0.152
-877.264    1079.790    -0.152
-876.883    1079.692    -0.152
-876.488    1079.604    -0.152
-876.095    1079.517    -0.152
-875.714    1079.419    -0.152
-875.421    1079.341    -0.152
-875.073    1079.253    -0.152
-874.693    1079.145    -0.152
-874.307    1079.047    -0.151
-873.921    1078.940    -0.151
-873.537    1078.832    -0.151
-873.150    1078.724    -0.151
-872.810    1078.636    -0.151
-872.442    1078.539    -0.151
-872.054    1078.431    -0.151
-871.669    1078.323    -0.151
-871.367    1078.245    -0.151
-871.017    1078.157    -0.151
-870.635    1078.029    -0.151
-870.257    1077.902    -0.151
-869.875    1077.774    -0.151
-869.487    1077.646    -0.151
-869.117    1077.528    -0.150
-868.736    1077.401    -0.150
-868.355    1077.273    -0.150
-867.977    1077.145    -0.150
-867.596    1077.027    -0.150
-867.246    1076.910    -0.150
-866.901    1076.792    -0.150
-866.528    1076.654    -0.150
-866.153    1076.516    -0.150
-865.784    1076.378    -0.150
-865.456    1076.260    -0.150
-865.096    1076.122    -0.150
-864.731    1075.995    -0.150
-864.347    1075.857    -0.150
-863.981    1075.719    -0.149
-863.604    1075.581    -0.149
-863.313    1075.473    -0.149
-862.955    1075.345    -0.149
-862.587    1075.197    -0.149
-862.211    1075.039    -0.149
-861.840    1074.892    -0.149
-861.472    1074.744    -0.149
-861.089    1074.596    -0.149
-860.725    1074.448    -0.149
-860.358    1074.300    -0.149
-859.982    1074.153    -0.149
-859.622    1074.005    -0.149
-859.322    1073.887    -0.149
-858.973    1073.739    -0.148
-858.600    1073.581    -0.148
-858.240    1073.423    -0.148
-857.873    1073.265    -0.148
-857.527    1073.107    -0.148
-857.197    1072.959    -0.148
-856.830    1072.801    -0.148
-856.468    1072.633    -0.148
-856.104    1072.466    -0.148
-855.740    1072.298    -0.148
-855.430    1072.160    -0.148
-855.077    1071.992    -0.148
-854.721    1071.814    -0.148
-854.359    1071.636    -0.147
-853.999    1071.468    -0.147
-853.639    1071.290    -0.147
-853.283    1071.112    -0.147
-852.913    1070.934    -0.147
-852.561    1070.766    -0.147
-852.202    1070.589    -0.147
-851.842    1070.411    -0.147
-851.522    1070.253    -0.147
-851.199    1070.084    -0.147
-850.846    1069.907    -0.147
-850.487    1069.719    -0.147
-850.145    1069.531    -0.147
-849.841    1069.372    -0.146
-849.476    1069.185    -0.146
-849.122    1068.997    -0.146
-848.768    1068.809    -0.146
-848.413    1068.621    -0.146
-848.065    1068.423    -0.146
-847.770    1068.265    -0.146
-847.438    1068.077    -0.146
-847.112    1067.888    -0.146
-846.781    1067.700    -0.146
-846.422    1067.503    -0.146
-846.073    1067.305    -0.146
-845.728    1067.117    -0.146
-845.383    1066.919    -0.145
-845.027    1066.721    -0.145
-844.700    1066.533    -0.145
-844.354    1066.335    -0.145
-844.003    1066.137    -0.145
-843.669    1065.929    -0.145
-843.317    1065.721    -0.145
-842.985    1065.513    -0.145
-842.637    1065.305    -0.145
-842.339    1065.116    -0.145
-842.036    1064.938    -0.145
-841.691    1064.730    -0.145
-841.352    1064.522    -0.145
-841.011    1064.314    -0.144
-840.670    1064.106    -0.144
-840.334    1063.898    -0.144
-840.056    1063.720    -0.144
-839.722    1063.512    -0.144
-839.383    1063.294    -0.144
-839.043    1063.076    -0.144
-838.716    1062.858    -0.144
-838.369    1062.640    -0.144
-838.044    1062.431    -0.144
-837.696    1062.204    -0.144
-837.364    1061.995    -0.144
-837.029    1061.777    -0.144
-836.691    1061.559    -0.143
-836.401    1061.361    -0.143
-836.103    1061.153    -0.143
-835.762    1060.925    -0.143
-835.442    1060.707    -0.143
-835.108    1060.479    -0.143
-834.775    1060.251    -0.143
-834.448    1060.022    -0.143
-834.121    1059.794    -0.143
-833.781    1059.566    -0.143
-833.457    1059.348    -0.143
-833.203    1059.170    -0.143
-832.894    1058.941    -0.143
-832.567    1058.703    -0.142
-832.245    1058.465    -0.142
-831.921    1058.237    -0.142
-831.597    1057.999    -0.142
-831.275    1057.761    -0.142
-830.950    1057.523    -0.142
-830.628    1057.295    -0.142
-830.304    1057.056    -0.142
-829.998    1056.828    -0.142
-829.704    1056.610    -0.142
-829.385    1056.372    -0.142
-829.058    1056.124    -0.142
-828.748    1055.895    -0.141
-828.418    1055.647    -0.141
-828.096    1055.409    -0.141
-827.787    1055.181    -0.141
-827.457    1054.933    -0.141
-827.145    1054.695    -0.141
-826.875    1054.496    -0.141
-826.595    1054.268    -0.141
-826.275    1054.010    -0.141
-825.961    1053.762    -0.141
-825.647    1053.513    -0.141
-825.340    1053.275    -0.141
-825.020    1053.017    -0.141
-824.712    1052.779    -0.140
-824.394    1052.521    -0.140
-824.082    1052.272    -0.140
-823.774    1052.034    -0.140
-823.519    1051.826    -0.140
-823.207    1051.568    -0.140
-822.898    1051.319    -0.140
-822.582    1051.061    -0.140
-822.281    1050.823    -0.140
-821.966    1050.565    -0.140
-821.654    1050.306    -0.140
-821.344    1050.058    -0.140
-821.033    1049.810    -0.139
-820.723    1049.552    -0.139
-820.467    1049.333    -0.139
-820.168    1049.075    -0.139
-819.863    1048.817    -0.139
-819.560    1048.559    -0.139
-819.251    1048.290    -0.139
-818.952    1048.032    -0.139
-818.648    1047.774    -0.139
-818.344    1047.516    -0.139
-818.041    1047.247    -0.139
-817.737    1046.989    -0.139
-817.427    1046.721    -0.138
-817.150    1046.482    -0.138
-816.852    1046.224    -0.138
-816.547    1045.956    -0.138
-816.251    1045.688    -0.138
-815.947    1045.419    -0.138
-815.649    1045.161    -0.138
-815.345    1044.893    -0.138
-815.028    1044.615    -0.138
-814.823    1044.436    -0.138
-814.534    1044.187    -0.138
-814.226    1043.909    -0.138
-813.935    1043.641    -0.138
-813.633    1043.373    -0.137
-813.348    1043.104    -0.137
-813.042    1042.826    -0.137
-812.750    1042.568    -0.137
-812.448    1042.289    -0.137
-812.163    1042.031    -0.137
-811.857    1041.753    -0.137
-811.577    1041.494    -0.137
-811.325    1041.266    -0.137
-811.033    1040.997    -0.137
-810.742    1040.719    -0.137
-810.449    1040.451    -0.137
-810.154    1040.172    -0.136
-809.866    1039.904    -0.136
-809.574    1039.626    -0.136
-809.284    1039.357    -0.136
-808.991    1039.079    -0.136
-808.700    1038.801    -0.136
-808.404    1038.522    -0.136
-808.119    1038.254    -0.136
-807.837    1037.976    -0.136
-807.573    1037.727    -0.136
-807.319    1037.479    -0.136
-807.031    1037.200    -0.136
-806.743    1036.922    -0.136
-806.451    1036.644    -0.135
-806.168    1036.365    -0.135
-805.880    1036.087    -0.135
-805.588    1035.809    -0.135
-805.307    1035.530    -0.135
-805.025    1035.252    -0.135
-804.737    1034.953    -0.135
-804.460    1034.685    -0.135
-804.167    1034.387    -0.135
-803.905    1034.118    -0.135
-803.645    1033.860    -0.135
-803.362    1033.581    -0.135
-803.080    1033.293    -0.134
-802.797    1033.014    -0.134
-802.511    1032.726    -0.134
-802.233    1032.448    -0.134
-801.955    1032.169    -0.134
-801.704    1031.921    -0.134
-801.427    1031.642    -0.134
-801.149    1031.364    -0.134
-800.858    1031.065    -0.134
-800.579    1030.787    -0.134
-800.301    1030.509    -0.134
-800.014    1030.220    -0.134
-799.727    1029.932    -0.134
-799.454    1029.643    -0.133
-799.182    1029.365    -0.133
-798.896    1029.067    -0.133
-798.624    1028.778    -0.133
-798.348    1028.490    -0.133
-798.071    1028.201    -0.133
-797.794    1027.913    -0.133
-797.532    1027.634    -0.133
-797.251    1027.346    -0.133
-796.979    1027.058    -0.133
-796.702    1026.769    -0.133
-796.420    1026.481    -0.133
-796.148    1026.192    -0.132
-795.863    1025.894    -0.132
-795.605    1025.625    -0.132
-795.409    1025.426    -0.132
-795.129    1025.128    -0.132
-794.856    1024.850    -0.132
-794.571    1024.551    -0.132
-794.230    1024.183    -0.132
-793.955    1023.895    -0.132
-793.673    1023.606    -0.132
-793.400    1023.318    -0.132
-793.122    1023.029    -0.132
-792.844    1022.741    -0.131
-792.567    1022.453    -0.131
-792.280    1022.154    -0.131
-792.003    1021.866    -0.131
-791.730    1021.587    -0.131
-791.454    1021.289    -0.131
-791.180    1021.000    -0.131
-790.903    1020.702    -0.131
-790.633    1020.414    -0.131
-790.360    1020.115    -0.131
-790.087    1019.827    -0.131
-789.815    1019.538    -0.131
-789.542    1019.240    -0.131
-789.264    1018.941    -0.130
-788.995    1018.653    -0.130
-788.722    1018.364    -0.130
-788.449    1018.076    -0.130
-788.176    1017.777    -0.130
-787.899    1017.479    -0.130
-787.630    1017.191    -0.130
-787.358    1016.902    -0.130
-787.085    1016.604    -0.130
-786.820    1016.325    -0.130
-786.551    1016.037    -0.130
-786.279    1015.748    -0.130
-786.008    1015.450    -0.129
-785.740    1015.161    -0.129
-785.460    1014.853    -0.129
-785.198    1014.574    -0.129
-784.918    1014.266    -0.129
-784.655    1013.987    -0.129
-784.376    1013.679    -0.129
-784.113    1013.390    -0.129
-783.837    1013.092    -0.129
-783.566    1012.804    -0.129
-783.295    1012.505    -0.129
-783.023    1012.217    -0.129
-782.753    1011.918    -0.129
-782.482    1011.630    -0.128
-782.210    1011.331    -0.128
-781.934    1011.033    -0.128
-781.672    1010.744    -0.128
-781.391    1010.446    -0.128
-781.129    1010.157    -0.128
-780.865    1009.879    -0.128
-780.595    1009.580    -0.128
-780.332    1009.292    -0.128
-780.053    1008.993    -0.128
-779.792    1008.705    -0.128
-779.514    1008.397    -0.128
-779.253    1008.108    -0.127
-778.979    1007.810    -0.127
-778.706    1007.511    -0.127
-778.440    1007.223    -0.127
-778.171    1006.924    -0.127
-777.898    1006.626    -0.127
-777.637    1006.337    -0.127
-777.359    1006.029    -0.127
-777.089    1005.740    -0.127
-776.828    1005.452    -0.127
-776.550    1005.143    -0.127
-776.285    1004.855    -0.127
-776.016    1004.556    -0.127
-775.745    1004.258    -0.126
-775.464    1003.949    -0.126
-775.194    1003.661    -0.126
-774.928    1003.362    -0.126
-774.653    1003.064    -0.126
-774.387    1002.776    -0.126
-774.112    1002.477    -0.126
-773.845    1002.189    -0.126
-773.570    1001.890    -0.126
-773.303    1001.602    -0.126
-773.029    1001.303    -0.126
-772.762    1001.005    -0.126
-772.493    1000.716    -0.125
-772.218    1000.418    -0.125
-771.951    1000.129    -0.125
-771.676    999.821    -0.125
-771.410    999.532    -0.125
-771.135    999.234    -0.125
-770.868    998.945    -0.125
-770.593    998.647    -0.125
-770.331    998.359    -0.125
-770.061    998.070    -0.125
-769.791    997.772    -0.125
-769.517    997.473    -0.125
-769.250    997.185    -0.125
-768.980    996.886    -0.124
-768.707    996.588    -0.124
-768.446    996.289    -0.124
-768.176    995.981    -0.124
-767.914    995.691    -0.124
-767.648    995.392    -0.124
-767.378    995.087    -0.124
-767.113    994.789    -0.124
-766.852    994.494    -0.124
-766.586    994.195    -0.124
-766.321    993.895    -0.124
-766.046    993.587    -0.124
-765.789    993.297    -0.124
-765.524    992.998    -0.123
-765.262    992.703    -0.123
-764.996    992.404    -0.123
-764.734    992.109    -0.123
-764.464    991.805    -0.123
-764.195    991.509    -0.123
-763.927    991.213    -0.123
-763.661    990.922    -0.123
-763.384    990.616    -0.123
-763.123    990.330    -0.123
-762.853    990.034    -0.123
-762.581    989.733    -0.123
-762.311    989.438    -0.123
-762.041    989.140    -0.122
-761.776    988.850    -0.122
-761.499    988.544    -0.122
-761.238    988.258    -0.122
-760.966    987.957    -0.122
-760.696    987.661    -0.122
-760.426    987.364    -0.122
-760.158    987.069    -0.122
-759.888    986.773    -0.122
-759.614    986.472    -0.122
-759.336    986.167    -0.122
-759.071    985.875    -0.122
-758.802    985.580    -0.121
-758.527    985.280    -0.121
-758.262    984.990    -0.121
-757.991    984.695    -0.121
-757.720    984.401    -0.121
-757.449    984.105    -0.121
-757.175    983.807    -0.121
-756.907    983.516    -0.121
-756.638    983.221    -0.121
-756.367    982.926    -0.121
-756.096    982.631    -0.121
-755.827    982.337    -0.121
-755.556    982.042    -0.121
-755.282    981.743    -0.120
-755.014    981.452    -0.120
-754.744    981.157    -0.120
-754.470    980.857    -0.120
-754.203    980.567    -0.120
-753.933    980.272    -0.120
-753.657    979.973    -0.120
-753.392    979.682    -0.120
-753.121    979.388    -0.120
-752.847    979.088    -0.120
-752.581    978.798    -0.120
-752.310    978.503    -0.120
-752.034    978.204    -0.120
-751.768    977.913    -0.119
-751.493    977.614    -0.119
-751.227    977.325    -0.119
-750.952    977.025    -0.119
-750.686    976.735    -0.119
-750.411    976.435    -0.119
-750.145    976.145    -0.119
-749.875    975.850    -0.119
-749.599    975.551    -0.119
-749.333    975.260    -0.119
-749.059    974.961    -0.119
-748.792    974.671    -0.119
-748.520    974.377    -0.119
-748.250    974.081    -0.118
-747.985    973.791    -0.118
-747.714    973.496    -0.118
-747.443    973.202    -0.118
-747.169    972.902    -0.118
-746.903    972.612    -0.118
-746.633    972.317    -0.118
-746.363    972.021    -0.118
-746.093    971.726    -0.118
-745.818    971.425    -0.118
-745.549    971.130    -0.118
-745.283    970.840    -0.118
-745.013    970.545    -0.118
-744.743    970.249    -0.117
-744.473    969.954    -0.117
-744.203    969.658    -0.117
-743.924    969.354    -0.117
-743.662    969.068    -0.117
-743.392    968.773    -0.117
-743.122    968.477    -0.117
-742.849    968.177    -0.117
-742.579    967.882    -0.117
-742.304    967.581    -0.117
-742.043    967.296    -0.117
-741.764    966.991    -0.117
-741.498    966.702    -0.117
-741.227    966.406    -0.116
-740.952    966.108    -0.116
-740.685    965.817    -0.116
-740.415    965.522    -0.116
-740.141    965.222    -0.116
-739.879    964.937    -0.116
-739.600    964.633    -0.116
-739.328    964.338    -0.116
-739.067    964.052    -0.116
-738.787    963.748    -0.116
-738.517    963.453    -0.116
-738.255    963.168    -0.116
-737.975    962.864    -0.116
-737.706    962.569    -0.115
-737.444    962.284    -0.115
-737.164    961.979    -0.115
-736.903    961.694    -0.115
-736.628    961.394    -0.115
-736.357    961.100    -0.115
-736.091    960.809    -0.115
-735.821    960.514    -0.115
-735.546    960.213    -0.115
-735.282    959.924    -0.115
-735.006    959.624    -0.115
-734.741    959.333    -0.115
-734.466    959.033    -0.115
-734.195    958.739    -0.115
-733.930    958.447    -0.114
-733.656    958.148    -0.114
-733.390    957.858    -0.114
-733.114    957.558    -0.114
-732.845    957.263    -0.114
-732.579    956.972    -0.114
-732.309    956.678    -0.114
-732.035    956.377    -0.114
-731.765    956.082    -0.114
-731.499    955.791    -0.114
-731.220    955.487    -0.114
-730.958    955.201    -0.114
-730.680    954.896    -0.114
-730.414    954.605    -0.113
-730.143    954.311    -0.113
-729.869    954.010    -0.113
-729.603    953.721    -0.113
-729.332    953.426    -0.113
-729.062    953.131    -0.113
-728.791    952.837    -0.113
-728.515    952.537    -0.113
-728.254    952.252    -0.113
-727.974    951.947    -0.113
-727.708    951.658    -0.113
-727.439    951.362    -0.113
-727.164    951.063    -0.113
-726.902    950.777    -0.112
-726.622    950.473    -0.112
-726.355    950.183    -0.112
-726.086    949.888    -0.112
-725.819    949.598    -0.112
-725.549    949.303    -0.112
-725.278    949.008    -0.112
-725.008    948.713    -0.112
-724.735    948.413    -0.112
-724.465    948.117    -0.112
-724.199    947.827    -0.112
-723.928    947.532    -0.112
-723.658    947.237    -0.112
-723.388    946.941    -0.112
-723.118    946.646    -0.111
-722.844    946.346    -0.111
-722.574    946.051    -0.111
-722.308    945.759    -0.111
-722.038    945.465    -0.111
-721.768    945.169    -0.111
-721.494    944.870    -0.111
-721.228    944.579    -0.111
-720.958    944.284    -0.111
-720.684    943.983    -0.111
-720.413    943.687    -0.111
-720.144    943.392    -0.111
-719.874    943.097    -0.111
-719.608    942.808    -0.110
-719.334    942.507    -0.110
-719.063    942.213    -0.110
-718.797    941.922    -0.110
-718.522    941.622    -0.110
-718.252    941.327    -0.110
-717.981    941.032    -0.110
-717.711    940.737    -0.110
-717.445    940.447    -0.110
-717.165    940.142    -0.110
-716.905    939.857    -0.110
-716.626    939.552    -0.110
-716.364    939.267    -0.110
-716.085    938.961    -0.109
-715.823    938.677    -0.109
-715.544    938.372    -0.109
-715.282    938.087    -0.109
-715.012    937.792    -0.109
-714.742    937.496    -0.109
-714.472    937.202    -0.109
-714.202    936.906    -0.109
-713.932    936.611    -0.109
-713.662    936.315    -0.109
-713.388    936.015    -0.109
-713.122    935.725    -0.109
-712.847    935.425    -0.109
-712.581    935.134    -0.109
-712.311    934.839    -0.108
-712.037    934.538    -0.108
-711.772    934.249    -0.108
-711.502    933.953    -0.108
-711.232    933.658    -0.108
-710.957    933.357    -0.108
-710.691    933.067    -0.108
-710.417    932.768    -0.108
-710.151    932.477    -0.108
-709.881    932.182    -0.108
-709.607    931.881    -0.108
-709.337    931.586    -0.108
-709.063    931.285    -0.108
-708.802    931.000    -0.108
-708.523    930.695    -0.107
-708.261    930.410    -0.107
-707.982    930.105    -0.107
-707.720    929.820    -0.107
-707.441    929.515    -0.107
-707.178    929.231    -0.107
-706.899    928.925    -0.107
-706.638    928.641    -0.107
-706.360    928.335    -0.107
-706.097    928.051    -0.107
-705.819    927.747    -0.107
-705.556    927.461    -0.107
-705.277    927.156    -0.107
-705.015    926.871    -0.106
-704.737    926.567    -0.106
-704.474    926.281    -0.106
-704.195    925.976    -0.106
-703.934    925.691    -0.106
-703.655    925.386    -0.106
-703.394    925.100    -0.106
-703.114    924.796    -0.106
-702.852    924.511    -0.106
-702.574    924.206    -0.106
-702.311    923.921    -0.106
-702.032    923.617    -0.106
-701.761    923.322    -0.106
-701.500    923.036    -0.106
-701.222    922.732    -0.105
-700.959    922.447    -0.105
-700.681    922.143    -0.105
-700.418    921.857    -0.105
-700.139    921.552    -0.105
-699.868    921.257    -0.105
-699.607    920.972    -0.105
-699.328    920.667    -0.105
-699.066    920.382    -0.105
-698.787    920.077    -0.105
-698.526    919.792    -0.105
-698.251    919.492    -0.105
-697.981    919.198    -0.105
-697.714    918.907    -0.105
-697.435    918.603    -0.104
-697.173    918.317    -0.104
-696.903    918.022    -0.104
-696.624    917.718    -0.104
-696.362    917.432    -0.104
-696.084    917.128    -0.104
-695.822    916.842    -0.104
-695.547    916.542    -0.104
-695.277    916.247    -0.104
-695.007    915.953    -0.104
-694.737    915.657    -0.104
-694.470    915.367    -0.104
-694.196    915.067    -0.104
-693.925    914.772    -0.104
-693.654    914.476    -0.103
-693.386    914.182    -0.103
-693.119    913.891    -0.103
-692.849    913.596    -0.103
-692.583    913.305    -0.103
-692.308    913.006    -0.103
-692.038    912.711    -0.103
-691.769    912.415    -0.103
-691.499    912.120    -0.103
-691.229    911.824    -0.103
-690.960    911.529    -0.103
-690.690    911.233    -0.103
-690.420    910.938    -0.103
-690.150    910.642    -0.103
-689.885    910.352    -0.102
-689.610    910.051    -0.102
-689.340    909.756    -0.102
-689.071    909.460    -0.102
-688.801    909.165    -0.102
-688.530    908.869    -0.102
-688.261    908.574    -0.102
-687.991    908.278    -0.102
-687.722    907.983    -0.102
-687.448    907.683    -0.102
-687.173    907.382    -0.102
-686.903    907.087    -0.102
-686.633    906.791    -0.102
-686.362    906.497    -0.102
-686.091    906.202    -0.101
-685.820    905.907    -0.101
-685.546    905.609    -0.101
-685.280    905.319    -0.101
-685.013    905.029    -0.101
-684.737    904.730    -0.101
-684.466    904.435    -0.101
-684.195    904.140    -0.101
-683.924    903.846    -0.101
-683.653    903.552    -0.101
-683.382    903.258    -0.101
-683.112    902.963    -0.101
-682.841    902.669    -0.101
-682.570    902.374    -0.101
-682.299    902.080    -0.100
-682.024    901.780    -0.100
-681.760    901.496    -0.100
-681.503    901.215    -0.100
-681.223    900.912    -0.100
-680.952    900.617    -0.100
-680.683    900.322    -0.100
-680.414    900.025    -0.100
-680.148    899.735    -0.100
-679.874    899.435    -0.100
-679.604    899.139    -0.100
-679.339    898.848    -0.100
-679.064    898.548    -0.100
-678.799    898.257    -0.100
-678.525    897.957    -0.099
-678.255    897.662    -0.099
-677.986    897.366    -0.099
-677.716    897.071    -0.099
-677.446    896.774    -0.099
-677.182    896.484    -0.099
-676.908    896.183    -0.099
-676.638    895.888    -0.099
-676.367    895.592    -0.099
-676.093    895.292    -0.099
-675.824    894.996    -0.099
-675.554    894.701    -0.099
-675.285    894.405    -0.099
-675.014    894.110    -0.099
-674.743    893.815    -0.098
-674.473    893.521    -0.098
-674.202    893.225    -0.098
-673.932    892.931    -0.098
-673.661    892.636    -0.098
-673.391    892.341    -0.098
-673.120    892.046    -0.098
-672.850    891.751    -0.098
-672.575    891.451    -0.098
-672.310    891.161    -0.098
-672.039    890.866    -0.098
-671.769    890.571    -0.098
-671.498    890.276    -0.098
-671.227    889.981    -0.098
-670.957    889.686    -0.098
-670.691    889.395    -0.097
-670.420    889.101    -0.097
-670.155    888.810    -0.097
-669.880    888.511    -0.097
-669.611    888.215    -0.097
-669.341    887.920    -0.097
-669.071    887.625    -0.097
-668.801    887.329    -0.097
-668.531    887.034    -0.097
-668.265    886.742    -0.097
-667.995    886.447    -0.097
-667.721    886.147    -0.097
-667.452    885.852    -0.097
-667.182    885.556    -0.097
-666.912    885.261    -0.096
-666.643    884.964    -0.096
-666.373    884.669    -0.096
-666.103    884.373    -0.096
-665.832    884.078    -0.096
-665.567    883.787    -0.096
-665.284    883.478    -0.096
-665.015    883.182    -0.096
-664.747    882.887    -0.096
-664.476    882.591    -0.096
-664.206    882.297    -0.096
-663.930    881.997    -0.096
-663.664    881.706    -0.096
-663.393    881.412    -0.096
-663.122    881.117    -0.095
-662.851    880.823    -0.095
-662.581    880.527    -0.095
-662.310    880.233    -0.095
-662.040    879.938    -0.095
-661.771    879.643    -0.095
-661.500    879.348    -0.095
-661.228    879.053    -0.095
-660.959    878.758    -0.095
-660.688    878.464    -0.095
-660.417    878.169    -0.095
-660.146    877.874    -0.095
-659.876    877.580    -0.095
-659.606    877.284    -0.095
-659.332    876.993    -0.095
-659.059    876.708    -0.094
-658.783    876.419    -0.094
-658.502    876.125    -0.094
-658.229    875.841    -0.094
-657.953    875.550    -0.094
-657.672    875.257    -0.094
-657.407    874.975    -0.094
-657.127    874.672    -0.094
-656.859    874.383    -0.094
-656.587    874.089    -0.094
-656.315    873.796    -0.094
-656.043    873.501    -0.094
-655.766    873.204    -0.094
-655.503    872.920    -0.094
-655.222    872.617    -0.094
-654.952    872.323    -0.093
-654.689    872.038    -0.093
-654.410    871.735    -0.093
-654.138    871.440    -0.093
-653.870    871.152    -0.093
-653.599    870.856    -0.093
-653.323    870.559    -0.093
-653.052    870.264    -0.093
-652.786    869.974    -0.093
-652.512    869.674    -0.093
-652.246    869.383    -0.093
-651.972    869.083    -0.093
-651.706    868.792    -0.093
-651.432    868.492    -0.093
-651.166    868.202    -0.092
-650.892    867.901    -0.092
-650.623    867.606    -0.092
-650.356    867.315    -0.092
-650.082    867.015    -0.092
-649.817    866.725    -0.092
-649.543    866.426    -0.092
-649.276    866.136    -0.092
-649.000    865.836    -0.092
-648.733    865.547    -0.092
-648.466    865.257    -0.092
-648.195    864.964    -0.092
-647.924    864.668    -0.092
-647.654    864.374    -0.092
-647.383    864.079    -0.092
-647.111    863.786    -0.091
-646.840    863.491    -0.091
-646.568    863.197    -0.091
-646.297    862.902    -0.091
-646.026    862.608    -0.091
-645.756    862.313    -0.091
-645.485    862.018    -0.091
-645.215    861.724    -0.091
-644.945    861.428    -0.091
-644.674    861.134    -0.091
-644.409    860.843    -0.091
-644.134    860.544    -0.091
-643.864    860.248    -0.091
-643.593    859.954    -0.091
-643.317    859.654    -0.091
-643.043    859.355    -0.090
-642.772    859.060    -0.090
-642.502    858.764    -0.090
-642.232    858.470    -0.090
-641.961    858.175    -0.090
-641.691    857.880    -0.090
-641.420    857.586    -0.090
-641.150    857.291    -0.090
-640.879    856.995    -0.090
-640.608    856.702    -0.090
-640.338    856.406    -0.090
-640.067    856.112    -0.090
-639.797    855.816    -0.090
-639.527    855.522    -0.090
-639.256    855.226    -0.090
-638.986    854.932    -0.089
-638.715    854.637    -0.089
-638.445    854.342    -0.089
-638.174    854.047    -0.089
-637.904    853.752    -0.089
-637.637    853.461    -0.089
-637.366    853.166    -0.089
-637.097    852.872    -0.089
-636.826    852.577    -0.089
-636.555    852.283    -0.089
-636.285    851.987    -0.089
-636.014    851.693    -0.089
-635.743    851.398    -0.089
-635.468    851.099    -0.089
-635.206    850.813    -0.089
-634.927    850.510    -0.088
-634.662    850.218    -0.088
-634.391    849.924    -0.088
-634.116    849.624    -0.088
-633.850    849.334    -0.088
-633.579    849.039    -0.088
-633.309    848.745    -0.088
-633.038    848.451    -0.088
-632.763    848.151    -0.088
-632.500    847.866    -0.088
-632.231    847.570    -0.088
-631.961    847.275    -0.088
-631.688    846.973    -0.088
-631.418    846.678    -0.088
-631.153    846.387    -0.088
-630.884    846.091    -0.087
-630.614    845.795    -0.087
-630.344    845.500    -0.087
-630.074    845.204    -0.087
-629.804    844.909    -0.087
-629.536    844.612    -0.087
-629.261    844.313    -0.087
-628.996    844.022    -0.087
-628.726    843.727    -0.087
-628.456    843.431    -0.087
-628.181    843.132    -0.087
-627.914    842.842    -0.087
-627.644    842.546    -0.087
-627.370    842.246    -0.087
-627.105    841.955    -0.087
-626.830    841.656    -0.086
-626.560    841.361    -0.086
-626.295    841.070    -0.086
-626.015    840.766    -0.086
-625.754    840.480    -0.086
-625.484    840.184    -0.086
-625.205    839.880    -0.086
-624.943    839.594    -0.086
-624.664    839.290    -0.086
-624.403    839.003    -0.086
-624.125    838.699    -0.086
-623.864    838.412    -0.086
-623.585    838.109    -0.086
-623.323    837.822    -0.086
-623.044    837.518    -0.086
-622.782    837.233    -0.086
-622.504    836.928    -0.085
-622.242    836.642    -0.085
-621.963    836.338    -0.085
-621.702    836.052    -0.085
-621.423    835.747    -0.085
-621.161    835.462    -0.085
-620.891    835.166    -0.085
-620.612    834.863    -0.085
-620.350    834.576    -0.085
-620.079    834.282    -0.085
-619.801    833.977    -0.085
-619.539    833.691    -0.085
-619.260    833.386    -0.085
-618.999    833.101    -0.085
-618.725    832.802    -0.085
-618.454    832.507    -0.084
-618.184    832.212    -0.084
-617.914    831.916    -0.084
-617.648    831.625    -0.084
-617.370    831.320    -0.084
-617.108    831.034    -0.084
-616.830    830.729    -0.084
-616.564    830.438    -0.084
-616.300    830.148    -0.084
-616.029    829.853    -0.084
-615.755    829.552    -0.084
-615.488    829.262    -0.084
-615.218    828.966    -0.084
-614.947    828.672    -0.084
-614.677    828.377    -0.084
-614.402    828.077    -0.083
-614.136    827.787    -0.083
-613.867    827.492    -0.083
-613.596    827.198    -0.083
-613.321    826.898    -0.083
-613.051    826.603    -0.083
-612.785    826.312    -0.083
-612.514    826.018    -0.083
-612.244    825.722    -0.083
-611.973    825.428    -0.083
-611.694    825.123    -0.083
-611.432    824.838    -0.083
-611.163    824.542    -0.083
-610.892    824.248    -0.083
-610.618    823.948    -0.083
-610.347    823.653    -0.083
-610.081    823.362    -0.082
-609.810    823.068    -0.082
-609.536    822.768    -0.082
-609.267    822.473    -0.082
-609.000    822.182    -0.082
-608.731    821.886    -0.082
-608.457    821.586    -0.082
-608.187    821.290    -0.082
-607.921    821.000    -0.082
-607.647    820.699    -0.082
-607.382    820.409    -0.082
-607.107    820.109    -0.082
-606.836    819.814    -0.082
-606.571    819.523    -0.082
-606.296    819.224    -0.082
-606.031    818.932    -0.082
-605.757    818.632    -0.081
-605.487    818.337    -0.081
-605.217    818.042    -0.081
-604.943    817.743    -0.081
-604.673    817.447    -0.081
-604.403    817.152    -0.081
-604.137    816.860    -0.081
-603.861    816.561    -0.081
-603.596    816.271    -0.081
-603.322    815.971    -0.081
-603.052    815.677    -0.081
-602.785    815.386    -0.081
-602.510    815.086    -0.081
-602.240    814.791    -0.081
-601.969    814.496    -0.081
-601.703    814.206    -0.080
-601.429    813.906    -0.080
-601.158    813.612    -0.080
-600.888    813.317    -0.080
-600.618    813.022    -0.080
-600.352    812.731    -0.080
-600.081    812.436    -0.080
-599.811    812.142    -0.080
-599.544    811.851    -0.080
-599.265    811.547    -0.080
-599.003    811.261    -0.080
-598.729    810.962    -0.080
-598.458    810.666    -0.080
-598.193    810.376    -0.080
-597.919    810.075    -0.080
-597.649    809.780    -0.080
-597.383    809.489    -0.079
-597.109    809.189    -0.079
-596.844    808.898    -0.079
-596.569    808.599    -0.079
-596.299    808.303    -0.079
-596.033    808.013    -0.079
-595.758    807.713    -0.079
-595.489    807.418    -0.079
-595.223    807.128    -0.079
-594.948    806.828    -0.079
-594.681    806.538    -0.079
-594.416    806.247    -0.079
-594.141    805.948    -0.079
-593.871    805.652    -0.079
-593.604    805.363    -0.079
-593.334    805.067    -0.079
-593.060    804.768    -0.078
-592.789    804.472    -0.078
-592.524    804.183    -0.078
-592.249    803.882    -0.078
-591.983    803.592    -0.078
-591.708    803.291    -0.078
-591.442    803.001    -0.078
-591.168    802.701    -0.078
-590.898    802.406    -0.078
-590.631    802.115    -0.078
-590.362    801.821    -0.078
-590.087    801.522    -0.078
-589.817    801.226    -0.078
-589.546    800.932    -0.078
-589.276    800.636    -0.078
-589.001    800.337    -0.078
-588.731    800.042    -0.077
-588.456    799.742    -0.077
-588.194    799.456    -0.077
-587.915    799.152    -0.077
-587.649    798.863    -0.077
-587.378    798.568    -0.077
-587.104    798.267    -0.077
-586.837    797.978    -0.077
-586.567    797.684    -0.077
-586.292    797.383    -0.077
-586.021    797.089    -0.077
-585.755    796.799    -0.077
-585.484    796.504    -0.077
-585.209    796.204    -0.077
-584.943    795.915    -0.077
-584.673    795.619    -0.077
-584.398    795.320    -0.076
-584.128    795.024    -0.076
-583.863    794.734    -0.076
-583.593    794.439    -0.076
-583.318    794.138    -0.076
-583.048    793.843    -0.076
-582.778    793.548    -0.076
-582.517    793.261    -0.076
-582.238    792.957    -0.076
-581.968    792.662    -0.076
-581.698    792.367    -0.076
-581.436    792.081    -0.076
-581.158    791.776    -0.076
-580.888    791.481    -0.076
-580.627    791.194    -0.076
-580.357    790.899    -0.076
-580.088    790.603    -0.076
-579.817    790.309    -0.075
-579.547    790.013    -0.075
-579.277    789.718    -0.075
-579.007    789.422    -0.075
-578.737    789.127    -0.075
-578.466    788.831    -0.075
-578.196    788.537    -0.075
-577.926    788.241    -0.075
-577.656    787.946    -0.075
-577.387    787.650    -0.075
-577.120    787.360    -0.075
-576.846    787.061    -0.075
-576.576    786.765    -0.075
-576.305    786.471    -0.075
-576.035    786.175    -0.075
-575.766    785.880    -0.075
-575.494    785.585    -0.074
-575.224    785.290    -0.074
-574.954    784.994    -0.074
-574.681    784.695    -0.074
-574.416    784.403    -0.074
-574.146    784.108    -0.074
-573.875    783.813    -0.074
-573.600    783.514    -0.074
-573.334    783.222    -0.074
-573.063    782.928    -0.074
-572.793    782.632    -0.074
-572.518    782.333    -0.074
-572.253    782.044    -0.074
-571.983    781.748    -0.074
-571.712    781.454    -0.074
-571.442    781.158    -0.074
-571.171    780.864    -0.074
-570.900    780.569    -0.073
-570.630    780.274    -0.073
-570.355    779.975    -0.073
-570.084    779.680    -0.073
-569.817    779.389    -0.073
-569.547    779.095    -0.073
-569.277    778.799    -0.073
-568.998    778.496    -0.073
-568.727    778.201    -0.073
-568.465    777.915    -0.073
-568.186    777.612    -0.073
-567.916    777.316    -0.073
-567.650    777.026    -0.073
-567.380    776.731    -0.073
-567.105    776.431    -0.073
-566.836    776.135    -0.073
-566.575    775.849    -0.072
-566.296    775.544    -0.072
-566.026    775.249    -0.072
-565.765    774.963    -0.072
-565.486    774.658    -0.072
-565.216    774.362    -0.072
-564.946    774.068    -0.072
-564.684    773.781    -0.072
-564.406    773.476    -0.072
-564.137    773.181    -0.072
-563.867    772.886    -0.072
-563.604    772.600    -0.072
-563.334    772.305    -0.072
-563.056    772.001    -0.072
-562.794    771.714    -0.072
-562.521    771.415    -0.072
-562.250    771.119    -0.072
-561.983    770.829    -0.071
-561.710    770.528    -0.071
-561.440    770.234    -0.071
-561.174    769.943    -0.071
-560.899    769.645    -0.071
-560.627    769.350    -0.071
-560.359    769.061    -0.071
-560.089    768.766    -0.071
-559.809    768.462    -0.071
-559.546    768.177    -0.071
-559.271    767.878    -0.071
-559.001    767.585    -0.071
-558.734    767.294    -0.071
-558.458    766.995    -0.071
-558.188    766.701    -0.071
-557.920    766.412    -0.071
-557.645    766.112    -0.071
-557.378    765.823    -0.070
-557.102    765.524    -0.070
-556.835    765.234    -0.070
-556.561    764.935    -0.070
-556.295    764.645    -0.070
-556.024    764.350    -0.070
-555.752    764.057    -0.070
-555.476    763.757    -0.070
-555.205    763.463    -0.070
-554.938    763.174    -0.070
-554.667    762.879    -0.070
-554.396    762.585    -0.070
-554.126    762.291    -0.070
-553.846    761.987    -0.070
-553.583    761.702    -0.070
-553.312    761.408    -0.070
-553.033    761.103    -0.070
-552.770    760.819    -0.069
-552.491    760.515    -0.069
-552.224    760.226    -0.069
-551.953    759.931    -0.069
-551.677    759.631    -0.069
-551.409    759.336    -0.069
-551.147    759.050    -0.069
-550.869    758.746    -0.069
-550.599    758.449    -0.069
-550.337    758.164    -0.069
-550.059    757.858    -0.069
-549.789    757.564    -0.069
-549.519    757.268    -0.069
-549.257    756.982    -0.069
-548.980    756.677    -0.069
-548.710    756.382    -0.069
-548.448    756.095    -0.069
-548.170    755.791    -0.068
-547.900    755.495    -0.068
-547.630    755.200    -0.068
-547.364    754.908    -0.068
-547.094    754.614    -0.068
-546.820    754.313    -0.068
-546.550    754.019    -0.068
-546.289    753.732    -0.068
-546.011    753.428    -0.068
-545.749    753.142    -0.068
-545.471    752.836    -0.068
-545.209    752.551    -0.068
-544.931    752.246    -0.068
-544.669    751.960    -0.068
-544.391    751.655    -0.068
-544.128    751.370    -0.068
-543.850    751.065    -0.068
-543.588    750.780    -0.067
-543.310    750.474    -0.067
-543.048    750.190    -0.067
-542.769    749.885    -0.067
-542.507    749.599    -0.067
-542.228    749.295    -0.067
-541.966    749.009    -0.067
-541.687    748.705    -0.067
-541.425    748.419    -0.067
-541.146    748.116    -0.067
-540.885    747.829    -0.067
-540.614    747.535    -0.067
-540.336    747.230    -0.067
-540.073    746.945    -0.067
-539.800    746.645    -0.067
-539.528    746.350    -0.067
-539.263    746.059    -0.067
-538.983    745.755    -0.066
-538.721    745.469    -0.066
-538.448    745.170    -0.066
-538.178    744.875    -0.066
-537.908    744.580    -0.066
-537.637    744.285    -0.066
-537.370    743.994    -0.066
-537.091    743.691    -0.066
-536.829    743.404    -0.066
-536.550    743.100    -0.066
-536.289    742.814    -0.066
-536.016    742.515    -0.066
-535.750    742.223    -0.066
-535.475    741.923    -0.066
-535.210    741.632    -0.066
-534.936    741.333    -0.066
-534.670    741.042    -0.066
-534.395    740.742    -0.066
-534.129    740.450    -0.065
-533.859    740.156    -0.065
-533.585    739.855    -0.065
-533.320    739.565    -0.065
-533.050    739.269    -0.065
-532.780    738.974    -0.065
-532.506    738.673    -0.065
-532.236    738.378    -0.065
-531.971    738.087    -0.065
-531.700    737.793    -0.065
-531.420    737.490    -0.065
-531.157    737.204    -0.065
-530.882    736.904    -0.065
-530.613    736.609    -0.065
-530.347    736.320    -0.065
-530.067    736.016    -0.065
-529.804    735.731    -0.065
-529.525    735.427    -0.064
-529.262    735.142    -0.064
-528.984    734.837    -0.064
-528.721    734.552    -0.064
-528.442    734.248    -0.064
-528.180    733.963    -0.064
-527.901    733.659    -0.064
-527.630    733.364    -0.064
-527.368    733.079    -0.064
-527.088    732.775    -0.064
-526.826    732.490    -0.064
-526.547    732.186    -0.064
-526.284    731.901    -0.064
-526.005    731.596    -0.064
-525.743    731.312    -0.064
-525.464    731.007    -0.064
-525.193    730.714    -0.064
-524.930    730.428    -0.064
-524.651    730.124    -0.063
-524.388    729.838    -0.063
-524.109    729.535    -0.063
-523.846    729.249    -0.063
-523.567    728.946    -0.063
-523.304    728.661    -0.063
-523.026    728.357    -0.063
-522.763    728.072    -0.063
-522.484    727.768    -0.063
-522.221    727.483    -0.063
-521.942    727.179    -0.063
-521.679    726.894    -0.063
-521.400    726.590    -0.063
-521.133    726.300    -0.063
-520.862    726.005    -0.063
-520.587    725.707    -0.063
-520.325    725.421    -0.063
-520.046    725.118    -0.063
-519.775    724.823    -0.062
-519.514    724.536    -0.062
-519.235    724.232    -0.062
-518.974    723.945    -0.062
-518.696    723.641    -0.062
-518.434    723.354    -0.062
-518.156    723.050    -0.062
-517.895    722.763    -0.062
-517.617    722.459    -0.062
-517.356    722.171    -0.062
-517.078    721.867    -0.062
-516.813    721.576    -0.062
-516.542    721.281    -0.062
-516.268    720.980    -0.062
-516.007    720.694    -0.062
-515.729    720.389    -0.062
-515.467    720.103    -0.062
-515.190    719.798    -0.062
-514.928    719.512    -0.061
-514.650    719.208    -0.061
-514.388    718.921    -0.061
-514.110    718.616    -0.061
-513.850    718.329    -0.061
-513.579    718.034    -0.061
-513.309    717.738    -0.061
-513.036    717.439    -0.061
-512.771    717.147    -0.061
-512.501    716.852    -0.061
-512.232    716.556    -0.061
-511.963    716.260    -0.061
-511.688    715.959    -0.061
-511.423    715.668    -0.061
-511.149    715.367    -0.061
-510.884    715.077    -0.061
-510.615    714.780    -0.061
-510.345    714.485    -0.061
-510.076    714.189    -0.060
-509.798    713.885    -0.060
-509.535    713.599    -0.060
-509.264    713.305    -0.060
-508.992    713.012    -0.060
-508.712    712.708    -0.060
-508.449    712.423    -0.060
-508.169    712.119    -0.060
-507.898    711.826    -0.060
-507.634    711.541    -0.060
-507.356    711.238    -0.060
-507.092    710.953    -0.060
-506.812    710.650    -0.060
-506.541    710.356    -0.060
-506.269    710.062    -0.060
-506.006    709.777    -0.060
-505.726    709.474    -0.060
-505.454    709.181    -0.060
-505.183    708.886    -0.060
-504.921    708.601    -0.059
-504.641    708.298    -0.059
-504.370    708.003    -0.059
-504.104    707.712    -0.059
-503.835    707.416    -0.059
-503.561    707.116    -0.059
-503.295    706.825    -0.059
-503.025    706.529    -0.059
-502.755    706.234    -0.059
-502.485    705.938    -0.059
-502.221    705.648    -0.059
-501.951    705.352    -0.059
-501.681    705.057    -0.059
-501.411    704.761    -0.059
-501.142    704.465    -0.059
-500.872    704.169    -0.059
-500.602    703.874    -0.059
-500.328    703.575    -0.059
-500.058    703.278    -0.058
-499.793    702.988    -0.058
-499.523    702.692    -0.058
-499.253    702.397    -0.058
-498.980    702.096    -0.058
-498.714    701.806    -0.058
-498.444    701.510    -0.058
-498.170    701.210    -0.058
-497.904    700.918    -0.058
-497.634    700.623    -0.058
-497.359    700.324    -0.058
-497.084    700.025    -0.058
-496.810    699.726    -0.058
-496.543    699.436    -0.058
-496.272    699.142    -0.058
-495.997    698.842    -0.058
-495.730    698.553    -0.058
-495.455    698.253    -0.058
-495.189    697.963    -0.058
-494.917    697.668    -0.057
-494.647    697.374    -0.057
-494.368    697.070    -0.057
-494.106    696.785    -0.057
-493.835    696.490    -0.057
-493.564    696.196    -0.057
-493.289    695.896    -0.057
-493.019    695.601    -0.057
-492.752    695.311    -0.057
-492.482    695.016    -0.057
-492.207    694.717    -0.057
-491.942    694.426    -0.057
-491.671    694.132    -0.057
-491.409    693.845    -0.057
-491.143    693.556    -0.057
-490.869    693.255    -0.057
-490.601    692.965    -0.057
-490.332    692.669    -0.057
-490.056    692.371    -0.057
-489.786    692.075    -0.056
-489.521    691.786    -0.056
-489.251    691.491    -0.056
-488.975    691.191    -0.056
-488.705    690.895    -0.056
-488.439    690.606    -0.056
-488.165    690.305    -0.056
-487.899    690.015    -0.056
-487.629    689.719    -0.056
-487.355    689.419    -0.056
-487.085    689.124    -0.056
-486.816    688.828    -0.056
-486.554    688.542    -0.056
-486.276    688.237    -0.056
-486.006    687.942    -0.056
-485.736    687.646    -0.056
-485.465    687.352    -0.056
-485.195    687.056    -0.056
-484.921    686.757    -0.056
-484.651    686.460    -0.055
-484.385    686.170    -0.055
-484.112    685.869    -0.055
-483.842    685.575    -0.055
-483.576    685.283    -0.055
-483.302    684.983    -0.055
-483.037    684.692    -0.055
-482.763    684.393    -0.055
-482.492    684.096    -0.055
-482.227    683.806    -0.055
-481.953    683.507    -0.055
-481.682    683.211    -0.055
-481.418    682.920    -0.055
-481.143    682.620    -0.055
-480.873    682.325    -0.055
-480.607    682.034    -0.055
-480.333    681.734    -0.055
-480.063    681.438    -0.055
-479.798    681.148    -0.055
-479.528    680.852    -0.054
-479.257    680.557    -0.054
-478.988    680.261    -0.054
-478.718    679.966    -0.054
-478.448    679.670    -0.054
-478.174    679.370    -0.054
-477.909    679.080    -0.054
-477.634    678.780    -0.054
-477.368    678.488    -0.054
-477.098    678.193    -0.054
-476.828    677.899    -0.054
-476.553    677.598    -0.054
-476.289    677.309    -0.054
-476.015    677.008    -0.054
-475.748    676.717    -0.054
-475.474    676.417    -0.054
-475.209    676.127    -0.054
-474.938    675.831    -0.054
-474.664    675.531    -0.054
-474.394    675.235    -0.053
-474.129    674.945    -0.053
-473.859    674.649    -0.053
-473.585    674.350    -0.053
-473.314    674.054    -0.053
-473.049    673.764    -0.053
-472.779    673.468    -0.053
-472.508    673.174    -0.053
-472.229    672.870    -0.053
-471.967    672.584    -0.053
-471.688    672.280    -0.053
-471.427    671.993    -0.053
-471.155    671.699    -0.053
-470.878    671.394    -0.053
-470.616    671.109    -0.053
-470.345    670.813    -0.053
-470.067    670.509    -0.053
-469.804    670.223    -0.053
-469.530    669.924    -0.053
-469.260    669.629    -0.053
-468.994    669.338    -0.052
-468.723    669.042    -0.052
-468.453    668.748    -0.052
-468.183    668.452    -0.052
-467.913    668.157    -0.052
-467.642    667.863    -0.052
-467.368    667.563    -0.052
-467.103    667.273    -0.052
-466.831    666.978    -0.052
-466.561    666.683    -0.052
-466.291    666.387    -0.052
-466.020    666.093    -0.052
-465.751    665.797    -0.052
-465.480    665.503    -0.052
-465.206    665.202    -0.052
-464.935    664.908    -0.052
-464.669    664.617    -0.052
-464.398    664.323    -0.052
-464.128    664.027    -0.052
-463.857    663.733    -0.051
-463.587    663.437    -0.051
-463.308    663.133    -0.051
-463.039    662.839    -0.051
-462.772    662.548    -0.051
-462.502    662.253    -0.051
-462.227    661.953    -0.051
-461.957    661.659    -0.051
-461.692    661.368    -0.051
-461.420    661.073    -0.051
-461.146    660.773    -0.051
-460.875    660.479    -0.051
-460.605    660.183    -0.051
-460.343    659.898    -0.051
-460.065    659.593    -0.051
-459.795    659.297    -0.051
-459.524    659.003    -0.051
-459.254    658.708    -0.051
-458.991    658.422    -0.051
-458.713    658.118    -0.051
-458.443    657.823    -0.050
-458.172    657.528    -0.050
-457.912    657.242    -0.050
-457.640    656.947    -0.050
-457.379    656.661    -0.050
-457.100    656.356    -0.050
-456.829    656.062    -0.050
-456.559    655.766    -0.050
-456.289    655.471    -0.050
-456.023    655.180    -0.050
-455.749    654.881    -0.050
-455.480    654.585    -0.050
-455.214    654.295    -0.050
-454.944    653.999    -0.050
-454.669    653.700    -0.050
-454.399    653.404    -0.050
-454.129    653.109    -0.050
-453.859    652.814    -0.050
-453.588    652.519    -0.050
-453.318    652.224    -0.050
-453.048    651.928    -0.049
-452.780    651.632    -0.049
-452.515    651.341    -0.049
-452.242    651.040    -0.049
-451.972    650.744    -0.049
-451.703    650.449    -0.049
-451.433    650.152    -0.049
-451.164    649.856    -0.049
-450.894    649.560    -0.049
-450.625    649.264    -0.049
-450.355    648.968    -0.049
-450.087    648.672    -0.049
-449.817    648.376    -0.049
-449.547    648.081    -0.049
-449.277    647.785    -0.049
-449.008    647.490    -0.049
-448.737    647.194    -0.049
-448.467    646.899    -0.049
-448.198    646.603    -0.049
-447.928    646.307    -0.049
-447.654    646.008    -0.049
-447.390    645.717    -0.048
-447.115    645.417    -0.048
-446.841    645.116    -0.048
-446.575    644.826    -0.048
-446.301    644.526    -0.048
-446.035    644.235    -0.048
-445.761    643.935    -0.048
-445.495    643.644    -0.048
-445.224    643.349    -0.048
-444.950    643.050    -0.048
-444.685    642.759    -0.048
-444.415    642.463    -0.048
-444.141    642.163    -0.048
-443.875    641.873    -0.048
-443.605    641.578    -0.048
-443.331    641.277    -0.048
-443.065    640.987    -0.048
-442.791    640.687    -0.048
-442.525    640.396    -0.048
-442.251    640.095    -0.048
-441.982    639.800    -0.047
-441.716    639.509    -0.047
-441.446    639.215    -0.047
-441.180    638.923    -0.047
-440.905    638.625    -0.047
-440.635    638.328    -0.047
-440.369    638.038    -0.047
-440.091    637.733    -0.047
-439.829    637.447    -0.047
-439.555    637.146    -0.047
-439.286    636.851    -0.047
-439.016    636.556    -0.047
-438.746    636.261    -0.047
-438.480    635.970    -0.047
-438.206    635.670    -0.047
-437.936    635.376    -0.047
-437.665    635.080    -0.047
-437.395    634.784    -0.047
-437.129    634.493    -0.047
-436.856    634.194    -0.047
-436.586    633.898    -0.047
-436.316    633.603    -0.046
-436.050    633.313    -0.046
-435.780    633.018    -0.046
-435.509    632.722    -0.046
-435.235    632.422    -0.046
-434.969    632.130    -0.046
-434.695    631.831    -0.046
-434.430    631.540    -0.046
-434.159    631.246    -0.046
-433.889    630.950    -0.046
-433.619    630.655    -0.046
-433.349    630.360    -0.046
-433.079    630.064    -0.046
-432.808    629.770    -0.046
-432.538    629.474    -0.046
-432.264    629.175    -0.046
-431.998    628.884    -0.046
-431.724    628.585    -0.046
-431.458    628.293    -0.046
-431.188    627.998    -0.046
-430.914    627.698    -0.046
-430.648    627.408    -0.045
-430.378    627.112    -0.045
-430.104    626.813    -0.045
-429.836    626.522    -0.045
-429.562    626.223    -0.045
-429.296    625.932    -0.045
-429.022    625.633    -0.045
-428.755    625.343    -0.045
-428.481    625.043    -0.045
-428.215    624.753    -0.045
-427.944    624.458    -0.045
-427.673    624.164    -0.045
-427.398    623.863    -0.045
-427.127    623.569    -0.045
-426.861    623.279    -0.045
-426.591    622.984    -0.045
-426.321    622.689    -0.045
-426.046    622.390    -0.045
-425.776    622.095    -0.045
-425.509    621.805    -0.045
-425.235    621.505    -0.045
-424.964    621.210    -0.044
-424.694    620.916    -0.044
-424.423    620.620    -0.044
-424.148    620.321    -0.044
-423.886    620.035    -0.044
-423.608    619.731    -0.044
-423.337    619.436    -0.044
-423.075    619.151    -0.044
-422.796    618.846    -0.044
-422.526    618.551    -0.044
-422.260    618.261    -0.044
-421.989    617.967    -0.044
-421.713    617.666    -0.044
-421.443    617.372    -0.044
-421.174    617.076    -0.044
-420.912    616.791    -0.044
-420.633    616.488    -0.044
-420.361    616.192    -0.044
-420.091    615.898    -0.044
-419.829    615.612    -0.044
-419.550    615.308    -0.044
-419.288    615.022    -0.044
-419.017    614.728    -0.043
-418.752    614.437    -0.043
-418.477    614.138    -0.043
-418.210    613.847    -0.043
-417.935    613.548    -0.043
-417.664    613.253    -0.043
-417.394    612.958    -0.043
-417.123    612.663    -0.043
-416.857    612.373    -0.043
-416.584    612.072    -0.043
-416.314    611.778    -0.043
-416.045    611.481    -0.043
-415.775    611.186    -0.043
-415.506    610.890    -0.043
-415.236    610.594    -0.043
-414.966    610.299    -0.043
-414.696    610.003    -0.043
-414.427    609.707    -0.043
-414.162    609.416    -0.043
-413.892    609.121    -0.043
-413.623    608.825    -0.043
-413.349    608.525    -0.043
-413.088    608.238    -0.042
-412.810    607.933    -0.042
-412.540    607.637    -0.042
-412.279    607.351    -0.042
-412.000    607.046    -0.042
-411.736    606.755    -0.042
-411.466    606.459    -0.042
-411.191    606.159    -0.042
-410.927    605.867    -0.042
-410.658    605.572    -0.042
-410.388    605.276    -0.042
-410.115    604.976    -0.042
-409.853    604.690    -0.042
-409.575    604.384    -0.042
-409.305    604.089    -0.042
-409.040    603.798    -0.042
-408.761    603.494    -0.042
-408.487    603.193    -0.042
-408.221    602.902    -0.042
-407.952    602.608    -0.042
-407.677    602.307    -0.042
-407.414    602.022    -0.042
-407.136    601.718    -0.041
-406.865    601.423    -0.041
-406.602    601.138    -0.041
-406.324    600.833    -0.041
-406.057    600.544    -0.041
-405.787    600.249    -0.041
-405.512    599.949    -0.041
-405.250    599.664    -0.041
-404.972    599.358    -0.041
-404.701    599.065    -0.041
-404.438    598.779    -0.041
-404.160    598.475    -0.041
-403.889    598.180    -0.041
-403.627    597.894    -0.041
-403.348    597.590    -0.041
-403.086    597.305    -0.041
-402.808    597.000    -0.041
-402.545    596.715    -0.041
-402.266    596.411    -0.041
-402.004    596.125    -0.041
-401.725    595.820    -0.041
-401.462    595.536    -0.041
-401.184    595.232    -0.040
-400.921    594.946    -0.040
-400.643    594.642    -0.040
-400.382    594.355    -0.040
-400.104    594.051    -0.040
-399.841    593.765    -0.040
-399.563    593.461    -0.040
-399.301    593.174    -0.040
-399.022    592.871    -0.040
-398.760    592.584    -0.040
-398.482    592.280    -0.040
-398.219    591.994    -0.040
-397.949    591.699    -0.040
-397.680    591.403    -0.040
-397.409    591.109    -0.040
-397.139    590.813    -0.040
-396.869    590.518    -0.040
-396.598    590.224    -0.040
-396.328    589.928    -0.040
-396.058    589.633    -0.040
-395.787    589.338    -0.040
-395.513    589.039    -0.040
-395.248    588.748    -0.039
-394.978    588.453    -0.039
-394.707    588.158    -0.039
-394.437    587.863    -0.039
-394.166    587.568    -0.039
-393.896    587.273    -0.039
-393.626    586.977    -0.039
-393.355    586.683    -0.039
-393.085    586.387    -0.039
-392.806    586.083    -0.039
-392.545    585.797    -0.039
-392.267    585.492    -0.039
-392.005    585.207    -0.039
-391.726    584.902    -0.039
-391.463    584.618    -0.039
-391.184    584.313    -0.039
-390.922    584.028    -0.039
-390.643    583.724    -0.039
-390.376    583.434    -0.039
-390.106    583.139    -0.039
-389.832    582.840    -0.039
-389.565    582.549    -0.039
-389.295    582.255    -0.039
-389.020    581.954    -0.038
-388.754    581.665    -0.038
-388.483    581.369    -0.038
-388.212    581.075    -0.038
-387.942    580.780    -0.038
-387.666    580.480    -0.038
-387.405    580.196    -0.038
-387.126    579.891    -0.038
-386.863    579.606    -0.038
-386.585    579.301    -0.038
-386.322    579.017    -0.038
-386.043    578.712    -0.038
-385.781    578.426    -0.038
-385.502    578.122    -0.038
-385.236    577.833    -0.038
-384.964    577.538    -0.038
-384.691    577.238    -0.038
-384.424    576.948    -0.038
-384.154    576.654    -0.038
-383.883    576.359    -0.038
-383.612    576.064    -0.038
-383.337    575.765    -0.038
-383.070    575.474    -0.038
-382.800    575.181    -0.037
-382.524    574.881    -0.037
-382.258    574.592    -0.037
-381.988    574.296    -0.037
-381.713    573.997    -0.037
-381.442    573.702    -0.037
-381.171    573.408    -0.037
-380.904    573.118    -0.037
-380.634    572.823    -0.037
-380.359    572.522    -0.037
-380.088    572.229    -0.037
-379.823    571.939    -0.037
-379.551    571.645    -0.037
-379.277    571.344    -0.037
-379.006    571.050    -0.037
-378.735    570.756    -0.037
-378.473    570.469    -0.037
-378.194    570.166    -0.037
-377.923    569.871    -0.037
-377.653    569.576    -0.037
-377.382    569.281    -0.037
-377.112    568.987    -0.037
-376.837    568.687    -0.037
-376.565    568.393    -0.037
-376.300    568.102    -0.036
-376.024    567.803    -0.036
-375.755    567.507    -0.036
-375.485    567.212    -0.036
-375.219    566.922    -0.036
-374.939    566.617    -0.036
-374.678    566.332    -0.036
-374.409    566.035    -0.036
-374.130    565.733    -0.036
-373.868    565.446    -0.036
-373.594    565.146    -0.036
-373.323    564.850    -0.036
-373.057    564.561    -0.036
-372.783    564.260    -0.036
-372.512    563.965    -0.036
-372.242    563.670    -0.036
-371.972    563.375    -0.036
-371.711    563.089    -0.036
-371.445    562.799    -0.036
-371.170    562.499    -0.036
-370.899    562.205    -0.036
-370.631    561.915    -0.036
-370.356    561.616    -0.036
-370.085    561.322    -0.036
-369.818    561.032    -0.035
-369.543    560.733    -0.035
-369.272    560.439    -0.035
-369.001    560.145    -0.035
-368.735    559.855    -0.035
-368.459    559.556    -0.035
-368.188    559.261    -0.035
-367.921    558.972    -0.035
-367.646    558.672    -0.035
-367.375    558.378    -0.035
-367.109    558.089    -0.035
-366.838    557.795    -0.035
-366.558    557.491    -0.035
-366.295    557.206    -0.035
-366.016    556.903    -0.035
-365.744    556.608    -0.035
-365.473    556.314    -0.035
-365.206    556.023    -0.035
-364.936    555.729    -0.035
-364.662    555.428    -0.035
-364.393    555.133    -0.035
-364.124    554.837    -0.035
-363.858    554.546    -0.035
-363.584    554.245    -0.035
-363.314    553.949    -0.034
-363.045    553.653    -0.034
-362.780    553.363    -0.034
-362.506    553.062    -0.034
-362.236    552.767    -0.034
-361.967    552.471    -0.034
-361.702    552.180    -0.034
-361.428    551.879    -0.034
-361.159    551.583    -0.034
-360.887    551.290    -0.034
-360.619    551.000    -0.034
-360.349    550.707    -0.034
-360.076    550.413    -0.034
-359.805    550.118    -0.034
-359.533    549.824    -0.034
-359.263    549.531    -0.034
-358.991    549.236    -0.034
-358.720    548.943    -0.034
-358.448    548.648    -0.034
-358.176    548.355    -0.034
-357.904    548.061    -0.034
-357.633    547.767    -0.034
-357.361    547.473    -0.034
-357.090    547.179    -0.034
-356.818    546.885    -0.033
-356.547    546.591    -0.033
-356.276    546.297    -0.033
-356.006    546.001    -0.033
-355.731    545.702    -0.033
-355.465    545.411    -0.033
-355.195    545.116    -0.033
-354.925    544.820    -0.033
-354.654    544.526    -0.033
-354.384    544.230    -0.033
-354.115    543.935    -0.033
-353.845    543.640    -0.033
-353.574    543.345    -0.033
-353.304    543.050    -0.033
-353.034    542.755    -0.033
-352.764    542.460    -0.033
-352.493    542.164    -0.033
-352.222    541.870    -0.033
-351.952    541.575    -0.033
-351.681    541.280    -0.033
-351.411    540.985    -0.033
-351.140    540.691    -0.033
-350.870    540.395    -0.033
-350.599    540.101    -0.033
-350.324    539.802    -0.033
-350.057    539.513    -0.032
-349.786    539.217    -0.032
-349.516    538.922    -0.032
-349.245    538.628    -0.032
-348.971    538.329    -0.032
-348.706    538.037    -0.032
-348.436    537.741    -0.032
-348.167    537.446    -0.032
-347.893    537.145    -0.032
-347.628    536.854    -0.032
-347.358    536.558    -0.032
-347.089    536.262    -0.032
-346.819    535.966    -0.032
-346.550    535.670    -0.032
-346.277    535.370    -0.032
-346.012    535.079    -0.032
-345.742    534.782    -0.032
-345.472    534.487    -0.032
-345.203    534.191    -0.032
-344.931    533.898    -0.032
-344.658    533.604    -0.032
-344.381    533.308    -0.032
-344.113    533.019    -0.032
-343.841    532.726    -0.032
-343.568    532.433    -0.032
-343.296    532.140    -0.032
-343.023    531.847    -0.031
-342.750    531.554    -0.031
-342.477    531.262    -0.031
-342.205    530.968    -0.031
-341.932    530.675    -0.031
-341.661    530.380    -0.031
-341.389    530.080    -0.031
-341.124    529.788    -0.031
-340.855    529.492    -0.031
-340.586    529.196    -0.031
-340.312    528.894    -0.031
-340.048    528.604    -0.031
-339.779    528.307    -0.031
-339.510    528.011    -0.031
-339.236    527.710    -0.031
-338.971    527.419    -0.031
-338.703    527.122    -0.031
-338.434    526.826    -0.031
-338.165    526.530    -0.031
-337.895    526.234    -0.031
-337.625    525.938    -0.031
-337.355    525.643    -0.031
-337.085    525.347    -0.031
-336.815    525.052    -0.031
-336.545    524.756    -0.031
-336.276    524.461    -0.030
-336.007    524.165    -0.030
-335.733    523.866    -0.030
-335.467    523.574    -0.030
-335.197    523.279    -0.030
-334.927    522.984    -0.030
-334.657    522.688    -0.030
-334.385    522.395    -0.030
-334.113    522.101    -0.030
-333.841    521.808    -0.030
-333.569    521.513    -0.030
-333.294    521.216    -0.030
-333.030    520.931    -0.030
-332.758    520.638    -0.030
-332.487    520.343    -0.030
-332.215    520.050    -0.030
-331.943    519.756    -0.030
-331.671    519.463    -0.030
-331.403    519.173    -0.030
-331.134    518.878    -0.030
-330.860    518.578    -0.030
-330.590    518.283    -0.030
-330.320    517.988    -0.030
-330.050    517.691    -0.030
-329.780    517.396    -0.030
-329.510    517.100    -0.030
-329.244    516.810    -0.029
-328.970    516.510    -0.029
-328.700    516.215    -0.029
-328.431    515.919    -0.029
-328.161    515.624    -0.029
-327.891    515.328    -0.029
-327.621    515.033    -0.029
-327.352    514.736    -0.029
-327.074    514.432    -0.029
-326.804    514.135    -0.029
-326.543    513.850    -0.029
-326.266    513.545    -0.029
-325.996    513.249    -0.029
-325.726    512.953    -0.029
-325.467    512.666    -0.029
-325.188    512.361    -0.029
-324.919    512.065    -0.029
-324.649    511.770    -0.029
-324.384    511.478    -0.029
-324.114    511.183    -0.029
-323.840    510.882    -0.029
-323.571    510.587    -0.029
-323.305    510.295    -0.029
-323.030    509.995    -0.029
-322.765    509.705    -0.029
-322.491    509.406    -0.029
-322.221    509.109    -0.029
-321.951    508.815    -0.028
-321.689    508.528    -0.028
-321.419    508.233    -0.028
-321.157    507.947    -0.028
-320.878    507.643    -0.028
-320.618    507.356    -0.028
-320.339    507.052    -0.028
-320.077    506.767    -0.028
-319.803    506.466    -0.028
-319.533    506.171    -0.028
-319.263    505.876    -0.028
-318.988    505.577    -0.028
-318.726    505.290    -0.028
-318.448    504.986    -0.028
-318.186    504.699    -0.028
-317.907    504.396    -0.028
-317.646    504.109    -0.028
-317.368    503.804    -0.028
-317.102    503.514    -0.028
-316.831    503.219    -0.028
-316.561    502.923    -0.028
-316.287    502.624    -0.028
-316.012    502.324    -0.028
-315.742    502.029    -0.028
-315.472    501.734    -0.028
-315.202    501.438    -0.028
-314.928    501.140    -0.028
-314.665    500.854    -0.027
-314.386    500.551    -0.027
-314.123    500.265    -0.027
-313.844    499.961    -0.027
-313.581    499.676    -0.027
-313.302    499.372    -0.027
-313.039    499.087    -0.027
-312.760    498.783    -0.027
-312.499    498.497    -0.027
-312.219    498.194    -0.027
-311.957    497.908    -0.027
-311.678    497.604    -0.027
-311.415    497.319    -0.027
-311.136    497.015    -0.027
-310.870    496.724    -0.027
-310.600    496.429    -0.027
-310.334    496.139    -0.027
-310.065    495.843    -0.027
-309.787    495.538    -0.027
-309.525    495.252    -0.027
-309.255    494.957    -0.027
-308.985    494.661    -0.027
-308.711    494.361    -0.027
-308.441    494.065    -0.027
-308.175    493.775    -0.027
-307.904    493.480    -0.027
-307.634    493.185    -0.027
-307.361    492.884    -0.027
-307.096    492.594    -0.026
-306.826    492.299    -0.026
-306.551    491.998    -0.026
-306.281    491.703    -0.026
-306.016    491.412    -0.026
-305.741    491.113    -0.026
-305.471    490.817    -0.026
-305.205    490.527    -0.026
-304.935    490.231    -0.026
-304.665    489.937    -0.026
-304.391    489.636    -0.026
-304.124    489.346    -0.026
-303.854    489.050    -0.026
-303.579    488.751    -0.026
-303.313    488.461    -0.026
-303.043    488.166    -0.026
-302.772    487.871    -0.026
-302.502    487.576    -0.026
-302.227    487.277    -0.026
-301.958    486.982    -0.026
-301.691    486.691    -0.026
-301.420    486.397    -0.026
-301.150    486.102    -0.026
-300.875    485.802    -0.026
-300.609    485.512    -0.026
-300.334    485.212    -0.026
-300.068    484.921    -0.026
-299.797    484.626    -0.026
-299.520    484.322    -0.025
-299.253    484.032    -0.025
-298.983    483.737    -0.025
-298.707    483.437    -0.025
-298.442    483.147    -0.025
-298.171    482.852    -0.025
-297.901    482.557    -0.025
-297.630    482.263    -0.025
-297.356    481.962    -0.025
-297.089    481.673    -0.025
-296.820    481.377    -0.025
-296.545    481.078    -0.025
-296.279    480.788    -0.025
-296.008    480.493    -0.025
-295.733    480.193    -0.025
-295.467    479.903    -0.025
-295.196    479.608    -0.025
-294.922    479.308    -0.025
-294.655    479.018    -0.025
-294.385    478.724    -0.025
-294.111    478.423    -0.025
-293.848    478.138    -0.025
-293.570    477.834    -0.025
-293.307    477.549    -0.025
-293.032    477.250    -0.025
-292.762    476.954    -0.025
-292.495    476.665    -0.025
-292.221    476.364    -0.025
-291.950    476.070    -0.025
-291.682    475.773    -0.024
-291.413    475.477    -0.024
-291.147    475.186    -0.024
-290.874    474.885    -0.024
-290.605    474.589    -0.024
-290.335    474.293    -0.024
-290.066    473.997    -0.024
-289.797    473.701    -0.024
-289.527    473.405    -0.024
-289.258    473.109    -0.024
-288.990    472.813    -0.024
-288.720    472.517    -0.024
-288.455    472.226    -0.024
-288.182    471.925    -0.024
-287.916    471.634    -0.024
-287.647    471.337    -0.024
-287.373    471.038    -0.024
-287.106    470.748    -0.024
-286.836    470.453    -0.024
-286.566    470.158    -0.024
-286.296    469.863    -0.024
-286.026    469.567    -0.024
-285.755    469.273    -0.024
-285.485    468.977    -0.024
-285.210    468.678    -0.024
-284.945    468.387    -0.024
-284.675    468.092    -0.024
-284.400    467.792    -0.024
-284.133    467.502    -0.024
-283.864    467.206    -0.023
-283.594    466.911    -0.023
-283.319    466.612    -0.023
-283.052    466.322    -0.023
-282.777    466.023    -0.023
-282.506    465.728    -0.023
-282.234    465.435    -0.023
-281.963    465.140    -0.023
-281.691    464.846    -0.023
-281.420    464.552    -0.023
-281.150    464.258    -0.023
-280.878    463.963    -0.023
-280.607    463.670    -0.023
-280.335    463.375    -0.023
-280.064    463.082    -0.023
-279.792    462.787    -0.023
-279.521    462.493    -0.023
-279.249    462.200    -0.023
-278.975    461.900    -0.023
-278.714    461.614    -0.023
-278.436    461.308    -0.023
-278.171    461.017    -0.023
-277.902    460.721    -0.023
-277.632    460.426    -0.023
-277.363    460.129    -0.023
-277.097    459.839    -0.023
-276.823    459.537    -0.023
-276.554    459.242    -0.023
-276.289    458.950    -0.023
-276.012    458.646    -0.023
-275.751    458.358    -0.022
-275.477    458.058    -0.022
-275.207    457.761    -0.022
-274.936    457.468    -0.022
-274.666    457.173    -0.022
-274.395    456.879    -0.022
-274.123    456.584    -0.022
-273.852    456.289    -0.022
-273.582    455.995    -0.022
-273.311    455.700    -0.022
-273.040    455.407    -0.022
-272.769    455.112    -0.022
-272.498    454.818    -0.022
-272.231    454.528    -0.022
-271.952    454.224    -0.022
-271.689    453.939    -0.022
-271.411    453.634    -0.022
-271.150    453.347    -0.022
-270.881    453.052    -0.022
-270.603    452.747    -0.022
-270.342    452.460    -0.022
-270.072    452.164    -0.022
-269.794    451.860    -0.022
-269.532    451.574    -0.022
-269.259    451.273    -0.022
-268.989    450.978    -0.022
-268.723    450.686    -0.022
-268.449    450.387    -0.022
-268.180    450.091    -0.022
-267.915    449.800    -0.022
-267.636    449.495    -0.022
-267.374    449.210    -0.021
-267.099    448.910    -0.021
-266.829    448.615    -0.021
-266.562    448.324    -0.021
-266.288    448.026    -0.021
-266.021    447.735    -0.021
-265.747    447.436    -0.021
-265.481    447.144    -0.021
-265.206    446.846    -0.021
-264.940    446.557    -0.021
-264.665    446.256    -0.021
-264.398    445.966    -0.021
-264.123    445.666    -0.021
-263.857    445.377    -0.021
-263.582    445.077    -0.021
-263.312    444.782    -0.021
-263.046    444.492    -0.021
-262.772    444.192    -0.021
-262.501    443.897    -0.021
-262.235    443.607    -0.021
-261.956    443.303    -0.021
-261.694    443.017    -0.021
-261.423    442.722    -0.021
-261.144    442.418    -0.021
-260.882    442.132    -0.021
-260.613    441.837    -0.021
-260.342    441.543    -0.021
-260.072    441.247    -0.021
-259.801    440.953    -0.021
-259.531    440.657    -0.021
-259.261    440.362    -0.021
-258.990    440.067    -0.020
-258.719    439.772    -0.020
-258.445    439.472    -0.020
-258.178    439.183    -0.020
-257.909    438.887    -0.020
-257.640    438.592    -0.020
-257.369    438.296    -0.020
-257.100    438.001    -0.020
-256.830    437.704    -0.020
-256.556    437.405    -0.020
-256.286    437.108    -0.020
-256.021    436.818    -0.020
-255.751    436.523    -0.020
-255.481    436.227    -0.020
-255.212    435.932    -0.020
-254.943    435.635    -0.020
-254.673    435.340    -0.020
-254.398    435.040    -0.020
-254.133    434.750    -0.020
-253.862    434.455    -0.020
-253.592    434.160    -0.020
-253.322    433.864    -0.020
-253.052    433.569    -0.020
-252.777    433.269    -0.020
-252.511    432.979    -0.020
-252.241    432.683    -0.020
-251.970    432.388    -0.020
-251.700    432.093    -0.020
-251.425    431.794    -0.020
-251.159    431.504    -0.020
-250.889    431.208    -0.020
-250.614    430.909    -0.020
-250.343    430.613    -0.019
-250.070    430.315    -0.019
-249.800    430.019    -0.019
-249.533    429.730    -0.019
-249.262    429.434    -0.019
-248.987    429.136    -0.019
-248.716    428.841    -0.019
-248.450    428.551    -0.019
-248.174    428.251    -0.019
-247.903    427.957    -0.019
-247.637    427.666    -0.019
-247.363    427.368    -0.019
-247.092    427.074    -0.019
-246.825    426.783    -0.019
-246.550    426.484    -0.019
-246.280    426.188    -0.019
-246.014    425.898    -0.019
-245.740    425.598    -0.019
-245.469    425.304    -0.019
-245.203    425.012    -0.019
-244.934    424.718    -0.019
-244.664    424.422    -0.019
-244.397    424.132    -0.019
-244.123    423.831    -0.019
-243.857    423.542    -0.019
-243.583    423.241    -0.019
-243.312    422.946    -0.019
-243.047    422.655    -0.019
-242.772    422.356    -0.019
-242.502    422.060    -0.019
-242.236    421.771    -0.019
-241.961    421.471    -0.019
-241.691    421.176    -0.019
-241.424    420.887    -0.018
-241.145    420.582    -0.018
-240.883    420.297    -0.018
-240.612    420.001    -0.018
-240.333    419.698    -0.018
-240.071    419.412    -0.018
-239.801    419.117    -0.018
-239.522    418.813    -0.018
-239.260    418.527    -0.018
-238.981    418.223    -0.018
-238.711    417.928    -0.018
-238.449    417.641    -0.018
-238.171    417.337    -0.018
-237.901    417.042    -0.018
-237.639    416.756    -0.018
-237.361    416.451    -0.018
-237.092    416.155    -0.018
-236.831    415.869    -0.018
-236.553    415.564    -0.018
-236.282    415.269    -0.018
-236.021    414.982    -0.018
-235.742    414.679    -0.018
-235.471    414.384    -0.018
-235.204    414.093    -0.018
-234.934    413.798    -0.018
-234.660    413.499    -0.018
-234.394    413.208    -0.018
-234.123    412.914    -0.018
-233.848    412.614    -0.018
-233.582    412.324    -0.018
-233.311    412.029    -0.018
-233.040    411.734    -0.018
-232.770    411.440    -0.018
-232.504    411.149    -0.018
-232.225    410.846    -0.017
-231.959    410.554    -0.017
-231.689    410.260    -0.017
-231.418    409.965    -0.017
-231.148    409.670    -0.017
-230.874    409.370    -0.017
-230.611    409.085    -0.017
-230.332    408.780    -0.017
-230.070    408.495    -0.017
-229.792    408.190    -0.017
-229.525    407.900    -0.017
-229.255    407.604    -0.017
-228.981    407.306    -0.017
-228.719    407.019    -0.017
-228.440    406.716    -0.017
-228.174    406.426    -0.017
-227.903    406.130    -0.017
-227.637    405.840    -0.017
-227.358    405.536    -0.017
-227.096    405.250    -0.017
-226.822    404.950    -0.017
-226.551    404.655    -0.017
-226.286    404.364    -0.017
-226.007    404.061    -0.017
-225.745    403.774    -0.017
-225.466    403.470    -0.017
-225.205    403.183    -0.017
-224.927    402.879    -0.017
-224.665    402.593    -0.017
-224.390    402.293    -0.017
-224.121    401.998    -0.017
-223.847    401.698    -0.017
-223.585    401.413    -0.017
-223.306    401.108    -0.017
-223.044    400.823    -0.017
-222.774    400.527    -0.017
-222.503    400.233    -0.016
-222.233    399.936    -0.016
-221.963    399.641    -0.016
-221.694    399.346    -0.016
-221.424    399.050    -0.016
-221.154    398.755    -0.016
-220.879    398.455    -0.016
-220.613    398.165    -0.016
-220.343    397.870    -0.016
-220.073    397.574    -0.016
-219.802    397.280    -0.016
-219.532    396.984    -0.016
-219.262    396.689    -0.016
-218.993    396.395    -0.016
-218.722    396.099    -0.016
-218.452    395.804    -0.016
-218.182    395.508    -0.016
-217.903    395.205    -0.016
-217.641    394.918    -0.016
-217.371    394.623    -0.016
-217.101    394.327    -0.016
-216.822    394.024    -0.016
-216.560    393.737    -0.016
-216.287    393.438    -0.016
-216.017    393.142    -0.016
-215.750    392.852    -0.016
-215.472    392.547    -0.016
-215.210    392.261    -0.016
-214.931    391.956    -0.016
-214.669    391.671    -0.016
-214.391    391.367    -0.016
-214.129    391.080    -0.016
-213.849    390.777    -0.016
-213.589    390.490    -0.016
-213.314    390.192    -0.016
-213.044    389.896    -0.016
-212.773    389.602    -0.015
-212.503    389.306    -0.015
-212.233    389.011    -0.015
-211.962    388.716    -0.015
-211.688    388.416    -0.015
-211.421    388.125    -0.015
-211.152    387.831    -0.015
-210.878    387.530    -0.015
-210.611    387.241    -0.015
-210.341    386.945    -0.015
-210.066    386.646    -0.015
-209.804    386.360    -0.015
-209.525    386.056    -0.015
-209.259    385.767    -0.015
-208.988    385.471    -0.015
-208.713    385.172    -0.015
-208.448    384.881    -0.015
-208.177    384.587    -0.015
-207.902    384.287    -0.015
-207.640    384.002    -0.015
-207.361    383.697    -0.015
-207.090    383.403    -0.015
-206.828    383.117    -0.015
-206.549    382.813    -0.015
-206.279    382.517    -0.015
-206.008    382.223    -0.015
-205.747    381.937    -0.015
-205.468    381.633    -0.015
-205.198    381.338    -0.015
-204.928    381.042    -0.015
-204.666    380.757    -0.015
-204.387    380.452    -0.015
-204.117    380.158    -0.015
-203.851    379.867    -0.015
-203.580    379.572    -0.015
-203.306    379.272    -0.015
-203.036    378.978    -0.015
-202.774    378.691    -0.014
-202.495    378.387    -0.014
-202.225    378.092    -0.014
-201.955    377.797    -0.014
-201.693    377.510    -0.014
-201.415    377.206    -0.014
-201.145    376.910    -0.014
-200.884    376.625    -0.014
-200.614    376.328    -0.014
-200.344    376.033    -0.014
-200.074    375.739    -0.014
-199.804    375.442    -0.014
-199.534    375.147    -0.014
-199.264    374.852    -0.014
-198.993    374.557    -0.014
-198.723    374.262    -0.014
-198.453    373.966    -0.014
-198.180    373.666    -0.014
-197.914    373.376    -0.014
-197.644    373.080    -0.014
-197.374    372.785    -0.014
-197.104    372.489    -0.014
-196.829    372.190    -0.014
-196.562    371.900    -0.014
-196.291    371.605    -0.014
-196.017    371.306    -0.014
-195.750    371.016    -0.014
-195.481    370.721    -0.014
-195.206    370.421    -0.014
-194.935    370.127    -0.014
-194.669    369.836    -0.014
-194.390    369.532    -0.014
-194.127    369.247    -0.014
-193.857    368.952    -0.014
-193.578    368.647    -0.014
-193.315    368.363    -0.014
-193.046    368.067    -0.014
-192.771    367.769    -0.014
-192.500    367.474    -0.014
-192.233    367.184    -0.013
-191.958    366.884    -0.013
-191.687    366.590    -0.013
-191.420    366.300    -0.013
-191.145    366.001    -0.013
-190.874    365.707    -0.013
-190.603    365.412    -0.013
-190.333    365.118    -0.013
-190.066    364.827    -0.013
-189.791    364.529    -0.013
-189.524    364.239    -0.013
-189.249    363.939    -0.013
-188.982    363.649    -0.013
-188.707    363.350    -0.013
-188.441    363.060    -0.013
-188.166    362.761    -0.013
-187.900    362.470    -0.013
-187.629    362.175    -0.013
-187.355    361.877    -0.013
-187.088    361.586    -0.013
-186.818    361.292    -0.013
-186.547    360.996    -0.013
-186.272    360.697    -0.013
-186.001    360.402    -0.013
-185.735    360.112    -0.013
-185.465    359.817    -0.013
-185.187    359.513    -0.013
-184.925    359.226    -0.013
-184.655    358.931    -0.013
-184.382    358.630    -0.013
-184.112    358.335    -0.013
-183.846    358.044    -0.013
-183.568    357.739    -0.013
-183.306    357.452    -0.013
-183.037    357.157    -0.013
-182.759    356.852    -0.013
-182.498    356.566    -0.013
-182.224    356.266    -0.013
-181.955    355.970    -0.013
-181.689    355.679    -0.013
-181.419    355.383    -0.013
-181.144    355.084    -0.012
-180.874    354.789    -0.012
-180.607    354.499    -0.012
-180.333    354.199    -0.012
-180.063    353.905    -0.012
-179.792    353.609    -0.012
-179.522    353.315    -0.012
-179.251    353.019    -0.012
-178.981    352.725    -0.012
-178.710    352.429    -0.012
-178.440    352.135    -0.012
-178.169    351.839    -0.012
-177.895    351.541    -0.012
-177.628    351.250    -0.012
-177.359    350.955    -0.012
-177.084    350.656    -0.012
-176.818    350.365    -0.012
-176.543    350.065    -0.012
-176.277    349.775    -0.012
-176.002    349.476    -0.012
-175.736    349.185    -0.012
-175.460    348.886    -0.012
-175.195    348.595    -0.012
-174.920    348.297    -0.012
-174.654    348.005    -0.012
-174.379    347.706    -0.012
-174.113    347.415    -0.012
-173.843    347.121    -0.012
-173.568    346.822    -0.012
-173.306    346.535    -0.012
-173.035    346.241    -0.012
-172.769    345.950    -0.012
-172.500    345.656    -0.012
-172.229    345.360    -0.012
-171.955    345.061    -0.012
-171.692    344.775    -0.012
-171.413    344.471    -0.012
-171.151    344.185    -0.012
-170.872    343.881    -0.012
-170.606    343.591    -0.012
-170.335    343.296    -0.012
-170.065    343.001    -0.012
-169.791    342.702    -0.011
-169.529    342.415    -0.011
-169.250    342.112    -0.011
-168.984    341.820    -0.011
-168.713    341.526    -0.011
-168.439    341.227    -0.011
-168.172    340.936    -0.011
-167.902    340.641    -0.011
-167.627    340.341    -0.011
-167.357    340.046    -0.011
-167.075    339.738    -0.011
-166.805    339.443    -0.011
-166.538    339.152    -0.011
-166.268    338.857    -0.011
-165.997    338.562    -0.011
-165.718    338.258    -0.011
-165.456    337.972    -0.011
-165.186    337.677    -0.011
-164.911    337.379    -0.011
-164.640    337.082    -0.011
-164.376    336.793    -0.011
-164.100    336.493    -0.011
-163.834    336.202    -0.011
-163.561    335.902    -0.011
-163.291    335.607    -0.011
-163.025    335.315    -0.011
-162.750    335.016    -0.011
-162.480    334.721    -0.011
-162.214    334.431    -0.011
-161.953    334.144    -0.011
-161.683    333.849    -0.011
-161.413    333.553    -0.011
-161.143    333.258    -0.011
-160.873    332.962    -0.011
-160.598    332.663    -0.011
-160.333    332.372    -0.011
-160.062    332.078    -0.011
-159.792    331.782    -0.011
-159.522    331.487    -0.011
-159.252    331.193    -0.011
-158.982    330.897    -0.011
-158.708    330.597    -0.011
-158.437    330.302    -0.011
-158.171    330.012    -0.011
-157.901    329.716    -0.011
-157.631    329.421    -0.010
-157.361    329.125    -0.010
-157.091    328.830    -0.010
-156.816    328.530    -0.010
-156.552    328.240    -0.010
-156.282    327.944    -0.010
-156.012    327.649    -0.010
-155.741    327.354    -0.010
-155.470    327.059    -0.010
-155.201    326.763    -0.010
-154.930    326.468    -0.010
-154.660    326.173    -0.010
-154.390    325.878    -0.010
-154.120    325.583    -0.010
-153.850    325.287    -0.010
-153.581    324.992    -0.010
-153.310    324.696    -0.010
-153.040    324.402    -0.010
-152.766    324.101    -0.010
-152.496    323.806    -0.010
-152.229    323.515    -0.010
-151.959    323.220    -0.010
-151.689    322.925    -0.010
-151.420    322.630    -0.010
-151.149    322.334    -0.010
-150.879    322.039    -0.010
-150.604    321.739    -0.010
-150.334    321.445    -0.010
-150.068    321.153    -0.010
-149.797    320.859    -0.010
-149.523    320.560    -0.010
-149.252    320.265    -0.010
-148.987    319.974    -0.010
-148.712    319.675    -0.010
-148.446    319.385    -0.010
-148.171    319.085    -0.010
-147.901    318.790    -0.010
-147.634    318.500    -0.010
-147.360    318.200    -0.010
-147.093    317.909    -0.010
-146.819    317.610    -0.010
-146.553    317.319    -0.010
-146.283    317.025    -0.010
-146.005    316.719    -0.010
-145.742    316.435    -0.010
-145.472    316.139    -0.010
-145.193    315.835    -0.009
-144.923    315.541    -0.009
-144.656    315.250    -0.009
-144.381    314.950    -0.009
-144.115    314.660    -0.009
-143.841    314.361    -0.009
-143.571    314.065    -0.009
-143.301    313.771    -0.009
-143.034    313.480    -0.009
-142.759    313.180    -0.009
-142.493    312.889    -0.009
-142.219    312.591    -0.009
-141.949    312.295    -0.009
-141.678    312.001    -0.009
-141.412    311.709    -0.009
-141.137    311.410    -0.009
-140.867    311.116    -0.009
-140.597    310.820    -0.009
-140.327    310.525    -0.009
-140.056    310.230    -0.009
-139.795    309.944    -0.009
-139.528    309.654    -0.009
-139.255    309.354    -0.009
-138.984    309.059    -0.009
-138.714    308.764    -0.009
-138.448    308.473    -0.009
-138.178    308.178    -0.009
-137.903    307.878    -0.009
-137.633    307.584    -0.009
-137.363    307.287    -0.009
-137.092    306.993    -0.009
-136.826    306.702    -0.009
-136.552    306.403    -0.009
-136.286    306.112    -0.009
-136.012    305.812    -0.009
-135.742    305.517    -0.009
-135.471    305.222    -0.009
-135.205    304.932    -0.009
-134.931    304.632    -0.009
-134.661    304.337    -0.009
-134.390    304.042    -0.009
-134.120    303.747    -0.009
-133.841    303.442    -0.009
-133.571    303.147    -0.009
-133.310    302.861    -0.009
-133.031    302.558    -0.009
-132.761    302.261    -0.009
-132.495    301.971    -0.009
-132.225    301.675    -0.009
-131.951    301.376    -0.009
-131.685    301.085    -0.008
-131.414    300.789    -0.008
-131.140    300.491    -0.008
-130.870    300.195    -0.008
-130.609    299.909    -0.008
-130.331    299.604    -0.008
-130.061    299.309    -0.008
-129.795    299.018    -0.008
-129.520    298.718    -0.008
-129.254    298.427    -0.008
-128.980    298.128    -0.008
-128.714    297.836    -0.008
-128.448    297.546    -0.008
-128.183    297.255    -0.008
-127.909    296.956    -0.008
-127.639    296.660    -0.008
-127.369    296.365    -0.008
-127.099    296.069    -0.008
-126.837    295.783    -0.008
-126.558    295.480    -0.008
-126.288    295.183    -0.008
-126.018    294.889    -0.008
-125.748    294.593    -0.008
-125.479    294.297    -0.008
-125.213    294.006    -0.008
-124.939    293.707    -0.008
-124.668    293.412    -0.008
-124.398    293.117    -0.008
-124.128    292.821    -0.008
-123.858    292.526    -0.008
-123.588    292.230    -0.008
-123.310    291.926    -0.008
-123.040    291.630    -0.008
-122.771    291.335    -0.008
-122.509    291.049    -0.008
-122.230    290.745    -0.008
-121.960    290.450    -0.008
-121.690    290.154    -0.008
-121.428    289.869    -0.008
-121.150    289.564    -0.008
-120.880    289.268    -0.008
-120.614    288.977    -0.008
-120.343    288.683    -0.008
-120.070    288.382    -0.008
-119.804    288.092    -0.008
-119.534    287.796    -0.008
-119.260    287.497    -0.008
-118.989    287.201    -0.008
-118.723    286.911    -0.008
-118.453    286.615    -0.008
-118.179    286.316    -0.008
-117.921    286.033    -0.008
-117.652    285.738    -0.008
-117.378    285.438    -0.007
-117.108    285.143    -0.007
-116.838    284.847    -0.007
-116.576    284.562    -0.007
-116.298    284.257    -0.007
-116.027    283.962    -0.007
-115.756    283.668    -0.007
-115.489    283.378    -0.007
-115.214    283.080    -0.007
-114.944    282.785    -0.007
-114.677    282.495    -0.007
-114.402    282.195    -0.007
-114.135    281.906    -0.007
-113.859    281.607    -0.007
-113.588    281.313    -0.007
-113.317    281.018    -0.007
-113.051    280.729    -0.007
-112.780    280.434    -0.007
-112.501    280.130    -0.007
-112.230    279.836    -0.007
-111.955    279.536    -0.007
-111.685    279.241    -0.007
-111.415    278.945    -0.007
-111.145    278.650    -0.007
-110.875    278.355    -0.007
-110.604    278.060    -0.007
-110.334    277.764    -0.007
-110.064    277.470    -0.007
-109.795    277.174    -0.007
-109.525    276.879    -0.007
-109.259    276.588    -0.007
-108.984    276.288    -0.007
-108.714    275.992    -0.007
-108.444    275.697    -0.007
-108.174    275.402    -0.007
-107.903    275.107    -0.007
-107.633    274.812    -0.007
-107.363    274.516    -0.007
-107.094    274.221    -0.007
-106.829    273.930    -0.007
-106.554    273.631    -0.007
-106.288    273.340    -0.007
-106.018    273.045    -0.007
-105.744    272.745    -0.007
-105.478    272.454    -0.007
-105.208    272.158    -0.007
-104.937    271.864    -0.007
-104.663    271.563    -0.007
-104.398    271.273    -0.007
-104.124    270.973    -0.007
-103.858    270.682    -0.007
-103.584    270.381    -0.007
-103.314    270.086    -0.007
-103.048    269.797    -0.007
-102.777    269.501    -0.007
-102.503    269.202    -0.007
-102.232    268.906    -0.007
-101.967    268.616    -0.006
-101.697    268.321    -0.006
-101.422    268.022    -0.006
-101.160    267.735    -0.006
-100.894    267.445    -0.006
-100.624    267.150    -0.006
-100.353    266.855    -0.006
-100.079    266.555    -0.006
-99.812    266.265    -0.006
-99.543    265.969    -0.006
-99.268    265.670    -0.006
-99.006    265.384    -0.006
-98.728    265.079    -0.006
-98.457    264.784    -0.006
-98.191    264.494    -0.006
-97.920    264.200    -0.006
-97.649    263.905    -0.006
-97.375    263.606    -0.006
-97.109    263.315    -0.006
-96.838    263.021    -0.006
-96.563    262.721    -0.006
-96.293    262.427    -0.006
-96.026    262.136    -0.006
-95.756    261.842    -0.006
-95.472    261.533    -0.006
-95.210    261.247    -0.006
-94.931    260.943    -0.006
-94.664    260.654    -0.006
-94.394    260.359    -0.006
-94.119    260.060    -0.006
-93.852    259.770    -0.006
-93.582    259.475    -0.006
-93.307    259.176    -0.006
-93.044    258.890    -0.006
-92.765    258.586    -0.006
-92.503    258.300    -0.006
-92.224    257.997    -0.006
-91.958    257.706    -0.006
-91.687    257.412    -0.006
-91.412    257.112    -0.006
-91.150    256.827    -0.006
-90.871    256.522    -0.006
-90.600    256.228    -0.006
-90.338    255.942    -0.006
-90.059    255.638    -0.006
-89.788    255.345    -0.006
-89.518    255.049    -0.006
-89.247    254.755    -0.006
-88.977    254.460    -0.006
-88.705    254.165    -0.006
-88.435    253.870    -0.006
-88.165    253.576    -0.006
-87.894    253.281    -0.006
-87.623    252.987    -0.006
-87.352    252.692    -0.006
-87.082    252.397    -0.006
-86.815    252.106    -0.006
-86.540    251.807    -0.006
-86.269    251.512    -0.006
-85.999    251.217    -0.006
-85.728    250.923    -0.006
-85.457    250.628    -0.006
-85.187    250.334    -0.005
-84.912    250.034    -0.005
-84.646    249.745    -0.005
-84.379    249.454    -0.005
-84.109    249.160    -0.005
-83.838    248.865    -0.005
-83.568    248.570    -0.005
-83.297    248.275    -0.005
-83.026    247.981    -0.005
-82.755    247.686    -0.005
-82.485    247.392    -0.005
-82.214    247.096    -0.005
-81.943    246.802    -0.005
-81.672    246.507    -0.005
-81.402    246.212    -0.005
-81.132    245.918    -0.005
-80.856    245.618    -0.005
-80.590    245.328    -0.005
-80.321    245.032    -0.005
-80.052    244.736    -0.005
-79.783    244.439    -0.005
-79.514    244.144    -0.005
-79.245    243.847    -0.005
-78.980    243.556    -0.005
-78.707    243.254    -0.005
-78.442    242.964    -0.005
-78.169    242.662    -0.005
-77.903    242.371    -0.005
-77.630    242.070    -0.005
-77.365    241.779    -0.005
-77.091    241.478    -0.005
-76.821    241.183    -0.005
-76.555    240.893    -0.005
-76.285    240.599    -0.005
-76.006    240.295    -0.005
-75.744    240.009    -0.005
-75.473    239.714    -0.005
-75.198    239.414    -0.005
-74.927    239.119    -0.005
-74.661    238.829    -0.005
-74.391    238.534    -0.005
-74.117    238.234    -0.005
-73.846    237.940    -0.005
-73.571    237.640    -0.005
-73.301    237.346    -0.005
-73.038    237.060    -0.005
-72.759    236.756    -0.005
-72.489    236.461    -0.005
-72.218    236.167    -0.005
-71.956    235.880    -0.005
-71.677    235.577    -0.005
-71.406    235.283    -0.005
-71.139    234.992    -0.005
-70.869    234.697    -0.005
-70.595    234.397    -0.005
-70.325    234.103    -0.005
-70.062    233.817    -0.005
-69.784    233.513    -0.005
-69.513    233.218    -0.005
-69.243    232.923    -0.005
-68.976    232.632    -0.005
-68.706    232.338    -0.005
-68.431    232.038    -0.005
-68.161    231.743    -0.005
-67.899    231.457    -0.005
-67.629    231.163    -0.005
-67.358    230.867    -0.005
-67.088    230.572    -0.005
-66.813    230.273    -0.005
-66.543    229.977    -0.005
-66.277    229.688    -0.004
-66.006    229.393    -0.004
-65.736    229.098    -0.004
-65.461    228.798    -0.004
-65.191    228.503    -0.004
-64.925    228.212    -0.004
-64.654    227.918    -0.004
-64.380    227.618    -0.004
-64.110    227.324    -0.004
-63.843    227.032    -0.004
-63.573    226.738    -0.004
-63.302    226.442    -0.004
-63.028    226.143    -0.004
-62.762    225.853    -0.004
-62.488    225.553    -0.004
-62.217    225.258    -0.004
-61.947    224.963    -0.004
-61.677    224.668    -0.004
-61.411    224.377    -0.004
-61.138    224.076    -0.004
-60.868    223.780    -0.004
-60.598    223.485    -0.004
-60.329    223.189    -0.004
-60.059    222.894    -0.004
-59.789    222.598    -0.004
-59.519    222.303    -0.004
-59.249    222.007    -0.004
-58.979    221.712    -0.004
-58.710    221.416    -0.004
-58.440    221.121    -0.004
-58.170    220.825    -0.004
-57.900    220.530    -0.004
-57.630    220.234    -0.004
-57.365    219.944    -0.004
-57.087    219.639    -0.004
-56.817    219.343    -0.004
-56.547    219.049    -0.004
-56.277    218.753    -0.004
-56.002    218.454    -0.004
-55.736    218.162    -0.004
-55.465    217.868    -0.004
-55.195    217.572    -0.004
-54.925    217.278    -0.004
-54.654    216.982    -0.004
-54.380    216.683    -0.004
-54.114    216.393    -0.004
-53.840    216.093    -0.004
-53.573    215.802    -0.004
-53.303    215.507    -0.004
-53.033    215.212    -0.004
-52.762    214.917    -0.004
-52.488    214.618    -0.004
-52.217    214.323    -0.004
-51.952    214.033    -0.004
-51.681    213.737    -0.004
-51.419    213.452    -0.004
-51.158    213.165    -0.004
-50.888    212.871    -0.004
-50.609    212.566    -0.004
-50.347    212.281    -0.004
-50.076    211.985    -0.004
-49.802    211.686    -0.004
-49.536    211.395    -0.004
-49.267    211.099    -0.004
-48.997    210.803    -0.004
-48.723    210.504    -0.004
-48.457    210.213    -0.004
-48.188    209.918    -0.004
-47.913    209.617    -0.004
-47.644    209.321    -0.004
-47.378    209.030    -0.004
-47.108    208.735    -0.004
-46.834    208.436    -0.004
-46.565    208.140    -0.004
-46.299    207.849    -0.004
-46.025    207.549    -0.004
-45.755    207.254    -0.004
-45.480    206.953    -0.004
-45.215    206.662    -0.004
-44.941    206.363    -0.004
-44.670    206.068    -0.003
-44.400    205.772    -0.003
-44.129    205.478    -0.003
-43.863    205.187    -0.003
-43.593    204.893    -0.003
-43.318    204.592    -0.003
-43.048    204.297    -0.003
-42.778    204.003    -0.003
-42.512    203.712    -0.003
-42.237    203.413    -0.003
-41.967    203.118    -0.003
-41.696    202.823    -0.003
-41.426    202.528    -0.003
-41.155    202.233    -0.003
-40.889    201.942    -0.003
-40.610    201.638    -0.003
-40.344    201.348    -0.003
-40.065    201.044    -0.003
-39.804    200.758    -0.003
-39.524    200.454    -0.003
-39.262    200.168    -0.003
-38.983    199.865    -0.003
-38.720    199.579    -0.003
-38.445    199.281    -0.003
-38.175    198.987    -0.003
-37.908    198.696    -0.003
-37.629    198.392    -0.003
-37.366    198.106    -0.003
-37.087    197.803    -0.003
-36.824    197.517    -0.003
-36.549    197.219    -0.003
-36.279    196.924    -0.003
-36.004    196.625    -0.003
-35.741    196.339    -0.003
-35.462    196.035    -0.003
-35.196    195.745    -0.003
-34.925    195.451    -0.003
-34.649    195.152    -0.003
-34.387    194.867    -0.003
-34.107    194.563    -0.003
-33.837    194.268    -0.003
-33.574    193.984    -0.003
-33.296    193.678    -0.003
-33.030    193.388    -0.003
-32.760    193.092    -0.003
-32.492    192.796    -0.003
-32.222    192.500    -0.003
-31.947    192.201    -0.003
-31.686    191.913    -0.003
-31.408    191.609    -0.003
-31.143    191.318    -0.003
-30.873    191.023    -0.003
-30.599    190.722    -0.003
-30.338    190.436    -0.003
-30.060    190.130    -0.003
-29.790    189.835    -0.003
-29.529    189.549    -0.003
-29.263    189.258    -0.003
-28.994    188.962    -0.003
-28.720    188.662    -0.003
-28.450    188.367    -0.003
-28.185    188.075    -0.003
-27.911    187.776    -0.003
-27.645    187.484    -0.003
-27.374    187.190    -0.003
-27.099    186.890    -0.003
-26.828    186.596    -0.003
-26.558    186.301    -0.003
-26.295    186.017    -0.003
-26.016    185.712    -0.003
-25.745    185.418    -0.003
-25.474    185.123    -0.003
-25.208    184.833    -0.003
-24.933    184.534    -0.003
-24.662    184.240    -0.003
-24.395    183.950    -0.003
-24.115    183.646    -0.003
-23.841    183.348    -0.003
-23.561    183.043    -0.003
-23.299    182.759    -0.003
-23.024    182.459    -0.003
-22.753    182.165    -0.003
-22.482    181.870    -0.003
-22.215    181.580    -0.003
-21.936    181.276    -0.003
-21.673    180.991    -0.003
-21.394    180.688    -0.003
-21.132    180.402    -0.003
-20.853    180.098    -0.003
-20.587    179.807    -0.003
-20.317    179.512    -0.003
-20.048    179.216    -0.003
-19.778    178.921    -0.003
-19.508    178.625    -0.003
-19.242    178.334    -0.003
-18.964    178.029    -0.003
-18.702    177.743    -0.003
-18.441    177.457    -0.003
-18.171    177.162    -0.002
-17.901    176.866    -0.002
-17.631    176.571    -0.002
-17.361    176.275    -0.002
-17.092    175.980    -0.002
-16.822    175.684    -0.002
-16.548    175.384    -0.002
-16.282    175.094    -0.002
-16.011    174.800    -0.002
-15.740    174.505    -0.002
-15.469    174.211    -0.002
-15.198    173.917    -0.002
-14.927    173.622    -0.002
-14.652    173.323    -0.002
-14.385    173.032    -0.002
-14.110    172.734    -0.002
-13.843    172.444    -0.002
-13.572    172.150    -0.002
-13.301    171.855    -0.002
-13.022    171.552    -0.002
-12.759    171.266    -0.002
-12.480    170.962    -0.002
-12.217    170.677    -0.002
-11.938    170.373    -0.002
-11.676    170.088    -0.002
-11.396    169.785    -0.002
-11.133    169.500    -0.002
-10.854    169.196    -0.002
-10.585    168.900    -0.002
-10.323    168.614    -0.002
-10.045    168.309    -0.002
-9.783    168.023    -0.002
-9.506    167.718    -0.002
-9.245    167.431    -0.002
-8.966    167.127    -0.002
-8.705    166.840    -0.002
-8.427    166.536    -0.002
-8.157    166.239    -0.002
-7.896    165.953    -0.002
-7.618    165.648    -0.002
-7.352    165.358    -0.002
-7.083    165.062    -0.002
-6.809    164.761    -0.002
-6.548    164.475    -0.002
-6.269    164.170    -0.002
-5.999    163.875    -0.002
-5.734    163.584    -0.002
-5.464    163.289    -0.002
-5.190    162.989    -0.002
-4.920    162.694    -0.002
-4.658    162.407    -0.002
-4.379    162.104    -0.002
-4.109    161.808    -0.002
-3.847    161.523    -0.002
-3.568    161.218    -0.002
-3.298    160.924    -0.002
-3.036    160.637    -0.002
-2.757    160.334    -0.002
-2.494    160.048    -0.002
-2.224    159.753    -0.002
-1.953    159.458    -0.002
-1.683    159.163    -0.002
-1.413    158.869    -0.002
-1.142    158.573    -0.002
-0.868    158.274    -0.002
-0.601    157.984    -0.002
-0.331    157.689    -0.002
-0.056    157.389    -0.002
0.210    157.099    -0.002
0.481    156.804    -0.002
0.756    156.505    -0.002
1.021    156.214    -0.002
1.291    155.920    -0.002
1.562    155.624    -0.002
1.836    155.324    -0.002
2.103    155.033    -0.002
2.377    154.734    -0.002
2.647    154.439    -0.002
2.917    154.144    -0.002
3.192    153.845    -0.002
3.453    153.558    -0.002
3.732    153.254    -0.002
4.002    152.959    -0.002
4.264    152.674    -0.002
4.543    152.368    -0.002
4.805    152.083    -0.002
5.083    151.778    -0.002
5.349    151.488    -0.002
5.620    151.192    -0.002
5.894    150.893    -0.002
6.156    150.607    -0.002
6.434    150.303    -0.002
6.701    150.012    -0.002
6.972    149.718    -0.002
7.247    149.419    -0.002
7.514    149.129    -0.002
7.786    148.836    -0.002
8.061    148.537    -0.002
8.332    148.243    -0.002
8.600    147.953    -0.002
8.875    147.654    -0.002
9.143    147.365    -0.002
9.417    147.067    -0.002
9.685    146.777    -0.002
9.961    146.479    -0.002
10.233    146.184    -0.002
10.500    145.895    -0.002
10.775    145.598    -0.002
11.047    145.303    -0.002
11.314    145.014    -0.002
11.590    144.714    -0.002
11.862    144.421    -0.002
12.128    144.131    -0.002
12.404    143.834    -0.002
12.671    143.543    -0.002
12.945    143.243    -0.002
13.209    142.951    -0.002
13.473    142.659    -0.002
13.742    142.362    -0.002
14.011    142.066    -0.002
14.275    141.774    -0.002
14.549    141.473    -0.002
14.817    141.175    -0.002
15.082    140.884    -0.002
15.355    140.583    -0.002
15.623    140.287    -0.002
15.892    139.990    -0.002
16.161    139.694    -0.002
16.425    139.402    -0.002
16.697    139.101    -0.002
16.962    138.809    -0.002
17.235    138.507    -0.002
17.504    138.211    -0.002
17.773    137.914    -0.002
18.042    137.618    -0.002
18.310    137.321    -0.002
18.579    137.025    -0.002
18.852    136.724    -0.001
19.118    136.434    -0.001
19.387    136.138    -0.001
19.658    135.844    -0.001
19.928    135.548    -0.001
20.199    135.254    -0.001
20.470    134.958    -0.001
20.749    134.654    -0.001
21.011    134.369    -0.001
21.281    134.074    -0.001
21.552    133.779    -0.001
21.823    133.484    -0.001
22.097    133.185    -0.001
22.363    132.895    -0.001
22.637    132.595    -0.001
22.904    132.304    -0.001
23.175    132.010    -0.001
23.445    131.714    -0.001
23.720    131.416    -0.001
23.986    131.125    -0.001
24.256    130.831    -0.001
24.531    130.531    -0.001
24.802    130.236    -0.001
25.068    129.946    -0.001
25.338    129.651    -0.001
25.613    129.351    -0.001
25.884    129.057    -0.001
26.151    128.767    -0.001
26.421    128.472    -0.001
26.700    128.168    -0.001
26.963    127.883    -0.001
27.233    127.588    -0.001
27.504    127.293    -0.001
27.783    126.989    -0.001
28.045    126.704    -0.001
28.315    126.409    -0.001
28.586    126.113    -0.001
28.866    125.810    -0.001
29.128    125.524    -0.001
29.407    125.221    -0.001
29.677    124.925    -0.001
29.944    124.636    -0.001
30.214    124.341    -0.001
30.489    124.041    -0.001
30.760    123.747    -0.001
31.031    123.452    -0.001
31.291    123.166    -0.001
31.568    122.859    -0.001
31.835    122.562    -0.001
32.103    122.264    -0.001
32.371    121.967    -0.001
32.635    121.674    -0.001
32.903    121.377    -0.001
33.174    121.075    -0.001
33.442    120.778    -0.001
33.710    120.480    -0.001
33.978    120.183    -0.001
34.239    119.897    -0.001
34.523    119.597    -0.001
34.790    119.315    -0.001
35.070    119.021    -0.001
35.345    118.731    -0.001
35.616    118.445    -0.001
35.900    118.146    -0.001
36.167    117.864    -0.001
36.450    117.564    -0.001
36.713    117.279    -0.001
36.992    116.975    -0.001
37.254    116.689    -0.001
37.533    116.385    -0.001
37.796    116.099    -0.001
38.074    115.796    -0.001
38.337    115.510    -0.001
38.615    115.206    -0.001
38.876    114.918    -0.001
39.154    114.614    -0.001
39.415    114.328    -0.001
39.685    114.032    -0.001
39.959    113.733    -0.001
40.228    113.436    -0.001
40.494    113.145    -0.001
40.764    112.849    -0.001
41.034    112.554    -0.001
41.303    112.258    -0.001
41.572    111.962    -0.001
41.845    111.661    -0.001
42.110    111.370    -0.001
42.379    111.073    -0.001
42.652    110.773    -0.001
42.918    110.480    -0.001
43.187    110.185    -0.001
43.460    109.884    -0.001
43.725    109.593    -0.001
43.995    109.297    -0.001
44.264    109.002    -0.001
44.534    108.706    -0.001
44.813    108.402    -0.001
45.079    108.112    -0.001
45.349    107.816    -0.001
45.623    107.517    -0.001
45.893    107.221    -0.001
46.159    106.930    -0.001
46.429    106.634    -0.001
46.704    106.336    -0.001
46.974    106.040    -0.001
47.239    105.750    -0.001
47.509    105.453    -0.001
47.784    105.155    -0.001
48.050    104.864    -0.001
48.320    104.569    -0.001
48.594    104.269    -0.001
48.864    103.974    -0.001
49.131    103.683    -0.001
49.406    103.384    -0.001
49.673    103.095    -0.001
49.947    102.795    -0.001
50.213    102.505    -0.001
50.484    102.210    -0.001
50.751    101.920    -0.001
51.022    101.625    -0.001
51.292    101.331    -0.001
51.568    101.031    -0.001
51.838    100.737    -0.001
52.104    100.446    -0.001
52.375    100.152    -0.001
52.646    99.858    -0.001
52.921    99.558    -0.001
53.192    99.264    -0.001
53.459    98.974    -0.001
53.730    98.680    -0.001
54.001    98.385    -0.001
54.280    98.081    -0.001
54.542    97.796    -0.001
54.813    97.501    -0.001
55.083    97.206    -0.001
55.358    96.907    -0.001
55.625    96.618    -0.001
55.901    96.319    -0.001
56.169    96.030    -0.001
56.442    95.737    -0.001
56.714    95.443    -0.001
56.984    95.148    -0.001
57.254    94.852    -0.001
57.526    94.552    -0.001
57.792    94.261    -0.001
58.061    93.965    -0.001
58.330    93.669    -0.001
58.604    93.368    -0.001
58.873    93.072    -0.001
59.138    92.781    -0.001
59.407    92.485    -0.001
59.676    92.188    -0.001
59.946    91.893    -0.001
60.215    91.597    -0.001
60.484    91.301    -0.001
60.758    91.001    -0.001
61.019    90.714    -0.001
61.293    90.413    -0.001
61.562    90.117    -0.001
61.832    89.821    -0.001
62.101    89.525    -0.001
62.371    89.229    -0.001
62.636    88.938    -0.001
62.909    88.638    -0.001
63.178    88.342    -0.001
63.448    88.046    -0.001
63.717    87.750    -0.001
63.987    87.455    -0.001
64.256    87.158    -0.001
64.526    86.863    -0.001
64.795    86.566    -0.001
65.060    86.276    -0.001
65.333    85.975    -0.001
65.599    85.684    -0.001
65.874    85.384    -0.001
66.145    85.089    -0.001
66.415    84.795    -0.001
66.682    84.505    -0.001
66.956    84.205    -0.001
67.226    83.910    -0.001
67.488    83.625    -0.001
67.768    83.321    -0.001
68.038    83.026    -0.001
68.309    82.731    -0.001
68.575    82.441    -0.001
68.845    82.146    -0.001
69.120    81.846    -0.001
69.390    81.551    -0.001
69.657    81.261    -0.001
69.931    80.962    -0.001
70.198    80.671    -0.001
70.473    80.372    -0.001
70.739    80.081    -0.001
71.013    79.782    -0.001
71.284    79.487    -0.001
71.555    79.193    -0.001
71.829    78.893    -0.001
72.099    78.598    -0.001
72.374    78.298    -0.001
72.635    78.011    -0.001
72.913    77.707    -0.001
73.183    77.411    -0.001
73.444    77.125    -0.001
73.723    76.820    -0.001
73.983    76.533    -0.001
74.261    76.229    -0.001
74.531    75.933    -0.001
74.793    75.647    -0.001
75.071    75.342    -0.001
75.332    75.055    -0.001
75.610    74.751    -0.001
75.876    74.460    -0.001
76.145    74.164    -0.001
76.419    73.864    -0.001
76.689    73.568    -0.001
76.954    73.277    -0.001
77.224    72.982    -0.001
77.490    72.691    -0.001
77.764    72.391    -0.001
78.033    72.096    -0.001
78.299    71.805    -0.001
78.569    71.509    -0.001
78.844    71.210    -0.001
79.114    70.915    -0.001
79.380    70.624    -0.001
79.650    70.328    -0.001
79.924    70.029    -0.001
80.195    69.734    -0.001
80.461    69.443    -0.001
80.735    69.143    -0.001
81.005    68.848    -0.001
81.271    68.557    -0.001
81.546    68.258    -0.001
81.811    67.967    -0.001
82.086    67.668    -0.001
82.356    67.372    -0.001
82.626    67.077    -0.001
82.901    66.777    -0.001
83.167    66.487    -0.001
83.441    66.187    -0.001
83.711    65.892    -0.001
83.977    65.601    -0.001
84.252    65.302    -0.001
84.522    65.006    -0.001
84.792    64.711    -0.001
85.059    64.422    -0.001
85.334    64.123    -0.001
85.601    63.834    -0.001
85.877    63.535    -0.001
86.148    63.240    -0.001
86.420    62.946    -0.001
86.691    62.652    -0.001
86.962    62.358    -0.001
87.228    62.068    -0.001
87.500    61.774    -0.001
87.771    61.480    -0.001
88.033    61.194    -0.001
88.310    60.896    -0.001
88.581    60.601    -0.001
88.852    60.307    -0.001
89.123    60.012    -0.001
89.394    59.718    -0.001
89.661    59.429    -0.001
89.936    59.130    -0.001
90.207    58.836    -0.001
90.478    58.542    -0.001
90.749    58.247    -0.001
91.021    57.953    -0.001
91.292    57.659    -0.001
91.559    57.369    -0.001
91.835    57.072    -0.001
92.106    56.777    -0.001
92.373    56.487    -0.001
92.647    56.186    -0.001
92.917    55.891    -0.001
93.186    55.595    -0.001
93.451    55.304    -0.001
93.724    55.003    -0.001
93.993    54.707    -0.001
94.259    54.416    -0.001
94.528    54.120    -0.001
94.802    53.820    -0.001
95.072    53.524    -0.001
95.341    53.228    -0.001
95.611    52.932    -0.001
95.876    52.641    -0.001
96.149    52.341    -0.001
96.418    52.045    -0.001
96.688    51.750    -0.001
96.954    51.458    -0.001
97.228    51.157    -0.001
97.498    50.862    -0.001
97.766    50.565    -0.001
98.032    50.275    -0.001
98.306    49.975    -0.001
98.575    49.678    -0.001
98.844    49.383    -0.001
99.114    49.087    -0.001
99.384    48.791    -0.001
99.662    48.487    -0.001
99.924    48.201    -0.001
100.194    47.906    -0.001
100.464    47.611    -0.001
100.735    47.316    -0.001
101.009    47.016    -0.001
101.279    46.721    -0.001
101.545    46.430    -0.001
101.816    46.135    -0.001
102.090    45.835    -0.001
102.355    45.545    -0.001
102.630    45.245    -0.001
102.896    44.954    -0.001
103.170    44.655    -0.001
103.436    44.364    -0.001
103.711    44.065    -0.001
103.985    43.764    -0.001
104.252    43.475    -0.001
104.526    43.175    -0.001
104.796    42.879    -0.001
105.067    42.585    -0.001
105.333    42.294    -0.001
105.607    41.994    -0.001
105.876    41.699    -0.001
106.143    41.409    -0.001
106.416    41.109    -0.001
106.686    40.813    -0.001
106.957    40.518    -0.001
107.223    40.228    -0.001
107.498    39.927    -0.001
107.768    39.633    -0.001
108.038    39.337    -0.001
108.309    39.042    -0.001
108.578    38.747    -0.001
108.848    38.452    -0.001
109.118    38.156    -0.001
109.384    37.866    -0.001
109.655    37.571    -0.001
109.929    37.271    -0.001
110.191    36.985    -0.001
110.470    36.681    -0.001
110.732    36.395    -0.001
111.010    36.090    -0.001
111.272    35.805    -0.001
111.550    35.500    -0.001
111.820    35.205    -0.001
112.082    34.919    -0.001
112.360    34.614    -0.001
112.630    34.319    -0.001
112.892    34.033    -0.001
113.170    33.728    -0.001
113.436    33.438    -0.001
113.705    33.142    -0.001
113.980    32.842    -0.001
114.241    32.556    -0.001
114.520    32.251    -0.001
114.781    31.965    -0.001
115.043    31.679    -0.001
115.321    31.374    -0.001
115.587    31.083    -0.001
115.857    30.788    -0.001
116.126    30.492    -0.001
116.400    30.193    -0.001
116.666    29.902    -0.001
116.936    29.606    -0.001
117.211    29.307    -0.001
117.476    29.016    -0.001
117.746    28.721    -0.001
118.021    28.420    -0.001
118.286    28.130    -0.001
118.556    27.834    -0.001
118.825    27.538    -0.001
119.099    27.239    -0.001
119.365    26.948    -0.001
119.636    26.652    -0.001
119.901    26.362    -0.001
120.167    26.071    -0.001
120.437    25.776    -0.001
120.707    25.480    -0.001
120.981    25.180    -0.001
121.242    24.894    -0.001
121.520    24.589    -0.001
121.786    24.298    -0.001
122.052    24.008    -0.001
122.330    23.703    -0.001
122.596    23.412    -0.001
122.866    23.117    -0.001
123.136    22.821    -0.001
123.410    22.521    -0.001
123.672    22.235    -0.001
123.950    21.931    -0.001
124.216    21.640    -0.001
124.485    21.344    -0.001
124.763    21.039    -0.001
125.054    20.721    -0.001
125.319    20.430    -0.001
125.593    20.129    -0.001
125.859    19.839    -0.001
126.128    19.543    -0.001
126.402    19.242    -0.001
126.672    18.947    -0.001
126.942    18.652    -0.001
127.203    18.365    -0.001
127.481    18.061    -0.001
127.751    17.765    -0.001
128.017    17.474    -0.001
128.291    17.173    -0.001
128.560    16.878    -0.001
128.826    16.588    -0.001
129.104    16.283    -0.001
129.361    16.000    -0.001
129.630    15.705    -0.001
129.896    15.414    -0.001
130.166    15.118    -0.001
130.439    14.817    -0.001
130.709    14.522    -0.001
130.974    14.231    -0.001
131.245    13.935    -0.001
131.518    13.635    -0.001
131.788    13.340    -0.001
132.058    13.044    -0.001
132.326    12.749    -0.001
132.592    12.457    -0.001
132.866    12.157    -0.001
133.132    11.866    -0.001
133.406    11.566    -0.001
133.676    11.271    -0.001
133.941    10.980    -0.001
134.215    10.679    -0.001
134.480    10.388    -0.001
134.754    10.088    -0.001
135.019    9.797    -0.001
135.290    9.502    -0.001
135.560    9.207    -0.001
135.831    8.912    -0.001
136.101    8.617    -0.001
136.372    8.322    -0.001
136.638    8.032    -0.001
136.913    7.732    -0.001
137.183    7.437    -0.001
137.453    7.142    -0.001
137.723    6.847    -0.001
137.993    6.552    -0.001
138.264    6.257    -0.002
138.534    5.962    -0.002
138.805    5.667    -0.002
139.075    5.372    -0.002
139.346    5.077    -0.002
139.616    4.782    -0.002
139.887    4.487    -0.002
140.152    4.197    -0.002
140.431    3.893    -0.002
140.693    3.608    -0.002
140.968    3.308    -0.002
141.239    3.013    -0.002
141.496    2.731    -0.002
141.775    2.428    -0.002
142.041    2.137    -0.002
142.312    1.842    -0.002
142.586    1.542    -0.002
142.852    1.252    -0.002
143.122    0.957    -0.002
143.397    0.657    -0.002
143.664    0.367    -0.002
143.938    0.068    -0.002
144.200    -0.218    -0.002
144.479    -0.522    -0.002
144.741    -0.808    -0.002
145.020    -1.112    -0.002
145.290    -1.407    -0.002
145.557    -1.696    -0.002
145.829    -1.990    -0.002
146.105    -2.289    -0.002
146.372    -2.578    -0.002
146.648    -2.876    -0.002
146.903    -3.153    -0.002
147.179    -3.450    -0.002
147.443    -3.741    -0.002
147.712    -4.038    -0.002
147.981    -4.334    -0.002
148.251    -4.630    -0.002
148.524    -4.931    -0.002
148.790    -5.222    -0.002
149.059    -5.518    -0.002
149.332    -5.819    -0.002
149.601    -6.116    -0.002
149.864    -6.410    -0.002
150.134    -6.713    -0.002
150.396    -7.007    -0.002
150.662    -7.305    -0.002
150.954    -7.631    -0.002
151.264    -7.975    -0.002
151.526    -8.269    -0.002
151.797    -8.572    -0.002
152.025    -8.829    -0.002
152.237    -9.067    -0.002
152.499    -9.360    -0.002
152.769    -9.664    -0.002
153.032    -9.957    -0.002
153.307    -10.265    -0.002
153.565    -10.554    -0.002
153.831    -10.861    -0.002
154.090    -11.159    -0.002
154.357    -11.465    -0.002
154.623    -11.772    -0.002
154.877    -12.065    -0.002
155.144    -12.372    -0.002
155.402    -12.669    -0.002
155.673    -12.981    -0.002
155.927    -13.273    -0.002
156.194    -13.580    -0.002
156.451    -13.878    -0.002
156.718    -14.184    -0.002
156.975    -14.483    -0.002
157.208    -14.760    -0.002
157.462    -15.060    -0.002
157.724    -15.371    -0.002
157.977    -15.672    -0.002
158.235    -15.979    -0.002
158.493    -16.285    -0.002
158.755    -16.596    -0.002
159.009    -16.897    -0.002
159.267    -17.203    -0.002
159.524    -17.510    -0.002
159.770    -17.801    -0.002
160.032    -18.112    -0.002
160.285    -18.413    -0.002
160.535    -18.716    -0.002
160.798    -19.034    -0.002
161.049    -19.338    -0.002
161.305    -19.647    -0.002
161.563    -19.960    -0.002
161.810    -20.258    -0.002
162.069    -20.572    -0.002
162.324    -20.881    -0.002
162.550    -21.154    -0.002
162.796    -21.452    -0.002
163.051    -21.761    -0.002
163.306    -22.069    -0.002
163.561    -22.378    -0.002
163.810    -22.682    -0.002
164.068    -22.998    -0.002
164.322    -23.307    -0.002
164.570    -23.612    -0.002
164.828    -23.927    -0.002
165.060    -24.212    -0.002
165.293    -24.495    -0.002
165.545    -24.805    -0.002
165.803    -25.121    -0.002
166.048    -25.421    -0.002
166.305    -25.735    -0.002
166.559    -26.045    -0.002
166.816    -26.360    -0.002
167.065    -26.665    -0.002
167.314    -26.970    -0.002
167.564    -27.300    -0.002
167.761    -27.571    -0.002
167.997    -27.894    -0.002
168.233    -28.217    -0.002
168.470    -28.539    -0.002
168.703    -28.858    -0.002
168.943    -29.185    -0.002
169.179    -29.508    -0.002
169.415    -29.831    -0.002
169.649    -30.149    -0.002
169.881    -30.467    -0.002
170.093    -30.757    -0.002
170.330    -31.080    -0.002
170.565    -31.402    -0.002
170.803    -31.726    -0.002
171.035    -32.044    -0.002
171.279    -32.377    -0.002
171.508    -32.689    -0.002
171.753    -33.022    -0.002
171.982    -33.334    -0.002
172.223    -33.663    -0.002
172.458    -33.984    -0.002
172.670    -34.269    -0.002
172.908    -34.589    -0.002
173.147    -34.912    -0.002
173.385    -35.232    -0.002
173.615    -35.551    -0.002
173.854    -35.882    -0.002
174.088    -36.205    -0.002
174.323    -36.530    -0.002
174.557    -36.853    -0.002
174.775    -37.156    -0.003
174.995    -37.459    -0.003
175.230    -37.783    -0.003
175.464    -38.108    -0.003
175.692    -38.428    -0.003
175.929    -38.765    -0.003
176.155    -39.088    -0.003
176.385    -39.416    -0.003
176.611    -39.738    -0.003
176.845    -40.071    -0.003
177.063    -40.382    -0.003
177.263    -40.665    -0.003
177.492    -40.992    -0.003
177.719    -41.315    -0.003
177.956    -41.654    -0.003
178.175    -41.980    -0.003
178.396    -42.308    -0.003
178.623    -42.644    -0.003
178.839    -42.965    -0.003
179.099    -43.352    -0.003
179.350    -43.722    -0.003
179.573    -44.054    -0.003
179.750    -44.320    -0.003
179.895    -44.528    -0.003
180.121    -44.865    -0.003
180.342    -45.208    -0.003
180.547    -45.536    -0.003
180.762    -45.880    -0.003
180.975    -46.218    -0.003
181.184    -46.553    -0.003
181.404    -46.903    -0.003
181.612    -47.236    -0.003
181.821    -47.571    -0.003
182.009    -47.868    -0.003
182.215    -48.196    -0.003
182.431    -48.542    -0.003
182.634    -48.878    -0.003
182.847    -49.232    -0.003
183.046    -49.563    -0.003
183.258    -49.913    -0.003
183.423    -50.185    -0.003
183.629    -50.527    -0.003
183.836    -50.870    -0.003
184.037    -51.216    -0.003
184.236    -51.563    -0.003
184.435    -51.910    -0.003
184.634    -52.257    -0.003
184.832    -52.600    -0.003
185.033    -52.952    -0.003
185.232    -53.299    -0.003
185.431    -53.645    -0.003
185.630    -53.992    -0.003
185.823    -54.328    -0.003
185.999    -54.633    -0.003
186.196    -54.976    -0.003
186.393    -55.316    -0.003
186.593    -55.677    -0.003
186.783    -56.023    -0.003
186.978    -56.378    -0.003
187.169    -56.724    -0.003
187.361    -57.072    -0.003
187.555    -57.425    -0.003
187.748    -57.776    -0.003
187.891    -58.029    -0.003
188.083    -58.380    -0.003
188.276    -58.730    -0.003
188.463    -59.080    -0.003
188.648    -59.440    -0.003
188.830    -59.796    -0.003
189.012    -60.152    -0.003
189.193    -60.509    -0.003
189.373    -60.861    -0.003
189.558    -61.222    -0.003
189.740    -61.578    -0.003
189.886    -61.861    -0.003
190.065    -62.210    -0.003
190.246    -62.562    -0.003
190.432    -62.930    -0.003
190.603    -63.279    -0.003
190.776    -63.640    -0.003
190.930    -63.961    -0.003
191.105    -64.325    -0.003
191.280    -64.689    -0.003
191.452    -65.046    -0.003
191.595    -65.351    -0.003
191.765    -65.717    -0.003
191.933    -66.076    -0.003
192.105    -66.446    -0.003
192.268    -66.807    -0.003
192.429    -67.169    -0.003
192.593    -67.539    -0.003
192.755    -67.900    -0.003
192.920    -68.273    -0.003
193.078    -68.628    -0.003
193.223    -68.953    -0.003
193.377    -69.297    -0.003
193.542    -69.666    -0.003
193.706    -70.035    -0.003
193.863    -70.395    -0.003
194.020    -70.767    -0.003
194.149    -71.073    -0.003
194.298    -71.424    -0.003
194.452    -71.790    -0.003
194.606    -72.154    -0.003
194.762    -72.531    -0.003
194.887    -72.849    -0.003
195.025    -73.199    -0.003
195.170    -73.568    -0.003
195.316    -73.941    -0.003
195.460    -74.310    -0.003
195.601    -74.689    -0.003
195.739    -75.068    -0.003
195.876    -75.441    -0.003
196.013    -75.820    -0.003
196.140    -76.167    -0.003
196.257    -76.484    -0.003
196.396    -76.868    -0.003
196.532    -77.239    -0.003
196.666    -77.601    -0.004
196.792    -77.956    -0.004
196.919    -78.335    -0.004
197.050    -78.721    -0.004
197.174    -79.091    -0.004
197.300    -79.474    -0.004
197.405    -79.860    -0.004
197.497    -80.211    -0.004
197.573    -80.506    -0.004
197.675    -80.890    -0.004
197.779    -81.277    -0.004
197.883    -81.666    -0.004
197.985    -82.050    -0.004
198.089    -82.437    -0.004
198.193    -82.826    -0.004
198.296    -83.209    -0.004
198.399    -83.596    -0.004
198.501    -83.983    -0.004
198.577    -84.268    -0.004
198.672    -84.654    -0.004
198.766    -85.034    -0.004
198.861    -85.422    -0.004
198.957    -85.811    -0.004
199.048    -86.181    -0.004
199.136    -86.554    -0.004
199.226    -86.935    -0.004
199.318    -87.333    -0.004
199.409    -87.723    -0.004
199.491    -88.069    -0.004
199.577    -88.459    -0.004
199.662    -88.842    -0.004
199.749    -89.241    -0.004
199.835    -89.631    -0.004
199.922    -90.020    -0.004
200.006    -90.406    -0.004
200.093    -90.804    -0.004
200.180    -91.195    -0.004
200.264    -91.577    -0.004
200.332    -91.879    -0.004
200.406    -92.256    -0.004
200.479    -92.648    -0.004
200.553    -93.043    -0.004
200.629    -93.442    -0.004
200.700    -93.828    -0.004
200.767    -94.187    -0.004
200.839    -94.581    -0.004
200.909    -94.982    -0.004
200.972    -95.335    -0.004
201.028    -95.639    -0.004
201.089    -96.045    -0.004
201.144    -96.431    -0.004
201.201    -96.837    -0.004
201.256    -97.223    -0.004
201.312    -97.630    -0.004
201.368    -98.017    -0.004
201.425    -98.420    -0.004
201.480    -98.809    -0.004
201.532    -99.178    -0.004
201.579    -99.514    -0.004
201.630    -99.921    -0.004
201.669    -100.309    -0.004
201.709    -100.716    -0.004
201.748    -101.107    -0.004
201.787    -101.513    -0.004
201.819    -101.905    -0.004
201.849    -102.311    -0.004
201.864    -102.551    -0.004
201.892    -102.896    -0.004
201.922    -103.296    -0.004
201.952    -103.693    -0.004
201.983    -104.084    -0.004
202.013    -104.491    -0.004
202.043    -104.891    -0.004
202.073    -105.290    -0.004
202.104    -105.690    -0.004
202.133    -106.053    -0.004
202.162    -106.426    -0.004
202.193    -106.826    -0.004
202.223    -107.224    -0.004
202.251    -107.624    -0.004
202.265    -108.024    -0.004
202.272    -108.416    -0.004
202.282    -108.823    -0.004
202.290    -109.224    -0.004
202.299    -109.625    -0.004
202.304    -110.025    -0.004
202.309    -110.426    -0.004
202.310    -110.693    -0.004
202.315    -111.024    -0.004
202.320    -111.424    -0.004
202.320    -111.824    -0.004
202.310    -112.216    -0.004
202.299    -112.625    -0.004
202.287    -113.025    -0.004
202.277    -113.424    -0.004
202.266    -113.815    -0.004
202.255    -114.225    -0.004
202.243    -114.625    -0.004
202.232    -115.016    -0.004
202.228    -115.266    -0.004
202.215    -115.640    -0.004
202.194    -116.049    -0.004
202.173    -116.439    -0.004
202.152    -116.839    -0.004
202.131    -117.239    -0.004
202.109    -117.639    -0.004
202.078    -118.046    -0.004
202.045    -118.436    -0.004
202.011    -118.835    -0.004
201.977    -119.234    -0.004
201.950    -119.563    -0.004
201.925    -119.804    -0.004
201.881    -120.201    -0.004
201.834    -120.608    -0.004
201.792    -120.997    -0.004
201.747    -121.394    -0.004
201.700    -121.801    -0.004
201.658    -122.190    -0.004
201.611    -122.597    -0.004
201.569    -122.984    -0.004
201.534    -123.316    -0.004
201.485    -123.721    -0.004
201.426    -124.108    -0.004
201.366    -124.513    -0.004
201.307    -124.900    -0.004
201.244    -125.320    -0.004
201.185    -125.718    -0.004
201.123    -126.112    -0.004
201.060    -126.516    -0.004
200.998    -126.902    -0.004
200.935    -127.307    -0.004
200.873    -127.693    -0.004
200.796    -128.095    -0.004
200.720    -128.478    -0.004
200.672    -128.700    -0.004
200.591    -129.099    -0.004
200.516    -129.485    -0.004
200.435    -129.886    -0.004
200.359    -130.268    -0.004
200.299    -130.575    -0.004
200.224    -130.950    -0.004
200.145    -131.343    -0.004
200.054    -131.733    -0.004
199.962    -132.122    -0.005
199.873    -132.511    -0.005
199.777    -132.901    -0.005
199.671    -133.296    -0.005
199.574    -133.657    -0.005
199.472    -134.035    -0.005
199.367    -134.421    -0.005
199.263    -134.808    -0.005
199.148    -135.192    -0.005
199.033    -135.575    -0.005
198.919    -135.950    -0.005
198.819    -136.271    -0.005
198.704    -136.655    -0.005
198.589    -137.039    -0.005
198.473    -137.422    -0.005
198.357    -137.804    -0.005
198.243    -138.186    -0.005
198.127    -138.571    -0.005
198.028    -138.881    -0.005
197.952    -139.103    -0.005
197.823    -139.494    -0.005
197.699    -139.872    -0.005
197.573    -140.254    -0.005
197.450    -140.626    -0.005
197.322    -141.012    -0.005
197.211    -141.335    -0.005
197.089    -141.689    -0.005
196.962    -142.055    -0.005
196.829    -142.442    -0.005
196.687    -142.819    -0.005
196.547    -143.182    -0.005
196.401    -143.563    -0.005
196.275    -143.885    -0.005
196.150    -144.210    -0.005
196.004    -144.591    -0.005
195.863    -144.959    -0.005
195.719    -145.330    -0.005
195.571    -145.702    -0.005
195.416    -146.083    -0.005
195.305    -146.360    -0.005
195.162    -146.715    -0.005
195.014    -147.083    -0.005
194.864    -147.458    -0.005
194.715    -147.825    -0.005
194.568    -148.192    -0.005
194.415    -148.568    -0.005
194.265    -148.942    -0.005
194.131    -149.277    -0.005
193.989    -149.630    -0.005
193.835    -150.000    -0.005
193.662    -150.361    -0.005
193.485    -150.720    -0.005
193.307    -151.078    -0.005
193.131    -151.434    -0.005
192.953    -151.796    -0.005
192.802    -152.100    -0.005
192.683    -152.339    -0.005
192.506    -152.699    -0.005
192.330    -153.054    -0.005
192.152    -153.416    -0.005
191.974    -153.775    -0.005
191.786    -154.125    -0.005
191.594    -154.480    -0.005
191.405    -154.828    -0.005
191.318    -154.992    -0.005
191.125    -155.348    -0.005
190.938    -155.691    -0.005
190.731    -156.044    -0.005
190.533    -156.382    -0.005
190.327    -156.734    -0.005
190.128    -157.072    -0.005
189.970    -157.343    -0.005
189.773    -157.668    -0.005
189.567    -158.005    -0.005
189.356    -158.351    -0.005
189.152    -158.686    -0.005
188.942    -159.032    -0.005
188.731    -159.376    -0.005
188.557    -159.663    -0.005
188.351    -160.002    -0.005
188.147    -160.336    -0.005
187.932    -160.688    -0.005
187.725    -161.017    -0.005
187.505    -161.351    -0.005
187.265    -161.720    -0.005
187.047    -162.051    -0.005
186.820    -162.391    -0.005
186.597    -162.717    -0.005
186.373    -163.046    -0.005
186.150    -163.372    -0.005
185.993    -163.602    -0.005
185.765    -163.937    -0.005
185.537    -164.259    -0.005
185.301    -164.582    -0.005
185.062    -164.909    -0.005
184.829    -165.228    -0.005
184.634    -165.491    -0.005
184.433    -165.768    -0.005
184.196    -166.090    -0.005
183.963    -166.410    -0.005
183.723    -166.736    -0.005
183.486    -167.059    -0.005
183.252    -167.376    -0.005
183.028    -167.674    -0.005
182.793    -167.982    -0.005
182.546    -168.307    -0.005
182.308    -168.621    -0.005
182.066    -168.947    -0.005
181.832    -169.264    -0.005
181.590    -169.590    -0.005
181.367    -169.893    -0.005
181.173    -170.142    -0.005
180.913    -170.447    -0.005
180.652    -170.753    -0.005
180.392    -171.054    -0.005
180.131    -171.358    -0.005
179.870    -171.664    -0.005
179.611    -171.965    -0.005
179.407    -172.202    -0.005
179.211    -172.433    -0.005
178.945    -172.741    -0.005
178.678    -173.030    -0.005
178.405    -173.323    -0.005
178.134    -173.617    -0.005
177.862    -173.911    -0.005
177.585    -174.208    -0.005
177.319    -174.491    -0.005
177.052    -174.769    -0.005
176.778    -175.054    -0.005
176.497    -175.347    -0.005
176.224    -175.631    -0.005
175.946    -175.919    -0.005
175.663    -176.210    -0.005
175.378    -176.484    -0.005
175.108    -176.743    -0.005
174.888    -176.948    -0.005
174.600    -177.226    -0.005
174.320    -177.494    -0.005
174.023    -177.781    -0.005
173.733    -178.058    -0.005
173.449    -178.331    -0.005
173.157    -178.613    -0.005
172.864    -178.887    -0.005
172.754    -178.975    -0.005
172.512    -179.191    -0.005
172.212    -179.457    -0.005
171.914    -179.723    -0.005
171.615    -179.990    -0.005
171.316    -180.256    -0.005
171.016    -180.521    -0.005
170.727    -180.767    -0.005
170.437    -181.013    -0.005
170.122    -181.281    -0.005
169.827    -181.530    -0.005
169.520    -181.788    -0.005
169.210    -182.039    -0.005
168.918    -182.273    -0.005
168.698    -182.453    -0.005
168.387    -182.704    -0.005
168.074    -182.956    -0.005
167.763    -183.207    -0.005
167.452    -183.458    -0.005
167.144    -183.705    -0.005
166.821    -183.950    -0.005
166.494    -184.194    -0.005
166.179    -184.428    -0.005
165.848    -184.677    -0.005
165.527    -184.916    -0.005
165.211    -185.151    -0.005
164.887    -185.394    -0.005
164.564    -185.634    -0.005
164.359    -185.785    -0.005
164.077    -185.996    -0.005
163.759    -186.230    -0.005
163.434    -186.473    -0.005
163.111    -186.699    -0.005
162.779    -186.920    -0.005
162.473    -187.123    -0.005
162.175    -187.323    -0.005
161.853    -187.538    -0.005
161.517    -187.763    -0.005
161.182    -187.986    -0.005
160.851    -188.207    -0.005
160.516    -188.431    -0.005
160.186    -188.652    -0.005
159.922    -188.829    -0.005
159.584    -189.043    -0.005
159.244    -189.254    -0.005
158.904    -189.464    -0.005
158.561    -189.676    -0.005
158.222    -189.886    -0.005
157.882    -190.096    -0.005
157.586    -190.272    -0.005
157.265    -190.463    -0.005
156.918    -190.671    -0.005
156.568    -190.881    -0.005
156.229    -191.078    -0.005
155.886    -191.273    -0.005
155.533    -191.475    -0.005
155.179    -191.677    -0.005
154.898    -191.834    -0.005
154.550    -192.032    -0.005
154.203    -192.230    -0.005
153.863    -192.425    -0.005
153.512    -192.623    -0.005
153.159    -192.824    -0.005
152.927    -192.957    -0.005
152.653    -193.117    -0.005
152.308    -193.312    -0.005
151.953    -193.515    -0.005
151.624    -193.704    -0.005
151.297    -193.884    -0.005
150.941    -194.059    -0.005
150.578    -194.235    -0.005
150.221    -194.409    -0.005
149.866    -194.583    -0.005
149.552    -194.735    -0.005
149.232    -194.892    -0.005
148.866    -195.055    -0.005
148.508    -195.212    -0.005
148.134    -195.377    -0.005
147.768    -195.539    -0.005
147.429    -195.687    -0.005
147.152    -195.810    -0.005
146.778    -195.975    -0.005
146.419    -196.132    -0.005
146.054    -196.293    -0.005
145.678    -196.457    -0.005
145.368    -196.594    -0.005
145.036    -196.724    -0.005
144.672    -196.866    -0.005
144.290    -197.015    -0.005
143.926    -197.158    -0.005
143.545    -197.307    -0.005
143.221    -197.433    -0.005
142.923    -197.552    -0.005
142.552    -197.690    -0.005
142.176    -197.830    -0.005
141.797    -197.970    -0.005
141.425    -198.104    -0.005
141.054    -198.232    -0.005
140.722    -198.344    -0.005
140.338    -198.474    -0.005
139.993    -198.592    -0.005
139.677    -198.702    -0.005
139.306    -198.828    -0.005
138.924    -198.958    -0.005
138.625    -199.064    -0.005
138.257    -199.190    -0.005
137.875    -199.320    -0.005
137.484    -199.443    -0.005
137.055    -199.571    -0.005
136.681    -199.684    -0.005
136.289    -199.801    -0.005
135.914    -199.914    -0.005
135.530    -200.029    -0.005
135.137    -200.141    -0.005
134.760    -200.247    -0.005
134.421    -200.340    -0.005
134.170    -200.411    -0.005
133.776    -200.520    -0.005
133.387    -200.618    -0.005
132.997    -200.717    -0.005
132.621    -200.814    -0.005
132.224    -200.914    -0.005
131.837    -201.014    -0.005
131.457    -201.110    -0.005
131.099    -201.201    -0.005
130.720    -201.299    -0.005
130.323    -201.399    -0.005
129.941    -201.495    -0.005
129.591    -201.570    -0.005
129.294    -201.631    -0.005
128.892    -201.715    -0.005
128.509    -201.793    -0.004
128.117    -201.874    -0.004
127.725    -201.954    -0.004
127.389    -202.023    -0.004
127.042    -202.092    -0.004
126.661    -202.169    -0.004
126.259    -202.248    -0.004
125.865    -202.322    -0.004
125.480    -202.385    -0.004
125.084    -202.445    -0.004
124.697    -202.505    -0.004
124.293    -202.568    -0.004
123.907    -202.627    -0.004
123.504    -202.690    -0.004
123.115    -202.750    -0.004
122.720    -202.812    -0.004
122.531    -202.846    -0.004
122.145    -202.905    -0.004
121.757    -202.952    -0.004
121.350    -202.998    -0.004
120.962    -203.042    -0.004
120.555    -203.089    -0.004
120.177    -203.128    -0.004
119.842    -203.165    -0.004
119.434    -203.208    -0.004
119.048    -203.248    -0.004
118.640    -203.292    -0.004
118.241    -203.323    -0.004
117.851    -203.348    -0.004
117.442    -203.375    -0.004
117.051    -203.400    -0.004
116.653    -203.427    -0.004
116.244    -203.452    -0.004
115.854    -203.479    -0.004
115.455    -203.504    -0.004
115.130    -203.525    -0.004
114.787    -203.548    -0.004
114.387    -203.574    -0.004
113.998    -203.588    -0.004
113.588    -203.602    -0.004
113.198    -203.618    -0.004
112.862    -203.630    -0.004
112.501    -203.644    -0.004
112.091    -203.659    -0.004
111.691    -203.669    -0.004
111.291    -203.679    -0.004
110.891    -203.690    -0.004
110.529    -203.700    -0.004
110.129    -203.699    -0.004
109.738    -203.694    -0.004
109.337    -203.690    -0.004
108.928    -203.687    -0.004
108.537    -203.683    -0.004
108.128    -203.680    -0.004
107.737    -203.676    -0.004
107.450    -203.673    -0.004
107.154    -203.674    -0.004
106.753    -203.670    -0.004
106.361    -203.664    -0.004
105.953    -203.645    -0.004
105.563    -203.625    -0.004
105.190    -203.606    -0.004
104.820    -203.588    -0.004
104.420    -203.568    -0.004
104.020    -203.548    -0.004
103.621    -203.523    -0.004
103.258    -203.497    -0.004
102.934    -203.474    -0.004
102.535    -203.446    -0.004
102.135    -203.414    -0.004
101.738    -203.370    -0.004
101.341    -203.324    -0.004
100.953    -203.270    -0.004
100.584    -203.217    -0.004
100.235    -203.167    -0.004
99.829    -203.110    -0.004
99.442    -203.057    -0.004
99.036    -203.000    -0.004
98.678    -202.949    -0.004
98.272    -202.892    -0.004
97.885    -202.836    -0.004
97.481    -202.773    -0.004
97.114    -202.716    -0.004
96.747    -202.658    -0.004
96.351    -202.598    -0.004
95.956    -202.536    -0.004
95.579    -202.477    -0.004
95.184    -202.417    -0.004
94.798    -202.356    -0.004
94.403    -202.294    -0.004
94.027    -202.232    -0.004
93.632    -202.169    -0.004
93.276    -202.111    -0.004
92.881    -202.048    -0.004
92.524    -201.987    -0.004
92.142    -201.912    -0.004
91.885    -201.862    -0.004
91.520    -201.792    -0.004
91.127    -201.715    -0.004
90.772    -201.647    -0.004
90.373    -201.557    -0.004
89.926    -201.453    -0.004
89.487    -201.353    -0.004
89.156    -201.275    -0.004
88.891    -201.214    -0.004
88.501    -201.124    -0.004
88.102    -201.031    -0.004
87.586    -200.911    -0.004
87.179    -200.820    -0.004
86.787    -200.734    -0.004
86.500    -200.672    -0.004
86.111    -200.586    -0.004
85.720    -200.501    -0.004
85.351    -200.406    -0.004
84.966    -200.295    -0.004
84.592    -200.188    -0.004
84.196    -200.076    -0.004
83.870    -199.982    -0.004
83.504    -199.877    -0.004
83.109    -199.766    -0.004
82.742    -199.663    -0.004
82.379    -199.562    -0.004
81.992    -199.453    -0.004
81.616    -199.345    -0.004
81.255    -199.227    -0.004
80.955    -199.129    -0.004
80.563    -199.002    -0.004
80.191    -198.883    -0.004
79.843    -198.768    -0.004
79.639    -198.699    -0.004
79.254    -198.568    -0.004
78.872    -198.438    -0.004
78.505    -198.314    -0.004
78.271    -198.241    -0.004
77.954    -198.138    -0.004
77.583    -198.011    -0.004
77.247    -197.900    -0.004
76.867    -197.757    -0.004
76.503    -197.611    -0.004
76.113    -197.453    -0.004
75.733    -197.300    -0.004
75.351    -197.145    -0.004
74.987    -196.999    -0.003
74.618    -196.852    -0.003
74.275    -196.711    -0.003
73.935    -196.563    -0.003
73.571    -196.406    -0.003
73.200    -196.245    -0.003
72.833    -196.085    -0.003
72.461    -195.924    -0.003
72.081    -195.757    -0.003
71.722    -195.588    -0.003
71.357    -195.417    -0.003
70.994    -195.247    -0.003
70.635    -195.079    -0.003
70.283    -194.907    -0.003
70.091    -194.809    -0.003
69.730    -194.628    -0.003
69.368    -194.447    -0.003
68.993    -194.258    -0.003
68.621    -194.071    -0.003
68.266    -193.893    -0.003
67.909    -193.713    -0.003
67.570    -193.542    -0.003
67.201    -193.357    -0.003
66.854    -193.183    -0.003
66.520    -193.003    -0.003
66.217    -192.834    -0.003
65.864    -192.637    -0.003
65.511    -192.440    -0.003
65.081    -192.204    -0.003
64.735    -192.011    -0.003
64.386    -191.815    -0.003
64.040    -191.613    -0.003
63.823    -191.480    -0.003
63.481    -191.280    -0.003
63.139    -191.081    -0.003
62.790    -190.875    -0.003
62.499    -190.691    -0.003
62.211    -190.508    -0.003
61.875    -190.297    -0.003
61.537    -190.084    -0.003
61.198    -189.870    -0.003
60.918    -189.693    -0.003
60.644    -189.523    -0.003
60.310    -189.312    -0.003
59.974    -189.101    -0.003
59.632    -188.886    -0.003
59.296    -188.674    -0.003
58.997    -188.471    -0.003
58.671    -188.248    -0.003
58.337    -188.020    -0.003
58.013    -187.800    -0.003
57.675    -187.570    -0.003
57.355    -187.352    -0.003
57.055    -187.134    -0.003
56.780    -186.930    -0.003
56.460    -186.695    -0.003
56.137    -186.459    -0.003
55.814    -186.222    -0.003
55.499    -185.985    -0.003
55.174    -185.741    -0.003
54.854    -185.501    -0.003
54.538    -185.264    -0.003
54.214    -185.021    -0.003
53.894    -184.781    -0.003
53.578    -184.544    -0.003
53.260    -184.305    -0.003
53.077    -184.169    -0.003
52.775    -183.943    -0.003
52.453    -183.700    -0.003
52.141    -183.450    -0.003
51.825    -183.196    -0.003
51.518    -182.949    -0.003
51.234    -182.720    -0.003
50.996    -182.532    -0.003
50.680    -182.274    -0.003
50.376    -182.014    -0.003
50.073    -181.753    -0.003
49.832    -181.545    -0.003
49.566    -181.317    -0.003
49.267    -181.062    -0.003
48.962    -180.790    -0.003
48.675    -180.532    -0.003
48.368    -180.255    -0.003
48.076    -179.991    -0.003
47.773    -179.719    -0.003
47.487    -179.460    -0.003
47.184    -179.189    -0.003
47.001    -179.028    -0.003
46.708    -178.764    -0.003
46.415    -178.501    -0.003
46.114    -178.228    -0.003
45.825    -177.949    -0.003
45.548    -177.680    -0.003
45.261    -177.401    -0.003
44.979    -177.126    -0.003
44.688    -176.843    -0.003
44.401    -176.563    -0.003
44.122    -176.285    -0.003
43.844    -176.007    -0.003
43.631    -175.795    -0.003
43.349    -175.511    -0.003
43.075    -175.238    -0.003
42.793    -174.936    -0.003
42.527    -174.646    -0.003
42.252    -174.347    -0.003
41.986    -174.056    -0.003
41.710    -173.757    -0.003
41.449    -173.472    -0.003
41.169    -173.167    -0.002
40.979    -172.962    -0.002
40.761    -172.727    -0.002
40.494    -172.437    -0.002
40.224    -172.142    -0.002
39.961    -171.840    -0.002
39.696    -171.531    -0.002
39.436    -171.228    -0.002
39.229    -170.991    -0.002
38.968    -170.687    -0.002
38.710    -170.382    -0.002
38.450    -170.067    -0.002
38.208    -169.774    -0.002
37.965    -169.482    -0.002
37.713    -169.178    -0.002
37.455    -168.865    -0.002
37.211    -168.547    -0.002
36.971    -168.234    -0.002
36.724    -167.912    -0.002
36.480    -167.595    -0.002
36.240    -167.282    -0.002
35.993    -166.960    -0.002
35.753    -166.647    -0.002
35.554    -166.388    -0.002
35.354    -166.135    -0.002
35.103    -165.816    -0.002
34.856    -165.500    -0.002
34.610    -165.185    -0.002
34.367    -164.876    -0.002
34.146    -164.596    -0.002
33.920    -164.298    -0.002
33.686    -163.958    -0.002
33.462    -163.633    -0.002
33.255    -163.332    -0.002
33.071    -163.065    -0.002
32.853    -162.731    -0.002
32.639    -162.399    -0.002
32.414    -162.053    -0.002
32.201    -161.724    -0.002
31.982    -161.386    -0.002
31.766    -161.051    -0.002
31.551    -160.720    -0.002
31.327    -160.374    -0.002
31.116    -160.048    -0.002
30.921    -159.746    -0.002
30.742    -159.463    -0.002
30.532    -159.116    -0.002
30.329    -158.778    -0.002
30.122    -158.435    -0.002
29.916    -158.092    -0.002
29.708    -157.750    -0.002
29.505    -157.406    -0.002
29.303    -157.060    -0.002
29.099    -156.710    -0.002
28.965    -156.478    -0.002
28.774    -156.150    -0.002
28.579    -155.800    -0.002
28.385    -155.450    -0.002
28.192    -155.100    -0.002
28.002    -154.756    -0.002
27.805    -154.399    -0.002
27.611    -154.049    -0.002
27.416    -153.699    -0.002
27.223    -153.349    -0.002
27.033    -153.006    -0.002
26.836    -152.649    -0.002
26.696    -152.400    -0.002
26.526    -152.069    -0.002
26.340    -151.706    -0.002
26.159    -151.349    -0.002
25.977    -150.992    -0.002
25.797    -150.639    -0.002
25.618    -150.277    -0.002
25.441    -149.918    -0.002
25.264    -149.559    -0.002
25.092    -149.207    -0.002
24.911    -148.841    -0.002
24.795    -148.607    -0.002
24.627    -148.249    -0.002
24.461    -147.890    -0.002
24.292    -147.522    -0.002
24.122    -147.155    -0.002
23.956    -146.796    -0.002
23.787    -146.428    -0.002
23.624    -146.077    -0.002
23.451    -145.702    -0.002
23.286    -145.343    -0.002
23.120    -144.983    -0.002
22.979    -144.679    -0.002
22.843    -144.374    -0.002
22.683    -143.999    -0.002
22.531    -143.641    -0.002
22.372    -143.270    -0.002
22.213    -142.893    -0.002
22.059    -142.533    -0.002
21.912    -142.166    -0.002
21.759    -141.782    -0.002
21.614    -141.418    -0.002
21.467    -141.046    -0.002
21.360    -140.778    -0.002
21.218    -140.413    -0.002
21.076    -140.042    -0.002
20.932    -139.665    -0.002
20.788    -139.292    -0.002
20.649    -138.925    -0.002
20.503    -138.544    -0.002
20.360    -138.171    -0.002
20.217    -137.797    -0.002
20.074    -137.423    -0.002
19.932    -137.049    -0.002
19.823    -136.768    -0.002
19.695    -136.397    -0.001
19.560    -136.012    -0.001
19.432    -135.641    -0.001
19.300    -135.260    -0.001
19.167    -134.878    -0.001
19.039    -134.507    -0.001
18.908    -134.129    -0.001
18.773    -133.744    -0.001
18.645    -133.373    -0.001
18.535    -133.058    -0.001
18.414    -132.689    -0.001
18.296    -132.312    -0.001
18.173    -131.927    -0.001
18.051    -131.541    -0.001
17.932    -131.163    -0.001
17.812    -130.781    -0.001
17.690    -130.396    -0.001
17.574    -130.027    -0.001
17.451    -129.636    -0.001
17.329    -129.252    -0.001
17.251    -129.000    -0.001
17.144    -128.624    -0.001
17.034    -128.239    -0.001
16.926    -127.854    -0.001
16.816    -127.468    -0.001
16.705    -127.075    -0.001
16.600    -126.698    -0.001
16.494    -126.310    -0.001
16.389    -125.927    -0.001
16.289    -125.560    -0.001
16.191    -125.199    -0.001
16.083    -124.805    -0.001
15.984    -124.417    -0.001
15.883    -124.031    -0.001
15.784    -123.645    -0.001
15.685    -123.262    -0.001
15.583    -122.867    -0.001
15.483    -122.479    -0.001
15.385    -122.101    -0.001
15.284    -121.705    -0.001
15.183    -121.318    -0.001
15.086    -120.939    -0.001
15.022    -120.664    -0.001
14.935    -120.279    -0.001
14.848    -119.891    -0.001
14.759    -119.498    -0.001
14.671    -119.108    -0.001
14.584    -118.720    -0.001
14.496    -118.327    -0.001
14.411    -117.938    -0.001
14.326    -117.545    -0.001
14.241    -117.156    -0.001
14.165    -116.800    -0.001
14.081    -116.440    -0.001
13.991    -116.059    -0.001
13.896    -115.660    -0.001
13.806    -115.280    -0.001
13.712    -114.881    -0.001
13.619    -114.492    -0.001
13.528    -114.111    -0.001
13.433    -113.714    -0.001
13.343    -113.333    -0.001
13.250    -112.943    -0.001
13.158    -112.554    -0.001
13.079    -112.228    -0.001
13.007    -111.832    -0.001
12.933    -111.440    -0.001
12.861    -111.048    -0.001
12.788    -110.652    -0.001
12.716    -110.262    -0.001
12.644    -109.866    -0.001
12.571    -109.474    -0.001
12.498    -109.078    -0.001
12.426    -108.678    -0.001
12.387    -108.436    -0.001
12.325    -108.059    -0.001
12.259    -107.664    -0.001
12.194    -107.272    -0.001
12.129    -106.875    -0.001
12.064    -106.480    -0.001
11.999    -106.086    -0.001
11.933    -105.681    -0.001
11.870    -105.304    -0.001
11.804    -104.902    -0.001
11.748    -104.503    -0.001
11.692    -104.107    -0.001
11.639    -103.731    -0.001
11.582    -103.324    -0.001
11.528    -102.938    -0.001
11.471    -102.532    -0.001
11.415    -102.143    -0.001
11.359    -101.750    -0.001
11.301    -101.343    -0.001
11.245    -100.957    -0.001
11.189    -100.559    -0.001
11.147    -100.226    -0.001
11.095    -99.819    -0.001
11.047    -99.432    -0.001
10.998    -99.034    -0.001
10.948    -98.638    -0.001
10.898    -98.231    -0.001
10.848    -97.843    -0.001
10.799    -97.447    -0.001
10.749    -97.049    -0.001
10.700    -96.653    -0.001
10.650    -96.245    -0.001
10.610    -95.875    -0.001
10.570    -95.504    -0.001
10.527    -95.115    -0.001
10.483    -94.708    -0.001
10.441    -94.310    -0.001
10.401    -93.912    -0.001
10.364    -93.522    -0.001
10.323    -93.116    -0.001
10.284    -92.717    -0.001
10.245    -92.319    -0.001
10.206    -91.930    -0.001
10.174    -91.576    -0.001
10.138    -91.186    -0.001
10.102    -90.788    -0.001
10.064    -90.389    -0.001
10.028    -89.992    -0.001
9.992    -89.593    -0.001
9.954    -89.185    -0.001
9.918    -88.796    -0.001
9.882    -88.406    -0.001
9.845    -87.998    -0.001
9.810    -87.601    -0.001
9.786    -87.281    -0.001
9.757    -86.910    -0.001
9.726    -86.501    -0.001
9.697    -86.111    -0.001
9.666    -85.713    -0.001
9.635    -85.304    -0.001
9.605    -84.914    -0.001
9.575    -84.514    -0.001
9.544    -84.108    -0.001
9.514    -83.716    -0.001
9.483    -83.309    -0.001
9.458    -82.902    -0.001
9.435    -82.501    -0.001
9.410    -82.102    -0.001
9.387    -81.712    -0.001
9.363    -81.303    -0.001
9.339    -80.904    -0.001
9.315    -80.504    -0.001
9.293    -80.113    -0.001
9.269    -79.706    -0.001
9.245    -79.305    -0.001
9.222    -78.915    -0.000
9.202    -78.525    -0.000
9.181    -78.133    -0.000
9.160    -77.726    -0.000
9.140    -77.334    -0.000
9.119    -76.935    -0.000
9.099    -76.535    -0.000
9.077    -76.136    -0.000
9.057    -75.735    -0.000
9.036    -75.328    -0.000
9.016    -74.936    -0.000
8.996    -74.564    -0.000
8.980    -74.190    -0.000
8.965    -73.781    -0.000
8.949    -73.382    -0.000
8.935    -72.991    -0.000
8.919    -72.582    -0.000
8.905    -72.183    -0.000
8.890    -71.792    -0.000
8.875    -71.383    -0.000
8.860    -70.991    -0.000
8.845    -70.583    -0.000
8.831    -70.192    -0.000
8.819    -69.783    -0.000
8.807    -69.382    -0.000
8.795    -68.992    -0.000
8.782    -68.583    -0.000
8.770    -68.183    -0.000
8.757    -67.782    -0.000
8.745    -67.383    -0.000
8.734    -66.992    -0.000
8.721    -66.582    -0.000
8.709    -66.192    -0.000
8.698    -65.837    -0.000
8.687    -65.446    -0.000
8.676    -65.046    -0.000
8.665    -64.655    -0.000
8.653    -64.246    -0.000
8.642    -63.846    -0.000
8.631    -63.446    -0.000
8.620    -63.046    -0.000
8.609    -62.646    -0.000
8.598    -62.247    -0.000
8.587    -61.856    -0.000
8.576    -61.447    -0.000
8.567    -61.047    -0.000
8.558    -60.656    -0.000
8.549    -60.274    -0.000
8.539    -59.864    -0.000
8.530    -59.473    -0.000
8.520    -59.073    -0.000
8.511    -58.664    -0.000
8.501    -58.273    -0.000
8.492    -57.873    -0.000
8.483    -57.473    -0.000
8.473    -57.064    -0.000
8.464    -56.673    -0.000
8.453    -56.273    -0.000
8.444    -55.864    -0.000
8.434    -55.464    -0.000
8.425    -55.064    -0.000
8.416    -54.663    -0.000
8.407    -54.263    -0.000
8.397    -53.863    -0.000
8.388    -53.464    -0.000
8.379    -53.064    -0.000
8.370    -52.664    -0.000
8.362    -52.264    -0.000
8.353    -51.864    -0.000
8.346    -51.464    -0.000
8.337    -51.064    -0.000
8.329    -50.663    -0.000
8.321    -50.263    -0.000
8.313    -49.863    -0.000
8.305    -49.472    -0.000
8.296    -49.063    -0.000
8.288    -48.663    -0.000
8.280    -48.263    -0.000
8.272    -47.863    -0.000
8.264    -47.463    -0.000
8.256    -47.072    -0.000
8.248    -46.662    -0.000
8.239    -46.262    -0.000
8.231    -45.862    -0.000
8.223    -45.471    -0.000
8.215    -45.062    -0.000
8.206    -44.662    -0.000
8.198    -44.263    -0.000
8.192    -43.872    -0.000
8.185    -43.463    -0.000
8.178    -43.063    -0.000
8.171    -42.671    -0.000
8.164    -42.262    -0.000
8.157    -41.862    -0.000
8.151    -41.462    -0.000
8.144    -41.071    -0.000
8.137    -40.662    -0.000
8.130    -40.262    -0.000
8.123    -39.870    -0.000
8.117    -39.479    -0.000
8.109    -39.070    -0.000
8.103    -38.670    -0.000
8.096    -38.279    -0.000
8.089    -37.870    -0.000
8.083    -37.470    -0.000
8.076    -37.079    -0.000
8.069    -36.670    -0.000
8.062    -36.269    -0.000
8.056    -35.878    -0.000
8.049    -35.469    -0.000
8.042    -35.069    -0.000
8.035    -34.678    -0.000
8.028    -34.269    -0.000
8.022    -33.869    -0.000
8.015    -33.478    -0.000
8.008    -33.069    -0.000
8.001    -32.668    -0.000
7.994    -32.278    -0.000
7.988    -31.869    -0.000
7.981    -31.469    -0.000
7.974    -31.069    -0.000
7.967    -30.669    -0.000
7.961    -30.278    -0.000
7.954    -29.869    -0.000
7.947    -29.468    -0.000
7.941    -29.068    -0.000
7.934    -28.668    -0.000
7.927    -28.268    -0.000
7.920    -27.868    -0.000
7.914    -27.468    -0.000
7.907    -27.068    -0.000
7.900    -26.668    -0.000
7.894    -26.267    -0.000
7.886    -25.867    -0.000
7.880    -25.467    -0.000
7.873    -25.067    -0.000
7.866    -24.667    -0.000
7.860    -24.276    -0.000
7.852    -23.867    -0.000
7.846    -23.467    -0.000
7.839    -23.067    -0.000
7.833    -22.666    -0.000
7.825    -22.266    -0.000
7.819    -21.866    -0.000
7.812    -21.466    -0.000
7.806    -21.066    -0.000
7.798    -20.657    -0.000
7.792    -20.266    -0.000
7.786    -19.866    -0.000
7.778    -19.465    -0.000
7.772    -19.066    -0.000
7.765    -18.657    -0.000
7.758    -18.266    -0.000
7.751    -17.866    -0.000
7.744    -17.466    -0.000
7.737    -17.066    -0.000
7.729    -16.656    -0.000
7.723    -16.265    -0.000
7.715    -15.865    -0.000
7.709    -15.465    -0.000
7.701    -15.065    -0.000
7.694    -14.665    -0.000
7.688    -14.265    -0.000
7.680    -13.865    -0.000
7.674    -13.474    -0.000
7.666    -13.065    -0.000
7.660    -12.674    -0.000
7.652    -12.264    -0.000
7.646    -11.864    -0.000
7.639    -11.473    -0.000
7.632    -11.064    -0.000
7.625    -10.673    -0.000
7.618    -10.273    -0.000
7.611    -9.864    -0.000
7.604    -9.473    -0.000
7.595    -9.063    -0.000
7.588    -8.663    -0.000
7.580    -8.254    -0.000
7.573    -7.863    -0.000
7.565    -7.463    -0.000
7.557    -7.063    -0.000
7.550    -6.663    -0.000
7.542    -6.263    -0.000
7.535    -5.864    -0.000
7.527    -5.464    -0.000
7.520    -5.072    -0.000
7.512    -4.672    -0.000
7.505    -4.263    -0.000
7.498    -3.872    -0.000
7.490    -3.472    -0.000
7.483    -3.072    -0.000
7.475    -2.663    -0.000
7.468    -2.272    -0.000
7.460    -1.872    -0.000
7.453    -1.472    -0.000
7.446    -1.071    -0.000
7.439    -0.662    -0.000
7.432    -0.253    -0.000
