7.526    0.181    -0.000
7.538    -0.219    -0.000
7.552    -0.719    -0.000
7.568    -1.218    -0.000
7.583    -1.718    -0.000
7.601    -2.318    -0.000
7.613    -2.718    -0.000
7.631    -3.317    -0.000
7.646    -3.817    -0.000
7.662    -4.317    -0.000
7.674    -4.717    -0.000
7.688    -5.216    -0.000
7.705    -5.816    -0.000
7.716    -6.216    -0.000
7.733    -6.816    -0.000
7.746    -7.315    -0.000
7.758    -7.715    -0.000
7.772    -8.215    -0.000
7.785    -8.715    -0.000
7.799    -9.215    -0.000
7.813    -9.714    -0.000
7.830    -10.314    -0.000
7.844    -10.814    -0.000
7.857    -11.314    -0.000
7.871    -11.813    -0.000
7.883    -12.213    -0.000
7.900    -12.813    -0.000
7.911    -13.213    -0.000
7.928    -13.812    -0.000
7.942    -14.312    -0.000
7.956    -14.812    -0.000
7.969    -15.312    -0.000
7.981    -15.712    -0.000
7.994    -16.211    -0.000
8.008    -16.711    -0.000
8.022    -17.211    -0.000
8.036    -17.711    -0.000
8.053    -18.310    -0.000
8.064    -18.710    -0.000
8.078    -19.210    -0.000
8.095    -19.810    -0.000
8.106    -20.210    -0.000
8.120    -20.709    -0.000
8.137    -21.309    -0.000
8.151    -21.809    -0.000
8.165    -22.309    -0.000
8.179    -22.808    -0.000
8.192    -23.308    -0.000
8.203    -23.708    -0.000
8.217    -24.208    -0.000
8.234    -24.807    -0.000
8.248    -25.307    -0.000
8.260    -25.707    -0.000
8.277    -26.307    -0.000
8.291    -26.806    -0.000
8.306    -27.306    -0.000
8.319    -27.706    -0.000
8.333    -28.206    -0.000
8.349    -28.705    -0.000
8.366    -29.305    -0.000
8.379    -29.705    -0.000
8.393    -30.205    -0.000
8.408    -30.704    -0.000
8.423    -31.204    -0.000
8.439    -31.704    -0.000
8.453    -32.204    -0.000
8.470    -32.803    -0.000
8.484    -33.303    -0.000
8.496    -33.703    -0.000
8.509    -34.203    -0.000
8.526    -34.803    -0.000
8.540    -35.302    -0.000
8.552    -35.702    -0.000
8.565    -36.202    -0.000
8.582    -36.802    -0.000
8.594    -37.200    -0.000
8.611    -37.800    -0.000
8.625    -38.300    -0.000
8.638    -38.800    -0.000
8.652    -39.299    -0.000
8.663    -39.699    -0.000
8.677    -40.199    -0.000
8.694    -40.799    -0.000
8.706    -41.199    -0.000
8.723    -41.798    -0.000
8.734    -42.198    -0.000
8.749    -42.698    -0.000
8.767    -43.298    -0.000
8.779    -43.697    -0.000
8.794    -44.197    -0.000
8.812    -44.797    -0.000
8.825    -45.197    -0.000
8.839    -45.696    -0.000
8.857    -46.296    -0.000
8.870    -46.696    -0.000
8.885    -47.196    -0.000
8.902    -47.795    -0.000
8.912    -48.195    -0.000
8.928    -48.795    -0.000
8.941    -49.295    -0.000
8.951    -49.694    -0.000
8.967    -50.294    -0.000
8.978    -50.694    -0.000
8.994    -51.294    -0.000
9.008    -51.794    -0.000
9.020    -52.293    -0.000
9.033    -52.793    -0.000
9.046    -53.193    -0.000
9.064    -53.793    -0.000
9.076    -54.192    -0.000
9.094    -54.792    -0.000
9.107    -55.192    -0.000
9.121    -55.692    -0.000
9.136    -56.191    -0.000
9.153    -56.791    -0.000
9.165    -57.191    -0.000
9.178    -57.691    -0.000
9.192    -58.190    -0.000
9.209    -58.790    -0.000
9.221    -59.190    -0.000
9.238    -59.790    -0.000
9.251    -60.289    -0.000
9.263    -60.689    -0.000
9.280    -61.289    -0.000
9.294    -61.789    -0.000
9.307    -62.289    -0.000
9.321    -62.788    -0.000
9.335    -63.288    -0.000
9.346    -63.688    -0.000
9.363    -64.288    -0.000
9.377    -64.787    -0.000
9.388    -65.187    -0.000
9.406    -65.787    -0.000
9.417    -66.187    -0.000
9.431    -66.687    -0.000
9.448    -67.286    -0.000
9.459    -67.686    -0.000
9.473    -68.186    -0.000
9.489    -68.786    -0.000
9.500    -69.185    -0.000
9.518    -69.785    -0.000
9.531    -70.285    -0.000
9.543    -70.685    -0.000
9.560    -71.284    -0.000
9.573    -71.784    -0.000
9.585    -72.184    -0.000
9.602    -72.784    -0.000
9.616    -73.283    -0.000
9.627    -73.683    -0.000
9.644    -74.283    -0.000
9.658    -74.783    -0.000
9.672    -75.283    -0.000
9.684    -75.682    -0.000
9.702    -76.282    -0.000
9.715    -76.682    -0.000
9.732    -77.282    -0.000
9.742    -77.681    -0.000
9.755    -78.181    -0.000
9.771    -78.781    -0.000
9.784    -79.281    -0.001
9.796    -79.781    -0.001
9.806    -80.180    -0.001
9.821    -80.780    -0.001
9.833    -81.280    -0.001
9.842    -81.680    -0.001
9.857    -82.280    -0.001
9.869    -82.779    -0.001
9.882    -83.279    -0.001
9.893    -83.779    -0.001
9.907    -84.279    -0.001
9.921    -84.779    -0.001
9.932    -85.178    -0.001
9.949    -85.778    -0.001
9.964    -86.278    -0.001
9.976    -86.678    -0.001
9.993    -87.277    -0.001
10.004    -87.677    -0.001
10.019    -88.177    -0.001
10.036    -88.777    -0.001
10.050    -89.276    -0.001
10.061    -89.676    -0.001
10.078    -90.276    -0.001
10.092    -90.776    -0.001
10.103    -91.176    -0.001
10.120    -91.775    -0.001
10.132    -92.175    -0.001
10.145    -92.675    -0.001
10.163    -93.275    -0.001
10.176    -93.774    -0.001
10.188    -94.174    -0.001
10.205    -94.774    -0.001
10.219    -95.274    -0.001
10.232    -95.773    -0.001
10.244    -96.173    -0.001
10.261    -96.773    -0.001
10.274    -97.273    -0.001
10.286    -97.673    -0.001
10.300    -98.172    -0.001
10.313    -98.672    -0.001
10.327    -99.172    -0.001
10.345    -99.672    -0.001
10.363    -100.171    -0.001
10.379    -100.671    -0.001
10.397    -101.171    -0.001
10.415    -101.670    -0.001
10.433    -102.170    -0.001
10.450    -102.670    -0.001
10.467    -103.169    -0.001
10.485    -103.669    -0.001
10.502    -104.168    -0.001
10.518    -104.667    -0.001
10.535    -105.167    -0.001
10.551    -105.667    -0.001
10.567    -106.167    -0.001
10.586    -106.766    -0.001
10.598    -107.166    -0.001
10.612    -107.666    -0.001
10.625    -108.166    -0.001
10.643    -108.765    -0.001
10.656    -109.265    -0.001
10.668    -109.665    -0.001
10.681    -110.165    -0.001
10.699    -110.764    -0.001
10.712    -111.264    -0.001
10.726    -111.764    -0.001
10.738    -112.164    -0.001
10.755    -112.663    -0.001
10.771    -113.163    -0.001
10.787    -113.663    -0.001
10.802    -114.163    -0.001
10.821    -114.762    -0.001
10.832    -115.162    -0.001
10.849    -115.762    -0.001
10.860    -116.162    -0.001
10.874    -116.661    -0.001
10.891    -117.261    -0.001
10.905    -117.761    -0.001
10.916    -118.161    -0.001
10.933    -118.760    -0.001
10.947    -119.260    -0.001
10.961    -119.760    -0.001
10.975    -120.260    -0.001
10.986    -120.660    -0.001
11.000    -121.159    -0.001
11.017    -121.759    -0.001
11.031    -122.259    -0.001
11.044    -122.759    -0.001
11.058    -123.258    -0.001
11.072    -123.758    -0.001
11.086    -124.258    -0.001
11.099    -124.758    -0.001
11.113    -125.258    -0.001
11.127    -125.757    -0.001
11.141    -126.257    -0.001
11.154    -126.757    -0.001
11.168    -127.257    -0.001
11.182    -127.756    -0.001
11.196    -128.256    -0.001
11.209    -128.756    -0.001
11.221    -129.156    -0.001
11.235    -129.656    -0.001
11.252    -130.255    -0.001
11.263    -130.655    -0.001
11.280    -131.255    -0.001
11.292    -131.655    -0.001
11.305    -132.154    -0.001
11.321    -132.754    -0.001
11.335    -133.254    -0.001
11.346    -133.654    -0.001
11.363    -134.253    -0.001
11.376    -134.753    -0.001
11.390    -135.253    -0.001
11.401    -135.653    -0.001
11.415    -136.153    -0.001
11.432    -136.752    -0.001
11.446    -137.252    -0.001
11.460    -137.752    -0.002
11.474    -138.252    -0.002
11.487    -138.751    -0.002
11.499    -139.151    -0.002
11.512    -139.651    -0.002
11.529    -140.251    -0.002
11.540    -140.651    -0.002
11.554    -141.150    -0.002
11.571    -141.750    -0.002
11.585    -142.250    -0.002
11.596    -142.650    -0.002
11.610    -143.149    -0.002
11.623    -143.649    -0.002
11.637    -144.149    -0.002
11.651    -144.649    -0.002
11.665    -145.148    -0.002
11.681    -145.748    -0.002
11.694    -146.248    -0.002
11.708    -146.748    -0.002
11.722    -147.248    -0.002
11.732    -147.647    -0.002
11.748    -148.247    -0.002
11.760    -148.647    -0.002
11.774    -149.147    -0.002
11.791    -149.746    -0.002
11.802    -150.146    -0.002
11.819    -150.746    -0.002
11.833    -151.246    -0.002
11.847    -151.745    -0.002
11.858    -152.145    -0.002
11.872    -152.645    -0.002
11.889    -153.245    -0.002
11.900    -153.645    -0.002
11.917    -154.244    -0.002
11.931    -154.744    -0.002
11.945    -155.244    -0.002
11.956    -155.644    -0.002
11.973    -156.243    -0.002
11.987    -156.743    -0.002
11.999    -157.143    -0.002
12.016    -157.743    -0.002
12.027    -158.143    -0.002
12.042    -158.642    -0.002
12.059    -159.242    -0.002
12.073    -159.742    -0.002
12.086    -160.242    -0.002
12.098    -160.641    -0.002
12.111    -161.141    -0.002
12.129    -161.741    -0.002
12.142    -162.241    -0.002
12.156    -162.740    -0.002
12.170    -163.240    -0.002
12.184    -163.740    -0.002
12.194    -164.140    -0.002
12.210    -164.740    -0.002
12.221    -165.139    -0.002
12.235    -165.639    -0.002
12.252    -166.239    -0.002
12.266    -166.739    -0.002
12.276    -167.138    -0.002
12.292    -167.738    -0.002
12.306    -168.238    -0.002
12.320    -168.738    -0.002
12.334    -169.237    -0.002
12.347    -169.737    -0.002
12.361    -170.237    -0.002
12.375    -170.737    -0.002
12.389    -171.237    -0.002
12.402    -171.736    -0.002
12.416    -172.236    -0.002
12.430    -172.736    -0.002
12.440    -173.136    -0.002
12.454    -173.636    -0.002
12.472    -174.235    -0.002
12.485    -174.635    -0.002
12.503    -175.235    -0.002
12.516    -175.734    -0.002
12.527    -176.134    -0.002
12.541    -176.634    -0.002
12.559    -177.234    -0.002
12.571    -177.634    -0.002
12.587    -178.133    -0.003
12.603    -178.633    -0.003
12.622    -179.233    -0.003
12.634    -179.632    -0.003
12.650    -180.132    -0.003
12.668    -180.731    -0.003
12.684    -181.231    -0.003
12.699    -181.730    -0.003
12.715    -182.230    -0.003
12.730    -182.730    -0.003
12.742    -183.130    -0.003
12.761    -183.729    -0.003
12.774    -184.129    -0.003
12.789    -184.629    -0.003
12.808    -185.229    -0.003
12.823    -185.728    -0.003
12.839    -186.228    -0.003
12.855    -186.728    -0.003
12.871    -187.227    -0.003
12.886    -187.727    -0.003
12.902    -188.227    -0.003
12.914    -188.627    -0.003
12.930    -189.126    -0.003
12.948    -189.726    -0.003
12.961    -190.126    -0.003
12.976    -190.626    -0.003
12.994    -191.225    -0.003
13.010    -191.725    -0.003
13.026    -192.225    -0.003
13.042    -192.724    -0.003
13.054    -193.124    -0.003
13.070    -193.624    -0.003
13.088    -194.224    -0.003
13.100    -194.623    -0.003
13.116    -195.123    -0.003
13.132    -195.623    -0.003
13.148    -196.123    -0.003
13.163    -196.622    -0.003
13.178    -197.122    -0.003
13.195    -197.722    -0.003
13.207    -198.122    -0.003
13.221    -198.621    -0.003
13.237    -199.121    -0.003
13.253    -199.621    -0.003
13.268    -200.121    -0.003
13.285    -200.720    -0.003
13.296    -201.120    -0.003
13.312    -201.720    -0.003
13.326    -202.220    -0.003
13.340    -202.719    -0.003
13.353    -203.219    -0.003
13.365    -203.619    -0.003
13.382    -204.219    -0.003
13.396    -204.719    -0.003
13.407    -205.118    -0.003
13.424    -205.718    -0.003
13.438    -206.218    -0.003
13.449    -206.618    -0.003
13.463    -207.117    -0.003
13.477    -207.617    -0.003
13.493    -208.217    -0.003
13.507    -208.717    -0.003
13.517    -209.117    -0.003
13.531    -209.616    -0.003
13.544    -210.116    -0.003
13.558    -210.616    -0.004
13.574    -211.216    -0.004
13.588    -211.715    -0.004
13.602    -212.215    -0.004
13.615    -212.715    -0.004
13.627    -213.115    -0.004
13.641    -213.615    -0.004
13.657    -214.214    -0.004
13.670    -214.714    -0.004
13.681    -215.114    -0.004
13.695    -215.614    -0.004
13.708    -216.113    -0.004
13.722    -216.613    -0.004
13.738    -217.213    -0.004
13.752    -217.713    -0.004
13.762    -218.113    -0.004
13.776    -218.612    -0.004
13.790    -219.112    -0.004
13.804    -219.612    -0.004
13.820    -220.212    -0.004
13.833    -220.711    -0.004
13.847    -221.211    -0.004
13.861    -221.711    -0.004
13.872    -222.111    -0.004
13.886    -222.611    -0.004
13.902    -223.210    -0.004
13.916    -223.710    -0.004
13.926    -224.110    -0.004
13.940    -224.610    -0.004
13.954    -225.109    -0.004
13.967    -225.609    -0.004
13.984    -226.209    -0.004
13.997    -226.709    -0.004
14.011    -227.208    -0.004
14.025    -227.708    -0.004
14.036    -228.108    -0.004
14.050    -228.608    -0.004
14.064    -229.108    -0.004
14.080    -229.707    -0.004
14.094    -230.207    -0.004
14.104    -230.607    -0.004
14.120    -231.207    -0.004
14.134    -231.706    -0.004
14.148    -232.206    -0.004
14.161    -232.706    -0.004
14.175    -233.206    -0.004
14.185    -233.606    -0.004
14.202    -234.205    -0.004
14.215    -234.705    -0.004
14.229    -235.205    -0.004
14.243    -235.705    -0.004
14.253    -236.105    -0.004
14.267    -236.604    -0.004
14.282    -237.104    -0.004
14.299    -237.704    -0.004
14.312    -238.204    -0.004
14.326    -238.703    -0.004
14.340    -239.203    -0.005
14.351    -239.603    -0.005
14.368    -240.203    -0.005
14.382    -240.702    -0.005
14.396    -241.202    -0.005
14.410    -241.702    -0.005
14.423    -242.202    -0.005
14.435    -242.602    -0.005
14.452    -243.201    -0.005
14.466    -243.701    -0.005
14.479    -244.201    -0.005
14.493    -244.701    -0.005
14.507    -245.200    -0.005
14.518    -245.600    -0.005
14.533    -246.100    -0.005
14.550    -246.700    -0.005
14.564    -247.199    -0.005
14.578    -247.699    -0.005
14.588    -248.099    -0.005
14.602    -248.599    -0.005
14.616    -249.099    -0.005
14.634    -249.698    -0.005
14.647    -250.198    -0.005
14.661    -250.698    -0.005
14.675    -251.198    -0.005
14.686    -251.597    -0.005
14.703    -252.196    -0.005
14.717    -252.696    -0.005
14.731    -253.196    -0.005
14.745    -253.695    -0.005
14.758    -254.195    -0.005
14.770    -254.595    -0.005
14.787    -255.195    -0.005
14.801    -255.695    -0.005
14.814    -256.194    -0.005
14.828    -256.694    -0.005
14.842    -257.194    -0.005
14.853    -257.594    -0.005
14.868    -258.093    -0.005
14.885    -258.693    -0.005
14.899    -259.193    -0.005
14.912    -259.693    -0.005
14.924    -260.093    -0.005
14.941    -260.692    -0.005
14.952    -261.092    -0.005
14.966    -261.592    -0.005
14.983    -262.192    -0.005
14.995    -262.591    -0.005
15.008    -263.091    -0.005
15.025    -263.691    -0.005
15.037    -264.091    -0.006
15.051    -264.590    -0.006
15.068    -265.190    -0.006
15.079    -265.590    -0.006
15.093    -266.090    -0.006
15.110    -266.689    -0.006
15.121    -267.089    -0.006
15.135    -267.589    -0.006
15.152    -268.189    -0.006
15.164    -268.589    -0.006
15.177    -269.088    -0.006
15.194    -269.688    -0.006
15.206    -270.088    -0.006
15.219    -270.588    -0.006
15.237    -271.187    -0.006
15.251    -271.687    -0.006
15.263    -272.087    -0.006
15.276    -272.587    -0.006
15.290    -273.086    -0.006
15.304    -273.586    -0.006
15.321    -274.186    -0.006
15.336    -274.686    -0.006
15.347    -275.086    -0.006
15.361    -275.585    -0.006
15.375    -276.085    -0.006
15.388    -276.585    -0.006
15.406    -277.185    -0.006
15.420    -277.684    -0.006
15.432    -278.084    -0.006
15.449    -278.684    -0.006
15.460    -279.084    -0.006
15.474    -279.583    -0.006
15.491    -280.183    -0.006
15.502    -280.583    -0.006
15.519    -281.183    -0.006
15.531    -281.582    -0.006
15.545    -282.082    -0.006
15.562    -282.682    -0.006
15.572    -283.082    -0.006
15.586    -283.582    -0.006
15.600    -284.081    -0.006
15.614    -284.581    -0.006
15.629    -285.081    -0.006
15.644    -285.581    -0.006
15.658    -286.080    -0.006
15.671    -286.580    -0.006
15.685    -287.080    -0.006
15.700    -287.580    -0.007
15.715    -288.079    -0.007
15.729    -288.579    -0.007
15.743    -289.079    -0.007
15.759    -289.679    -0.007
15.773    -290.178    -0.007
15.784    -290.578    -0.007
15.799    -291.078    -0.007
15.814    -291.578    -0.007
15.828    -292.078    -0.007
15.841    -292.577    -0.007
15.855    -293.077    -0.007
15.870    -293.577    -0.007
15.884    -294.077    -0.007
15.899    -294.576    -0.007
15.913    -295.076    -0.007
15.927    -295.576    -0.007
15.940    -296.076    -0.007
15.958    -296.675    -0.007
15.972    -297.175    -0.007
15.984    -297.575    -0.007
15.997    -298.075    -0.007
16.011    -298.575    -0.007
16.025    -299.074    -0.007
16.040    -299.574    -0.007
16.053    -300.074    -0.007
16.070    -300.674    -0.007
16.084    -301.173    -0.007
16.096    -301.573    -0.007
16.113    -302.173    -0.007
16.123    -302.573    -0.007
16.139    -303.172    -0.007
16.153    -303.672    -0.007
16.168    -304.172    -0.007
16.179    -304.572    -0.007
16.193    -305.072    -0.007
16.209    -305.671    -0.007
16.222    -306.171    -0.007
16.235    -306.671    -0.007
16.250    -307.171    -0.007
16.262    -307.570    -0.007
16.279    -308.170    -0.007
16.289    -308.570    -0.008
16.305    -309.170    -0.008
16.319    -309.669    -0.008
16.330    -310.069    -0.008
16.344    -310.569    -0.008
16.361    -311.169    -0.008
16.372    -311.569    -0.008
16.388    -312.168    -0.008
16.401    -312.668    -0.008
16.416    -313.168    -0.008
16.428    -313.568    -0.008
16.441    -314.067    -0.008
16.457    -314.667    -0.008
16.467    -315.067    -0.008
16.482    -315.667    -0.008
16.495    -316.167    -0.008
16.507    -316.566    -0.008
16.522    -317.066    -0.008
16.540    -317.666    -0.008
16.553    -318.166    -0.008
16.565    -318.665    -0.008
16.578    -319.165    -0.008
16.590    -319.565    -0.008
16.605    -320.065    -0.008
16.623    -320.664    -0.008
16.636    -321.164    -0.008
16.648    -321.664    -0.008
16.661    -322.164    -0.008
16.673    -322.564    -0.008
16.688    -323.063    -0.008
16.706    -323.663    -0.008
16.721    -324.163    -0.008
16.735    -324.663    -0.008
16.750    -325.162    -0.008
16.762    -325.562    -0.008
16.779    -326.162    -0.008
16.791    -326.562    -0.008
16.806    -327.061    -0.008
16.823    -327.661    -0.008
16.836    -328.161    -0.008
16.848    -328.561    -0.009
16.865    -329.160    -0.009
16.876    -329.560    -0.009
16.891    -330.060    -0.009
16.908    -330.660    -0.009
16.922    -331.160    -0.009
16.933    -331.559    -0.009
16.950    -332.159    -0.009
16.962    -332.559    -0.009
16.977    -333.059    -0.009
16.994    -333.658    -0.009
17.007    -334.158    -0.009
17.019    -334.558    -0.009
17.036    -335.158    -0.009
17.047    -335.557    -0.009
17.062    -336.057    -0.009
17.079    -336.657    -0.009
17.093    -337.157    -0.009
17.104    -337.557    -0.009
17.121    -338.156    -0.009
17.133    -338.556    -0.009
17.147    -339.056    -0.009
17.165    -339.655    -0.009
17.178    -340.154    -0.009
17.190    -340.554    -0.009
17.206    -341.154    -0.009
17.219    -341.654    -0.009
17.229    -342.053    -0.009
17.243    -342.553    -0.009
17.256    -343.053    -0.009
17.273    -343.653    -0.009
17.285    -344.153    -0.009
17.298    -344.652    -0.009
17.312    -345.152    -0.009
17.322    -345.552    -0.009
17.338    -346.152    -0.009
17.351    -346.651    -0.009
17.361    -347.051    -0.009
17.374    -347.551    -0.010
17.387    -348.051    -0.010
17.400    -348.551    -0.010
17.412    -349.051    -0.010
17.425    -349.550    -0.010
17.440    -350.150    -0.010
17.453    -350.650    -0.010
17.466    -351.150    -0.010
17.477    -351.549    -0.010
17.492    -352.049    -0.010
17.509    -352.649    -0.010
17.523    -353.149    -0.010
17.534    -353.549    -0.010
17.551    -354.148    -0.010
17.566    -354.648    -0.010
17.577    -355.048    -0.010
17.594    -355.648    -0.010
17.608    -356.147    -0.010
17.620    -356.547    -0.010
17.637    -357.147    -0.010
17.651    -357.647    -0.010
17.663    -358.046    -0.010
17.680    -358.646    -0.010
17.694    -359.146    -0.010
17.705    -359.546    -0.010
17.720    -360.045    -0.010
17.734    -360.545    -0.010
17.749    -361.045    -0.010
17.766    -361.645    -0.010
17.780    -362.144    -0.010
17.791    -362.544    -0.010
17.805    -363.044    -0.010
17.820    -363.544    -0.010
17.837    -364.144    -0.010
17.846    -364.443    -0.010
17.875    -364.943    -0.010
17.904    -365.442    -0.011
17.932    -366.142    -0.011
17.943    -366.541    -0.011
17.958    -367.041    -0.011
17.976    -367.440    -0.011
17.999    -367.839    -0.011
18.034    -368.439    -0.011
18.059    -369.038    -0.011
18.074    -369.538    -0.011
18.088    -369.837    -0.011
18.123    -370.436    -0.011
18.146    -370.836    -0.011
18.177    -371.635    -0.011
18.191    -372.135    -0.011
18.205    -372.635    -0.011
18.219    -372.934    -0.011
18.247    -373.533    -0.011
18.270    -374.032    -0.011
18.289    -374.632    -0.011
18.300    -375.032    -0.011
18.317    -375.632    -0.011
18.335    -376.031    -0.011
18.354    -376.631    -0.011
18.367    -377.131    -0.011
18.381    -377.630    -0.011
18.395    -378.130    -0.011
18.408    -378.630    -0.011
18.422    -379.130    -0.011
18.436    -379.629    -0.011
18.450    -380.129    -0.011
18.461    -380.529    -0.011
18.475    -381.029    -0.011
18.489    -381.529    -0.011
18.505    -382.128    -0.012
18.518    -382.628    -0.012
18.532    -383.128    -0.012
18.544    -383.528    -0.012
18.561    -384.127    -0.012
18.574    -384.627    -0.012
18.586    -385.027    -0.012
18.603    -385.627    -0.012
18.617    -386.127    -0.012
18.628    -386.526    -0.012
18.642    -387.026    -0.012
18.656    -387.526    -0.012
18.669    -388.026    -0.012
18.686    -388.625    -0.012
18.700    -389.125    -0.012
18.712    -389.525    -0.012
18.729    -390.125    -0.012
18.742    -390.624    -0.012
18.754    -391.024    -0.012
18.771    -391.624    -0.012
18.785    -392.124    -0.012
18.796    -392.524    -0.012
18.810    -393.023    -0.012
18.823    -393.523    -0.012
18.837    -394.023    -0.012
18.854    -394.623    -0.012
18.868    -395.122    -0.012
18.879    -395.522    -0.012
18.897    -396.122    -0.012
18.910    -396.622    -0.012
18.922    -397.022    -0.012
18.935    -397.521    -0.012
18.949    -398.021    -0.012
18.963    -398.521    -0.013
18.980    -399.121    -0.013
18.994    -399.620    -0.013
19.005    -400.020    -0.013
19.022    -400.620    -0.013
19.036    -401.120    -0.013
19.047    -401.519    -0.013
19.064    -402.119    -0.013
19.078    -402.619    -0.013
19.090    -403.019    -0.013
19.103    -403.519    -0.013
19.117    -404.018    -0.013
19.131    -404.518    -0.013
19.148    -405.118    -0.013
19.162    -405.618    -0.013
19.173    -406.017    -0.013
19.190    -406.617    -0.013
19.204    -407.117    -0.013
19.215    -407.517    -0.013
19.232    -408.116    -0.013
19.246    -408.616    -0.013
19.258    -409.016    -0.013
19.271    -409.516    -0.013
19.285    -410.016    -0.013
19.299    -410.515    -0.013
19.316    -411.115    -0.013
19.330    -411.615    -0.013
19.341    -412.015    -0.013
19.358    -412.614    -0.013
19.372    -413.114    -0.013
19.383    -413.514    -0.013
19.397    -414.014    -0.014
19.411    -414.513    -0.014
19.424    -415.013    -0.014
19.442    -415.613    -0.014
19.455    -416.113    -0.014
19.467    -416.513    -0.014
19.484    -417.112    -0.014
19.498    -417.612    -0.014
19.509    -418.012    -0.014
19.526    -418.612    -0.014
19.540    -419.111    -0.014
19.554    -419.611    -0.014
19.565    -420.011    -0.014
19.582    -420.611    -0.014
19.595    -421.110    -0.014
19.605    -421.510    -0.014
19.621    -422.110    -0.014
19.635    -422.610    -0.014
19.646    -423.010    -0.014
19.663    -423.609    -0.014
19.674    -424.009    -0.014
19.690    -424.609    -0.014
19.704    -425.109    -0.014
19.717    -425.608    -0.014
19.729    -426.008    -0.014
19.746    -426.608    -0.014
19.759    -427.108    -0.014
19.771    -427.608    -0.014
19.784    -428.107    -0.014
19.796    -428.607    -0.014
19.809    -429.107    -0.015
19.820    -429.607    -0.015
19.833    -430.107    -0.015
19.845    -430.606    -0.015
19.858    -431.106    -0.015
19.869    -431.606    -0.015
19.882    -432.106    -0.015
19.894    -432.606    -0.015
19.907    -433.105    -0.015
19.918    -433.605    -0.015
19.931    -434.105    -0.015
19.943    -434.605    -0.015
19.956    -435.105    -0.015
19.967    -435.605    -0.015
19.980    -436.104    -0.015
19.992    -436.604    -0.015
20.005    -437.104    -0.015
20.016    -437.604    -0.015
20.029    -438.104    -0.015
20.041    -438.603    -0.015
20.054    -439.103    -0.015
20.065    -439.603    -0.015
20.078    -440.103    -0.015
20.090    -440.603    -0.015
20.103    -441.102    -0.015
20.114    -441.602    -0.015
20.127    -442.102    -0.015
20.139    -442.602    -0.015
20.152    -443.102    -0.015
20.163    -443.601    -0.016
20.176    -444.101    -0.016
20.189    -444.601    -0.016
20.200    -445.101    -0.016
20.213    -445.601    -0.016
20.225    -446.101    -0.016
20.238    -446.600    -0.016
20.249    -447.100    -0.016
20.262    -447.600    -0.016
20.274    -448.100    -0.016
20.287    -448.600    -0.016
20.299    -449.099    -0.016
20.311    -449.599    -0.016
20.324    -450.099    -0.016
20.336    -450.599    -0.016
20.348    -451.099    -0.016
20.360    -451.598    -0.016
20.373    -452.098    -0.016
20.385    -452.598    -0.016
20.397    -453.098    -0.016
20.409    -453.598    -0.016
20.422    -454.097    -0.016
20.434    -454.597    -0.016
20.446    -455.097    -0.016
20.458    -455.597    -0.016
20.471    -456.097    -0.016
20.483    -456.597    -0.016
20.495    -457.096    -0.016
20.507    -457.596    -0.016
20.521    -458.196    -0.017
20.528    -458.696    -0.017
20.535    -459.196    -0.017
20.542    -459.596    -0.017
20.555    -460.096    -0.017
20.567    -460.595    -0.017
20.581    -461.195    -0.017
20.588    -461.695    -0.017
20.594    -462.095    -0.017
20.602    -462.594    -0.017
20.612    -463.094    -0.017
20.624    -463.594    -0.017
20.636    -464.193    -0.017
20.644    -464.693    -0.017
20.649    -465.093    -0.017
20.657    -465.593    -0.017
20.668    -466.093    -0.017
20.680    -466.593    -0.017
20.692    -467.193    -0.017
20.699    -467.693    -0.017
20.705    -468.093    -0.017
20.712    -468.592    -0.017
20.723    -469.092    -0.017
20.735    -469.592    -0.017
20.747    -470.192    -0.017
20.755    -470.692    -0.017
20.760    -471.092    -0.017
20.769    -471.692    -0.018
20.777    -472.192    -0.018
20.782    -472.592    -0.018
20.792    -473.192    -0.018
20.798    -473.691    -0.018
20.806    -474.191    -0.018
20.813    -474.691    -0.018
20.821    -475.191    -0.018
20.828    -475.691    -0.018
20.836    -476.191    -0.018
20.843    -476.691    -0.018
20.851    -477.191    -0.018
20.857    -477.691    -0.018
20.865    -478.191    -0.018
20.870    -478.591    -0.018
20.880    -479.191    -0.018
20.887    -479.691    -0.018
20.893    -480.091    -0.018
20.902    -480.690    -0.018
20.910    -481.190    -0.018
20.915    -481.590    -0.018
20.924    -482.190    -0.018
20.932    -482.690    -0.018
20.937    -483.090    -0.018
20.946    -483.690    -0.018
20.954    -484.190    -0.018
20.959    -484.590    -0.018
20.968    -485.190    -0.019
20.976    -485.690    -0.019
20.982    -486.090    -0.019
20.991    -486.690    -0.019
20.998    -487.189    -0.019
21.004    -487.589    -0.019
21.013    -488.189    -0.019
21.021    -488.689    -0.019
21.026    -489.089    -0.019
21.035    -489.689    -0.019
21.043    -490.189    -0.019
21.048    -490.589    -0.019
21.057    -491.189    -0.019
21.064    -491.689    -0.019
21.072    -492.189    -0.019
21.079    -492.689    -0.019
21.086    -493.188    -0.019
21.094    -493.687    -0.019
21.102    -494.187    -0.019
21.109    -494.687    -0.019
21.116    -495.187    -0.019
21.123    -495.687    -0.019
21.131    -496.187    -0.019
21.136    -496.587    -0.019
21.145    -497.187    -0.019
21.153    -497.687    -0.020
21.159    -498.087    -0.020
21.167    -498.787    -0.020
21.167    -499.287    -0.020
21.166    -499.787    -0.020
21.167    -500.287    -0.020
21.167    -500.787    -0.020
21.168    -501.287    -0.020
21.167    -501.786    -0.020
21.172    -502.186    -0.020
21.180    -502.686    -0.020
21.187    -503.186    -0.020
21.194    -503.686    -0.020
21.201    -504.186    -0.020
21.209    -504.686    -0.020
21.215    -505.186    -0.020
21.223    -505.686    -0.020
21.231    -506.186    -0.020
21.233    -506.786    -0.020
21.234    -507.286    -0.020
21.233    -507.786    -0.020
21.233    -508.286    -0.020
21.233    -508.786    -0.020
21.233    -509.285    -0.020
21.233    -509.785    -0.020
21.233    -510.285    -0.021
21.234    -510.786    -0.021
21.234    -511.286    -0.021
21.234    -511.786    -0.021
21.238    -512.186    -0.021
21.245    -512.686    -0.021
21.251    -513.186    -0.021
21.259    -513.686    -0.021
21.264    -514.085    -0.021
21.273    -514.685    -0.021
21.277    -515.284    -0.021
21.274    -515.785    -0.021
21.252    -516.584    -0.021
21.235    -517.084    -0.021
21.217    -517.583    -0.021
21.202    -517.984    -0.021
21.181    -518.583    -0.021
21.180    -518.783    -0.021
21.178    -519.283    -0.021
21.177    -519.783    -0.021
21.176    -520.283    -0.021
21.175    -520.783    -0.021
21.172    -521.283    -0.021
21.171    -521.783    -0.021
21.170    -522.282    -0.021
21.168    -522.782    -0.022
21.166    -523.283    -0.022
21.165    -523.783    -0.022
21.164    -524.283    -0.022
21.164    -524.782    -0.022
21.165    -525.282    -0.022
21.167    -525.782    -0.022
21.169    -526.282    -0.022
21.171    -526.782    -0.022
21.172    -527.282    -0.022
21.174    -527.782    -0.022
21.176    -528.282    -0.022
21.178    -528.782    -0.022
21.179    -529.282    -0.022
21.181    -529.782    -0.022
21.183    -530.282    -0.022
21.185    -530.782    -0.022
21.186    -531.282    -0.022
21.188    -531.782    -0.022
21.190    -532.282    -0.022
21.193    -532.782    -0.022
21.194    -533.282    -0.022
21.196    -533.782    -0.022
21.195    -534.282    -0.022
21.194    -534.781    -0.023
21.192    -535.281    -0.023
21.191    -535.781    -0.023
21.189    -536.282    -0.023
21.188    -536.782    -0.023
21.186    -537.281    -0.023
21.183    -537.881    -0.023
21.174    -538.381    -0.023
21.166    -538.881    -0.023
21.158    -539.381    -0.023
21.148    -539.881    -0.023
21.140    -540.381    -0.023
21.131    -540.881    -0.023
21.122    -541.380    -0.023
21.113    -541.880    -0.023
21.104    -542.380    -0.023
21.096    -542.780    -0.023
21.094    -543.280    -0.023
21.094    -543.780    -0.023
21.093    -544.280    -0.023
21.091    -544.780    -0.023
21.090    -545.280    -0.023
21.089    -545.780    -0.023
21.088    -546.280    -0.024
21.086    -546.780    -0.024
21.085    -547.280    -0.024
21.084    -547.779    -0.024
21.083    -548.279    -0.024
21.081    -548.780    -0.024
21.080    -549.280    -0.024
21.079    -549.780    -0.024
21.078    -550.280    -0.024
21.072    -550.879    -0.024
21.061    -551.480    -0.024
21.054    -551.879    -0.024
21.045    -552.379    -0.024
21.037    -552.879    -0.024
21.028    -553.379    -0.024
21.014    -553.978    -0.024
20.999    -554.479    -0.024
20.985    -554.978    -0.024
20.971    -555.478    -0.024
20.957    -555.978    -0.024
20.942    -556.477    -0.024
20.935    -556.878    -0.024
20.931    -557.277    -0.024
20.925    -557.877    -0.025
20.922    -558.277    -0.025
20.916    -558.777    -0.025
20.910    -559.377    -0.025
20.907    -559.777    -0.025
20.901    -560.377    -0.025
20.889    -560.977    -0.025
20.875    -561.476    -0.025
20.860    -561.976    -0.025
20.846    -562.476    -0.025
20.832    -562.975    -0.025
20.818    -563.476    -0.025
20.803    -563.975    -0.025
20.789    -564.475    -0.025
20.775    -564.975    -0.025
20.763    -565.474    -0.025
20.754    -565.875    -0.025
20.741    -566.474    -0.025
20.732    -566.874    -0.025
20.720    -567.474    -0.025
20.711    -567.874    -0.025
20.698    -568.473    -0.025
20.689    -568.874    -0.025
20.677    -569.473    -0.026
20.666    -569.974    -0.026
20.646    -570.573    -0.026
20.628    -571.073    -0.026
20.610    -571.572    -0.026
20.592    -572.072    -0.026
20.573    -572.571    -0.026
20.555    -573.071    -0.026
20.537    -573.570    -0.026
20.518    -574.070    -0.026
20.501    -574.569    -0.026
20.485    -575.070    -0.026
20.471    -575.469    -0.026
20.455    -575.969    -0.026
20.439    -576.468    -0.026
20.423    -576.969    -0.026
20.403    -577.568    -0.026
20.386    -578.068    -0.026
20.368    -578.567    -0.026
20.350    -579.067    -0.026
20.316    -579.766    -0.026
20.286    -580.265    -0.027
20.262    -580.664    -0.027
20.232    -581.163    -0.027
20.196    -581.762    -0.027
20.173    -582.161    -0.027
20.145    -582.660    -0.027
20.118    -583.160    -0.027
20.090    -583.659    -0.027
20.056    -584.258    -0.027
20.033    -584.657    -0.027
19.999    -585.256    -0.027
19.971    -585.756    -0.027
19.947    -586.155    -0.027
19.917    -586.653    -0.027
19.881    -587.252    -0.027
19.857    -587.652    -0.027
19.828    -588.151    -0.027
19.791    -588.750    -0.027
19.747    -589.348    -0.027
19.710    -589.847    -0.027
19.673    -590.345    -0.027
19.635    -590.844    -0.027
19.605    -591.243    -0.028
19.560    -591.841    -0.028
19.522    -592.340    -0.028
19.485    -592.838    -0.028
19.448    -593.337    -0.028
19.411    -593.836    -0.028
19.373    -594.334    -0.028
19.336    -594.833    -0.028
19.299    -595.331    -0.028
19.261    -595.830    -0.028
19.224    -596.329    -0.028
19.187    -596.827    -0.028
19.150    -597.326    -0.028
19.120    -597.724    -0.028
19.076    -598.322    -0.028
19.029    -598.921    -0.028
19.005    -599.219    -0.028
18.973    -599.718    -0.028
18.941    -600.217    -0.028
18.910    -600.717    -0.028
18.879    -601.216    -0.028
18.848    -601.714    -0.028
18.822    -602.113    -0.029
18.784    -602.712    -0.029
18.753    -603.211    -0.029
18.721    -603.710    -0.029
18.672    -604.408    -0.029
18.630    -604.906    -0.029
18.588    -605.405    -0.029
18.555    -605.803    -0.029
18.513    -606.301    -0.029
18.463    -606.900    -0.029
18.422    -607.398    -0.029
18.388    -607.796    -0.029
18.338    -608.394    -0.029
18.296    -608.892    -0.029
18.254    -609.391    -0.029
18.212    -609.889    -0.029
18.168    -610.387    -0.029
18.126    -610.885    -0.029
18.084    -611.383    -0.029
18.049    -611.781    -0.029
17.985    -612.479    -0.030
17.939    -612.976    -0.030
17.892    -613.474    -0.030
17.844    -613.971    -0.030
17.797    -614.470    -0.030
17.761    -614.868    -0.030
17.727    -615.266    -0.030
17.676    -615.864    -0.030
17.632    -616.362    -0.030
17.590    -616.860    -0.030
17.547    -617.358    -0.030
17.493    -617.957    -0.030
17.446    -618.454    -0.030
17.398    -618.952    -0.030
17.337    -619.548    -0.030
17.284    -620.046    -0.030
17.231    -620.542    -0.030
17.188    -620.940    -0.030
17.140    -621.437    -0.030
17.091    -621.936    -0.030
17.043    -622.433    -0.030
16.995    -622.930    -0.031
16.946    -623.428    -0.031
16.898    -623.926    -0.031
16.850    -624.424    -0.031
16.790    -625.020    -0.031
16.736    -625.518    -0.031
16.683    -626.015    -0.031
16.597    -626.709    -0.031
16.533    -627.205    -0.031
16.469    -627.700    -0.031
16.403    -628.196    -0.031
16.339    -628.693    -0.031
16.275    -629.188    -0.031
16.209    -629.684    -0.031
16.144    -630.180    -0.031
16.077    -630.675    -0.031
16.012    -631.171    -0.031
15.946    -631.667    -0.031
15.867    -632.261    -0.031
15.800    -632.756    -0.032
15.748    -633.153    -0.032
15.669    -633.747    -0.032
15.616    -634.144    -0.032
15.551    -634.640    -0.032
15.486    -635.136    -0.032
15.422    -635.632    -0.032
15.350    -636.126    -0.032
15.263    -636.720    -0.032
15.191    -637.214    -0.032
15.118    -637.709    -0.032
15.046    -638.204    -0.032
14.974    -638.699    -0.032
14.900    -639.194    -0.032
14.828    -639.687    -0.032
14.755    -640.182    -0.032
14.682    -640.677    -0.032
14.609    -641.172    -0.032
14.536    -641.667    -0.032
14.463    -642.161    -0.032
14.391    -642.655    -0.032
14.318    -643.150    -0.033
14.246    -643.645    -0.033
14.173    -644.140    -0.033
14.101    -644.634    -0.033
14.028    -645.129    -0.033
13.953    -645.623    -0.033
13.864    -646.216    -0.033
13.805    -646.612    -0.033
13.731    -647.107    -0.033
13.657    -647.601    -0.033
13.582    -648.095    -0.033
13.510    -648.590    -0.033
13.437    -649.085    -0.033
13.309    -649.874    -0.033
13.221    -650.366    -0.033
13.135    -650.859    -0.033
13.048    -651.351    -0.033
12.980    -651.745    -0.033
12.913    -652.140    -0.033
12.814    -652.731    -0.034
12.747    -653.126    -0.034
12.648    -653.717    -0.034
12.547    -654.309    -0.034
12.477    -654.703    -0.034
12.373    -655.293    -0.034
12.287    -655.786    -0.034
12.220    -656.180    -0.034
12.135    -656.673    -0.034
12.033    -657.264    -0.034
11.946    -657.757    -0.034
11.858    -658.249    -0.034
11.789    -658.643    -0.034
11.705    -659.136    -0.034
11.621    -659.629    -0.034
11.519    -660.219    -0.034
11.449    -660.614    -0.034
11.345    -661.204    -0.034
11.275    -661.598    -0.034
11.107    -662.482    -0.035
11.027    -662.874    -0.035
10.928    -663.364    -0.035
10.830    -663.854    -0.035
10.709    -664.442    -0.035
10.606    -664.932    -0.035
10.504    -665.420    -0.035
10.424    -665.812    -0.035
10.325    -666.302    -0.035
10.227    -666.793    -0.035
10.106    -667.380    -0.035
10.003    -667.869    -0.035
9.920    -668.261    -0.035
9.821    -668.751    -0.035
9.721    -669.241    -0.035
9.623    -669.731    -0.035
9.501    -670.319    -0.035
9.399    -670.808    -0.035
9.296    -671.298    -0.035
9.217    -671.689    -0.035
9.118    -672.179    -0.036
9.020    -672.669    -0.036
8.919    -673.159    -0.036
8.796    -673.747    -0.036
8.693    -674.235    -0.036
8.613    -674.627    -0.036
8.515    -675.118    -0.036
8.396    -675.706    -0.036
8.293    -676.195    -0.036
8.191    -676.685    -0.036
8.041    -677.368    -0.036
7.928    -677.855    -0.036
7.816    -678.343    -0.036
7.675    -678.925    -0.036
7.583    -679.314    -0.036
7.471    -679.802    -0.036
7.358    -680.289    -0.036
7.219    -680.872    -0.036
7.100    -681.358    -0.037
6.982    -681.844    -0.037
6.890    -682.233    -0.037
6.777    -682.720    -0.037
6.665    -683.208    -0.037
6.525    -683.791    -0.037
6.407    -684.277    -0.037
6.288    -684.763    -0.037
6.196    -685.152    -0.037
6.059    -685.735    -0.037
5.940    -686.221    -0.037
5.822    -686.707    -0.037
5.675    -687.289    -0.037
5.524    -687.869    -0.037
5.423    -688.257    -0.037
5.295    -688.740    -0.037
5.169    -689.223    -0.037
5.017    -689.804    -0.037
4.891    -690.288    -0.037
4.762    -690.771    -0.038
4.633    -691.254    -0.038
4.505    -691.737    -0.038
4.404    -692.124    -0.038
4.251    -692.704    -0.038
4.125    -693.188    -0.038
3.996    -693.671    -0.038
3.867    -694.155    -0.038
3.739    -694.638    -0.038
3.638    -695.024    -0.038
3.484    -695.604    -0.038
3.356    -696.087    -0.038
3.169    -696.762    -0.038
3.029    -697.242    -0.038
2.889    -697.721    -0.038
2.717    -698.296    -0.038
2.603    -698.680    -0.038
2.463    -699.160    -0.038
2.322    -699.640    -0.038
2.152    -700.215    -0.039
2.009    -700.694    -0.039
1.865    -701.173    -0.039
1.751    -701.556    -0.039
1.610    -702.036    -0.039
1.470    -702.516    -0.039
1.301    -703.092    -0.039
1.157    -703.570    -0.039
1.042    -703.954    -0.039
0.899    -704.432    -0.039
0.758    -704.913    -0.039
0.617    -705.391    -0.039
0.473    -705.871    -0.039
0.330    -706.349    -0.039
0.187    -706.829    -0.039
0.047    -707.308    -0.039
-0.095    -707.787    -0.039
-0.267    -708.362    -0.039
-0.409    -708.842    -0.040
-0.553    -709.320    -0.040
-0.667    -709.704    -0.040
-0.837    -710.279    -0.040
-0.950    -710.663    -0.040
-1.090    -711.143    -0.040
-1.200    -711.528    -0.040
-1.364    -712.105    -0.040
-1.533    -712.681    -0.040
-1.646    -713.065    -0.040
-1.815    -713.640    -0.040
-1.899    -713.928    -0.040
-2.064    -714.505    -0.040
-2.202    -714.985    -0.040
-2.514    -715.935    -0.040
-2.679    -716.407    -0.040
-2.878    -716.973    -0.040
-3.046    -717.444    -0.040
-3.215    -717.915    -0.041
-3.383    -718.385    -0.041
-3.515    -718.763    -0.041
-3.679    -719.235    -0.041
-3.843    -719.707    -0.041
-4.044    -720.273    -0.041
-4.213    -720.744    -0.041
-4.381    -721.214    -0.041
-4.513    -721.592    -0.041
-4.677    -722.064    -0.041
-4.983    -722.910    -0.041
-5.168    -723.375    -0.041
-5.353    -723.839    -0.041
-5.387    -723.933    -0.041
-5.551    -724.405    -0.041
-5.859    -725.250    -0.041
-6.044    -725.715    -0.041
-6.229    -726.179    -0.041
-6.339    -726.459    -0.042
-6.549    -727.021    -0.042
-6.688    -727.395    -0.042
-6.976    -728.142    -0.042
-7.125    -728.514    -0.042
-7.310    -728.977    -0.042
-7.419    -729.257    -0.042
-7.593    -729.725    -0.042
-7.768    -730.194    -0.042
-7.943    -730.662    -0.042
-8.117    -731.130    -0.042
-8.292    -731.600    -0.042
-8.585    -732.344    -0.042
-8.733    -732.715    -0.042
-8.995    -733.364    -0.042
-9.149    -733.733    -0.042
-9.342    -734.195    -0.042
-9.533    -734.656    -0.042
-9.682    -735.028    -0.042
-9.869    -735.491    -0.043
-10.093    -736.048    -0.043
-10.280    -736.511    -0.043
-10.431    -736.882    -0.043
-10.698    -737.529    -0.043
-10.890    -737.991    -0.043
-11.082    -738.452    -0.043
-11.194    -738.730    -0.043
-11.382    -739.194    -0.043
-11.569    -739.657    -0.043
-11.836    -740.305    -0.043
-12.028    -740.766    -0.043
-12.220    -741.228    -0.043
-12.369    -741.598    -0.043
-12.556    -742.062    -0.043
-12.744    -742.526    -0.043
-12.974    -743.080    -0.043
-13.127    -743.449    -0.043
-13.319    -743.911    -0.044
-13.507    -744.375    -0.044
-13.657    -744.745    -0.044
-13.844    -745.209    -0.044
-14.111    -745.856    -0.044
-14.303    -746.318    -0.044
-14.495    -746.779    -0.044
-14.687    -747.240    -0.044
-14.969    -747.881    -0.044
-15.176    -748.337    -0.044
-15.425    -748.883    -0.044
-15.635    -749.336    -0.044
-15.888    -749.880    -0.044
-16.055    -750.244    -0.044
-16.219    -750.608    -0.044
-16.426    -751.063    -0.044
-16.675    -751.609    -0.044
-16.928    -752.153    -0.045
-17.097    -752.516    -0.045
-17.264    -752.879    -0.045
-17.511    -753.425    -0.045
-17.676    -753.790    -0.045
-17.925    -754.335    -0.045
-18.178    -754.879    -0.045
-18.390    -755.332    -0.045
-18.514    -755.605    -0.045
-18.721    -756.060    -0.045
-18.927    -756.516    -0.045
-19.176    -757.062    -0.045
-19.387    -757.515    -0.045
-19.640    -758.059    -0.045
-19.807    -758.423    -0.045
-19.971    -758.787    -0.045
-20.177    -759.243    -0.045
-20.427    -759.789    -0.045
-20.680    -760.332    -0.045
-20.848    -760.695    -0.046
-21.201    -761.414    -0.046
-21.425    -761.860    -0.046
-21.746    -762.482    -0.046
-21.978    -762.924    -0.046
-22.165    -763.279    -0.046
-22.346    -763.635    -0.046
-22.571    -764.081    -0.046
-22.796    -764.528    -0.046
-23.119    -765.149    -0.046
-23.352    -765.592    -0.046
-23.538    -765.945    -0.046
-23.718    -766.303    -0.046
-23.944    -766.749    -0.046
-24.168    -767.196    -0.046
-24.492    -767.816    -0.046
-24.724    -768.259    -0.046
-24.910    -768.612    -0.047
-25.092    -768.970    -0.047
-25.316    -769.416    -0.047
-25.542    -769.862    -0.047
-25.911    -770.571    -0.047
-26.097    -770.926    -0.047
-26.283    -771.280    -0.047
-26.463    -771.636    -0.047
-26.689    -772.083    -0.047
-27.054    -772.794    -0.047
-27.243    -773.147    -0.047
-27.476    -773.589    -0.047
-27.708    -774.032    -0.047
-28.043    -774.647    -0.047
-28.285    -775.085    -0.047
-28.527    -775.522    -0.047
-28.667    -775.787    -0.047
-28.900    -776.229    -0.047
-29.284    -776.932    -0.048
-29.477    -777.281    -0.048
-29.820    -777.891    -0.048
-30.021    -778.237    -0.048
-30.322    -778.756    -0.048
-30.522    -779.103    -0.048
-30.716    -779.453    -0.048
-30.958    -779.890    -0.048
-31.351    -780.587    -0.048
-31.552    -780.933    -0.048
-31.803    -781.365    -0.048
-32.003    -781.711    -0.048
-32.197    -782.061    -0.048
-32.390    -782.411    -0.048
-32.781    -783.109    -0.048
-33.032    -783.541    -0.048
-33.233    -783.887    -0.048
-33.699    -784.657    -0.049
-34.019    -785.164    -0.049
-34.125    -785.334    -0.049
-34.327    -785.679    -0.049
-34.528    -786.025    -0.049
-34.985    -786.799    -0.049
-35.251    -787.223    -0.049
-35.517    -787.646    -0.049
-35.677    -787.900    -0.049
-35.878    -788.246    -0.049
-36.079    -788.592    -0.049
-36.431    -789.197    -0.049
-36.792    -789.797    -0.049
-37.058    -790.220    -0.049
-37.324    -790.643    -0.049
-37.646    -791.149    -0.049
-37.916    -791.570    -0.049
-38.186    -791.991    -0.049
-38.400    -792.329    -0.049
-38.719    -792.837    -0.050
-38.986    -793.260    -0.050
-39.256    -793.680    -0.050
-39.472    -794.017    -0.050
-39.794    -794.523    -0.050
-40.060    -794.946    -0.050
-40.327    -795.370    -0.050
-40.709    -795.956    -0.050
-40.871    -796.208    -0.050
-41.141    -796.629    -0.050
-41.410    -797.049    -0.050
-41.797    -797.634    -0.050
-42.076    -798.048    -0.050
-42.354    -798.464    -0.050
-42.517    -798.716    -0.050
-42.787    -799.136    -0.050
-43.057    -799.558    -0.050
-43.498    -800.224    -0.051
-43.721    -800.556    -0.051
-44.000    -800.972    -0.051
-44.163    -801.224    -0.051
-44.432    -801.644    -0.051
-44.702    -802.066    -0.051
-45.144    -802.732    -0.051
-45.367    -803.065    -0.051
-45.645    -803.479    -0.051
-45.862    -803.815    -0.051
-46.024    -804.068    -0.051
-46.463    -804.737    -0.051
-46.741    -805.152    -0.051
-47.192    -805.813    -0.051
-47.423    -806.139    -0.051
-47.770    -806.629    -0.051
-47.943    -806.874    -0.051
-48.222    -807.288    -0.051
-48.445    -807.621    -0.051
-48.896    -808.282    -0.052
-49.126    -808.608    -0.052
-49.416    -809.016    -0.052
-49.824    -809.586    -0.052
-50.118    -809.990    -0.052
-50.293    -810.233    -0.052
-50.640    -810.722    -0.052
-50.929    -811.130    -0.052
-51.280    -811.617    -0.052
-51.575    -812.021    -0.052
-51.869    -812.425    -0.052
-52.102    -812.750    -0.052
-52.391    -813.158    -0.052
-52.621    -813.484    -0.052
-53.030    -814.053    -0.052
-53.325    -814.457    -0.052
-53.619    -814.861    -0.052
-53.795    -815.104    -0.052
-54.083    -815.512    -0.053
-54.373    -815.920    -0.053
-54.662    -816.329    -0.053
-55.072    -816.895    -0.053
-55.366    -817.299    -0.053
-55.908    -818.018    -0.053
-56.092    -818.255    -0.053
-56.461    -818.728    -0.053
-56.583    -818.886    -0.053
-56.877    -819.290    -0.053
-57.171    -819.694    -0.053
-57.652    -820.335    -0.053
-58.020    -820.807    -0.053
-58.266    -821.123    -0.053
-58.388    -821.281    -0.053
-58.683    -821.685    -0.053
-58.978    -822.089    -0.053
-59.519    -822.808    -0.054
-59.764    -823.124    -0.054
-60.071    -823.518    -0.054
-60.514    -824.061    -0.054
-60.766    -824.371    -0.054
-61.013    -824.685    -0.054
-61.320    -825.080    -0.054
-61.817    -825.706    -0.054
-62.135    -826.093    -0.054
-62.453    -826.479    -0.054
-62.643    -826.710    -0.054
-62.951    -827.104    -0.054
-63.387    -827.652    -0.054
-63.705    -828.038    -0.054
-64.023    -828.424    -0.054
-64.409    -828.883    -0.054
-64.732    -829.264    -0.054
-65.056    -829.644    -0.054
-65.249    -829.875    -0.054
-65.630    -830.338    -0.055
-65.884    -830.647    -0.055
-66.333    -831.183    -0.055
-66.658    -831.563    -0.055
-66.982    -831.944    -0.055
-67.174    -832.175    -0.055
-67.492    -832.560    -0.055
-67.873    -833.023    -0.055
-68.260    -833.482    -0.055
-68.584    -833.864    -0.055
-68.908    -834.245    -0.055
-69.164    -834.552    -0.055
-69.482    -834.937    -0.055
-69.800    -835.324    -0.055
-70.250    -835.859    -0.055
-70.509    -836.164    -0.055
-71.031    -836.770    -0.055
-71.433    -837.216    -0.056
-71.700    -837.513    -0.056
-71.896    -837.740    -0.056
-72.155    -838.045    -0.056
-72.680    -838.648    -0.056
-73.015    -839.020    -0.056
-73.349    -839.392    -0.056
-73.684    -839.762    -0.056
-74.088    -840.206    -0.056
-74.425    -840.576    -0.056
-74.692    -840.873    -0.056
-75.027    -841.245    -0.056
-75.294    -841.542    -0.056
-75.764    -842.061    -0.056
-76.100    -842.431    -0.056
-76.369    -842.727    -0.056
-76.704    -843.099    -0.056
-77.039    -843.470    -0.056
-77.372    -843.841    -0.056
-77.776    -844.286    -0.057
-78.112    -844.656    -0.057
-78.449    -845.026    -0.057
-78.649    -845.249    -0.057
-79.050    -845.695    -0.057
-79.384    -846.067    -0.057
-79.787    -846.512    -0.057
-80.337    -847.093    -0.057
-80.543    -847.310    -0.057
-80.955    -847.746    -0.057
-81.229    -848.038    -0.057
-81.716    -848.541    -0.057
-82.065    -848.898    -0.057
-82.416    -849.255    -0.057
-82.554    -849.399    -0.057
-82.965    -849.836    -0.057
-83.308    -850.200    -0.057
-83.794    -850.704    -0.057
-84.075    -850.989    -0.057
-84.495    -851.417    -0.058
-84.702    -851.635    -0.058
-84.976    -851.926    -0.058
-85.318    -852.290    -0.058
-85.873    -852.866    -0.058
-86.224    -853.222    -0.058
-86.574    -853.580    -0.058
-86.780    -853.796    -0.058
-87.192    -854.233    -0.058
-87.605    -854.668    -0.058
-87.956    -855.025    -0.058
-88.305    -855.383    -0.058
-88.876    -855.943    -0.058
-89.238    -856.288    -0.058
-89.600    -856.632    -0.058
-89.742    -856.774    -0.058
-90.092    -857.130    -0.058
-90.442    -857.487    -0.058
-91.013    -858.048    -0.059
-91.375    -858.392    -0.059
-91.737    -858.737    -0.059
-92.025    -859.015    -0.059
-92.455    -859.433    -0.059
-92.817    -859.777    -0.059
-93.179    -860.122    -0.059
-93.541    -860.468    -0.059
-93.827    -860.746    -0.059
-94.258    -861.165    -0.059
-94.615    -861.513    -0.059
-95.202    -862.058    -0.059
-95.497    -862.328    -0.059
-95.867    -862.665    -0.059
-96.013    -862.800    -0.059
-96.300    -863.079    -0.059
-96.802    -863.568    -0.059
-97.310    -864.049    -0.059
-97.753    -864.453    -0.060
-98.048    -864.723    -0.060
-98.417    -865.060    -0.060
-98.786    -865.398    -0.060
-99.154    -865.735    -0.060
-99.523    -866.074    -0.060
-99.891    -866.411    -0.060
-100.261    -866.749    -0.060
-100.630    -867.085    -0.060
-100.999    -867.423    -0.060
-101.367    -867.761    -0.060
-101.735    -868.100    -0.060
-102.104    -868.436    -0.060
-102.473    -868.774    -0.060
-102.917    -869.177    -0.060
-103.212    -869.448    -0.060
-103.580    -869.786    -0.060
-103.948    -870.125    -0.060
-104.473    -870.587    -0.060
-104.851    -870.915    -0.061
-105.381    -871.372    -0.061
-105.763    -871.694    -0.061
-106.145    -872.017    -0.061
-106.374    -872.210    -0.061
-106.752    -872.538    -0.061
-107.128    -872.867    -0.061
-107.659    -873.324    -0.061
-108.040    -873.647    -0.061
-108.423    -873.969    -0.061
-108.726    -874.228    -0.061
-109.028    -874.491    -0.061
-109.406    -874.819    -0.061
-109.936    -875.277    -0.061
-110.318    -875.599    -0.061
-110.700    -875.922    -0.061
-110.929    -876.115    -0.061
-111.306    -876.443    -0.061
-111.759    -876.837    -0.061
-112.372    -877.351    -0.062
-112.761    -877.665    -0.062
-113.149    -877.980    -0.062
-113.226    -878.043    -0.062
-113.603    -878.372    -0.062
-113.979    -878.700    -0.062
-114.673    -879.275    -0.062
-115.062    -879.589    -0.062
-115.451    -879.902    -0.062
-115.842    -880.213    -0.062
-116.233    -880.525    -0.062
-116.624    -880.837    -0.062
-117.013    -881.151    -0.062
-117.402    -881.465    -0.062
-117.792    -881.778    -0.062
-118.183    -882.090    -0.062
-118.573    -882.401    -0.062
-118.964    -882.713    -0.062
-119.354    -883.027    -0.062
-119.743    -883.342    -0.062
-120.132    -883.655    -0.063
-120.523    -883.966    -0.063
-120.914    -884.277    -0.063
-121.387    -884.646    -0.063
-121.700    -884.896    -0.063
-122.170    -885.269    -0.063
-122.802    -885.759    -0.063
-123.203    -886.057    -0.063
-123.524    -886.297    -0.063
-123.764    -886.477    -0.063
-124.077    -886.725    -0.063
-124.469    -887.036    -0.063
-125.179    -887.589    -0.063
-125.580    -887.888    -0.063
-125.900    -888.126    -0.063
-126.140    -888.307    -0.063
-126.776    -888.793    -0.063
-127.096    -889.031    -0.063
-127.497    -889.330    -0.063
-128.146    -889.798    -0.064
-128.471    -890.032    -0.064
-128.796    -890.265    -0.064
-129.117    -890.503    -0.064
-129.518    -890.802    -0.064
-130.161    -891.277    -0.064
-130.567    -891.568    -0.064
-130.974    -891.860    -0.064
-131.218    -892.035    -0.064
-131.619    -892.332    -0.064
-132.020    -892.631    -0.064
-132.421    -892.929    -0.064
-132.909    -893.280    -0.064
-133.315    -893.571    -0.064
-133.639    -893.804    -0.064
-133.961    -894.043    -0.064
-134.362    -894.341    -0.064
-134.763    -894.640    -0.064
-135.411    -895.108    -0.064
-135.817    -895.400    -0.064
-136.477    -895.852    -0.065
-136.810    -896.074    -0.065
-137.058    -896.243    -0.065
-137.382    -896.475    -0.065
-137.870    -896.825    -0.065
-138.529    -897.280    -0.065
-138.944    -897.556    -0.065
-139.361    -897.833    -0.065
-139.445    -897.889    -0.065
-140.183    -898.403    -0.065
-140.602    -898.675    -0.065
-141.106    -899.001    -0.065
-141.356    -899.166    -0.065
-141.772    -899.444    -0.065
-142.187    -899.722    -0.065
-142.690    -900.051    -0.065
-143.192    -900.378    -0.065
-143.612    -900.650    -0.065
-143.861    -900.818    -0.065
-144.275    -901.096    -0.065
-144.690    -901.375    -0.066
-145.105    -901.655    -0.066
-145.688    -902.042    -0.066
-146.108    -902.314    -0.066
-146.443    -902.532    -0.066
-146.946    -902.858    -0.066
-147.365    -903.130    -0.066
-147.701    -903.348    -0.066
-148.377    -903.775    -0.066
-148.803    -904.038    -0.066
-149.228    -904.301    -0.066
-149.653    -904.564    -0.066
-150.078    -904.827    -0.066
-150.504    -905.090    -0.066
-150.929    -905.353    -0.066
-151.353    -905.616    -0.066
-151.524    -905.722    -0.066
-151.944    -905.993    -0.066
-152.446    -906.320    -0.066
-153.211    -906.795    -0.066
-153.555    -906.998    -0.067
-153.986    -907.254    -0.067
-154.242    -907.409    -0.067
-154.666    -907.675    -0.067
-155.004    -907.887    -0.067
-155.512    -908.206    -0.067
-156.195    -908.624    -0.067
-156.625    -908.878    -0.067
-156.969    -909.082    -0.067
-157.574    -909.433    -0.067
-157.921    -909.633    -0.067
-158.441    -909.932    -0.067
-158.875    -910.181    -0.067
-159.133    -910.333    -0.067
-159.649    -910.638    -0.067
-159.993    -910.842    -0.067
-160.425    -911.097    -0.067
-160.940    -911.402    -0.067
-161.285    -911.606    -0.067
-161.541    -911.761    -0.067
-161.965    -912.026    -0.067
-162.389    -912.291    -0.068
-162.814    -912.556    -0.068
-163.409    -912.923    -0.068
-163.926    -913.228    -0.068
-164.535    -913.573    -0.068
-164.884    -913.770    -0.068
-165.674    -914.200    -0.068
-166.116    -914.432    -0.068
-166.559    -914.664    -0.068
-166.648    -914.711    -0.068
-167.083    -914.956    -0.068
-167.606    -915.250    -0.068
-168.310    -915.632    -0.068
-168.753    -915.861    -0.068
-169.197    -916.092    -0.068
-169.552    -916.276    -0.068
-169.814    -916.422    -0.068
-170.426    -916.761    -0.068
-170.779    -916.949    -0.068
-171.219    -917.188    -0.068
-171.570    -917.379    -0.068
-172.096    -917.666    -0.069
-172.536    -917.905    -0.069
-173.066    -918.186    -0.069
-173.508    -918.418    -0.069
-173.951    -918.652    -0.069
-174.301    -918.844    -0.069
-174.740    -919.085    -0.069
-175.178    -919.326    -0.069
-175.795    -919.654    -0.069
-176.149    -919.841    -0.069
-176.592    -920.074    -0.069
-177.213    -920.395    -0.069
-177.658    -920.623    -0.069
-177.925    -920.761    -0.069
-178.368    -920.994    -0.069
-178.898    -921.274    -0.069
-179.252    -921.460    -0.069
-179.694    -921.693    -0.069
-180.136    -921.927    -0.069
-180.667    -922.206    -0.069
-181.111    -922.435    -0.069
-181.645    -922.709    -0.070
-182.001    -922.893    -0.070
-182.445    -923.121    -0.070
-182.711    -923.261    -0.070
-183.697    -923.748    -0.070
-184.149    -923.961    -0.070
-184.601    -924.174    -0.070
-185.055    -924.384    -0.070
-185.509    -924.594    -0.070
-185.963    -924.803    -0.070
-186.325    -924.974    -0.070
-186.777    -925.187    -0.070
-187.229    -925.401    -0.070
-187.680    -925.616    -0.070
-188.131    -925.831    -0.070
-188.582    -926.047    -0.070
-189.124    -926.304    -0.070
-189.577    -926.517    -0.070
-189.938    -926.688    -0.070
-190.390    -926.904    -0.070
-190.841    -927.119    -0.070
-191.292    -927.335    -0.070
-191.743    -927.549    -0.071
-192.195    -927.762    -0.071
-192.647    -927.976    -0.071
-193.098    -928.192    -0.071
-193.549    -928.407    -0.071
-194.368    -928.781    -0.071
-194.827    -928.978    -0.071
-195.287    -929.175    -0.071
-195.748    -929.368    -0.071
-196.302    -929.599    -0.071
-196.763    -929.791    -0.071
-197.133    -929.945    -0.071
-197.593    -930.140    -0.071
-198.053    -930.336    -0.071
-198.512    -930.533    -0.071
-199.066    -930.765    -0.071
-199.528    -930.957    -0.071
-199.989    -931.150    -0.071
-200.357    -931.307    -0.071
-200.816    -931.503    -0.071
-201.275    -931.700    -0.071
-201.829    -931.932    -0.071
-202.199    -932.086    -0.072
-202.752    -932.317    -0.072
-203.120    -932.474    -0.072
-203.488    -932.630    -0.072
-203.948    -932.828    -0.072
-204.406    -933.028    -0.072
-205.145    -933.332    -0.072
-205.704    -933.552    -0.072
-206.075    -933.698    -0.072
-206.446    -933.848    -0.072
-206.910    -934.036    -0.072
-207.467    -934.260    -0.072
-208.025    -934.480    -0.072
-208.489    -934.664    -0.072
-208.768    -934.775    -0.072
-209.324    -935.002    -0.072
-209.694    -935.154    -0.072
-210.343    -935.415    -0.072
-210.715    -935.562    -0.072
-211.273    -935.782    -0.072
-211.928    -936.027    -0.072
-212.398    -936.198    -0.072
-212.774    -936.336    -0.072
-213.053    -936.445    -0.073
-213.518    -936.628    -0.073
-214.077    -936.848    -0.073
-214.543    -937.027    -0.073
-215.011    -937.205    -0.073
-215.571    -937.418    -0.073
-215.945    -937.561    -0.073
-216.695    -937.837    -0.073
-217.168    -938.001    -0.073
-217.640    -938.165    -0.073
-217.921    -938.270    -0.073
-218.389    -938.446    -0.073
-219.139    -938.723    -0.073
-219.611    -938.887    -0.073
-220.083    -939.052    -0.073
-220.367    -939.150    -0.073
-220.837    -939.320    -0.073
-221.307    -939.490    -0.073
-221.778    -939.660    -0.073
-222.438    -939.891    -0.073
-222.910    -940.055    -0.073
-223.288    -940.187    -0.073
-223.665    -940.322    -0.073
-224.135    -940.491    -0.073
-224.606    -940.660    -0.074
-225.172    -940.859    -0.074
-225.644    -941.024    -0.074
-226.116    -941.188    -0.074
-226.684    -941.380    -0.074
-227.158    -941.539    -0.074
-227.633    -941.698    -0.074
-228.106    -941.860    -0.074
-228.578    -942.024    -0.074
-229.051    -942.188    -0.074
-229.907    -942.461    -0.074
-230.290    -942.578    -0.074
-230.577    -942.666    -0.074
-230.955    -942.797    -0.074
-231.427    -942.961    -0.074
-232.187    -943.210    -0.074
-232.665    -943.356    -0.074
-233.143    -943.503    -0.074
-233.621    -943.650    -0.074
-234.196    -943.820    -0.074
-234.676    -943.961    -0.074
-235.156    -944.103    -0.074
-235.636    -944.244    -0.074
-236.114    -944.385    -0.074
-236.594    -944.526    -0.075
-237.170    -944.694    -0.075
-237.650    -944.834    -0.075
-238.034    -944.946    -0.075
-238.513    -945.088    -0.075
-238.993    -945.229    -0.075
-239.473    -945.370    -0.075
-239.952    -945.513    -0.075
-240.431    -945.656    -0.075
-240.910    -945.798    -0.075
-241.390    -945.940    -0.075
-241.870    -946.082    -0.075
-242.348    -946.223    -0.075
-242.828    -946.365    -0.075
-243.307    -946.509    -0.075
-243.690    -946.623    -0.075
-244.265    -946.794    -0.075
-244.745    -946.935    -0.075
-245.225    -947.077    -0.075
-245.800    -947.245    -0.075
-246.185    -947.355    -0.075
-246.665    -947.494    -0.075
-247.145    -947.634    -0.075
-247.916    -947.847    -0.075
-248.302    -947.951    -0.075
-248.881    -948.107    -0.076
-249.562    -948.274    -0.076
-250.048    -948.390    -0.076
-250.533    -948.507    -0.076
-251.020    -948.622    -0.076
-251.506    -948.739    -0.076
-251.992    -948.855    -0.076
-252.478    -948.975    -0.076
-252.865    -949.073    -0.076
-253.448    -949.217    -0.076
-253.836    -949.314    -0.076
-254.419    -949.459    -0.076
-254.806    -949.556    -0.076
-255.389    -949.699    -0.076
-255.876    -949.815    -0.076
-256.362    -949.931    -0.076
-256.848    -950.046    -0.076
-257.335    -950.163    -0.076
-257.820    -950.279    -0.076
-258.113    -950.349    -0.076
-258.596    -950.476    -0.076
-259.080    -950.601    -0.076
-259.661    -950.748    -0.076
-260.147    -950.868    -0.076
-260.731    -951.009    -0.076
-261.217    -951.124    -0.076
-261.703    -951.241    -0.077
-262.092    -951.334    -0.077
-262.675    -951.476    -0.077
-263.160    -951.593    -0.077
-263.647    -951.708    -0.077
-264.231    -951.847    -0.077
-264.718    -951.960    -0.077
-265.205    -952.071    -0.077
-265.990    -952.229    -0.077
-266.481    -952.324    -0.077
-266.972    -952.420    -0.077
-267.364    -952.497    -0.077
-267.952    -952.614    -0.077
-268.442    -952.711    -0.077
-268.933    -952.808    -0.077
-269.522    -952.922    -0.077
-269.915    -952.998    -0.077
-270.504    -953.111    -0.077
-270.995    -953.203    -0.077
-271.388    -953.279    -0.077
-271.879    -953.373    -0.077
-272.370    -953.469    -0.077
-272.861    -953.563    -0.077
-273.450    -953.673    -0.077
-273.844    -953.746    -0.077
-274.433    -953.856    -0.077
-274.827    -953.931    -0.077
-275.317    -954.027    -0.078
-275.808    -954.122    -0.078
-276.398    -954.230    -0.078
-276.988    -954.337    -0.078
-277.382    -954.410    -0.078
-277.774    -954.486    -0.078
-278.265    -954.580    -0.078
-278.953    -954.711    -0.078
-279.445    -954.797    -0.078
-279.840    -954.866    -0.078
-280.233    -954.936    -0.078
-280.724    -955.030    -0.078
-281.611    -955.183    -0.078
-282.105    -955.256    -0.078
-282.501    -955.317    -0.078
-282.995    -955.395    -0.078
-283.488    -955.473    -0.078
-283.981    -955.553    -0.078
-284.377    -955.618    -0.078
-284.969    -955.716    -0.078
-285.462    -955.798    -0.078
-285.955    -955.877    -0.078
-286.449    -955.956    -0.078
-286.943    -956.033    -0.078
-287.437    -956.112    -0.078
-287.930    -956.192    -0.078
-288.523    -956.286    -0.078
-288.819    -956.333    -0.078
-289.412    -956.428    -0.078
-289.905    -956.505    -0.079
-290.598    -956.608    -0.079
-291.093    -956.673    -0.079
-291.589    -956.738    -0.079
-292.184    -956.815    -0.079
-292.580    -956.865    -0.079
-293.077    -956.929    -0.079
-293.572    -956.995    -0.079
-294.068    -957.063    -0.079
-294.562    -957.131    -0.079
-295.158    -957.207    -0.079
-295.654    -957.270    -0.079
-296.250    -957.343    -0.079
-296.746    -957.401    -0.079
-297.242    -957.459    -0.079
-297.640    -957.506    -0.079
-298.236    -957.574    -0.079
-298.832    -957.639    -0.079
-299.230    -957.682    -0.079
-299.727    -957.735    -0.079
-300.224    -957.788    -0.079
-300.721    -957.841    -0.079
-301.317    -957.906    -0.079
-301.815    -957.959    -0.079
-302.312    -958.013    -0.079
-302.809    -958.064    -0.079
-303.307    -958.114    -0.079
-303.804    -958.165    -0.079
-304.302    -958.217    -0.079
-304.799    -958.269    -0.079
-305.196    -958.313    -0.080
-305.792    -958.378    -0.080
-306.390    -958.436    -0.080
-306.887    -958.482    -0.080
-307.585    -958.542    -0.080
-308.083    -958.578    -0.080
-308.582    -958.614    -0.080
-308.981    -958.644    -0.080
-309.580    -958.690    -0.080
-310.078    -958.727    -0.080
-310.576    -958.764    -0.080
-311.075    -958.800    -0.080
-311.574    -958.837    -0.080
-311.772    -958.856    -0.080
-312.370    -958.915    -0.080
-312.867    -958.965    -0.080
-313.564    -959.030    -0.080
-314.063    -959.067    -0.080
-314.561    -959.104    -0.080
-315.060    -959.141    -0.080
-315.558    -959.176    -0.080
-316.156    -959.219    -0.080
-316.756    -959.255    -0.080
-317.155    -959.280    -0.080
-317.753    -959.316    -0.080
-318.253    -959.343    -0.080
-318.753    -959.366    -0.080
-319.352    -959.395    -0.080
-319.952    -959.417    -0.080
-320.451    -959.433    -0.080
-320.851    -959.449    -0.080
-321.250    -959.468    -0.080
-321.849    -959.497    -0.081
-322.349    -959.521    -0.081
-322.748    -959.539    -0.081
-323.348    -959.566    -0.081
-323.847    -959.585    -0.081
-324.347    -959.605    -0.081
-324.747    -959.624    -0.081
-325.345    -959.653    -0.081
-325.945    -959.680    -0.081
-326.344    -959.696    -0.081
-326.844    -959.716    -0.081
-327.343    -959.736    -0.081
-327.843    -959.760    -0.081
-328.343    -959.784    -0.081
-328.842    -959.805    -0.081
-329.342    -959.828    -0.081
-330.141    -959.855    -0.081
-330.641    -959.864    -0.081
-331.141    -959.873    -0.081
-331.640    -959.881    -0.081
-332.140    -959.890    -0.081
-332.640    -959.899    -0.081
-332.940    -959.907    -0.081
-333.439    -959.928    -0.081
-333.939    -959.948    -0.081
-334.638    -959.970    -0.081
-335.138    -959.978    -0.081
-335.638    -959.987    -0.081
-336.238    -959.992    -0.081
-336.738    -959.994    -0.081
-337.138    -959.995    -0.081
-337.638    -960.003    -0.081
-338.238    -960.007    -0.081
-338.738    -960.009    -0.081
-339.438    -960.008    -0.081
-339.938    -960.003    -0.082
-340.438    -959.998    -0.082
-340.738    -959.996    -0.082
-341.238    -959.998    -0.082
-341.738    -959.999    -0.082
-342.437    -959.999    -0.082
-342.937    -959.994    -0.082
-343.438    -959.988    -0.082
-343.738    -959.986    -0.082
-344.238    -959.988    -0.082
-344.737    -959.990    -0.082
-345.437    -959.989    -0.082
-345.937    -959.984    -0.082
-346.438    -959.979    -0.082
-347.236    -959.953    -0.082
-347.736    -959.930    -0.082
-348.035    -959.917    -0.082
-348.335    -959.913    -0.082
-349.135    -959.895    -0.082
-349.635    -959.877    -0.082
-350.135    -959.860    -0.082
-350.734    -959.833    -0.082
-351.233    -959.810    -0.082
-351.733    -959.788    -0.082
-352.132    -959.774    -0.082
-352.632    -959.756    -0.082
-353.032    -959.742    -0.082
-353.731    -959.712    -0.082
-354.231    -959.690    -0.082
-354.730    -959.668    -0.082
-355.130    -959.653    -0.082
-355.629    -959.635    -0.082
-356.129    -959.617    -0.082
-356.729    -959.591    -0.082
-357.228    -959.568    -0.082
-357.728    -959.546    -0.082
-358.127    -959.531    -0.082
-358.925    -959.490    -0.082
-359.424    -959.455    -0.082
-359.923    -959.420    -0.083
-360.422    -959.384    -0.083
-360.921    -959.349    -0.083
-361.519    -959.307    -0.083
-361.918    -959.279    -0.083
-362.417    -959.244    -0.083
-362.916    -959.209    -0.083
-363.415    -959.174    -0.083
-363.913    -959.138    -0.083
-364.512    -959.096    -0.083
-364.910    -959.069    -0.083
-365.409    -959.033    -0.083
-365.908    -958.998    -0.083
-366.406    -958.963    -0.083
-366.905    -958.927    -0.083
-367.504    -958.886    -0.083
-367.903    -958.858    -0.083
-368.601    -958.799    -0.083
-368.998    -958.764    -0.083
-369.596    -958.711    -0.083
-369.996    -958.681    -0.083
-370.494    -958.646    -0.083
-370.893    -958.617    -0.083
-371.490    -958.561    -0.083
-372.088    -958.507    -0.083
-372.585    -958.463    -0.083
-373.282    -958.392    -0.083
-373.679    -958.348    -0.083
-374.176    -958.294    -0.083
-374.474    -958.262    -0.083
-375.073    -958.208    -0.083
-375.570    -958.164    -0.083
-376.267    -958.093    -0.083
-376.664    -958.050    -0.083
-377.161    -957.995    -0.083
-377.757    -957.927    -0.083
-378.254    -957.870    -0.083
-378.651    -957.823    -0.083
-379.247    -957.756    -0.083
-379.645    -957.713    -0.083
-380.142    -957.658    -0.083
-380.738    -957.590    -0.083
-381.235    -957.533    -0.083
-381.731    -957.474    -0.083
-382.229    -957.419    -0.084
-382.626    -957.375    -0.084
-383.123    -957.321    -0.084
-383.619    -957.261    -0.084
-384.215    -957.192    -0.084
-384.811    -957.121    -0.084
-385.405    -957.042    -0.084
-385.901    -956.975    -0.084
-386.396    -956.908    -0.084
-386.891    -956.839    -0.084
-387.387    -956.769    -0.084
-387.783    -956.714    -0.084
-388.377    -956.635    -0.084
-388.873    -956.569    -0.084
-389.369    -956.502    -0.084
-389.863    -956.432    -0.084
-390.457    -956.348    -0.084
-390.854    -956.293    -0.084
-391.348    -956.224    -0.084
-391.746    -956.171    -0.084
-392.340    -956.092    -0.084
-393.131    -955.972    -0.084
-393.525    -955.906    -0.084
-394.117    -955.808    -0.084
-394.315    -955.781    -0.084
-394.712    -955.728    -0.084
-395.307    -955.649    -0.084
-395.998    -955.544    -0.084
-396.491    -955.463    -0.084
-397.084    -955.365    -0.084
-397.577    -955.281    -0.084
-398.070    -955.198    -0.084
-398.563    -955.114    -0.084
-399.056    -955.033    -0.084
-399.451    -954.967    -0.084
-400.042    -954.869    -0.084
-400.535    -954.786    -0.084
-401.028    -954.702    -0.084
-401.717    -954.579    -0.084
-402.306    -954.463    -0.084
-402.796    -954.367    -0.084
-402.992    -954.329    -0.084
-403.485    -954.246    -0.084
-403.978    -954.162    -0.084
-404.766    -954.020    -0.084
-405.256    -953.923    -0.084
-405.747    -953.827    -0.084
-406.335    -953.706    -0.084
-406.824    -953.603    -0.084
-407.216    -953.523    -0.084
-407.706    -953.427    -0.084
-408.098    -953.349    -0.085
-408.785    -953.210    -0.085
-409.274    -953.108    -0.085
-409.763    -953.005    -0.085
-410.155    -952.925    -0.085
-410.646    -952.829    -0.085
-411.038    -952.751    -0.085
-411.724    -952.612    -0.085
-412.115    -952.529    -0.085
-412.702    -952.406    -0.085
-412.997    -952.346    -0.085
-413.682    -952.206    -0.085
-414.172    -952.103    -0.085
-414.563    -952.021    -0.085
-415.246    -951.871    -0.085
-415.734    -951.762    -0.085
-416.319    -951.630    -0.085
-416.806    -951.514    -0.085
-417.293    -951.399    -0.085
-417.780    -951.285    -0.085
-418.170    -951.198    -0.085
-418.657    -951.090    -0.085
-419.340    -950.933    -0.085
-419.728    -950.840    -0.085
-420.313    -950.700    -0.085
-420.604    -950.632    -0.085
-421.092    -950.524    -0.085
-421.581    -950.415    -0.085
-422.068    -950.307    -0.085
-422.750    -950.147    -0.085
-423.139    -950.054    -0.085
-423.820    -949.890    -0.085
-424.400    -949.739    -0.085
-424.788    -949.639    -0.085
-425.175    -949.539    -0.085
-425.564    -949.447    -0.085
-426.148    -949.307    -0.085
-426.731    -949.167    -0.085
-427.215    -949.041    -0.085
-427.796    -948.891    -0.085
-428.086    -948.816    -0.085
-428.475    -948.723    -0.085
-429.058    -948.584    -0.085
-429.642    -948.443    -0.085
-430.222    -948.293    -0.085
-430.610    -948.193    -0.085
-431.285    -948.011    -0.085
-431.862    -947.846    -0.085
-432.153    -947.771    -0.085
-432.731    -947.610    -0.085
-433.308    -947.445    -0.085
-433.692    -947.335    -0.085
-434.174    -947.202    -0.085
-434.657    -947.071    -0.085
-435.235    -946.911    -0.085
-435.619    -946.801    -0.085
-436.196    -946.637    -0.085
-436.581    -946.527    -0.085
-437.063    -946.394    -0.085
-437.449    -946.288    -0.085
-438.028    -946.130    -0.085
-438.605    -945.965    -0.085
-439.085    -945.829    -0.085
-439.470    -945.719    -0.085
-439.952    -945.586    -0.085
-440.337    -945.480    -0.085
-440.916    -945.321    -0.085
-441.494    -945.162    -0.086
-441.975    -945.024    -0.086
-442.456    -944.887    -0.086
-443.220    -944.651    -0.086
-443.696    -944.499    -0.086
-444.077    -944.377    -0.086
-444.647    -944.191    -0.086
-445.123    -944.036    -0.086
-445.503    -943.912    -0.086
-446.075    -943.729    -0.086
-446.550    -943.576    -0.086
-447.026    -943.423    -0.086
-447.502    -943.268    -0.086
-447.977    -943.113    -0.086
-448.357    -942.989    -0.086
-448.929    -942.806    -0.086
-449.405    -942.653    -0.086
-449.880    -942.499    -0.086
-450.356    -942.345    -0.086
-450.831    -942.190    -0.086
-451.306    -942.035    -0.086
-451.687    -941.913    -0.086
-452.164    -941.760    -0.086
-452.734    -941.575    -0.086
-453.210    -941.420    -0.086
-453.685    -941.266    -0.086
-454.347    -941.039    -0.086
-454.819    -940.875    -0.086
-455.198    -940.743    -0.086
-455.578    -940.618    -0.086
-456.052    -940.463    -0.086
-456.623    -940.276    -0.086
-457.189    -940.081    -0.086
-457.661    -939.917    -0.086
-458.321    -939.682    -0.086
-458.790    -939.509    -0.086
-459.074    -939.410    -0.086
-459.546    -939.246    -0.086
-460.018    -939.081    -0.086
-460.676    -938.843    -0.086
-461.052    -938.705    -0.086
-461.615    -938.498    -0.086
-461.898    -938.399    -0.086
-462.370    -938.234    -0.086
-463.029    -938.000    -0.086
-463.499    -937.827    -0.086
-463.968    -937.654    -0.086
-464.622    -937.405    -0.086
-465.087    -937.224    -0.086
-465.553    -937.043    -0.086
-465.741    -936.972    -0.086
-466.304    -936.765    -0.086
-466.772    -936.592    -0.086
-467.427    -936.342    -0.086
-467.800    -936.197    -0.086
-468.265    -936.016    -0.086
-468.640    -935.875    -0.086
-469.109    -935.702    -0.086
-469.578    -935.529    -0.086
-470.139    -935.316    -0.086
-470.605    -935.135    -0.086
-471.349    -934.841    -0.086
-471.809    -934.646    -0.086
-472.271    -934.455    -0.086
-472.731    -934.260    -0.086
-473.191    -934.064    -0.086
-473.561    -933.911    -0.086
-474.023    -933.720    -0.086
-474.485    -933.530    -0.086
-475.038    -933.298    -0.086
-475.591    -933.064    -0.086
-475.960    -932.908    -0.086
-476.421    -932.716    -0.086
-476.791    -932.564    -0.086
-477.253    -932.374    -0.086
-477.806    -932.141    -0.086
-478.267    -931.946    -0.086
-478.727    -931.752    -0.086
-479.096    -931.598    -0.086
-479.650    -931.369    -0.086
-480.020    -931.216    -0.086
-480.576    -930.987    -0.086
-481.036    -930.795    -0.086
-481.497    -930.600    -0.086
-481.958    -930.405    -0.086
-482.687    -930.079    -0.086
-483.142    -929.871    -0.086
-483.506    -929.706    -0.086
-483.875    -929.550    -0.086
-484.244    -929.394    -0.086
-484.703    -929.199    -0.086
-485.343    -928.914    -0.086
-485.889    -928.666    -0.086
-486.525    -928.374    -0.086
-486.797    -928.247    -0.086
-487.160    -928.078    -0.086
-487.706    -927.830    -0.086
-488.161    -927.624    -0.086
-488.616    -927.416    -0.086
-489.160    -927.163    -0.086
-489.523    -926.995    -0.086
-490.067    -926.743    -0.086
-490.608    -926.483    -0.086
-491.058    -926.265    -0.086
-491.508    -926.046    -0.086
-491.870    -925.878    -0.086
-492.414    -925.624    -0.086
-492.777    -925.456    -0.086
-493.407    -925.152    -0.086
-493.945    -924.885    -0.086
-494.303    -924.707    -0.086
-494.750    -924.484    -0.086
-495.199    -924.264    -0.086
-495.559    -924.088    -0.086
-496.008    -923.868    -0.086
-496.545    -923.602    -0.086
-496.993    -923.379    -0.086
-497.440    -923.156    -0.086
-497.889    -922.936    -0.086
-498.338    -922.717    -0.086
-498.788    -922.497    -0.086
-499.235    -922.275    -0.086
-499.683    -922.051    -0.086
-500.220    -921.784    -0.086
-500.579    -921.608    -0.086
-501.028    -921.389    -0.086
-501.477    -921.169    -0.086
-502.016    -920.904    -0.086
-502.374    -920.725    -0.086
-502.910    -920.458    -0.086
-503.701    -920.028    -0.086
-504.137    -919.785    -0.086
-504.400    -919.639    -0.086
-504.578    -919.549    -0.086
-505.374    -919.129    -0.086
-505.727    -918.940    -0.086
-506.342    -918.605    -0.086
-506.777    -918.361    -0.086
-507.214    -918.118    -0.086
-507.477    -917.973    -0.086
-508.006    -917.689    -0.086
-508.359    -917.500    -0.086
-508.973    -917.166    -0.086
-509.410    -916.922    -0.086
-509.845    -916.678    -0.086
-510.109    -916.533    -0.086
-510.550    -916.298    -0.086
-511.078    -916.014    -0.086
-511.605    -915.726    -0.086
-512.041    -915.482    -0.086
-512.478    -915.239    -0.086
-512.740    -915.094    -0.086
-513.181    -914.858    -0.086
-513.708    -914.569    -0.086
-514.653    -914.010    -0.086
-515.078    -913.746    -0.086
-515.419    -913.536    -0.086
-515.506    -913.488    -0.086
-515.857    -913.296    -0.086
-516.296    -913.055    -0.086
-517.158    -912.549    -0.086
-517.583    -912.286    -0.086
-518.008    -912.024    -0.086
-518.097    -911.976    -0.086
-518.447    -911.783    -0.086
-518.972    -911.494    -0.086
-519.323    -911.301    -0.086
-519.760    -911.060    -0.086
-520.621    -910.550    -0.086
-521.130    -910.234    -0.086
-521.554    -909.970    -0.086
-521.893    -909.757    -0.086
-522.402    -909.438    -0.086
-522.741    -909.227    -0.086
-523.166    -908.964    -0.086
-523.675    -908.645    -0.086
-524.098    -908.378    -0.086
-524.435    -908.164    -0.086
-524.858    -907.897    -0.086
-525.283    -907.634    -0.086
-525.710    -907.374    -0.086
-526.136    -907.113    -0.086
-526.645    -906.794    -0.086
-527.152    -906.473    -0.086
-527.490    -906.259    -0.086
-527.831    -906.050    -0.086
-528.257    -905.790    -0.086
-528.847    -905.411    -0.086
-529.266    -905.141    -0.086
-529.687    -904.870    -0.086
-530.025    -904.656    -0.086
-530.447    -904.389    -0.086
-530.954    -904.068    -0.086
-531.292    -903.853    -0.086
-531.799    -903.532    -0.086
-532.137    -903.319    -0.086
-532.559    -903.051    -0.086
-532.981    -902.784    -0.086
-533.404    -902.517    -0.086
-533.742    -902.303    -0.086
-534.249    -901.982    -0.086
-534.672    -901.714    -0.086
-535.010    -901.501    -0.086
-535.098    -901.453    -0.086
-535.450    -901.263    -0.086
-535.889    -901.025    -0.086
-536.838    -900.471    -0.086
-537.261    -900.204    -0.086
-537.931    -899.767    -0.086
-538.426    -899.428    -0.086
-538.757    -899.203    -0.086
-538.922    -899.090    -0.086
-539.595    -898.656    -0.086
-540.090    -898.318    -0.086
-540.420    -898.093    -0.086
-541.152    -897.570    -0.086
-541.555    -897.274    -0.086
-541.878    -897.038    -0.086
-542.043    -896.924    -0.086
-542.538    -896.585    -0.086
-542.868    -896.360    -0.086
-543.601    -895.837    -0.086
-544.004    -895.541    -0.086
-544.326    -895.305    -0.086
-544.491    -895.191    -0.086
-544.904    -894.908    -0.086
-545.399    -894.570    -0.086
-545.967    -894.163    -0.086
-546.452    -893.809    -0.086
-546.774    -893.572    -0.086
-546.939    -893.458    -0.086
-547.351    -893.176    -0.086
-548.001    -892.710    -0.086
-548.485    -892.355    -0.086
-549.121    -891.870    -0.086
-549.514    -891.561    -0.086
-549.907    -891.251    -0.086
-550.066    -891.132    -0.086
-550.470    -890.836    -0.086
-550.873    -890.541    -0.086
-551.510    -890.056    -0.086
-551.902    -889.747    -0.086
-552.295    -889.437    -0.086
-552.374    -889.377    -0.086
-552.858    -889.022    -0.086
-553.261    -888.727    -0.086
-553.898    -888.241    -0.086
-554.290    -887.932    -0.086
-554.684    -887.623    -0.086
-554.844    -887.503    -0.086
-555.247    -887.208    -0.086
-555.650    -886.912    -0.086
-556.286    -886.427    -0.086
-556.678    -886.117    -0.086
-557.072    -885.809    -0.086
-557.232    -885.688    -0.086
-557.871    -885.208    -0.086
-558.263    -884.898    -0.086
-558.657    -884.590    -0.086
-559.201    -884.150    -0.086
-559.590    -883.834    -0.086
-559.977    -883.519    -0.086
-560.365    -883.203    -0.086
-560.753    -882.888    -0.086
-561.141    -882.573    -0.086
-561.373    -882.384    -0.086
-561.766    -882.074    -0.086
-562.160    -881.765    -0.086
-562.552    -881.456    -0.086
-562.945    -881.147    -0.086
-563.338    -880.837    -0.086
-563.730    -880.528    -0.086
-564.123    -880.218    -0.086
-564.516    -879.909    -0.086
-565.139    -879.407    -0.086
-565.521    -879.086    -0.086
-565.905    -878.765    -0.086
-566.288    -878.443    -0.086
-566.670    -878.122    -0.086
-567.053    -877.800    -0.086
-567.436    -877.478    -0.086
-567.819    -877.157    -0.086
-568.202    -876.835    -0.086
-568.508    -876.578    -0.086
-568.968    -876.192    -0.086
-569.199    -876.001    -0.086
-569.890    -875.425    -0.086
-570.264    -875.094    -0.086
-570.639    -874.763    -0.086
-571.088    -874.366    -0.086
-571.463    -874.034    -0.086
-571.762    -873.769    -0.086
-572.212    -873.372    -0.086
-572.587    -873.041    -0.086
-572.961    -872.709    -0.086
-573.332    -872.374    -0.086
-573.702    -872.040    -0.086
-574.148    -871.637    -0.086
-574.445    -871.369    -0.086
-574.816    -871.035    -0.086
-575.187    -870.699    -0.086
-575.558    -870.364    -0.086
-575.929    -870.029    -0.085
-576.375    -869.627    -0.085
-576.746    -869.292    -0.085
-577.043    -869.023    -0.085
-577.340    -868.757    -0.085
-577.715    -868.426    -0.085
-578.165    -868.029    -0.085
-578.539    -867.697    -0.085
-578.914    -867.366    -0.085
-579.214    -867.102    -0.085
-579.663    -866.705    -0.085
-580.038    -866.373    -0.085
-580.337    -866.108    -0.085
-580.787    -865.711    -0.085
-581.161    -865.380    -0.085
-581.680    -864.909    -0.085
-582.046    -864.569    -0.085
-582.413    -864.229    -0.085
-582.780    -863.889    -0.085
-583.073    -863.617    -0.085
-583.513    -863.209    -0.085
-583.880    -862.870    -0.085
-584.247    -862.530    -0.085
-584.540    -862.258    -0.085
-584.980    -861.851    -0.085
-585.347    -861.511    -0.085
-585.713    -861.171    -0.085
-586.286    -860.613    -0.085
-586.711    -860.189    -0.085
-586.994    -859.906    -0.085
-587.348    -859.554    -0.085
-587.703    -859.201    -0.085
-588.057    -858.848    -0.085
-588.410    -858.495    -0.085
-588.765    -858.142    -0.085
-589.049    -857.859    -0.085
-589.474    -857.436    -0.085
-589.827    -857.083    -0.085
-590.388    -856.514    -0.085
-590.666    -856.226    -0.085
-591.013    -855.866    -0.085
-591.291    -855.578    -0.085
-591.707    -855.146    -0.085
-592.123    -854.714    -0.085
-592.331    -854.498    -0.085
-592.611    -854.211    -0.085
-592.894    -853.929    -0.085
-593.319    -853.506    -0.085
-593.744    -853.082    -0.085
-594.026    -852.799    -0.085
-594.381    -852.447    -0.085
-594.940    -851.875    -0.085
-595.286    -851.514    -0.085
-595.563    -851.225    -0.085
-595.908    -850.864    -0.085
-596.323    -850.431    -0.085
-596.669    -850.070    -0.085
-596.946    -849.780    -0.085
-597.292    -849.419    -0.085
-597.707    -848.986    -0.085
-597.847    -848.843    -0.085
-598.271    -848.419    -0.085
-598.555    -848.137    -0.085
-599.310    -847.337    -0.085
-599.640    -846.963    -0.085
-599.970    -846.588    -0.085
-600.301    -846.213    -0.085
-600.633    -845.838    -0.085
-600.897    -845.538    -0.084
-601.166    -845.243    -0.084
-601.572    -844.800    -0.084
-601.842    -844.505    -0.084
-602.246    -844.063    -0.084
-602.584    -843.694    -0.084
-602.922    -843.324    -0.084
-603.192    -843.030    -0.084
-603.529    -842.661    -0.084
-603.934    -842.218    -0.084
-604.403    -841.699    -0.084
-604.668    -841.399    -0.084
-604.999    -841.025    -0.084
-605.397    -840.575    -0.084
-605.662    -840.275    -0.084
-606.058    -839.825    -0.084
-606.389    -839.451    -0.084
-606.654    -839.151    -0.084
-606.920    -838.851    -0.084
-607.383    -838.327    -0.084
-607.648    -838.027    -0.084
-608.045    -837.578    -0.084
-608.439    -837.126    -0.084
-608.766    -836.747    -0.084
-609.093    -836.370    -0.084
-609.355    -836.067    -0.084
-609.682    -835.690    -0.084
-610.075    -835.236    -0.084
-610.337    -834.933    -0.084
-610.664    -834.556    -0.084
-611.057    -834.102    -0.084
-611.319    -833.800    -0.084
-611.646    -833.421    -0.084
-611.973    -833.043    -0.084
-612.236    -832.742    -0.084
-612.879    -831.977    -0.084
-613.192    -831.586    -0.084
-613.506    -831.197    -0.084
-613.819    -830.807    -0.084
-614.069    -830.496    -0.084
-614.382    -830.106    -0.084
-614.696    -829.716    -0.084
-615.009    -829.327    -0.084
-615.322    -828.937    -0.084
-615.635    -828.547    -0.084
-615.949    -828.158    -0.084
-616.262    -827.768    -0.084
-616.696    -827.219    -0.084
-617.006    -826.826    -0.084
-617.315    -826.433    -0.084
-617.625    -826.041    -0.084
-617.934    -825.649    -0.083
-618.244    -825.256    -0.083
-618.553    -824.863    -0.083
-618.801    -824.549    -0.083
-619.173    -824.078    -0.083
-619.482    -823.686    -0.083
-619.792    -823.293    -0.083
-620.102    -822.900    -0.083
-620.411    -822.508    -0.083
-620.720    -822.115    -0.083
-621.031    -821.723    -0.083
-621.216    -821.487    -0.083
-621.823    -820.693    -0.083
-622.119    -820.290    -0.083
-622.414    -819.887    -0.083
-622.710    -819.484    -0.083
-623.005    -819.081    -0.083
-623.242    -818.758    -0.083
-623.537    -818.355    -0.083
-623.833    -817.952    -0.083
-624.188    -817.468    -0.083
-624.484    -817.065    -0.083
-624.779    -816.661    -0.083
-625.133    -816.177    -0.083
-625.367    -815.852    -0.083
-625.660    -815.447    -0.083
-626.011    -814.961    -0.083
-626.305    -814.556    -0.083
-626.599    -814.151    -0.083
-626.891    -813.747    -0.083
-627.126    -813.422    -0.083
-627.478    -812.936    -0.083
-627.771    -812.531    -0.083
-628.006    -812.208    -0.083
-628.299    -811.802    -0.083
-628.593    -811.398    -0.083
-628.888    -810.995    -0.083
-629.184    -810.592    -0.083
-629.479    -810.188    -0.083
-629.775    -809.785    -0.083
-630.070    -809.382    -0.083
-630.366    -808.979    -0.083
-630.661    -808.575    -0.083
-630.957    -808.172    -0.083
-631.252    -807.769    -0.083
-631.548    -807.366    -0.082
-631.955    -806.796    -0.082
-632.241    -806.386    -0.082
-632.527    -805.976    -0.082
-632.812    -805.565    -0.082
-633.098    -805.155    -0.082
-633.384    -804.745    -0.082
-633.727    -804.253    -0.082
-634.012    -803.842    -0.082
-634.298    -803.432    -0.082
-634.527    -803.104    -0.082
-634.813    -802.694    -0.082
-635.101    -802.285    -0.082
-635.332    -801.959    -0.082
-635.620    -801.551    -0.082
-635.909    -801.142    -0.082
-636.197    -800.734    -0.082
-636.485    -800.326    -0.082
-637.095    -799.410    -0.082
-637.359    -798.986    -0.082
-637.623    -798.561    -0.082
-637.887    -798.136    -0.082
-638.151    -797.712    -0.082
-638.468    -797.203    -0.082
-638.680    -796.863    -0.082
-638.944    -796.439    -0.082
-639.209    -796.015    -0.082
-639.474    -795.591    -0.082
-639.738    -795.167    -0.082
-640.003    -794.742    -0.082
-640.267    -794.318    -0.082
-640.532    -793.894    -0.082
-640.849    -793.385    -0.082
-641.061    -793.046    -0.082
-641.326    -792.621    -0.082
-641.590    -792.197    -0.082
-641.854    -791.772    -0.082
-642.118    -791.348    -0.082
-642.480    -790.749    -0.081
-642.737    -790.320    -0.081
-642.994    -789.890    -0.081
-643.250    -789.461    -0.081
-643.506    -789.032    -0.081
-643.711    -788.689    -0.081
-644.020    -788.174    -0.081
-644.278    -787.746    -0.081
-644.484    -787.404    -0.081
-644.743    -786.975    -0.081
-645.052    -786.461    -0.081
-645.310    -786.033    -0.081
-645.567    -785.604    -0.081
-645.772    -785.261    -0.081
-646.080    -784.746    -0.081
-646.338    -784.318    -0.081
-646.546    -783.977    -0.081
-646.857    -783.463    -0.081
-647.063    -783.120    -0.081
-647.371    -782.605    -0.081
-647.718    -781.998    -0.081
-648.013    -781.475    -0.081
-648.210    -781.126    -0.081
-648.455    -780.691    -0.081
-648.700    -780.256    -0.081
-648.945    -779.819    -0.081
-649.191    -779.384    -0.081
-649.387    -779.036    -0.081
-649.682    -778.513    -0.081
-649.977    -777.990    -0.081
-650.173    -777.642    -0.081
-650.418    -777.206    -0.081
-650.614    -776.858    -0.081
-650.910    -776.336    -0.081
-651.156    -775.901    -0.081
-651.449    -775.377    -0.081
-651.646    -775.029    -0.080
-651.842    -774.680    -0.080
-652.268    -773.888    -0.080
-652.501    -773.446    -0.080
-652.780    -772.914    -0.080
-653.013    -772.471    -0.080
-653.245    -772.029    -0.080
-653.432    -771.675    -0.080
-653.664    -771.233    -0.080
-653.898    -770.791    -0.080
-654.177    -770.259    -0.080
-654.362    -769.906    -0.080
-654.641    -769.374    -0.080
-654.780    -769.108    -0.080
-655.060    -768.578    -0.080
-655.293    -768.135    -0.080
-655.526    -767.693    -0.080
-655.758    -767.250    -0.080
-655.990    -766.807    -0.080
-656.223    -766.365    -0.080
-656.409    -766.011    -0.080
-656.735    -765.392    -0.080
-656.967    -764.949    -0.080
-657.332    -764.237    -0.080
-657.548    -763.786    -0.080
-657.764    -763.335    -0.080
-657.895    -763.065    -0.080
-658.203    -762.436    -0.080
-658.377    -762.076    -0.080
-658.639    -761.537    -0.080
-658.855    -761.087    -0.080
-659.071    -760.636    -0.080
-659.288    -760.185    -0.079
-659.462    -759.825    -0.079
-659.681    -759.376    -0.079
-659.943    -758.835    -0.079
-660.158    -758.385    -0.079
-660.374    -757.934    -0.079
-660.590    -757.483    -0.079
-660.766    -757.123    -0.079
-661.028    -756.584    -0.079
-661.328    -755.951    -0.079
-661.532    -755.494    -0.079
-661.737    -755.039    -0.079
-661.943    -754.583    -0.079
-662.149    -754.128    -0.079
-662.353    -753.671    -0.079
-662.559    -753.215    -0.079
-662.765    -752.760    -0.079
-662.970    -752.303    -0.079
-663.175    -751.848    -0.079
-663.380    -751.392    -0.079
-663.586    -750.937    -0.079
-663.792    -750.480    -0.079
-663.996    -750.024    -0.079
-664.201    -749.569    -0.079
-664.407    -749.113    -0.079
-664.613    -748.657    -0.079
-664.818    -748.201    -0.079
-665.024    -747.746    -0.079
-665.229    -747.290    -0.079
-665.434    -746.833    -0.079
-665.639    -746.378    -0.078
-665.845    -745.922    -0.078
-666.051    -745.467    -0.078
-666.296    -744.919    -0.078
-666.459    -744.554    -0.078
-666.663    -744.098    -0.078
-666.939    -743.454    -0.078
-667.133    -742.993    -0.078
-667.366    -742.441    -0.078
-667.560    -741.980    -0.078
-667.716    -741.611    -0.078
-667.910    -741.150    -0.078
-668.103    -740.690    -0.078
-668.334    -740.136    -0.078
-668.522    -739.672    -0.078
-668.748    -739.117    -0.078
-668.936    -738.654    -0.078
-669.125    -738.190    -0.078
-669.276    -737.821    -0.078
-669.502    -737.265    -0.078
-669.690    -736.801    -0.078
-669.878    -736.338    -0.078
-670.029    -735.967    -0.078
-670.255    -735.412    -0.078
-670.442    -734.948    -0.078
-670.626    -734.483    -0.078
-670.811    -734.019    -0.078
-671.032    -733.461    -0.078
-671.180    -733.090    -0.078
-671.364    -732.625    -0.077
-671.615    -731.972    -0.077
-671.790    -731.503    -0.077
-671.931    -731.129    -0.077
-672.144    -730.568    -0.077
-672.321    -730.100    -0.077
-672.524    -729.536    -0.077
-672.691    -729.064    -0.077
-672.858    -728.593    -0.077
-672.964    -728.313    -0.077
-673.177    -727.752    -0.077
-673.354    -727.285    -0.077
-673.558    -726.720    -0.077
-673.759    -726.155    -0.077
-673.897    -725.779    -0.077
-674.066    -725.309    -0.077
-674.235    -724.838    -0.077
-674.405    -724.368    -0.077
-674.575    -723.898    -0.077
-674.745    -723.428    -0.077
-674.915    -722.957    -0.077
-675.084    -722.487    -0.077
-675.288    -721.923    -0.077
-675.425    -721.547    -0.077
-675.595    -721.077    -0.077
-675.765    -720.607    -0.077
-675.935    -720.137    -0.077
-676.104    -719.666    -0.077
-676.274    -719.196    -0.076
-676.444    -718.726    -0.076
-676.674    -718.065    -0.076
-676.835    -717.592    -0.076
-677.057    -716.928    -0.076
-677.181    -716.547    -0.076
-677.337    -716.072    -0.076
-677.460    -715.692    -0.076
-677.623    -715.219    -0.076
-677.784    -714.745    -0.076
-678.006    -714.082    -0.076
-678.130    -713.702    -0.076
-678.286    -713.227    -0.076
-678.409    -712.847    -0.076
-678.572    -712.373    -0.076
-678.733    -711.900    -0.076
-678.924    -711.331    -0.076
-679.079    -710.856    -0.076
-679.235    -710.380    -0.076
-679.420    -709.811    -0.076
-679.513    -709.525    -0.076
-679.671    -709.050    -0.076
-679.832    -708.577    -0.076
-679.961    -708.199    -0.076
-680.211    -707.439    -0.076
-680.335    -707.059    -0.076
-680.573    -706.295    -0.075
-680.714    -705.815    -0.075
-680.854    -705.336    -0.075
-680.911    -705.144    -0.075
-681.065    -704.668    -0.075
-681.219    -704.193    -0.075
-681.429    -703.525    -0.075
-681.570    -703.045    -0.075
-681.739    -702.470    -0.075
-681.795    -702.278    -0.075
-681.950    -701.803    -0.075
-682.104    -701.327    -0.075
-682.333    -700.560    -0.075
-682.499    -699.984    -0.075
-682.630    -699.501    -0.075
-682.786    -698.923    -0.075
-682.865    -698.633    -0.075
-683.032    -698.056    -0.075
-683.143    -697.672    -0.075
-683.308    -697.096    -0.075
-683.439    -696.613    -0.075
-683.595    -696.033    -0.075
-683.673    -695.744    -0.075
-683.784    -695.359    -0.075
-683.952    -694.783    -0.075
-684.117    -694.207    -0.075
-684.248    -693.724    -0.074
-684.378    -693.242    -0.074
-684.510    -692.759    -0.074
-684.649    -692.279    -0.074
-684.761    -691.895    -0.074
-684.952    -691.222    -0.074
-685.056    -690.835    -0.074
-685.166    -690.451    -0.074
-685.305    -689.971    -0.074
-685.445    -689.491    -0.074
-685.647    -688.717    -0.074
-685.770    -688.233    -0.074
-685.915    -687.650    -0.074
-686.033    -687.165    -0.074
-686.127    -686.776    -0.074
-686.247    -686.291    -0.074
-686.370    -685.805    -0.074
-686.494    -685.321    -0.074
-686.638    -684.739    -0.074
-686.757    -684.253    -0.074
-686.851    -683.864    -0.074
-686.970    -683.379    -0.074
-687.094    -682.895    -0.074
-687.217    -682.411    -0.074
-687.362    -681.828    -0.074
-687.479    -681.343    -0.074
-687.619    -680.759    -0.073
-687.711    -680.370    -0.073
-687.849    -679.786    -0.073
-687.941    -679.396    -0.073
-688.056    -678.910    -0.073
-688.171    -678.423    -0.073
-688.309    -677.839    -0.073
-688.401    -677.450    -0.073
-688.515    -676.963    -0.073
-688.631    -676.477    -0.073
-688.769    -675.893    -0.073
-688.861    -675.504    -0.073
-688.999    -674.920    -0.073
-689.113    -674.434    -0.073
-689.227    -673.946    -0.073
-689.320    -673.557    -0.073
-689.457    -672.973    -0.073
-689.549    -672.585    -0.073
-689.665    -672.098    -0.073
-689.779    -671.611    -0.073
-689.931    -670.928    -0.073
-690.055    -670.341    -0.073
-690.138    -669.950    -0.073
-690.226    -669.560    -0.073
-690.318    -669.170    -0.073
-690.433    -668.684    -0.072
-690.609    -667.903    -0.072
-690.711    -667.414    -0.072
-690.793    -667.023    -0.072
-690.879    -666.632    -0.072
-690.990    -666.144    -0.072
-691.101    -665.657    -0.072
-691.251    -664.973    -0.072
-691.353    -664.483    -0.072
-691.435    -664.092    -0.072
-691.521    -663.701    -0.072
-691.632    -663.215    -0.072
-691.743    -662.727    -0.072
-691.872    -662.141    -0.072
-691.956    -661.750    -0.072
-692.149    -660.871    -0.072
-692.242    -660.379    -0.072
-692.334    -659.888    -0.072
-692.442    -659.298    -0.072
-692.528    -658.806    -0.072
-692.614    -658.313    -0.072
-692.686    -657.919    -0.072
-692.778    -657.428    -0.072
-692.871    -656.938    -0.072
-692.979    -656.347    -0.071
-693.082    -655.756    -0.071
-693.151    -655.362    -0.071
-693.222    -654.968    -0.071
-693.315    -654.477    -0.071
-693.407    -653.986    -0.071
-693.515    -653.395    -0.071
-693.601    -652.903    -0.071
-693.687    -652.411    -0.071
-693.758    -652.017    -0.071
-693.851    -651.526    -0.071
-693.956    -650.935    -0.071
-694.043    -650.443    -0.071
-694.144    -649.851    -0.071
-694.226    -649.358    -0.071
-694.307    -648.865    -0.071
-694.388    -648.372    -0.071
-694.441    -648.076    -0.071
-694.534    -647.585    -0.071
-694.625    -647.093    -0.071
-694.749    -646.405    -0.071
-694.829    -645.911    -0.071
-694.910    -645.417    -0.071
-694.960    -645.121    -0.071
-695.052    -644.630    -0.070
-695.145    -644.139    -0.070
-695.268    -643.450    -0.070
-695.349    -642.957    -0.070
-695.429    -642.463    -0.070
-695.480    -642.168    -0.070
-695.573    -641.676    -0.070
-695.706    -640.888    -0.070
-695.786    -640.394    -0.070
-695.849    -639.999    -0.070
-695.944    -639.407    -0.070
-696.007    -639.012    -0.070
-696.102    -638.420    -0.070
-696.178    -637.926    -0.070
-696.253    -637.431    -0.070
-696.327    -636.937    -0.070
-696.402    -636.443    -0.070
-696.477    -635.948    -0.070
-696.551    -635.454    -0.070
-696.626    -634.959    -0.070
-696.700    -634.465    -0.070
-696.775    -633.971    -0.070
-696.850    -633.476    -0.070
-696.940    -632.882    -0.070
-697.000    -632.488    -0.069
-697.075    -631.993    -0.069
-697.150    -631.499    -0.069
-697.229    -631.005    -0.069
-697.308    -630.512    -0.069
-697.372    -630.117    -0.069
-697.451    -629.623    -0.069
-697.546    -629.031    -0.069
-697.645    -628.338    -0.069
-697.714    -627.742    -0.069
-697.771    -627.245    -0.069
-697.818    -626.848    -0.069
-697.889    -626.252    -0.069
-697.947    -625.756    -0.069
-697.995    -625.359    -0.069
-698.066    -624.763    -0.069
-698.123    -624.267    -0.069
-698.180    -623.770    -0.069
-698.226    -623.372    -0.069
-698.279    -622.976    -0.069
-698.344    -622.480    -0.069
-698.410    -621.985    -0.069
-698.492    -621.290    -0.069
-698.526    -620.991    -0.069
-698.594    -620.496    -0.068
-698.663    -620.000    -0.068
-698.717    -619.605    -0.068
-698.797    -619.010    -0.068
-698.876    -618.415    -0.068
-698.929    -618.019    -0.068
-698.997    -617.524    -0.068
-699.066    -617.028    -0.068
-699.134    -616.533    -0.068
-699.200    -616.037    -0.068
-699.279    -615.443    -0.068
-699.332    -615.046    -0.068
-699.400    -614.551    -0.068
-699.468    -614.055    -0.068
-699.560    -613.362    -0.068
-699.615    -612.865    -0.068
-699.672    -612.369    -0.068
-699.728    -611.871    -0.068
-699.783    -611.374    -0.068
-699.850    -610.779    -0.068
-699.884    -610.480    -0.068
-699.939    -610.084    -0.068
-700.006    -609.589    -0.068
-700.075    -609.094    -0.068
-700.173    -608.199    -0.067
-700.227    -607.602    -0.067
-700.265    -607.204    -0.067
-700.288    -607.005    -0.067
-700.348    -606.508    -0.067
-700.408    -606.012    -0.067
-700.497    -605.117    -0.067
-700.533    -604.718    -0.067
-700.579    -604.220    -0.067
-700.602    -604.022    -0.067
-700.662    -603.525    -0.067
-700.722    -603.030    -0.067
-700.802    -602.233    -0.067
-700.849    -601.735    -0.067
-700.897    -601.238    -0.067
-700.944    -600.740    -0.067
-700.991    -600.242    -0.067
-701.029    -599.844    -0.067
-701.086    -599.247    -0.067
-701.133    -598.749    -0.067
-701.180    -598.251    -0.067
-701.228    -597.753    -0.067
-701.275    -597.256    -0.067
-701.329    -596.659    -0.067
-701.369    -596.160    -0.066
-701.409    -595.662    -0.066
-701.443    -595.263    -0.066
-701.491    -594.766    -0.066
-701.539    -594.268    -0.066
-701.593    -593.670    -0.066
-701.627    -593.272    -0.066
-701.673    -592.774    -0.066
-701.719    -592.276    -0.066
-701.773    -591.679    -0.066
-701.807    -591.281    -0.066
-701.859    -590.683    -0.066
-701.901    -590.185    -0.066
-701.937    -589.686    -0.066
-701.973    -589.187    -0.066
-702.011    -588.689    -0.066
-702.054    -588.191    -0.066
-702.097    -587.693    -0.066
-702.132    -587.294    -0.066
-702.185    -586.697    -0.066
-702.221    -586.299    -0.066
-702.268    -585.801    -0.066
-702.314    -585.303    -0.066
-702.362    -584.805    -0.066
-702.409    -584.308    -0.065
-702.459    -583.710    -0.065
-702.499    -583.210    -0.065
-702.538    -582.712    -0.065
-702.575    -582.214    -0.065
-702.611    -581.715    -0.065
-702.647    -581.217    -0.065
-702.684    -580.718    -0.065
-702.724    -580.219    -0.065
-702.764    -579.721    -0.065
-702.803    -579.223    -0.065
-702.846    -578.725    -0.065
-702.889    -578.227    -0.065
-702.931    -577.729    -0.065
-702.970    -577.230    -0.065
-703.011    -576.731    -0.065
-703.043    -576.333    -0.065
-703.089    -575.835    -0.065
-703.135    -575.337    -0.065
-703.190    -574.740    -0.065
-703.230    -574.242    -0.065
-703.270    -573.743    -0.065
-703.310    -573.245    -0.065
-703.350    -572.746    -0.065
-703.388    -572.248    -0.064
-703.428    -571.750    -0.064
-703.468    -571.251    -0.064
-703.508    -570.753    -0.064
-703.550    -570.255    -0.064
-703.588    -569.856    -0.064
-703.638    -569.259    -0.064
-703.673    -568.860    -0.064
-703.727    -568.262    -0.064
-703.763    -567.864    -0.064
-703.819    -567.166    -0.064
-703.854    -566.668    -0.064
-703.888    -566.169    -0.064
-703.922    -565.571    -0.064
-703.948    -565.071    -0.064
-703.975    -564.572    -0.064
-703.995    -564.273    -0.064
-704.030    -563.774    -0.064
-704.064    -563.275    -0.064
-704.099    -562.776    -0.064
-704.134    -562.278    -0.064
-704.168    -561.779    -0.064
-704.209    -561.180    -0.064
-704.235    -560.781    -0.064
-704.275    -560.183    -0.064
-704.308    -559.683    -0.063
-704.337    -559.285    -0.063
-704.375    -558.786    -0.063
-704.413    -558.288    -0.063
-704.452    -557.388    -0.063
-704.467    -556.889    -0.063
-704.481    -556.489    -0.063
-704.502    -556.090    -0.063
-704.528    -555.691    -0.063
-704.563    -554.992    -0.063
-704.582    -554.592    -0.063
-704.606    -554.092    -0.063
-704.635    -553.494    -0.063
-704.659    -552.994    -0.063
-704.678    -552.595    -0.063
-704.702    -552.095    -0.063
-704.726    -551.596    -0.063
-704.755    -550.996    -0.063
-704.779    -550.497    -0.063
-704.798    -550.098    -0.063
-704.822    -549.599    -0.063
-704.851    -548.999    -0.063
-704.870    -548.600    -0.063
-704.894    -548.100    -0.063
-704.923    -547.501    -0.062
-704.939    -547.202    -0.062
-704.971    -546.702    -0.062
-705.002    -546.203    -0.062
-705.033    -545.705    -0.062
-705.065    -545.205    -0.062
-705.097    -544.707    -0.062
-705.128    -544.208    -0.062
-705.160    -543.708    -0.062
-705.191    -543.210    -0.062
-705.229    -542.511    -0.062
-705.250    -542.011    -0.062
-705.271    -541.512    -0.062
-705.286    -541.212    -0.062
-705.318    -540.713    -0.062
-705.348    -540.214    -0.062
-705.387    -539.515    -0.062
-705.407    -539.016    -0.062
-705.428    -538.517    -0.062
-705.443    -538.217    -0.062
-705.475    -537.718    -0.062
-705.505    -537.218    -0.062
-705.540    -536.620    -0.062
-705.573    -536.021    -0.062
-705.595    -535.521    -0.062
-705.615    -535.021    -0.061
-705.633    -534.622    -0.061
-705.656    -534.223    -0.061
-705.691    -533.624    -0.061
-705.724    -533.025    -0.061
-705.746    -532.525    -0.061
-705.767    -532.026    -0.061
-705.784    -531.627    -0.061
-705.808    -531.127    -0.061
-705.832    -530.628    -0.061
-705.855    -530.128    -0.061
-705.881    -529.529    -0.061
-705.902    -529.029    -0.061
-705.924    -528.529    -0.061
-705.942    -528.130    -0.061
-705.966    -527.631    -0.061
-705.990    -527.132    -0.061
-706.016    -526.532    -0.061
-706.037    -526.033    -0.061
-706.058    -525.533    -0.061
-706.077    -525.133    -0.061
-706.101    -524.634    -0.061
-706.124    -524.134    -0.061
-706.154    -523.436    -0.061
-706.174    -522.936    -0.061
-706.192    -522.537    -0.061
-706.210    -522.137    -0.060
-706.234    -521.637    -0.060
-706.258    -521.138    -0.060
-706.284    -520.538    -0.060
-706.305    -520.039    -0.060
-706.326    -519.539    -0.060
-706.345    -519.140    -0.060
-706.368    -518.641    -0.060
-706.392    -518.141    -0.060
-706.418    -517.542    -0.060
-706.439    -517.042    -0.060
-706.461    -516.543    -0.060
-706.479    -516.143    -0.060
-706.503    -515.643    -0.060
-706.527    -515.145    -0.060
-706.553    -514.545    -0.060
-706.573    -514.046    -0.060
-706.598    -513.446    -0.060
-706.615    -513.047    -0.060
-706.632    -512.647    -0.060
-706.656    -512.147    -0.060
-706.680    -511.648    -0.060
-706.707    -511.048    -0.060
-706.728    -510.549    -0.060
-706.748    -510.050    -0.060
-706.766    -509.651    -0.060
-706.789    -509.151    -0.059
-706.813    -508.651    -0.059
-706.840    -508.052    -0.059
-706.861    -507.552    -0.059
-706.882    -507.053    -0.059
-706.899    -506.653    -0.059
-706.923    -506.154    -0.059
-706.947    -505.655    -0.059
-706.970    -505.155    -0.059
-706.996    -504.556    -0.059
-707.017    -504.056    -0.059
-707.038    -503.557    -0.059
-707.060    -502.957    -0.059
-707.074    -502.557    -0.059
-707.096    -501.958    -0.059
-707.113    -501.558    -0.059
-707.134    -501.058    -0.059
-707.154    -500.559    -0.059
-707.176    -499.959    -0.059
-707.191    -499.560    -0.059
-707.213    -498.961    -0.059
-707.229    -498.561    -0.059
-707.250    -498.062    -0.059
-707.271    -497.562    -0.059
-707.293    -496.962    -0.059
-707.307    -496.563    -0.059
-707.329    -495.963    -0.059
-707.346    -495.563    -0.058
-707.366    -495.064    -0.058
-707.387    -494.564    -0.058
-707.409    -493.965    -0.058
-707.424    -493.565    -0.058
-707.446    -492.965    -0.058
-707.462    -492.566    -0.058
-707.483    -492.066    -0.058
-707.504    -491.566    -0.058
-707.526    -490.968    -0.058
-707.543    -490.468    -0.058
-707.561    -489.968    -0.058
-707.582    -489.469    -0.058
-707.599    -489.069    -0.058
-707.618    -488.569    -0.058
-707.640    -487.970    -0.058
-707.658    -487.470    -0.058
-707.673    -487.070    -0.058
-707.696    -486.471    -0.058
-707.712    -486.071    -0.058
-707.731    -485.572    -0.058
-707.753    -484.972    -0.058
-707.770    -484.472    -0.058
-707.786    -484.073    -0.058
-707.809    -483.473    -0.058
-707.824    -483.073    -0.058
-707.843    -482.574    -0.058
-707.865    -481.974    -0.057
-707.883    -481.474    -0.057
-707.898    -481.076    -0.057
-707.921    -480.476    -0.057
-707.937    -480.076    -0.057
-707.955    -479.577    -0.057
-707.978    -478.977    -0.057
-707.995    -478.477    -0.057
-708.011    -478.078    -0.057
-708.034    -477.478    -0.057
-708.049    -477.078    -0.057
-708.068    -476.579    -0.057
-708.090    -475.979    -0.057
-708.108    -475.479    -0.057
-708.123    -475.080    -0.057
-708.146    -474.480    -0.057
-708.162    -474.080    -0.057
-708.180    -473.581    -0.057
-708.202    -472.981    -0.057
-708.220    -472.482    -0.057
-708.236    -472.082    -0.057
-708.255    -471.582    -0.057
-708.278    -470.984    -0.057
-708.293    -470.584    -0.057
-708.312    -470.084    -0.057
-708.332    -469.585    -0.057
-708.354    -468.985    -0.057
-708.371    -468.485    -0.057
-708.387    -467.986    -0.057
-708.404    -467.486    -0.056
-708.419    -467.086    -0.056
-708.442    -466.487    -0.056
-708.461    -465.987    -0.056
-708.478    -465.487    -0.056
-708.492    -464.987    -0.056
-708.509    -464.488    -0.056
-708.528    -463.988    -0.056
-708.543    -463.588    -0.056
-708.563    -463.089    -0.056
-708.583    -462.489    -0.056
-708.599    -461.989    -0.056
-708.615    -461.490    -0.056
-708.631    -461.090    -0.056
-708.654    -460.490    -0.056
-708.673    -459.991    -0.056
-708.689    -459.491    -0.056
-708.705    -458.992    -0.056
-708.721    -458.493    -0.056
-708.736    -458.093    -0.056
-708.759    -457.493    -0.056
-708.778    -456.994    -0.056
-708.794    -456.494    -0.056
-708.810    -455.994    -0.056
-708.826    -455.494    -0.056
-708.842    -455.095    -0.056
-708.862    -454.595    -0.056
-708.885    -453.996    -0.056
-708.901    -453.496    -0.056
-708.917    -452.996    -0.055
-708.933    -452.496    -0.055
-708.948    -452.097    -0.055
-708.968    -451.597    -0.055
-708.990    -450.997    -0.055
-709.007    -450.498    -0.055
-709.023    -449.998    -0.055
-709.038    -449.498    -0.055
-709.054    -449.099    -0.055
-709.078    -448.499    -0.055
-709.097    -447.999    -0.055
-709.112    -447.500    -0.055
-709.128    -447.000    -0.055
-709.144    -446.500    -0.055
-709.156    -445.900    -0.055
-709.164    -445.500    -0.055
-709.175    -445.001    -0.055
-709.187    -444.401    -0.055
-709.195    -444.001    -0.055
-709.206    -443.501    -0.055
-709.218    -442.901    -0.055
-709.227    -442.501    -0.055
-709.237    -442.002    -0.055
-709.250    -441.402    -0.055
-709.258    -441.002    -0.055
-709.269    -440.502    -0.055
-709.279    -440.002    -0.055
-709.289    -439.502    -0.055
-709.300    -439.002    -0.055
-709.311    -438.503    -0.055
-709.320    -438.003    -0.054
-709.333    -437.403    -0.054
-709.341    -437.003    -0.054
-709.351    -436.503    -0.054
-709.361    -436.003    -0.054
-709.372    -435.503    -0.054
-709.384    -434.904    -0.054
-709.393    -434.504    -0.054
-709.403    -434.004    -0.054
-709.414    -433.504    -0.054
-709.426    -432.904    -0.054
-709.435    -432.504    -0.054
-709.445    -432.005    -0.054
-709.460    -431.506    -0.054
-709.475    -431.006    -0.054
-709.490    -430.506    -0.054
-709.505    -430.006    -0.054
-709.520    -429.507    -0.054
-709.536    -429.007    -0.054
-709.551    -428.507    -0.054
-709.565    -428.008    -0.054
-709.581    -427.508    -0.054
-709.596    -427.008    -0.054
-709.611    -426.508    -0.054
-709.626    -426.009    -0.054
-709.642    -425.509    -0.054
-709.657    -425.009    -0.054
-709.671    -424.509    -0.054
-709.687    -424.010    -0.054
-709.702    -423.510    -0.054
-709.717    -423.010    -0.054
-709.732    -422.510    -0.053
-709.747    -422.011    -0.053
-709.763    -421.511    -0.053
-709.778    -421.011    -0.053
-709.793    -420.511    -0.053
-709.808    -420.012    -0.053
-709.823    -419.512    -0.053
-709.839    -419.012    -0.053
-709.854    -418.512    -0.053
-709.869    -418.013    -0.053
-709.884    -417.513    -0.053
-709.899    -417.013    -0.053
-709.914    -416.514    -0.053
-709.929    -416.014    -0.053
-709.945    -415.514    -0.053
-709.960    -415.014    -0.053
-709.974    -414.515    -0.053
-709.989    -414.015    -0.053
-710.005    -413.515    -0.053
-710.020    -413.015    -0.053
-710.034    -412.516    -0.053
-710.049    -412.016    -0.053
-710.065    -411.516    -0.053
-710.080    -411.016    -0.053
-710.094    -410.517    -0.053
-710.109    -410.017    -0.053
-710.124    -409.517    -0.053
-710.140    -409.017    -0.053
-710.154    -408.518    -0.053
-710.169    -408.018    -0.053
-710.184    -407.518    -0.053
-710.200    -407.018    -0.053
-710.214    -406.519    -0.052
-710.229    -406.019    -0.052
-710.244    -405.519    -0.052
-710.258    -405.019    -0.052
-710.274    -404.520    -0.052
-710.289    -404.020    -0.052
-710.304    -403.520    -0.052
-710.318    -403.020    -0.052
-710.334    -402.521    -0.052
-710.349    -402.021    -0.052
-710.364    -401.521    -0.052
-710.379    -401.021    -0.052
-710.394    -400.522    -0.052
-710.409    -400.022    -0.052
-710.424    -399.522    -0.052
-710.438    -399.022    -0.052
-710.453    -398.523    -0.052
-710.468    -398.023    -0.052
-710.482    -397.523    -0.052
-710.493    -397.023    -0.052
-710.505    -396.524    -0.052
-710.517    -396.024    -0.052
-710.529    -395.524    -0.052
-710.540    -395.024    -0.052
-710.552    -394.524    -0.052
-710.564    -394.024    -0.052
-710.576    -393.525    -0.052
-710.587    -393.025    -0.052
-710.599    -392.525    -0.052
-710.611    -392.025    -0.052
-710.623    -391.525    -0.052
-710.634    -391.025    -0.052
-710.646    -390.526    -0.052
-710.658    -390.026    -0.052
-710.670    -389.526    -0.051
-710.681    -389.026    -0.051
-710.693    -388.526    -0.051
-710.705    -388.027    -0.051
-710.717    -387.527    -0.051
-710.728    -387.027    -0.051
-710.740    -386.527    -0.051
-710.752    -386.027    -0.051
-710.764    -385.527    -0.051
-710.775    -385.028    -0.051
-710.787    -384.528    -0.051
-710.799    -384.028    -0.051
-710.811    -383.528    -0.051
-710.826    -383.028    -0.051
-710.841    -382.529    -0.051
-710.856    -382.029    -0.051
-710.871    -381.529    -0.051
-710.886    -381.029    -0.051
-710.901    -380.530    -0.051
-710.916    -380.030    -0.051
-710.930    -379.530    -0.051
-710.945    -379.030    -0.051
-710.960    -378.531    -0.051
-710.976    -378.031    -0.051
-710.990    -377.531    -0.051
-711.005    -377.032    -0.051
-711.021    -376.532    -0.051
-711.036    -376.032    -0.051
-711.050    -375.532    -0.051
-711.065    -375.033    -0.051
-711.080    -374.533    -0.051
-711.095    -374.033    -0.051
-711.109    -373.533    -0.051
-711.125    -373.034    -0.051
-711.140    -372.534    -0.051
-711.155    -372.034    -0.050
-711.169    -371.534    -0.050
-711.184    -371.036    -0.050
-711.200    -370.536    -0.050
-711.215    -370.036    -0.050
-711.230    -369.536    -0.050
-711.245    -369.037    -0.050
-711.260    -368.537    -0.050
-711.275    -368.037    -0.050
-711.290    -367.537    -0.050
-711.305    -367.038    -0.050
-711.320    -366.538    -0.050
-711.335    -366.038    -0.050
-711.349    -365.538    -0.050
-711.365    -365.039    -0.050
-711.381    -364.539    -0.050
-711.396    -364.039    -0.050
-711.411    -363.539    -0.050
-711.427    -363.040    -0.050
-711.442    -362.540    -0.050
-711.457    -362.040    -0.050
-711.472    -361.540    -0.050
-711.488    -361.041    -0.050
-711.503    -360.541    -0.050
-711.518    -360.041    -0.050
-711.534    -359.542    -0.050
-711.550    -359.042    -0.050
-711.565    -358.542    -0.050
-711.580    -358.042    -0.050
-711.595    -357.543    -0.050
-711.611    -357.043    -0.050
-711.626    -356.543    -0.050
-711.641    -356.043    -0.050
-711.656    -355.544    -0.050
-711.672    -355.044    -0.050
-711.688    -354.544    -0.050
-711.703    -354.044    -0.050
-711.719    -353.545    -0.049
-711.734    -353.045    -0.049
-711.750    -352.545    -0.049
-711.764    -352.046    -0.049
-711.780    -351.546    -0.049
-711.796    -351.046    -0.049
-711.811    -350.546    -0.049
-711.825    -350.047    -0.049
-711.839    -349.547    -0.049
-711.854    -349.047    -0.049
-711.868    -348.547    -0.049
-711.881    -348.047    -0.049
-711.895    -347.548    -0.049
-711.909    -347.048    -0.049
-711.923    -346.548    -0.049
-711.936    -346.048    -0.049
-711.950    -345.549    -0.049
-711.964    -345.049    -0.049
-711.978    -344.549    -0.049
-711.991    -344.049    -0.049
-712.005    -343.550    -0.049
-712.020    -343.050    -0.049
-712.034    -342.550    -0.049
-712.047    -342.050    -0.049
-712.061    -341.550    -0.049
-712.075    -341.051    -0.049
-712.088    -340.551    -0.049
-712.103    -340.051    -0.049
-712.117    -339.551    -0.049
-712.131    -339.052    -0.049
-712.143    -338.552    -0.049
-712.158    -338.052    -0.049
-712.172    -337.552    -0.049
-712.186    -337.053    -0.049
-712.201    -336.553    -0.049
-712.216    -336.053    -0.049
-712.232    -335.553    -0.049
-712.248    -335.054    -0.049
-712.263    -334.554    -0.049
-712.278    -334.054    -0.048
-712.294    -333.554    -0.048
-712.310    -333.055    -0.048
-712.325    -332.555    -0.048
-712.341    -332.055    -0.048
-712.357    -331.555    -0.048
-712.372    -331.056    -0.048
-712.387    -330.556    -0.048
-712.403    -330.056    -0.048
-712.419    -329.557    -0.048
-712.435    -329.057    -0.048
-712.450    -328.557    -0.048
-712.465    -328.057    -0.048
-712.481    -327.558    -0.048
-712.496    -327.058    -0.048
-712.511    -326.558    -0.048
-712.527    -326.058    -0.048
-712.543    -325.559    -0.048
-712.558    -325.059    -0.048
-712.573    -324.560    -0.048
-712.589    -324.060    -0.048
-712.605    -323.561    -0.048
-712.620    -323.061    -0.048
-712.636    -322.561    -0.048
-712.652    -322.062    -0.048
-712.666    -321.562    -0.048
-712.679    -321.062    -0.048
-712.693    -320.562    -0.048
-712.706    -320.062    -0.048
-712.720    -319.563    -0.048
-712.733    -319.063    -0.048
-712.747    -318.563    -0.048
-712.761    -318.063    -0.048
-712.775    -317.564    -0.048
-712.788    -317.064    -0.048
-712.802    -316.564    -0.048
-712.816    -316.064    -0.048
-712.830    -315.565    -0.048
-712.843    -315.065    -0.048
-712.858    -314.565    -0.048
-712.872    -314.065    -0.048
-712.886    -313.565    -0.048
-712.899    -313.066    -0.047
-712.913    -312.566    -0.047
-712.927    -312.066    -0.047
-712.941    -311.566    -0.047
-712.954    -311.067    -0.047
-712.968    -310.567    -0.047
-712.982    -310.067    -0.047
-712.996    -309.567    -0.047
-713.008    -309.067    -0.047
-713.022    -308.568    -0.047
-713.036    -308.068    -0.047
-713.050    -307.568    -0.047
-713.064    -307.068    -0.047
-713.078    -306.569    -0.047
-713.092    -306.069    -0.047
-713.106    -305.569    -0.047
-713.119    -305.069    -0.047
-713.133    -304.570    -0.047
-713.147    -304.070    -0.047
-713.161    -303.570    -0.047
-713.175    -303.070    -0.047
-713.189    -302.570    -0.047
-713.203    -302.071    -0.047
-713.217    -301.571    -0.047
-713.230    -301.071    -0.047
-713.244    -300.571    -0.047
-713.258    -300.072    -0.047
-713.271    -299.572    -0.047
-713.286    -299.072    -0.047
-713.300    -298.572    -0.047
-713.314    -298.073    -0.047
-713.327    -297.573    -0.047
-713.341    -297.073    -0.047
-713.355    -296.573    -0.047
-713.369    -296.073    -0.047
-713.382    -295.574    -0.047
-713.396    -295.074    -0.047
-713.410    -294.574    -0.047
-713.427    -294.074    -0.047
-713.443    -293.575    -0.047
-713.460    -293.075    -0.047
-713.477    -292.575    -0.047
-713.494    -292.076    -0.047
-713.510    -291.576    -0.047
-713.527    -291.076    -0.047
-713.544    -290.576    -0.047
-713.561    -290.077    -0.046
-713.577    -289.577    -0.046
-713.594    -289.077    -0.046
-713.611    -288.578    -0.046
-713.628    -288.078    -0.046
-713.644    -287.578    -0.046
-713.660    -287.079    -0.046
-713.677    -286.579    -0.046
-713.694    -286.079    -0.046
-713.710    -285.579    -0.046
-713.727    -285.080    -0.046
-713.744    -284.580    -0.046
-713.761    -284.080    -0.046
-713.776    -283.581    -0.046
-713.793    -283.081    -0.046
-713.809    -282.581    -0.046
-713.825    -282.081    -0.046
-713.839    -281.582    -0.046
-713.854    -281.082    -0.046
-713.869    -280.582    -0.046
-713.885    -280.082    -0.046
-713.899    -279.583    -0.046
-713.914    -279.083    -0.046
-713.930    -278.583    -0.046
-713.944    -278.083    -0.046
-713.959    -277.584    -0.046
-713.975    -277.085    -0.046
-713.990    -276.585    -0.046
-714.004    -276.085    -0.046
-714.018    -275.586    -0.046
-714.032    -275.086    -0.046
-714.045    -274.586    -0.046
-714.057    -274.086    -0.046
-714.071    -273.587    -0.046
-714.084    -273.087    -0.046
-714.098    -272.587    -0.046
-714.110    -272.087    -0.046
-714.124    -271.587    -0.046
-714.137    -271.088    -0.046
-714.151    -270.588    -0.046
-714.163    -270.088    -0.046
-714.177    -269.588    -0.046
-714.190    -269.088    -0.046
-714.204    -268.589    -0.046
-714.216    -268.089    -0.046
-714.230    -267.589    -0.046
-714.244    -267.089    -0.046
-714.257    -266.590    -0.046
-714.269    -266.090    -0.046
-714.283    -265.590    -0.045
-714.296    -265.090    -0.045
-714.310    -264.590    -0.045
-714.322    -264.091    -0.045
-714.336    -263.591    -0.045
-714.349    -263.091    -0.045
-714.363    -262.591    -0.045
-714.375    -262.091    -0.045
-714.389    -261.592    -0.045
-714.402    -261.092    -0.045
-714.416    -260.592    -0.045
-714.428    -260.092    -0.045
-714.442    -259.593    -0.045
-714.458    -259.093    -0.045
-714.474    -258.593    -0.045
-714.488    -258.093    -0.045
-714.504    -257.594    -0.045
-714.519    -257.094    -0.045
-714.534    -256.594    -0.045
-714.550    -256.094    -0.045
-714.566    -255.595    -0.045
-714.581    -255.095    -0.045
-714.596    -254.595    -0.045
-714.612    -254.096    -0.045
-714.627    -253.596    -0.045
-714.643    -253.096    -0.045
-714.658    -252.596    -0.045
-714.674    -252.097    -0.045
-714.690    -251.597    -0.045
-714.705    -251.097    -0.045
-714.720    -250.597    -0.045
-714.736    -250.098    -0.045
-714.751    -249.598    -0.045
-714.767    -249.098    -0.045
-714.782    -248.598    -0.045
-714.798    -248.099    -0.045
-714.813    -247.599    -0.045
-714.829    -247.099    -0.045
-714.844    -246.600    -0.045
-714.859    -246.100    -0.045
-714.875    -245.600    -0.045
-714.891    -245.100    -0.045
-714.905    -244.601    -0.045
-714.921    -244.101    -0.045
-714.937    -243.601    -0.045
-714.952    -243.101    -0.045
-714.967    -242.602    -0.045
-714.982    -242.102    -0.045
-714.998    -241.602    -0.045
-715.014    -241.102    -0.045
-715.029    -240.603    -0.045
-715.044    -240.103    -0.045
-715.060    -239.603    -0.045
-715.074    -239.103    -0.045
-715.087    -238.604    -0.045
-715.100    -238.104    -0.044
-715.113    -237.604    -0.044
-715.127    -237.104    -0.044
-715.139    -236.605    -0.044
-715.152    -236.105    -0.044
-715.165    -235.605    -0.044
-715.178    -235.105    -0.044
-715.191    -234.605    -0.044
-715.205    -234.106    -0.044
-715.218    -233.606    -0.044
-715.231    -233.106    -0.044
-715.244    -232.606    -0.044
-715.257    -232.106    -0.044
-715.270    -231.607    -0.044
-715.283    -231.107    -0.044
-715.296    -230.607    -0.044
-715.309    -230.107    -0.044
-715.323    -229.607    -0.044
-715.335    -229.108    -0.044
-715.348    -228.608    -0.044
-715.362    -228.108    -0.044
-715.376    -227.608    -0.044
-715.389    -227.109    -0.044
-715.404    -226.609    -0.044
-715.418    -226.109    -0.044
-715.432    -225.609    -0.044
-715.446    -225.110    -0.044
-715.460    -224.610    -0.044
-715.475    -224.110    -0.044
-715.489    -223.610    -0.044
-715.503    -223.110    -0.044
-715.517    -222.611    -0.044
-715.531    -222.111    -0.044
-715.546    -221.611    -0.044
-715.559    -221.111    -0.044
-715.573    -220.612    -0.044
-715.588    -220.112    -0.044
-715.602    -219.612    -0.044
-715.615    -219.112    -0.044
-715.630    -218.613    -0.044
-715.644    -218.113    -0.044
-715.658    -217.613    -0.044
-715.672    -217.113    -0.044
-715.686    -216.614    -0.044
-715.700    -216.114    -0.044
-715.715    -215.614    -0.044
-715.729    -215.114    -0.044
-715.743    -214.614    -0.044
-715.757    -214.115    -0.044
-715.771    -213.615    -0.044
-715.785    -213.115    -0.044
-715.800    -212.615    -0.044
-715.814    -212.116    -0.044
-715.828    -211.616    -0.044
-715.843    -211.116    -0.044
-715.857    -210.616    -0.044
-715.872    -210.117    -0.044
-715.885    -209.617    -0.044
-715.900    -209.117    -0.044
-715.914    -208.617    -0.044
-715.928    -208.118    -0.044
-715.942    -207.618    -0.044
-715.956    -207.118    -0.044
-715.970    -206.618    -0.043
-715.985    -206.119    -0.043
-715.998    -205.619    -0.043
-716.013    -205.119    -0.043
-716.028    -204.619    -0.043
-716.042    -204.119    -0.043
-716.056    -203.620    -0.043
-716.070    -203.120    -0.043
-716.085    -202.621    -0.043
-716.099    -202.121    -0.043
-716.112    -201.622    -0.043
-716.127    -201.122    -0.043
-716.142    -200.622    -0.043
-716.157    -200.122    -0.043
-716.171    -199.623    -0.043
-716.185    -199.123    -0.043
-716.200    -198.623    -0.043
-716.214    -198.123    -0.043
-716.228    -197.624    -0.043
-716.243    -197.124    -0.043
-716.257    -196.624    -0.043
-716.272    -196.124    -0.043
-716.285    -195.625    -0.043
-716.300    -195.125    -0.043
-716.315    -194.625    -0.043
-716.329    -194.125    -0.043
-716.343    -193.626    -0.043
-716.358    -193.126    -0.043
-716.372    -192.626    -0.043
-716.387    -192.126    -0.043
-716.401    -191.626    -0.043
-716.416    -191.127    -0.043
-716.430    -190.627    -0.043
-716.444    -190.127    -0.043
-716.459    -189.627    -0.043
-716.475    -189.128    -0.043
-716.491    -188.628    -0.043
-716.506    -188.128    -0.043
-716.522    -187.629    -0.043
-716.538    -187.129    -0.043
-716.554    -186.629    -0.043
-716.569    -186.129    -0.043
-716.585    -185.630    -0.043
-716.600    -185.130    -0.043
-716.616    -184.630    -0.043
-716.631    -184.130    -0.043
-716.647    -183.631    -0.043
-716.663    -183.131    -0.043
-716.679    -182.631    -0.043
-716.694    -182.132    -0.043
-716.710    -181.632    -0.043
-716.726    -181.132    -0.043
-716.742    -180.632    -0.043
-716.757    -180.133    -0.043
-716.773    -179.633    -0.043
-716.789    -179.133    -0.043
-716.805    -178.633    -0.043
-716.820    -178.134    -0.043
-716.835    -177.634    -0.043
-716.850    -177.134    -0.043
-716.864    -176.634    -0.043
-716.878    -176.135    -0.043
-716.893    -175.635    -0.043
-716.907    -175.135    -0.043
-716.922    -174.635    -0.043
-716.935    -174.136    -0.043
-716.950    -173.636    -0.043
-716.965    -173.136    -0.043
-716.979    -172.636    -0.043
-716.993    -172.137    -0.043
-717.007    -171.637    -0.043
-717.022    -171.137    -0.043
-717.037    -170.637    -0.043
-717.050    -170.138    -0.043
-717.065    -169.638    -0.043
-717.080    -169.138    -0.043
-717.093    -168.638    -0.042
-717.108    -168.139    -0.042
-717.122    -167.639    -0.042
-717.137    -167.139    -0.042
-717.151    -166.639    -0.042
-717.165    -166.140    -0.042
-717.180    -165.640    -0.042
-717.192    -165.140    -0.042
-717.204    -164.540    -0.042
-717.212    -164.140    -0.042
-717.223    -163.640    -0.042
-717.235    -163.041    -0.042
-717.243    -162.641    -0.042
-717.256    -162.041    -0.042
-717.264    -161.641    -0.042
-717.275    -161.141    -0.042
-717.284    -160.641    -0.042
-717.297    -160.041    -0.042
-717.305    -159.642    -0.042
-717.317    -159.042    -0.042
-717.325    -158.642    -0.042
-717.336    -158.142    -0.042
-717.347    -157.642    -0.042
-717.359    -157.042    -0.042
-717.367    -156.642    -0.042
-717.378    -156.143    -0.042
-717.388    -155.643    -0.042
-717.400    -155.043    -0.042
-717.408    -154.643    -0.042
-717.419    -154.143    -0.042
-717.433    -153.643    -0.042
-717.447    -153.144    -0.042
-717.459    -152.644    -0.042
-717.473    -152.144    -0.042
-717.487    -151.644    -0.042
-717.500    -151.144    -0.042
-717.513    -150.645    -0.042
-717.527    -150.145    -0.042
-717.541    -149.645    -0.042
-717.554    -149.145    -0.042
-717.567    -148.646    -0.042
-717.581    -148.146    -0.042
-717.595    -147.646    -0.042
-717.609    -147.146    -0.042
-717.621    -146.646    -0.042
-717.635    -146.147    -0.042
-717.648    -145.647    -0.042
-717.663    -145.147    -0.042
-717.678    -144.647    -0.042
-717.694    -144.148    -0.042
-717.710    -143.648    -0.042
-717.726    -143.148    -0.042
-717.741    -142.649    -0.042
-717.757    -142.149    -0.042
-717.773    -141.649    -0.042
-717.788    -141.149    -0.042
-717.805    -140.650    -0.042
-717.821    -140.151    -0.042
-717.837    -139.651    -0.042
-717.853    -139.151    -0.042
-717.869    -138.652    -0.042
-717.885    -138.152    -0.042
-717.901    -137.652    -0.042
-717.916    -137.153    -0.042
-717.933    -136.653    -0.042
-717.949    -136.153    -0.042
-717.965    -135.653    -0.042
-717.980    -135.154    -0.042
-717.996    -134.654    -0.042
-718.012    -134.154    -0.042
-718.028    -133.655    -0.042
-718.040    -133.155    -0.042
-718.054    -132.655    -0.042
-718.067    -132.155    -0.042
-718.080    -131.655    -0.042
-718.093    -131.156    -0.042
-718.106    -130.656    -0.042
-718.120    -130.156    -0.042
-718.133    -129.656    -0.042
-718.145    -129.156    -0.042
-718.158    -128.657    -0.042
-718.172    -128.157    -0.042
-718.185    -127.657    -0.042
-718.197    -127.157    -0.042
-718.211    -126.657    -0.042
-718.224    -126.158    -0.042
-718.237    -125.658    -0.042
-718.250    -125.158    -0.042
-718.263    -124.658    -0.042
-718.276    -124.159    -0.042
-718.289    -123.659    -0.042
-718.302    -123.159    -0.042
-718.315    -122.659    -0.042
-718.328    -122.159    -0.042
-718.342    -121.660    -0.042
-718.355    -121.160    -0.042
-718.370    -120.660    -0.042
-718.385    -120.160    -0.042
-718.399    -119.661    -0.042
-718.414    -119.161    -0.042
-718.429    -118.661    -0.042
-718.444    -118.161    -0.042
-718.458    -117.662    -0.042
-718.473    -117.162    -0.041
-718.488    -116.662    -0.041
-718.503    -116.162    -0.041
-718.517    -115.663    -0.041
-718.532    -115.163    -0.041
-718.547    -114.663    -0.041
-718.562    -114.163    -0.041
-718.576    -113.664    -0.041
-718.591    -113.164    -0.041
-718.606    -112.664    -0.041
-718.621    -112.164    -0.041
-718.634    -111.665    -0.041
-718.649    -111.165    -0.041
-718.665    -110.665    -0.041
-718.683    -110.165    -0.041
-718.700    -109.666    -0.041
-718.718    -109.166    -0.041
-718.736    -108.666    -0.041
-718.754    -108.167    -0.041
-718.771    -107.667    -0.041
-718.789    -107.167    -0.041
-718.807    -106.668    -0.041
-718.825    -106.168    -0.041
-718.838    -105.768    -0.041
-718.856    -105.268    -0.041
-718.873    -104.769    -0.041
-718.891    -104.269    -0.041
-718.912    -103.670    -0.041
-718.930    -103.171    -0.041
-718.949    -102.571    -0.041
-718.958    -102.071    -0.041
-718.967    -101.571    -0.041
-718.975    -101.071    -0.041
-718.984    -100.572    -0.041
-718.993    -100.072    -0.041
-719.000    -99.672    -0.041
-719.009    -99.172    -0.041
-719.020    -98.572    -0.041
-719.029    -98.072    -0.041
-719.036    -97.672    -0.041
-719.045    -97.172    -0.041
-719.061    -96.673    -0.041
-719.077    -96.173    -0.041
-719.093    -95.673    -0.041
-719.110    -95.174    -0.041
-719.126    -94.674    -0.041
-719.142    -94.174    -0.041
-719.158    -93.674    -0.041
-719.175    -93.175    -0.041
-719.191    -92.675    -0.041
-719.207    -92.175    -0.041
-719.224    -91.676    -0.041
-719.241    -91.176    -0.041
-719.258    -90.676    -0.041
-719.273    -90.176    -0.041
-719.287    -89.677    -0.041
-719.301    -89.177    -0.041
-719.315    -88.677    -0.041
-719.328    -88.177    -0.041
-719.342    -87.678    -0.041
-719.356    -87.178    -0.041
-719.370    -86.678    -0.041
-719.383    -86.178    -0.041
-719.397    -85.678    -0.041
-719.411    -85.179    -0.041
-719.425    -84.679    -0.041
-719.438    -84.179    -0.041
-719.453    -83.679    -0.041
-719.467    -83.180    -0.041
-719.480    -82.680    -0.041
-719.494    -82.180    -0.041
-719.510    -81.680    -0.041
-719.525    -81.181    -0.041
-719.540    -80.681    -0.041
-719.554    -80.181    -0.041
-719.569    -79.681    -0.041
-719.585    -79.182    -0.041
-719.600    -78.682    -0.041
-719.614    -78.182    -0.041
-719.629    -77.682    -0.041
-719.644    -77.183    -0.041
-719.659    -76.683    -0.041
-719.673    -76.183    -0.041
-719.689    -75.683    -0.041
-719.703    -75.184    -0.041
-719.717    -74.684    -0.041
-719.732    -74.184    -0.041
-719.748    -73.684    -0.041
-719.763    -73.185    -0.041
-719.777    -72.685    -0.041
-719.790    -72.185    -0.041
-719.802    -71.585    -0.041
-719.811    -71.185    -0.041
-719.823    -70.586    -0.041
-719.831    -70.186    -0.041
-719.841    -69.686    -0.041
-719.853    -69.086    -0.041
-719.861    -68.686    -0.041
-719.871    -68.186    -0.041
-719.883    -67.586    -0.041
-719.892    -67.186    -0.041
-719.901    -66.687    -0.041
-719.914    -66.087    -0.041
-719.922    -65.687    -0.041
-719.932    -65.187    -0.041
-719.942    -64.687    -0.041
-719.952    -64.187    -0.041
-719.964    -63.587    -0.041
-719.973    -63.188    -0.041
-719.982    -62.688    -0.041
-719.996    -62.288    -0.041
-720.018    -61.688    -0.041
-720.036    -61.189    -0.041
-720.050    -60.789    -0.041
-720.072    -60.189    -0.041
-720.087    -59.790    -0.041
-720.105    -59.291    -0.041
-720.127    -58.691    -0.041
-720.146    -58.192    -0.041
-720.164    -57.692    -0.041
-720.183    -57.192    -0.041
-720.200    -56.693    -0.041
-720.219    -56.193    -0.041
-720.237    -55.693    -0.041
-720.256    -55.194    -0.041
-720.273    -54.694    -0.041
-720.292    -54.194    -0.041
-720.310    -53.695    -0.041
-720.329    -53.195    -0.041
-720.345    -52.695    -0.041
-720.359    -52.196    -0.041
-720.372    -51.696    -0.041
-720.385    -51.196    -0.041
-720.398    -50.696    -0.041
-720.412    -50.196    -0.041
-720.426    -49.697    -0.041
-720.438    -49.197    -0.041
-720.452    -48.697    -0.041
-720.465    -48.197    -0.041
-720.479    -47.697    -0.041
-720.491    -47.198    -0.041
-720.505    -46.698    -0.041
-720.519    -46.198    -0.041
-720.532    -45.698    -0.041
-720.545    -45.199    -0.041
-720.558    -44.699    -0.041
-720.572    -44.199    -0.041
-720.585    -43.699    -0.041
-720.598    -43.199    -0.041
-720.611    -42.700    -0.041
-720.625    -42.200    -0.041
-720.639    -41.700    -0.041
-720.651    -41.200    -0.041
-720.665    -40.701    -0.041
-720.678    -40.201    -0.041
-720.692    -39.701    -0.041
-720.704    -39.201    -0.041
-720.717    -38.701    -0.041
-720.731    -38.202    -0.041
-720.744    -37.702    -0.041
-720.757    -37.202    -0.041
-720.770    -36.702    -0.041
-720.784    -36.202    -0.041
-720.797    -35.703    -0.041
-720.810    -35.203    -0.041
-720.823    -34.703    -0.041
-720.837    -34.203    -0.041
-720.850    -33.704    -0.041
-720.863    -33.204    -0.041
-720.876    -32.704    -0.041
-720.889    -32.204    -0.041
-720.903    -31.704    -0.041
-720.917    -31.205    -0.041
-720.932    -30.705    -0.041
-720.947    -30.205    -0.041
-720.962    -29.705    -0.041
-720.976    -29.206    -0.041
-720.991    -28.706    -0.041
-721.006    -28.206    -0.041
-721.021    -27.706    -0.041
-721.034    -27.207    -0.041
-721.049    -26.707    -0.041
-721.064    -26.207    -0.041
-721.078    -25.707    -0.041
-721.093    -25.208    -0.041
-721.107    -24.708    -0.041
-721.122    -24.208    -0.041
-721.136    -23.708    -0.041
-721.151    -23.209    -0.041
-721.166    -22.709    -0.041
-721.181    -22.209    -0.041
-721.195    -21.709    -0.041
-721.210    -21.210    -0.041
-721.224    -20.710    -0.041
-721.240    -20.210    -0.041
-721.255    -19.710    -0.041
-721.271    -19.211    -0.041
-721.286    -18.711    -0.041
-721.302    -18.211    -0.041
-721.316    -17.711    -0.041
-721.332    -17.212    -0.041
-721.347    -16.712    -0.041
-721.363    -16.212    -0.041
-721.378    -15.713    -0.041
-721.393    -15.214    -0.041
-721.409    -14.714    -0.041
-721.424    -14.214    -0.041
-721.439    -13.715    -0.041
-721.454    -13.215    -0.041
-721.470    -12.715    -0.041
-721.485    -12.215    -0.041
-721.500    -11.716    -0.041
-721.513    -11.216    -0.041
-721.527    -10.716    -0.041
-721.541    -10.216    -0.041
-721.554    -9.716    -0.041
-721.568    -9.217    -0.041
-721.582    -8.717    -0.041
-721.595    -8.217    -0.041
-721.608    -7.717    -0.041
-721.622    -7.218    -0.041
-721.636    -6.718    -0.041
-721.650    -6.218    -0.041
-721.663    -5.718    -0.041
-721.677    -5.218    -0.041
-721.690    -4.719    -0.041
-721.704    -4.219    -0.041
-721.717    -3.719    -0.041
-721.731    -3.219    -0.041
-721.743    -2.720    -0.041
-721.754    -2.220    -0.041
-721.766    -1.720    -0.041
-721.778    -1.220    -0.041
-721.790    -0.720    -0.041
-721.801    -0.220    -0.041
-721.813    0.279    -0.041
-721.825    0.779    -0.041
-721.837    1.279    -0.041
-721.848    1.779    -0.041
-721.860    2.279    -0.041
-721.872    2.779    -0.041
-721.884    3.278    -0.041
-721.895    3.778    -0.041
-721.907    4.278    -0.041
-721.919    4.778    -0.041
-721.931    5.278    -0.041
-721.942    5.777    -0.041
-721.954    6.277    -0.041
-721.966    6.777    -0.041
-721.978    7.277    -0.041
-721.989    7.777    -0.041
-722.001    8.277    -0.041
-722.013    8.776    -0.041
-722.025    9.276    -0.041
-722.036    9.776    -0.041
-722.048    10.276    -0.041
-722.060    10.776    -0.041
-722.072    11.275    -0.041
-722.083    11.775    -0.041
-722.095    12.275    -0.041
-722.107    12.775    -0.041
-722.122    13.275    -0.041
-722.139    13.774    -0.041
-722.154    14.174    -0.041
-722.176    14.774    -0.041
-722.194    15.273    -0.041
-722.208    15.673    -0.041
-722.230    16.273    -0.041
-722.248    16.772    -0.041
-722.266    17.272    -0.041
-722.284    17.772    -0.041
-722.302    18.271    -0.041
-722.320    18.771    -0.041
-722.334    19.171    -0.041
-722.356    19.770    -0.041
-722.374    20.270    -0.041
-722.392    20.770    -0.041
-722.408    21.269    -0.041
-722.424    21.769    -0.041
-722.440    22.269    -0.041
-722.456    22.769    -0.041
-722.472    23.268    -0.041
-722.488    23.768    -0.041
-722.504    24.268    -0.041
-722.520    24.768    -0.041
-722.536    25.267    -0.041
-722.552    25.767    -0.041
-722.568    26.267    -0.041
-722.584    26.766    -0.041
-722.600    27.265    -0.041
-722.616    27.765    -0.041
-722.632    28.265    -0.041
-722.649    28.764    -0.041
-722.664    29.264    -0.041
-722.681    29.764    -0.041
-722.697    30.263    -0.041
-722.714    30.763    -0.041
-722.729    31.263    -0.041
-722.745    31.763    -0.041
-722.762    32.262    -0.041
-722.778    32.762    -0.041
-722.794    33.262    -0.041
-722.811    33.761    -0.041
-722.828    34.261    -0.041
-722.845    34.761    -0.041
-722.860    35.261    -0.041
-722.877    35.760    -0.041
-722.894    36.260    -0.041
-722.910    36.760    -0.041
-722.926    37.259    -0.041
-722.943    37.759    -0.041
-722.959    38.259    -0.041
-722.976    38.759    -0.041
-722.992    39.258    -0.041
-723.009    39.758    -0.041
-723.025    40.258    -0.041
-723.042    40.757    -0.041
-723.058    41.257    -0.041
-723.075    41.757    -0.041
-723.092    42.256    -0.041
-723.108    42.756    -0.041
-723.124    43.256    -0.041
-723.140    43.756    -0.041
-723.157    44.255    -0.041
-723.172    44.755    -0.041
-723.188    45.255    -0.041
-723.199    45.755    -0.041
-723.210    46.254    -0.041
-723.222    46.854    -0.041
-723.230    47.254    -0.041
-723.241    47.754    -0.041
-723.253    48.354    -0.041
-723.261    48.754    -0.041
-723.272    49.254    -0.041
-723.284    49.853    -0.041
-723.293    50.253    -0.041
-723.303    50.753    -0.041
-723.316    51.353    -0.041
-723.324    51.753    -0.041
-723.335    52.253    -0.041
-723.345    52.753    -0.041
-723.356    53.252    -0.041
-723.368    53.852    -0.041
-723.377    54.252    -0.041
-723.387    54.752    -0.041
-723.400    55.352    -0.041
-723.408    55.752    -0.041
-723.419    56.251    -0.041
-723.429    56.751    -0.041
-723.440    57.251    -0.041
-723.451    57.751    -0.041
-723.464    58.251    -0.041
-723.476    58.751    -0.041
-723.490    59.250    -0.041
-723.503    59.750    -0.041
-723.516    60.250    -0.041
-723.529    60.750    -0.041
-723.542    61.250    -0.041
-723.555    61.749    -0.041
-723.569    62.249    -0.041
-723.581    62.749    -0.041
-723.594    63.249    -0.041
-723.608    63.748    -0.041
-723.621    64.248    -0.041
-723.633    64.748    -0.041
-723.647    65.248    -0.041
-723.660    65.748    -0.041
-723.673    66.247    -0.041
-723.686    66.747    -0.041
-723.699    67.247    -0.041
-723.713    67.747    -0.041
-723.726    68.247    -0.041
-723.738    68.746    -0.041
-723.751    69.246    -0.041
-723.765    69.746    -0.041
-723.778    70.246    -0.041
-723.791    70.746    -0.041
-723.804    71.245    -0.041
-723.817    71.745    -0.041
-723.831    72.245    -0.041
-723.843    72.745    -0.041
-723.856    73.245    -0.041
-723.869    73.744    -0.041
-723.882    74.244    -0.041
-723.894    74.744    -0.041
-723.907    75.244    -0.041
-723.921    75.743    -0.041
-723.933    76.243    -0.041
-723.946    76.743    -0.041
-723.960    77.243    -0.042
-723.973    77.743    -0.042
-723.985    78.242    -0.042
-723.998    78.742    -0.042
-724.011    79.242    -0.042
-724.024    79.742    -0.042
-724.037    80.242    -0.042
-724.050    80.741    -0.042
-724.063    81.241    -0.042
-724.076    81.741    -0.042
-724.089    82.241    -0.042
-724.105    82.740    -0.042
-724.123    83.240    -0.042
-724.140    83.740    -0.042
-724.157    84.239    -0.042
-724.174    84.738    -0.042
-724.191    85.238    -0.042
-724.208    85.738    -0.042
-724.224    86.237    -0.042
-724.242    86.737    -0.042
-724.259    87.237    -0.042
-724.277    87.736    -0.042
-724.293    88.236    -0.042
-724.310    88.736    -0.042
-724.323    89.136    -0.042
-724.345    89.735    -0.042
-724.361    90.235    -0.042
-724.378    90.735    -0.042
-724.395    91.234    -0.042
-724.413    91.734    -0.042
-724.429    92.234    -0.042
-724.443    92.633    -0.042
-724.464    93.233    -0.042
-724.482    93.733    -0.042
-724.498    94.232    -0.042
-724.512    94.732    -0.042
-724.526    95.232    -0.042
-724.539    95.732    -0.042
-724.551    96.232    -0.042
-724.565    96.731    -0.042
-724.578    97.231    -0.042
-724.590    97.731    -0.042
-724.603    98.231    -0.042
-724.617    98.731    -0.042
-724.630    99.230    -0.042
-724.642    99.730    -0.042
-724.655    100.230    -0.042
-724.669    100.730    -0.042
-724.682    101.230    -0.042
-724.694    101.729    -0.042
-724.708    102.229    -0.042
-724.721    102.729    -0.042
-724.734    103.229    -0.042
-724.747    103.728    -0.042
-724.760    104.228    -0.042
-724.773    104.728    -0.042
-724.787    105.228    -0.042
-724.799    105.728    -0.042
-724.813    106.227    -0.042
-724.828    106.727    -0.042
-724.843    107.227    -0.042
-724.857    107.727    -0.042
-724.872    108.226    -0.042
-724.887    108.726    -0.042
-724.902    109.226    -0.042
-724.916    109.726    -0.042
-724.931    110.225    -0.042
-724.946    110.725    -0.042
-724.962    111.225    -0.042
-724.976    111.725    -0.042
-724.991    112.224    -0.042
-725.006    112.724    -0.042
-725.021    113.224    -0.042
-725.035    113.724    -0.042
-725.050    114.223    -0.042
-725.065    114.723    -0.042
-725.081    115.223    -0.042
-725.095    115.723    -0.042
-725.110    116.222    -0.042
-725.124    116.722    -0.042
-725.139    117.222    -0.042
-725.153    117.722    -0.042
-725.167    118.221    -0.042
-725.181    118.721    -0.042
-725.196    119.221    -0.042
-725.209    119.721    -0.042
-725.224    120.220    -0.042
-725.238    120.720    -0.042
-725.253    121.220    -0.042
-725.266    121.720    -0.042
-725.281    122.219    -0.042
-725.295    122.719    -0.042
-725.310    123.219    -0.042
-725.323    123.719    -0.042
-725.337    124.219    -0.042
-725.351    124.718    -0.042
-725.365    125.218    -0.042
-725.379    125.718    -0.042
-725.393    126.218    -0.042
-725.408    126.717    -0.042
-725.421    127.217    -0.042
-725.436    127.717    -0.042
-725.451    128.217    -0.042
-725.465    128.716    -0.043
-725.478    129.216    -0.043
-725.493    129.716    -0.043
-725.508    130.216    -0.043
-725.523    130.714    -0.043
-725.537    131.214    -0.043
-725.552    131.714    -0.043
-725.567    132.214    -0.043
-725.581    132.713    -0.043
-725.595    133.213    -0.043
-725.610    133.713    -0.043
-725.625    134.213    -0.043
-725.640    134.712    -0.043
-725.654    135.212    -0.043
-725.669    135.712    -0.043
-725.684    136.212    -0.043
-725.699    136.711    -0.043
-725.713    137.211    -0.043
-725.728    137.711    -0.043
-725.743    138.211    -0.043
-725.758    138.710    -0.043
-725.772    139.210    -0.043
-725.787    139.710    -0.043
-725.802    140.210    -0.043
-725.818    140.709    -0.043
-725.833    141.209    -0.043
-725.849    141.709    -0.043
-725.866    142.209    -0.043
-725.882    142.708    -0.043
-725.897    143.208    -0.043
-725.914    143.708    -0.043
-725.930    144.207    -0.043
-725.946    144.707    -0.043
-725.961    145.207    -0.043
-725.978    145.707    -0.043
-725.994    146.206    -0.043
-726.010    146.706    -0.043
-726.025    147.206    -0.043
-726.042    147.706    -0.043
-726.058    148.205    -0.043
-726.073    148.705    -0.043
-726.090    149.205    -0.043
-726.107    149.704    -0.043
-726.123    150.204    -0.043
-726.138    150.704    -0.043
-726.154    151.204    -0.043
-726.170    151.703    -0.043
-726.186    152.203    -0.043
-726.200    152.703    -0.043
-726.216    153.202    -0.043
-726.232    153.702    -0.043
-726.247    154.202    -0.043
-726.262    154.702    -0.043
-726.278    155.201    -0.043
-726.293    155.701    -0.043
-726.309    156.201    -0.043
-726.323    156.701    -0.043
-726.339    157.200    -0.043
-726.355    157.700    -0.043
-726.370    158.200    -0.043
-726.385    158.700    -0.043
-726.401    159.199    -0.043
-726.416    159.699    -0.043
-726.432    160.199    -0.043
-726.447    160.699    -0.043
-726.462    161.198    -0.043
-726.478    161.698    -0.043
-726.493    162.198    -0.043
-726.508    162.697    -0.043
-726.523    163.197    -0.043
-726.539    163.697    -0.043
-726.555    164.197    -0.043
-726.569    164.696    -0.043
-726.582    165.196    -0.043
-726.596    165.696    -0.043
-726.609    166.196    -0.044
-726.622    166.696    -0.044
-726.635    167.195    -0.044
-726.649    167.695    -0.044
-726.662    168.195    -0.044
-726.674    168.695    -0.044
-726.688    169.194    -0.044
-726.701    169.694    -0.044
-726.715    170.194    -0.044
-726.727    170.694    -0.044
-726.741    171.194    -0.044
-726.754    171.693    -0.044
-726.767    172.193    -0.044
-726.780    172.693    -0.044
-726.793    173.193    -0.044
-726.806    173.693    -0.044
-726.820    174.192    -0.044
-726.832    174.692    -0.044
-726.845    175.192    -0.044
-726.859    175.692    -0.044
-726.871    176.192    -0.044
-726.883    176.691    -0.044
-726.895    177.191    -0.044
-726.907    177.691    -0.044
-726.918    178.191    -0.044
-726.930    178.691    -0.044
-726.942    179.190    -0.044
-726.954    179.690    -0.044
-726.965    180.190    -0.044
-726.977    180.690    -0.044
-726.989    181.190    -0.044
-727.001    181.690    -0.044
-727.012    182.189    -0.044
-727.024    182.689    -0.044
-727.036    183.189    -0.044
-727.048    183.689    -0.044
-727.059    184.189    -0.044
-727.071    184.688    -0.044
-727.083    185.188    -0.044
-727.095    185.688    -0.044
-727.106    186.188    -0.044
-727.118    186.688    -0.044
-727.130    187.188    -0.044
-727.142    187.687    -0.044
-727.153    188.187    -0.044
-727.166    188.687    -0.044
-727.180    189.187    -0.044
-727.193    189.687    -0.044
-727.205    190.186    -0.044
-727.219    190.686    -0.044
-727.232    191.186    -0.044
-727.246    191.686    -0.044
-727.258    192.186    -0.044
-727.271    192.685    -0.044
-727.284    193.185    -0.044
-727.298    193.685    -0.044
-727.310    194.185    -0.044
-727.324    194.684    -0.044
-727.337    195.184    -0.044
-727.351    195.683    -0.044
-727.363    196.183    -0.044
-727.377    196.683    -0.044
-727.390    197.182    -0.044
-727.403    197.682    -0.045
-727.416    198.182    -0.045
-727.429    198.682    -0.045
-727.443    199.182    -0.045
-727.456    199.681    -0.045
-727.472    200.181    -0.045
-727.489    200.681    -0.045
-727.506    201.180    -0.045
-727.523    201.680    -0.045
-727.539    202.180    -0.045
-727.556    202.680    -0.045
-727.573    203.179    -0.045
-727.590    203.679    -0.045
-727.605    204.179    -0.045
-727.622    204.678    -0.045
-727.639    205.178    -0.045
-727.655    205.678    -0.045
-727.672    206.178    -0.045
-727.689    206.677    -0.045
-727.706    207.177    -0.045
-727.722    207.677    -0.045
-727.739    208.176    -0.045
-727.756    208.676    -0.045
-727.773    209.176    -0.045
-727.789    209.675    -0.045
-727.806    210.175    -0.045
-727.822    210.675    -0.045
-727.840    211.175    -0.045
-727.856    211.674    -0.045
-727.872    212.174    -0.045
-727.889    212.674    -0.045
-727.904    213.173    -0.045
-727.918    213.673    -0.045
-727.933    214.173    -0.045
-727.948    214.673    -0.045
-727.963    215.172    -0.045
-727.977    215.672    -0.045
-727.992    216.172    -0.045
-728.007    216.672    -0.045
-728.022    217.171    -0.045
-728.036    217.671    -0.045
-728.051    218.171    -0.045
-728.066    218.671    -0.045
-728.081    219.170    -0.045
-728.095    219.670    -0.045
-728.110    220.170    -0.045
-728.125    220.670    -0.045
-728.140    221.169    -0.045
-728.154    221.669    -0.045
-728.169    222.169    -0.045
-728.184    222.669    -0.045
-728.199    223.168    -0.045
-728.213    223.668    -0.045
-728.227    224.168    -0.045
-728.242    224.668    -0.045
-728.257    225.167    -0.046
-728.270    225.667    -0.046
-728.285    226.167    -0.046
-728.300    226.667    -0.046
-728.315    227.166    -0.046
-728.329    227.666    -0.046
-728.344    228.166    -0.046
-728.359    228.666    -0.046
-728.373    229.165    -0.046
-728.387    229.665    -0.046
-728.401    230.165    -0.046
-728.416    230.665    -0.046
-728.430    231.165    -0.046
-728.445    231.664    -0.046
-728.460    232.164    -0.046
-728.474    232.664    -0.046
-728.488    233.164    -0.046
-728.503    233.663    -0.046
-728.518    234.162    -0.046
-728.533    234.662    -0.046
-728.548    234.961    -0.046
-728.571    235.361    -0.046
-728.606    235.960    -0.046
-728.630    236.359    -0.046
-728.659    236.858    -0.046
-728.694    237.458    -0.046
-728.718    237.857    -0.046
-728.748    238.355    -0.046
-728.783    238.955    -0.046
-728.811    239.654    -0.046
-728.825    240.154    -0.046
-728.839    240.654    -0.046
-728.853    241.154    -0.046
-728.867    241.653    -0.046
-728.881    242.153    -0.046
-728.895    242.653    -0.046
-728.908    243.153    -0.046
-728.922    243.652    -0.046
-728.937    244.152    -0.046
-728.951    244.652    -0.046
-728.964    245.152    -0.046
-728.977    245.651    -0.046
-728.991    246.151    -0.046
-729.004    246.651    -0.046
-729.019    247.151    -0.046
-729.034    247.651    -0.046
-729.047    248.150    -0.046
-729.060    248.650    -0.046
-729.074    249.150    -0.046
-729.088    249.650    -0.047
-729.103    250.149    -0.047
-729.116    250.649    -0.047
-729.130    251.149    -0.047
-729.144    251.649    -0.047
-729.158    252.148    -0.047
-729.171    252.648    -0.047
-729.185    253.148    -0.047
-729.200    253.648    -0.047
-729.213    254.148    -0.047
-729.226    254.647    -0.047
-729.240    255.147    -0.047
-729.254    255.647    -0.047
-729.269    256.147    -0.047
-729.283    256.646    -0.047
-729.297    257.146    -0.047
-729.310    257.646    -0.047
-729.324    258.146    -0.047
-729.337    258.645    -0.047
-729.351    259.144    -0.047
-729.366    259.644    -0.047
-729.380    260.144    -0.047
-729.393    260.644    -0.047
-729.407    261.143    -0.047
-729.421    261.643    -0.047
-729.435    262.143    -0.047
-729.449    262.643    -0.047
-729.463    263.142    -0.047
-729.476    263.642    -0.047
-729.490    264.142    -0.047
-729.503    264.642    -0.047
-729.518    265.142    -0.047
-729.533    265.641    -0.047
-729.547    266.141    -0.047
-729.559    266.641    -0.047
-729.573    267.141    -0.047
-729.587    267.640    -0.047
-729.602    268.140    -0.047
-729.616    268.640    -0.047
-729.630    269.140    -0.047
-729.643    269.639    -0.047
-729.657    270.139    -0.047
-729.670    270.639    -0.047
-729.684    271.139    -0.047
-729.699    271.639    -0.047
-729.713    272.138    -0.048
-729.725    272.638    -0.048
-729.739    273.138    -0.048
-729.753    273.638    -0.048
-729.767    274.137    -0.048
-729.782    274.637    -0.048
-729.796    275.137    -0.048
-729.809    275.637    -0.048
-729.822    276.136    -0.048
-729.836    276.636    -0.048
-729.851    277.136    -0.048
-729.866    277.636    -0.048
-729.879    278.136    -0.048
-729.892    278.635    -0.048
-729.906    279.135    -0.048
-729.920    279.635    -0.048
-729.934    280.135    -0.048
-729.948    280.634    -0.048
-729.962    281.134    -0.048
-729.976    281.634    -0.048
-729.989    282.134    -0.048
-730.003    282.634    -0.048
-730.017    283.133    -0.048
-730.032    283.633    -0.048
-730.044    284.133    -0.048
-730.058    284.633    -0.048
-730.072    285.132    -0.048
-730.086    285.632    -0.048
-730.100    286.132    -0.048
-730.115    286.632    -0.048
-730.129    287.131    -0.048
-730.142    287.631    -0.048
-730.155    288.131    -0.048
-730.169    288.631    -0.048
-730.183    289.131    -0.048
-730.198    289.630    -0.048
-730.211    290.130    -0.048
-730.225    290.630    -0.048
-730.239    291.130    -0.048
-730.253    291.629    -0.048
-730.266    292.129    -0.048
-730.281    292.629    -0.048
-730.295    293.129    -0.049
-730.308    293.628    -0.049
-730.321    294.128    -0.049
-730.336    294.628    -0.049
-730.350    295.128    -0.049
-730.365    295.628    -0.049
-730.378    296.127    -0.049
-730.391    296.627    -0.049
-730.405    297.127    -0.049
-730.419    297.627    -0.049
-730.432    298.126    -0.049
-730.447    298.626    -0.049
-730.461    299.126    -0.049
-730.475    299.626    -0.049
-730.488    300.125    -0.049
-730.502    300.625    -0.049
-730.516    301.125    -0.049
-730.531    301.625    -0.049
-730.543    302.125    -0.049
-730.557    302.624    -0.049
-730.571    303.124    -0.049
-730.585    303.624    -0.049
-730.599    304.124    -0.049
-730.614    304.623    -0.049
-730.627    305.123    -0.049
-730.640    305.623    -0.049
-730.654    306.123    -0.049
-730.668    306.623    -0.049
-730.682    307.122    -0.049
-730.696    307.622    -0.049
-730.710    308.122    -0.049
-730.724    308.622    -0.049
-730.738    309.121    -0.049
-730.751    309.621    -0.049
-730.766    310.121    -0.049
-730.780    310.621    -0.049
-730.793    311.120    -0.049
-730.806    311.620    -0.049
-730.820    312.120    -0.049
-730.834    312.620    -0.050
-730.849    313.120    -0.050
-730.863    313.619    -0.050
-730.877    314.119    -0.050
-730.890    314.619    -0.050
-730.904    315.119    -0.050
-730.917    315.618    -0.050
-730.931    316.118    -0.050
-730.946    316.618    -0.050
-730.960    317.118    -0.050
-730.973    317.617    -0.050
-730.987    318.117    -0.050
-731.001    318.617    -0.050
-731.015    319.117    -0.050
-731.029    319.617    -0.050
-731.043    320.116    -0.050
-731.056    320.616    -0.050
-731.070    321.116    -0.050
-731.083    321.616    -0.050
-731.098    322.115    -0.050
-731.113    322.615    -0.050
-731.127    323.115    -0.050
-731.139    323.615    -0.050
-731.153    324.114    -0.050
-731.167    324.614    -0.050
-731.182    325.114    -0.050
-731.196    325.614    -0.050
-731.210    326.114    -0.050
-731.223    326.613    -0.050
-731.237    327.113    -0.050
-731.250    327.613    -0.050
-731.264    328.113    -0.050
-731.279    328.612    -0.050
-731.293    329.112    -0.050
-731.305    329.612    -0.050
-731.320    330.112    -0.050
-731.334    330.612    -0.050
-731.348    331.111    -0.050
-731.362    331.611    -0.051
-731.375    332.111    -0.051
-731.389    332.611    -0.051
-731.403    333.110    -0.051
-731.416    333.610    -0.051
-731.431    334.110    -0.051
-731.446    334.610    -0.051
-731.460    335.109    -0.051
-731.472    335.609    -0.051
-731.486    336.109    -0.051
-731.500    336.609    -0.051
-731.514    337.109    -0.051
-731.528    337.608    -0.051
-731.542    338.108    -0.051
-731.556    338.608    -0.051
-731.569    339.108    -0.051
-731.583    339.607    -0.051
-731.597    340.107    -0.051
-731.612    340.607    -0.051
-731.624    341.107    -0.051
-731.638    341.606    -0.051
-731.652    342.106    -0.051
-731.666    342.606    -0.051
-731.680    343.106    -0.051
-731.695    343.606    -0.051
-731.709    344.105    -0.051
-731.722    344.605    -0.051
-731.735    345.105    -0.051
-731.749    345.605    -0.051
-731.763    346.104    -0.051
-731.778    346.604    -0.051
-731.791    347.104    -0.051
-731.804    347.604    -0.051
-731.819    348.103    -0.051
-731.833    348.603    -0.051
-731.846    349.103    -0.052
-731.861    349.603    -0.052
-731.875    350.103    -0.052
-731.888    350.602    -0.052
-731.901    351.102    -0.052
-731.916    351.602    -0.052
-731.930    352.102    -0.052
-731.945    352.601    -0.052
-731.958    353.101    -0.052
-731.971    353.601    -0.052
-731.985    354.101    -0.052
-731.999    354.601    -0.052
-732.013    355.100    -0.052
-732.027    355.600    -0.052
-732.041    356.100    -0.052
-732.055    356.600    -0.052
-732.068    357.099    -0.052
-732.082    357.599    -0.052
-732.096    358.099    -0.052
-732.111    358.599    -0.052
-732.124    359.098    -0.052
-732.137    359.598    -0.052
-732.151    360.098    -0.052
-732.165    360.598    -0.052
-732.179    361.098    -0.052
-732.194    361.597    -0.052
-732.207    362.097    -0.052
-732.221    362.597    -0.052
-732.234    363.097    -0.052
-732.248    363.596    -0.052
-732.262    364.096    -0.052
-732.277    364.596    -0.052
-732.290    365.096    -0.052
-732.304    365.594    -0.052
-732.318    366.094    -0.053
-732.331    366.594    -0.053
-732.345    367.094    -0.053
-732.360    367.594    -0.053
-732.374    368.093    -0.053
-732.386    368.593    -0.053
-732.400    369.093    -0.053
-732.414    369.593    -0.053
-732.429    370.092    -0.053
-732.443    370.592    -0.053
-732.456    371.092    -0.053
-732.470    371.592    -0.053
-732.484    372.091    -0.053
-732.497    372.591    -0.053
-732.511    373.091    -0.053
-732.526    373.591    -0.053
-732.540    374.091    -0.053
-732.553    374.590    -0.053
-732.567    375.090    -0.053
-732.581    375.590    -0.053
-732.595    376.090    -0.053
-732.609    376.589    -0.053
-732.623    377.089    -0.053
-732.636    377.589    -0.053
-732.650    378.089    -0.053
-732.663    378.589    -0.053
-732.678    379.088    -0.053
-732.693    379.588    -0.053
-732.707    380.088    -0.053
-732.719    380.588    -0.053
-732.733    381.087    -0.053
-732.747    381.587    -0.053
-732.762    382.087    -0.054
-732.776    382.587    -0.054
-732.790    383.086    -0.054
-732.803    383.586    -0.054
-732.817    384.086    -0.054
-732.830    384.586    -0.054
-732.845    385.086    -0.054
-732.859    385.585    -0.054
-732.873    386.085    -0.054
-732.886    386.585    -0.054
-732.899    387.085    -0.054
-732.913    387.584    -0.054
-732.928    388.084    -0.054
-732.942    388.584    -0.054
-732.955    389.084    -0.054
-732.969    389.583    -0.054
-732.983    390.083    -0.054
-732.996    390.583    -0.054
-733.011    391.083    -0.054
-733.026    391.583    -0.054
-733.039    392.082    -0.054
-733.052    392.582    -0.054
-733.066    393.082    -0.054
-733.080    393.582    -0.054
-733.095    394.081    -0.054
-733.108    394.581    -0.054
-733.122    395.081    -0.054
-733.136    395.581    -0.054
-733.150    396.080    -0.054
-733.163    396.580    -0.054
-733.178    397.080    -0.054
-733.192    397.580    -0.055
-733.206    398.080    -0.055
-733.218    398.579    -0.055
-733.232    399.079    -0.055
-733.246    399.579    -0.055
-733.260    400.079    -0.055
-733.275    400.578    -0.055
-733.289    401.078    -0.055
-733.302    401.578    -0.055
-733.315    402.078    -0.055
-733.329    402.578    -0.055
-733.343    403.077    -0.055
-733.358    403.577    -0.055
-733.371    404.077    -0.055
-733.384    404.577    -0.055
-733.399    405.076    -0.055
-733.413    405.576    -0.055
-733.426    406.076    -0.055
-733.441    406.576    -0.055
-733.454    407.075    -0.055
-733.468    407.575    -0.055
-733.481    408.075    -0.055
-733.495    408.575    -0.055
-733.510    409.075    -0.055
-733.525    409.574    -0.055
-733.537    410.074    -0.055
-733.551    410.574    -0.055
-733.565    411.074    -0.055
-733.579    411.573    -0.055
-733.592    412.073    -0.055
-733.607    412.573    -0.056
-733.621    413.073    -0.056
-733.635    413.572    -0.056
-733.648    414.072    -0.056
-733.662    414.572    -0.056
-733.676    415.072    -0.056
-733.691    415.572    -0.056
-733.704    416.071    -0.056
-733.717    416.571    -0.056
-733.731    417.071    -0.056
-733.746    417.571    -0.056
-733.759    418.070    -0.056
-733.774    418.570    -0.056
-733.788    419.070    -0.056
-733.801    419.570    -0.056
-733.814    420.069    -0.056
-733.828    420.569    -0.056
-733.843    421.069    -0.056
-733.857    421.569    -0.056
-733.870    422.069    -0.056
-733.884    422.568    -0.056
-733.898    423.068    -0.056
-733.912    423.568    -0.056
-733.925    424.068    -0.056
-733.940    424.567    -0.056
-733.954    425.067    -0.056
-733.967    425.567    -0.056
-733.980    426.067    -0.056
-733.994    426.567    -0.056
-734.009    427.066    -0.057
-734.024    427.566    -0.057
-734.036    428.066    -0.057
-734.050    428.566    -0.057
-734.064    429.065    -0.057
-734.078    429.565    -0.057
-734.091    430.065    -0.057
-734.106    430.565    -0.057
-734.120    431.064    -0.057
-734.134    431.564    -0.057
-734.147    432.064    -0.057
-734.161    432.564    -0.057
-734.175    433.064    -0.057
-734.188    433.563    -0.057
-734.202    434.063    -0.057
-734.216    434.563    -0.057
-734.230    435.063    -0.057
-734.243    435.562    -0.057
-734.258    436.062    -0.057
-734.272    436.562    -0.057
-734.286    437.062    -0.057
-734.299    437.561    -0.057
-734.313    438.061    -0.057
-734.327    438.561    -0.057
-734.341    439.061    -0.057
-734.355    439.561    -0.057
-734.369    440.060    -0.057
-734.383    440.560    -0.057
-734.397    441.060    -0.058
-734.410    441.560    -0.058
-734.424    442.059    -0.058
-734.438    442.559    -0.058
-734.453    443.059    -0.058
-734.466    443.559    -0.058
-734.480    444.058    -0.058
-734.494    444.558    -0.058
-734.508    445.058    -0.058
-734.521    445.558    -0.058
-734.535    446.058    -0.058
-734.550    446.557    -0.058
-734.564    447.057    -0.058
-734.577    447.557    -0.058
-734.591    448.057    -0.058
-734.605    448.556    -0.058
-734.620    449.056    -0.058
-734.633    449.556    -0.058
-734.647    450.056    -0.058
-734.661    450.555    -0.058
-734.675    451.055    -0.058
-734.689    451.555    -0.058
-734.703    452.055    -0.058
-734.717    452.555    -0.058
-734.731    453.054    -0.058
-734.744    453.554    -0.058
-734.758    454.054    -0.058
-734.772    454.554    -0.059
-734.786    455.053    -0.059
-734.799    455.553    -0.059
-734.813    456.053    -0.059
-734.827    456.553    -0.059
-734.842    457.052    -0.059
-734.855    457.552    -0.059
-734.869    458.052    -0.059
-734.883    458.552    -0.059
-734.897    459.052    -0.059
-734.910    459.551    -0.059
-734.924    460.051    -0.059
-734.938    460.551    -0.059
-734.952    461.051    -0.059
-734.965    461.550    -0.059
-734.979    462.050    -0.059
-734.993    462.550    -0.059
-735.008    463.050    -0.059
-735.021    463.550    -0.059
-735.035    464.049    -0.059
-735.049    464.549    -0.059
-735.064    465.049    -0.059
-735.077    465.549    -0.059
-735.091    466.048    -0.059
-735.105    466.548    -0.059
-735.119    467.048    -0.059
-735.133    467.548    -0.060
-735.147    468.047    -0.060
-735.161    468.547    -0.060
-735.174    469.047    -0.060
-735.189    469.547    -0.060
-735.203    470.047    -0.060
-735.217    470.546    -0.060
-735.230    471.046    -0.060
-735.244    471.546    -0.060
-735.258    472.046    -0.060
-735.272    472.545    -0.060
-735.285    473.044    -0.060
-735.299    473.544    -0.060
-735.313    474.044    -0.060
-735.327    474.543    -0.060
-735.340    475.043    -0.060
-735.354    475.543    -0.060
-735.368    476.043    -0.060
-735.382    476.543    -0.060
-735.396    477.042    -0.060
-735.410    477.542    -0.060
-735.424    478.042    -0.060
-735.439    478.542    -0.060
-735.452    479.041    -0.060
-735.466    479.541    -0.060
-735.481    480.041    -0.060
-735.495    480.541    -0.061
-735.508    481.040    -0.061
-735.523    481.540    -0.061
-735.537    482.040    -0.061
-735.551    482.540    -0.061
-735.564    483.040    -0.061
-735.579    483.539    -0.061
-735.593    484.039    -0.061
-735.607    484.539    -0.061
-735.620    485.039    -0.061
-735.635    485.538    -0.061
-735.649    486.038    -0.061
-735.663    486.538    -0.061
-735.676    487.038    -0.061
-735.690    487.537    -0.061
-735.704    488.037    -0.061
-735.719    488.537    -0.061
-735.732    489.037    -0.061
-735.746    489.537    -0.061
-735.760    490.036    -0.061
-735.774    490.536    -0.061
-735.787    491.036    -0.061
-735.802    491.536    -0.061
-735.815    492.035    -0.061
-735.829    492.535    -0.061
-735.842    493.035    -0.062
-735.856    493.535    -0.062
-735.869    494.035    -0.062
-735.883    494.534    -0.062
-735.896    495.034    -0.062
-735.910    495.534    -0.062
-735.925    496.034    -0.062
-735.939    496.533    -0.062
-735.952    497.033    -0.062
-735.966    497.533    -0.062
-735.980    498.033    -0.062
-735.994    498.532    -0.062
-736.007    499.032    -0.062
-736.021    499.532    -0.062
-736.035    500.032    -0.062
-736.048    500.532    -0.062
-736.062    501.031    -0.062
-736.077    501.531    -0.062
-736.091    502.031    -0.062
-736.105    502.531    -0.062
-736.119    503.030    -0.062
-736.133    503.530    -0.062
-736.148    504.030    -0.062
-736.161    504.530    -0.062
-736.175    505.029    -0.062
-736.190    505.529    -0.063
-736.204    506.029    -0.063
-736.217    506.529    -0.063
-736.232    507.028    -0.063
-736.246    507.528    -0.063
-736.260    508.028    -0.063
-736.273    508.528    -0.063
-736.286    509.028    -0.063
-736.300    509.527    -0.063
-736.314    510.027    -0.063
-736.327    510.527    -0.063
-736.341    511.027    -0.063
-736.355    511.526    -0.063
-736.369    512.026    -0.063
-736.382    512.526    -0.063
-736.396    513.026    -0.063
-736.410    513.526    -0.063
-736.424    514.025    -0.063
-736.437    514.525    -0.063
-736.452    515.025    -0.063
-736.467    515.525    -0.063
-736.483    516.024    -0.063
-736.496    516.524    -0.063
-736.510    517.024    -0.063
-736.523    517.524    -0.064
-736.537    518.023    -0.064
-736.551    518.523    -0.064
-736.567    519.023    -0.064
-736.581    519.523    -0.064
-736.596    520.022    -0.064
-736.609    520.522    -0.064
-736.623    521.022    -0.064
-736.637    521.522    -0.064
-736.651    522.022    -0.064
-736.665    522.521    -0.064
-736.679    523.021    -0.064
-736.693    523.521    -0.064
-736.708    524.021    -0.064
-736.721    524.520    -0.064
-736.736    525.020    -0.064
-736.751    525.520    -0.064
-736.766    526.020    -0.064
-736.780    526.519    -0.064
-736.794    527.019    -0.064
-736.808    527.519    -0.064
-736.823    528.019    -0.064
-736.836    528.518    -0.064
-736.850    529.018    -0.065
-736.863    529.518    -0.065
-736.878    530.018    -0.065
-736.893    530.517    -0.065
-736.908    531.017    -0.065
-736.922    531.517    -0.065
-736.936    532.017    -0.065
-736.948    532.517    -0.065
-736.962    533.016    -0.065
-736.977    533.516    -0.065
-736.991    534.016    -0.065
-737.005    534.516    -0.065
-737.020    535.015    -0.065
-737.034    535.515    -0.065
-737.048    536.015    -0.065
-737.063    536.515    -0.065
-737.077    537.014    -0.065
-737.092    537.514    -0.065
-737.106    538.014    -0.065
-737.120    538.514    -0.065
-737.135    539.013    -0.065
-737.149    539.513    -0.065
-737.163    540.013    -0.065
-737.177    540.513    -0.066
-737.192    541.012    -0.066
-737.206    541.512    -0.066
-737.219    542.012    -0.066
-737.234    542.512    -0.066
-737.248    543.012    -0.066
-737.262    543.511    -0.066
-737.275    544.011    -0.066
-737.289    544.511    -0.066
-737.303    545.011    -0.066
-737.317    545.510    -0.066
-737.331    546.010    -0.066
-737.345    546.510    -0.066
-737.360    547.010    -0.066
-737.374    547.509    -0.066
-737.388    548.009    -0.066
-737.403    548.509    -0.066
-737.419    549.009    -0.066
-737.433    549.508    -0.066
-737.447    550.008    -0.066
-737.462    550.508    -0.066
-737.476    551.008    -0.066
-737.491    551.507    -0.067
-737.504    552.007    -0.067
-737.517    552.507    -0.067
-737.531    553.007    -0.067
-737.544    553.507    -0.067
-737.558    554.006    -0.067
-737.573    554.506    -0.067
-737.588    555.006    -0.067
-737.603    555.506    -0.067
-737.617    556.005    -0.067
-737.632    556.505    -0.067
-737.648    557.005    -0.067
-737.661    557.505    -0.067
-737.676    558.004    -0.067
-737.694    558.504    -0.067
-737.707    558.903    -0.067
-737.727    559.502    -0.067
-737.739    560.002    -0.067
-737.753    560.502    -0.067
-737.769    561.002    -0.067
-737.786    561.501    -0.067
-737.803    562.001    -0.067
-737.818    562.501    -0.068
-737.832    563.001    -0.068
-737.846    563.500    -0.068
-737.860    564.000    -0.068
-737.878    564.500    -0.068
-737.895    565.000    -0.068
-737.910    565.499    -0.068
-737.925    565.999    -0.068
-737.940    566.499    -0.068
-737.956    566.999    -0.068
-737.973    567.498    -0.068
-737.990    567.998    -0.068
-738.006    568.498    -0.068
-738.021    568.997    -0.068
-738.035    569.497    -0.068
-738.051    569.997    -0.068
-738.068    570.497    -0.068
-738.085    570.996    -0.068
-738.100    571.496    -0.068
-738.115    571.996    -0.068
-738.130    572.496    -0.068
-738.146    572.995    -0.068
-738.163    573.495    -0.069
-738.180    573.995    -0.069
-738.196    574.494    -0.069
-738.211    574.994    -0.069
-738.225    575.494    -0.069
-738.241    575.994    -0.069
-738.258    576.493    -0.069
-738.271    576.893    -0.069
-738.291    577.493    -0.069
-738.305    577.992    -0.069
-738.321    578.492    -0.069
-738.337    578.992    -0.069
-738.353    579.492    -0.069
-738.370    579.991    -0.069
-738.386    580.491    -0.069
-738.401    580.991    -0.069
-738.415    581.491    -0.069
-738.431    581.990    -0.069
-738.449    582.490    -0.069
-738.466    582.990    -0.069
-738.481    583.489    -0.069
-738.496    583.989    -0.070
-738.511    584.489    -0.070
-738.527    584.989    -0.070
-738.543    585.488    -0.070
-738.557    585.888    -0.070
-738.576    586.487    -0.070
-738.591    586.986    -0.070
-738.605    587.486    -0.070
-738.621    587.986    -0.070
-738.639    588.486    -0.070
-738.656    588.985    -0.070
-738.671    589.485    -0.070
-738.686    589.985    -0.070
-738.701    590.485    -0.070
-738.714    590.984    -0.070
-738.724    591.484    -0.070
-738.735    591.984    -0.070
-738.746    592.484    -0.070
-738.760    592.984    -0.070
-738.774    593.483    -0.070
-738.789    593.983    -0.070
-738.800    594.483    -0.071
-738.810    594.983    -0.071
-738.821    595.483    -0.071
-738.836    595.982    -0.071
-738.851    596.482    -0.071
-738.865    596.982    -0.071
-738.876    597.482    -0.071
-738.887    597.982    -0.071
-738.898    598.482    -0.071
-738.911    598.981    -0.071
-738.926    599.481    -0.071
-738.941    599.981    -0.071
-738.952    600.481    -0.071
-738.962    600.980    -0.071
-738.973    601.480    -0.071
-738.988    601.980    -0.071
-739.003    602.480    -0.071
-739.017    602.980    -0.071
-739.028    603.479    -0.071
-739.039    603.979    -0.071
-739.050    604.479    -0.071
-739.063    604.979    -0.072
-739.078    605.479    -0.072
-739.093    605.978    -0.072
-739.104    606.478    -0.072
-739.115    606.978    -0.072
-739.126    607.478    -0.072
-739.140    607.978    -0.072
-739.155    608.477    -0.072
-739.169    608.977    -0.072
-739.180    609.477    -0.072
-739.191    609.977    -0.072
-739.202    610.477    -0.072
-739.215    610.976    -0.072
-739.230    611.476    -0.072
-739.245    611.976    -0.072
-739.259    612.576    -0.072
-739.270    613.076    -0.072
-739.280    613.575    -0.072
-739.290    613.975    -0.072
-739.301    614.475    -0.072
-739.311    614.975    -0.073
-739.323    615.475    -0.073
-739.334    615.975    -0.073
-739.345    616.474    -0.073
-739.358    617.074    -0.073
-739.368    617.574    -0.073
-739.379    618.074    -0.073
-739.389    618.474    -0.073
-739.399    618.974    -0.073
-739.410    619.474    -0.073
-739.423    620.073    -0.073
-739.434    620.573    -0.073
-739.445    621.073    -0.073
-739.454    621.473    -0.073
-739.465    621.973    -0.073
-739.476    622.473    -0.073
-739.487    622.972    -0.073
-739.498    623.472    -0.073
-739.509    623.972    -0.073
-739.522    624.572    -0.073
-739.533    625.072    -0.074
-739.543    625.572    -0.074
-739.553    625.971    -0.074
-739.564    626.471    -0.074
-739.574    626.971    -0.074
-739.587    627.571    -0.074
-739.598    628.071    -0.074
-739.609    628.571    -0.074
-739.618    628.970    -0.074
-739.629    629.470    -0.074
-739.640    629.970    -0.074
-739.653    630.570    -0.074
-739.664    631.070    -0.074
-739.674    631.570    -0.074
-739.684    631.969    -0.074
-739.695    632.469    -0.074
-739.705    632.969    -0.074
-739.718    633.569    -0.074
-739.729    634.069    -0.074
-739.740    634.569    -0.075
-739.749    634.969    -0.075
-739.760    635.468    -0.075
-739.771    635.968    -0.075
-739.784    636.568    -0.075
-739.795    637.068    -0.075
-739.805    637.568    -0.075
-739.815    637.968    -0.075
-739.826    638.467    -0.075
-739.836    638.967    -0.075
-739.849    639.567    -0.075
-739.860    640.067    -0.075
-739.871    640.567    -0.075
-739.880    640.967    -0.075
-739.891    641.466    -0.075
-739.902    641.966    -0.075
-739.915    642.566    -0.075
-739.926    643.066    -0.075
-739.936    643.566    -0.075
-739.946    643.966    -0.075
-739.957    644.466    -0.076
-739.967    644.965    -0.076
-739.980    645.565    -0.076
-739.991    646.065    -0.076
-740.002    646.565    -0.076
-740.011    646.965    -0.076
-740.022    647.465    -0.076
-740.033    647.964    -0.076
-740.046    648.564    -0.076
-740.057    649.064    -0.076
-740.067    649.564    -0.076
-740.077    649.964    -0.076
-740.087    650.464    -0.076
-740.098    650.963    -0.076
-740.109    651.563    -0.076
-740.116    651.963    -0.076
-740.129    652.563    -0.076
-740.137    652.963    -0.076
-740.147    653.563    -0.076
-740.155    654.063    -0.077
-740.164    654.563    -0.077
-740.173    655.062    -0.077
-740.180    655.462    -0.077
-740.189    655.962    -0.077
-740.199    656.562    -0.077
-740.208    657.062    -0.077
-740.216    657.562    -0.077
-740.225    658.062    -0.077
-740.232    658.462    -0.077
-740.241    658.962    -0.077
-740.251    659.561    -0.077
-740.259    660.061    -0.077
-740.268    660.561    -0.077
-740.275    660.961    -0.077
-740.286    661.561    -0.077
-740.294    661.961    -0.077
-740.304    662.561    -0.077
-740.312    663.061    -0.077
-740.320    663.561    -0.078
-740.329    664.061    -0.078
-740.336    664.460    -0.078
-740.347    665.060    -0.078
-740.353    665.460    -0.078
-740.363    666.060    -0.078
-740.369    666.460    -0.078
-740.378    666.960    -0.078
-740.387    667.460    -0.078
-740.397    668.060    -0.078
-740.403    668.460    -0.078
-740.414    669.060    -0.078
-740.421    669.559    -0.078
-740.430    670.059    -0.078
-740.436    670.459    -0.078
-740.447    671.059    -0.078
-740.453    671.459    -0.078
-740.463    672.059    -0.078
-740.469    672.459    -0.078
-740.478    672.959    -0.079
-740.487    673.459    -0.079
-740.497    674.059    -0.079
-740.503    674.458    -0.079
-740.514    675.058    -0.079
-740.520    675.458    -0.079
-740.529    675.958    -0.079
-740.537    676.458    -0.079
-740.544    677.157    -0.079
-740.546    677.657    -0.079
-740.547    678.157    -0.079
-740.552    678.457    -0.079
-740.561    678.957    -0.079
-740.570    679.457    -0.079
-740.576    680.157    -0.079
-740.578    680.657    -0.079
-740.580    681.157    -0.079
-740.585    681.457    -0.079
-740.594    681.957    -0.080
-740.602    682.457    -0.080
-740.609    683.157    -0.080
-740.612    683.657    -0.080
-740.613    684.157    -0.080
-740.620    684.557    -0.080
-740.628    685.057    -0.080
-740.635    685.456    -0.080
-740.641    686.156    -0.080
-740.644    686.655    -0.080
-740.646    687.156    -0.080
-740.652    687.555    -0.080
-740.661    688.055    -0.080
-740.667    688.455    -0.080
-740.674    689.155    -0.080
-740.677    689.655    -0.080
-740.678    690.155    -0.080
-740.683    690.455    -0.080
-740.692    690.955    -0.080
-740.701    691.455    -0.081
-740.710    692.155    -0.081
-740.713    692.655    -0.081
-740.715    693.155    -0.081
-740.717    693.655    -0.081
-740.716    694.155    -0.081
-740.717    694.654    -0.081
-740.717    695.054    -0.081
-740.721    695.654    -0.081
-740.723    696.154    -0.081
-740.725    696.655    -0.081
-740.725    697.155    -0.081
-740.726    697.655    -0.081
-740.725    698.255    -0.081
-740.721    698.754    -0.081
-740.722    699.154    -0.081
-740.722    699.654    -0.081
-740.722    700.154    -0.082
-740.720    700.754    -0.082
-740.718    701.255    -0.082
-740.716    701.754    -0.082
-740.715    702.154    -0.082
-740.714    702.654    -0.082
-740.712    703.154    -0.082
-740.710    703.654    -0.082
-740.705    704.253    -0.082
-740.698    704.754    -0.082
-740.692    705.254    -0.082
-740.688    705.754    -0.082
-740.686    706.253    -0.082
-740.683    706.753    -0.082
-740.678    707.254    -0.082
-740.672    707.754    -0.082
-740.666    708.253    -0.082
-740.662    708.653    -0.082
-740.660    709.153    -0.082
-740.658    709.654    -0.083
-740.653    710.253    -0.083
-740.646    710.753    -0.083
-740.640    711.253    -0.083
-740.636    711.753    -0.083
-740.634    712.253    -0.083
-740.631    712.753    -0.083
-740.626    713.253    -0.083
-740.620    713.752    -0.083
-740.614    714.253    -0.083
-740.610    714.653    -0.083
-740.608    715.153    -0.083
-740.605    715.652    -0.083
-740.601    716.252    -0.083
-740.594    716.752    -0.083
-740.586    717.252    -0.083
-740.579    717.752    -0.083
-740.574    718.252    -0.084
-740.568    718.752    -0.084
-740.564    719.252    -0.084
-740.557    719.752    -0.084
-740.549    720.251    -0.084
-740.541    720.751    -0.084
-740.536    721.252    -0.084
-740.531    721.752    -0.084
-740.526    722.251    -0.084
-740.518    722.751    -0.084
-740.512    723.252    -0.084
-740.505    723.751    -0.084
-740.497    724.251    -0.084
-740.489    724.750    -0.084
-740.482    725.251    -0.084
-740.475    725.751    -0.084
-740.467    726.250    -0.084
-740.460    726.751    -0.084
-740.453    727.251    -0.085
-740.445    727.750    -0.085
-740.432    728.351    -0.085
-740.424    728.750    -0.085
-740.418    729.250    -0.085
-740.411    729.750    -0.085
-740.400    730.350    -0.085
-740.390    730.750    -0.085
-740.376    731.349    -0.085
-740.369    731.750    -0.085
-740.362    732.249    -0.085
-740.355    732.749    -0.085
-740.344    733.349    -0.085
-740.335    733.749    -0.085
-740.321    734.348    -0.085
-740.311    734.849    -0.085
-740.294    735.448    -0.085
-740.283    735.847    -0.085
-740.266    736.448    -0.086
-740.254    736.847    -0.086
-740.237    737.447    -0.086
-740.225    737.847    -0.086
-740.211    738.347    -0.086
-740.196    738.846    -0.086
-740.183    739.347    -0.086
-740.169    739.846    -0.086
-740.151    740.445    -0.086
-740.139    740.846    -0.086
-740.125    741.345    -0.086
-740.112    741.845    -0.086
-740.099    742.345    -0.086
-740.084    742.845    -0.086
-740.064    743.444    -0.086
-740.051    743.843    -0.086
-740.031    744.443    -0.086
-740.020    744.843    -0.087
-740.007    745.343    -0.087
-739.994    745.843    -0.087
-739.978    746.343    -0.087
-739.958    746.942    -0.087
-739.941    747.442    -0.087
-739.931    747.842    -0.087
-739.917    748.342    -0.087
-739.903    748.841    -0.087
-739.886    749.441    -0.087
-739.873    749.841    -0.087
-739.853    750.440    -0.087
-739.831    751.040    -0.087
-739.812    751.540    -0.087
-739.792    752.039    -0.087
-739.769    752.539    -0.087
-739.737    753.138    -0.087
-739.717    753.537    -0.087
-739.696    754.037    -0.088
-739.681    754.436    -0.088
-739.657    755.036    -0.088
-739.625    755.635    -0.088
-739.598    756.134    -0.088
-739.577    756.533    -0.088
-739.557    757.033    -0.088
-739.541    757.433    -0.088
-739.517    758.032    -0.088
-739.485    758.632    -0.088
-739.459    759.130    -0.088
-739.438    759.530    -0.088
-739.418    760.029    -0.088
-739.402    760.429    -0.088
-739.367    761.128    -0.088
-739.339    761.628    -0.088
-739.310    762.126    -0.088
-739.289    762.526    -0.089
-739.257    763.125    -0.089
-739.231    763.625    -0.089
-739.203    764.123    -0.089
-739.174    764.622    -0.089
-739.146    765.122    -0.089
-739.124    765.521    -0.089
-739.092    766.120    -0.089
-739.066    766.619    -0.089
-739.044    767.019    -0.089
-739.011    767.618    -0.089
-738.982    768.117    -0.089
-738.954    768.616    -0.089
-738.925    769.115    -0.089
-738.897    769.615    -0.089
-738.870    770.113    -0.089
-738.827    770.712    -0.089
-738.791    771.210    -0.090
-738.768    771.610    -0.090
-738.740    772.109    -0.090
-738.712    772.609    -0.090
-738.677    773.107    -0.090
-738.634    773.706    -0.090
-738.606    774.104    -0.090
-738.576    774.603    -0.090
-738.546    775.103    -0.090
-738.503    775.701    -0.090
-738.475    776.100    -0.090
-738.440    776.599    -0.090
-738.410    777.097    -0.090
-738.380    777.596    -0.090
-738.347    778.096    -0.090
-738.304    778.694    -0.090
-738.276    779.093    -0.090
-738.242    779.592    -0.090
-738.210    780.091    -0.091
-738.180    780.590    -0.091
-738.138    781.189    -0.091
-738.088    781.786    -0.091
-738.047    782.284    -0.091
-738.028    782.584    -0.091
-737.973    783.282    -0.091
-737.919    783.879    -0.091
-737.884    784.277    -0.091
-737.850    784.676    -0.091
-737.800    785.273    -0.091
-737.759    785.772    -0.091
-737.714    786.270    -0.091
-737.660    786.868    -0.091
-737.625    787.266    -0.091
-737.591    787.665    -0.091
-737.541    788.262    -0.091
-737.508    788.661    -0.091
-737.434    789.458    -0.092
-737.394    789.856    -0.092
-737.359    790.254    -0.092
-737.317    790.752    -0.092
-737.273    791.250    -0.092
-737.215    791.847    -0.092
-737.165    792.345    -0.092
-737.115    792.842    -0.092
-737.080    793.241    -0.092
-737.038    793.739    -0.092
-736.994    794.237    -0.092
-736.936    794.834    -0.092
-736.876    795.431    -0.092
-736.835    795.828    -0.092
-736.788    796.326    -0.092
-736.739    796.824    -0.092
-736.680    797.421    -0.092
-736.630    797.918    -0.093
-736.580    798.416    -0.093
-736.529    798.913    -0.093
-736.492    799.311    -0.093
-736.443    799.809    -0.093
-736.354    800.603    -0.093
-736.290    801.100    -0.093
-736.238    801.496    -0.093
-736.182    801.993    -0.093
-736.136    802.391    -0.093
-736.055    803.086    -0.093
-735.991    803.581    -0.093
-735.927    804.077    -0.093
-735.875    804.474    -0.093
-735.819    804.971    -0.093
-735.761    805.467    -0.093
-735.676    806.162    -0.093
-735.625    806.559    -0.094
-735.560    807.054    -0.094
-735.498    807.551    -0.094
-735.437    808.046    -0.094
-735.388    808.444    -0.094
-735.314    809.039    -0.094
-735.251    809.535    -0.094
-735.189    810.032    -0.094
-735.141    810.428    -0.094
-735.068    811.024    -0.094
-735.005    811.520    -0.094
-734.955    811.916    -0.094
-734.880    812.511    -0.094
-734.818    813.008    -0.094
-734.756    813.503    -0.094
-734.692    814.000    -0.094
-734.616    814.595    -0.094
-734.549    815.091    -0.094
-734.495    815.487    -0.095
-734.413    816.081    -0.095
-734.325    816.674    -0.095
-734.253    817.169    -0.095
-734.209    817.466    -0.095
-734.129    818.060    -0.095
-734.075    818.457    -0.095
-733.978    819.150    -0.095
-733.920    819.545    -0.095
-733.846    820.040    -0.095
-733.774    820.535    -0.095
-733.702    821.030    -0.095
-733.632    821.524    -0.095
-733.561    822.019    -0.095
-733.488    822.514    -0.095
-733.417    823.009    -0.095
-733.344    823.503    -0.095
-733.255    824.097    -0.095
-733.178    824.591    -0.096
-733.100    825.085    -0.096
-733.021    825.578    -0.096
-732.944    826.072    -0.096
-732.867    826.566    -0.096
-732.790    827.060    -0.096
-732.712    827.554    -0.096
-732.634    828.048    -0.096
-732.557    828.542    -0.096
-732.480    829.036    -0.096
-732.388    829.629    -0.096
-732.307    830.122    -0.096
-732.242    830.517    -0.096
-732.104    831.305    -0.096
-732.013    831.796    -0.096
-731.941    832.190    -0.096
-731.876    832.585    -0.096
-731.794    833.078    -0.097
-731.730    833.472    -0.097
-731.589    834.260    -0.097
-731.499    834.752    -0.097
-731.427    835.145    -0.097
-731.361    835.539    -0.097
-731.261    836.131    -0.097
-731.170    836.623    -0.097
-731.062    837.213    -0.097
-730.971    837.704    -0.097
-730.877    838.195    -0.097
-730.784    838.687    -0.097
-730.691    839.178    -0.097
-730.601    839.670    -0.097
-730.510    840.161    -0.097
-730.419    840.653    -0.097
-730.326    841.144    -0.097
-730.251    841.537    -0.097
-730.116    842.224    -0.098
-730.017    842.714    -0.098
-729.918    843.204    -0.098
-729.840    843.597    -0.098
-729.748    844.088    -0.098
-729.654    844.578    -0.098
-729.561    845.070    -0.098
-729.444    845.658    -0.098
-729.346    846.149    -0.098
-729.227    846.737    -0.098
-729.123    847.225    -0.098
-729.019    847.715    -0.098
-728.914    848.203    -0.098
-728.834    848.595    -0.098
-728.736    849.086    -0.098
-728.636    849.576    -0.098
-728.513    850.163    -0.098
-728.388    850.749    -0.098
-728.305    851.141    -0.098
-728.225    851.533    -0.099
-728.127    852.023    -0.099
-728.027    852.513    -0.099
-727.904    853.100    -0.099
-727.799    853.589    -0.099
-727.622    854.369    -0.099
-727.503    854.855    -0.099
-727.436    855.146    -0.099
-727.325    855.634    -0.099
-727.192    856.219    -0.099
-727.052    856.803    -0.099
-726.932    857.288    -0.099
-726.814    857.774    -0.099
-726.746    858.066    -0.099
-726.636    858.554    -0.099
-726.503    859.139    -0.099
-726.362    859.722    -0.099
-726.243    860.207    -0.099
-726.124    860.693    -0.100
-726.035    861.084    -0.100
-725.946    861.473    -0.100
-725.785    862.155    -0.100
-725.667    862.639    -0.100
-725.548    863.125    -0.100
-725.401    863.707    -0.100
-725.278    864.192    -0.100
-725.129    864.773    -0.100
-725.000    865.256    -0.100
-724.871    865.739    -0.100
-724.773    866.126    -0.100
-724.649    866.611    -0.100
-724.500    867.192    -0.100
-724.371    867.675    -0.100
-724.242    868.158    -0.100
-724.139    868.545    -0.100
-724.016    869.030    -0.100
-723.892    869.513    -0.100
-723.739    870.093    -0.101
-723.610    870.576    -0.101
-723.480    871.059    -0.101
-723.321    871.638    -0.101
-723.187    872.120    -0.101
-723.054    872.602    -0.101
-722.949    872.987    -0.101
-722.792    873.567    -0.101
-722.660    874.049    -0.101
-722.527    874.531    -0.101
-722.394    875.013    -0.101
-722.260    875.495    -0.101
-722.129    875.977    -0.101
-721.997    876.459    -0.101
-721.865    876.942    -0.101
-721.732    877.424    -0.101
-721.625    877.809    -0.101
-721.401    878.577    -0.101
-721.287    878.960    -0.101
-721.144    879.439    -0.102
-721.004    879.918    -0.102
-720.863    880.399    -0.102
-720.723    880.879    -0.102
-720.555    881.454    -0.102
-720.443    881.839    -0.102
-720.272    882.414    -0.102
-720.130    882.893    -0.102
-719.987    883.372    -0.102
-719.845    883.851    -0.102
-719.733    884.235    -0.102
-719.565    884.811    -0.102
-719.423    885.291    -0.102
-719.309    885.673    -0.102
-719.136    886.248    -0.102
-718.920    886.914    -0.102
-718.859    887.105    -0.102
-718.555    888.057    -0.102
-718.427    888.436    -0.102
-718.267    888.909    -0.103
-718.141    889.289    -0.103
-717.984    889.764    -0.103
-717.827    890.238    -0.103
-717.636    890.808    -0.103
-717.476    891.280    -0.103
-717.316    891.754    -0.103
-717.190    892.134    -0.103
-717.033    892.609    -0.103
-716.877    893.084    -0.103
-716.688    893.653    -0.103
-716.530    894.127    -0.103
-716.338    894.696    -0.103
-716.178    895.170    -0.103
-716.017    895.644    -0.103
-715.855    896.116    -0.103
-715.693    896.588    -0.103
-715.531    897.062    -0.103
-715.371    897.536    -0.103
-715.211    898.009    -0.103
-715.050    898.483    -0.104
-714.887    898.956    -0.104
-714.757    899.334    -0.104
-714.563    899.902    -0.104
-714.435    900.281    -0.104
-714.275    900.754    -0.104
-714.082    901.322    -0.104
-713.951    901.700    -0.104
-713.639    902.544    -0.104
-713.460    903.010    -0.104
-713.281    903.477    -0.104
-713.140    903.852    -0.104
-712.966    904.320    -0.104
-712.792    904.789    -0.104
-712.580    905.350    -0.104
-712.401    905.817    -0.104
-712.222    906.284    -0.104
-712.081    906.658    -0.104
-711.906    907.126    -0.104
-711.732    907.595    -0.104
-711.558    908.064    -0.104
-711.348    908.626    -0.105
-711.208    909.001    -0.105
-710.995    909.561    -0.105
-710.816    910.028    -0.105
-710.560    910.680    -0.105
-710.370    911.142    -0.105
-710.180    911.605    -0.105
-709.990    912.067    -0.105
-709.801    912.530    -0.105
-709.612    912.992    -0.105
-709.423    913.456    -0.105
-709.195    914.010    -0.105
-709.043    914.381    -0.105
-708.853    914.844    -0.105
-708.664    915.306    -0.105
-708.475    915.769    -0.105
-708.286    916.231    -0.105
-708.096    916.694    -0.105
-707.906    917.156    -0.105
-707.717    917.619    -0.105
-707.527    918.081    -0.105
-707.298    918.636    -0.106
-707.106    919.098    -0.106
-706.914    919.559    -0.106
-706.761    919.929    -0.106
-706.572    920.391    -0.106
-706.382    920.855    -0.106
-706.153    921.408    -0.106
-705.999    921.778    -0.106
-705.768    922.332    -0.106
-705.531    922.882    -0.106
-705.330    923.341    -0.106
-705.131    923.799    -0.106
-704.977    924.169    -0.106
-704.704    924.812    -0.106
-704.497    925.268    -0.106
-704.291    925.724    -0.106
-704.087    926.180    -0.106
-703.927    926.547    -0.106
-703.727    927.004    -0.106
-703.442    927.644    -0.106
-703.233    928.098    -0.106
-703.024    928.552    -0.106
-702.818    929.008    -0.107
-702.612    929.463    -0.107
-702.405    929.918    -0.107
-702.195    930.372    -0.107
-701.986    930.826    -0.107
-701.640    931.547    -0.107
-701.419    931.996    -0.107
-701.242    932.355    -0.107
-701.113    932.625    -0.107
-700.902    933.079    -0.107
-700.693    933.533    -0.107
-700.392    934.164    -0.107
-700.126    934.703    -0.107
-699.906    935.151    -0.107
-699.634    935.686    -0.107
-699.456    936.044    -0.107
-699.234    936.492    -0.107
-699.013    936.940    -0.107
-698.743    937.477    -0.107
-698.562    937.833    -0.107
-698.335    938.278    -0.107
-698.110    938.725    -0.107
-697.889    939.174    -0.107
-697.712    939.532    -0.108
-697.399    940.158    -0.108
-697.217    940.514    -0.108
-696.945    941.050    -0.108
-696.810    941.317    -0.108
-696.589    941.765    -0.108
-696.367    942.213    -0.108
-696.054    942.839    -0.108
-695.872    943.195    -0.108
-695.600    943.731    -0.108
-695.465    943.998    -0.108
-695.199    944.536    -0.108
-694.979    944.985    -0.108
-694.710    945.521    -0.108
-694.528    945.877    -0.108
-694.301    946.323    -0.108
-694.121    946.680    -0.108
-693.855    947.217    -0.108
-693.488    947.928    -0.108
-693.200    948.454    -0.108
-693.008    948.806    -0.108
-692.769    949.244    -0.108
-692.530    949.683    -0.108
-692.242    950.210    -0.109
-692.002    950.649    -0.109
-691.812    951.000    -0.109
-691.572    951.439    -0.109
-691.332    951.878    -0.109
-691.093    952.316    -0.109
-690.853    952.755    -0.109
-690.613    953.194    -0.109
-690.326    953.721    -0.109
-690.087    954.159    -0.109
-689.895    954.511    -0.109
-689.655    954.950    -0.109
-689.416    955.388    -0.109
-689.177    955.827    -0.109
-688.937    956.266    -0.109
-688.697    956.704    -0.109
-688.410    957.231    -0.109
-688.171    957.670    -0.109
-687.876    958.193    -0.109
-687.727    958.454    -0.109
-687.385    959.064    -0.109
-687.087    959.585    -0.109
-686.735    960.190    -0.109
-686.476    960.617    -0.109
-686.217    961.046    -0.109
-686.062    961.302    -0.110
-685.863    961.649    -0.110
-685.615    962.083    -0.110
-685.265    962.689    -0.110
-684.954    963.203    -0.110
-684.695    963.630    -0.110
-684.540    963.887    -0.110
-684.342    964.234    -0.110
-684.094    964.668    -0.110
-683.693    965.361    -0.110
-683.434    965.788    -0.110
-683.175    966.216    -0.110
-682.861    966.727    -0.110
-682.596    967.151    -0.110
-682.332    967.575    -0.110
-682.124    967.918    -0.110
-681.865    968.345    -0.110
-681.606    968.772    -0.110
-681.290    969.283    -0.110
-681.078    969.622    -0.110
-680.814    970.046    -0.110
-680.554    970.473    -0.110
-680.295    970.901    -0.110
-680.036    971.329    -0.110
-679.777    971.756    -0.110
-679.464    972.267    -0.110
-679.199    972.692    -0.111
-678.935    973.116    -0.111
-678.776    973.371    -0.111
-678.239    974.214    -0.111
-677.959    974.628    -0.111
-677.681    975.044    -0.111
-677.405    975.460    -0.111
-677.129    975.877    -0.111
-676.795    976.376    -0.111
-676.573    976.708    -0.111
-676.350    977.041    -0.111
-676.017    977.539    -0.111
-675.796    977.874    -0.111
-675.521    978.290    -0.111
-675.133    978.873    -0.111
-674.909    979.205    -0.111
-674.631    979.620    -0.111
-674.409    979.953    -0.111
-674.133    980.369    -0.111
-673.857    980.787    -0.111
-673.463    981.364    -0.111
-673.240    981.697    -0.111
-672.961    982.112    -0.111
-672.570    982.692    -0.111
-672.282    983.101    -0.111
-671.995    983.510    -0.111
-671.765    983.838    -0.111
-671.486    984.252    -0.111
-671.263    984.585    -0.112
-670.872    985.165    -0.112
-670.527    985.656    -0.112
-670.298    985.984    -0.112
-670.011    986.393    -0.112
-669.844    986.642    -0.112
-669.389    987.300    -0.112
-669.098    987.706    -0.112
-668.747    988.192    -0.112
-668.451    988.595    -0.112
-668.155    988.998    -0.112
-667.920    989.322    -0.112
-667.628    989.728    -0.112
-667.337    990.135    -0.112
-666.985    990.621    -0.112
-666.689    991.023    -0.112
-666.394    991.426    -0.112
-666.158    991.750    -0.112
-665.867    992.156    -0.112
-665.575    992.563    -0.112
-665.225    993.049    -0.112
-664.929    993.452    -0.112
-664.633    993.855    -0.112
-664.214    994.415    -0.112
-664.034    994.656    -0.112
-663.739    995.059    -0.112
-663.443    995.462    -0.112
-663.024    996.023    -0.112
-662.723    996.422    -0.112
-662.481    996.740    -0.112
-662.241    997.061    -0.113
-661.946    997.464    -0.113
-661.590    997.947    -0.113
-661.231    998.428    -0.113
-660.990    998.747    -0.113
-660.628    999.225    -0.113
-660.194    999.774    -0.113
-659.818    1000.242    -0.113
-659.630    1000.476    -0.113
-659.388    1000.794    -0.113
-659.146    1001.113    -0.113
-658.784    1001.591    -0.113
-658.349    1002.139    -0.113
-657.974    1002.607    -0.113
-657.723    1002.919    -0.113
-657.346    1003.386    -0.113
-657.032    1003.775    -0.113
-656.717    1004.163    -0.113
-656.402    1004.552    -0.113
-656.087    1004.940    -0.113
-655.838    1005.252    -0.113
-655.525    1005.643    -0.113
-655.212    1006.032    -0.113
-654.899    1006.422    -0.113
-654.523    1006.889    -0.113
-654.208    1007.278    -0.113
-653.956    1007.589    -0.113
-653.448    1008.206    -0.113
-653.124    1008.588    -0.113
-652.865    1008.892    -0.113
-652.608    1009.198    -0.113
-652.293    1009.586    -0.113
-651.978    1009.975    -0.113
-651.532    1010.514    -0.114
-651.273    1010.818    -0.114
-650.884    1011.276    -0.114
-650.427    1011.806    -0.114
-650.165    1012.108    -0.114
-649.904    1012.412    -0.114
-649.515    1012.868    -0.114
-649.191    1013.249    -0.114
-648.800    1013.704    -0.114
-648.473    1014.082    -0.114
-648.211    1014.384    -0.114
-647.951    1014.687    -0.114
-647.627    1015.068    -0.114
-647.303    1015.449    -0.114
-646.911    1015.904    -0.114
-646.584    1016.282    -0.114
-646.257    1016.660    -0.114
-645.928    1017.036    -0.114
-645.668    1017.340    -0.114
-645.136    1017.938    -0.114
-644.801    1018.309    -0.114
-644.466    1018.680    -0.114
-644.062    1019.123    -0.114
-643.792    1019.419    -0.114
-643.523    1019.715    -0.114
-643.122    1020.161    -0.114
-642.787    1020.532    -0.114
-642.452    1020.903    -0.114
-642.048    1021.346    -0.114
-641.711    1021.716    -0.114
-641.509    1021.938    -0.114
-641.107    1022.384    -0.114
-640.773    1022.755    -0.114
-640.371    1023.200    -0.114
-640.101    1023.495    -0.114
-639.697    1023.939    -0.114
-639.428    1024.234    -0.115
-638.879    1024.817    -0.115
-638.535    1025.180    -0.115
-638.258    1025.469    -0.115
-637.846    1025.904    -0.115
-637.501    1026.266    -0.115
-637.156    1026.629    -0.115
-636.812    1026.990    -0.115
-636.466    1027.353    -0.115
-636.122    1027.715    -0.115
-635.777    1028.077    -0.115
-635.502    1028.367    -0.115
-634.945    1028.942    -0.115
-634.591    1029.294    -0.115
-634.237    1029.646    -0.115
-633.882    1029.999    -0.115
-633.742    1030.142    -0.115
-633.330    1030.578    -0.115
-633.054    1030.867    -0.115
-632.498    1031.443    -0.115
-632.144    1031.795    -0.115
-631.789    1032.147    -0.115
-631.362    1032.569    -0.115
-631.004    1032.918    -0.115
-630.719    1033.198    -0.115
-630.363    1033.549    -0.115
-630.009    1033.903    -0.115
-629.654    1034.255    -0.115
-629.227    1034.676    -0.115
-628.798    1035.095    -0.115
-628.584    1035.305    -0.115
-628.154    1035.725    -0.115
-627.868    1036.003    -0.115
-627.439    1036.423    -0.115
-627.081    1036.772    -0.115
-626.724    1037.121    -0.115
-626.294    1037.541    -0.115
-626.006    1037.818    -0.115
-625.575    1038.236    -0.115
-625.288    1038.514    -0.115
-624.858    1038.933    -0.115
-624.572    1039.212    -0.115
-624.141    1039.630    -0.115
-623.781    1039.976    -0.116
-623.493    1040.254    -0.116
-622.835    1040.868    -0.116
-622.539    1041.136    -0.116
-622.321    1041.343    -0.116
-621.960    1041.689    -0.116
-621.600    1042.035    -0.116
-621.084    1042.508    -0.116
-620.639    1042.910    -0.116
-620.191    1043.309    -0.116
-619.814    1043.637    -0.116
-619.361    1044.031    -0.116
-618.984    1044.359    -0.116
-618.606    1044.687    -0.116
-618.455    1044.818    -0.116
-618.011    1045.221    -0.116
-617.714    1045.489    -0.116
-617.343    1045.825    -0.116
-616.974    1046.161    -0.116
-616.606    1046.500    -0.116
-616.238    1046.839    -0.116
-615.794    1047.242    -0.116
-615.424    1047.578    -0.116
-615.128    1047.847    -0.116
-614.761    1048.187    -0.116
-614.394    1048.525    -0.116
-614.026    1048.864    -0.116
-613.655    1049.200    -0.116
-613.211    1049.603    -0.116
-612.840    1049.938    -0.116
-612.466    1050.270    -0.116
-612.093    1050.603    -0.116
-611.797    1050.873    -0.116
-611.277    1051.339    -0.116
-610.903    1051.671    -0.116
-610.223    1052.260    -0.116
-609.911    1052.512    -0.116
-609.445    1052.890    -0.116
-609.213    1053.078    -0.116
-608.829    1053.399    -0.116
-608.446    1053.721    -0.116
-607.906    1054.167    -0.116
-607.517    1054.481    -0.116
-607.129    1054.795    -0.116
-606.898    1054.987    -0.116
-606.516    1055.309    -0.116
-606.132    1055.630    -0.116
-605.748    1055.950    -0.116
-605.365    1056.270    -0.116
-604.980    1056.590    -0.116
-604.518    1056.972    -0.116
-604.131    1057.289    -0.116
-603.822    1057.543    -0.116
-603.360    1057.927    -0.117
-603.053    1058.183    -0.117
-602.515    1058.630    -0.117
-602.128    1058.947    -0.117
-601.742    1059.264    -0.117
-601.432    1059.518    -0.117
-600.890    1059.959    -0.117
-600.497    1060.268    -0.117
-600.104    1060.578    -0.117
-599.468    1061.064    -0.117
-599.068    1061.362    -0.117
-598.747    1061.602    -0.117
-598.509    1061.784    -0.117
-598.116    1062.094    -0.117
-597.724    1062.403    -0.117
-597.086    1062.885    -0.117
-596.685    1063.184    -0.117
-596.364    1063.424    -0.117
-595.884    1063.783    -0.117
-595.484    1064.082    -0.117
-595.164    1064.323    -0.117
-594.849    1064.569    -0.117
-594.533    1064.814    -0.117
-593.979    1065.240    -0.117
-593.579    1065.542    -0.117
-593.180    1065.843    -0.117
-592.862    1066.086    -0.117
-592.467    1066.393    -0.117
-592.072    1066.700    -0.117
-591.594    1067.062    -0.117
-591.195    1067.362    -0.117
-590.796    1067.664    -0.117
-590.235    1068.081    -0.117
-589.829    1068.376    -0.117
-589.425    1068.669    -0.117
-589.182    1068.846    -0.117
-588.783    1069.146    -0.117
-588.220    1069.562    -0.117
-587.815    1069.855    -0.117
-587.329    1070.207    -0.117
-586.922    1070.497    -0.117
-586.514    1070.787    -0.117
-586.107    1071.077    -0.117
-585.782    1071.309    -0.117
-585.294    1071.658    -0.117
-584.885    1071.946    -0.117
-584.395    1072.292    -0.117
-583.986    1072.580    -0.117
-583.576    1072.865    -0.117
-583.165    1073.150    -0.117
-582.755    1073.436    -0.117
-582.347    1073.724    -0.117
-581.938    1074.013    -0.117
-581.360    1074.408    -0.117
-581.110    1074.575    -0.117
-580.700    1074.859    -0.117
-580.371    1075.087    -0.117
-579.711    1075.538    -0.117
-579.293    1075.814    -0.117
-578.876    1076.088    -0.117
-578.458    1076.363    -0.117
-578.041    1076.639    -0.117
-577.624    1076.915    -0.117
-577.207    1077.191    -0.117
-576.789    1077.466    -0.117
-576.372    1077.741    -0.117
-575.954    1078.017    -0.117
-575.623    1078.240    -0.117
-575.210    1078.521    -0.117
-574.712    1078.855    -0.117
-574.379    1079.077    -0.117
-573.965    1079.358    -0.117
-573.552    1079.638    -0.117
-573.053    1079.972    -0.117
-572.635    1080.247    -0.117
-572.217    1080.521    -0.117
-571.540    1080.948    -0.117
-571.115    1081.211    -0.117
-570.775    1081.422    -0.117
-570.524    1081.586    -0.117
-570.106    1081.861    -0.117
-569.605    1082.190    -0.117
-569.016    1082.566    -0.118
-568.591    1082.831    -0.118
-568.166    1083.095    -0.118
-567.741    1083.358    -0.118
-567.316    1083.622    -0.118
-566.891    1083.885    -0.118
-566.467    1084.149    -0.118
-566.043    1084.414    -0.118
-565.619    1084.679    -0.118
-565.194    1084.943    -0.118
-564.769    1085.206    -0.118
-564.344    1085.470    -0.118
-563.919    1085.733    -0.118
-563.495    1085.998    -0.118
-563.071    1086.262    -0.118
-562.473    1086.626    -0.118
-562.042    1086.879    -0.118
-561.525    1087.183    -0.118
-561.093    1087.435    -0.118
-560.661    1087.686    -0.118
-560.315    1087.887    -0.118
-559.884    1088.140    -0.118
-559.453    1088.393    -0.118
-559.022    1088.647    -0.118
-558.504    1088.949    -0.118
-558.071    1089.200    -0.118
-557.638    1089.451    -0.118
-557.204    1089.698    -0.118
-556.682    1089.995    -0.118
-556.248    1090.241    -0.118
-555.902    1090.443    -0.118
-555.557    1090.645    -0.118
-555.039    1090.949    -0.118
-554.520    1091.249    -0.118
-554.173    1091.446    -0.118
-553.651    1091.742    -0.118
-553.304    1091.943    -0.118
-552.873    1092.195    -0.118
-552.441    1092.447    -0.118
-551.832    1092.792    -0.118
-551.482    1092.987    -0.118
-551.046    1093.230    -0.118
-550.430    1093.562    -0.118
-549.989    1093.798    -0.118
-549.724    1093.939    -0.118
-549.200    1094.230    -0.118
-548.763    1094.474    -0.118
-548.235    1094.758    -0.118
-547.794    1094.994    -0.118
-547.352    1095.229    -0.118
-546.913    1095.466    -0.118
-546.561    1095.657    -0.118
-545.765    1096.077    -0.118
-545.586    1096.167    -0.118
-545.234    1096.356    -0.118
-544.707    1096.641    -0.118
-543.997    1097.012    -0.118
-543.640    1097.191    -0.118
-543.103    1097.458    -0.118
-542.924    1097.549    -0.118
-542.211    1097.911    -0.118
-541.763    1098.133    -0.118
-541.316    1098.355    -0.118
-540.868    1098.578    -0.118
-540.510    1098.757    -0.118
-539.973    1099.024    -0.118
-539.527    1099.248    -0.118
-539.169    1099.427    -0.118
-538.725    1099.656    -0.118
-538.369    1099.839    -0.118
-537.745    1100.156    -0.118
-537.297    1100.377    -0.118
-536.758    1100.642    -0.118
-536.308    1100.860    -0.118
-535.858    1101.077    -0.118
-535.680    1101.168    -0.118
-535.147    1101.442    -0.118
-534.791    1101.625    -0.118
-534.164    1101.938    -0.118
-533.714    1102.156    -0.118
-533.083    1102.458    -0.118
-532.630    1102.670    -0.118
-532.087    1102.924    -0.118
-531.633    1103.133    -0.118
-531.178    1103.341    -0.118
-530.724    1103.548    -0.118
-530.360    1103.716    -0.118
-529.907    1103.929    -0.118
-529.364    1104.183    -0.118
-528.910    1104.391    -0.118
-528.454    1104.596    -0.118
-527.905    1104.840    -0.118
-527.541    1105.006    -0.118
-527.088    1105.215    -0.118
-526.634    1105.426    -0.118
-526.089    1105.674    -0.118
-525.722    1105.836    -0.118
-525.175    1106.080    -0.118
-524.810    1106.245    -0.118
-524.357    1106.456    -0.118
-523.902    1106.665    -0.118
-523.447    1106.872    -0.118
-522.991    1107.077    -0.118
-522.352    1107.362    -0.118
-521.985    1107.522    -0.118
-521.527    1107.721    -0.118
-521.160    1107.881    -0.118
-520.704    1108.086    -0.118
-520.248    1108.291    -0.118
-519.609    1108.576    -0.118
-519.150    1108.775    -0.118
-518.784    1108.935    -0.118
-518.140    1109.209    -0.118
-517.864    1109.327    -0.118
-517.128    1109.641    -0.118
-516.759    1109.793    -0.118
-516.296    1109.984    -0.118
-515.834    1110.175    -0.118
-515.373    1110.369    -0.118
-514.912    1110.561    -0.118
-514.358    1110.791    -0.118
-513.988    1110.943    -0.118
-513.525    1111.134    -0.118
-513.064    1111.326    -0.118
-512.417    1111.591    -0.118
-511.858    1111.810    -0.118
-511.392    1111.992    -0.118
-511.114    1112.104    -0.118
-510.743    1112.255    -0.118
-510.281    1112.445    -0.118
-509.631    1112.703    -0.118
-509.072    1112.922    -0.118
-508.886    1112.997    -0.118
-508.424    1113.186    -0.118
-507.869    1113.413    -0.118
-507.312    1113.637    -0.118
-506.847    1113.821    -0.118
-506.383    1114.005    -0.118
-505.632    1114.283    -0.118
-505.350    1114.386    -0.118
-504.884    1114.568    -0.118
-504.420    1114.752    -0.118
-503.858    1114.961    -0.118
-503.388    1115.133    -0.118
-502.730    1115.372    -0.118
-502.258    1115.536    -0.118
-501.785    1115.700    -0.118
-501.408    1115.832    -0.118
-500.844    1116.037    -0.118
-500.468    1116.174    -0.118
-499.998    1116.344    -0.118
-499.434    1116.546    -0.118
-498.962    1116.710    -0.118
-498.489    1116.875    -0.118
-498.113    1117.010    -0.118
-497.642    1117.181    -0.118
-497.172    1117.352    -0.118
-496.606    1117.549    -0.118
-496.038    1117.743    -0.118
-495.376    1117.967    -0.117
-494.995    1118.092    -0.117
-494.712    1118.189    -0.117
-494.238    1118.351    -0.117
-493.766    1118.513    -0.117
-493.102    1118.735    -0.117
-492.627    1118.891    -0.117
-492.247    1119.016    -0.117
-491.867    1119.144    -0.117
-491.204    1119.363    -0.117
-490.728    1119.519    -0.117
-490.253    1119.675    -0.117
-489.778    1119.830    -0.117
-489.303    1119.986    -0.117
-488.637    1120.201    -0.117
-488.255    1120.322    -0.117
-487.875    1120.446    -0.117
-487.400    1120.602    -0.117
-486.734    1120.816    -0.117
-486.353    1120.936    -0.117
-485.780    1121.115    -0.117
-485.398    1121.235    -0.117
-484.825    1121.415    -0.117
-484.444    1121.535    -0.117
-483.968    1121.684    -0.117
-483.395    1121.863    -0.117
-483.013    1121.983    -0.117
-482.536    1122.133    -0.117
-481.964    1122.312    -0.117
-481.582    1122.432    -0.117
-480.721    1122.692    -0.117
-480.335    1122.800    -0.117
-479.854    1122.936    -0.117
-479.372    1123.069    -0.117
-478.890    1123.202    -0.117
-478.408    1123.337    -0.117
-477.927    1123.471    -0.117
-477.447    1123.606    -0.117
-476.965    1123.742    -0.117
-476.386    1123.901    -0.117
-475.904    1124.035    -0.117
-475.519    1124.141    -0.117
-475.038    1124.278    -0.117
-474.557    1124.415    -0.117
-473.980    1124.577    -0.117
-473.498    1124.708    -0.117
-473.015    1124.840    -0.117
-472.629    1124.946    -0.117
-472.148    1125.082    -0.117
-471.667    1125.219    -0.117
-471.090    1125.381    -0.117
-470.607    1125.513    -0.117
-470.125    1125.644    -0.117
-469.642    1125.774    -0.117
-469.159    1125.901    -0.117
-468.675    1126.027    -0.117
-468.094    1126.178    -0.117
-467.512    1126.324    -0.117
-467.125    1126.423    -0.117
-466.737    1126.523    -0.117
-466.254    1126.649    -0.117
-465.770    1126.775    -0.117
-465.189    1126.926    -0.117
-464.608    1127.073    -0.117
-464.220    1127.171    -0.117
-463.441    1127.352    -0.117
-462.953    1127.462    -0.117
-462.661    1127.529    -0.117
-461.979    1127.689    -0.117
-461.492    1127.799    -0.117
-461.004    1127.910    -0.117
-460.613    1127.998    -0.117
-460.028    1128.130    -0.117
-459.541    1128.239    -0.117
-459.151    1128.328    -0.117
-458.566    1128.461    -0.117
-458.078    1128.572    -0.117
-457.590    1128.679    -0.117
-457.101    1128.787    -0.117
-456.614    1128.894    -0.117
-456.125    1129.002    -0.117
-455.637    1129.110    -0.117
-455.149    1129.218    -0.116
-454.660    1129.324    -0.116
-454.172    1129.432    -0.116
-453.683    1129.539    -0.116
-453.196    1129.647    -0.116
-452.805    1129.733    -0.116
-452.121    1129.882    -0.116
-451.631    1129.982    -0.116
-450.946    1130.122    -0.116
-450.553    1130.199    -0.116
-449.964    1130.314    -0.116
-449.572    1130.391    -0.116
-449.082    1130.491    -0.116
-448.592    1130.592    -0.116
-448.102    1130.692    -0.116
-447.514    1130.810    -0.116
-447.122    1130.889    -0.116
-446.533    1131.003    -0.116
-446.043    1131.100    -0.116
-445.552    1131.195    -0.116
-445.061    1131.291    -0.116
-444.669    1131.369    -0.116
-444.276    1131.448    -0.116
-443.688    1131.565    -0.116
-443.100    1131.683    -0.116
-442.609    1131.777    -0.116
-442.217    1131.855    -0.116
-441.628    1131.972    -0.116
-441.236    1132.050    -0.116
-440.647    1132.164    -0.116
-440.156    1132.259    -0.116
-439.665    1132.352    -0.116
-439.272    1132.430    -0.116
-438.783    1132.529    -0.116
-438.193    1132.643    -0.116
-437.604    1132.750    -0.116
-436.913    1132.868    -0.116
-436.419    1132.945    -0.116
-435.926    1133.023    -0.116
-435.431    1133.101    -0.116
-434.937    1133.178    -0.116
-434.741    1133.213    -0.116
-434.150    1133.320    -0.116
-433.757    1133.391    -0.116
-432.968    1133.522    -0.116
-432.474    1133.599    -0.116
-431.980    1133.677    -0.116
-431.783    1133.712    -0.116
-431.193    1133.818    -0.116
-430.799    1133.890    -0.116
-430.010    1134.020    -0.116
-429.516    1134.098    -0.116
-429.023    1134.176    -0.116
-428.825    1134.210    -0.116
-428.235    1134.317    -0.116
-427.841    1134.388    -0.116
-427.150    1134.499    -0.115
-426.855    1134.552    -0.115
-426.264    1134.658    -0.115
-425.476    1134.791    -0.115
-424.981    1134.860    -0.115
-424.485    1134.928    -0.115
-424.188    1134.971    -0.115
-423.893    1135.024    -0.115
-423.401    1135.113    -0.115
-422.514    1135.264    -0.115
-421.920    1135.346    -0.115
-420.927    1135.464    -0.115
-420.529    1135.497    -0.115
-420.429    1135.511    -0.115
-420.033    1135.565    -0.115
-419.538    1135.634    -0.115
-418.444    1135.750    -0.115
-417.946    1135.790    -0.115
-417.548    1135.823    -0.115
-416.950    1135.877    -0.115
-416.452    1135.921    -0.115
-415.954    1135.963    -0.115
-415.456    1136.004    -0.115
-414.858    1136.052    -0.115
-414.460    1136.087    -0.115
-413.962    1136.132    -0.115
-413.464    1136.177    -0.115
-412.965    1136.218    -0.115
-412.467    1136.259    -0.115
-411.869    1136.307    -0.115
-411.471    1136.342    -0.115
-410.973    1136.387    -0.115
-410.475    1136.432    -0.115
-409.977    1136.474    -0.115
-409.479    1136.514    -0.115
-408.881    1136.562    -0.115
-408.481    1136.598    -0.115
-407.983    1136.642    -0.115
-407.486    1136.687    -0.115
-406.987    1136.729    -0.115
-406.489    1136.770    -0.115
-405.791    1136.824    -0.115
-405.193    1136.858    -0.114
-404.594    1136.890    -0.114
-403.994    1136.913    -0.114
-403.694    1136.929    -0.114
-403.195    1136.958    -0.114
-402.796    1136.980    -0.114
-402.097    1137.014    -0.114
-401.597    1137.033    -0.114
-400.998    1137.056    -0.114
-400.698    1137.072    -0.114
-400.199    1137.100    -0.114
-399.800    1137.123    -0.114
-399.101    1137.156    -0.114
-398.601    1137.175    -0.114
-398.002    1137.198    -0.114
-397.702    1137.214    -0.114
-397.202    1137.243    -0.114
-396.804    1137.265    -0.114
-396.104    1137.299    -0.114
-395.605    1137.318    -0.114
-395.005    1137.341    -0.114
-394.406    1137.360    -0.114
-394.006    1137.372    -0.114
-393.206    1137.393    -0.114
-392.706    1137.395    -0.114
-392.206    1137.396    -0.114
-391.906    1137.401    -0.114
-391.406    1137.417    -0.114
-390.907    1137.433    -0.114
-390.207    1137.445    -0.114
-389.708    1137.447    -0.114
-389.208    1137.449    -0.114
-389.008    1137.451    -0.114
-388.508    1137.466    -0.114
-388.008    1137.482    -0.114
-387.208    1137.497    -0.113
-386.708    1137.499    -0.113
-386.208    1137.500    -0.113
-386.008    1137.502    -0.113
-385.509    1137.518    -0.113
-385.009    1137.534    -0.113
-384.209    1137.548    -0.113
-383.709    1137.550    -0.113
-383.009    1137.551    -0.113
-382.510    1137.543    -0.113
-382.009    1137.536    -0.113
-381.609    1137.529    -0.113
-381.210    1137.530    -0.113
-380.710    1137.532    -0.113
-380.210    1137.533    -0.113
-379.510    1137.526    -0.113
-379.010    1137.519    -0.113
-378.610    1137.512    -0.113
-378.210    1137.512    -0.113
-377.710    1137.514    -0.113
-377.210    1137.516    -0.113
-376.511    1137.508    -0.113
-376.010    1137.500    -0.113
-375.510    1137.493    -0.113
-375.011    1137.486    -0.113
-374.511    1137.478    -0.113
-374.011    1137.471    -0.113
-373.511    1137.464    -0.113
-373.011    1137.456    -0.113
-372.511    1137.448    -0.113
-372.011    1137.441    -0.113
-371.511    1137.433    -0.113
-371.012    1137.425    -0.113
-370.312    1137.403    -0.112
-369.712    1137.379    -0.112
-369.313    1137.363    -0.112
-368.813    1137.343    -0.112
-368.613    1137.337    -0.112
-368.114    1137.330    -0.112
-367.613    1137.322    -0.112
-366.714    1137.297    -0.112
-366.314    1137.282    -0.112
-365.815    1137.262    -0.112
-365.615    1137.255    -0.112
-365.015    1137.246    -0.112
-364.515    1137.239    -0.112
-363.716    1137.208    -0.112
-363.317    1137.192    -0.112
-362.817    1137.172    -0.112
-362.117    1137.138    -0.112
-361.519    1137.101    -0.112
-361.020    1137.069    -0.112
-360.720    1137.053    -0.112
-360.320    1137.038    -0.112
-359.821    1137.018    -0.112
-359.122    1136.985    -0.112
-358.523    1136.947    -0.112
-358.024    1136.916    -0.112
-357.327    1136.861    -0.112
-356.928    1136.828    -0.112
-356.430    1136.788    -0.112
-356.030    1136.761    -0.112
-355.531    1136.730    -0.112
-355.133    1136.705    -0.111
-354.434    1136.652    -0.111
-353.936    1136.611    -0.111
-353.438    1136.570    -0.111
-353.139    1136.550    -0.111
-352.640    1136.519    -0.111
-352.141    1136.488    -0.111
-351.343    1136.427    -0.111
-350.845    1136.385    -0.111
-350.247    1136.334    -0.111
-349.849    1136.299    -0.111
-349.351    1136.253    -0.111
-348.753    1136.199    -0.111
-348.355    1136.164    -0.111
-347.956    1136.131    -0.111
-347.458    1136.090    -0.111
-346.761    1136.030    -0.111
-346.362    1135.994    -0.111
-345.765    1135.940    -0.111
-345.167    1135.883    -0.111
-344.572    1135.816    -0.111
-344.173    1135.771    -0.111
-343.776    1135.728    -0.111
-343.377    1135.692    -0.111
-342.780    1135.638    -0.111
-342.184    1135.581    -0.111
-341.686    1135.525    -0.111
-341.190    1135.470    -0.110
-340.397    1135.363    -0.110
-340.297    1135.354    -0.110
-339.899    1135.317    -0.110
-339.302    1135.263    -0.110
-338.310    1135.135    -0.110
-337.816    1135.061    -0.110
-337.222    1134.970    -0.110
-336.729    1134.891    -0.110
-336.334    1134.828    -0.110
-335.840    1134.755    -0.110
-335.345    1134.681    -0.110
-334.752    1134.591    -0.110
-334.258    1134.513    -0.110
-333.764    1134.434    -0.110
-333.369    1134.372    -0.110
-332.875    1134.298    -0.110
-332.380    1134.224    -0.110
-331.788    1134.134    -0.110
-331.294    1134.055    -0.110
-330.800    1133.977    -0.110
-330.404    1133.914    -0.110
-329.910    1133.841    -0.110
-329.415    1133.767    -0.110
-328.822    1133.677    -0.110
-328.328    1133.599    -0.109
-327.834    1133.520    -0.109
-327.440    1133.458    -0.109
-326.945    1133.384    -0.109
-326.451    1133.310    -0.109
-325.858    1133.220    -0.109
-325.364    1133.141    -0.109
-324.870    1133.063    -0.109
-324.476    1133.000    -0.109
-323.981    1132.927    -0.109
-323.486    1132.854    -0.109
-322.893    1132.763    -0.109
-322.300    1132.668    -0.109
-321.906    1132.606    -0.109
-321.510    1132.543    -0.109
-321.016    1132.469    -0.109
-320.522    1132.396    -0.109
-319.928    1132.306    -0.109
-319.434    1132.228    -0.109
-318.940    1132.149    -0.109
-318.546    1132.086    -0.109
-318.051    1132.013    -0.109
-317.557    1131.939    -0.109
-316.964    1131.849    -0.109
-316.470    1131.770    -0.109
-315.976    1131.692    -0.109
-315.582    1131.629    -0.108
-315.087    1131.556    -0.108
-314.592    1131.482    -0.108
-313.999    1131.392    -0.108
-313.505    1131.314    -0.108
-313.012    1131.235    -0.108
-311.838    1130.987    -0.108
-311.351    1130.872    -0.108
-310.864    1130.759    -0.108
-310.377    1130.646    -0.108
-309.891    1130.534    -0.108
-309.403    1130.420    -0.108
-308.917    1130.305    -0.108
-308.430    1130.191    -0.108
-307.944    1130.077    -0.108
-307.456    1129.965    -0.108
-306.969    1129.852    -0.108
-306.482    1129.739    -0.108
-305.996    1129.624    -0.108
-305.509    1129.509    -0.108
-305.022    1129.396    -0.108
-304.535    1129.283    -0.108
-304.048    1129.171    -0.107
-303.561    1129.057    -0.107
-303.074    1128.942    -0.107
-302.587    1128.828    -0.107
-302.100    1128.714    -0.107
-301.614    1128.602    -0.107
-301.126    1128.489    -0.107
-300.639    1128.376    -0.107
-300.152    1128.261    -0.107
-299.667    1128.146    -0.107
-299.179    1128.033    -0.107
-298.692    1127.920    -0.107
-298.205    1127.808    -0.107
-297.719    1127.694    -0.107
-297.232    1127.580    -0.107
-296.745    1127.465    -0.107
-296.258    1127.351    -0.107
-295.770    1127.239    -0.107
-295.284    1127.126    -0.107
-294.797    1127.013    -0.107
-294.310    1126.898    -0.107
-293.823    1126.783    -0.107
-293.337    1126.670    -0.107
-292.850    1126.557    -0.107
-292.362    1126.445    -0.106
-291.875    1126.331    -0.106
-291.389    1126.217    -0.106
-290.902    1126.102    -0.106
-290.415    1125.988    -0.106
-289.928    1125.876    -0.106
-289.442    1125.763    -0.106
-288.954    1125.650    -0.106
-288.467    1125.535    -0.106
-287.981    1125.420    -0.106
-287.494    1125.307    -0.106
-287.007    1125.194    -0.106
-285.846    1124.894    -0.106
-285.369    1124.744    -0.106
-284.892    1124.594    -0.106
-284.416    1124.443    -0.106
-283.939    1124.292    -0.106
-283.462    1124.141    -0.106
-282.986    1123.992    -0.106
-282.508    1123.842    -0.106
-282.031    1123.692    -0.106
-281.555    1123.541    -0.105
-281.078    1123.390    -0.105
-280.602    1123.239    -0.105
-280.124    1123.090    -0.105
-279.647    1122.940    -0.105
-279.171    1122.790    -0.105
-278.693    1122.639    -0.105
-278.216    1122.488    -0.105
-277.645    1122.308    -0.105
-277.263    1122.188    -0.105
-276.787    1122.038    -0.105
-276.309    1121.888    -0.105
-275.738    1121.707    -0.105
-275.261    1121.557    -0.105
-274.784    1121.406    -0.105
-274.402    1121.286    -0.105
-273.926    1121.136    -0.105
-273.448    1120.986    -0.105
-272.876    1120.806    -0.105
-272.495    1120.686    -0.105
-272.018    1120.535    -0.105
-271.446    1120.354    -0.104
-271.064    1120.234    -0.104
-270.587    1120.084    -0.104
-270.015    1119.904    -0.104
-269.634    1119.784    -0.104
-269.158    1119.633    -0.104
-268.585    1119.452    -0.104
-268.203    1119.332    -0.104
-267.727    1119.182    -0.104
-267.154    1119.002    -0.104
-266.678    1118.851    -0.104
-266.296    1118.731    -0.104
-265.819    1118.581    -0.104
-265.343    1118.430    -0.104
-264.866    1118.280    -0.104
-264.294    1118.100    -0.104
-263.912    1117.980    -0.104
-263.435    1117.829    -0.104
-262.958    1117.679    -0.104
-262.386    1117.498    -0.104
-262.004    1117.378    -0.104
-261.433    1117.198    -0.103
-261.051    1117.078    -0.103
-259.917    1116.686    -0.103
-259.453    1116.501    -0.103
-258.897    1116.277    -0.103
-258.432    1116.091    -0.103
-258.061    1115.944    -0.103
-257.596    1115.760    -0.103
-257.040    1115.536    -0.103
-256.576    1115.348    -0.103
-256.113    1115.159    -0.103
-255.741    1115.011    -0.103
-255.277    1114.827    -0.103
-254.811    1114.643    -0.103
-254.348    1114.456    -0.103
-253.792    1114.231    -0.103
-253.329    1114.043    -0.103
-252.958    1113.894    -0.103
-252.492    1113.710    -0.103
-252.028    1113.526    -0.102
-251.564    1113.339    -0.102
-251.008    1113.114    -0.102
-250.544    1112.926    -0.102
-250.173    1112.778    -0.102
-249.708    1112.593    -0.102
-249.244    1112.409    -0.102
-248.687    1112.184    -0.102
-248.224    1111.996    -0.102
-247.853    1111.846    -0.102
-247.296    1111.623    -0.102
-246.924    1111.476    -0.102
-246.460    1111.292    -0.102
-245.997    1111.104    -0.102
-245.440    1110.879    -0.102
-244.977    1110.691    -0.102
-244.605    1110.543    -0.102
-244.141    1110.359    -0.102
-243.676    1110.175    -0.102
-243.119    1109.951    -0.102
-242.656    1109.763    -0.101
-242.193    1109.574    -0.101
-241.821    1109.426    -0.101
-241.357    1109.242    -0.101
-240.891    1109.058    -0.101
-240.335    1108.833    -0.101
-239.873    1108.645    -0.101
-239.409    1108.457    -0.101
-239.038    1108.308    -0.101
-238.573    1108.124    -0.101
-238.108    1107.940    -0.101
-237.644    1107.753    -0.101
-237.088    1107.528    -0.101
-236.082    1107.085    -0.101
-235.902    1106.998    -0.101
-235.718    1106.920    -0.101
-235.255    1106.732    -0.101
-234.791    1106.544    -0.101
-233.702    1106.041    -0.100
-233.252    1105.824    -0.100
-232.716    1105.556    -0.100
-232.357    1105.378    -0.100
-231.907    1105.159    -0.100
-231.548    1104.985    -0.100
-230.919    1104.678    -0.100
-230.561    1104.500    -0.100
-230.025    1104.230    -0.100
-229.667    1104.052    -0.100
-229.216    1103.834    -0.100
-228.856    1103.660    -0.100
-228.317    1103.398    -0.100
-227.781    1103.129    -0.100
-227.334    1102.904    -0.100
-226.976    1102.726    -0.100
-226.526    1102.508    -0.100
-226.166    1102.334    -0.100
-225.626    1102.072    -0.099
-225.179    1101.848    -0.099
-224.733    1101.624    -0.099
-224.285    1101.401    -0.099
-223.835    1101.182    -0.099
-223.385    1100.965    -0.099
-222.936    1100.746    -0.099
-222.399    1100.478    -0.099
-221.952    1100.253    -0.099
-221.595    1100.075    -0.099
-221.234    1099.900    -0.099
-220.694    1099.639    -0.099
-220.245    1099.420    -0.099
-219.798    1099.196    -0.099
-219.351    1098.972    -0.099
-218.904    1098.749    -0.099
-218.454    1098.531    -0.099
-218.094    1098.357    -0.099
-217.464    1098.050    -0.099
-217.018    1097.826    -0.098
-216.570    1097.602    -0.098
-216.211    1097.427    -0.098
-215.764    1097.203    -0.098
-215.228    1096.935    -0.098
-214.780    1096.711    -0.098
-214.510    1096.581    -0.098
-214.060    1096.363    -0.098
-213.610    1096.145    -0.098
-212.983    1095.833    -0.098
-212.537    1095.609    -0.098
-211.658    1095.132    -0.098
-211.226    1094.881    -0.098
-211.138    1094.832    -0.098
-210.870    1094.699    -0.098
-210.423    1094.474    -0.098
-209.365    1093.910    -0.098
-208.932    1093.659    -0.097
-208.414    1093.357    -0.097
-208.071    1093.150    -0.097
-207.639    1092.899    -0.097
-207.206    1092.649    -0.097
-206.688    1092.347    -0.097
-206.175    1092.037    -0.097
-205.833    1091.830    -0.097
-205.490    1091.623    -0.097
-205.144    1091.423    -0.097
-204.711    1091.173    -0.097
-204.020    1090.769    -0.097
-203.679    1090.562    -0.097
-203.250    1090.303    -0.097
-202.907    1090.096    -0.097
-202.475    1089.846    -0.097
-202.043    1089.596    -0.097
-201.610    1089.345    -0.096
-201.096    1089.035    -0.096
-200.668    1088.776    -0.096
-200.326    1088.569    -0.096
-199.893    1088.319    -0.096
-199.460    1088.070    -0.096
-198.942    1087.767    -0.096
-198.600    1087.560    -0.096
-198.087    1087.250    -0.096
-197.744    1087.043    -0.096
-197.398    1086.843    -0.096
-196.965    1086.593    -0.096
-196.532    1086.342    -0.096
-195.846    1085.930    -0.096
-195.504    1085.723    -0.096
-195.161    1085.516    -0.096
-194.729    1085.266    -0.096
-194.296    1085.015    -0.096
-193.778    1084.713    -0.095
-193.265    1084.403    -0.095
-192.837    1084.144    -0.095
-192.580    1083.989    -0.095
-192.147    1083.739    -0.095
-191.801    1083.539    -0.095
-191.368    1083.288    -0.095
-190.769    1082.928    -0.095
-190.340    1082.669    -0.095
-189.998    1082.462    -0.095
-189.484    1082.153    -0.095
-189.141    1081.947    -0.095
-188.628    1081.637    -0.095
-188.200    1081.378    -0.095
-187.441    1080.895    -0.095
-187.024    1080.619    -0.095
-186.689    1080.399    -0.095
-186.433    1080.244    -0.094
-186.091    1080.037    -0.094
-185.577    1079.727    -0.094
-184.905    1079.293    -0.094
-184.488    1079.018    -0.094
-183.988    1078.685    -0.094
-183.573    1078.408    -0.094
-183.157    1078.130    -0.094
-182.742    1077.851    -0.094
-182.409    1077.629    -0.094
-181.992    1077.354    -0.094
-181.575    1077.078    -0.094
-180.992    1076.690    -0.094
-180.662    1076.466    -0.094
-180.248    1076.185    -0.094
-179.834    1075.903    -0.094
-179.339    1075.565    -0.093
-179.009    1075.340    -0.093
-178.595    1075.058    -0.093
-178.182    1074.778    -0.093
-177.768    1074.498    -0.093
-177.272    1074.159    -0.093
-176.859    1073.877    -0.093
-176.529    1073.652    -0.093
-176.115    1073.370    -0.093
-175.701    1073.090    -0.093
-175.288    1072.810    -0.093
-174.793    1072.470    -0.093
-174.463    1072.243    -0.093
-173.969    1071.902    -0.093
-173.237    1071.382    -0.093
-172.837    1071.082    -0.093
-172.595    1070.903    -0.093
-172.348    1070.732    -0.092
-171.937    1070.449    -0.092
-171.201    1069.930    -0.092
-170.801    1069.630    -0.092
-170.401    1069.331    -0.092
-170.002    1069.030    -0.092
-169.602    1068.730    -0.092
-169.202    1068.431    -0.092
-168.802    1068.130    -0.092
-168.324    1067.767    -0.092
-168.005    1067.526    -0.092
-167.606    1067.224    -0.092
-167.207    1066.923    -0.092
-166.809    1066.622    -0.092
-166.330    1066.259    -0.092
-166.011    1066.017    -0.092
-165.613    1065.716    -0.091
-165.214    1065.415    -0.091
-164.815    1065.113    -0.091
-164.262    1064.684    -0.091
-163.791    1064.313    -0.091
-163.397    1064.003    -0.091
-163.162    1063.819    -0.091
-162.842    1063.578    -0.091
-162.444    1063.277    -0.091
-161.809    1062.790    -0.091
-161.415    1062.482    -0.091
-161.023    1062.172    -0.091
-160.555    1061.797    -0.091
-160.323    1061.607    -0.091
-159.929    1061.298    -0.091
-159.382    1060.862    -0.090
-158.994    1060.546    -0.090
-158.606    1060.231    -0.090
-158.371    1060.044    -0.090
-157.900    1059.674    -0.090
-157.506    1059.365    -0.090
-157.116    1059.053    -0.090
-156.650    1058.675    -0.090
-156.340    1058.422    -0.090
-155.950    1058.108    -0.090
-155.639    1057.857    -0.090
-155.167    1057.487    -0.090
-154.773    1057.179    -0.090
-154.381    1056.870    -0.090
-153.991    1056.556    -0.090
-153.601    1056.243    -0.090
-152.912    1055.664    -0.089
-152.536    1055.336    -0.089
-152.158    1055.008    -0.089
-151.706    1054.614    -0.089
-151.479    1054.418    -0.089
-151.324    1054.291    -0.089
-150.934    1053.978    -0.089
-150.466    1053.602    -0.089
-149.857    1053.084    -0.089
-149.479    1052.756    -0.089
-149.102    1052.429    -0.089
-148.798    1052.169    -0.089
-148.419    1051.844    -0.089
-148.039    1051.519    -0.089
-147.733    1051.261    -0.089
-147.349    1050.940    -0.089
-146.891    1050.553    -0.088
-146.435    1050.163    -0.088
-146.055    1049.838    -0.088
-145.827    1049.643    -0.088
-145.367    1049.257    -0.088
-145.061    1049.000    -0.088
-144.602    1048.614    -0.088
-144.222    1048.289    -0.088
-143.842    1047.964    -0.088
-143.538    1047.705    -0.088
-143.155    1047.383    -0.088
-142.771    1047.062    -0.088
-142.020    1046.403    -0.088
-141.650    1046.067    -0.088
-141.211    1045.657    -0.088
-140.846    1045.316    -0.087
-140.551    1045.046    -0.087
-140.255    1044.777    -0.087
-139.811    1044.374    -0.087
-139.370    1043.967    -0.087
-139.005    1043.626    -0.087
-138.712    1043.352    -0.087
-138.419    1043.081    -0.087
-137.974    1042.678    -0.087
-137.678    1042.410    -0.087
-137.163    1041.936    -0.087
-136.798    1041.594    -0.087
-136.433    1041.253    -0.087
-135.861    1040.693    -0.087
-135.506    1040.341    -0.087
-135.222    1040.059    -0.086
-134.796    1039.637    -0.086
-134.510    1039.357    -0.086
-134.150    1039.009    -0.086
-133.864    1038.730    -0.086
-133.505    1038.382    -0.086
-133.076    1037.964    -0.086
-132.650    1037.541    -0.086
-132.366    1037.259    -0.086
-132.010    1036.908    -0.086
-131.652    1036.559    -0.086
-131.293    1036.210    -0.086
-131.006    1035.932    -0.086
-130.648    1035.583    -0.086
-130.152    1035.089    -0.086
-129.938    1034.879    -0.086
-129.509    1034.460    -0.085
-129.223    1034.181    -0.085
-128.727    1033.686    -0.085
-128.305    1033.260    -0.085
-128.023    1032.977    -0.085
-127.738    1032.696    -0.085
-127.451    1032.417    -0.085
-127.021    1031.998    -0.085
-126.527    1031.502    -0.085
-126.246    1031.219    -0.085
-125.687    1030.646    -0.085
-125.344    1030.283    -0.085
-125.069    1029.992    -0.085
-124.723    1029.631    -0.085
-124.310    1029.196    -0.084
-123.966    1028.833    -0.084
-123.623    1028.470    -0.084
-123.278    1028.108    -0.084
-122.932    1027.746    -0.084
-122.657    1027.458    -0.084
-122.243    1027.022    -0.084
-121.900    1026.659    -0.084
-121.556    1026.296    -0.084
-121.280    1026.007    -0.084
-120.866    1025.572    -0.084
-120.520    1025.211    -0.084
-120.247    1024.919    -0.084
-119.834    1024.483    -0.084
-119.491    1024.120    -0.084
-119.016    1023.605    -0.083
-118.680    1023.236    -0.083
-118.410    1022.941    -0.083
-118.204    1022.722    -0.083
-117.858    1022.361    -0.083
-117.512    1022.001    -0.083
-117.166    1021.641    -0.083
-116.684    1021.133    -0.083
-116.279    1020.689    -0.083
-115.943    1020.320    -0.083
-115.414    1019.719    -0.083
-115.152    1019.417    -0.083
-114.890    1019.114    -0.083
-114.822    1019.041    -0.083
-114.477    1018.681    -0.083
-114.200    1018.392    -0.083
-113.338    1017.420    -0.082
-113.143    1017.192    -0.082
-112.816    1016.814    -0.082
-112.489    1016.435    -0.082
-112.162    1016.057    -0.082
-111.710    1015.523    -0.082
-111.389    1015.140    -0.082
-111.132    1014.833    -0.082
-110.808    1014.453    -0.082
-110.482    1014.073    -0.082
-110.157    1013.694    -0.082
-109.834    1013.312    -0.082
-109.513    1012.929    -0.082
-109.127    1012.469    -0.082
-108.868    1012.165    -0.081
-108.542    1011.785    -0.081
-108.280    1011.482    -0.081
-107.829    1010.948    -0.081
-107.571    1010.642    -0.081
-107.250    1010.258    -0.081
-106.807    1009.718    -0.081
-106.491    1009.329    -0.081
-106.236    1009.022    -0.081
-105.979    1008.715    -0.081
-105.658    1008.332    -0.081
-105.212    1007.792    -0.081
-104.897    1007.404    -0.081
-104.582    1007.016    -0.081
-104.152    1006.463    -0.081
-103.846    1006.067    -0.080
-103.541    1005.672    -0.080
-103.358    1005.434    -0.080
-103.044    1005.045    -0.080
-102.729    1004.657    -0.080
-102.351    1004.191    -0.080
-102.040    1003.800    -0.080
-101.610    1003.247    -0.080
-101.304    1002.852    -0.080
-100.999    1002.456    -0.080
-100.813    1002.221    -0.080
-100.502    1001.829    -0.080
-100.191    1001.438    -0.080
-99.761    1000.885    -0.080
-99.455    1000.490    -0.079
-99.150    1000.094    -0.079
-99.026    999.937    -0.079
-98.653    999.467    -0.079
-98.342    999.076    -0.079
-97.912    998.523    -0.079
-97.606    998.128    -0.079
-97.241    997.652    -0.079
-97.002    997.332    -0.079
-96.641    996.852    -0.079
-96.342    996.452    -0.079
-96.045    996.049    -0.079
-95.749    995.647    -0.079
-95.452    995.244    -0.079
-95.152    994.844    -0.079
-94.852    994.444    -0.078
-94.494    993.963    -0.078
-94.256    993.641    -0.078
-93.960    993.238    -0.078
-93.663    992.836    -0.078
-93.363    992.436    -0.078
-93.063    992.036    -0.078
-92.764    991.636    -0.078
-92.467    991.233    -0.078
-92.171    990.831    -0.078
-91.759    990.265    -0.078
-91.527    989.940    -0.078
-91.236    989.533    -0.078
-90.940    989.129    -0.078
-90.643    988.727    -0.078
-90.289    988.244    -0.077
-89.999    987.836    -0.077
-89.767    987.510    -0.077
-89.477    987.102    -0.077
-89.180    986.700    -0.077
-88.833    986.211    -0.077
-88.543    985.804    -0.077
-88.253    985.397    -0.077
-87.907    984.906    -0.077
-87.566    984.413    -0.077
-87.281    984.001    -0.077
-87.110    983.756    -0.077
-86.819    983.349    -0.077
-86.532    982.940    -0.077
-86.134    982.364    -0.076
-85.906    982.035    -0.076
-85.621    981.624    -0.076
-85.392    981.296    -0.076
-85.106    980.887    -0.076
-84.492    979.974    -0.076
-84.383    979.807    -0.076
-84.155    979.477    -0.076
-83.929    979.148    -0.076
-83.424    978.403    -0.076
-83.155    977.981    -0.076
-82.887    977.560    -0.076
-82.565    977.054    -0.076
-82.350    976.716    -0.076
-82.029    976.209    -0.075
-81.815    975.871    -0.075
-81.547    975.449    -0.075
-81.278    975.028    -0.075
-81.009    974.606    -0.075
-80.688    974.099    -0.075
-80.422    973.677    -0.075
-80.207    973.339    -0.075
-79.940    972.917    -0.075
-79.620    972.409    -0.075
-79.355    971.985    -0.075
-79.089    971.561    -0.075
-78.823    971.139    -0.075
-78.555    970.716    -0.075
-78.342    970.379    -0.075
-78.022    969.871    -0.074
-77.757    969.447    -0.074
-77.491    969.024    -0.074
-77.277    968.685    -0.074
-76.957    968.178    -0.074
-76.743    967.841    -0.074
-76.423    967.332    -0.074
-76.158    966.908    -0.074
-75.892    966.486    -0.074
-75.484    965.797    -0.074
-75.233    965.365    -0.074
-74.982    964.933    -0.074
-74.733    964.499    -0.074
-74.484    964.065    -0.074
-74.236    963.631    -0.073
-73.988    963.197    -0.073
-73.789    962.850    -0.073
-73.486    962.332    -0.073
-73.285    961.986    -0.073
-72.985    961.467    -0.073
-72.688    960.946    -0.073
-72.490    960.598    -0.073
-72.239    960.165    -0.073
-71.988    959.733    -0.073
-71.787    959.388    -0.073
-71.485    958.870    -0.073
-71.233    958.438    -0.073
-70.980    958.006    -0.073
-70.728    957.574    -0.072
-70.477    957.142    -0.072
-70.225    956.710    -0.072
-69.974    956.279    -0.072
-69.721    955.847    -0.072
-69.469    955.415    -0.072
-69.038    954.624    -0.072
-68.804    954.183    -0.072
-68.523    953.653    -0.072
-68.381    953.389    -0.072
-68.285    953.213    -0.072
-68.084    952.867    -0.072
-67.832    952.436    -0.072
-67.302    951.473    -0.072
-67.115    951.119    -0.071
-66.880    950.677    -0.071
-66.645    950.236    -0.071
-66.368    949.704    -0.071
-66.139    949.259    -0.071
-65.909    948.816    -0.071
-65.722    948.462    -0.071
-65.488    948.021    -0.071
-65.252    947.579    -0.071
-64.976    947.047    -0.071
-64.746    946.603    -0.071
-64.517    946.159    -0.071
-64.331    945.804    -0.071
-64.053    945.273    -0.071
-63.822    944.829    -0.071
-63.593    944.385    -0.070
-63.363    943.941    -0.070
-63.178    943.586    -0.070
-62.946    943.143    -0.070
-62.668    942.612    -0.070
-62.315    941.894    -0.070
-62.141    941.534    -0.070
-62.053    941.355    -0.070
-61.775    940.823    -0.070
-61.588    940.469    -0.070
-61.184    939.665    -0.070
-61.011    939.305    -0.070
-60.750    938.765    -0.070
-60.705    938.675    -0.070
-60.426    938.144    -0.069
-60.194    937.701    -0.069
-59.836    936.986    -0.069
-59.619    936.536    -0.069
-59.445    936.175    -0.069
-59.190    935.632    -0.069
-58.936    935.089    -0.069
-58.768    934.726    -0.069
-58.550    934.276    -0.069
-58.377    933.916    -0.069
-58.074    933.285    -0.069
-57.863    932.832    -0.069
-57.651    932.378    -0.069
-57.402    931.833    -0.069
-57.197    931.377    -0.068
-56.992    930.921    -0.068
-56.747    930.372    -0.068
-56.623    930.100    -0.068
-56.412    929.646    -0.068
-56.200    929.193    -0.068
-55.950    928.648    -0.068
-55.746    928.192    -0.068
-55.501    927.644    -0.068
-55.376    927.371    -0.068
-55.165    926.918    -0.068
-54.954    926.465    -0.068
-54.703    925.921    -0.068
-54.458    925.372    -0.068
-54.295    925.007    -0.068
-54.130    924.643    -0.067
-53.918    924.190    -0.067
-53.708    923.737    -0.067
-53.348    922.912    -0.067
-53.159    922.449    -0.067
-52.969    921.987    -0.067
-52.777    921.525    -0.067
-52.586    921.063    -0.067
-52.396    920.601    -0.067
-52.207    920.138    -0.067
-51.980    919.582    -0.067
-51.866    919.305    -0.067
-51.636    918.750    -0.067
-51.444    918.289    -0.067
-51.216    917.734    -0.066
-51.064    917.364    -0.066
-50.875    916.901    -0.066
-50.685    916.439    -0.066
-50.494    915.977    -0.066
-50.303    915.515    -0.066
-50.075    914.960    -0.066
-49.923    914.590    -0.066
-49.734    914.127    -0.066
-49.544    913.664    -0.066
-49.352    913.203    -0.066
-49.160    912.741    -0.066
-48.903    912.090    -0.066
-48.724    911.623    -0.066
-48.544    911.157    -0.065
-48.329    910.597    -0.065
-48.186    910.224    -0.065
-48.007    909.757    -0.065
-47.828    909.290    -0.065
-47.648    908.823    -0.065
-47.468    908.357    -0.065
-47.253    907.797    -0.065
-47.110    907.423    -0.065
-46.931    906.957    -0.065
-46.752    906.490    -0.065
-46.572    906.024    -0.065
-46.392    905.557    -0.065
-46.178    904.997    -0.065
-46.035    904.623    -0.065
-45.856    904.156    -0.064
-45.611    903.500    -0.064
-45.442    903.030    -0.064
-45.239    902.465    -0.064
-45.102    902.090    -0.064
-44.898    901.525    -0.064
-44.762    901.149    -0.064
-44.593    900.678    -0.064
-44.423    900.208    -0.064
-44.252    899.739    -0.064
-44.082    899.269    -0.064
-43.911    898.799    -0.064
-43.742    898.329    -0.064
-43.571    897.858    -0.064
-43.401    897.388    -0.063
-43.230    896.919    -0.063
-43.060    896.448    -0.063
-42.800    895.691    -0.063
-42.646    895.216    -0.063
-42.461    894.645    -0.063
-42.368    894.360    -0.063
-42.266    894.079    -0.063
-42.095    893.609    -0.063
-41.924    893.138    -0.063
-41.671    892.379    -0.063
-41.486    891.810    -0.063
-41.302    891.238    -0.063
-41.153    890.760    -0.063
-41.005    890.284    -0.062
-40.915    889.997    -0.062
-40.761    889.521    -0.062
-40.576    888.951    -0.062
-40.392    888.380    -0.062
-40.243    887.902    -0.062
-40.095    887.425    -0.062
-39.946    886.948    -0.062
-39.828    886.565    -0.062
-39.650    885.993    -0.062
-39.531    885.611    -0.062
-39.352    885.038    -0.062
-39.205    884.561    -0.062
-39.057    884.082    -0.062
-38.911    883.604    -0.062
-38.761    883.128    -0.061
-38.642    882.746    -0.061
-38.463    882.173    -0.061
-38.346    881.790    -0.061
-38.169    881.217    -0.061
-37.970    880.547    -0.061
-37.808    879.969    -0.061
-37.700    879.584    -0.061
-37.611    879.297    -0.061
-37.464    878.819    -0.061
-37.346    878.437    -0.061
-37.123    877.669    -0.061
-36.961    877.091    -0.061
-36.853    876.706    -0.061
-36.715    876.226    -0.060
-36.576    875.746    -0.060
-36.438    875.265    -0.060
-36.300    874.784    -0.060
-36.136    874.207    -0.060
-36.028    873.822    -0.060
-35.894    873.340    -0.060
-35.757    872.859    -0.060
-35.646    872.475    -0.060
-35.508    871.995    -0.060
-35.316    871.321    -0.060
-35.208    870.937    -0.060
-35.074    870.455    -0.060
-34.915    869.877    -0.060
-34.760    869.297    -0.060
-34.655    868.911    -0.059
-34.574    868.622    -0.059
-34.435    868.142    -0.059
-34.297    867.662    -0.059
-34.088    866.889    -0.059
-33.984    866.503    -0.059
-33.854    866.020    -0.059
-33.700    865.440    -0.059
-33.549    864.860    -0.059
-33.448    864.473    -0.059
-33.321    863.989    -0.059
-33.217    863.603    -0.059
-33.087    863.120    -0.059
-32.932    862.541    -0.059
-32.806    862.057    -0.059
-32.681    861.572    -0.058
-32.554    861.089    -0.058
-32.450    860.703    -0.058
-32.321    860.220    -0.058
-32.166    859.640    -0.058
-32.015    859.060    -0.058
-31.914    858.673    -0.058
-31.709    857.797    -0.058
-31.683    857.700    -0.058
-31.579    857.314    -0.058
-31.450    856.830    -0.058
-31.217    855.859    -0.058
-31.112    855.370    -0.058
-31.006    854.882    -0.058
-30.903    854.393    -0.057
-30.780    853.805    -0.057
-30.678    853.316    -0.057
-30.596    852.924    -0.057
-30.490    852.435    -0.057
-30.385    851.947    -0.057
-30.261    851.359    -0.057
-30.160    850.870    -0.057
-30.058    850.381    -0.057
-29.976    849.989    -0.057
-29.870    849.500    -0.057
-29.765    849.012    -0.057
-29.640    848.425    -0.057
-29.538    847.936    -0.057
-29.437    847.446    -0.057
-29.317    846.858    -0.056
-29.237    846.466    -0.056
-29.136    845.977    -0.056
-29.036    845.487    -0.056
-28.934    844.997    -0.056
-28.834    844.508    -0.056
-28.714    843.919    -0.056
-28.634    843.528    -0.056
-28.533    843.038    -0.056
-28.432    842.549    -0.056
-28.330    842.059    -0.056
-28.230    841.569    -0.056
-28.110    840.981    -0.056
-28.030    840.590    -0.056
-27.929    840.100    -0.056
-27.829    839.610    -0.055
-27.727    839.120    -0.055
-27.625    838.631    -0.055
-27.524    838.141    -0.055
-27.422    837.651    -0.055
-27.321    837.163    -0.055
-27.219    836.673    -0.055
-27.118    836.183    -0.055
-27.015    835.694    -0.055
-26.914    835.204    -0.055
-26.812    834.715    -0.055
-26.711    834.225    -0.055
-26.609    833.736    -0.055
-26.509    833.246    -0.055
-26.406    832.756    -0.055
-26.305    832.267    -0.055
-26.203    831.778    -0.054
-26.067    830.989    -0.054
-25.987    830.496    -0.054
-25.934    830.201    -0.054
-25.838    829.710    -0.054
-25.742    829.219    -0.054
-25.619    828.530    -0.054
-25.539    828.037    -0.054
-25.443    827.445    -0.054
-25.407    827.248    -0.054
-25.310    826.757    -0.054
-25.214    826.267    -0.054
-25.089    825.578    -0.054
-25.008    825.085    -0.054
-24.927    824.591    -0.054
-24.843    824.098    -0.053
-24.757    823.606    -0.053
-24.671    823.113    -0.053
-24.585    822.621    -0.053
-24.499    822.128    -0.053
-24.413    821.636    -0.053
-24.332    821.143    -0.053
-24.250    820.650    -0.053
-24.153    820.058    -0.053
-24.086    819.663    -0.053
-24.000    819.170    -0.053
-23.914    818.678    -0.053
-23.815    818.086    -0.053
-23.736    817.593    -0.053
-23.673    817.197    -0.053
-23.593    816.704    -0.052
-23.497    816.111    -0.052
-23.434    815.717    -0.052
-23.339    815.125    -0.052
-23.276    814.729    -0.052
-23.197    814.236    -0.052
-23.118    813.742    -0.052
-23.038    813.249    -0.052
-22.958    812.755    -0.052
-22.858    812.063    -0.052
-22.776    811.468    -0.052
-22.735    811.171    -0.052
-22.672    810.776    -0.052
-22.592    810.282    -0.052
-22.470    809.492    -0.052
-22.415    809.095    -0.052
-22.333    808.501    -0.051
-22.265    808.007    -0.051
-22.195    807.511    -0.051
-22.125    807.016    -0.051
-22.056    806.521    -0.051
-22.001    806.125    -0.051
-21.919    805.530    -0.051
-21.851    805.035    -0.051
-21.795    804.639    -0.051
-21.725    804.144    -0.051
-21.655    803.649    -0.051
-21.586    803.154    -0.051
-21.516    802.659    -0.051
-21.432    802.065    -0.051
-21.376    801.668    -0.051
-21.304    801.174    -0.051
-21.246    800.778    -0.050
-21.158    800.185    -0.050
-21.073    799.591    -0.050
-21.016    799.195    -0.050
-20.947    798.700    -0.050
-20.875    798.205    -0.050
-20.817    797.810    -0.050
-20.729    797.216    -0.050
-20.639    796.522    -0.050
-20.578    796.026    -0.050
-20.510    795.429    -0.050
-20.455    794.933    -0.050
-20.400    794.436    -0.050
-20.352    794.039    -0.050
-20.291    793.542    -0.050
-20.232    793.046    -0.049
-20.164    792.450    -0.049
-20.109    791.953    -0.049
-20.053    791.456    -0.049
-20.005    791.058    -0.049
-19.944    790.563    -0.049
-19.885    790.066    -0.049
-19.813    789.471    -0.049
-19.742    788.875    -0.049
-19.691    788.377    -0.049
-19.639    787.880    -0.049
-19.597    787.482    -0.049
-19.549    787.085    -0.049
-19.488    786.590    -0.049
-19.405    785.895    -0.049
-19.354    785.397    -0.049
-19.302    784.900    -0.048
-19.261    784.502    -0.048
-19.200    784.006    -0.048
-19.139    783.509    -0.048
-19.068    782.914    -0.048
-19.018    782.416    -0.048
-18.966    781.919    -0.048
-18.915    781.421    -0.048
-18.866    780.924    -0.048
-18.816    780.426    -0.048
-18.764    779.929    -0.048
-18.714    779.432    -0.048
-18.662    778.935    -0.048
-18.613    778.437    -0.048
-18.563    777.940    -0.048
-18.514    777.442    -0.048
-18.465    776.945    -0.047
-18.415    776.447    -0.047
-18.376    776.049    -0.047
-18.317    775.452    -0.047
-18.268    774.954    -0.047
-18.229    774.556    -0.047
-18.170    773.959    -0.047
-18.120    773.462    -0.047
-18.070    772.964    -0.047
-18.022    772.466    -0.047
-17.972    771.970    -0.047
-17.922    771.472    -0.047
-17.874    770.975    -0.047
-17.824    770.477    -0.047
-17.774    769.979    -0.047
-17.726    769.482    -0.047
-17.677    768.984    -0.047
-17.619    768.387    -0.046
-17.578    767.889    -0.046
-17.530    767.291    -0.046
-17.497    766.892    -0.046
-17.455    766.394    -0.046
-17.413    765.895    -0.046
-17.365    765.297    -0.046
-17.325    764.799    -0.046
-17.286    764.301    -0.046
-17.252    763.902    -0.046
-17.211    763.404    -0.046
-17.169    762.906    -0.046
-17.121    762.308    -0.046
-17.081    761.809    -0.046
-17.041    761.311    -0.046
-17.008    760.913    -0.046
-16.966    760.414    -0.045
-16.925    759.916    -0.045
-16.877    759.318    -0.045
-16.837    758.820    -0.045
-16.797    758.321    -0.045
-16.758    757.823    -0.045
-16.728    757.424    -0.045
-16.687    756.926    -0.045
-16.646    756.428    -0.045
-16.597    755.830    -0.045
-16.561    755.330    -0.045
-16.524    754.832    -0.045
-16.494    754.434    -0.045
-16.452    753.936    -0.045
-16.410    753.437    -0.045
-16.362    752.839    -0.045
-16.325    752.340    -0.045
-16.290    751.842    -0.044
-16.259    751.443    -0.044
-16.218    750.945    -0.044
-16.176    750.446    -0.044
-16.128    749.849    -0.044
-16.091    749.350    -0.044
-16.055    748.851    -0.044
-16.025    748.453    -0.044
-15.983    747.955    -0.044
-15.942    747.455    -0.044
-15.893    746.857    -0.044
-15.857    746.359    -0.044
-15.820    745.861    -0.044
-15.790    745.462    -0.044
-15.749    744.963    -0.044
-15.707    744.465    -0.044
-15.659    743.867    -0.044
-15.622    743.369    -0.043
-15.586    742.870    -0.043
-15.546    742.272    -0.043
-15.515    741.772    -0.043
-15.485    741.274    -0.043
-15.458    740.874    -0.043
-15.423    740.375    -0.043
-15.386    739.777    -0.043
-15.356    739.278    -0.043
-15.327    738.779    -0.043
-15.299    738.380    -0.043
-15.264    737.880    -0.043
-15.230    737.382    -0.043
-15.194    736.783    -0.043
-15.164    736.284    -0.043
-15.134    735.785    -0.043
-15.104    735.286    -0.043
-15.077    734.887    -0.042
-15.042    734.388    -0.042
-15.001    733.790    -0.042
-14.968    733.291    -0.042
-14.935    732.792    -0.042
-14.905    732.293    -0.042
-14.876    731.794    -0.042
-14.845    731.295    -0.042
-14.810    730.796    -0.042
-14.775    730.297    -0.042
-14.744    729.798    -0.042
-14.716    729.300    -0.042
-14.686    728.800    -0.042
-14.657    728.301    -0.042
-14.631    727.801    -0.042
-14.607    727.303    -0.042
-14.581    726.803    -0.042
-14.552    726.304    -0.041
-14.523    725.804    -0.041
-14.495    725.306    -0.041
-14.469    724.807    -0.041
-14.444    724.307    -0.041
-14.419    723.808    -0.041
-14.390    723.309    -0.041
-14.360    722.810    -0.041
-14.331    722.310    -0.041
-14.301    721.711    -0.041
-14.277    721.212    -0.041
-14.256    720.813    -0.041
-14.227    720.313    -0.041
-14.198    719.814    -0.041
-14.169    719.316    -0.041
-14.143    718.816    -0.041
-14.118    718.317    -0.041
-14.093    717.817    -0.041
-14.064    717.318    -0.040
-14.035    716.819    -0.040
-14.007    716.320    -0.040
-13.982    715.820    -0.040
-13.953    715.221    -0.040
-13.929    714.822    -0.040
-13.901    714.323    -0.040
-13.871    713.823    -0.040
-13.846    713.324    -0.040
-13.817    712.726    -0.040
-13.793    712.226    -0.040
-13.770    711.826    -0.040
-13.740    711.327    -0.040
-13.710    710.829    -0.040
-13.686    710.329    -0.040
-13.657    709.730    -0.040
-13.633    709.230    -0.040
-13.609    708.831    -0.040
-13.580    708.332    -0.039
-13.550    707.833    -0.039
-13.525    707.333    -0.039
-13.496    706.734    -0.039
-13.472    706.235    -0.039
-13.449    705.836    -0.039
-13.419    705.336    -0.039
-13.390    704.837    -0.039
-13.365    704.338    -0.039
-13.336    703.739    -0.039
-13.312    703.240    -0.039
-13.296    702.840    -0.039
-13.267    702.340    -0.039
-13.237    701.842    -0.039
-13.202    701.143    -0.039
-13.186    700.743    -0.039
-13.163    700.143    -0.039
-13.151    699.844    -0.039
-13.122    699.344    -0.038
-13.093    698.846    -0.038
-13.057    698.146    -0.038
-13.042    697.747    -0.038
-13.019    697.147    -0.038
-13.007    696.847    -0.038
-12.977    696.348    -0.038
-12.948    695.850    -0.038
-12.912    695.150    -0.038
-12.893    694.651    -0.038
-12.874    694.151    -0.038
-12.859    693.751    -0.038
-12.838    693.252    -0.038
-12.817    692.752    -0.038
-12.799    692.252    -0.038
-12.776    691.653    -0.038
-12.760    691.254    -0.038
-12.739    690.755    -0.038
-12.719    690.255    -0.037
-12.698    689.755    -0.037
-12.679    689.256    -0.037
-12.661    688.756    -0.037
-12.642    688.256    -0.037
-12.621    687.757    -0.037
-12.600    687.257    -0.037
-12.580    686.757    -0.037
-12.561    686.258    -0.037
-12.542    685.758    -0.037
-12.517    685.159    -0.037
-12.500    684.759    -0.037
-12.479    684.260    -0.037
-12.460    683.761    -0.037
-12.441    683.261    -0.037
-12.423    682.761    -0.037
-12.402    682.262    -0.037
-12.381    681.762    -0.037
-12.360    681.263    -0.037
-12.337    680.663    -0.036
-12.319    680.163    -0.036
-12.300    679.664    -0.036
-12.281    679.164    -0.036
-12.265    678.764    -0.036
-12.244    678.265    -0.036
-12.222    677.765    -0.036
-12.199    677.166    -0.036
-12.181    676.666    -0.036
-12.164    676.167    -0.036
-12.146    675.767    -0.036
-12.125    675.268    -0.036
-12.105    674.768    -0.036
-12.083    674.169    -0.036
-12.064    673.669    -0.036
-12.046    673.169    -0.036
-12.029    672.770    -0.036
-12.008    672.270    -0.036
-11.987    671.770    -0.035
-11.965    671.171    -0.035
-11.946    670.671    -0.035
-11.929    670.172    -0.035
-11.911    669.672    -0.035
-11.892    669.172    -0.035
-11.874    668.672    -0.035
-11.857    668.173    -0.035
-11.838    667.673    -0.035
-11.824    667.274    -0.035
-11.801    666.675    -0.035
-11.783    666.175    -0.035
-11.765    665.675    -0.035
-11.747    665.176    -0.035
-11.728    664.676    -0.035
-11.711    664.176    -0.035
-11.693    663.677    -0.035
-11.674    663.177    -0.035
-11.657    662.677    -0.035
-11.639    662.178    -0.034
-11.620    661.678    -0.034
-11.606    661.278    -0.034
-11.584    660.679    -0.034
-11.565    660.179    -0.034
-11.547    659.679    -0.034
-11.529    659.180    -0.034
-11.511    658.680    -0.034
-11.496    658.280    -0.034
-11.474    657.681    -0.034
-11.456    657.181    -0.034
-11.442    656.781    -0.034
-11.420    656.182    -0.034
-11.402    655.682    -0.034
-11.388    655.283    -0.034
-11.366    654.684    -0.034
-11.350    654.184    -0.034
-11.335    653.684    -0.034
-11.320    653.184    -0.034
-11.306    652.685    -0.034
-11.292    652.285    -0.033
-11.274    651.785    -0.033
-11.257    651.286    -0.033
-11.238    650.686    -0.033
-11.223    650.186    -0.033
-11.208    649.686    -0.033
-11.190    649.187    -0.033
-11.173    648.687    -0.033
-11.155    648.187    -0.033
-11.139    647.688    -0.033
-11.124    647.188    -0.033
-11.110    646.688    -0.033
-11.096    646.288    -0.033
-11.079    645.789    -0.033
-11.061    645.289    -0.033
-11.042    644.689    -0.033
-11.027    644.190    -0.033
-11.012    643.690    -0.033
-10.994    643.190    -0.033
-10.977    642.690    -0.032
-10.959    642.191    -0.032
-10.943    641.691    -0.032
-10.928    641.191    -0.032
-10.914    640.692    -0.032
-10.896    640.192    -0.032
-10.878    639.692    -0.032
-10.860    639.193    -0.032
-10.843    638.693    -0.032
-10.825    638.193    -0.032
-10.807    637.693    -0.032
-10.789    637.194    -0.032
-10.773    636.694    -0.032
-10.756    636.194    -0.032
-10.739    635.696    -0.032
-10.725    635.196    -0.032
-10.710    634.696    -0.032
-10.693    634.196    -0.032
-10.676    633.697    -0.032
-10.660    633.197    -0.032
-10.645    632.697    -0.031
-10.630    632.198    -0.031
-10.615    631.698    -0.031
-10.599    631.198    -0.031
-10.582    630.698    -0.031
-10.565    630.199    -0.031
-10.550    629.699    -0.031
-10.538    629.299    -0.031
-10.517    628.700    -0.031
-10.500    628.200    -0.031
-10.484    627.700    -0.031
-10.470    627.200    -0.031
-10.455    626.701    -0.031
-10.442    626.301    -0.031
-10.421    625.701    -0.031
-10.405    625.201    -0.031
-10.389    624.702    -0.031
-10.374    624.202    -0.031
-10.359    623.702    -0.031
-10.347    623.302    -0.031
-10.326    622.703    -0.030
-10.309    622.203    -0.030
-10.290    621.603    -0.030
-10.278    621.204    -0.030
-10.263    620.704    -0.030
-10.248    620.204    -0.030
-10.233    619.704    -0.030
-10.216    619.105    -0.030
-10.204    618.705    -0.030
-10.189    618.205    -0.030
-10.171    617.605    -0.030
-10.156    617.106    -0.030
-10.142    616.606    -0.030
-10.127    616.106    -0.030
-10.114    615.706    -0.030
-10.100    615.207    -0.030
-10.082    614.607    -0.030
-10.067    614.107    -0.030
-10.052    613.607    -0.030
-10.037    613.108    -0.030
-10.025    612.708    -0.030
-10.010    612.208    -0.029
-9.992    611.608    -0.029
-9.980    611.209    -0.029
-9.965    610.709    -0.029
-9.947    610.109    -0.029
-9.932    609.610    -0.029
-9.917    609.110    -0.029
-9.903    608.610    -0.029
-9.890    608.210    -0.029
-9.875    607.710    -0.029
-9.857    607.111    -0.029
-9.843    606.611    -0.029
-9.828    606.111    -0.029
-9.813    605.612    -0.029
-9.802    605.212    -0.029
-9.787    604.712    -0.029
-9.772    604.212    -0.029
-9.758    603.712    -0.029
-9.744    603.213    -0.029
-9.730    602.713    -0.029
-9.715    602.213    -0.029
-9.702    601.813    -0.028
-9.684    601.314    -0.028
-9.666    600.814    -0.028
-9.647    600.215    -0.028
-9.634    599.716    -0.028
-9.620    599.216    -0.028
-9.607    598.816    -0.028
-9.590    598.316    -0.028
-9.572    597.817    -0.028
-9.553    597.217    -0.028
-9.539    596.717    -0.028
-9.525    596.217    -0.028
-9.513    595.818    -0.028
-9.495    595.318    -0.028
-9.477    594.818    -0.028
-9.456    594.119    -0.028
-9.442    593.619    -0.028
-9.432    593.219    -0.028
-9.419    592.819    -0.028
-9.397    592.220    -0.028
-9.380    591.720    -0.028
-9.362    591.120    -0.027
-9.348    590.621    -0.027
-9.337    590.221    -0.027
-9.325    589.821    -0.027
-9.307    589.321    -0.027
-9.290    588.822    -0.027
-9.270    588.222    -0.027
-9.257    587.722    -0.027
-9.243    587.222    -0.027
-9.231    586.823    -0.027
-9.213    586.323    -0.027
-9.195    585.823    -0.027
-9.176    585.223    -0.027
-9.162    584.724    -0.027
-9.148    584.224    -0.027
-9.135    583.624    -0.027
-9.127    583.124    -0.027
-9.118    582.624    -0.027
-9.105    582.125    -0.027
-9.092    581.625    -0.027
-9.080    581.125    -0.027
-9.067    580.625    -0.027
-9.054    580.125    -0.026
-9.041    579.626    -0.026
-9.032    579.226    -0.026
-9.017    578.626    -0.026
-9.004    578.126    -0.026
-8.991    577.626    -0.026
-8.979    577.127    -0.026
-8.968    576.727    -0.026
-8.952    576.427    -0.026
-8.922    575.929    -0.026
-8.894    575.429    -0.026
-8.865    574.930    -0.026
-8.832    574.130    -0.026
-8.817    573.631    -0.026
-8.806    573.231    -0.026
-8.789    572.631    -0.026
-8.774    572.131    -0.026
-8.763    571.732    -0.026
-8.748    571.232    -0.026
-8.731    570.632    -0.026
-8.716    570.132    -0.026
-8.705    569.734    -0.026
-8.690    569.234    -0.025
-8.673    568.634    -0.025
-8.662    568.234    -0.025
-8.647    567.734    -0.025
-8.630    567.135    -0.025
-8.618    566.735    -0.025
-8.604    566.235    -0.025
-8.587    565.635    -0.025
-8.575    565.236    -0.025
-8.558    564.636    -0.025
-8.547    564.236    -0.025
-8.532    563.736    -0.025
-8.515    563.137    -0.025
-8.503    562.737    -0.025
-8.486    562.137    -0.025
-8.475    561.737    -0.025
-8.458    561.138    -0.025
-8.446    560.738    -0.025
-8.432    560.238    -0.025
-8.415    559.638    -0.025
-8.403    559.239    -0.025
-8.388    558.739    -0.025
-8.374    558.239    -0.025
-8.357    557.639    -0.024
-8.345    557.239    -0.024
-8.330    556.740    -0.024
-8.316    556.240    -0.024
-8.299    555.640    -0.024
-8.284    555.141    -0.024
-8.272    554.741    -0.024
-8.258    554.241    -0.024
-8.241    553.641    -0.024
-8.229    553.241    -0.024
-8.212    552.642    -0.024
-8.201    552.242    -0.024
-8.186    551.742    -0.024
-8.169    551.142    -0.024
-8.157    550.743    -0.024
-8.143    550.243    -0.024
-8.126    549.643    -0.024
-8.114    549.243    -0.024
-8.099    548.744    -0.024
-8.082    548.144    -0.024
-8.069    547.644    -0.024
-8.056    547.144    -0.024
-8.043    546.645    -0.024
-8.030    546.145    -0.023
-8.018    545.645    -0.023
-8.005    545.145    -0.023
-7.995    544.745    -0.023
-7.980    544.246    -0.023
-7.965    543.746    -0.023
-7.947    543.146    -0.023
-7.935    542.746    -0.023
-7.920    542.247    -0.023
-7.902    541.647    -0.023
-7.889    541.247    -0.023
-7.871    540.647    -0.023
-7.859    540.248    -0.023
-7.844    539.748    -0.023
-7.828    539.248    -0.023
-7.814    538.748    -0.023
-7.798    538.249    -0.023
-7.780    537.649    -0.023
-7.765    537.149    -0.023
-7.753    536.749    -0.023
-7.738    536.250    -0.023
-7.720    535.650    -0.023
-7.705    535.150    -0.023
-7.692    534.650    -0.022
-7.680    534.151    -0.022
-7.667    533.651    -0.022
-7.654    533.151    -0.022
-7.641    532.651    -0.022
-7.629    532.151    -0.022
-7.616    531.652    -0.022
-7.603    531.152    -0.022
-7.590    530.652    -0.022
-7.578    530.152    -0.022
-7.565    529.652    -0.022
-7.554    529.253    -0.022
-7.541    528.753    -0.022
-7.527    528.253    -0.022
-7.512    527.753    -0.022
-7.494    527.154    -0.022
-7.482    526.754    -0.022
-7.467    526.254    -0.022
-7.449    525.654    -0.022
-7.436    525.255    -0.022
-7.422    524.755    -0.022
-7.406    524.255    -0.022
-7.388    523.655    -0.022
-7.373    523.156    -0.022
-7.359    522.656    -0.021
-7.346    522.156    -0.021
-7.332    521.656    -0.021
-7.321    521.256    -0.021
-7.308    520.757    -0.021
-7.291    520.157    -0.021
-7.276    519.657    -0.021
-7.263    519.257    -0.021
-7.248    518.758    -0.021
-7.233    518.258    -0.021
-7.216    517.658    -0.021
-7.202    517.158    -0.021
-7.191    516.759    -0.021
-7.175    516.159    -0.021
-7.161    515.659    -0.021
-7.149    515.259    -0.021
-7.136    514.760    -0.021
-7.118    514.160    -0.021
-7.105    513.760    -0.021
-7.090    513.260    -0.021
-7.075    512.761    -0.021
-7.058    512.161    -0.021
-7.044    511.661    -0.021
-7.030    511.161    -0.021
-7.020    510.762    -0.021
-7.004    510.162    -0.020
-6.990    509.662    -0.020
-6.976    509.162    -0.020
-6.962    508.662    -0.020
-6.949    508.163    -0.020
-6.934    507.663    -0.020
-6.923    507.263    -0.020
-6.905    506.663    -0.020
-6.892    506.164    -0.020
-6.880    505.764    -0.020
-6.866    505.264    -0.020
-6.848    504.664    -0.020
-6.837    504.265    -0.020
-6.820    503.665    -0.020
-6.806    503.165    -0.020
-6.795    502.765    -0.020
-6.778    502.165    -0.020
-6.766    501.766    -0.020
-6.753    501.266    -0.020
-6.735    500.666    -0.020
-6.724    500.266    -0.020
-6.709    499.767    -0.020
-6.692    499.167    -0.020
-6.679    498.667    -0.020
-6.665    498.167    -0.020
-6.654    497.768    -0.019
-6.638    497.168    -0.019
-6.626    496.769    -0.019
-6.607    496.169    -0.019
-6.593    495.770    -0.019
-6.578    495.270    -0.019
-6.561    494.770    -0.019
-6.545    494.270    -0.019
-6.529    493.771    -0.019
-6.510    493.171    -0.019
-6.497    492.771    -0.019
-6.482    492.271    -0.019
-6.465    491.672    -0.019
-6.451    491.172    -0.019
-6.440    490.772    -0.019
-6.423    490.172    -0.019
-6.408    489.673    -0.019
-6.397    489.273    -0.019
-6.380    488.673    -0.019
-6.368    488.273    -0.019
-6.352    487.774    -0.019
-6.337    487.274    -0.019
-6.324    486.874    -0.019
-6.304    486.275    -0.019
-6.286    485.675    -0.019
-6.273    485.275    -0.019
-6.255    484.775    -0.018
-6.241    484.376    -0.018
-6.218    483.776    -0.018
-6.199    483.276    -0.018
-6.179    482.677    -0.018
-6.167    482.277    -0.018
-6.150    481.677    -0.018
-6.135    481.177    -0.018
-6.122    480.678    -0.018
-6.110    480.278    -0.018
-6.097    479.778    -0.018
-6.079    479.178    -0.018
-6.066    478.679    -0.018
-6.051    478.279    -0.018
-6.032    477.679    -0.018
-6.018    477.179    -0.018
-6.005    476.680    -0.018
-5.991    476.180    -0.018
-5.977    475.680    -0.018
-5.963    475.180    -0.018
-5.952    474.781    -0.018
-5.935    474.181    -0.018
-5.924    473.781    -0.018
-5.906    473.181    -0.018
-5.895    472.781    -0.018
-5.878    472.182    -0.018
-5.867    471.782    -0.018
-5.849    471.182    -0.017
-5.836    470.682    -0.017
-5.822    470.183    -0.017
-5.808    469.683    -0.017
-5.795    469.183    -0.017
-5.781    468.683    -0.017
-5.767    468.184    -0.017
-5.753    467.684    -0.017
-5.740    467.184    -0.017
-5.726    466.684    -0.017
-5.712    466.184    -0.017
-5.701    465.785    -0.017
-5.686    465.285    -0.017
-5.669    464.685    -0.017
-5.657    464.285    -0.017
-5.640    463.686    -0.017
-5.627    463.186    -0.017
-5.615    462.786    -0.017
-5.601    462.286    -0.017
-5.588    461.787    -0.017
-5.574    461.287    -0.017
-5.557    460.687    -0.017
-5.543    460.187    -0.017
-5.532    459.787    -0.017
-5.518    459.288    -0.017
-5.501    458.688    -0.017
-5.489    458.288    -0.017
-5.476    457.788    -0.016
-5.462    457.289    -0.016
-5.448    456.789    -0.016
-5.434    456.289    -0.016
-5.420    455.789    -0.016
-5.405    455.290    -0.016
-5.388    454.690    -0.016
-5.374    454.190    -0.016
-5.363    453.790    -0.016
-5.346    453.191    -0.016
-5.332    452.691    -0.016
-5.317    452.191    -0.016
-5.306    451.791    -0.016
-5.289    451.191    -0.016
-5.277    450.792    -0.016
-5.263    450.292    -0.016
-5.246    449.692    -0.016
-5.235    449.292    -0.016
-5.218    448.693    -0.016
-5.207    448.293    -0.016
-5.192    447.793    -0.016
-5.178    447.294    -0.016
-5.161    446.695    -0.016
-5.150    446.295    -0.016
-5.136    445.795    -0.016
-5.119    445.195    -0.016
-5.107    444.795    -0.016
-5.094    444.296    -0.016
-5.076    443.696    -0.015
-5.063    443.196    -0.015
-5.049    442.696    -0.015
-5.038    442.297    -0.015
-5.020    441.697    -0.015
-5.007    441.197    -0.015
-4.993    440.697    -0.015
-4.982    440.298    -0.015
-4.966    439.698    -0.015
-4.955    439.298    -0.015
-4.942    438.798    -0.015
-4.926    438.198    -0.015
-4.914    437.699    -0.015
-4.903    437.299    -0.015
-4.887    436.699    -0.015
-4.876    436.299    -0.015
-4.859    435.700    -0.015
-4.847    435.300    -0.015
-4.830    434.700    -0.015
-4.819    434.300    -0.015
-4.802    433.700    -0.015
-4.787    433.201    -0.015
-4.775    432.801    -0.015
-4.758    432.201    -0.015
-4.745    431.701    -0.015
-4.733    431.302    -0.015
-4.716    430.702    -0.015
-4.705    430.302    -0.015
-4.688    429.702    -0.015
-4.674    429.203    -0.014
-4.662    428.803    -0.014
-4.645    428.203    -0.014
-4.635    427.803    -0.014
-4.619    427.203    -0.014
-4.606    426.704    -0.014
-4.596    426.304    -0.014
-4.580    425.704    -0.014
-4.567    425.204    -0.014
-4.554    424.705    -0.014
-4.544    424.305    -0.014
-4.530    423.805    -0.014
-4.516    423.305    -0.014
-4.499    422.705    -0.014
-4.488    422.306    -0.014
-4.474    421.806    -0.014
-4.458    421.206    -0.014
-4.445    420.706    -0.014
-4.435    420.306    -0.014
-4.419    419.807    -0.014
-4.402    419.307    -0.014
-4.386    418.807    -0.014
-4.367    418.208    -0.014
-4.356    417.808    -0.014
-4.342    417.308    -0.014
-4.325    416.708    -0.014
-4.313    416.309    -0.014
-4.296    415.809    -0.014
-4.279    415.309    -0.014
-4.263    414.809    -0.014
-4.247    414.310    -0.013
-4.228    413.710    -0.013
-4.216    413.310    -0.013
-4.199    412.710    -0.013
-4.188    412.311    -0.013
-4.171    411.711    -0.013
-4.157    411.211    -0.013
-4.146    410.811    -0.013
-4.131    410.312    -0.013
-4.114    409.712    -0.013
-4.102    409.312    -0.013
-4.088    408.812    -0.013
-4.070    408.213    -0.013
-4.059    407.813    -0.013
-4.044    407.313    -0.013
-4.027    406.713    -0.013
-4.016    406.314    -0.013
-4.001    405.814    -0.013
-3.984    405.214    -0.013
-3.973    404.814    -0.013
-3.958    404.315    -0.013
-3.943    403.815    -0.013
-3.928    403.315    -0.013
-3.914    402.815    -0.013
-3.897    402.216    -0.013
-3.885    401.816    -0.013
-3.868    401.216    -0.013
-3.853    400.716    -0.013
-3.842    400.316    -0.013
-3.825    399.717    -0.013
-3.812    399.317    -0.013
-3.798    398.817    -0.013
-3.780    398.218    -0.012
-3.768    397.818    -0.012
-3.751    397.218    -0.012
-3.737    396.718    -0.012
-3.723    396.218    -0.012
-3.711    395.819    -0.012
-3.694    395.219    -0.012
-3.683    394.819    -0.012
-3.666    394.219    -0.012
-3.654    393.820    -0.012
-3.637    393.220    -0.012
-3.623    392.720    -0.012
-3.610    392.220    -0.012
-3.595    391.721    -0.012
-3.583    391.321    -0.012
-3.566    390.721    -0.012
-3.555    390.321    -0.012
-3.538    389.722    -0.012
-3.526    389.322    -0.012
-3.513    388.822    -0.012
-3.498    388.322    -0.012
-3.481    387.722    -0.012
-3.470    387.323    -0.012
-3.452    386.723    -0.012
-3.441    386.323    -0.012
-3.424    385.723    -0.012
-3.410    385.224    -0.012
-3.399    384.824    -0.012
-3.382    384.224    -0.012
-3.370    383.824    -0.012
-3.357    383.325    -0.012
-3.342    382.825    -0.012
-3.325    382.225    -0.011
-3.313    381.825    -0.011
-3.296    381.226    -0.011
-3.285    380.826    -0.011
-3.270    380.326    -0.011
-3.255    379.826    -0.011
-3.241    379.326    -0.011
-3.226    378.827    -0.011
-3.211    378.327    -0.011
-3.196    377.827    -0.011
-3.182    377.327    -0.011
-3.164    376.728    -0.011
-3.153    376.328    -0.011
-3.138    375.828    -0.011
-3.124    375.329    -0.011
-3.109    374.830    -0.011
-3.094    374.330    -0.011
-3.077    373.730    -0.011
-3.066    373.330    -0.011
-3.051    372.831    -0.011
-3.036    372.331    -0.011
-3.021    371.831    -0.011
-3.007    371.331    -0.011
-2.992    370.832    -0.011
-2.975    370.232    -0.011
-2.963    369.832    -0.011
-2.949    369.332    -0.011
-2.934    368.833    -0.011
-2.919    368.333    -0.011
-2.902    367.733    -0.011
-2.891    367.333    -0.011
-2.876    366.834    -0.011
-2.859    366.234    -0.011
-2.847    365.834    -0.011
-2.830    365.234    -0.010
-2.819    364.835    -0.010
-2.802    364.235    -0.010
-2.787    363.735    -0.010
-2.773    363.235    -0.010
-2.762    362.835    -0.010
-2.745    362.236    -0.010
-2.733    361.836    -0.010
-2.716    361.236    -0.010
-2.705    360.836    -0.010
-2.688    360.237    -0.010
-2.676    359.837    -0.010
-2.659    359.237    -0.010
-2.648    358.837    -0.010
-2.631    358.238    -0.010
-2.620    357.838    -0.010
-2.605    357.338    -0.010
-2.590    356.838    -0.010
-2.575    356.339    -0.010
-2.561    355.839    -0.010
-2.546    355.339    -0.010
-2.531    354.839    -0.010
-2.516    354.340    -0.010
-2.502    353.840    -0.010
-2.487    353.340    -0.010
-2.472    352.840    -0.010
-2.457    352.341    -0.010
-2.440    351.741    -0.010
-2.425    351.241    -0.010
-2.414    350.841    -0.010
-2.397    350.242    -0.010
-2.386    349.842    -0.010
-2.368    349.242    -0.010
-2.355    348.742    -0.010
-2.343    348.342    -0.010
-2.326    347.743    -0.010
-2.312    347.243    -0.009
-2.297    346.743    -0.009
-2.282    346.243    -0.009
-2.270    345.844    -0.009
-2.253    345.244    -0.009
-2.238    344.744    -0.009
-2.224    344.244    -0.009
-2.209    343.745    -0.009
-2.198    343.345    -0.009
-2.181    342.745    -0.009
-2.169    342.345    -0.009
-2.155    341.846    -0.009
-2.140    341.346    -0.009
-2.125    340.846    -0.009
-2.110    340.346    -0.009
-2.096    339.847    -0.009
-2.081    339.347    -0.009
-2.064    338.747    -0.009
-2.052    338.347    -0.009
-2.035    337.748    -0.009
-2.024    337.348    -0.009
-2.007    336.748    -0.009
-1.993    336.248    -0.009
-1.979    335.749    -0.009
-1.967    335.249    -0.009
-1.953    334.749    -0.009
-1.939    334.249    -0.009
-1.925    333.749    -0.009
-1.915    333.350    -0.009
-1.899    332.750    -0.009
-1.887    332.350    -0.009
-1.873    331.850    -0.009
-1.856    331.251    -0.009
-1.842    330.751    -0.009
-1.830    330.351    -0.009
-1.813    329.751    -0.009
-1.802    329.351    -0.009
-1.785    328.752    -0.008
-1.774    328.352    -0.008
-1.756    327.752    -0.008
-1.745    327.352    -0.008
-1.731    326.853    -0.008
-1.714    326.253    -0.008
-1.703    325.853    -0.008
-1.686    325.253    -0.008
-1.671    324.754    -0.008
-1.660    324.354    -0.008
-1.646    323.854    -0.008
-1.632    323.354    -0.008
-1.616    322.755    -0.008
-1.602    322.255    -0.008
-1.592    321.855    -0.008
-1.578    321.355    -0.008
-1.564    320.855    -0.008
-1.551    320.356    -0.008
-1.534    319.756    -0.008
-1.521    319.256    -0.008
-1.507    318.756    -0.008
-1.493    318.256    -0.008
-1.479    317.757    -0.008
-1.467    317.257    -0.008
-1.453    316.757    -0.008
-1.439    316.257    -0.008
-1.429    315.858    -0.008
-1.413    315.258    -0.008
-1.400    314.758    -0.008
-1.386    314.258    -0.008
-1.373    313.758    -0.008
-1.361    313.359    -0.008
-1.344    312.759    -0.008
-1.329    312.259    -0.008
-1.318    311.859    -0.008
-1.304    311.360    -0.008
-1.287    310.760    -0.008
-1.276    310.360    -0.008
-1.259    309.760    -0.008
-1.247    309.361    -0.008
-1.232    308.861    -0.008
-1.219    308.361    -0.007
-1.202    307.761    -0.007
-1.190    307.361    -0.007
-1.176    306.862    -0.007
-1.159    306.262    -0.007
-1.148    305.862    -0.007
-1.132    305.262    -0.007
-1.121    304.863    -0.007
-1.105    304.263    -0.007
-1.093    303.763    -0.007
-1.079    303.263    -0.007
-1.066    302.763    -0.007
-1.053    302.264    -0.007
-1.040    301.764    -0.007
-1.027    301.264    -0.007
-1.014    300.764    -0.007
-1.000    300.265    -0.007
-0.990    299.865    -0.007
-0.974    299.265    -0.007
-0.963    298.865    -0.007
-0.947    298.265    -0.007
-0.935    297.766    -0.007
-0.922    297.266    -0.007
-0.908    296.766    -0.007
-0.898    296.466    -0.007
-0.876    295.868    -0.007
-0.857    295.368    -0.007
-0.843    294.968    -0.007
-0.824    294.469    -0.007
-0.805    293.969    -0.007
-0.783    293.369    -0.007
-0.768    292.770    -0.007
-0.756    292.270    -0.007
-0.744    291.770    -0.007
-0.731    291.270    -0.007
-0.718    290.770    -0.007
-0.705    290.271    -0.007
-0.693    289.771    -0.007
-0.683    289.371    -0.007
-0.671    288.871    -0.007
-0.653    288.271    -0.007
-0.640    287.772    -0.007
-0.628    287.372    -0.006
-0.611    286.772    -0.006
-0.598    286.272    -0.006
-0.586    285.872    -0.006
-0.572    285.373    -0.006
-0.558    284.873    -0.006
-0.543    284.373    -0.006
-0.528    283.873    -0.006
-0.511    283.274    -0.006
-0.496    282.774    -0.006
-0.485    282.374    -0.006
-0.468    281.774    -0.006
-0.456    281.375    -0.006
-0.439    280.775    -0.006
-0.428    280.375    -0.006
-0.414    279.875    -0.006
-0.397    279.276    -0.006
-0.386    278.876    -0.006
-0.369    278.276    -0.006
-0.357    277.876    -0.006
-0.340    277.277    -0.006
-0.329    276.877    -0.006
-0.312    276.277    -0.006
-0.298    275.777    -0.006
-0.283    275.277    -0.006
-0.272    274.878    -0.006
-0.255    274.278    -0.006
-0.243    273.878    -0.006
-0.226    273.278    -0.006
-0.212    272.779    -0.006
-0.201    272.379    -0.006
-0.184    271.779    -0.006
-0.172    271.379    -0.006
-0.155    270.780    -0.006
-0.144    270.380    -0.006
-0.127    269.780    -0.006
-0.116    269.380    -0.006
-0.098    268.781    -0.006
-0.085    268.281    -0.006
-0.073    267.881    -0.006
-0.059    267.381    -0.006
-0.041    266.781    -0.006
-0.030    266.382    -0.006
-0.013    265.782    -0.006
-0.002    265.382    -0.006
0.012    264.882    -0.006
0.029    264.283    -0.005
0.041    263.883    -0.005
0.058    263.283    -0.005
0.069    262.883    -0.005
0.086    262.284    -0.005
0.098    261.884    -0.005
0.115    261.284    -0.005
0.126    260.884    -0.005
0.143    260.285    -0.005
0.155    259.885    -0.005
0.168    259.385    -0.005
0.186    258.785    -0.005
0.197    258.385    -0.005
0.214    257.786    -0.005
0.225    257.386    -0.005
0.242    256.786    -0.005
0.257    256.286    -0.005
0.271    255.787    -0.005
0.282    255.387    -0.005
0.299    254.787    -0.005
0.311    254.387    -0.005
0.328    253.788    -0.005
0.339    253.388    -0.005
0.356    252.788    -0.005
0.368    252.388    -0.005
0.385    251.789    -0.005
0.396    251.389    -0.005
0.413    250.789    -0.005
0.427    250.289    -0.005
0.439    249.889    -0.005
0.456    249.290    -0.005
0.469    248.790    -0.005
0.481    248.390    -0.005
0.499    247.790    -0.005
0.514    247.291    -0.005
0.526    246.891    -0.005
0.543    246.291    -0.005
0.558    245.791    -0.005
0.570    245.392    -0.005
0.585    244.892    -0.005
0.600    244.392    -0.005
0.615    243.892    -0.005
0.629    243.393    -0.005
0.644    242.893    -0.005
0.659    242.393    -0.005
0.674    241.893    -0.005
0.688    241.394    -0.005
0.703    240.894    -0.005
0.718    240.394    -0.005
0.732    239.894    -0.005
0.747    239.395    -0.005
0.764    238.795    -0.004
0.778    238.295    -0.004
0.792    237.795    -0.004
0.806    237.296    -0.004
0.819    236.796    -0.004
0.833    236.296    -0.004
0.847    235.796    -0.004
0.861    235.296    -0.004
0.874    234.797    -0.004
0.888    234.297    -0.004
0.898    233.897    -0.004
0.915    233.297    -0.004
0.928    232.798    -0.004
0.942    232.298    -0.004
0.956    231.798    -0.004
0.970    231.298    -0.004
0.981    230.898    -0.004
0.996    230.400    -0.004
1.010    229.900    -0.004
1.028    229.300    -0.004
1.041    228.900    -0.004
1.057    228.401    -0.004
1.071    227.901    -0.004
1.086    227.401    -0.004
1.101    226.901    -0.004
1.117    226.402    -0.004
1.131    225.902    -0.004
1.146    225.402    -0.004
1.161    224.903    -0.004
1.176    224.403    -0.004
1.190    223.903    -0.004
1.205    223.403    -0.004
1.220    222.903    -0.004
1.235    222.404    -0.004
1.249    221.904    -0.004
1.264    221.404    -0.004
1.279    220.904    -0.004
1.296    220.305    -0.004
1.307    219.905    -0.004
1.324    219.305    -0.004
1.338    218.805    -0.004
1.350    218.406    -0.004
1.367    217.806    -0.004
1.380    217.306    -0.004
1.392    216.906    -0.004
1.409    216.307    -0.004
1.420    215.907    -0.004
1.437    215.307    -0.004
1.449    214.907    -0.004
1.466    214.308    -0.004
1.477    213.908    -0.004
1.491    213.408    -0.004
1.508    212.808    -0.004
1.519    212.408    -0.004
1.537    211.809    -0.004
1.551    211.309    -0.004
1.565    210.809    -0.003
1.576    210.409    -0.003
1.594    209.810    -0.003
1.605    209.410    -0.003
1.619    208.910    -0.003
1.636    208.310    -0.003
1.647    207.911    -0.003
1.664    207.311    -0.003
1.676    206.911    -0.003
1.693    206.311    -0.003
1.704    205.912    -0.003
1.721    205.312    -0.003
1.733    204.912    -0.003
1.746    204.412    -0.003
1.761    203.912    -0.003
1.778    203.313    -0.003
1.790    202.913    -0.003
1.807    202.313    -0.003
1.820    201.813    -0.003
1.832    201.414    -0.003
1.849    200.814    -0.003
1.860    200.414    -0.003
1.875    199.914    -0.003
1.892    199.315    -0.003
1.906    198.815    -0.003
1.917    198.415    -0.003
1.934    197.815    -0.003
1.948    197.316    -0.003
1.963    196.816    -0.003
1.974    196.416    -0.003
1.991    195.816    -0.003
2.003    195.416    -0.003
2.020    194.817    -0.003
2.034    194.317    -0.003
2.045    193.917    -0.003
2.062    193.317    -0.003
2.074    192.918    -0.003
2.088    192.418    -0.003
2.105    191.818    -0.003
2.119    191.318    -0.003
2.131    190.919    -0.003
2.148    190.319    -0.003
2.159    189.919    -0.003
2.176    189.319    -0.003
2.188    188.920    -0.003
2.205    188.320    -0.003
2.216    187.920    -0.003
2.231    187.420    -0.003
2.248    186.821    -0.003
2.262    186.321    -0.003
2.273    185.921    -0.003
2.290    185.321    -0.003
2.304    184.821    -0.003
2.315    184.422    -0.003
2.332    183.822    -0.003
2.346    183.322    -0.003
2.360    182.822    -0.003
2.374    182.323    -0.003
2.385    181.923    -0.003
2.399    181.423    -0.003
2.412    180.923    -0.003
2.430    180.324    -0.003
2.441    179.924    -0.003
2.455    179.424    -0.003
2.472    178.824    -0.003
2.483    178.424    -0.003
2.497    177.925    -0.002
2.511    177.425    -0.002
2.528    176.825    -0.002
2.541    176.325    -0.002
2.552    175.826    -0.002
2.565    175.326    -0.002
2.578    174.826    -0.002
2.590    174.326    -0.002
2.602    173.826    -0.002
2.615    173.327    -0.002
2.626    172.927    -0.002
2.643    172.327    -0.002
2.658    171.827    -0.002
2.670    171.427    -0.002
2.687    170.828    -0.002
2.701    170.328    -0.002
2.713    169.928    -0.002
2.727    169.428    -0.002
2.744    168.829    -0.002
2.758    168.329    -0.002
2.770    167.929    -0.002
2.787    167.329    -0.002
2.798    166.930    -0.002
2.812    166.430    -0.002
2.829    165.830    -0.002
2.841    165.430    -0.002
2.854    164.930    -0.002
2.869    164.431    -0.002
2.884    163.931    -0.002
2.899    163.431    -0.002
2.916    162.832    -0.002
2.929    162.332    -0.002
2.941    161.932    -0.002
2.958    161.332    -0.002
2.969    160.932    -0.002
2.986    160.333    -0.002
2.998    159.933    -0.002
3.015    159.333    -0.002
3.026    158.933    -0.002
3.043    158.334    -0.002
3.057    157.834    -0.002
3.072    157.334    -0.002
3.087    156.834    -0.002
3.100    156.335    -0.002
3.112    155.935    -0.002
3.129    155.335    -0.002
3.144    154.835    -0.002
3.157    154.336    -0.002
3.171    153.836    -0.002
3.185    153.336    -0.002
3.196    152.936    -0.002
3.211    152.436    -0.002
3.228    151.838    -0.002
3.242    151.338    -0.002
3.253    150.938    -0.002
3.270    150.338    -0.002
3.284    149.839    -0.002
3.299    149.339    -0.002
3.310    148.939    -0.002
3.327    148.339    -0.002
3.339    147.940    -0.002
3.356    147.340    -0.002
3.369    146.840    -0.002
3.381    146.440    -0.002
3.398    145.841    -0.002
3.409    145.441    -0.002
3.423    144.941    -0.002
3.437    144.441    -0.002
3.451    143.941    -0.002
3.464    143.442    -0.002
3.478    142.942    -0.002
3.494    142.342    -0.002
3.508    141.842    -0.002
3.522    141.343    -0.002
3.536    140.843    -0.002
3.550    140.343    -0.002
3.561    139.943    -0.002
3.578    139.343    -0.002
3.591    138.844    -0.002
3.605    138.344    -0.002
3.617    137.944    -0.001
3.630    137.444    -0.001
3.644    136.945    -0.001
3.658    136.445    -0.001
3.676    135.845    -0.001
3.691    135.345    -0.001
3.705    134.846    -0.001
3.718    134.446    -0.001
3.736    133.846    -0.001
3.747    133.446    -0.001
3.764    132.847    -0.001
3.776    132.447    -0.001
3.793    131.847    -0.001
3.808    131.347    -0.001
3.819    130.947    -0.001
3.836    130.348    -0.001
3.847    129.948    -0.001
3.865    129.348    -0.001
3.878    128.848    -0.001
3.890    128.449    -0.001
3.907    127.849    -0.001
3.918    127.449    -0.001
3.933    126.949    -0.001
3.950    126.350    -0.001
3.961    125.950    -0.001
3.979    125.350    -0.001
3.990    124.950    -0.001
4.004    124.451    -0.001
4.021    123.851    -0.001
4.032    123.451    -0.001
4.046    122.951    -0.001
4.061    122.451    -0.001
4.078    121.852    -0.001
4.089    121.452    -0.001
4.106    120.852    -0.001
4.118    120.452    -0.001
4.135    119.853    -0.001
4.146    119.453    -0.001
4.160    118.953    -0.001
4.175    118.453    -0.001
4.193    117.854    -0.001
4.207    117.354    -0.001
4.219    116.954    -0.001
4.236    116.354    -0.001
4.247    115.955    -0.001
4.261    115.455    -0.001
4.278    114.855    -0.001
4.290    114.455    -0.001
4.303    113.956    -0.001
4.320    113.356    -0.001
4.332    112.956    -0.001
4.346    112.456    -0.001
4.359    111.956    -0.001
4.376    111.357    -0.001
4.388    110.957    -0.001
4.402    110.457    -0.001
4.415    109.957    -0.001
4.432    109.358    -0.001
4.444    108.958    -0.001
4.458    108.458    -0.001
4.471    107.958    -0.001
4.488    107.359    -0.001
4.500    106.959    -0.001
4.514    106.459    -0.001
4.531    105.859    -0.001
4.542    105.459    -0.001
4.559    104.860    -0.001
4.571    104.460    -0.001
4.585    103.960    -0.001
4.600    103.460    -0.001
4.615    102.961    -0.001
4.633    102.361    -0.001
4.645    101.961    -0.001
4.660    101.461    -0.001
4.675    100.962    -0.001
4.689    100.462    -0.001
4.704    99.962    -0.001
4.719    99.462    -0.001
4.735    98.963    -0.001
4.749    98.463    -0.001
4.766    97.863    -0.001
4.779    97.463    -0.001
4.795    96.964    -0.001
4.813    96.364    -0.001
4.824    95.964    -0.001
4.839    95.464    -0.001
4.856    94.865    -0.001
4.870    94.365    -0.001
4.881    93.965    -0.001
4.898    93.365    -0.001
4.910    92.966    -0.001
4.927    92.366    -0.001
4.940    91.866    -0.001
4.955    91.366    -0.001
4.967    90.967    -0.001
4.984    90.367    -0.001
4.995    89.967    -0.001
5.012    89.367    -0.001
5.026    88.868    -0.001
5.037    88.468    -0.001
5.054    87.868    -0.001
5.066    87.468    -0.001
5.083    86.869    -0.001
5.097    86.369    -0.001
5.108    85.969    -0.001
5.123    85.469    -0.001
5.140    84.869    -0.001
5.151    84.470    -0.001
5.166    83.970    -0.001
5.180    83.470    -0.001
5.197    82.870    -0.001
5.208    82.471    -0.001
5.225    81.871    -0.001
5.237    81.471    -0.001
5.251    80.971    -0.001
5.268    80.372    -0.001
5.279    79.972    -0.001
5.296    79.372    -0.000
5.308    78.972    -0.000
5.321    78.472    -0.000
5.336    77.973    -0.000
5.353    77.373    -0.000
5.364    76.973    -0.000
5.378    76.473    -0.000
5.395    75.875    -0.000
5.407    75.475    -0.000
5.421    74.975    -0.000
5.439    74.375    -0.000
5.450    73.976    -0.000
5.467    73.376    -0.000
5.478    72.976    -0.000
5.496    72.376    -0.000
5.509    71.877    -0.000
5.521    71.477    -0.000
5.538    70.877    -0.000
5.549    70.477    -0.000
5.566    69.878    -0.000
5.578    69.478    -0.000
5.595    68.878    -0.000
5.609    68.378    -0.000
5.621    67.978    -0.000
5.635    67.479    -0.000
5.652    66.879    -0.000
5.663    66.479    -0.000
5.679    65.979    -0.000
5.696    65.480    -0.000
5.711    64.980    -0.000
5.727    64.480    -0.000
5.745    63.881    -0.000
5.758    63.381    -0.000
5.772    62.881    -0.000
5.782    62.481    -0.000
5.798    61.881    -0.000
5.812    61.382    -0.000
5.825    60.882    -0.000
5.835    60.482    -0.000
5.849    59.982    -0.000
5.865    59.382    -0.000
5.879    58.883    -0.000
5.891    58.383    -0.000
5.903    57.983    -0.000
5.919    57.383    -0.000
5.933    56.884    -0.000
5.944    56.484    -0.000
5.958    55.984    -0.000
5.975    55.384    -0.000
5.989    54.885    -0.000
6.002    54.385    -0.000
6.016    53.885    -0.000
6.030    53.385    -0.000
6.044    52.885    -0.000
6.057    52.386    -0.000
6.071    51.886    -0.000
6.086    51.386    -0.000
6.101    50.886    -0.000
6.112    50.487    -0.000
6.130    49.887    -0.000
6.145    49.387    -0.000
6.156    48.987    -0.000
6.171    48.488    -0.000
6.186    47.988    -0.000
6.200    47.488    -0.000
6.218    46.888    -0.000
6.230    46.489    -0.000
6.245    45.989    -0.000
6.262    45.389    -0.000
6.274    44.989    -0.000
6.289    44.390    -0.000
6.301    43.890    -0.000
6.313    43.390    -0.000
6.325    42.890    -0.000
6.336    42.390    -0.000
6.348    41.890    -0.000
6.360    41.391    -0.000
6.370    40.891    -0.000
6.382    40.391    -0.000
6.394    39.891    -0.000
6.406    39.391    -0.000
6.417    38.891    -0.000
6.428    38.492    -0.000
6.443    37.992    -0.000
6.460    37.392    -0.000
6.474    36.892    -0.000
6.488    36.393    -0.000
6.500    35.993    -0.000
6.517    35.393    -0.000
6.528    34.993    -0.000
6.545    34.394    -0.000
6.557    33.994    -0.000
6.574    33.394    -0.000
6.585    32.994    -0.000
6.599    32.494    -0.000
6.616    31.895    -0.000
6.631    31.395    -0.000
6.642    30.995    -0.000
6.659    30.395    -0.000
6.671    29.996    -0.000
6.688    29.396    -0.000
6.699    28.996    -0.000
6.716    28.396    -0.000
6.728    27.997    -0.000
6.745    27.397    -0.000
6.756    26.997    -0.000
6.770    26.497    -0.000
6.787    25.898    -0.000
6.798    25.498    -0.000
6.815    24.898    -0.000
6.829    24.398    -0.000
6.840    23.998    -0.000
6.858    23.399    -0.000
6.869    22.999    -0.000
6.886    22.399    -0.000
6.897    21.999    -0.000
6.915    21.400    -0.000
6.926    21.000    -0.000
6.943    20.400    -0.000
6.958    19.900    -0.000
6.969    19.501    -0.000
6.986    18.901    -0.000
7.000    18.401    -0.000
7.011    18.001    -0.000
7.029    17.402    -0.000
7.040    17.002    -0.000
7.057    16.402    -0.000
7.068    16.002    -0.000
7.085    15.403    -0.000
7.097    15.003    -0.000
7.114    14.403    -0.000
7.128    13.903    -0.000
7.139    13.503    -0.000
7.154    13.004    -0.000
7.171    12.404    -0.000
7.185    11.904    -0.000
7.196    11.504    -0.000
7.213    10.905    -0.000
7.225    10.505    -0.000
7.242    9.905    -0.000
7.253    9.505    -0.000
7.270    8.906    -0.000
7.282    8.506    -0.000
7.299    7.906    -0.000
7.310    7.506    -0.000
7.325    7.006    -0.000
7.342    6.407    -0.000
7.353    6.007    -0.000
7.368    5.507    -0.000
7.385    4.907    -0.000
7.397    4.508    -0.000
7.411    4.008    -0.000
7.426    3.508    -0.000
7.441    3.008    -0.000
7.456    2.509    -0.000
7.470    2.009    -0.000
7.488    1.409    -0.000
7.501    1.009    -0.000
7.516    0.510    -0.000
