11.305    0.375    -0.000
11.321    -0.127    -0.000
11.337    -0.627    -0.000
11.353    -1.126    -0.000
11.368    -1.626    -0.000
11.386    -2.226    -0.000
11.399    -2.726    -0.000
11.411    -3.126    -0.000
11.424    -3.625    -0.000
11.438    -4.125    -0.000
11.452    -4.625    -0.000
11.466    -5.125    -0.000
11.479    -5.624    -0.000
11.493    -6.124    -0.000
11.510    -6.724    -0.000
11.524    -7.224    -0.000
11.535    -7.623    -0.000
11.549    -8.123    -0.000
11.563    -8.623    -0.000
11.577    -9.123    -0.000
11.594    -9.723    -0.000
11.607    -10.222    -0.000
11.619    -10.622    -0.000
11.633    -11.122    -0.000
11.650    -11.722    -0.000
11.663    -12.221    -0.000
11.677    -12.721    -0.000
11.691    -13.221    -0.000
11.705    -13.721    -0.000
11.719    -14.220    -0.000
11.730    -14.620    -0.000
11.746    -15.220    -0.000
11.760    -15.720    -0.000
11.773    -16.220    -0.000
11.787    -16.719    -0.000
11.801    -17.219    -0.000
11.811    -17.619    -0.000
11.827    -18.219    -0.000
11.841    -18.718    -0.000
11.855    -19.218    -0.000
11.869    -19.718    -0.000
11.882    -20.218    -0.000
11.893    -20.618    -0.000
11.909    -21.217    -0.000
11.923    -21.717    -0.000
11.936    -22.217    -0.000
11.950    -22.717    -0.000
11.964    -23.216    -0.000
11.977    -23.716    -0.000
11.990    -24.216    -0.000
12.004    -24.716    -0.000
12.018    -25.216    -0.000
12.032    -25.715    -0.000
12.045    -26.215    -0.000
12.057    -26.615    -0.000
12.073    -27.115    -0.000
12.089    -27.614    -0.000
12.105    -28.114    -0.000
12.121    -28.614    -0.000
12.136    -29.114    -0.000
12.152    -29.613    -0.000
12.168    -30.113    -0.000
12.184    -30.613    -0.000
12.199    -31.112    -0.000
12.215    -31.612    -0.000
12.231    -32.112    -0.000
12.247    -32.612    -0.000
12.262    -33.111    -0.000
12.278    -33.610    -0.000
12.296    -34.210    -0.000
12.309    -34.610    -0.000
12.324    -35.109    -0.000
12.340    -35.609    -0.000
12.356    -36.109    -0.000
12.372    -36.609    -0.000
12.388    -37.108    -0.000
12.405    -37.708    -0.000
12.420    -38.208    -0.000
12.435    -38.707    -0.000
12.450    -39.207    -0.000
12.462    -39.607    -0.000
12.477    -40.107    -0.000
12.495    -40.706    -0.000
12.510    -41.206    -0.000
12.524    -41.706    -0.000
12.539    -42.206    -0.000
12.552    -42.605    -0.000
12.566    -43.105    -0.000
12.583    -43.705    -0.000
12.598    -44.205    -0.000
12.613    -44.704    -0.000
12.628    -45.204    -0.000
12.640    -45.604    -0.000
12.655    -46.104    -0.000
12.673    -46.703    -0.000
12.684    -47.103    -0.000
12.702    -47.703    -0.000
12.716    -48.203    -0.000
12.730    -48.702    -0.000
12.743    -49.202    -0.000
12.755    -49.702    -0.000
12.769    -50.202    -0.000
12.782    -50.702    -0.000
12.795    -51.201    -0.000
12.808    -51.701    -0.000
12.821    -52.201    -0.000
12.834    -52.701    -0.000
12.848    -53.201    -0.000
12.860    -53.700    -0.000
12.873    -54.200    -0.000
12.887    -54.700    -0.000
12.899    -55.200    -0.000
12.912    -55.700    -0.000
12.926    -56.199    -0.000
12.939    -56.699    -0.000
12.949    -57.099    -0.000
12.965    -57.699    -0.000
12.978    -58.199    -0.000
12.993    -58.698    -0.000
13.007    -59.198    -0.000
13.022    -59.698    -0.000
13.034    -60.098    -0.000
13.048    -60.597    -0.000
13.065    -61.197    -0.000
13.078    -61.597    -0.000
13.093    -62.097    -0.000
13.111    -62.696    -0.000
13.122    -63.096    -0.000
13.137    -63.596    -0.000
13.154    -64.196    -0.000
13.166    -64.595    -0.000
13.181    -65.095    -0.000
13.196    -65.595    -0.000
13.213    -66.195    -0.000
13.228    -66.694    -0.000
13.239    -67.094    -0.000
13.255    -67.694    -0.000
13.268    -68.194    -0.000
13.281    -68.693    -0.000
13.291    -69.093    -0.000
13.307    -69.693    -0.000
13.317    -70.093    -0.000
13.334    -70.693    -0.000
13.347    -71.192    -0.000
13.360    -71.692    -0.000
13.373    -72.192    -0.000
13.383    -72.592    -0.000
13.399    -73.192    -0.000
13.412    -73.691    -0.000
13.424    -74.191    -0.000
13.437    -74.691    -0.000
13.448    -75.191    -0.000
13.460    -75.691    -0.000
13.473    -76.190    -0.000
13.485    -76.690    -0.000
13.496    -77.190    -0.000
13.509    -77.690    -0.000
13.521    -78.190    -0.000
13.533    -78.690    -0.001
13.544    -79.189    -0.001
13.556    -79.689    -0.001
13.568    -80.189    -0.001
13.581    -80.689    -0.001
13.592    -81.189    -0.001
13.604    -81.688    -0.001
13.617    -82.188    -0.001
13.628    -82.688    -0.001
13.638    -83.088    -0.001
13.656    -83.688    -0.001
13.667    -84.087    -0.001
13.684    -84.687    -0.001
13.699    -85.187    -0.001
13.711    -85.587    -0.001
13.725    -86.086    -0.001
13.743    -86.686    -0.001
13.755    -87.086    -0.001
13.772    -87.686    -0.001
13.787    -88.185    -0.001
13.798    -88.585    -0.001
13.813    -89.085    -0.001
13.828    -89.585    -0.001
13.842    -90.084    -0.001
13.859    -90.684    -0.001
13.874    -91.184    -0.001
13.886    -91.584    -0.001
13.900    -92.084    -0.001
13.915    -92.583    -0.001
13.932    -93.183    -0.001
13.945    -93.583    -0.001
13.961    -94.082    -0.001
13.979    -94.582    -0.001
13.998    -95.082    -0.001
14.012    -95.482    -0.001
14.034    -96.080    -0.001
14.053    -96.580    -0.001
14.071    -97.079    -0.001
14.089    -97.579    -0.001
14.104    -97.979    -0.001
14.126    -98.578    -0.001
14.140    -98.978    -0.001
14.162    -99.578    -0.001
14.181    -100.077    -0.001
14.199    -100.577    -0.001
14.213    -100.977    -0.001
14.234    -101.577    -0.001
14.251    -102.076    -0.001
14.268    -102.576    -0.001
14.285    -103.076    -0.001
14.301    -103.575    -0.001
14.320    -104.175    -0.001
14.334    -104.575    -0.001
14.351    -105.074    -0.001
14.367    -105.574    -0.001
14.384    -106.074    -0.001
14.401    -106.574    -0.001
14.418    -107.073    -0.001
14.433    -107.573    -0.001
14.449    -108.073    -0.001
14.465    -108.572    -0.001
14.481    -109.072    -0.001
14.496    -109.572    -0.001
14.513    -110.072    -0.001
14.529    -110.571    -0.001
14.545    -111.071    -0.001
14.560    -111.571    -0.001
14.576    -112.071    -0.001
14.592    -112.570    -0.001
14.610    -113.170    -0.001
14.626    -113.670    -0.001
14.641    -114.169    -0.001
14.655    -114.569    -0.001
14.669    -115.068    -0.001
14.683    -115.568    -0.001
14.697    -116.068    -0.001
14.714    -116.667    -0.001
14.725    -117.067    -0.001
14.739    -117.567    -0.001
14.756    -118.167    -0.001
14.768    -118.566    -0.001
14.785    -119.166    -0.001
14.799    -119.666    -0.001
14.812    -120.166    -0.001
14.826    -120.665    -0.001
14.840    -121.165    -0.001
14.854    -121.665    -0.001
14.867    -122.165    -0.001
14.881    -122.664    -0.001
14.895    -123.164    -0.001
14.908    -123.664    -0.001
14.922    -124.164    -0.001
14.936    -124.664    -0.001
14.947    -125.063    -0.001
14.964    -125.663    -0.001
14.978    -126.163    -0.001
14.992    -126.663    -0.001
15.006    -127.162    -0.001
15.019    -127.662    -0.001
15.033    -128.162    -0.001
15.047    -128.662    -0.001
15.061    -129.162    -0.001
15.074    -129.661    -0.001
15.088    -130.161    -0.001
15.102    -130.661    -0.001
15.116    -131.161    -0.001
15.129    -131.660    -0.001
15.143    -132.160    -0.001
15.157    -132.660    -0.001
15.171    -133.160    -0.001
15.184    -133.660    -0.001
15.198    -134.159    -0.001
15.210    -134.559    -0.001
15.223    -135.059    -0.001
15.240    -135.659    -0.001
15.254    -136.158    -0.001
15.268    -136.658    -0.001
15.282    -137.158    -0.001
15.295    -137.658    -0.002
15.309    -138.157    -0.002
15.323    -138.657    -0.002
15.337    -139.157    -0.002
15.350    -139.657    -0.002
15.364    -140.157    -0.002
15.378    -140.656    -0.002
15.392    -141.156    -0.002
15.405    -141.656    -0.002
15.419    -142.156    -0.002
15.433    -142.655    -0.002
15.447    -143.155    -0.002
15.460    -143.655    -0.002
15.472    -144.055    -0.002
15.485    -144.555    -0.002
15.499    -145.054    -0.002
15.513    -145.554    -0.002
15.527    -146.054    -0.002
15.544    -146.654    -0.002
15.555    -147.053    -0.002
15.569    -147.553    -0.002
15.586    -148.153    -0.002
15.597    -148.553    -0.002
15.614    -149.152    -0.002
15.628    -149.652    -0.002
15.640    -150.052    -0.002
15.657    -150.652    -0.002
15.668    -151.052    -0.002
15.685    -151.651    -0.002
15.697    -152.051    -0.002
15.711    -152.551    -0.002
15.725    -153.051    -0.002
15.742    -153.650    -0.002
15.756    -154.150    -0.002
15.767    -154.550    -0.002
15.784    -155.150    -0.002
15.799    -155.649    -0.002
15.811    -156.049    -0.002
15.824    -156.549    -0.002
15.841    -157.149    -0.002
15.853    -157.549    -0.002
15.870    -158.148    -0.002
15.884    -158.648    -0.002
15.895    -159.048    -0.002
15.909    -159.548    -0.002
15.924    -160.047    -0.002
15.941    -160.647    -0.002
15.952    -161.047    -0.002
15.969    -161.647    -0.002
15.980    -162.046    -0.002
15.994    -162.546    -0.002
16.011    -163.146    -0.002
16.023    -163.546    -0.002
16.040    -164.145    -0.002
16.055    -164.645    -0.002
16.066    -165.045    -0.002
16.080    -165.545    -0.002
16.097    -166.144    -0.002
16.108    -166.544    -0.002
16.122    -167.044    -0.002
16.139    -167.644    -0.002
16.150    -168.044    -0.002
16.168    -168.643    -0.002
16.181    -169.143    -0.002
16.193    -169.543    -0.002
16.211    -170.143    -0.002
16.223    -170.542    -0.002
16.239    -171.042    -0.002
16.257    -171.642    -0.002
16.269    -172.042    -0.002
16.285    -172.541    -0.002
16.303    -173.141    -0.002
16.316    -173.541    -0.002
16.331    -174.041    -0.002
16.346    -174.540    -0.002
16.364    -175.140    -0.002
16.377    -175.540    -0.002
16.395    -176.139    -0.002
16.407    -176.539    -0.002
16.423    -177.039    -0.002
16.441    -177.639    -0.003
16.453    -178.038    -0.003
16.469    -178.538    -0.003
16.487    -179.138    -0.003
16.500    -179.538    -0.003
16.515    -180.037    -0.003
16.530    -180.537    -0.003
16.548    -181.137    -0.003
16.561    -181.537    -0.003
16.579    -182.136    -0.003
16.591    -182.536    -0.003
16.609    -183.136    -0.003
16.622    -183.536    -0.003
16.637    -184.035    -0.003
16.653    -184.535    -0.003
16.671    -185.134    -0.003
16.683    -185.533    -0.003
16.699    -186.033    -0.003
16.714    -186.533    -0.003
16.732    -187.133    -0.003
16.744    -187.532    -0.003
16.760    -188.032    -0.003
16.778    -188.632    -0.003
16.791    -189.032    -0.003
16.809    -189.631    -0.003
16.821    -190.031    -0.003
16.837    -190.531    -0.003
16.855    -191.131    -0.003
16.867    -191.530    -0.003
16.883    -192.030    -0.003
16.898    -192.530    -0.003
16.914    -193.030    -0.003
16.927    -193.529    -0.003
16.944    -194.129    -0.003
16.958    -194.629    -0.003
16.970    -195.029    -0.003
16.987    -195.628    -0.003
17.000    -196.128    -0.003
17.012    -196.528    -0.003
17.029    -197.128    -0.003
17.043    -197.627    -0.003
17.054    -198.027    -0.003
17.071    -198.627    -0.003
17.085    -199.127    -0.003
17.096    -199.527    -0.003
17.113    -200.126    -0.003
17.127    -200.626    -0.003
17.139    -201.026    -0.003
17.156    -201.626    -0.003
17.169    -202.125    -0.003
17.181    -202.525    -0.003
17.198    -203.125    -0.003
17.212    -203.625    -0.003
17.223    -204.024    -0.003
17.240    -204.624    -0.003
17.254    -205.124    -0.003
17.265    -205.524    -0.003
17.279    -206.024    -0.003
17.296    -206.623    -0.003
17.310    -207.123    -0.003
17.321    -207.523    -0.003
17.338    -208.123    -0.003
17.350    -208.522    -0.003
17.363    -209.022    -0.003
17.381    -209.622    -0.003
17.392    -210.022    -0.003
17.409    -210.621    -0.004
17.419    -211.021    -0.004
17.436    -211.621    -0.004
17.448    -212.121    -0.004
17.459    -212.521    -0.004
17.475    -213.120    -0.004
17.489    -213.620    -0.004
17.501    -214.120    -0.004
17.512    -214.520    -0.004
17.528    -215.119    -0.004
17.540    -215.619    -0.004
17.551    -216.019    -0.004
17.567    -216.619    -0.004
17.577    -217.019    -0.004
17.593    -217.618    -0.004
17.607    -218.118    -0.004
17.620    -218.618    -0.004
17.630    -219.018    -0.004
17.646    -219.618    -0.004
17.657    -220.017    -0.004
17.673    -220.617    -0.004
17.687    -221.117    -0.004
17.699    -221.617    -0.004
17.710    -222.017    -0.004
17.726    -222.616    -0.004
17.739    -223.116    -0.004
17.749    -223.516    -0.004
17.765    -224.116    -0.004
17.776    -224.516    -0.004
17.792    -225.115    -0.004
17.805    -225.615    -0.004
17.818    -226.115    -0.004
17.829    -226.515    -0.004
17.845    -227.114    -0.004
17.857    -227.614    -0.004
17.868    -228.014    -0.004
17.882    -228.514    -0.004
17.898    -229.114    -0.004
17.908    -229.513    -0.004
17.924    -230.113    -0.004
17.937    -230.613    -0.004
17.947    -231.013    -0.004
17.963    -231.612    -0.004
17.974    -232.012    -0.004
17.990    -232.612    -0.004
18.004    -233.112    -0.004
18.016    -233.612    -0.004
18.027    -234.011    -0.004
18.043    -234.611    -0.004
18.056    -235.111    -0.004
18.066    -235.511    -0.004
18.082    -236.111    -0.004
18.096    -236.610    -0.004
18.106    -237.010    -0.004
18.122    -237.610    -0.004
18.135    -238.110    -0.004
18.149    -238.610    -0.005
18.162    -239.109    -0.005
18.174    -239.509    -0.005
18.189    -240.009    -0.005
18.203    -240.509    -0.005
18.220    -241.108    -0.005
18.232    -241.508    -0.005
18.247    -242.008    -0.005
18.261    -242.508    -0.005
18.276    -243.007    -0.005
18.293    -243.607    -0.005
18.305    -244.007    -0.005
18.319    -244.507    -0.005
18.336    -245.106    -0.005
18.348    -245.506    -0.005
18.363    -246.006    -0.005
18.380    -246.606    -0.005
18.394    -247.105    -0.005
18.406    -247.505    -0.005
18.421    -248.005    -0.005
18.435    -248.505    -0.005
18.450    -249.004    -0.005
18.465    -249.504    -0.005
18.482    -250.104    -0.005
18.493    -250.504    -0.005
18.510    -251.103    -0.005
18.525    -251.603    -0.005
18.537    -252.003    -0.005
18.551    -252.503    -0.005
18.566    -253.003    -0.005
18.581    -253.502    -0.005
18.595    -254.002    -0.005
18.613    -254.602    -0.005
18.624    -255.002    -0.005
18.639    -255.501    -0.005
18.653    -256.001    -0.005
18.667    -256.501    -0.005
18.682    -257.001    -0.005
18.697    -257.500    -0.005
18.714    -258.100    -0.005
18.729    -258.600    -0.005
18.740    -259.000    -0.005
18.755    -259.499    -0.005
18.772    -260.099    -0.005
18.783    -260.499    -0.005
18.798    -260.999    -0.005
18.813    -261.498    -0.005
18.830    -262.098    -0.005
18.841    -262.498    -0.005
18.856    -262.998    -0.005
18.873    -263.597    -0.005
18.888    -264.097    -0.006
18.899    -264.497    -0.006
18.916    -265.097    -0.006
18.928    -265.496    -0.006
18.942    -265.996    -0.006
18.959    -266.596    -0.006
18.973    -267.096    -0.006
18.985    -267.496    -0.006
18.999    -267.995    -0.006
19.016    -268.595    -0.006
19.028    -268.994    -0.006
19.043    -269.494    -0.006
19.060    -270.093    -0.006
19.071    -270.493    -0.006
19.086    -270.993    -0.006
19.101    -271.493    -0.006
19.118    -272.092    -0.006
19.129    -272.492    -0.006
19.146    -273.092    -0.006
19.157    -273.492    -0.006
19.175    -274.091    -0.006
19.186    -274.491    -0.006
19.203    -275.091    -0.006
19.214    -275.491    -0.006
19.232    -276.090    -0.006
19.244    -276.490    -0.006
19.261    -277.090    -0.006
19.272    -277.490    -0.006
19.290    -278.089    -0.006
19.301    -278.489    -0.006
19.316    -278.989    -0.006
19.329    -279.489    -0.006
19.344    -279.989    -0.006
19.361    -280.588    -0.006
19.376    -281.088    -0.006
19.389    -281.588    -0.006
19.402    -282.088    -0.006
19.413    -282.487    -0.006
19.429    -283.087    -0.006
19.443    -283.587    -0.006
19.455    -284.087    -0.006
19.466    -284.487    -0.006
19.482    -285.086    -0.006
19.492    -285.486    -0.006
19.508    -286.086    -0.006
19.519    -286.486    -0.006
19.535    -287.085    -0.007
19.549    -287.585    -0.007
19.559    -287.985    -0.007
19.575    -288.585    -0.007
19.588    -289.085    -0.007
19.598    -289.484    -0.007
19.614    -290.084    -0.007
19.625    -290.484    -0.007
19.639    -290.984    -0.007
19.655    -291.584    -0.007
19.667    -292.083    -0.007
19.681    -292.583    -0.007
19.695    -293.083    -0.007
19.708    -293.583    -0.007
19.718    -293.983    -0.007
19.734    -294.582    -0.007
19.747    -295.082    -0.007
19.761    -295.582    -0.007
19.774    -296.082    -0.007
19.787    -296.581    -0.007
19.797    -296.981    -0.007
19.814    -297.581    -0.007
19.826    -298.081    -0.007
19.840    -298.581    -0.007
19.854    -299.080    -0.007
19.864    -299.480    -0.007
19.880    -300.080    -0.007
19.891    -300.480    -0.007
19.907    -301.079    -0.007
19.920    -301.579    -0.007
19.933    -302.079    -0.007
19.946    -302.579    -0.007
19.959    -303.079    -0.007
19.972    -303.578    -0.007
19.984    -304.078    -0.007
19.994    -304.478    -0.007
20.009    -305.078    -0.007
20.019    -305.478    -0.007
20.034    -306.077    -0.007
20.047    -306.577    -0.007
20.060    -307.077    -0.007
20.072    -307.577    -0.007
20.085    -308.077    -0.007
20.098    -308.576    -0.008
20.107    -308.976    -0.008
20.120    -309.476    -0.008
20.133    -309.976    -0.008
20.148    -310.576    -0.008
20.161    -311.075    -0.008
20.173    -311.575    -0.008
20.186    -312.075    -0.008
20.199    -312.575    -0.008
20.212    -313.075    -0.008
20.224    -313.574    -0.008
20.234    -313.974    -0.008
20.247    -314.474    -0.008
20.262    -314.974    -0.008
20.278    -315.474    -0.008
20.297    -316.073    -0.008
20.311    -316.473    -0.008
20.326    -316.973    -0.008
20.342    -317.472    -0.008
20.358    -317.972    -0.008
20.374    -318.472    -0.008
20.389    -318.972    -0.008
20.406    -319.471    -0.008
20.422    -319.971    -0.008
20.437    -320.471    -0.008
20.453    -320.971    -0.008
20.469    -321.470    -0.008
20.485    -321.970    -0.008
20.500    -322.470    -0.008
20.520    -323.069    -0.008
20.533    -323.469    -0.008
20.549    -323.969    -0.008
20.564    -324.469    -0.008
20.580    -324.968    -0.008
20.596    -325.468    -0.008
20.612    -325.968    -0.008
20.627    -326.468    -0.008
20.643    -326.967    -0.008
20.659    -327.467    -0.008
20.676    -328.067    -0.008
20.686    -328.467    -0.009
20.702    -329.066    -0.009
20.716    -329.566    -0.009
20.730    -330.066    -0.009
20.740    -330.466    -0.009
20.757    -331.065    -0.009
20.768    -331.465    -0.009
20.782    -331.965    -0.009
20.798    -332.565    -0.009
20.811    -333.065    -0.009
20.822    -333.464    -0.009
20.836    -333.964    -0.009
20.849    -334.464    -0.009
20.863    -334.964    -0.009
20.877    -335.463    -0.009
20.891    -335.963    -0.009
20.907    -336.563    -0.009
20.917    -336.963    -0.009
20.931    -337.463    -0.009
20.945    -337.962    -0.009
20.958    -338.462    -0.009
20.974    -339.062    -0.009
20.986    -339.462    -0.009
21.000    -339.961    -0.009
21.013    -340.461    -0.009
21.029    -341.061    -0.009
21.043    -341.561    -0.009
21.053    -341.961    -0.009
21.067    -342.460    -0.009
21.081    -342.960    -0.009
21.097    -343.560    -0.009
21.111    -344.060    -0.009
21.125    -344.559    -0.009
21.135    -344.959    -0.009
21.149    -345.459    -0.009
21.162    -345.959    -0.009
21.176    -346.459    -0.009
21.192    -347.058    -0.010
21.206    -347.558    -0.010
21.216    -347.958    -0.010
21.230    -348.458    -0.010
21.247    -349.057    -0.010
21.258    -349.457    -0.010
21.274    -350.057    -0.010
21.288    -350.557    -0.010
21.299    -350.957    -0.010
21.317    -351.556    -0.010
21.329    -351.956    -0.010
21.344    -352.456    -0.010
21.362    -353.056    -0.010
21.375    -353.455    -0.010
21.390    -353.955    -0.010
21.408    -354.554    -0.010
21.421    -354.954    -0.010
21.436    -355.453    -0.010
21.454    -356.053    -0.010
21.468    -356.553    -0.010
21.481    -356.952    -0.010
21.499    -357.552    -0.010
21.511    -357.952    -0.010
21.526    -358.452    -0.010
21.542    -358.951    -0.010
21.557    -359.451    -0.010
21.572    -359.951    -0.010
21.587    -360.451    -0.010
21.605    -361.050    -0.010
21.617    -361.450    -0.010
21.632    -361.950    -0.010
21.650    -362.550    -0.010
21.666    -363.049    -0.010
21.677    -363.449    -0.010
21.693    -363.949    -0.010
21.711    -364.549    -0.010
21.724    -364.948    -0.011
21.742    -365.548    -0.011
21.750    -365.748    -0.011
21.779    -366.247    -0.011
21.807    -366.747    -0.011
21.837    -367.345    -0.011
21.859    -367.845    -0.011
21.881    -368.344    -0.011
21.902    -368.844    -0.011
21.924    -369.344    -0.011
21.945    -369.843    -0.011
21.967    -370.343    -0.011
21.989    -370.842    -0.011
22.011    -371.342    -0.011
22.033    -371.841    -0.011
22.054    -372.340    -0.011
22.076    -372.840    -0.011
22.098    -373.339    -0.011
22.121    -373.839    -0.011
22.142    -374.338    -0.011
22.164    -374.838    -0.011
22.186    -375.338    -0.011
22.207    -375.837    -0.011
22.235    -376.537    -0.011
22.249    -377.036    -0.011
22.263    -377.536    -0.011
22.274    -377.936    -0.011
22.288    -378.436    -0.011
22.301    -378.936    -0.011
22.315    -379.435    -0.011
22.332    -380.035    -0.011
22.346    -380.535    -0.011
22.360    -381.035    -0.011
22.374    -381.534    -0.011
22.387    -382.034    -0.012
22.401    -382.534    -0.012
22.415    -383.034    -0.012
22.428    -383.533    -0.012
22.442    -384.033    -0.012
22.456    -384.533    -0.012
22.470    -385.033    -0.012
22.483    -385.533    -0.012
22.497    -386.032    -0.012
22.511    -386.532    -0.012
22.525    -387.031    -0.012
22.538    -387.531    -0.012
22.552    -388.030    -0.012
22.564    -388.430    -0.012
22.577    -388.930    -0.012
22.591    -389.430    -0.012
22.605    -389.930    -0.012
22.619    -390.429    -0.012
22.632    -390.929    -0.012
22.648    -391.529    -0.012
22.662    -392.029    -0.012
22.676    -392.528    -0.012
22.690    -393.028    -0.012
22.703    -393.528    -0.012
22.717    -394.028    -0.012
22.731    -394.528    -0.012
22.745    -395.027    -0.012
22.758    -395.527    -0.012
22.772    -396.027    -0.012
22.786    -396.527    -0.012
22.800    -397.026    -0.012
22.811    -397.426    -0.012
22.828    -398.026    -0.012
22.842    -398.526    -0.013
22.856    -399.025    -0.013
22.869    -399.525    -0.013
22.880    -399.925    -0.013
22.893    -400.425    -0.013
22.911    -401.025    -0.013
22.921    -401.424    -0.013
22.935    -401.924    -0.013
22.948    -402.424    -0.013
22.962    -402.924    -0.013
22.976    -403.424    -0.013
22.990    -403.923    -0.013
23.003    -404.423    -0.013
23.017    -404.923    -0.013
23.034    -405.523    -0.013
23.048    -406.022    -0.013
23.062    -406.522    -0.013
23.075    -407.022    -0.013
23.089    -407.522    -0.013
23.103    -408.021    -0.013
23.117    -408.521    -0.013
23.130    -409.021    -0.013
23.144    -409.521    -0.013
23.158    -410.021    -0.013
23.172    -410.520    -0.013
23.185    -411.020    -0.013
23.199    -411.520    -0.013
23.213    -412.020    -0.013
23.224    -412.419    -0.013
23.238    -412.919    -0.013
23.252    -413.419    -0.013
23.266    -413.919    -0.014
23.279    -414.419    -0.014
23.293    -414.918    -0.014
23.309    -415.518    -0.014
23.323    -416.018    -0.014
23.337    -416.518    -0.014
23.350    -417.017    -0.014
23.364    -417.517    -0.014
23.378    -418.017    -0.014
23.392    -418.517    -0.014
23.405    -419.016    -0.014
23.419    -419.516    -0.014
23.433    -420.016    -0.014
23.447    -420.516    -0.014
23.460    -421.016    -0.014
23.474    -421.515    -0.014
23.488    -422.015    -0.014
23.499    -422.415    -0.014
23.516    -423.015    -0.014
23.530    -423.514    -0.014
23.540    -423.914    -0.014
23.554    -424.414    -0.014
23.571    -425.014    -0.014
23.585    -425.514    -0.014
23.599    -426.013    -0.014
23.609    -426.413    -0.014
23.623    -426.913    -0.014
23.637    -427.413    -0.014
23.650    -427.912    -0.014
23.664    -428.412    -0.014
23.681    -429.012    -0.015
23.695    -429.512    -0.015
23.709    -430.012    -0.015
23.722    -430.511    -0.015
23.736    -431.011    -0.015
23.750    -431.511    -0.015
23.764    -432.011    -0.015
23.777    -432.510    -0.015
23.791    -433.010    -0.015
23.805    -433.510    -0.015
23.819    -434.010    -0.015
23.832    -434.510    -0.015
23.846    -435.009    -0.015
23.860    -435.509    -0.015
23.874    -436.009    -0.015
23.885    -436.409    -0.015
23.901    -437.008    -0.015
23.915    -437.508    -0.015
23.929    -438.008    -0.015
23.942    -438.508    -0.015
23.956    -439.007    -0.015
23.970    -439.507    -0.015
23.984    -440.007    -0.015
23.997    -440.507    -0.015
24.011    -441.007    -0.015
24.025    -441.506    -0.015
24.036    -441.906    -0.015
24.050    -442.406    -0.015
24.064    -442.906    -0.015
24.077    -443.405    -0.016
24.091    -443.905    -0.016
24.105    -444.405    -0.016
24.119    -444.905    -0.016
24.135    -445.505    -0.016
24.148    -446.004    -0.016
24.162    -446.504    -0.016
24.174    -446.904    -0.016
24.187    -447.404    -0.016
24.204    -448.003    -0.016
24.215    -448.403    -0.016
24.229    -448.903    -0.016
24.246    -449.503    -0.016
24.259    -450.003    -0.016
24.270    -450.402    -0.016
24.284    -450.902    -0.016
24.297    -451.402    -0.016
24.314    -452.002    -0.016
24.328    -452.501    -0.016
24.342    -453.001    -0.016
24.356    -453.501    -0.016
24.369    -454.001    -0.016
24.383    -454.500    -0.016
24.397    -455.000    -0.016
24.407    -455.400    -0.016
24.421    -455.900    -0.016
24.435    -456.400    -0.016
24.449    -456.899    -0.016
24.466    -457.499    -0.017
24.479    -457.999    -0.017
24.493    -458.499    -0.017
24.503    -458.899    -0.017
24.521    -459.498    -0.017
24.534    -459.998    -0.017
24.548    -460.498    -0.017
24.562    -460.998    -0.017
24.576    -461.497    -0.017
24.589    -461.997    -0.017
24.603    -462.497    -0.017
24.617    -462.997    -0.017
24.631    -463.496    -0.017
24.644    -463.996    -0.017
24.656    -464.396    -0.017
24.669    -464.896    -0.017
24.683    -465.396    -0.017
24.697    -465.895    -0.017
24.711    -466.395    -0.017
24.724    -466.895    -0.017
24.741    -467.495    -0.017
24.752    -467.894    -0.017
24.766    -468.394    -0.017
24.779    -468.894    -0.017
24.793    -469.394    -0.017
24.807    -469.894    -0.017
24.821    -470.393    -0.017
24.838    -470.993    -0.017
24.851    -471.493    -0.018
24.865    -472.193    -0.018
24.869    -472.593    -0.018
24.875    -473.093    -0.018
24.881    -473.593    -0.018
24.887    -474.093    -0.018
24.892    -474.592    -0.018
24.898    -475.092    -0.018
24.904    -475.592    -0.018
24.910    -476.191    -0.018
24.916    -476.691    -0.018
24.921    -477.191    -0.018
24.927    -477.691    -0.018
24.930    -477.991    -0.018
24.939    -478.591    -0.018
24.947    -479.091    -0.018
24.955    -479.591    -0.018
24.962    -480.091    -0.018
24.970    -480.591    -0.018
24.978    -481.091    -0.018
24.986    -481.591    -0.018
24.993    -482.091    -0.018
25.001    -482.590    -0.018
25.009    -483.090    -0.018
25.017    -483.590    -0.018
25.023    -483.990    -0.018
25.031    -484.490    -0.019
25.041    -485.090    -0.019
25.049    -485.590    -0.019
25.054    -485.990    -0.019
25.062    -486.490    -0.019
25.070    -486.990    -0.019
25.077    -487.490    -0.019
25.085    -487.990    -0.019
25.095    -488.589    -0.019
25.102    -489.089    -0.019
25.110    -489.589    -0.019
25.116    -489.989    -0.019
25.124    -490.489    -0.019
25.132    -490.989    -0.019
25.142    -491.589    -0.019
25.147    -491.989    -0.019
25.155    -492.489    -0.019
25.163    -492.989    -0.019
25.170    -493.489    -0.019
25.178    -493.989    -0.019
25.188    -494.588    -0.019
25.196    -495.088    -0.019
25.204    -495.588    -0.019
25.209    -495.988    -0.019
25.217    -496.488    -0.019
25.224    -496.988    -0.019
25.235    -497.588    -0.020
25.242    -498.088    -0.020
25.250    -498.588    -0.020
25.257    -499.088    -0.020
25.265    -499.588    -0.020
25.272    -500.088    -0.020
25.280    -500.587    -0.020
25.288    -501.087    -0.020
25.296    -501.587    -0.020
25.302    -501.987    -0.020
25.310    -502.487    -0.020
25.320    -503.087    -0.020
25.328    -503.587    -0.020
25.335    -504.086    -0.020
25.340    -504.686    -0.020
25.344    -505.086    -0.020
25.349    -505.586    -0.020
25.354    -506.186    -0.020
25.357    -506.586    -0.020
25.362    -507.186    -0.020
25.367    -507.686    -0.020
25.370    -508.086    -0.020
25.375    -508.586    -0.020
25.380    -509.186    -0.020
25.383    -509.586    -0.020
25.388    -510.086    -0.021
25.396    -510.486    -0.021
25.407    -511.086    -0.021
25.414    -511.485    -0.021
25.424    -511.985    -0.021
25.435    -512.585    -0.021
25.442    -512.985    -0.021
25.453    -513.585    -0.021
25.463    -514.085    -0.021
25.469    -514.984    -0.021
25.457    -515.484    -0.021
25.443    -516.084    -0.021
25.431    -516.584    -0.021
25.418    -517.083    -0.021
25.401    -517.683    -0.021
25.386    -518.183    -0.021
25.372    -518.683    -0.021
25.358    -519.182    -0.021
25.344    -519.683    -0.021
25.329    -520.182    -0.021
25.318    -520.582    -0.021
25.304    -521.082    -0.021
25.301    -521.281    -0.021
25.302    -521.781    -0.021
25.302    -522.181    -0.021
25.303    -522.681    -0.022
25.304    -523.281    -0.022
25.306    -523.681    -0.022
25.306    -524.182    -0.022
25.307    -524.682    -0.022
25.308    -525.282    -0.022
25.310    -525.681    -0.022
25.311    -526.181    -0.022
25.313    -526.681    -0.022
25.315    -527.181    -0.022
25.317    -527.681    -0.022
25.318    -528.381    -0.022
25.319    -528.681    -0.022
25.321    -529.181    -0.022
25.323    -529.681    -0.022
25.324    -530.181    -0.022
25.326    -530.580    -0.022
25.329    -531.180    -0.022
25.331    -531.680    -0.022
25.332    -532.180    -0.022
25.334    -532.681    -0.022
25.336    -533.181    -0.022
25.338    -533.681    -0.022
25.339    -534.181    -0.022
25.341    -534.681    -0.023
25.343    -535.181    -0.023
25.344    -535.680    -0.023
25.343    -536.280    -0.023
25.341    -536.780    -0.023
25.340    -537.280    -0.023
25.339    -537.880    -0.023
25.338    -538.381    -0.023
25.337    -538.780    -0.023
25.336    -539.280    -0.023
25.335    -539.780    -0.023
25.334    -540.280    -0.023
25.332    -540.780    -0.023
25.331    -541.380    -0.023
25.328    -541.980    -0.023
25.320    -542.480    -0.023
25.313    -542.980    -0.023
25.308    -543.379    -0.023
25.307    -543.879    -0.023
25.306    -544.279    -0.023
25.305    -544.880    -0.023
25.304    -545.280    -0.023
25.303    -545.780    -0.023
25.302    -546.279    -0.024
25.300    -546.779    -0.024
25.299    -547.279    -0.024
25.298    -547.779    -0.024
25.297    -548.279    -0.024
25.296    -548.879    -0.024
25.294    -549.379    -0.024
25.293    -549.879    -0.024
25.292    -550.379    -0.024
25.291    -550.879    -0.024
25.284    -551.478    -0.024
25.277    -551.879    -0.024
25.268    -552.479    -0.024
25.261    -552.978    -0.024
25.254    -553.479    -0.024
25.246    -553.979    -0.024
25.239    -554.478    -0.024
25.239    -554.678    -0.024
25.242    -555.178    -0.024
25.244    -555.678    -0.024
25.241    -556.478    -0.024
25.237    -556.878    -0.024
25.232    -557.478    -0.024
25.228    -557.878    -0.025
25.222    -558.478    -0.025
25.218    -558.877    -0.025
25.213    -559.478    -0.025
25.209    -559.878    -0.025
25.203    -560.478    -0.025
25.199    -560.877    -0.025
25.194    -561.377    -0.025
25.190    -561.878    -0.025
25.184    -562.477    -0.025
25.180    -562.877    -0.025
25.167    -563.578    -0.025
25.155    -564.077    -0.025
25.144    -564.476    -0.025
25.133    -564.977    -0.025
25.122    -565.476    -0.025
25.110    -566.076    -0.025
25.101    -566.476    -0.025
25.088    -567.076    -0.025
25.079    -567.475    -0.025
25.067    -568.076    -0.025
25.055    -568.575    -0.025
25.047    -568.975    -0.026
25.034    -569.575    -0.026
25.024    -569.975    -0.026
25.012    -570.475    -0.026
25.000    -570.975    -0.026
24.985    -571.574    -0.026
24.957    -572.274    -0.026
24.937    -572.774    -0.026
24.912    -573.372    -0.026
24.892    -573.872    -0.026
24.871    -574.372    -0.026
24.859    -574.672    -0.026
24.843    -575.171    -0.026
24.830    -575.571    -0.026
24.813    -576.070    -0.026
24.793    -576.670    -0.026
24.777    -577.170    -0.026
24.761    -577.670    -0.026
24.747    -578.069    -0.026
24.724    -578.669    -0.026
24.704    -579.168    -0.026
24.684    -579.668    -0.026
24.659    -580.268    -0.027
24.634    -580.866    -0.027
24.604    -581.466    -0.027
24.576    -581.965    -0.027
24.547    -582.465    -0.027
24.519    -582.964    -0.027
24.492    -583.462    -0.027
24.464    -583.962    -0.027
24.435    -584.461    -0.027
24.407    -584.961    -0.027
24.398    -585.160    -0.027
24.372    -585.760    -0.027
24.346    -586.359    -0.027
24.325    -586.858    -0.027
24.303    -587.357    -0.027
24.282    -587.857    -0.027
24.261    -588.357    -0.027
24.240    -588.856    -0.027
24.227    -589.156    -0.027
24.163    -590.153    -0.027
24.125    -590.652    -0.027
24.087    -591.151    -0.028
24.050    -591.649    -0.028
24.013    -592.148    -0.028
23.976    -592.646    -0.028
23.931    -593.244    -0.028
23.893    -593.743    -0.028
23.864    -594.142    -0.028
23.852    -594.341    -0.028
23.831    -594.841    -0.028
23.809    -595.341    -0.028
23.785    -595.840    -0.028
23.761    -596.340    -0.028
23.738    -596.839    -0.028
23.714    -597.338    -0.028
23.685    -597.938    -0.028
23.666    -598.338    -0.028
23.642    -598.836    -0.028
23.618    -599.336    -0.028
23.578    -600.035    -0.028
23.547    -600.534    -0.028
23.515    -601.033    -0.028
23.484    -601.532    -0.028
23.459    -601.931    -0.029
23.427    -602.430    -0.029
23.396    -602.929    -0.029
23.365    -603.428    -0.029
23.327    -604.027    -0.029
23.296    -604.526    -0.029
23.240    -605.323    -0.029
23.206    -605.722    -0.029
23.163    -606.220    -0.029
23.114    -606.818    -0.029
23.082    -607.217    -0.029
23.041    -607.715    -0.029
22.992    -608.313    -0.029
22.950    -608.811    -0.029
22.908    -609.310    -0.029
22.865    -609.808    -0.029
22.822    -610.306    -0.029
22.780    -610.804    -0.029
22.745    -611.202    -0.029
22.694    -611.800    -0.029
22.672    -612.099    -0.030
22.643    -612.498    -0.030
22.599    -613.097    -0.030
22.562    -613.595    -0.030
22.491    -614.391    -0.030
22.442    -614.890    -0.030
22.403    -615.288    -0.030
22.360    -615.786    -0.030
22.317    -616.284    -0.030
22.274    -616.782    -0.030
22.231    -617.280    -0.030
22.189    -617.778    -0.030
22.145    -618.276    -0.030
22.088    -618.873    -0.030
22.040    -619.371    -0.030
21.991    -619.868    -0.030
21.942    -620.365    -0.030
21.858    -621.162    -0.030
21.799    -621.658    -0.030
21.739    -622.155    -0.030
21.716    -622.353    -0.030
21.668    -622.850    -0.031
21.619    -623.349    -0.031
21.571    -623.846    -0.031
21.524    -624.343    -0.031
21.475    -624.841    -0.031
21.427    -625.339    -0.031
21.379    -625.836    -0.031
21.290    -626.631    -0.031
21.231    -627.127    -0.031
21.172    -627.624    -0.031
21.112    -628.120    -0.031
21.053    -628.617    -0.031
20.978    -629.212    -0.031
20.899    -629.807    -0.031
20.846    -630.203    -0.031
20.767    -630.798    -0.031
20.715    -631.194    -0.031
20.635    -631.789    -0.031
20.583    -632.186    -0.031
20.516    -632.681    -0.032
20.437    -633.276    -0.032
20.399    -633.573    -0.032
20.341    -634.070    -0.032
20.282    -634.566    -0.032
20.222    -635.063    -0.032
20.147    -635.659    -0.032
20.070    -636.254    -0.032
20.020    -636.650    -0.032
19.956    -637.146    -0.032
19.892    -637.642    -0.032
19.827    -638.138    -0.032
19.762    -638.633    -0.032
19.655    -639.426    -0.032
19.581    -639.921    -0.032
19.509    -640.416    -0.032
19.436    -640.909    -0.032
19.363    -641.404    -0.032
19.290    -641.899    -0.032
19.217    -642.394    -0.032
19.144    -642.889    -0.033
19.087    -643.284    -0.033
19.048    -643.581    -0.033
18.970    -644.176    -0.033
18.872    -644.869    -0.033
18.815    -645.265    -0.033
18.729    -645.859    -0.033
18.654    -646.354    -0.033
18.580    -646.848    -0.033
18.505    -647.342    -0.033
18.431    -647.836    -0.033
18.357    -648.331    -0.033
18.283    -648.825    -0.033
18.212    -649.321    -0.033
18.107    -650.012    -0.033
18.043    -650.407    -0.033
17.933    -651.099    -0.033
17.850    -651.592    -0.033
17.768    -652.085    -0.033
17.684    -652.578    -0.034
17.602    -653.071    -0.034
17.535    -653.465    -0.034
17.438    -654.057    -0.034
17.391    -654.353    -0.034
17.280    -655.045    -0.034
17.198    -655.538    -0.034
17.116    -656.031    -0.034
17.034    -656.524    -0.034
16.949    -657.017    -0.034
16.865    -657.509    -0.034
16.797    -657.904    -0.034
16.698    -658.495    -0.034
16.614    -658.988    -0.034
16.529    -659.481    -0.034
16.445    -659.973    -0.034
16.360    -660.466    -0.034
16.277    -660.960    -0.034
16.192    -661.453    -0.034
16.108    -661.945    -0.034
15.961    -662.731    -0.035
15.868    -663.223    -0.035
15.753    -663.811    -0.035
15.654    -664.302    -0.035
15.556    -664.791    -0.035
15.478    -665.184    -0.035
15.385    -665.675    -0.035
15.292    -666.167    -0.035
15.175    -666.755    -0.035
15.076    -667.245    -0.035
14.978    -667.735    -0.035
14.900    -668.127    -0.035
14.804    -668.618    -0.035
14.707    -669.109    -0.035
14.590    -669.697    -0.035
14.491    -670.187    -0.035
14.393    -670.677    -0.035
14.315    -671.070    -0.035
14.219    -671.560    -0.035
14.122    -672.050    -0.036
14.005    -672.639    -0.036
13.906    -673.130    -0.036
13.808    -673.619    -0.036
13.707    -674.109    -0.036
13.586    -674.696    -0.036
13.486    -675.187    -0.036
13.407    -675.579    -0.036
13.308    -676.069    -0.036
13.209    -676.559    -0.036
13.042    -677.341    -0.036
12.908    -677.926    -0.036
12.795    -678.413    -0.036
12.683    -678.900    -0.036
12.571    -679.387    -0.036
12.459    -679.875    -0.036
12.346    -680.362    -0.036
12.233    -680.848    -0.036
12.121    -681.336    -0.037
12.008    -681.823    -0.037
11.918    -682.213    -0.037
11.829    -682.602    -0.037
11.769    -682.897    -0.037
11.670    -683.386    -0.037
11.507    -684.170    -0.037
11.395    -684.657    -0.037
11.282    -685.144    -0.037
11.149    -685.729    -0.037
10.938    -686.604    -0.037
10.815    -687.088    -0.037
10.690    -687.572    -0.037
10.564    -688.056    -0.037
10.413    -688.637    -0.037
10.286    -689.121    -0.037
10.187    -689.508    -0.037
10.063    -689.992    -0.037
9.911    -690.573    -0.038
9.810    -690.960    -0.038
9.685    -691.443    -0.038
9.587    -691.832    -0.038
9.490    -692.220    -0.038
9.369    -692.705    -0.038
9.224    -693.287    -0.038
9.048    -693.964    -0.038
8.921    -694.448    -0.038
8.795    -694.932    -0.038
8.692    -695.318    -0.038
8.538    -695.898    -0.038
8.436    -696.285    -0.038
8.284    -696.865    -0.038
8.074    -697.637    -0.038
7.933    -698.117    -0.038
7.765    -698.693    -0.038
7.681    -698.981    -0.038
7.545    -699.461    -0.038
7.408    -699.943    -0.039
7.215    -700.615    -0.039
7.074    -701.095    -0.039
6.933    -701.575    -0.039
6.850    -701.863    -0.039
6.713    -702.344    -0.039
6.549    -702.921    -0.039
6.380    -703.496    -0.039
6.268    -703.880    -0.039
6.128    -704.360    -0.039
5.957    -704.936    -0.039
5.815    -705.415    -0.039
5.701    -705.799    -0.039
5.533    -706.374    -0.039
5.420    -706.758    -0.039
5.278    -707.237    -0.039
5.107    -707.812    -0.039
4.994    -708.196    -0.039
4.825    -708.772    -0.040
4.625    -709.442    -0.040
4.476    -709.919    -0.040
4.328    -710.397    -0.040
4.239    -710.684    -0.040
4.126    -711.067    -0.040
3.956    -711.643    -0.040
3.756    -712.313    -0.040
3.608    -712.791    -0.040
3.489    -713.173    -0.040
3.371    -713.555    -0.040
3.258    -713.939    -0.040
3.116    -714.418    -0.040
2.853    -715.279    -0.040
2.668    -715.849    -0.040
2.544    -716.229    -0.040
2.289    -716.987    -0.040
2.092    -717.554    -0.040
1.961    -717.932    -0.041
1.836    -718.312    -0.041
1.642    -718.880    -0.041
1.446    -719.446    -0.041
1.315    -719.825    -0.041
1.151    -720.297    -0.041
0.954    -720.863    -0.041
0.822    -721.241    -0.041
0.658    -721.713    -0.041
0.495    -722.186    -0.041
0.331    -722.658    -0.041
0.135    -723.225    -0.041
0.003    -723.603    -0.041
-0.229    -724.264    -0.041
-0.398    -724.734    -0.041
-0.567    -725.204    -0.041
-0.702    -725.581    -0.041
-0.866    -726.053    -0.041
-0.997    -726.431    -0.041
-1.267    -727.185    -0.042
-1.472    -727.749    -0.042
-1.646    -728.217    -0.042
-1.820    -728.686    -0.042
-1.995    -729.154    -0.042
-2.205    -729.716    -0.042
-2.346    -730.091    -0.042
-2.521    -730.559    -0.042
-2.731    -731.121    -0.042
-2.870    -731.495    -0.042
-3.045    -731.964    -0.042
-3.220    -732.433    -0.042
-3.395    -732.901    -0.042
-3.570    -733.369    -0.042
-3.853    -734.117    -0.042
-4.036    -734.582    -0.042
-4.218    -735.048    -0.042
-4.521    -735.788    -0.043
-4.713    -736.249    -0.043
-4.867    -736.619    -0.043
-4.977    -736.898    -0.043
-5.159    -737.363    -0.043
-5.269    -737.643    -0.043
-5.488    -738.201    -0.043
-5.791    -738.941    -0.043
-5.984    -739.403    -0.043
-6.175    -739.864    -0.043
-6.365    -740.327    -0.043
-6.517    -740.697    -0.043
-6.746    -741.252    -0.043
-6.939    -741.714    -0.043
-7.169    -742.267    -0.043
-7.284    -742.544    -0.043
-7.474    -743.007    -0.043
-7.702    -743.561    -0.043
-7.932    -744.116    -0.044
-8.124    -744.577    -0.044
-8.317    -745.039    -0.044
-8.552    -745.590    -0.044
-8.709    -745.958    -0.044
-8.905    -746.418    -0.044
-9.060    -746.787    -0.044
-9.252    -747.248    -0.044
-9.444    -747.710    -0.044
-9.679    -748.262    -0.044
-9.915    -748.814    -0.044
-10.072    -749.182    -0.044
-10.265    -749.642    -0.044
-10.459    -750.104    -0.044
-10.695    -750.656    -0.044
-10.891    -751.115    -0.044
-11.264    -751.934    -0.044
-11.518    -752.478    -0.045
-11.864    -753.199    -0.045
-12.040    -753.558    -0.045
-12.216    -753.917    -0.045
-12.343    -754.189    -0.045
-12.554    -754.642    -0.045
-12.764    -755.095    -0.045
-12.932    -755.459    -0.045
-13.181    -756.005    -0.045
-13.388    -756.459    -0.045
-13.598    -756.913    -0.045
-13.809    -757.367    -0.045
-14.062    -757.910    -0.045
-14.146    -758.092    -0.045
-14.354    -758.547    -0.045
-14.603    -759.093    -0.045
-14.854    -759.637    -0.045
-15.065    -760.090    -0.045
-15.406    -760.814    -0.046
-15.627    -761.263    -0.046
-15.846    -761.712    -0.046
-15.979    -761.981    -0.046
-16.148    -762.344    -0.046
-16.359    -762.797    -0.046
-16.569    -763.250    -0.046
-16.963    -764.060    -0.046
-17.139    -764.419    -0.046
-17.595    -765.309    -0.046
-17.781    -765.663    -0.046
-17.967    -766.017    -0.046
-18.057    -766.196    -0.046
-18.414    -766.911    -0.046
-18.593    -767.269    -0.046
-18.819    -767.715    -0.046
-19.142    -768.336    -0.046
-19.374    -768.778    -0.047
-19.607    -769.221    -0.047
-19.742    -769.489    -0.047
-20.061    -770.113    -0.047
-20.294    -770.555    -0.047
-20.572    -771.086    -0.047
-20.807    -771.527    -0.047
-21.043    -771.968    -0.047
-21.231    -772.321    -0.047
-21.512    -772.851    -0.047
-21.745    -773.294    -0.047
-21.930    -773.648    -0.047
-22.211    -774.178    -0.047
-22.447    -774.620    -0.047
-22.635    -774.972    -0.047
-22.914    -775.503    -0.047
-23.100    -775.857    -0.047
-23.526    -776.650    -0.047
-23.719    -777.000    -0.048
-23.961    -777.438    -0.048
-24.057    -777.613    -0.048
-24.289    -778.056    -0.048
-24.668    -778.761    -0.048
-24.957    -779.286    -0.048
-25.348    -779.984    -0.048
-25.549    -780.330    -0.048
-25.800    -780.763    -0.048
-26.001    -781.108    -0.048
-26.194    -781.459    -0.048
-26.488    -781.981    -0.048
-26.786    -782.502    -0.048
-26.985    -782.849    -0.048
-27.336    -783.454    -0.048
-27.537    -783.801    -0.048
-27.788    -784.233    -0.048
-27.987    -784.580    -0.048
-28.284    -785.101    -0.049
-28.483    -785.447    -0.049
-28.784    -785.967    -0.049
-29.035    -786.400    -0.049
-29.286    -786.832    -0.049
-29.586    -787.352    -0.049
-29.787    -787.698    -0.049
-30.038    -788.130    -0.049
-30.393    -788.733    -0.049
-30.648    -789.163    -0.049
-30.903    -789.592    -0.049
-31.055    -789.851    -0.049
-31.306    -790.284    -0.049
-31.661    -790.886    -0.049
-31.917    -791.316    -0.049
-32.173    -791.745    -0.049
-32.375    -792.091    -0.049
-32.626    -792.523    -0.049
-32.984    -793.125    -0.050
-33.294    -793.638    -0.050
-33.717    -794.317    -0.050
-33.933    -794.654    -0.050
-34.256    -795.159    -0.050
-34.527    -795.580    -0.050
-34.796    -796.001    -0.050
-35.120    -796.506    -0.050
-35.336    -796.843    -0.050
-35.606    -797.263    -0.050
-35.875    -797.685    -0.050
-36.146    -798.105    -0.050
-36.416    -798.526    -0.050
-36.685    -798.947    -0.050
-36.955    -799.368    -0.050
-37.225    -799.789    -0.050
-37.605    -800.376    -0.050
-37.826    -800.710    -0.051
-38.155    -801.212    -0.051
-38.372    -801.547    -0.051
-38.588    -801.884    -0.051
-38.857    -802.306    -0.051
-39.239    -802.893    -0.051
-39.513    -803.310    -0.051
-39.788    -803.728    -0.051
-39.951    -803.980    -0.051
-40.221    -804.400    -0.051
-40.491    -804.821    -0.051
-40.872    -805.408    -0.051
-41.034    -805.661    -0.051
-41.357    -806.166    -0.051
-41.744    -806.750    -0.051
-42.022    -807.166    -0.051
-42.532    -807.907    -0.051
-42.763    -808.233    -0.052
-43.109    -808.723    -0.052
-43.167    -808.805    -0.052
-43.444    -809.221    -0.052
-43.722    -809.636    -0.052
-44.230    -810.379    -0.052
-44.461    -810.706    -0.052
-44.808    -811.195    -0.052
-45.097    -811.603    -0.052
-45.387    -812.011    -0.052
-45.618    -812.336    -0.052
-45.966    -812.826    -0.052
-46.197    -813.152    -0.052
-46.544    -813.641    -0.052
-46.833    -814.049    -0.052
-47.123    -814.457    -0.052
-47.412    -814.865    -0.052
-47.701    -815.273    -0.052
-47.991    -815.680    -0.052
-48.280    -816.088    -0.053
-48.512    -816.414    -0.053
-49.100    -817.222    -0.053
-49.402    -817.620    -0.053
-49.704    -818.019    -0.053
-49.765    -818.099    -0.053
-50.054    -818.507    -0.053
-50.342    -818.915    -0.053
-50.752    -819.482    -0.053
-51.107    -819.966    -0.053
-51.469    -820.444    -0.053
-51.770    -820.843    -0.053
-52.200    -821.397    -0.053
-52.568    -821.869    -0.053
-52.753    -822.106    -0.053
-52.933    -822.345    -0.053
-53.295    -822.824    -0.053
-53.719    -823.381    -0.054
-54.026    -823.775    -0.054
-54.334    -824.169    -0.054
-54.766    -824.720    -0.054
-55.016    -825.033    -0.054
-55.264    -825.346    -0.054
-55.633    -825.819    -0.054
-55.818    -826.056    -0.054
-56.125    -826.450    -0.054
-56.366    -826.769    -0.054
-56.607    -827.088    -0.054
-57.030    -827.646    -0.054
-57.399    -828.120    -0.054
-57.768    -828.593    -0.054
-58.076    -828.986    -0.054
-58.386    -829.379    -0.054
-58.696    -829.771    -0.054
-58.882    -830.006    -0.054
-59.251    -830.479    -0.055
-59.622    -830.951    -0.055
-59.932    -831.342    -0.055
-60.633    -832.191    -0.055
-60.957    -832.572    -0.055
-61.216    -832.876    -0.055
-61.342    -833.031    -0.055
-61.658    -833.418    -0.055
-61.974    -833.806    -0.055
-62.552    -834.495    -0.055
-62.811    -834.801    -0.055
-63.134    -835.181    -0.055
-63.390    -835.489    -0.055
-63.644    -835.797    -0.055
-63.963    -836.182    -0.055
-64.479    -836.794    -0.055
-64.803    -837.175    -0.055
-65.127    -837.556    -0.055
-65.519    -838.010    -0.056
-65.781    -838.313    -0.056
-66.107    -838.691    -0.056
-66.302    -838.919    -0.056
-66.626    -839.300    -0.056
-67.079    -839.834    -0.056
-67.405    -840.213    -0.056
-67.732    -840.591    -0.056
-68.123    -841.046    -0.056
-68.383    -841.350    -0.056
-68.707    -841.730    -0.056
-69.233    -842.333    -0.056
-69.634    -842.779    -0.056
-69.901    -843.078    -0.056
-70.371    -843.596    -0.056
-70.707    -843.966    -0.056
-70.977    -844.261    -0.056
-71.381    -844.705    -0.057
-71.717    -845.075    -0.057
-72.053    -845.445    -0.057
-72.323    -845.740    -0.057
-72.659    -846.110    -0.057
-73.063    -846.554    -0.057
-73.399    -846.924    -0.057
-73.735    -847.294    -0.057
-74.072    -847.664    -0.057
-74.408    -848.034    -0.057
-74.814    -848.475    -0.057
-75.155    -848.841    -0.057
-75.564    -849.280    -0.057
-75.701    -849.426    -0.057
-76.037    -849.796    -0.057
-76.579    -850.384    -0.057
-76.852    -850.677    -0.057
-77.262    -851.114    -0.057
-77.605    -851.478    -0.057
-78.017    -851.915    -0.058
-78.222    -852.135    -0.058
-78.562    -852.500    -0.058
-78.972    -852.939    -0.058
-79.314    -853.303    -0.058
-79.657    -853.667    -0.058
-80.209    -854.245    -0.058
-80.559    -854.602    -0.058
-80.839    -854.888    -0.058
-81.049    -855.102    -0.058
-81.392    -855.466    -0.058
-81.804    -855.903    -0.058
-82.218    -856.337    -0.058
-82.638    -856.766    -0.058
-82.847    -856.980    -0.058
-83.190    -857.344    -0.058
-83.464    -857.635    -0.058
-83.947    -858.142    -0.058
-84.225    -858.429    -0.058
-85.072    -859.278    -0.059
-85.362    -859.554    -0.059
-85.724    -859.899    -0.059
-85.867    -860.038    -0.059
-86.220    -860.393    -0.059
-86.789    -860.955    -0.059
-87.151    -861.300    -0.059
-87.585    -861.714    -0.059
-87.730    -861.852    -0.059
-88.011    -862.136    -0.059
-88.363    -862.491    -0.059
-89.075    -863.194    -0.059
-89.364    -863.470    -0.059
-89.726    -863.815    -0.059
-90.090    -864.157    -0.059
-90.528    -864.568    -0.059
-90.819    -864.841    -0.059
-91.182    -865.185    -0.060
-91.770    -865.728    -0.060
-92.139    -866.065    -0.060
-92.509    -866.402    -0.060
-92.803    -866.673    -0.060
-93.170    -867.012    -0.060
-93.537    -867.352    -0.060
-93.980    -867.756    -0.060
-94.275    -868.026    -0.060
-94.719    -868.431    -0.060
-94.866    -868.566    -0.060
-95.229    -868.910    -0.060
-95.592    -869.253    -0.060
-95.955    -869.597    -0.060
-96.318    -869.941    -0.060
-96.904    -870.484    -0.060
-97.274    -870.821    -0.060
-97.643    -871.159    -0.060
-98.090    -871.559    -0.060
-98.463    -871.891    -0.061
-98.837    -872.224    -0.061
-99.058    -872.426    -0.061
-99.502    -872.831    -0.061
-99.946    -873.233    -0.061
-100.395    -873.632    -0.061
-100.768    -873.964    -0.061
-101.219    -874.360    -0.061
-101.596    -874.689    -0.061
-101.974    -875.016    -0.061
-102.273    -875.282    -0.061
-102.572    -875.547    -0.061
-103.020    -875.945    -0.061
-103.471    -876.341    -0.061
-103.848    -876.670    -0.061
-104.766    -877.442    -0.061
-105.079    -877.691    -0.061
-105.157    -877.754    -0.061
-105.383    -877.951    -0.061
-105.760    -878.279    -0.062
-106.137    -878.608    -0.062
-106.592    -879.000    -0.062
-106.971    -879.325    -0.062
-107.274    -879.586    -0.062
-107.651    -879.915    -0.062
-108.028    -880.243    -0.062
-108.559    -880.698    -0.062
-108.941    -881.021    -0.062
-109.246    -881.280    -0.062
-109.548    -881.543    -0.062
-109.925    -881.871    -0.062
-110.457    -882.326    -0.062
-110.915    -882.713    -0.062
-111.607    -883.287    -0.062
-111.999    -883.599    -0.062
-112.311    -883.848    -0.062
-112.624    -884.097    -0.062
-113.011    -884.415    -0.063
-113.398    -884.732    -0.063
-113.629    -884.922    -0.063
-114.015    -885.240    -0.063
-114.716    -885.805    -0.063
-115.106    -886.116    -0.063
-115.577    -886.488    -0.063
-115.973    -886.795    -0.063
-116.368    -887.101    -0.063
-116.682    -887.348    -0.063
-116.995    -887.597    -0.063
-117.386    -887.908    -0.063
-117.857    -888.280    -0.063
-118.331    -888.649    -0.063
-118.646    -888.895    -0.063
-118.959    -889.144    -0.063
-119.428    -889.517    -0.063
-119.820    -889.829    -0.063
-120.213    -890.137    -0.063
-120.606    -890.446    -0.063
-120.999    -890.755    -0.064
-121.390    -891.067    -0.064
-121.781    -891.378    -0.064
-122.579    -891.980    -0.064
-122.984    -892.273    -0.064
-123.389    -892.567    -0.064
-123.631    -892.744    -0.064
-124.352    -893.282    -0.064
-124.759    -893.572    -0.064
-125.003    -893.747    -0.064
-125.244    -893.925    -0.064
-125.563    -894.166    -0.064
-126.041    -894.529    -0.064
-126.360    -894.770    -0.064
-126.839    -895.133    -0.064
-127.565    -895.664    -0.064
-127.890    -895.896    -0.064
-128.460    -896.303    -0.064
-128.868    -896.591    -0.065
-129.195    -896.822    -0.065
-129.602    -897.113    -0.065
-129.927    -897.346    -0.065
-130.414    -897.695    -0.065
-130.823    -897.985    -0.065
-131.313    -898.330    -0.065
-131.721    -898.618    -0.065
-132.047    -898.851    -0.065
-132.372    -899.083    -0.065
-132.860    -899.433    -0.065
-133.431    -899.837    -0.065
-133.676    -900.011    -0.065
-134.247    -900.415    -0.065
-134.574    -900.645    -0.065
-134.901    -900.877    -0.065
-135.307    -901.168    -0.065
-135.713    -901.459    -0.065
-136.119    -901.750    -0.065
-136.857    -902.266    -0.065
-137.442    -902.650    -0.066
-137.862    -902.922    -0.066
-138.281    -903.194    -0.066
-138.529    -903.363    -0.066
-138.943    -903.643    -0.066
-139.357    -903.923    -0.066
-139.856    -904.257    -0.066
-140.272    -904.535    -0.066
-140.857    -904.919    -0.066
-141.192    -905.137    -0.066
-141.611    -905.409    -0.066
-142.030    -905.681    -0.066
-142.533    -906.009    -0.066
-142.867    -906.228    -0.066
-143.371    -906.555    -0.066
-143.791    -906.827    -0.066
-144.126    -907.045    -0.066
-144.544    -907.318    -0.066
-145.048    -907.645    -0.066
-145.384    -907.863    -0.066
-145.886    -908.190    -0.067
-146.392    -908.512    -0.067
-146.814    -908.779    -0.067
-147.237    -909.047    -0.067
-147.488    -909.210    -0.067
-147.908    -909.482    -0.067
-148.411    -909.809    -0.067
-148.831    -910.080    -0.067
-149.252    -910.351    -0.067
-149.588    -910.567    -0.067
-150.523    -911.146    -0.067
-150.954    -911.401    -0.067
-151.384    -911.655    -0.067
-151.554    -911.760    -0.067
-152.065    -912.075    -0.067
-152.491    -912.338    -0.067
-153.092    -912.696    -0.067
-153.522    -912.951    -0.067
-153.952    -913.205    -0.067
-154.122    -913.310    -0.067
-155.158    -913.915    -0.068
-155.506    -914.113    -0.068
-155.679    -914.213    -0.068
-156.109    -914.467    -0.068
-156.625    -914.772    -0.068
-157.230    -915.124    -0.068
-157.578    -915.324    -0.068
-158.098    -915.622    -0.068
-158.271    -915.722    -0.068
-158.702    -915.977    -0.068
-159.132    -916.231    -0.068
-159.650    -916.535    -0.068
-160.168    -916.838    -0.068
-160.600    -917.089    -0.068
-160.944    -917.291    -0.068
-161.375    -917.546    -0.068
-161.982    -917.893    -0.068
-162.418    -918.139    -0.068
-162.854    -918.384    -0.068
-163.025    -918.486    -0.068
-163.370    -918.690    -0.068
-164.499    -919.334    -0.069
-164.939    -919.570    -0.069
-165.292    -919.760    -0.069
-165.467    -919.857    -0.069
-165.902    -920.102    -0.069
-166.337    -920.347    -0.069
-166.862    -920.641    -0.069
-167.827    -921.165    -0.069
-168.272    -921.393    -0.069
-168.538    -921.532    -0.069
-168.892    -921.720    -0.069
-169.243    -921.909    -0.069
-169.772    -922.193    -0.069
-170.212    -922.430    -0.069
-170.655    -922.663    -0.069
-171.185    -922.943    -0.069
-171.539    -923.130    -0.069
-171.803    -923.272    -0.069
-172.420    -923.603    -0.069
-172.951    -923.882    -0.069
-173.393    -924.116    -0.070
-173.927    -924.389    -0.070
-174.462    -924.661    -0.070
-174.907    -924.889    -0.070
-175.084    -924.982    -0.070
-175.526    -925.215    -0.070
-176.057    -925.495    -0.070
-176.591    -925.768    -0.070
-177.126    -926.040    -0.070
-177.483    -926.221    -0.070
-177.748    -926.361    -0.070
-178.279    -926.640    -0.070
-178.720    -926.874    -0.070
-179.255    -927.147    -0.070
-179.521    -927.285    -0.070
-180.504    -927.781    -0.070
-180.953    -927.998    -0.070
-181.403    -928.216    -0.070
-182.037    -928.515    -0.070
-182.398    -928.685    -0.070
-182.759    -928.857    -0.070
-183.209    -929.075    -0.071
-183.569    -929.250    -0.071
-184.200    -929.554    -0.071
-184.562    -929.724    -0.071
-185.104    -929.980    -0.071
-185.465    -930.152    -0.071
-185.825    -930.326    -0.071
-186.547    -930.672    -0.071
-186.909    -930.842    -0.071
-187.452    -931.095    -0.071
-187.814    -931.266    -0.071
-188.176    -931.437    -0.071
-188.718    -931.692    -0.071
-189.261    -931.948    -0.071
-189.714    -932.160    -0.071
-190.077    -932.329    -0.071
-190.529    -932.542    -0.071
-190.981    -932.756    -0.071
-191.797    -933.134    -0.071
-192.255    -933.335    -0.071
-192.714    -933.536    -0.071
-193.172    -933.733    -0.071
-193.632    -933.930    -0.072
-194.183    -934.166    -0.072
-194.550    -934.326    -0.072
-195.008    -934.526    -0.072
-195.558    -934.766    -0.072
-195.926    -934.924    -0.072
-196.385    -935.121    -0.072
-196.845    -935.318    -0.072
-197.303    -935.517    -0.072
-197.761    -935.718    -0.072
-198.311    -935.958    -0.072
-198.678    -936.116    -0.072
-199.138    -936.313    -0.072
-199.689    -936.549    -0.072
-200.057    -936.709    -0.072
-200.607    -936.946    -0.072
-201.159    -937.182    -0.072
-201.712    -937.412    -0.072
-202.175    -937.602    -0.072
-202.916    -937.902    -0.072
-203.289    -938.049    -0.072
-203.754    -938.233    -0.072
-204.125    -938.381    -0.073
-204.496    -938.532    -0.073
-204.958    -938.722    -0.073
-205.699    -939.023    -0.073
-206.164    -939.206    -0.073
-206.537    -939.352    -0.073
-207.188    -939.610    -0.073
-207.561    -939.754    -0.073
-208.121    -939.969    -0.073
-208.493    -940.114    -0.073
-208.866    -940.260    -0.073
-209.331    -940.443    -0.073
-209.983    -940.699    -0.073
-210.356    -940.842    -0.073
-210.822    -941.022    -0.073
-211.288    -941.203    -0.073
-211.661    -941.350    -0.073
-212.126    -941.533    -0.073
-212.778    -941.788    -0.073
-213.150    -941.932    -0.073
-213.898    -942.217    -0.073
-214.368    -942.388    -0.073
-215.025    -942.627    -0.073
-215.498    -942.792    -0.074
-215.970    -942.956    -0.074
-216.442    -943.121    -0.074
-216.630    -943.189    -0.074
-217.193    -943.396    -0.074
-217.851    -943.634    -0.074
-218.324    -943.798    -0.074
-218.796    -943.962    -0.074
-219.174    -944.094    -0.074
-219.550    -944.231    -0.074
-220.208    -944.467    -0.074
-220.681    -944.631    -0.074
-221.153    -944.795    -0.074
-221.720    -944.990    -0.074
-222.194    -945.152    -0.074
-222.666    -945.313    -0.074
-223.044    -945.444    -0.074
-223.516    -945.608    -0.074
-223.988    -945.773    -0.074
-224.556    -945.968    -0.074
-225.029    -946.130    -0.074
-225.597    -946.325    -0.074
-225.975    -946.454    -0.074
-226.353    -946.585    -0.074
-226.825    -946.749    -0.075
-227.297    -946.914    -0.075
-228.152    -947.196    -0.075
-228.532    -947.320    -0.075
-228.912    -947.444    -0.075
-229.196    -947.542    -0.075
-229.668    -947.706    -0.075
-230.520    -947.994    -0.075
-230.901    -948.118    -0.075
-231.758    -948.392    -0.075
-232.333    -948.561    -0.075
-232.717    -948.674    -0.075
-233.005    -948.758    -0.075
-233.579    -948.935    -0.075
-234.058    -949.077    -0.075
-234.537    -949.219    -0.075
-235.209    -949.417    -0.075
-235.592    -949.530    -0.075
-236.072    -949.670    -0.075
-236.456    -949.784    -0.075
-237.031    -949.956    -0.075
-237.414    -950.069    -0.075
-237.989    -950.238    -0.075
-238.469    -950.380    -0.075
-238.949    -950.521    -0.076
-239.429    -950.662    -0.076
-239.907    -950.805    -0.076
-240.387    -950.947    -0.076
-240.867    -951.088    -0.076
-241.538    -951.285    -0.076
-242.116    -951.449    -0.076
-242.598    -951.581    -0.076
-243.080    -951.713    -0.076
-243.272    -951.767    -0.076
-243.752    -951.908    -0.076
-244.231    -952.049    -0.076
-245.001    -952.269    -0.076
-245.483    -952.402    -0.076
-245.965    -952.534    -0.076
-246.158    -952.588    -0.076
-246.830    -952.782    -0.076
-247.895    -953.054    -0.076
-248.381    -953.170    -0.076
-248.868    -953.287    -0.076
-249.159    -953.359    -0.076
-249.644    -953.480    -0.076
-250.130    -953.601    -0.076
-250.810    -953.764    -0.076
-251.296    -953.881    -0.076
-251.783    -953.997    -0.077
-252.073    -954.070    -0.077
-252.558    -954.191    -0.077
-253.237    -954.359    -0.077
-253.724    -954.476    -0.077
-254.210    -954.591    -0.077
-254.696    -954.708    -0.077
-254.988    -954.781    -0.077
-255.667    -954.949    -0.077
-256.153    -955.065    -0.077
-256.640    -955.180    -0.077
-257.224    -955.318    -0.077
-257.614    -955.408    -0.077
-258.197    -955.544    -0.077
-258.587    -955.635    -0.077
-259.074    -955.752    -0.077
-259.559    -955.867    -0.077
-260.047    -955.983    -0.077
-260.630    -956.118    -0.077
-261.118    -956.232    -0.077
-261.507    -956.323    -0.077
-261.993    -956.438    -0.077
-262.480    -956.555    -0.077
-263.261    -956.728    -0.077
-263.749    -956.835    -0.077
-264.533    -956.995    -0.077
-265.121    -957.109    -0.078
-265.514    -957.185    -0.078
-265.710    -957.226    -0.078
-266.198    -957.332    -0.078
-266.687    -957.440    -0.078
-267.471    -957.598    -0.078
-267.962    -957.694    -0.078
-268.550    -957.808    -0.078
-269.041    -957.901    -0.078
-269.435    -957.977    -0.078
-270.024    -958.089    -0.078
-270.416    -958.166    -0.078
-270.907    -958.260    -0.078
-271.497    -958.374    -0.078
-271.987    -958.468    -0.078
-272.478    -958.561    -0.078
-272.969    -958.656    -0.078
-273.363    -958.732    -0.078
-273.853    -958.828    -0.078
-274.542    -958.956    -0.078
-274.935    -959.027    -0.078
-275.427    -959.117    -0.078
-275.919    -959.206    -0.078
-276.311    -959.280    -0.078
-276.802    -959.375    -0.078
-277.392    -959.489    -0.078
-278.179    -959.627    -0.078
-278.574    -959.695    -0.078
-278.967    -959.762    -0.079
-279.262    -959.818    -0.079
-279.753    -959.913    -0.079
-280.541    -960.053    -0.079
-281.133    -960.154    -0.079
-281.625    -960.236    -0.079
-282.218    -960.330    -0.079
-282.811    -960.424    -0.079
-283.304    -960.503    -0.079
-283.798    -960.578    -0.079
-284.391    -960.667    -0.079
-284.688    -960.713    -0.079
-285.281    -960.807    -0.079
-285.577    -960.854    -0.079
-286.269    -960.963    -0.079
-286.763    -961.038    -0.079
-287.356    -961.128    -0.079
-287.652    -961.174    -0.079
-288.245    -961.268    -0.079
-288.541    -961.315    -0.079
-289.232    -961.423    -0.079
-289.628    -961.485    -0.079
-290.618    -961.624    -0.079
-291.015    -961.676    -0.079
-291.609    -961.754    -0.079
-292.105    -961.818    -0.079
-292.601    -961.882    -0.079
-292.998    -961.933    -0.079
-293.494    -961.998    -0.080
-294.088    -962.076    -0.080
-294.585    -962.140    -0.080
-295.080    -962.204    -0.080
-295.576    -962.268    -0.080
-295.973    -962.319    -0.080
-296.370    -962.371    -0.080
-297.262    -962.484    -0.080
-297.759    -962.538    -0.080
-298.355    -962.603    -0.080
-298.753    -962.646    -0.080
-299.250    -962.701    -0.080
-299.747    -962.756    -0.080
-300.244    -962.810    -0.080
-300.841    -962.875    -0.080
-301.337    -962.930    -0.080
-301.734    -962.973    -0.080
-302.232    -963.028    -0.080
-302.729    -963.083    -0.080
-303.226    -963.137    -0.080
-303.723    -963.192    -0.080
-304.319    -963.257    -0.080
-304.916    -963.320    -0.080
-305.314    -963.358    -0.080
-305.911    -963.417    -0.080
-306.708    -963.482    -0.080
-307.207    -963.519    -0.080
-307.705    -963.556    -0.080
-307.805    -963.565    -0.080
-308.203    -963.610    -0.080
-308.600    -963.656    -0.080
-309.695    -963.760    -0.081
-310.193    -963.797    -0.081
-310.991    -963.849    -0.081
-311.490    -963.875    -0.081
-311.990    -963.900    -0.081
-312.189    -963.915    -0.081
-312.688    -963.951    -0.081
-313.187    -963.988    -0.081
-313.485    -964.010    -0.081
-313.685    -964.031    -0.081
-314.182    -964.086    -0.081
-315.177    -964.179    -0.081
-315.775    -964.222    -0.081
-316.274    -964.257    -0.081
-316.772    -964.291    -0.081
-317.571    -964.341    -0.081
-317.971    -964.360    -0.081
-318.669    -964.393    -0.081
-319.169    -964.415    -0.081
-319.669    -964.436    -0.081
-320.168    -964.458    -0.081
-320.568    -964.475    -0.081
-320.967    -964.494    -0.081
-321.667    -964.528    -0.081
-321.867    -964.538    -0.081
-322.365    -964.568    -0.081
-322.864    -964.599    -0.081
-323.464    -964.632    -0.081
-324.062    -964.661    -0.081
-324.562    -964.685    -0.081
-325.161    -964.711    -0.081
-325.661    -964.733    -0.081
-325.961    -964.746    -0.082
-326.560    -964.774    -0.082
-327.159    -964.802    -0.082
-327.659    -964.824    -0.082
-328.358    -964.851    -0.082
-328.857    -964.864    -0.082
-329.457    -964.879    -0.082
-330.057    -964.890    -0.082
-330.457    -964.896    -0.082
-331.157    -964.908    -0.082
-331.657    -964.913    -0.082
-332.157    -964.917    -0.082
-332.557    -964.922    -0.082
-332.957    -964.928    -0.082
-333.556    -964.938    -0.082
-334.056    -964.947    -0.082
-334.556    -964.952    -0.082
-335.056    -964.959    -0.082
-335.556    -964.968    -0.082
-335.956    -964.975    -0.082
-336.556    -964.983    -0.082
-337.156    -964.989    -0.082
-337.556    -964.993    -0.082
-338.056    -965.002    -0.082
-338.456    -965.010    -0.082
-338.956    -965.021    -0.082
-339.956    -965.021    -0.082
-340.355    -965.016    -0.082
-340.855    -965.011    -0.082
-341.355    -965.010    -0.082
-341.755    -965.010    -0.082
-342.356    -965.007    -0.082
-342.955    -965.000    -0.082
-344.054    -964.968    -0.082
-344.554    -964.939    -0.083
-344.952    -964.915    -0.083
-345.052    -964.911    -0.083
-345.353    -964.907    -0.083
-345.853    -964.902    -0.083
-346.452    -964.895    -0.083
-346.552    -964.896    -0.083
-346.952    -964.903    -0.083
-347.452    -964.913    -0.083
-348.352    -964.916    -0.083
-349.151    -964.899    -0.083
-349.651    -964.885    -0.083
-350.251    -964.868    -0.083
-350.751    -964.850    -0.083
-351.150    -964.836    -0.083
-351.650    -964.818    -0.083
-352.249    -964.800    -0.083
-352.749    -964.783    -0.083
-353.249    -964.765    -0.083
-353.848    -964.740    -0.083
-354.448    -964.713    -0.083
-354.847    -964.695    -0.083
-355.247    -964.680    -0.083
-355.746    -964.662    -0.083
-356.246    -964.644    -0.083
-357.245    -964.592    -0.083
-357.545    -964.575    -0.083
-357.844    -964.558    -0.083
-358.143    -964.547    -0.083
-358.943    -964.518    -0.083
-359.443    -964.498    -0.083
-359.742    -964.487    -0.083
-360.741    -964.429    -0.083
-361.239    -964.393    -0.083
-361.738    -964.360    -0.083
-362.037    -964.342    -0.083
-362.736    -964.301    -0.083
-363.235    -964.269    -0.083
-363.834    -964.227    -0.083
-364.233    -964.200    -0.083
-364.831    -964.157    -0.084
-365.330    -964.119    -0.084
-365.628    -964.098    -0.084
-366.127    -964.066    -0.084
-366.726    -964.028    -0.084
-367.225    -963.993    -0.084
-367.724    -963.959    -0.084
-368.322    -963.917    -0.084
-368.721    -963.889    -0.084
-369.520    -963.829    -0.084
-370.017    -963.785    -0.084
-370.515    -963.739    -0.084
-371.112    -963.684    -0.084
-371.610    -963.637    -0.084
-372.108    -963.590    -0.084
-372.507    -963.553    -0.084
-373.104    -963.499    -0.084
-373.502    -963.463    -0.084
-374.396    -963.362    -0.084
-374.893    -963.303    -0.084
-375.191    -963.268    -0.084
-375.589    -963.231    -0.084
-375.987    -963.196    -0.084
-376.485    -963.150    -0.084
-377.082    -963.094    -0.084
-377.580    -963.045    -0.084
-378.376    -962.964    -0.084
-378.872    -962.906    -0.084
-379.368    -962.849    -0.084
-379.865    -962.791    -0.084
-380.361    -962.732    -0.084
-380.858    -962.673    -0.084
-381.355    -962.616    -0.084
-381.852    -962.558    -0.084
-382.348    -962.501    -0.084
-383.042    -962.412    -0.084
-383.538    -962.347    -0.084
-383.935    -962.295    -0.084
-384.333    -962.249    -0.084
-384.829    -962.191    -0.084
-385.325    -962.135    -0.084
-385.724    -962.090    -0.084
-386.616    -961.981    -0.084
-387.111    -961.912    -0.084
-387.607    -961.842    -0.085
-388.101    -961.775    -0.085
-388.499    -961.721    -0.085
-389.093    -961.641    -0.085
-389.588    -961.573    -0.085
-390.083    -961.503    -0.085
-390.578    -961.434    -0.085
-391.074    -961.367    -0.085
-391.470    -961.313    -0.085
-392.065    -961.232    -0.085
-392.953    -961.094    -0.085
-393.349    -961.029    -0.085
-394.039    -960.916    -0.085
-394.335    -960.867    -0.085
-394.927    -960.769    -0.085
-395.224    -960.721    -0.085
-395.521    -960.681    -0.085
-396.016    -960.614    -0.085
-396.807    -960.499    -0.085
-397.301    -960.418    -0.085
-398.188    -960.268    -0.085
-398.679    -960.175    -0.085
-399.170    -960.083    -0.085
-399.466    -960.031    -0.085
-399.860    -959.965    -0.085
-400.354    -959.882    -0.085
-400.748    -959.818    -0.085
-401.242    -959.739    -0.085
-401.736    -959.662    -0.085
-402.720    -959.484    -0.085
-403.309    -959.368    -0.085
-403.602    -959.310    -0.085
-404.095    -959.218    -0.085
-404.586    -959.127    -0.085
-405.077    -959.035    -0.085
-405.764    -958.901    -0.085
-406.255    -958.805    -0.085
-406.745    -958.708    -0.085
-407.235    -958.611    -0.085
-407.727    -958.514    -0.085
-408.119    -958.437    -0.085
-408.609    -958.340    -0.085
-409.099    -958.244    -0.085
-409.591    -958.147    -0.085
-410.081    -958.051    -0.085
-410.670    -957.934    -0.085
-411.258    -957.815    -0.085
-411.747    -957.714    -0.085
-412.139    -957.634    -0.085
-412.630    -957.537    -0.085
-413.022    -957.460    -0.085
-413.610    -957.343    -0.085
-414.101    -957.248    -0.085
-414.494    -957.173    -0.085
-415.376    -956.995    -0.086
-415.864    -956.886    -0.086
-416.837    -956.658    -0.086
-417.418    -956.507    -0.086
-417.805    -956.406    -0.086
-417.902    -956.382    -0.086
-418.293    -956.295    -0.086
-418.781    -956.186    -0.086
-419.268    -956.077    -0.086
-419.659    -955.994    -0.086
-420.149    -955.892    -0.086
-420.541    -955.810    -0.086
-421.224    -955.662    -0.086
-421.713    -955.552    -0.086
-422.201    -955.444    -0.086
-422.882    -955.283    -0.086
-423.465    -955.143    -0.086
-423.757    -955.074    -0.086
-424.049    -955.008    -0.086
-424.539    -954.906    -0.086
-424.832    -954.844    -0.086
-426.097    -954.544    -0.086
-426.678    -954.394    -0.086
-427.258    -954.239    -0.086
-427.740    -954.110    -0.086
-428.030    -954.032    -0.086
-428.514    -953.907    -0.086
-429.095    -953.756    -0.086
-429.579    -953.631    -0.086
-430.063    -953.503    -0.086
-430.449    -953.401    -0.086
-430.932    -953.274    -0.086
-431.514    -953.124    -0.086
-431.901    -953.024    -0.086
-432.482    -952.874    -0.086
-432.870    -952.774    -0.086
-433.450    -952.623    -0.086
-433.837    -952.524    -0.086
-434.417    -952.371    -0.086
-434.996    -952.213    -0.086
-435.478    -952.081    -0.086
-435.864    -951.975    -0.086
-436.346    -951.843    -0.086
-436.828    -951.712    -0.086
-437.310    -951.580    -0.086
-437.889    -951.422    -0.086
-438.372    -951.290    -0.086
-438.758    -951.184    -0.086
-439.527    -950.967    -0.086
-440.007    -950.825    -0.086
-440.678    -950.626    -0.086
-440.774    -950.600    -0.086
-441.160    -950.494    -0.086
-441.739    -950.336    -0.086
-442.508    -950.117    -0.086
-442.796    -950.032    -0.086
-443.658    -949.776    -0.086
-444.136    -949.627    -0.086
-444.708    -949.447    -0.086
-445.184    -949.294    -0.086
-445.755    -949.111    -0.086
-446.041    -949.020    -0.086
-446.614    -948.840    -0.086
-447.089    -948.688    -0.086
-447.661    -948.504    -0.086
-448.042    -948.382    -0.086
-448.517    -948.230    -0.086
-448.898    -948.106    -0.086
-449.470    -947.923    -0.086
-449.945    -947.770    -0.086
-450.422    -947.617    -0.086
-450.898    -947.464    -0.087
-451.373    -947.311    -0.087
-451.944    -947.125    -0.087
-452.514    -946.936    -0.087
-452.988    -946.779    -0.087
-453.368    -946.656    -0.087
-453.749    -946.534    -0.087
-454.130    -946.412    -0.087
-455.079    -946.095    -0.087
-455.646    -945.898    -0.087
-456.023    -945.766    -0.087
-456.401    -945.636    -0.087
-456.780    -945.507    -0.087
-457.253    -945.345    -0.087
-457.915    -945.118    -0.087
-458.387    -944.954    -0.087
-458.859    -944.790    -0.087
-459.331    -944.624    -0.087
-459.802    -944.458    -0.087
-460.274    -944.292    -0.087
-460.746    -944.127    -0.087
-461.218    -943.962    -0.087
-461.690    -943.797    -0.087
-462.257    -943.599    -0.087
-462.445    -943.534    -0.087
-463.108    -943.307    -0.087
-463.581    -943.145    -0.087
-464.054    -942.983    -0.087
-464.526    -942.819    -0.087
-464.998    -942.654    -0.087
-466.028    -942.268    -0.087
-466.400    -942.122    -0.087
-466.867    -941.941    -0.087
-467.332    -941.760    -0.087
-467.891    -941.542    -0.087
-468.264    -941.398    -0.087
-468.823    -941.180    -0.087
-469.195    -941.035    -0.087
-469.755    -940.817    -0.087
-470.311    -940.593    -0.087
-470.774    -940.405    -0.087
-471.145    -940.255    -0.087
-471.610    -940.071    -0.087
-471.983    -939.926    -0.087
-472.542    -939.708    -0.087
-473.007    -939.524    -0.087
-473.471    -939.338    -0.087
-473.935    -939.152    -0.087
-474.491    -938.927    -0.087
-475.138    -938.660    -0.087
-475.508    -938.508    -0.087
-475.694    -938.434    -0.087
-476.160    -938.254    -0.087
-476.626    -938.075    -0.087
-477.370    -937.777    -0.087
-477.739    -937.625    -0.087
-478.569    -937.278    -0.087
-479.028    -937.080    -0.087
-479.396    -936.921    -0.087
-479.947    -936.683    -0.087
-480.131    -936.606    -0.087
-480.500    -936.453    -0.087
-481.055    -936.224    -0.087
-481.609    -935.994    -0.087
-482.070    -935.799    -0.087
-482.531    -935.605    -0.087
-482.991    -935.412    -0.087
-483.453    -935.220    -0.087
-483.912    -935.023    -0.087
-484.373    -934.827    -0.087
-485.196    -934.464    -0.087
-485.651    -934.256    -0.087
-486.106    -934.050    -0.087
-486.381    -933.929    -0.087
-486.839    -933.729    -0.087
-487.568    -933.400    -0.087
-487.932    -933.235    -0.087
-488.568    -932.943    -0.087
-488.931    -932.775    -0.087
-489.385    -932.566    -0.087
-489.748    -932.398    -0.087
-490.295    -932.150    -0.087
-490.659    -931.984    -0.087
-491.295    -931.693    -0.087
-491.748    -931.481    -0.087
-492.200    -931.268    -0.087
-492.472    -931.142    -0.087
-493.376    -930.713    -0.087
-493.736    -930.538    -0.087
-494.185    -930.320    -0.087
-494.546    -930.146    -0.087
-495.086    -929.886    -0.087
-495.446    -929.712    -0.087
-495.987    -929.451    -0.087
-496.437    -929.234    -0.087
-496.887    -929.017    -0.087
-497.338    -928.801    -0.087
-497.877    -928.539    -0.087
-498.327    -928.320    -0.087
-498.686    -928.144    -0.087
-499.489    -927.737    -0.087
-499.845    -927.554    -0.087
-500.201    -927.373    -0.087
-500.471    -927.240    -0.087
-500.920    -927.020    -0.087
-501.369    -926.801    -0.087
-502.083    -926.440    -0.087
-502.262    -926.352    -0.087
-502.711    -926.132    -0.087
-503.160    -925.914    -0.087
-503.876    -925.556    -0.087
-504.233    -925.375    -0.087
-504.678    -925.148    -0.087
-505.215    -924.880    -0.087
-506.180    -924.354    -0.087
-506.617    -924.110    -0.087
-506.793    -924.013    -0.087
-507.058    -923.874    -0.087
-507.501    -923.643    -0.087
-508.384    -923.173    -0.087
-508.820    -922.929    -0.087
-509.257    -922.685    -0.087
-509.432    -922.589    -0.087
-509.609    -922.496    -0.087
-510.579    -921.978    -0.087
-510.929    -921.784    -0.087
-511.453    -921.491    -0.087
-511.801    -921.296    -0.087
-512.238    -921.052    -0.087
-512.762    -920.759    -0.087
-513.111    -920.565    -0.087
-513.635    -920.272    -0.087
-513.984    -920.077    -0.087
-514.508    -919.785    -0.087
-514.857    -919.589    -0.087
-515.381    -919.298    -0.087
-515.818    -919.054    -0.087
-516.166    -918.858    -0.087
-516.603    -918.614    -0.087
-517.040    -918.370    -0.087
-517.477    -918.128    -0.087
-517.827    -917.935    -0.087
-518.352    -917.645    -0.087
-518.703    -917.452    -0.087
-519.656    -916.905    -0.087
-520.085    -916.647    -0.087
-520.514    -916.390    -0.087
-520.600    -916.341    -0.087
-521.038    -916.099    -0.087
-521.389    -915.906    -0.087
-521.739    -915.713    -0.087
-522.177    -915.473    -0.087
-523.130    -914.924    -0.087
-523.559    -914.666    -0.087
-524.156    -914.301    -0.087
-524.579    -914.036    -0.087
-525.088    -913.717    -0.087
-525.258    -913.612    -0.087
-525.687    -913.355    -0.087
-526.116    -913.097    -0.087
-526.797    -912.679    -0.087
-526.968    -912.575    -0.087
-527.396    -912.318    -0.087
-527.825    -912.060    -0.087
-528.424    -911.697    -0.087
-528.765    -911.489    -0.087
-529.191    -911.228    -0.087
-529.533    -911.021    -0.087
-529.962    -910.763    -0.087
-530.475    -910.451    -0.087
-531.154    -910.028    -0.087
-531.576    -909.760    -0.087
-531.913    -909.545    -0.087
-532.418    -909.222    -0.087
-532.838    -908.951    -0.087
-533.259    -908.680    -0.087
-533.595    -908.463    -0.087
-534.102    -908.141    -0.087
-534.523    -907.873    -0.087
-534.861    -907.659    -0.087
-535.368    -907.338    -0.087
-535.706    -907.124    -0.087
-536.294    -906.745    -0.087
-536.713    -906.473    -0.087
-537.050    -906.256    -0.087
-537.387    -906.041    -0.087
-537.809    -905.774    -0.087
-538.231    -905.506    -0.087
-538.736    -905.182    -0.087
-539.240    -904.855    -0.087
-539.575    -904.638    -0.087
-539.913    -904.423    -0.087
-540.420    -904.102    -0.087
-540.842    -903.835    -0.087
-541.265    -903.567    -0.087
-542.013    -903.068    -0.087
-542.344    -902.843    -0.087
-543.242    -902.208    -0.087
-543.645    -901.912    -0.087
-543.967    -901.676    -0.087
-544.132    -901.562    -0.087
-544.379    -901.392    -0.087
-544.875    -901.054    -0.087
-545.370    -900.716    -0.087
-546.101    -900.190    -0.087
-546.504    -899.894    -0.087
-546.746    -899.718    -0.087
-546.992    -899.545    -0.087
-547.402    -899.260    -0.087
-548.138    -898.742    -0.087
-548.541    -898.447    -0.087
-548.945    -898.152    -0.087
-549.187    -897.975    -0.087
-549.515    -897.745    -0.087
-549.843    -897.517    -0.087
-550.580    -896.999    -0.087
-550.983    -896.704    -0.087
-551.386    -896.408    -0.087
-551.628    -896.231    -0.087
-552.510    -895.575    -0.087
-552.829    -895.333    -0.087
-553.148    -895.091    -0.087
-553.390    -894.914    -0.087
-553.793    -894.619    -0.087
-554.436    -894.143    -0.087
-554.755    -893.902    -0.087
-554.996    -893.724    -0.087
-555.400    -893.429    -0.087
-556.123    -892.893    -0.087
-556.441    -892.650    -0.087
-556.838    -892.346    -0.087
-557.235    -892.044    -0.087
-557.634    -891.740    -0.087
-557.951    -891.497    -0.087
-558.194    -891.320    -0.087
-558.597    -891.024    -0.087
-559.319    -890.488    -0.087
-559.715    -890.182    -0.087
-560.110    -889.877    -0.087
-560.347    -889.692    -0.087
-560.588    -889.515    -0.087
-561.386    -888.911    -0.087
-562.011    -888.412    -0.087
-562.399    -888.097    -0.087
-562.787    -887.781    -0.087
-563.097    -887.529    -0.087
-563.563    -887.150    -0.087
-563.950    -886.835    -0.087
-564.261    -886.584    -0.087
-564.573    -886.333    -0.087
-564.962    -886.020    -0.087
-565.430    -885.644    -0.087
-565.821    -885.331    -0.087
-566.210    -885.018    -0.087
-566.600    -884.704    -0.087
-566.988    -884.390    -0.087
-567.377    -884.075    -0.087
-567.766    -883.761    -0.087
-568.386    -883.256    -0.087
-568.845    -882.870    -0.087
-569.151    -882.613    -0.087
-569.534    -882.291    -0.087
-569.917    -881.970    -0.087
-570.300    -881.649    -0.087
-570.683    -881.327    -0.087
-571.066    -881.005    -0.087
-571.449    -880.684    -0.087
-571.755    -880.427    -0.087
-572.215    -880.041    -0.087
-572.749    -879.589    -0.087
-573.053    -879.329    -0.087
-573.433    -879.005    -0.087
-573.889    -878.614    -0.086
-574.193    -878.354    -0.086
-574.573    -878.030    -0.086
-575.029    -877.640    -0.086
-575.632    -877.114    -0.086
-576.003    -876.779    -0.086
-576.374    -876.443    -0.086
-576.744    -876.109    -0.086
-577.115    -875.773    -0.086
-577.561    -875.371    -0.086
-577.858    -875.103    -0.086
-578.229    -874.767    -0.086
-578.600    -874.433    -0.086
-578.971    -874.098    -0.086
-579.342    -873.762    -0.086
-579.713    -873.428    -0.086
-580.084    -873.093    -0.086
-580.455    -872.757    -0.086
-580.752    -872.489    -0.086
-581.271    -872.020    -0.086
-581.642    -871.685    -0.086
-581.940    -871.417    -0.086
-582.312    -871.083    -0.086
-582.684    -870.748    -0.086
-582.981    -870.481    -0.086
-583.645    -869.875    -0.086
-583.937    -869.602    -0.086
-584.446    -869.121    -0.086
-584.878    -868.704    -0.086
-585.310    -868.288    -0.086
-585.454    -868.149    -0.086
-585.748    -867.878    -0.086
-586.187    -867.470    -0.086
-586.481    -867.198    -0.086
-586.848    -866.858    -0.086
-587.141    -866.586    -0.086
-587.582    -866.178    -0.086
-587.948    -865.839    -0.086
-588.241    -865.567    -0.086
-588.608    -865.227    -0.086
-589.049    -864.820    -0.086
-589.415    -864.480    -0.086
-589.709    -864.208    -0.086
-590.362    -863.589    -0.086
-590.650    -863.312    -0.086
-591.010    -862.965    -0.086
-591.584    -862.409    -0.086
-591.940    -862.056    -0.086
-592.223    -861.775    -0.086
-592.509    -861.494    -0.086
-592.940    -861.076    -0.086
-593.649    -860.373    -0.086
-593.858    -860.157    -0.086
-594.274    -859.725    -0.086
-594.621    -859.365    -0.086
-594.968    -859.005    -0.086
-595.314    -858.645    -0.086
-595.662    -858.285    -0.086
-595.800    -858.141    -0.086
-596.157    -857.790    -0.086
-596.720    -857.222    -0.086
-597.068    -856.863    -0.086
-597.345    -856.575    -0.086
-597.627    -856.291    -0.086
-597.979    -855.936    -0.086
-598.538    -855.364    -0.086
-598.815    -855.075    -0.086
-599.160    -854.714    -0.086
-599.576    -854.281    -0.086
-599.852    -853.992    -0.086
-600.198    -853.631    -0.086
-600.613    -853.198    -0.085
-600.890    -852.910    -0.085
-601.236    -852.549    -0.085
-601.715    -852.038    -0.085
-602.122    -851.597    -0.085
-602.259    -851.451    -0.085
-602.606    -851.092    -0.085
-602.954    -850.733    -0.085
-603.438    -850.226    -0.085
-603.711    -849.934    -0.085
-604.390    -849.201    -0.085
-604.788    -848.751    -0.085
-605.118    -848.377    -0.085
-605.252    -848.227    -0.085
-605.656    -847.785    -0.085
-605.926    -847.490    -0.085
-606.264    -847.121    -0.085
-606.602    -846.752    -0.085
-607.006    -846.309    -0.085
-607.276    -846.014    -0.085
-607.614    -845.645    -0.085
-607.884    -845.350    -0.085
-608.222    -844.981    -0.085
-608.947    -844.155    -0.085
-609.271    -843.775    -0.085
-609.532    -843.471    -0.085
-609.795    -843.170    -0.085
-610.060    -842.870    -0.085
-610.325    -842.570    -0.085
-610.788    -842.046    -0.085
-611.117    -841.669    -0.085
-611.445    -841.292    -0.085
-611.839    -840.839    -0.085
-612.232    -840.386    -0.085
-612.428    -840.159    -0.085
-612.821    -839.705    -0.085
-613.148    -839.328    -0.085
-613.410    -839.025    -0.085
-613.737    -838.647    -0.085
-614.129    -838.193    -0.085
-614.456    -837.815    -0.085
-614.849    -837.361    -0.085
-615.045    -837.135    -0.085
-615.372    -836.757    -0.085
-615.700    -836.379    -0.085
-616.159    -835.851    -0.085
-616.482    -835.468    -0.085
-616.805    -835.087    -0.085
-617.001    -834.861    -0.085
-617.329    -834.483    -0.085
-617.657    -834.105    -0.085
-618.236    -833.416    -0.085
-618.619    -832.954    -0.085
-619.181    -832.252    -0.084
-619.427    -831.937    -0.084
-619.676    -831.623    -0.084
-619.986    -831.231    -0.084
-620.358    -830.761    -0.084
-620.667    -830.368    -0.084
-620.977    -829.975    -0.084
-621.287    -829.583    -0.084
-621.596    -829.190    -0.084
-621.906    -828.798    -0.084
-622.216    -828.405    -0.084
-622.525    -828.013    -0.084
-622.834    -827.620    -0.084
-623.145    -827.227    -0.084
-623.392    -826.913    -0.084
-623.763    -826.443    -0.084
-624.011    -826.129    -0.084
-624.383    -825.657    -0.084
-624.692    -825.264    -0.084
-625.063    -824.793    -0.084
-625.372    -824.399    -0.084
-625.800    -823.846    -0.084
-626.040    -823.527    -0.084
-626.342    -823.128    -0.084
-626.704    -822.649    -0.084
-626.947    -822.331    -0.084
-627.071    -822.175    -0.084
-627.687    -821.387    -0.084
-627.982    -820.984    -0.084
-628.338    -820.500    -0.084
-628.633    -820.097    -0.084
-628.929    -819.694    -0.084
-629.224    -819.291    -0.084
-629.577    -818.805    -0.084
-629.869    -818.400    -0.084
-630.163    -817.994    -0.084
-630.456    -817.589    -0.084
-630.748    -817.185    -0.084
-630.983    -816.861    -0.084
-631.276    -816.455    -0.084
-631.569    -816.050    -0.084
-631.921    -815.564    -0.084
-632.214    -815.159    -0.084
-632.449    -814.836    -0.084
-632.858    -814.268    -0.083
-633.092    -813.943    -0.083
-633.382    -813.536    -0.083
-633.841    -812.881    -0.083
-634.068    -812.551    -0.083
-634.351    -812.140    -0.083
-634.583    -811.814    -0.083
-634.816    -811.489    -0.083
-635.165    -811.001    -0.083
-635.565    -810.426    -0.083
-635.905    -809.932    -0.083
-636.131    -809.602    -0.083
-636.471    -809.108    -0.083
-636.698    -808.778    -0.083
-636.983    -808.368    -0.083
-637.269    -807.957    -0.083
-637.498    -807.630    -0.083
-637.784    -807.219    -0.083
-638.069    -806.809    -0.083
-638.355    -806.399    -0.083
-638.641    -805.988    -0.083
-638.926    -805.578    -0.083
-639.270    -805.086    -0.083
-639.441    -804.840    -0.083
-639.895    -804.181    -0.083
-640.119    -803.851    -0.083
-640.456    -803.353    -0.083
-640.736    -802.939    -0.083
-641.177    -802.272    -0.083
-641.448    -801.852    -0.083
-641.774    -801.348    -0.083
-642.095    -800.841    -0.083
-642.309    -800.503    -0.083
-642.630    -799.997    -0.083
-642.897    -799.574    -0.083
-643.162    -799.150    -0.083
-643.427    -798.726    -0.083
-643.691    -798.301    -0.083
-643.956    -797.878    -0.083
-644.273    -797.369    -0.082
-644.485    -797.029    -0.082
-644.802    -796.520    -0.082
-645.014    -796.181    -0.082
-645.331    -795.672    -0.082
-645.543    -795.332    -0.082
-645.860    -794.823    -0.082
-646.174    -794.312    -0.082
-646.436    -793.885    -0.082
-646.697    -793.459    -0.082
-646.958    -793.032    -0.082
-647.166    -792.691    -0.082
-647.479    -792.179    -0.082
-647.789    -791.665    -0.082
-647.995    -791.323    -0.082
-648.356    -790.724    -0.082
-648.511    -790.466    -0.082
-648.820    -789.952    -0.082
-649.078    -789.524    -0.082
-649.285    -789.181    -0.082
-649.543    -788.753    -0.082
-649.904    -788.153    -0.082
-650.159    -787.723    -0.082
-650.413    -787.293    -0.082
-650.718    -786.777    -0.082
-650.922    -786.433    -0.082
-651.078    -786.176    -0.082
-651.338    -785.749    -0.082
-651.841    -784.885    -0.082
-652.087    -784.450    -0.082
-652.334    -784.015    -0.082
-652.532    -783.667    -0.082
-652.829    -783.146    -0.082
-653.077    -782.712    -0.082
-653.324    -782.278    -0.082
-653.619    -781.755    -0.082
-653.815    -781.406    -0.081
-654.108    -780.883    -0.081
-654.352    -780.446    -0.081
-654.547    -780.097    -0.081
-654.792    -779.662    -0.081
-655.087    -779.138    -0.081
-655.380    -778.615    -0.081
-655.665    -778.088    -0.081
-655.857    -777.736    -0.081
-656.004    -777.475    -0.081
-656.430    -776.683    -0.081
-656.709    -776.152    -0.081
-656.849    -775.886    -0.081
-657.087    -775.447    -0.081
-657.324    -775.006    -0.081
-657.562    -774.567    -0.081
-657.799    -774.126    -0.081
-658.128    -773.509    -0.081
-658.315    -773.155    -0.081
-658.594    -772.625    -0.081
-658.735    -772.359    -0.081
-659.017    -771.829    -0.081
-659.206    -771.477    -0.081
-659.535    -770.859    -0.081
-659.722    -770.506    -0.081
-659.909    -770.152    -0.081
-660.235    -769.534    -0.081
-660.593    -768.818    -0.081
-660.814    -768.369    -0.081
-660.902    -768.190    -0.081
-661.134    -767.747    -0.081
-661.577    -766.851    -0.081
-661.793    -766.400    -0.080
-661.923    -766.129    -0.080
-662.142    -765.680    -0.080
-662.362    -765.231    -0.080
-662.581    -764.782    -0.080
-662.801    -764.333    -0.080
-663.108    -763.703    -0.080
-663.324    -763.253    -0.080
-663.497    -762.892    -0.080
-663.714    -762.441    -0.080
-663.978    -761.903    -0.080
-664.110    -761.633    -0.080
-664.329    -761.184    -0.080
-664.590    -760.644    -0.080
-664.850    -760.103    -0.080
-665.066    -759.652    -0.080
-665.198    -759.382    -0.080
-665.502    -758.752    -0.080
-665.799    -758.118    -0.080
-666.051    -757.574    -0.080
-666.297    -757.027    -0.080
-666.462    -756.662    -0.080
-666.626    -756.298    -0.080
-666.671    -756.208    -0.080
-666.891    -755.759    -0.080
-667.112    -755.311    -0.080
-667.545    -754.409    -0.080
-667.751    -753.954    -0.080
-667.955    -753.498    -0.080
-668.273    -752.764    -0.080
-668.469    -752.304    -0.079
-668.585    -752.027    -0.079
-668.750    -751.662    -0.079
-668.954    -751.207    -0.079
-669.281    -750.476    -0.079
-669.479    -750.017    -0.079
-669.676    -749.559    -0.079
-669.759    -749.375    -0.079
-669.964    -748.920    -0.079
-670.170    -748.464    -0.079
-670.378    -748.010    -0.079
-670.546    -747.647    -0.079
-670.756    -747.193    -0.079
-671.044    -746.555    -0.079
-671.208    -746.190    -0.079
-671.640    -745.179    -0.079
-671.827    -744.715    -0.079
-672.013    -744.251    -0.079
-672.166    -743.882    -0.079
-672.282    -743.605    -0.079
-672.513    -743.052    -0.079
-672.781    -742.405    -0.079
-672.969    -741.941    -0.079
-673.120    -741.571    -0.079
-673.346    -741.015    -0.079
-673.496    -740.645    -0.079
-673.684    -740.182    -0.079
-673.911    -739.626    -0.079
-674.061    -739.256    -0.079
-674.250    -738.793    -0.079
-674.438    -738.329    -0.078
-674.664    -737.773    -0.078
-674.852    -737.310    -0.078
-675.039    -736.846    -0.078
-675.226    -736.383    -0.078
-675.412    -735.919    -0.078
-675.597    -735.454    -0.078
-675.818    -734.897    -0.078
-676.072    -734.245    -0.078
-676.249    -733.777    -0.078
-676.426    -733.309    -0.078
-676.637    -732.748    -0.078
-676.812    -732.279    -0.078
-677.050    -731.621    -0.078
-677.184    -731.244    -0.078
-677.385    -730.679    -0.078
-677.523    -730.303    -0.078
-677.662    -729.928    -0.078
-677.870    -729.366    -0.078
-678.075    -728.802    -0.078
-678.243    -728.331    -0.078
-678.343    -728.048    -0.078
-678.519    -727.580    -0.078
-678.659    -727.205    -0.078
-678.905    -726.550    -0.078
-679.075    -726.080    -0.078
-679.246    -725.610    -0.078
-679.383    -725.234    -0.077
-679.688    -724.388    -0.077
-679.852    -723.916    -0.077
-679.983    -723.538    -0.077
-680.083    -723.255    -0.077
-680.253    -722.785    -0.077
-680.424    -722.315    -0.077
-680.594    -721.845    -0.077
-680.765    -721.375    -0.077
-681.056    -720.523    -0.077
-681.242    -719.953    -0.077
-681.398    -719.479    -0.077
-681.522    -719.099    -0.077
-681.739    -718.433    -0.077
-681.833    -718.148    -0.077
-681.964    -717.770    -0.077
-682.128    -717.298    -0.077
-682.292    -716.826    -0.077
-682.487    -716.258    -0.077
-682.673    -715.688    -0.077
-682.797    -715.307    -0.077
-682.952    -714.833    -0.077
-683.138    -714.262    -0.077
-683.263    -713.882    -0.077
-683.418    -713.406    -0.077
-683.604    -712.837    -0.077
-683.728    -712.456    -0.077
-683.973    -711.694    -0.076
-684.120    -711.216    -0.076
-684.267    -710.739    -0.076
-684.326    -710.548    -0.076
-684.511    -709.977    -0.076
-684.696    -709.407    -0.076
-684.818    -709.025    -0.076
-685.004    -708.455    -0.076
-685.097    -708.170    -0.076
-685.393    -707.215    -0.076
-685.479    -706.928    -0.076
-685.652    -706.353    -0.076
-685.797    -705.875    -0.076
-685.883    -705.588    -0.076
-686.038    -705.111    -0.076
-686.130    -704.826    -0.076
-686.405    -703.970    -0.076
-686.434    -703.873    -0.076
-686.619    -703.304    -0.076
-686.910    -702.346    -0.076
-687.044    -701.865    -0.076
-687.231    -701.191    -0.076
-687.361    -700.708    -0.076
-687.492    -700.226    -0.076
-687.623    -699.742    -0.076
-687.757    -699.262    -0.075
-687.890    -698.780    -0.075
-688.021    -698.297    -0.075
-688.153    -697.815    -0.075
-688.283    -697.332    -0.075
-688.413    -696.849    -0.075
-688.544    -696.366    -0.075
-688.673    -695.883    -0.075
-688.803    -695.400    -0.075
-688.934    -694.918    -0.075
-689.064    -694.435    -0.075
-689.194    -693.952    -0.075
-689.325    -693.470    -0.075
-689.455    -692.987    -0.075
-689.634    -692.311    -0.075
-689.732    -691.924    -0.075
-689.904    -691.244    -0.075
-690.002    -690.857    -0.075
-690.150    -690.275    -0.075
-690.224    -689.985    -0.075
-690.369    -689.402    -0.075
-690.489    -688.917    -0.075
-690.611    -688.433    -0.075
-690.735    -687.947    -0.075
-690.833    -687.561    -0.075
-690.936    -687.174    -0.075
-691.092    -686.594    -0.074
-691.222    -686.111    -0.074
-691.352    -685.629    -0.074
-691.482    -685.146    -0.074
-691.629    -684.565    -0.074
-691.777    -683.983    -0.074
-691.828    -683.789    -0.074
-691.908    -683.500    -0.074
-692.183    -682.435    -0.074
-692.297    -681.949    -0.074
-692.455    -681.267    -0.074
-692.586    -680.681    -0.074
-692.673    -680.291    -0.074
-692.740    -679.999    -0.074
-692.854    -679.512    -0.074
-692.992    -678.929    -0.074
-693.127    -678.344    -0.074
-693.259    -677.759    -0.074
-693.325    -677.466    -0.074
-693.456    -676.880    -0.074
-693.588    -676.295    -0.074
-693.655    -676.003    -0.074
-693.747    -675.614    -0.074
-693.862    -675.127    -0.074
-694.021    -674.445    -0.073
-694.151    -673.860    -0.073
-694.261    -673.372    -0.073
-694.328    -673.080    -0.073
-694.442    -672.592    -0.073
-694.578    -672.009    -0.073
-694.708    -671.422    -0.073
-694.832    -670.835    -0.073
-694.934    -670.347    -0.073
-695.072    -669.660    -0.073
-695.150    -669.267    -0.073
-695.246    -668.777    -0.073
-695.305    -668.483    -0.073
-695.429    -667.896    -0.073
-695.531    -667.407    -0.073
-695.670    -666.720    -0.073
-695.748    -666.328    -0.073
-695.844    -665.837    -0.073
-695.903    -665.543    -0.073
-696.027    -664.956    -0.073
-696.129    -664.468    -0.073
-696.268    -663.781    -0.073
-696.345    -663.388    -0.073
-696.441    -662.898    -0.073
-696.522    -662.506    -0.072
-696.678    -661.722    -0.072
-696.771    -661.230    -0.072
-696.863    -660.739    -0.072
-696.972    -660.149    -0.072
-697.060    -659.656    -0.072
-697.130    -659.263    -0.072
-697.201    -658.870    -0.072
-697.294    -658.379    -0.072
-697.386    -657.887    -0.072
-697.513    -657.199    -0.072
-697.584    -656.805    -0.072
-697.690    -656.215    -0.072
-697.744    -655.920    -0.072
-697.836    -655.428    -0.072
-697.929    -654.937    -0.072
-698.056    -654.249    -0.072
-698.143    -653.756    -0.072
-698.214    -653.362    -0.072
-698.285    -652.969    -0.072
-698.396    -652.379    -0.072
-698.503    -651.789    -0.072
-698.590    -651.297    -0.072
-698.712    -650.608    -0.072
-698.793    -650.114    -0.071
-698.874    -649.621    -0.071
-698.923    -649.324    -0.071
-699.010    -648.832    -0.071
-699.081    -648.439    -0.071
-699.219    -647.651    -0.071
-699.300    -647.158    -0.071
-699.381    -646.664    -0.071
-699.430    -646.369    -0.071
-699.518    -645.876    -0.071
-699.588    -645.482    -0.071
-699.727    -644.694    -0.071
-699.807    -644.201    -0.071
-699.888    -643.708    -0.071
-699.999    -643.016    -0.071
-700.083    -642.422    -0.071
-700.167    -641.829    -0.071
-700.223    -641.432    -0.071
-700.280    -641.037    -0.071
-700.365    -640.442    -0.071
-700.450    -639.849    -0.071
-700.507    -639.453    -0.071
-700.563    -639.057    -0.071
-700.636    -638.562    -0.070
-700.695    -638.167    -0.070
-700.770    -637.672    -0.070
-700.860    -637.079    -0.070
-700.920    -636.684    -0.070
-700.995    -636.189    -0.070
-701.085    -635.596    -0.070
-701.144    -635.201    -0.070
-701.219    -634.706    -0.070
-701.293    -634.212    -0.070
-701.383    -633.619    -0.070
-701.458    -633.125    -0.070
-701.532    -632.630    -0.070
-701.607    -632.136    -0.070
-701.706    -631.443    -0.070
-701.774    -630.948    -0.070
-701.841    -630.452    -0.070
-701.894    -630.055    -0.070
-701.975    -629.461    -0.070
-702.042    -628.966    -0.070
-702.118    -628.370    -0.070
-702.176    -627.875    -0.070
-702.247    -627.278    -0.070
-702.285    -626.981    -0.070
-702.353    -626.485    -0.069
-702.420    -625.990    -0.069
-702.496    -625.395    -0.069
-702.555    -624.899    -0.069
-702.608    -624.502    -0.069
-702.675    -624.006    -0.069
-702.742    -623.511    -0.069
-702.821    -622.917    -0.069
-702.874    -622.520    -0.069
-702.940    -622.024    -0.069
-702.980    -621.727    -0.069
-703.052    -621.232    -0.069
-703.123    -620.737    -0.069
-703.220    -620.045    -0.069
-703.286    -619.549    -0.069
-703.352    -619.053    -0.069
-703.406    -618.657    -0.069
-703.487    -618.062    -0.069
-703.554    -617.567    -0.069
-703.671    -616.574    -0.069
-703.711    -616.176    -0.069
-703.762    -615.678    -0.069
-703.822    -615.082    -0.069
-703.863    -614.684    -0.068
-703.913    -614.187    -0.068
-703.957    -613.789    -0.068
-704.002    -613.392    -0.068
-704.058    -612.895    -0.068
-704.125    -612.298    -0.068
-704.170    -611.901    -0.068
-704.226    -611.404    -0.068
-704.292    -610.808    -0.068
-704.357    -610.211    -0.068
-704.410    -609.714    -0.068
-704.454    -609.316    -0.068
-704.507    -608.820    -0.068
-704.561    -608.323    -0.068
-704.629    -607.626    -0.068
-704.675    -607.128    -0.068
-704.721    -606.630    -0.068
-704.762    -606.232    -0.068
-704.822    -605.635    -0.068
-704.867    -605.137    -0.068
-704.921    -604.540    -0.068
-704.950    -604.241    -0.068
-705.009    -603.644    -0.068
-705.048    -603.246    -0.068
-705.105    -602.649    -0.067
-705.142    -602.251    -0.067
-705.191    -601.753    -0.067
-705.250    -601.157    -0.067
-705.297    -600.659    -0.067
-705.345    -600.161    -0.067
-705.393    -599.664    -0.067
-705.430    -599.265    -0.067
-705.487    -598.668    -0.067
-705.550    -597.971    -0.067
-705.583    -597.573    -0.067
-705.624    -597.074    -0.067
-705.664    -596.575    -0.067
-705.705    -596.077    -0.067
-705.746    -595.579    -0.067
-705.787    -595.081    -0.067
-705.826    -594.683    -0.067
-705.873    -594.185    -0.067
-705.920    -593.687    -0.067
-705.960    -593.289    -0.067
-706.020    -592.692    -0.067
-706.060    -592.294    -0.067
-706.118    -591.697    -0.067
-706.165    -591.199    -0.067
-706.212    -590.702    -0.066
-706.270    -590.004    -0.066
-706.302    -589.605    -0.066
-706.343    -589.107    -0.066
-706.381    -588.709    -0.066
-706.428    -588.212    -0.066
-706.476    -587.714    -0.066
-706.519    -587.216    -0.066
-706.557    -586.817    -0.066
-706.622    -586.121    -0.066
-706.662    -585.622    -0.066
-706.702    -585.124    -0.066
-706.762    -584.326    -0.066
-706.798    -583.828    -0.066
-706.820    -583.528    -0.066
-706.856    -583.030    -0.066
-706.891    -582.531    -0.066
-706.927    -582.032    -0.066
-706.963    -581.534    -0.066
-707.006    -580.935    -0.066
-707.049    -580.337    -0.066
-707.085    -579.839    -0.066
-707.107    -579.539    -0.066
-707.143    -579.040    -0.066
-707.192    -578.342    -0.065
-707.214    -578.043    -0.065
-707.254    -577.544    -0.065
-707.286    -577.146    -0.065
-707.326    -576.648    -0.065
-707.365    -576.149    -0.065
-707.405    -575.650    -0.065
-707.445    -575.152    -0.065
-707.493    -574.554    -0.065
-707.525    -574.156    -0.065
-707.579    -573.458    -0.065
-707.619    -572.859    -0.065
-707.634    -572.660    -0.065
-707.673    -572.161    -0.065
-707.713    -571.663    -0.065
-707.765    -570.965    -0.065
-707.806    -570.367    -0.065
-707.834    -569.967    -0.065
-707.869    -569.469    -0.065
-707.892    -569.169    -0.065
-707.942    -568.472    -0.065
-707.977    -567.973    -0.065
-708.023    -567.274    -0.065
-708.053    -566.775    -0.065
-708.076    -566.376    -0.064
-708.106    -565.877    -0.064
-708.141    -565.278    -0.064
-708.162    -564.979    -0.064
-708.197    -564.480    -0.064
-708.232    -563.981    -0.064
-708.276    -563.182    -0.064
-708.288    -562.983    -0.064
-708.323    -562.484    -0.064
-708.357    -561.985    -0.064
-708.386    -561.587    -0.064
-708.422    -561.087    -0.064
-708.458    -560.589    -0.064
-708.495    -560.091    -0.064
-708.546    -559.292    -0.064
-708.571    -558.793    -0.064
-708.603    -558.194    -0.064
-708.624    -557.794    -0.064
-708.654    -557.295    -0.064
-708.679    -556.897    -0.064
-708.710    -556.397    -0.064
-708.749    -555.698    -0.064
-708.773    -555.199    -0.064
-708.797    -554.700    -0.064
-708.820    -554.200    -0.063
-708.840    -553.801    -0.063
-708.869    -553.201    -0.063
-708.893    -552.702    -0.063
-708.916    -552.202    -0.063
-708.941    -551.704    -0.063
-708.965    -551.204    -0.063
-708.989    -550.705    -0.063
-709.008    -550.305    -0.063
-709.032    -549.806    -0.063
-709.061    -549.206    -0.063
-709.085    -548.707    -0.063
-709.108    -548.208    -0.063
-709.128    -547.808    -0.063
-709.150    -547.409    -0.063
-709.180    -546.909    -0.063
-709.219    -546.211    -0.063
-709.240    -545.712    -0.063
-709.261    -545.212    -0.063
-709.282    -544.712    -0.063
-709.304    -544.213    -0.063
-709.326    -543.713    -0.063
-709.348    -543.214    -0.063
-709.369    -542.714    -0.063
-709.391    -542.214    -0.063
-709.413    -541.716    -0.062
-709.435    -541.216    -0.062
-709.456    -540.717    -0.062
-709.478    -540.217    -0.062
-709.500    -539.718    -0.062
-709.522    -539.218    -0.062
-709.543    -538.718    -0.062
-709.565    -538.219    -0.062
-709.591    -537.619    -0.062
-709.608    -537.220    -0.062
-709.633    -536.621    -0.062
-709.650    -536.221    -0.062
-709.671    -535.722    -0.062
-709.691    -535.222    -0.062
-709.713    -534.723    -0.062
-709.734    -534.223    -0.062
-709.755    -533.723    -0.062
-709.776    -533.224    -0.062
-709.797    -532.724    -0.062
-709.818    -532.225    -0.062
-709.840    -531.725    -0.062
-709.860    -531.225    -0.062
-709.881    -530.727    -0.062
-709.903    -530.227    -0.062
-709.924    -529.728    -0.062
-709.944    -529.228    -0.061
-709.966    -528.728    -0.061
-709.987    -528.229    -0.061
-710.008    -527.729    -0.061
-710.028    -527.230    -0.061
-710.050    -526.730    -0.061
-710.072    -526.230    -0.061
-710.094    -525.731    -0.061
-710.114    -525.232    -0.061
-710.135    -524.733    -0.061
-710.156    -524.233    -0.061
-710.177    -523.733    -0.061
-710.199    -523.234    -0.061
-710.221    -522.734    -0.061
-710.243    -522.235    -0.061
-710.263    -521.735    -0.061
-710.285    -521.235    -0.061
-710.306    -520.736    -0.061
-710.328    -520.236    -0.061
-710.344    -519.838    -0.061
-710.372    -519.238    -0.061
-710.393    -518.738    -0.061
-710.415    -518.239    -0.061
-710.439    -517.639    -0.061
-710.455    -517.240    -0.061
-710.476    -516.740    -0.061
-710.497    -516.240    -0.060
-710.517    -515.741    -0.060
-710.539    -515.241    -0.060
-710.560    -514.742    -0.060
-710.580    -514.243    -0.060
-710.601    -513.743    -0.060
-710.621    -513.244    -0.060
-710.643    -512.744    -0.060
-710.661    -512.245    -0.060
-710.684    -511.645    -0.060
-710.702    -511.145    -0.060
-710.719    -510.746    -0.060
-710.739    -510.246    -0.060
-710.760    -509.746    -0.060
-710.779    -509.247    -0.060
-710.801    -508.647    -0.060
-710.820    -508.147    -0.060
-710.836    -507.748    -0.060
-710.857    -507.248    -0.060
-710.878    -506.750    -0.060
-710.900    -506.150    -0.060
-710.916    -505.650    -0.060
-710.933    -505.151    -0.060
-710.948    -504.751    -0.060
-710.968    -504.251    -0.060
-710.989    -503.752    -0.060
-711.012    -503.152    -0.059
-711.029    -502.652    -0.059
-711.046    -502.153    -0.059
-711.065    -501.653    -0.059
-711.086    -501.153    -0.059
-711.107    -500.654    -0.059
-711.124    -500.154    -0.059
-711.139    -499.654    -0.059
-711.155    -499.155    -0.059
-711.175    -498.655    -0.059
-711.196    -498.155    -0.059
-711.216    -497.656    -0.059
-711.233    -497.156    -0.059
-711.251    -496.557    -0.059
-711.264    -496.158    -0.059
-711.283    -495.658    -0.059
-711.304    -495.158    -0.059
-711.325    -494.659    -0.059
-711.341    -494.259    -0.059
-711.362    -493.759    -0.059
-711.386    -493.160    -0.059
-711.402    -492.760    -0.059
-711.423    -492.261    -0.059
-711.444    -491.761    -0.059
-711.465    -491.161    -0.059
-711.482    -490.662    -0.059
-711.497    -490.162    -0.059
-711.514    -489.762    -0.058
-711.535    -489.263    -0.058
-711.557    -488.663    -0.058
-711.572    -488.164    -0.058
-711.591    -487.565    -0.058
-711.607    -487.165    -0.058
-711.622    -486.765    -0.058
-711.645    -486.166    -0.058
-711.663    -485.666    -0.058
-711.680    -485.166    -0.058
-711.696    -484.667    -0.058
-711.713    -484.167    -0.058
-711.733    -483.667    -0.058
-711.753    -483.168    -0.058
-711.772    -482.668    -0.058
-711.787    -482.168    -0.058
-711.804    -481.668    -0.058
-711.822    -481.169    -0.058
-711.837    -480.769    -0.058
-711.857    -480.269    -0.058
-711.878    -479.670    -0.058
-711.896    -479.070    -0.058
-711.908    -478.670    -0.058
-711.926    -478.171    -0.058
-711.942    -477.771    -0.058
-711.961    -477.271    -0.058
-711.982    -476.672    -0.058
-711.997    -476.172    -0.058
-712.015    -475.572    -0.057
-712.030    -475.173    -0.057
-712.045    -474.774    -0.057
-712.065    -474.274    -0.057
-712.088    -473.575    -0.057
-712.103    -473.075    -0.057
-712.115    -472.675    -0.057
-712.130    -472.175    -0.057
-712.145    -471.676    -0.057
-712.162    -471.176    -0.057
-712.178    -470.676    -0.057
-712.195    -470.176    -0.057
-712.212    -469.677    -0.057
-712.229    -469.177    -0.057
-712.245    -468.677    -0.057
-712.262    -468.178    -0.057
-712.280    -467.678    -0.057
-712.297    -467.178    -0.057
-712.313    -466.679    -0.057
-712.330    -466.179    -0.057
-712.347    -465.679    -0.057
-712.364    -465.179    -0.057
-712.383    -464.580    -0.057
-712.396    -464.180    -0.057
-712.413    -463.680    -0.057
-712.429    -463.181    -0.057
-712.445    -462.681    -0.057
-712.463    -462.081    -0.057
-712.476    -461.681    -0.057
-712.491    -461.182    -0.056
-712.510    -460.582    -0.056
-712.522    -460.182    -0.056
-712.539    -459.582    -0.056
-712.552    -459.083    -0.056
-712.565    -458.583    -0.056
-712.577    -458.083    -0.056
-712.591    -457.683    -0.056
-712.609    -457.184    -0.056
-712.628    -456.684    -0.056
-712.647    -456.084    -0.056
-712.662    -455.585    -0.056
-712.677    -455.085    -0.056
-712.688    -454.685    -0.056
-712.703    -454.185    -0.056
-712.718    -453.686    -0.056
-712.732    -453.186    -0.056
-712.748    -452.686    -0.056
-712.769    -452.086    -0.056
-712.781    -451.687    -0.056
-712.798    -451.087    -0.056
-712.809    -450.687    -0.056
-712.826    -450.087    -0.056
-712.840    -449.588    -0.056
-712.851    -449.189    -0.056
-712.866    -448.689    -0.056
-712.884    -448.089    -0.056
-712.897    -447.690    -0.056
-712.912    -447.190    -0.056
-712.930    -446.590    -0.055
-712.943    -446.190    -0.055
-712.961    -445.591    -0.055
-712.972    -445.191    -0.055
-712.989    -444.591    -0.055
-713.002    -444.191    -0.055
-713.018    -443.692    -0.055
-713.034    -443.192    -0.055
-713.050    -442.692    -0.055
-713.065    -442.192    -0.055
-713.080    -441.693    -0.055
-713.099    -441.093    -0.055
-713.111    -440.693    -0.055
-713.127    -440.194    -0.055
-713.142    -439.694    -0.055
-713.156    -439.294    -0.055
-713.177    -438.694    -0.055
-713.195    -438.195    -0.055
-713.208    -437.795    -0.055
-713.229    -437.195    -0.055
-713.245    -436.596    -0.055
-713.257    -436.096    -0.055
-713.270    -435.596    -0.055
-713.282    -435.196    -0.055
-713.297    -434.696    -0.055
-713.315    -434.097    -0.055
-713.327    -433.697    -0.055
-713.343    -433.197    -0.055
-713.359    -432.698    -0.055
-713.375    -432.198    -0.055
-713.390    -431.698    -0.055
-713.406    -431.198    -0.054
-713.422    -430.699    -0.054
-713.440    -430.099    -0.054
-713.452    -429.699    -0.054
-713.468    -429.199    -0.054
-713.484    -428.700    -0.054
-713.502    -428.100    -0.054
-713.514    -427.700    -0.054
-713.529    -427.200    -0.054
-713.545    -426.701    -0.054
-713.563    -426.101    -0.054
-713.575    -425.701    -0.054
-713.593    -425.102    -0.054
-713.608    -424.602    -0.054
-713.623    -424.102    -0.054
-713.638    -423.602    -0.054
-713.650    -423.203    -0.054
-713.665    -422.703    -0.054
-713.679    -422.203    -0.054
-713.698    -421.603    -0.054
-713.712    -421.104    -0.054
-713.725    -420.704    -0.054
-713.739    -420.204    -0.054
-713.757    -419.604    -0.054
-713.771    -419.105    -0.054
-713.785    -418.605    -0.054
-713.795    -418.205    -0.054
-713.811    -417.605    -0.054
-713.822    -417.205    -0.054
-713.838    -416.606    -0.054
-713.851    -416.106    -0.054
-713.865    -415.606    -0.053
-713.878    -415.206    -0.053
-713.893    -414.707    -0.053
-713.907    -414.207    -0.053
-713.922    -413.707    -0.053
-713.937    -413.207    -0.053
-713.954    -412.608    -0.053
-713.969    -412.108    -0.053
-713.981    -411.708    -0.053
-713.996    -411.208    -0.053
-714.011    -410.709    -0.053
-714.024    -410.209    -0.053
-714.040    -409.609    -0.053
-714.051    -409.209    -0.053
-714.066    -408.710    -0.053
-714.084    -408.110    -0.053
-714.096    -407.710    -0.053
-714.111    -407.210    -0.053
-714.129    -406.611    -0.053
-714.144    -406.112    -0.053
-714.154    -405.712    -0.053
-714.170    -405.112    -0.053
-714.183    -404.612    -0.053
-714.193    -404.213    -0.053
-714.209    -403.613    -0.053
-714.220    -403.213    -0.053
-714.234    -402.713    -0.053
-714.253    -402.114    -0.053
-714.265    -401.714    -0.053
-714.280    -401.114    -0.053
-714.290    -400.514    -0.053
-714.298    -400.014    -0.053
-714.307    -399.614    -0.053
-714.321    -399.115    -0.052
-714.335    -398.615    -0.052
-714.345    -398.115    -0.052
-714.356    -397.515    -0.052
-714.363    -397.015    -0.052
-714.373    -396.615    -0.052
-714.384    -396.216    -0.052
-714.399    -395.716    -0.052
-714.414    -395.216    -0.052
-714.428    -394.616    -0.052
-714.435    -394.116    -0.052
-714.445    -393.717    -0.052
-714.459    -393.217    -0.052
-714.476    -392.617    -0.052
-714.489    -392.117    -0.052
-714.502    -391.617    -0.052
-714.515    -391.118    -0.052
-714.525    -390.718    -0.052
-714.541    -390.118    -0.052
-714.554    -389.618    -0.052
-714.566    -389.219    -0.052
-714.583    -388.619    -0.052
-714.596    -388.119    -0.052
-714.609    -387.719    -0.052
-714.624    -387.219    -0.052
-714.642    -386.620    -0.052
-714.654    -386.220    -0.052
-714.669    -385.720    -0.052
-714.686    -385.121    -0.052
-714.697    -384.721    -0.052
-714.711    -384.221    -0.052
-714.728    -383.621    -0.052
-714.739    -383.221    -0.052
-714.753    -382.722    -0.052
-714.768    -382.222    -0.051
-714.786    -381.622    -0.051
-714.801    -381.122    -0.051
-714.815    -380.623    -0.051
-714.828    -380.123    -0.051
-714.842    -379.623    -0.051
-714.856    -379.123    -0.051
-714.867    -378.724    -0.051
-714.881    -378.224    -0.051
-714.898    -377.624    -0.051
-714.912    -377.124    -0.051
-714.926    -376.625    -0.051
-714.939    -376.125    -0.051
-714.953    -375.625    -0.051
-714.967    -375.125    -0.051
-714.980    -374.625    -0.051
-714.994    -374.126    -0.051
-715.008    -373.626    -0.051
-715.022    -373.126    -0.051
-715.035    -372.626    -0.051
-715.049    -372.127    -0.051
-715.061    -371.727    -0.051
-715.074    -371.227    -0.051
-715.088    -370.727    -0.051
-715.102    -370.227    -0.051
-715.116    -369.728    -0.051
-715.129    -369.228    -0.051
-715.143    -368.728    -0.051
-715.157    -368.228    -0.051
-715.174    -367.629    -0.051
-715.185    -367.229    -0.051
-715.200    -366.729    -0.051
-715.215    -366.229    -0.051
-715.232    -365.630    -0.051
-715.243    -365.230    -0.051
-715.260    -364.630    -0.051
-715.272    -364.230    -0.050
-715.289    -363.631    -0.050
-715.300    -363.231    -0.050
-715.315    -362.731    -0.050
-715.332    -362.131    -0.050
-715.343    -361.731    -0.050
-715.358    -361.232    -0.050
-715.375    -360.632    -0.050
-715.387    -360.232    -0.050
-715.401    -359.732    -0.050
-715.419    -359.133    -0.050
-715.433    -358.633    -0.050
-715.445    -358.233    -0.050
-715.462    -357.633    -0.050
-715.477    -357.134    -0.050
-715.488    -356.734    -0.050
-715.505    -356.134    -0.050
-715.516    -355.734    -0.050
-715.534    -355.135    -0.050
-715.545    -354.735    -0.050
-715.562    -354.135    -0.050
-715.573    -353.735    -0.050
-715.588    -353.236    -0.050
-715.605    -352.636    -0.050
-715.617    -352.236    -0.050
-715.631    -351.736    -0.050
-715.648    -351.137    -0.050
-715.660    -350.737    -0.050
-715.675    -350.237    -0.050
-715.692    -349.637    -0.050
-715.705    -349.138    -0.050
-715.717    -348.738    -0.050
-715.734    -348.138    -0.050
-715.749    -347.638    -0.050
-715.760    -347.238    -0.050
-715.777    -346.639    -0.050
-715.789    -346.239    -0.050
-715.803    -345.739    -0.050
-715.820    -345.139    -0.049
-715.832    -344.740    -0.049
-715.847    -344.240    -0.049
-715.864    -343.640    -0.049
-715.877    -343.140    -0.049
-715.889    -342.741    -0.049
-715.906    -342.141    -0.049
-715.917    -341.741    -0.049
-715.932    -341.241    -0.049
-715.949    -340.642    -0.049
-715.960    -340.242    -0.049
-715.974    -339.742    -0.049
-715.989    -339.242    -0.049
-716.006    -338.643    -0.049
-716.017    -338.243    -0.049
-716.035    -337.643    -0.049
-716.046    -337.243    -0.049
-716.063    -336.644    -0.049
-716.074    -336.244    -0.049
-716.092    -335.644    -0.049
-716.105    -335.144    -0.049
-716.118    -334.644    -0.049
-716.128    -334.245    -0.049
-716.145    -333.645    -0.049
-716.157    -333.145    -0.049
-716.168    -332.745    -0.049
-716.184    -332.146    -0.049
-716.196    -331.646    -0.049
-716.210    -331.146    -0.049
-716.223    -330.646    -0.049
-716.233    -330.246    -0.049
-716.249    -329.647    -0.049
-716.262    -329.147    -0.049
-716.273    -328.747    -0.049
-716.289    -328.147    -0.049
-716.301    -327.647    -0.049
-716.314    -327.148    -0.049
-716.327    -326.648    -0.049
-716.340    -326.148    -0.049
-716.350    -325.748    -0.049
-716.366    -325.148    -0.048
-716.379    -324.649    -0.048
-716.389    -324.249    -0.048
-716.405    -323.649    -0.048
-716.418    -323.149    -0.048
-716.429    -322.749    -0.048
-716.445    -322.150    -0.048
-716.457    -321.650    -0.048
-716.470    -321.150    -0.048
-716.481    -320.750    -0.048
-716.497    -320.151    -0.048
-716.507    -319.751    -0.048
-716.523    -319.151    -0.048
-716.536    -318.651    -0.048
-716.549    -318.151    -0.048
-716.562    -317.652    -0.048
-716.575    -317.152    -0.048
-716.588    -316.652    -0.048
-716.602    -316.152    -0.048
-716.614    -315.652    -0.048
-716.627    -315.153    -0.048
-716.637    -314.753    -0.048
-716.654    -314.153    -0.048
-716.666    -313.654    -0.048
-716.680    -313.155    -0.048
-716.693    -312.655    -0.048
-716.703    -312.255    -0.048
-716.719    -311.655    -0.048
-716.732    -311.155    -0.048
-716.745    -310.656    -0.048
-716.758    -310.156    -0.048
-716.768    -309.756    -0.048
-716.781    -309.256    -0.048
-716.797    -308.656    -0.048
-716.809    -308.157    -0.048
-716.820    -307.757    -0.048
-716.836    -307.157    -0.048
-716.849    -306.657    -0.048
-716.862    -306.157    -0.048
-716.875    -305.658    -0.048
-716.886    -305.258    -0.048
-716.902    -304.658    -0.048
-716.914    -304.158    -0.048
-716.925    -303.758    -0.047
-716.938    -303.259    -0.047
-716.954    -302.659    -0.047
-716.964    -302.259    -0.047
-716.979    -301.659    -0.047
-716.992    -301.160    -0.047
-717.006    -300.660    -0.047
-717.018    -300.160    -0.047
-717.031    -299.660    -0.047
-717.044    -299.160    -0.047
-717.054    -298.761    -0.047
-717.070    -298.161    -0.047
-717.083    -297.661    -0.047
-717.096    -297.161    -0.047
-717.109    -296.661    -0.047
-717.119    -296.262    -0.047
-717.135    -295.662    -0.047
-717.148    -295.162    -0.047
-717.161    -294.662    -0.047
-717.173    -294.162    -0.047
-717.186    -293.663    -0.047
-717.200    -293.163    -0.047
-717.213    -292.663    -0.047
-717.225    -292.163    -0.047
-717.236    -291.763    -0.047
-717.252    -291.164    -0.047
-717.265    -290.664    -0.047
-717.277    -290.164    -0.047
-717.290    -289.664    -0.047
-717.303    -289.165    -0.047
-717.316    -288.665    -0.047
-717.328    -288.165    -0.047
-717.342    -287.665    -0.047
-717.355    -287.165    -0.047
-717.365    -286.766    -0.047
-717.381    -286.166    -0.047
-717.394    -285.666    -0.047
-717.407    -285.166    -0.047
-717.420    -284.666    -0.047
-717.432    -284.267    -0.047
-717.449    -283.667    -0.047
-717.463    -283.167    -0.047
-717.476    -282.667    -0.047
-717.488    -282.268    -0.047
-717.505    -281.668    -0.047
-717.519    -281.168    -0.047
-717.530    -280.768    -0.047
-717.547    -280.169    -0.046
-717.559    -279.769    -0.046
-717.576    -279.169    -0.046
-717.589    -278.669    -0.046
-717.601    -278.269    -0.046
-717.615    -277.770    -0.046
-717.632    -277.170    -0.046
-717.645    -276.670    -0.046
-717.657    -276.270    -0.046
-717.675    -275.771    -0.046
-717.694    -275.271    -0.046
-717.714    -274.771    -0.046
-717.730    -274.372    -0.046
-717.750    -273.872    -0.046
-717.770    -273.372    -0.046
-717.794    -272.773    -0.046
-717.814    -272.273    -0.046
-717.830    -271.874    -0.046
-717.850    -271.374    -0.046
-717.870    -270.874    -0.046
-717.893    -270.276    -0.046
-717.912    -269.776    -0.046
-717.932    -269.276    -0.046
-717.947    -268.777    -0.046
-717.962    -268.277    -0.046
-717.976    -267.777    -0.046
-717.993    -267.177    -0.046
-718.008    -266.678    -0.046
-718.023    -266.178    -0.046
-718.038    -265.678    -0.046
-718.049    -265.278    -0.046
-718.064    -264.779    -0.046
-718.079    -264.279    -0.046
-718.093    -263.779    -0.046
-718.108    -263.279    -0.046
-718.123    -262.780    -0.046
-718.138    -262.280    -0.046
-718.152    -261.780    -0.046
-718.167    -261.280    -0.046
-718.182    -260.781    -0.046
-718.199    -260.181    -0.046
-718.214    -259.681    -0.046
-718.225    -259.281    -0.046
-718.240    -258.782    -0.046
-718.255    -258.282    -0.046
-718.270    -257.782    -0.046
-718.286    -257.282    -0.046
-718.302    -256.783    -0.046
-718.318    -256.283    -0.046
-718.336    -255.683    -0.046
-718.348    -255.284    -0.046
-718.364    -254.784    -0.046
-718.382    -254.184    -0.045
-718.394    -253.784    -0.045
-718.410    -253.285    -0.045
-718.426    -252.785    -0.045
-718.444    -252.185    -0.045
-718.456    -251.785    -0.045
-718.472    -251.286    -0.045
-718.488    -250.786    -0.045
-718.503    -250.286    -0.045
-718.522    -249.687    -0.045
-718.534    -249.287    -0.045
-718.550    -248.787    -0.045
-718.565    -248.287    -0.045
-718.581    -247.788    -0.045
-718.597    -247.288    -0.045
-718.615    -246.688    -0.045
-718.627    -246.288    -0.045
-718.643    -245.789    -0.045
-718.660    -245.189    -0.045
-718.672    -244.789    -0.045
-718.685    -244.289    -0.045
-718.702    -243.690    -0.045
-718.716    -243.190    -0.045
-718.728    -242.790    -0.045
-718.745    -242.190    -0.045
-718.759    -241.691    -0.045
-718.773    -241.191    -0.045
-718.785    -240.791    -0.045
-718.802    -240.191    -0.045
-718.813    -239.791    -0.045
-718.827    -239.292    -0.045
-718.844    -238.692    -0.045
-718.855    -238.292    -0.045
-718.872    -237.692    -0.045
-718.884    -237.293    -0.045
-718.901    -236.693    -0.045
-718.915    -236.193    -0.045
-718.926    -235.793    -0.045
-718.943    -235.194    -0.045
-718.955    -234.794    -0.045
-718.972    -234.194    -0.045
-718.985    -233.694    -0.045
-718.997    -233.295    -0.045
-719.012    -232.795    -0.045
-719.026    -232.295    -0.045
-719.042    -231.795    -0.045
-719.060    -231.196    -0.045
-719.076    -230.696    -0.045
-719.092    -230.196    -0.045
-719.107    -229.696    -0.045
-719.121    -229.297    -0.045
-719.136    -228.797    -0.045
-719.152    -228.298    -0.045
-719.168    -227.798    -0.045
-719.186    -227.199    -0.045
-719.202    -226.699    -0.045
-719.218    -226.199    -0.045
-719.230    -225.800    -0.045
-719.246    -225.300    -0.044
-719.265    -224.700    -0.044
-719.280    -224.200    -0.044
-719.296    -223.701    -0.044
-719.310    -223.301    -0.044
-719.328    -222.701    -0.044
-719.343    -222.202    -0.044
-719.356    -221.802    -0.044
-719.372    -221.302    -0.044
-719.387    -220.802    -0.044
-719.405    -220.203    -0.044
-719.418    -219.703    -0.044
-719.431    -219.203    -0.044
-719.441    -218.803    -0.044
-719.457    -218.203    -0.044
-719.470    -217.704    -0.044
-719.481    -217.304    -0.044
-719.497    -216.704    -0.044
-719.509    -216.204    -0.044
-719.522    -215.704    -0.044
-719.535    -215.205    -0.044
-719.548    -214.705    -0.044
-719.558    -214.305    -0.044
-719.574    -213.705    -0.044
-719.587    -213.206    -0.044
-719.597    -212.806    -0.044
-719.613    -212.206    -0.044
-719.626    -211.706    -0.044
-719.640    -211.206    -0.044
-719.653    -210.707    -0.044
-719.665    -210.207    -0.044
-719.678    -209.707    -0.044
-719.691    -209.207    -0.044
-719.701    -208.807    -0.044
-719.717    -208.208    -0.044
-719.728    -207.808    -0.044
-719.743    -207.308    -0.044
-719.759    -206.808    -0.044
-719.775    -206.309    -0.044
-719.791    -205.809    -0.044
-719.806    -205.309    -0.044
-719.822    -204.809    -0.044
-719.841    -204.210    -0.044
-719.857    -203.710    -0.044
-719.870    -203.310    -0.044
-719.889    -202.711    -0.044
-719.904    -202.211    -0.044
-719.920    -201.711    -0.044
-719.936    -201.211    -0.044
-719.951    -200.712    -0.044
-719.967    -200.212    -0.044
-719.981    -199.812    -0.044
-719.996    -199.312    -0.044
-720.012    -198.813    -0.044
-720.030    -198.213    -0.044
-720.044    -197.813    -0.044
-720.059    -197.314    -0.044
-720.075    -196.814    -0.044
-720.091    -196.314    -0.044
-720.107    -195.814    -0.044
-720.121    -195.315    -0.044
-720.138    -194.715    -0.044
-720.151    -194.315    -0.044
-720.166    -193.815    -0.044
-720.184    -193.216    -0.044
-720.196    -192.816    -0.044
-720.211    -192.316    -0.044
-720.229    -191.716    -0.044
-720.241    -191.317    -0.043
-720.256    -190.817    -0.043
-720.271    -190.317    -0.043
-720.286    -189.817    -0.043
-720.304    -189.218    -0.043
-720.318    -188.718    -0.043
-720.331    -188.318    -0.043
-720.345    -187.818    -0.043
-720.364    -187.219    -0.043
-720.376    -186.819    -0.043
-720.391    -186.319    -0.043
-720.407    -185.719    -0.043
-720.421    -185.220    -0.043
-720.433    -184.720    -0.043
-720.447    -184.220    -0.043
-720.457    -183.820    -0.043
-720.474    -183.221    -0.043
-720.487    -182.721    -0.043
-720.500    -182.221    -0.043
-720.510    -181.821    -0.043
-720.527    -181.221    -0.043
-720.540    -180.722    -0.043
-720.551    -180.322    -0.043
-720.567    -179.722    -0.043
-720.579    -179.222    -0.043
-720.593    -178.722    -0.043
-720.606    -178.223    -0.043
-720.619    -177.723    -0.043
-720.632    -177.223    -0.043
-720.645    -176.723    -0.043
-720.659    -176.224    -0.043
-720.669    -175.824    -0.043
-720.684    -175.324    -0.043
-720.700    -174.824    -0.043
-720.719    -174.225    -0.043
-720.732    -173.825    -0.043
-720.748    -173.326    -0.043
-720.765    -172.826    -0.043
-720.781    -172.327    -0.043
-720.797    -171.827    -0.043
-720.813    -171.327    -0.043
-720.829    -170.827    -0.043
-720.846    -170.328    -0.043
-720.861    -169.828    -0.043
-720.877    -169.328    -0.043
-720.893    -168.829    -0.043
-720.908    -168.329    -0.043
-720.925    -167.829    -0.043
-720.941    -167.329    -0.043
-720.958    -166.830    -0.043
-720.973    -166.330    -0.043
-720.993    -165.730    -0.043
-721.006    -165.331    -0.043
-721.022    -164.831    -0.043
-721.037    -164.331    -0.043
-721.056    -163.731    -0.043
-721.068    -163.332    -0.043
-721.084    -162.832    -0.043
-721.102    -162.232    -0.043
-721.114    -161.832    -0.043
-721.132    -161.233    -0.043
-721.145    -160.833    -0.043
-721.160    -160.333    -0.043
-721.176    -159.834    -0.043
-721.194    -159.234    -0.043
-721.207    -158.834    -0.043
-721.222    -158.334    -0.043
-721.238    -157.835    -0.043
-721.256    -157.235    -0.043
-721.269    -156.835    -0.043
-721.284    -156.335    -0.043
-721.299    -155.836    -0.043
-721.315    -155.336    -0.043
-721.333    -154.736    -0.043
-721.345    -154.336    -0.043
-721.360    -153.837    -0.043
-721.376    -153.337    -0.043
-721.392    -152.837    -0.043
-721.410    -152.238    -0.043
-721.422    -151.838    -0.043
-721.437    -151.338    -0.043
-721.455    -150.738    -0.043
-721.470    -150.239    -0.043
-721.484    -149.739    -0.043
-721.499    -149.239    -0.043
-721.514    -148.739    -0.042
-721.529    -148.240    -0.042
-721.543    -147.740    -0.042
-721.556    -147.340    -0.042
-721.571    -146.840    -0.042
-721.585    -146.341    -0.042
-721.600    -145.841    -0.042
-721.617    -145.241    -0.042
-721.628    -144.841    -0.042
-721.643    -144.342    -0.042
-721.661    -143.742    -0.042
-721.674    -143.342    -0.042
-721.688    -142.842    -0.042
-721.706    -142.243    -0.042
-721.717    -141.843    -0.042
-721.732    -141.343    -0.042
-721.746    -140.843    -0.042
-721.762    -140.244    -0.042
-721.773    -139.744    -0.042
-721.785    -139.244    -0.042
-721.797    -138.744    -0.042
-721.809    -138.244    -0.042
-721.820    -137.744    -0.042
-721.832    -137.245    -0.042
-721.844    -136.745    -0.042
-721.856    -136.245    -0.042
-721.867    -135.745    -0.042
-721.879    -135.245    -0.042
-721.891    -134.745    -0.042
-721.902    -134.246    -0.042
-721.914    -133.746    -0.042
-721.926    -133.246    -0.042
-721.938    -132.746    -0.042
-721.949    -132.246    -0.042
-721.961    -131.747    -0.042
-721.973    -131.247    -0.042
-721.985    -130.747    -0.042
-721.996    -130.247    -0.042
-722.008    -129.747    -0.042
-722.020    -129.247    -0.042
-722.032    -128.748    -0.042
-722.043    -128.248    -0.042
-722.056    -127.848    -0.042
-722.073    -127.348    -0.042
-722.089    -126.849    -0.042
-722.106    -126.349    -0.042
-722.124    -125.850    -0.042
-722.141    -125.351    -0.042
-722.154    -124.951    -0.042
-722.175    -124.351    -0.042
-722.192    -123.851    -0.042
-722.209    -123.352    -0.042
-722.226    -122.852    -0.042
-722.243    -122.352    -0.042
-722.261    -121.853    -0.042
-722.277    -121.353    -0.042
-722.291    -120.953    -0.042
-722.312    -120.354    -0.042
-722.329    -119.854    -0.042
-722.346    -119.354    -0.042
-722.363    -118.855    -0.042
-722.380    -118.355    -0.042
-722.398    -117.855    -0.042
-722.414    -117.355    -0.042
-722.432    -116.856    -0.042
-722.449    -116.356    -0.042
-722.465    -115.756    -0.042
-722.477    -115.256    -0.042
-722.488    -114.757    -0.042
-722.500    -114.257    -0.042
-722.512    -113.757    -0.042
-722.524    -113.257    -0.042
-722.535    -112.757    -0.042
-722.547    -112.258    -0.042
-722.559    -111.758    -0.042
-722.571    -111.258    -0.042
-722.582    -110.758    -0.042
-722.594    -110.258    -0.042
-722.606    -109.758    -0.042
-722.618    -109.259    -0.042
-722.629    -108.759    -0.042
-722.641    -108.259    -0.042
-722.653    -107.759    -0.042
-722.665    -107.259    -0.042
-722.676    -106.760    -0.042
-722.688    -106.260    -0.042
-722.700    -105.760    -0.042
-722.712    -105.260    -0.042
-722.723    -104.760    -0.042
-722.735    -104.260    -0.042
-722.747    -103.761    -0.042
-722.759    -103.261    -0.042
-722.769    -102.761    -0.042
-722.778    -102.261    -0.042
-722.787    -101.761    -0.042
-722.798    -101.161    -0.042
-722.807    -100.661    -0.042
-722.814    -100.262    -0.042
-722.823    -99.762    -0.042
-722.834    -99.162    -0.042
-722.843    -98.662    -0.042
-722.851    -98.162    -0.042
-722.859    -97.762    -0.042
-722.868    -97.262    -0.042
-722.881    -96.862    -0.042
-722.899    -96.363    -0.042
-722.912    -95.963    -0.042
-722.933    -95.363    -0.042
-722.951    -94.864    -0.042
-722.969    -94.364    -0.042
-722.982    -93.964    -0.042
-723.003    -93.365    -0.042
-723.021    -92.865    -0.042
-723.034    -92.465    -0.042
-723.055    -91.867    -0.042
-723.073    -91.367    -0.042
-723.091    -90.867    -0.042
-723.104    -90.467    -0.042
-723.125    -89.868    -0.042
-723.143    -89.368    -0.042
-723.161    -88.868    -0.042
-723.178    -88.369    -0.042
-723.195    -87.869    -0.042
-723.213    -87.369    -0.042
-723.231    -86.870    -0.042
-723.249    -86.370    -0.042
-723.263    -85.870    -0.042
-723.280    -85.271    -0.042
-723.292    -84.871    -0.042
-723.309    -84.271    -0.042
-723.320    -83.871    -0.042
-723.337    -83.272    -0.042
-723.351    -82.772    -0.042
-723.365    -82.272    -0.042
-723.379    -81.772    -0.041
-723.392    -81.272    -0.041
-723.404    -80.873    -0.041
-723.421    -80.273    -0.041
-723.435    -79.773    -0.041
-723.446    -79.373    -0.041
-723.463    -78.774    -0.041
-723.475    -78.374    -0.041
-723.492    -77.774    -0.041
-723.503    -77.374    -0.041
-723.520    -76.775    -0.041
-723.534    -76.275    -0.041
-723.548    -75.775    -0.041
-723.559    -75.375    -0.041
-723.576    -74.776    -0.041
-723.590    -74.276    -0.041
-723.601    -73.876    -0.041
-723.615    -73.376    -0.041
-723.629    -72.876    -0.041
-723.646    -72.277    -0.041
-723.658    -71.777    -0.041
-723.669    -71.277    -0.041
-723.681    -70.777    -0.041
-723.693    -70.277    -0.041
-723.705    -69.778    -0.041
-723.716    -69.278    -0.041
-723.728    -68.778    -0.041
-723.740    -68.278    -0.041
-723.752    -67.778    -0.041
-723.763    -67.278    -0.041
-723.775    -66.779    -0.041
-723.787    -66.279    -0.041
-723.799    -65.779    -0.041
-723.810    -65.279    -0.041
-723.822    -64.779    -0.041
-723.834    -64.280    -0.041
-723.845    -63.780    -0.041
-723.857    -63.280    -0.041
-723.869    -62.780    -0.041
-723.881    -62.280    -0.041
-723.892    -61.780    -0.041
-723.904    -61.281    -0.041
-723.916    -60.781    -0.041
-723.928    -60.281    -0.041
-723.939    -59.781    -0.041
-723.951    -59.281    -0.041
-723.963    -58.782    -0.041
-723.977    -58.282    -0.041
-723.989    -57.882    -0.041
-724.004    -57.382    -0.041
-724.019    -56.882    -0.041
-724.033    -56.383    -0.041
-724.051    -55.783    -0.041
-724.066    -55.283    -0.041
-724.081    -54.784    -0.041
-724.096    -54.284    -0.041
-724.110    -53.784    -0.041
-724.122    -53.384    -0.041
-724.137    -52.884    -0.041
-724.155    -52.285    -0.041
-724.169    -51.785    -0.041
-724.182    -51.385    -0.041
-724.197    -50.885    -0.041
-724.211    -50.386    -0.041
-724.226    -49.886    -0.041
-724.244    -49.286    -0.041
-724.259    -48.787    -0.041
-724.274    -48.287    -0.041
-724.288    -47.787    -0.041
-724.300    -47.387    -0.041
-724.314    -46.887    -0.041
-724.333    -46.288    -0.041
-724.347    -45.788    -0.041
-724.362    -45.288    -0.041
-724.374    -44.888    -0.041
-724.389    -44.389    -0.041
-724.404    -43.889    -0.041
-724.419    -43.389    -0.041
-724.433    -42.889    -0.041
-724.451    -42.290    -0.041
-724.462    -41.890    -0.041
-724.477    -41.390    -0.041
-724.494    -40.791    -0.041
-724.509    -40.291    -0.041
-724.520    -39.891    -0.041
-724.537    -39.291    -0.041
-724.548    -38.891    -0.041
-724.565    -38.292    -0.041
-724.577    -37.892    -0.041
-724.592    -37.392    -0.041
-724.609    -36.792    -0.041
-724.623    -36.293    -0.041
-724.635    -35.893    -0.041
-724.650    -35.393    -0.041
-724.667    -34.793    -0.041
-724.681    -34.294    -0.041
-724.695    -33.794    -0.041
-724.707    -33.394    -0.041
-724.721    -32.894    -0.041
-724.738    -32.295    -0.041
-724.753    -31.796    -0.041
-724.765    -31.396    -0.041
-724.782    -30.796    -0.041
-724.793    -30.397    -0.041
-724.810    -29.797    -0.041
-724.822    -29.397    -0.041
-724.839    -28.797    -0.041
-724.852    -28.298    -0.041
-724.864    -27.898    -0.041
-724.881    -27.298    -0.041
-724.892    -26.898    -0.041
-724.906    -26.398    -0.041
-724.920    -25.899    -0.041
-724.933    -25.399    -0.041
-724.951    -24.799    -0.041
-724.962    -24.399    -0.041
-724.979    -23.800    -0.041
-724.990    -23.400    -0.041
-725.008    -22.800    -0.041
-725.019    -22.400    -0.041
-725.036    -21.801    -0.041
-725.047    -21.401    -0.041
-725.061    -20.901    -0.041
-725.078    -20.301    -0.041
-725.090    -19.901    -0.041
-725.107    -19.302    -0.041
-725.118    -18.902    -0.041
-725.132    -18.402    -0.041
-725.149    -17.802    -0.041
-725.160    -17.403    -0.041
-725.178    -16.803    -0.041
-725.189    -16.403    -0.041
-725.206    -15.803    -0.041
-725.217    -15.404    -0.041
-725.234    -14.804    -0.041
-725.246    -14.404    -0.041
-725.263    -13.804    -0.041
-725.274    -13.405    -0.041
-725.291    -12.805    -0.041
-725.303    -12.405    -0.041
-725.320    -11.805    -0.041
-725.334    -11.306    -0.041
-725.345    -10.906    -0.041
-725.362    -10.306    -0.041
-725.374    -9.906    -0.041
-725.391    -9.306    -0.041
-725.402    -8.907    -0.041
-725.419    -8.307    -0.041
-725.431    -7.907    -0.041
-725.448    -7.307    -0.041
-725.459    -6.908    -0.041
-725.476    -6.308    -0.041
-725.488    -5.908    -0.041
-725.502    -5.408    -0.041
-725.517    -4.909    -0.041
-725.536    -4.309    -0.041
-725.550    -3.909    -0.041
-725.566    -3.409    -0.041
-725.583    -2.910    -0.041
-725.599    -2.410    -0.041
-725.616    -1.910    -0.041
-725.632    -1.411    -0.041
-725.649    -0.911    -0.041
-725.665    -0.411    -0.041
-725.681    0.088    -0.041
-725.697    0.588    -0.041
-725.714    1.088    -0.041
-725.730    1.588    -0.041
-725.746    2.087    -0.041
-725.762    2.587    -0.041
-725.779    3.087    -0.041
-725.796    3.586    -0.041
-725.812    4.086    -0.041
-725.829    4.586    -0.041
-725.845    5.086    -0.041
-725.862    5.585    -0.041
-725.877    6.085    -0.041
-725.894    6.585    -0.041
-725.910    7.084    -0.041
-725.927    7.584    -0.041
-725.943    8.084    -0.041
-725.959    8.584    -0.041
-725.974    9.183    -0.041
-725.986    9.683    -0.041
-725.998    10.183    -0.041
-726.009    10.683    -0.041
-726.021    11.183    -0.041
-726.033    11.682    -0.041
-726.045    12.182    -0.041
-726.056    12.682    -0.041
-726.068    13.182    -0.041
-726.080    13.682    -0.041
-726.092    14.182    -0.041
-726.103    14.681    -0.041
-726.115    15.181    -0.041
-726.127    15.681    -0.041
-726.139    16.181    -0.041
-726.150    16.681    -0.041
-726.162    17.180    -0.041
-726.174    17.680    -0.041
-726.186    18.180    -0.041
-726.197    18.680    -0.041
-726.209    19.180    -0.041
-726.221    19.680    -0.041
-726.233    20.179    -0.041
-726.243    20.579    -0.041
-726.257    20.979    -0.041
-726.280    21.578    -0.041
-726.298    22.077    -0.041
-726.317    22.577    -0.041
-726.331    22.977    -0.041
-726.350    23.476    -0.041
-726.369    23.976    -0.041
-726.391    24.576    -0.041
-726.410    25.075    -0.041
-726.428    25.575    -0.041
-726.443    25.975    -0.041
-726.462    26.474    -0.041
-726.484    27.074    -0.041
-726.502    27.574    -0.041
-726.517    27.973    -0.041
-726.539    28.573    -0.041
-726.558    29.072    -0.041
-726.572    29.472    -0.041
-726.594    30.072    -0.041
-726.614    30.671    -0.041
-726.628    31.171    -0.041
-726.639    31.571    -0.041
-726.656    32.171    -0.041
-726.668    32.571    -0.041
-726.685    33.170    -0.041
-726.696    33.570    -0.041
-726.711    34.070    -0.041
-726.728    34.670    -0.041
-726.740    35.069    -0.041
-726.757    35.669    -0.041
-726.768    36.069    -0.041
-726.785    36.669    -0.041
-726.797    37.068    -0.041
-726.814    37.668    -0.041
-726.828    38.168    -0.041
-726.840    38.568    -0.041
-726.857    39.167    -0.041
-726.871    39.667    -0.041
-726.882    40.067    -0.041
-726.899    40.667    -0.042
-726.914    41.166    -0.042
-726.925    41.566    -0.042
-726.940    42.066    -0.042
-726.954    42.566    -0.042
-726.969    43.066    -0.042
-726.983    43.565    -0.042
-726.998    44.064    -0.042
-727.016    44.664    -0.042
-727.028    45.064    -0.042
-727.043    45.563    -0.042
-727.059    46.063    -0.042
-727.077    46.663    -0.042
-727.089    47.062    -0.042
-727.108    47.662    -0.042
-727.120    48.062    -0.042
-727.138    48.662    -0.042
-727.150    49.061    -0.042
-727.165    49.561    -0.042
-727.183    50.161    -0.042
-727.196    50.561    -0.042
-727.210    51.060    -0.042
-727.226    51.560    -0.042
-727.244    52.160    -0.042
-727.257    52.560    -0.042
-727.271    53.059    -0.042
-727.286    53.559    -0.042
-727.302    54.059    -0.042
-727.317    54.559    -0.042
-727.332    55.058    -0.042
-727.347    55.558    -0.042
-727.365    56.158    -0.042
-727.380    56.657    -0.042
-727.395    57.157    -0.042
-727.406    57.557    -0.042
-727.423    58.157    -0.042
-727.438    58.657    -0.042
-727.452    59.156    -0.042
-727.463    59.556    -0.042
-727.480    60.156    -0.042
-727.494    60.656    -0.042
-727.505    61.055    -0.042
-727.522    61.655    -0.042
-727.534    62.055    -0.042
-727.551    62.655    -0.042
-727.562    63.054    -0.042
-727.579    63.654    -0.042
-727.591    64.054    -0.042
-727.608    64.654    -0.042
-727.622    65.153    -0.042
-727.633    65.553    -0.042
-727.650    66.153    -0.042
-727.662    66.553    -0.042
-727.679    67.153    -0.042
-727.690    67.552    -0.042
-727.707    68.152    -0.042
-727.721    68.652    -0.042
-727.732    69.052    -0.042
-727.749    69.651    -0.042
-727.763    70.151    -0.042
-727.774    70.651    -0.042
-727.785    71.151    -0.042
-727.795    71.651    -0.042
-727.805    72.151    -0.042
-727.816    72.650    -0.042
-727.827    73.150    -0.042
-727.839    73.750    -0.042
-727.847    74.150    -0.042
-727.858    74.650    -0.042
-727.869    75.150    -0.042
-727.879    75.649    -0.042
-727.890    76.149    -0.042
-727.901    76.649    -0.042
-727.912    77.149    -0.042
-727.922    77.649    -0.042
-727.934    78.249    -0.042
-727.943    78.649    -0.042
-727.954    79.148    -0.042
-727.966    79.748    -0.042
-727.976    80.248    -0.042
-727.987    80.748    -0.042
-727.998    81.248    -0.042
-728.006    81.648    -0.042
-728.017    82.147    -0.042
-728.028    82.647    -0.042
-728.038    83.147    -0.042
-728.051    83.747    -0.042
-728.061    84.047    -0.042
-728.078    84.546    -0.042
-728.096    85.046    -0.042
-728.113    85.546    -0.042
-728.131    86.046    -0.042
-728.148    86.545    -0.042
-728.165    87.045    -0.042
-728.183    87.545    -0.042
-728.200    88.044    -0.042
-728.217    88.544    -0.042
-728.231    88.944    -0.042
-728.252    89.543    -0.042
-728.270    90.043    -0.042
-728.287    90.543    -0.042
-728.304    91.042    -0.042
-728.321    91.542    -0.042
-728.339    92.041    -0.042
-728.356    92.540    -0.042
-728.373    93.040    -0.042
-728.391    93.540    -0.042
-728.409    94.040    -0.042
-728.422    94.439    -0.042
-728.443    95.039    -0.042
-728.461    95.539    -0.042
-728.474    95.938    -0.042
-728.495    96.538    -0.042
-728.513    97.038    -0.042
-728.531    97.537    -0.042
-728.550    98.137    -0.042
-728.565    98.637    -0.042
-728.577    99.037    -0.042
-728.592    99.536    -0.042
-728.606    100.036    -0.042
-728.625    100.636    -0.042
-728.637    101.036    -0.042
-728.652    101.535    -0.042
-728.670    102.135    -0.042
-728.682    102.535    -0.042
-728.697    103.035    -0.042
-728.715    103.634    -0.042
-728.730    104.134    -0.042
-728.742    104.534    -0.042
-728.757    105.033    -0.042
-728.773    105.533    -0.042
-728.787    106.033    -0.042
-728.803    106.533    -0.042
-728.818    107.032    -0.042
-728.836    107.632    -0.043
-728.848    108.032    -0.043
-728.863    108.532    -0.043
-728.881    109.131    -0.043
-728.894    109.531    -0.043
-728.908    110.031    -0.043
-728.923    110.531    -0.043
-728.941    111.130    -0.043
-728.956    111.630    -0.043
-728.971    112.130    -0.043
-728.982    112.530    -0.043
-728.998    113.129    -0.043
-729.011    113.629    -0.043
-729.024    114.129    -0.043
-729.034    114.529    -0.043
-729.050    115.129    -0.043
-729.063    115.628    -0.043
-729.076    116.128    -0.043
-729.088    116.628    -0.043
-729.101    117.128    -0.043
-729.112    117.528    -0.043
-729.128    118.127    -0.043
-729.138    118.527    -0.043
-729.154    119.127    -0.043
-729.167    119.627    -0.043
-729.180    120.126    -0.043
-729.192    120.626    -0.043
-729.205    121.126    -0.043
-729.215    121.526    -0.043
-729.232    122.126    -0.043
-729.244    122.625    -0.043
-729.257    123.125    -0.043
-729.267    123.525    -0.043
-729.284    124.125    -0.043
-729.296    124.625    -0.043
-729.309    125.124    -0.043
-729.322    125.624    -0.043
-729.334    126.024    -0.043
-729.349    126.524    -0.043
-729.367    127.123    -0.043
-729.379    127.523    -0.043
-729.394    128.023    -0.043
-729.412    128.623    -0.043
-729.425    129.022    -0.043
-729.443    129.622    -0.043
-729.455    130.022    -0.043
-729.470    130.522    -0.043
-729.486    131.021    -0.043
-729.500    131.521    -0.043
-729.518    132.121    -0.043
-729.531    132.521    -0.043
-729.549    133.120    -0.043
-729.561    133.520    -0.043
-729.576    134.020    -0.043
-729.591    134.520    -0.043
-729.609    135.119    -0.043
-729.621    135.519    -0.043
-729.639    136.119    -0.043
-729.652    136.518    -0.043
-729.670    137.117    -0.043
-729.682    137.517    -0.043
-729.700    138.117    -0.043
-729.713    138.516    -0.043
-729.728    139.016    -0.043
-729.743    139.516    -0.043
-729.759    140.116    -0.043
-729.769    140.516    -0.043
-729.782    141.015    -0.043
-729.794    141.515    -0.043
-729.810    142.115    -0.043
-729.823    142.615    -0.043
-729.836    143.114    -0.043
-729.849    143.614    -0.043
-729.859    144.014    -0.043
-729.872    144.514    -0.043
-729.885    145.014    -0.043
-729.901    145.613    -0.043
-729.913    146.113    -0.043
-729.926    146.613    -0.043
-729.939    147.113    -0.043
-729.952    147.613    -0.043
-729.964    148.112    -0.043
-729.977    148.612    -0.043
-729.990    149.112    -0.043
-730.003    149.612    -0.043
-730.015    150.112    -0.043
-730.028    150.611    -0.044
-730.038    151.011    -0.044
-730.051    151.511    -0.044
-730.064    152.011    -0.044
-730.080    152.611    -0.044
-730.093    153.110    -0.044
-730.106    153.610    -0.044
-730.118    154.110    -0.044
-730.131    154.610    -0.044
-730.143    155.110    -0.044
-730.155    155.609    -0.044
-730.166    156.109    -0.044
-730.178    156.609    -0.044
-730.190    157.109    -0.044
-730.202    157.609    -0.044
-730.213    158.109    -0.044
-730.225    158.608    -0.044
-730.237    159.108    -0.044
-730.248    159.608    -0.044
-730.260    160.108    -0.044
-730.272    160.608    -0.044
-730.284    161.107    -0.044
-730.295    161.607    -0.044
-730.307    162.107    -0.044
-730.319    162.607    -0.044
-730.331    163.107    -0.044
-730.342    163.607    -0.044
-730.354    164.106    -0.044
-730.366    164.606    -0.044
-730.378    165.106    -0.044
-730.389    165.606    -0.044
-730.401    166.106    -0.044
-730.413    166.605    -0.044
-730.425    167.105    -0.044
-730.436    167.605    -0.044
-730.448    168.105    -0.044
-730.462    168.605    -0.044
-730.476    169.104    -0.044
-730.489    169.604    -0.044
-730.503    170.104    -0.044
-730.517    170.604    -0.044
-730.531    171.104    -0.044
-730.542    171.503    -0.044
-730.556    172.003    -0.044
-730.570    172.503    -0.044
-730.587    173.103    -0.044
-730.600    173.602    -0.044
-730.614    174.102    -0.044
-730.628    174.602    -0.044
-730.639    175.002    -0.044
-730.653    175.502    -0.044
-730.667    176.001    -0.044
-730.681    176.501    -0.044
-730.694    177.001    -0.044
-730.708    177.501    -0.044
-730.722    178.000    -0.044
-730.735    178.500    -0.044
-730.753    179.100    -0.044
-730.766    179.600    -0.044
-730.780    180.099    -0.044
-730.794    180.599    -0.044
-730.808    181.099    -0.044
-730.821    181.599    -0.044
-730.835    182.099    -0.044
-730.849    182.598    -0.044
-730.863    183.098    -0.044
-730.876    183.598    -0.044
-730.890    184.098    -0.044
-730.904    184.597    -0.045
-730.918    185.097    -0.045
-730.931    185.597    -0.045
-730.945    186.097    -0.045
-730.959    186.597    -0.045
-730.973    187.096    -0.045
-730.986    187.596    -0.045
-731.000    188.096    -0.045
-731.014    188.596    -0.045
-731.024    188.995    -0.045
-731.038    189.495    -0.045
-731.052    189.995    -0.045
-731.065    190.495    -0.045
-731.079    190.995    -0.045
-731.093    191.494    -0.045
-731.107    191.994    -0.045
-731.120    192.494    -0.045
-731.134    192.994    -0.045
-731.148    193.493    -0.045
-731.162    193.993    -0.045
-731.175    194.493    -0.045
-731.191    195.093    -0.045
-731.205    195.592    -0.045
-731.219    196.092    -0.045
-731.233    196.592    -0.045
-731.246    197.092    -0.045
-731.260    197.592    -0.045
-731.274    198.091    -0.045
-731.288    198.591    -0.045
-731.301    199.091    -0.045
-731.315    199.591    -0.045
-731.329    199.990    -0.045
-731.345    200.490    -0.045
-731.363    200.990    -0.045
-731.379    201.490    -0.045
-731.396    201.989    -0.045
-731.412    202.489    -0.045
-731.429    202.989    -0.045
-731.446    203.488    -0.045
-731.463    203.988    -0.045
-731.479    204.488    -0.045
-731.496    204.987    -0.045
-731.513    205.487    -0.045
-731.530    205.987    -0.045
-731.546    206.487    -0.045
-731.563    206.986    -0.045
-731.580    207.486    -0.045
-731.596    207.986    -0.045
-731.613    208.485    -0.045
-731.630    208.985    -0.045
-731.648    209.485    -0.045
-731.664    209.984    -0.045
-731.681    210.484    -0.045
-731.698    210.984    -0.045
-731.715    211.484    -0.045
-731.731    211.982    -0.045
-731.748    212.482    -0.045
-731.765    212.982    -0.045
-731.782    213.481    -0.046
-731.798    213.981    -0.046
-731.815    214.481    -0.046
-731.832    214.980    -0.046
-731.848    215.480    -0.046
-731.862    215.980    -0.046
-731.879    216.580    -0.046
-731.894    217.079    -0.046
-731.909    217.579    -0.046
-731.924    218.079    -0.046
-731.938    218.579    -0.046
-731.950    218.978    -0.046
-731.965    219.478    -0.046
-731.982    220.078    -0.046
-731.993    220.478    -0.046
-732.008    220.977    -0.046
-732.025    221.577    -0.046
-732.040    222.077    -0.046
-732.051    222.477    -0.046
-732.066    222.977    -0.046
-732.083    223.576    -0.046
-732.098    224.076    -0.046
-732.109    224.476    -0.046
-732.124    224.976    -0.046
-732.141    225.575    -0.046
-732.156    226.075    -0.046
-732.167    226.475    -0.046
-732.182    226.975    -0.046
-732.199    227.474    -0.046
-732.215    227.974    -0.046
-732.232    228.474    -0.046
-732.249    228.973    -0.046
-732.265    229.473    -0.046
-732.283    229.973    -0.046
-732.300    230.472    -0.046
-732.317    230.972    -0.046
-732.334    231.472    -0.046
-732.351    231.972    -0.046
-732.368    232.471    -0.046
-732.385    232.971    -0.046
-732.402    233.471    -0.046
-732.419    233.970    -0.046
-732.436    234.470    -0.046
-732.453    234.970    -0.046
-732.469    235.469    -0.046
-732.487    235.969    -0.046
-732.504    236.469    -0.046
-732.521    236.969    -0.046
-732.537    237.468    -0.046
-732.554    237.968    -0.046
-732.571    238.468    -0.046
-732.588    238.967    -0.047
-732.606    239.566    -0.047
-732.617    239.966    -0.047
-732.632    240.466    -0.047
-732.649    241.065    -0.047
-732.664    241.565    -0.047
-732.675    241.965    -0.047
-732.692    242.565    -0.047
-732.704    242.964    -0.047
-732.718    243.464    -0.047
-732.733    243.964    -0.047
-732.750    244.564    -0.047
-732.762    244.963    -0.047
-732.776    245.463    -0.047
-732.793    246.063    -0.047
-732.805    246.463    -0.047
-732.820    246.962    -0.047
-732.837    247.562    -0.047
-732.848    247.962    -0.047
-732.865    248.562    -0.047
-732.877    248.961    -0.047
-732.894    249.561    -0.047
-732.905    249.961    -0.047
-732.923    250.561    -0.047
-732.935    250.961    -0.047
-732.952    251.560    -0.047
-732.963    251.960    -0.047
-732.980    252.560    -0.047
-732.991    252.960    -0.047
-733.010    253.559    -0.047
-733.021    253.959    -0.047
-733.036    254.459    -0.047
-733.053    255.059    -0.047
-733.064    255.458    -0.047
-733.079    255.958    -0.047
-733.096    256.558    -0.047
-733.107    256.958    -0.047
-733.125    257.557    -0.047
-733.139    258.057    -0.047
-733.151    258.457    -0.047
-733.168    259.057    -0.047
-733.179    259.456    -0.047
-733.196    260.056    -0.047
-733.211    260.556    -0.047
-733.225    261.056    -0.047
-733.236    261.455    -0.047
-733.251    261.955    -0.047
-733.266    262.455    -0.048
-733.283    263.055    -0.048
-733.294    263.454    -0.048
-733.311    264.054    -0.048
-733.323    264.454    -0.048
-733.340    265.054    -0.048
-733.351    265.454    -0.048
-733.368    266.053    -0.048
-733.380    266.453    -0.048
-733.397    267.053    -0.048
-733.408    267.453    -0.048
-733.423    267.952    -0.048
-733.438    268.452    -0.048
-733.455    269.052    -0.048
-733.466    269.452    -0.048
-733.483    270.051    -0.048
-733.495    270.451    -0.048
-733.512    271.051    -0.048
-733.523    271.451    -0.048
-733.540    272.050    -0.048
-733.552    272.450    -0.048
-733.569    273.050    -0.048
-733.580    273.450    -0.048
-733.595    273.949    -0.048
-733.612    274.549    -0.048
-733.623    274.949    -0.048
-733.638    275.449    -0.048
-733.655    276.048    -0.048
-733.667    276.448    -0.048
-733.684    277.048    -0.048
-733.695    277.448    -0.048
-733.712    278.047    -0.048
-733.724    278.447    -0.048
-733.741    279.047    -0.048
-733.752    279.447    -0.048
-733.767    279.947    -0.048
-733.784    280.546    -0.048
-733.795    280.946    -0.048
-733.812    281.546    -0.048
-733.827    282.046    -0.048
-733.838    282.445    -0.048
-733.852    282.945    -0.048
-733.869    283.545    -0.048
-733.881    283.945    -0.049
-733.895    284.444    -0.049
-733.913    285.044    -0.049
-733.924    285.444    -0.049
-733.941    286.044    -0.049
-733.956    286.543    -0.049
-733.967    286.943    -0.049
-733.984    287.543    -0.049
-733.999    288.043    -0.049
-734.010    288.442    -0.049
-734.028    289.042    -0.049
-734.039    289.442    -0.049
-734.056    290.042    -0.049
-734.067    290.442    -0.049
-734.085    291.041    -0.049
-734.096    291.441    -0.049
-734.111    291.941    -0.049
-734.128    292.540    -0.049
-734.139    292.940    -0.049
-734.154    293.440    -0.049
-734.171    294.040    -0.049
-734.182    294.440    -0.049
-734.199    295.039    -0.049
-734.211    295.439    -0.049
-734.228    296.039    -0.049
-734.239    296.439    -0.049
-734.256    297.038    -0.049
-734.268    297.438    -0.049
-734.285    298.038    -0.049
-734.299    298.538    -0.049
-734.313    299.037    -0.049
-734.325    299.437    -0.049
-734.342    300.037    -0.049
-734.353    300.437    -0.049
-734.370    301.036    -0.049
-734.385    301.536    -0.049
-734.397    301.936    -0.049
-734.414    302.536    -0.049
-734.428    303.035    -0.049
-734.442    303.535    -0.049
-734.454    303.935    -0.049
-734.468    304.435    -0.050
-734.485    305.035    -0.050
-734.497    305.434    -0.050
-734.514    306.034    -0.050
-734.525    306.434    -0.050
-734.540    306.934    -0.050
-734.555    307.433    -0.050
-734.572    308.033    -0.050
-734.583    308.433    -0.050
-734.600    309.033    -0.050
-734.612    309.432    -0.050
-734.627    309.932    -0.050
-734.644    310.532    -0.050
-734.655    310.932    -0.050
-734.672    311.531    -0.050
-734.686    312.030    -0.050
-734.697    312.430    -0.050
-734.712    312.930    -0.050
-734.729    313.529    -0.050
-734.740    313.929    -0.050
-734.755    314.429    -0.050
-734.772    315.029    -0.050
-734.784    315.429    -0.050
-734.801    316.028    -0.050
-734.812    316.428    -0.050
-734.829    317.028    -0.050
-734.841    317.428    -0.050
-734.858    318.027    -0.050
-734.869    318.427    -0.050
-734.886    319.027    -0.050
-734.901    319.527    -0.050
-734.912    319.926    -0.050
-734.930    320.526    -0.050
-734.941    320.926    -0.050
-734.956    321.426    -0.050
-734.973    322.025    -0.050
-734.987    322.525    -0.050
-734.999    322.925    -0.050
-735.013    323.425    -0.051
-735.030    324.024    -0.051
-735.042    324.424    -0.051
-735.059    325.024    -0.051
-735.071    325.424    -0.051
-735.088    326.023    -0.051
-735.099    326.423    -0.051
-735.116    327.023    -0.051
-735.128    327.423    -0.051
-735.145    328.022    -0.051
-735.156    328.422    -0.051
-735.173    329.022    -0.051
-735.185    329.422    -0.051
-735.202    330.022    -0.051
-735.216    330.521    -0.051
-735.228    330.921    -0.051
-735.245    331.521    -0.051
-735.256    331.921    -0.051
-735.271    332.420    -0.051
-735.288    333.020    -0.051
-735.300    333.420    -0.051
-735.317    334.020    -0.051
-735.330    334.519    -0.051
-735.342    334.919    -0.051
-735.357    335.419    -0.051
-735.374    336.019    -0.051
-735.385    336.418    -0.051
-735.402    337.018    -0.051
-735.414    337.418    -0.051
-735.431    338.018    -0.051
-735.442    338.417    -0.051
-735.457    338.917    -0.051
-735.472    339.417    -0.051
-735.485    339.917    -0.051
-735.502    340.516    -0.051
-735.514    340.916    -0.051
-735.531    341.516    -0.052
-735.546    342.016    -0.052
-735.557    342.416    -0.052
-735.574    343.015    -0.052
-735.585    343.415    -0.052
-735.600    343.915    -0.052
-735.617    344.515    -0.052
-735.632    345.014    -0.052
-735.643    345.414    -0.052
-735.661    346.014    -0.052
-735.672    346.414    -0.052
-735.689    347.013    -0.052
-735.700    347.413    -0.052
-735.718    348.013    -0.052
-735.729    348.413    -0.052
-735.746    349.012    -0.052
-735.761    349.512    -0.052
-735.772    349.912    -0.052
-735.789    350.512    -0.052
-735.804    351.011    -0.052
-735.815    351.411    -0.052
-735.833    352.011    -0.052
-735.844    352.411    -0.052
-735.861    353.010    -0.052
-735.872    353.410    -0.052
-735.889    354.010    -0.052
-735.901    354.410    -0.052
-735.916    354.910    -0.052
-735.933    355.509    -0.052
-735.944    355.909    -0.052
-735.961    356.509    -0.052
-735.976    357.009    -0.052
-735.987    357.408    -0.052
-736.004    358.008    -0.052
-736.016    358.408    -0.053
-736.033    359.008    -0.053
-736.044    359.407    -0.053
-736.061    360.007    -0.053
-736.076    360.507    -0.053
-736.088    360.907    -0.053
-736.105    361.506    -0.053
-736.116    361.906    -0.053
-736.130    362.406    -0.053
-736.147    363.006    -0.053
-736.158    363.405    -0.053
-736.175    364.005    -0.053
-736.190    364.505    -0.053
-736.202    364.905    -0.053
-736.219    365.504    -0.053
-736.233    366.004    -0.053
-736.245    366.404    -0.053
-736.260    366.904    -0.053
-736.277    367.503    -0.053
-736.288    367.903    -0.053
-736.302    368.403    -0.053
-736.319    369.003    -0.053
-736.330    369.403    -0.053
-736.347    370.002    -0.053
-736.359    370.402    -0.053
-736.374    370.902    -0.053
-736.391    371.502    -0.053
-736.405    372.001    -0.053
-736.417    372.401    -0.053
-736.431    372.901    -0.053
-736.449    373.501    -0.053
-736.460    373.900    -0.053
-736.474    374.400    -0.053
-736.491    375.000    -0.054
-736.503    375.400    -0.054
-736.520    375.999    -0.054
-736.532    376.399    -0.054
-736.549    376.999    -0.054
-736.560    377.399    -0.054
-736.577    377.998    -0.054
-736.589    378.398    -0.054
-736.606    378.998    -0.054
-736.617    379.398    -0.054
-736.634    379.997    -0.054
-736.646    380.397    -0.054
-736.663    380.997    -0.054
-736.674    381.397    -0.054
-736.689    381.897    -0.054
-736.706    382.496    -0.054
-736.717    382.896    -0.054
-736.735    383.496    -0.054
-736.749    383.996    -0.054
-736.761    384.395    -0.054
-736.778    384.995    -0.054
-736.789    385.395    -0.054
-736.806    385.995    -0.054
-736.818    386.393    -0.054
-736.835    386.993    -0.054
-736.846    387.393    -0.054
-736.863    387.993    -0.054
-736.875    388.392    -0.054
-736.892    388.992    -0.054
-736.906    389.492    -0.054
-736.921    389.992    -0.054
-736.933    390.391    -0.055
-736.950    390.991    -0.055
-736.961    391.391    -0.055
-736.978    391.991    -0.055
-736.990    392.391    -0.055
-737.007    392.990    -0.055
-737.018    393.390    -0.055
-737.033    393.890    -0.055
-737.050    394.490    -0.055
-737.065    394.989    -0.055
-737.076    395.389    -0.055
-737.093    395.989    -0.055
-737.105    396.389    -0.055
-737.119    396.888    -0.055
-737.136    397.488    -0.055
-737.150    397.988    -0.055
-737.162    398.388    -0.055
-737.179    398.987    -0.055
-737.190    399.387    -0.055
-737.207    399.987    -0.055
-737.218    400.387    -0.055
-737.233    400.886    -0.055
-737.250    401.486    -0.055
-737.265    401.986    -0.055
-737.279    402.486    -0.055
-737.290    402.885    -0.055
-737.307    403.485    -0.055
-737.322    403.985    -0.055
-737.333    404.385    -0.055
-737.351    404.984    -0.055
-737.362    405.384    -0.055
-737.379    405.984    -0.056
-737.390    406.384    -0.056
-737.408    406.984    -0.056
-737.419    407.383    -0.056
-737.437    407.983    -0.056
-737.451    408.483    -0.056
-737.462    408.883    -0.056
-737.479    409.482    -0.056
-737.491    409.882    -0.056
-737.504    410.382    -0.056
-737.522    410.982    -0.056
-737.535    411.481    -0.056
-737.547    411.881    -0.056
-737.564    412.481    -0.056
-737.577    412.981    -0.056
-737.589    413.381    -0.056
-737.603    413.880    -0.056
-737.616    414.380    -0.056
-737.630    414.880    -0.056
-737.647    415.480    -0.056
-737.659    415.879    -0.056
-737.676    416.479    -0.056
-737.689    416.979    -0.056
-737.701    417.379    -0.056
-737.718    417.978    -0.056
-737.732    418.478    -0.056
-737.743    418.878    -0.056
-737.760    419.478    -0.056
-737.774    419.977    -0.056
-737.788    420.477    -0.057
-737.799    420.877    -0.057
-737.813    421.377    -0.057
-737.827    421.877    -0.057
-737.843    422.476    -0.057
-737.855    422.976    -0.057
-737.869    423.476    -0.057
-737.880    423.876    -0.057
-737.896    424.475    -0.057
-737.906    424.875    -0.057
-737.922    425.475    -0.057
-737.936    425.975    -0.057
-737.949    426.475    -0.057
-737.962    426.974    -0.057
-737.975    427.474    -0.057
-737.986    427.874    -0.057
-738.002    428.474    -0.057
-738.015    428.973    -0.057
-738.029    429.473    -0.057
-738.040    429.873    -0.057
-738.056    430.473    -0.057
-738.066    430.873    -0.057
-738.082    431.472    -0.057
-738.093    431.872    -0.057
-738.109    432.472    -0.057
-738.121    432.972    -0.057
-738.135    433.472    -0.057
-738.145    433.871    -0.057
-738.162    434.471    -0.058
-738.175    434.971    -0.058
-738.186    435.371    -0.058
-738.202    435.970    -0.058
-738.212    436.370    -0.058
-738.225    436.870    -0.058
-738.241    437.470    -0.058
-738.255    437.970    -0.058
-738.270    438.469    -0.058
-738.282    438.869    -0.058
-738.297    439.369    -0.058
-738.315    439.969    -0.058
-738.327    440.368    -0.058
-738.342    440.868    -0.058
-738.360    441.468    -0.058
-738.372    441.868    -0.058
-738.388    442.367    -0.058
-738.403    442.867    -0.058
-738.419    443.367    -0.058
-738.433    443.867    -0.058
-738.448    444.366    -0.058
-738.463    444.866    -0.058
-738.479    445.366    -0.058
-738.493    445.866    -0.058
-738.511    446.465    -0.058
-738.524    446.865    -0.058
-738.542    447.465    -0.058
-738.554    447.864    -0.058
-738.569    448.364    -0.059
-738.585    448.864    -0.059
-738.600    449.364    -0.059
-738.618    449.963    -0.059
-738.632    450.463    -0.059
-738.645    450.863    -0.059
-738.661    451.363    -0.059
-738.675    451.862    -0.059
-738.690    452.362    -0.059
-738.705    452.862    -0.059
-738.721    453.362    -0.059
-738.735    453.861    -0.059
-738.751    454.361    -0.059
-738.766    454.861    -0.059
-738.784    455.461    -0.059
-738.799    455.960    -0.059
-738.810    456.360    -0.059
-738.824    456.860    -0.059
-738.838    457.360    -0.059
-738.854    457.959    -0.059
-738.865    458.359    -0.059
-738.879    458.859    -0.059
-738.893    459.359    -0.059
-738.906    459.859    -0.059
-738.920    460.358    -0.059
-738.934    460.858    -0.059
-738.948    461.358    -0.059
-738.965    461.958    -0.060
-738.978    462.457    -0.060
-738.992    462.957    -0.060
-739.006    463.457    -0.060
-739.020    463.957    -0.060
-739.031    464.355    -0.060
-739.045    464.855    -0.060
-739.062    465.455    -0.060
-739.076    465.955    -0.060
-739.087    466.355    -0.060
-739.101    466.854    -0.060
-739.114    467.354    -0.060
-739.128    467.854    -0.060
-739.142    468.354    -0.060
-739.156    468.853    -0.060
-739.169    469.353    -0.060
-739.183    469.853    -0.060
-739.197    470.353    -0.060
-739.214    470.952    -0.060
-739.225    471.352    -0.060
-739.239    471.852    -0.060
-739.255    472.452    -0.060
-739.267    472.852    -0.060
-739.283    473.451    -0.060
-739.297    473.951    -0.060
-739.310    474.451    -0.060
-739.324    474.951    -0.061
-739.338    475.450    -0.061
-739.348    475.850    -0.061
-739.364    476.450    -0.061
-739.378    476.950    -0.061
-739.388    477.350    -0.061
-739.402    477.849    -0.061
-739.416    478.349    -0.061
-739.430    478.849    -0.061
-739.443    479.349    -0.061
-739.459    479.948    -0.061
-739.473    480.448    -0.061
-739.487    480.948    -0.061
-739.501    481.448    -0.061
-739.511    481.848    -0.061
-739.528    482.447    -0.061
-739.542    482.947    -0.061
-739.555    483.447    -0.061
-739.568    483.947    -0.061
-739.579    484.346    -0.061
-739.593    484.846    -0.061
-739.606    485.346    -0.061
-739.620    485.846    -0.061
-739.634    486.346    -0.061
-739.648    486.845    -0.061
-739.664    487.445    -0.062
-739.674    487.845    -0.062
-739.688    488.345    -0.062
-739.702    488.844    -0.062
-739.715    489.344    -0.062
-739.729    489.844    -0.062
-739.743    490.344    -0.062
-739.757    490.844    -0.062
-739.773    491.443    -0.062
-739.783    491.843    -0.062
-739.797    492.343    -0.062
-739.813    492.943    -0.062
-739.827    493.442    -0.062
-739.838    493.842    -0.062
-739.854    494.442    -0.062
-739.865    494.842    -0.062
-739.881    495.442    -0.062
-739.894    495.941    -0.062
-739.908    496.441    -0.062
-739.920    496.841    -0.062
-739.936    497.441    -0.062
-739.949    497.940    -0.062
-739.963    498.440    -0.062
-739.977    498.940    -0.062
-739.987    499.340    -0.062
-740.001    499.840    -0.063
-740.017    500.439    -0.063
-740.031    500.939    -0.063
-740.045    501.439    -0.063
-740.058    501.939    -0.063
-740.069    502.338    -0.063
-740.082    502.838    -0.063
-740.096    503.338    -0.063
-740.110    503.838    -0.063
-740.126    504.437    -0.063
-740.140    504.937    -0.063
-740.150    505.337    -0.063
-740.164    505.837    -0.063
-740.180    506.437    -0.063
-740.194    506.936    -0.063
-740.208    507.436    -0.063
-740.218    507.836    -0.063
-740.232    508.336    -0.063
-740.245    508.836    -0.063
-740.262    509.435    -0.063
-740.275    509.935    -0.063
-740.286    510.335    -0.063
-740.299    510.835    -0.063
-740.316    511.434    -0.063
-740.328    511.934    -0.064
-740.341    512.434    -0.064
-740.351    512.834    -0.064
-740.367    513.434    -0.064
-740.377    513.833    -0.064
-740.393    514.433    -0.064
-740.406    514.933    -0.064
-740.418    515.433    -0.064
-740.429    515.833    -0.064
-740.445    516.432    -0.064
-740.458    516.932    -0.064
-740.470    517.432    -0.064
-740.484    517.932    -0.064
-740.497    518.431    -0.064
-740.510    518.931    -0.064
-740.522    519.431    -0.064
-740.533    519.831    -0.064
-740.549    520.431    -0.064
-740.562    520.930    -0.064
-740.572    521.330    -0.064
-740.588    521.930    -0.064
-740.601    522.430    -0.064
-740.611    522.830    -0.064
-740.627    523.429    -0.064
-740.640    523.929    -0.065
-740.651    524.329    -0.065
-740.667    524.929    -0.065
-740.679    525.429    -0.065
-740.693    525.928    -0.065
-740.704    526.328    -0.065
-740.720    526.928    -0.065
-740.732    527.428    -0.065
-740.743    527.827    -0.065
-740.759    528.427    -0.065
-740.769    528.827    -0.065
-740.785    529.427    -0.065
-740.798    529.927    -0.065
-740.809    530.326    -0.065
-740.825    530.926    -0.065
-740.835    531.326    -0.065
-740.851    531.926    -0.065
-740.864    532.426    -0.065
-740.878    532.925    -0.065
-740.890    533.425    -0.065
-740.904    533.925    -0.065
-740.917    534.425    -0.065
-740.931    534.924    -0.065
-740.943    535.424    -0.066
-740.956    535.924    -0.066
-740.970    536.424    -0.066
-740.983    536.924    -0.066
-740.993    537.323    -0.066
-741.009    537.923    -0.066
-741.019    538.323    -0.066
-741.036    538.923    -0.066
-741.048    539.423    -0.066
-741.059    539.822    -0.066
-741.075    540.422    -0.066
-741.088    540.922    -0.066
-741.101    541.422    -0.066
-741.114    541.921    -0.066
-741.124    542.321    -0.066
-741.141    542.921    -0.066
-741.153    543.421    -0.066
-741.167    543.921    -0.066
-741.180    544.420    -0.066
-741.194    544.920    -0.066
-741.204    545.220    -0.066
-741.225    545.720    -0.066
-741.247    546.219    -0.066
-741.273    546.919    -0.067
-741.284    547.419    -0.067
-741.296    547.918    -0.067
-741.308    548.418    -0.067
-741.320    548.918    -0.067
-741.331    549.418    -0.067
-741.343    549.918    -0.067
-741.355    550.417    -0.067
-741.367    550.917    -0.067
-741.378    551.417    -0.067
-741.391    552.017    -0.067
-741.400    552.417    -0.067
-741.410    552.917    -0.067
-741.421    553.416    -0.067
-741.432    553.916    -0.067
-741.443    554.416    -0.067
-741.453    554.916    -0.067
-741.465    555.416    -0.067
-741.478    555.916    -0.067
-741.490    556.415    -0.067
-741.501    556.915    -0.067
-741.513    557.415    -0.067
-741.525    557.915    -0.068
-741.537    558.415    -0.068
-741.548    558.915    -0.068
-741.560    559.414    -0.068
-741.573    559.914    -0.068
-741.585    560.414    -0.068
-741.596    560.914    -0.068
-741.608    561.414    -0.068
-741.620    561.913    -0.068
-741.632    562.413    -0.068
-741.641    562.813    -0.068
-741.658    563.213    -0.068
-741.680    563.711    -0.068
-741.702    564.211    -0.068
-741.725    564.711    -0.068
-741.746    565.210    -0.068
-741.768    565.710    -0.068
-741.786    566.109    -0.068
-741.810    566.809    -0.068
-741.826    567.309    -0.068
-741.841    567.808    -0.068
-741.859    568.408    -0.068
-741.871    568.808    -0.069
-741.887    569.508    -0.069
-741.897    570.008    -0.069
-741.907    570.507    -0.069
-741.917    571.007    -0.069
-741.926    571.507    -0.069
-741.936    572.007    -0.069
-741.945    572.407    -0.069
-741.958    572.907    -0.069
-741.972    573.406    -0.069
-741.983    573.806    -0.069
-742.001    574.406    -0.069
-742.014    574.906    -0.069
-742.028    575.405    -0.069
-742.042    575.905    -0.069
-742.056    576.405    -0.069
-742.069    576.905    -0.069
-742.083    577.405    -0.069
-742.097    577.904    -0.069
-742.111    578.404    -0.069
-742.122    578.804    -0.069
-742.139    579.404    -0.070
-742.153    579.903    -0.070
-742.167    580.403    -0.070
-742.180    580.903    -0.070
-742.194    581.403    -0.070
-742.208    581.903    -0.070
-742.222    582.402    -0.070
-742.233    582.802    -0.070
-742.247    583.302    -0.070
-742.264    583.902    -0.070
-742.278    584.401    -0.070
-742.291    584.901    -0.070
-742.305    585.401    -0.070
-742.319    585.901    -0.070
-742.333    586.400    -0.070
-742.346    586.900    -0.070
-742.360    587.400    -0.070
-742.374    587.900    -0.070
-742.387    588.400    -0.070
-742.399    588.799    -0.070
-742.413    589.299    -0.070
-742.430    589.899    -0.071
-742.443    590.399    -0.071
-742.457    590.898    -0.071
-742.471    591.398    -0.071
-742.485    591.898    -0.071
-742.496    592.298    -0.071
-742.513    592.897    -0.071
-742.527    593.397    -0.071
-742.541    593.897    -0.071
-742.554    594.397    -0.071
-742.568    594.897    -0.071
-742.582    595.396    -0.071
-742.596    595.896    -0.071
-742.609    596.396    -0.071
-742.623    596.896    -0.071
-742.637    597.395    -0.071
-742.648    597.795    -0.071
-742.662    598.295    -0.071
-742.679    598.895    -0.071
-742.693    599.394    -0.071
-742.707    599.894    -0.071
-742.720    600.394    -0.072
-742.732    600.794    -0.072
-742.745    601.194    -0.072
-742.765    601.693    -0.072
-742.785    602.192    -0.072
-742.804    602.692    -0.072
-742.824    603.191    -0.072
-742.844    603.691    -0.072
-742.864    604.190    -0.072
-742.883    604.690    -0.072
-742.907    605.290    -0.072
-742.926    605.889    -0.072
-742.937    606.389    -0.072
-742.949    606.889    -0.072
-742.961    607.389    -0.072
-742.973    607.889    -0.072
-742.984    608.388    -0.072
-742.996    608.888    -0.072
-743.008    609.388    -0.072
-743.020    609.888    -0.072
-743.031    610.388    -0.073
-743.041    610.788    -0.073
-743.056    611.387    -0.073
-743.069    611.887    -0.073
-743.081    612.387    -0.073
-743.094    612.887    -0.073
-743.107    613.386    -0.073
-743.116    613.786    -0.073
-743.129    614.286    -0.073
-743.142    614.786    -0.073
-743.154    615.286    -0.073
-743.167    615.786    -0.073
-743.180    616.285    -0.073
-743.195    616.885    -0.073
-743.208    617.385    -0.073
-743.220    617.885    -0.073
-743.231    618.385    -0.073
-743.244    618.884    -0.073
-743.256    619.384    -0.073
-743.269    619.884    -0.073
-743.280    620.384    -0.074
-743.292    620.884    -0.074
-743.305    621.383    -0.074
-743.316    621.883    -0.074
-743.328    622.383    -0.074
-743.341    622.883    -0.074
-743.353    623.383    -0.074
-743.364    623.882    -0.074
-743.377    624.382    -0.074
-743.389    624.882    -0.074
-743.401    625.382    -0.074
-743.413    625.882    -0.074
-743.425    626.381    -0.074
-743.437    626.881    -0.074
-743.450    627.381    -0.074
-743.462    627.881    -0.074
-743.474    628.381    -0.074
-743.487    628.881    -0.074
-743.499    629.380    -0.074
-743.510    629.880    -0.074
-743.523    630.380    -0.075
-743.535    630.880    -0.075
-743.547    631.380    -0.075
-743.559    631.879    -0.075
-743.571    632.379    -0.075
-743.583    632.879    -0.075
-743.596    633.379    -0.075
-743.607    633.879    -0.075
-743.619    634.378    -0.075
-743.632    634.878    -0.075
-743.644    635.378    -0.075
-743.656    635.878    -0.075
-743.668    636.378    -0.075
-743.680    636.878    -0.075
-743.692    637.377    -0.075
-743.704    637.877    -0.075
-743.716    638.377    -0.075
-743.729    638.877    -0.075
-743.741    639.377    -0.075
-743.753    639.876    -0.076
-743.765    640.376    -0.076
-743.778    640.876    -0.076
-743.790    641.376    -0.076
-743.802    641.876    -0.076
-743.814    642.375    -0.076
-743.826    642.875    -0.076
-743.838    643.375    -0.076
-743.848    643.875    -0.076
-743.860    644.475    -0.076
-743.869    644.875    -0.076
-743.879    645.375    -0.076
-743.891    645.974    -0.076
-743.899    646.374    -0.076
-743.909    646.874    -0.076
-743.920    647.374    -0.076
-743.932    647.974    -0.076
-743.940    648.374    -0.076
-743.952    648.973    -0.076
-743.961    649.373    -0.076
-743.970    649.873    -0.077
-743.981    650.373    -0.077
-743.993    650.973    -0.077
-744.002    651.373    -0.077
-744.014    651.973    -0.077
-744.022    652.372    -0.077
-744.032    652.872    -0.077
-744.044    653.472    -0.077
-744.052    653.872    -0.077
-744.062    654.372    -0.077
-744.072    654.872    -0.077
-744.083    655.472    -0.077
-744.090    655.872    -0.077
-744.100    656.371    -0.077
-744.111    656.971    -0.077
-744.119    657.371    -0.077
-744.128    657.871    -0.077
-744.139    658.471    -0.077
-744.147    658.871    -0.077
-744.157    659.371    -0.078
-744.168    659.971    -0.078
-744.175    660.370    -0.078
-744.186    660.970    -0.078
-744.195    661.470    -0.078
-744.202    661.870    -0.078
-744.212    662.370    -0.078
-744.222    662.870    -0.078
-744.231    663.370    -0.078
-744.240    663.870    -0.078
-744.251    664.469    -0.078
-744.261    664.869    -0.078
-744.273    665.369    -0.078
-744.284    665.869    -0.078
-744.296    666.369    -0.078
-744.308    666.869    -0.078
-744.320    667.368    -0.078
-744.331    667.868    -0.078
-744.343    668.368    -0.079
-744.355    668.868    -0.079
-744.367    669.368    -0.079
-744.378    669.868    -0.079
-744.390    670.367    -0.079
-744.402    670.867    -0.079
-744.413    671.367    -0.079
-744.421    671.867    -0.079
-744.430    672.367    -0.079
-744.439    672.867    -0.079
-744.448    673.367    -0.079
-744.458    673.966    -0.079
-744.466    674.466    -0.079
-744.473    674.866    -0.079
-744.482    675.366    -0.079
-744.490    675.866    -0.079
-744.499    676.366    -0.079
-744.510    676.966    -0.079
-744.519    677.466    -0.079
-744.525    677.866    -0.080
-744.535    678.465    -0.080
-744.544    678.965    -0.080
-744.553    679.465    -0.080
-744.562    679.965    -0.080
-744.570    680.465    -0.080
-744.579    680.965    -0.080
-744.588    681.465    -0.080
-744.597    681.965    -0.080
-744.605    682.465    -0.080
-744.614    682.964    -0.080
-744.623    683.464    -0.080
-744.629    683.864    -0.080
-744.638    684.364    -0.080
-744.647    684.864    -0.080
-744.656    685.364    -0.080
-744.666    685.964    -0.080
-744.674    686.464    -0.080
-744.682    686.864    -0.081
-744.690    687.363    -0.081
-744.699    687.862    -0.081
-744.708    688.362    -0.081
-744.717    688.862    -0.081
-744.728    689.462    -0.081
-744.735    689.862    -0.081
-744.745    690.362    -0.081
-744.753    691.062    -0.081
-744.758    691.662    -0.081
-744.759    692.162    -0.081
-744.762    692.662    -0.081
-744.764    693.062    -0.081
-744.769    693.662    -0.081
-744.770    694.062    -0.081
-744.773    694.662    -0.081
-744.776    695.162    -0.081
-744.779    695.662    -0.081
-744.781    696.162    -0.082
-744.784    696.661    -0.082
-744.785    697.061    -0.082
-744.789    697.661    -0.082
-744.791    698.161    -0.082
-744.794    698.661    -0.082
-744.797    699.161    -0.082
-744.800    699.661    -0.082
-744.801    700.161    -0.082
-744.804    700.661    -0.082
-744.807    701.161    -0.082
-744.810    701.662    -0.082
-744.812    702.162    -0.082
-744.814    702.661    -0.082
-744.817    703.161    -0.082
-744.818    703.661    -0.082
-744.821    704.161    -0.082
-744.823    704.661    -0.082
-744.825    705.161    -0.083
-744.826    705.661    -0.083
-744.824    706.261    -0.083
-744.820    706.760    -0.083
-744.816    707.260    -0.083
-744.813    707.761    -0.083
-744.809    708.261    -0.083
-744.804    708.760    -0.083
-744.801    709.260    -0.083
-744.797    709.760    -0.083
-744.794    710.261    -0.083
-744.789    710.760    -0.083
-744.786    711.260    -0.083
-744.782    711.760    -0.083
-744.777    712.360    -0.083
-744.774    712.759    -0.083
-744.770    713.260    -0.083
-744.767    713.760    -0.083
-744.762    714.360    -0.084
-744.759    714.760    -0.084
-744.756    715.259    -0.084
-744.752    715.760    -0.084
-744.748    716.260    -0.084
-744.744    716.760    -0.084
-744.741    717.259    -0.084
-744.737    717.759    -0.084
-744.734    718.259    -0.084
-744.728    718.760    -0.084
-744.725    719.259    -0.084
-744.721    719.759    -0.084
-744.717    720.259    -0.084
-744.713    720.759    -0.084
-744.710    721.259    -0.084
-744.702    721.859    -0.084
-744.694    722.359    -0.084
-744.686    722.859    -0.085
-744.677    723.359    -0.085
-744.669    723.858    -0.085
-744.660    724.358    -0.085
-744.652    724.859    -0.085
-744.643    725.358    -0.085
-744.635    725.858    -0.085
-744.627    726.358    -0.085
-744.616    726.958    -0.085
-744.609    727.357    -0.085
-744.601    727.857    -0.085
-744.593    728.358    -0.085
-744.585    728.857    -0.085
-744.575    729.357    -0.085
-744.567    729.857    -0.085
-744.558    730.357    -0.085
-744.551    730.857    -0.085
-744.542    731.357    -0.085
-744.534    731.857    -0.086
-744.525    732.356    -0.086
-744.517    732.856    -0.086
-744.507    733.357    -0.086
-744.499    733.856    -0.086
-744.491    734.356    -0.086
-744.482    734.856    -0.086
-744.474    735.356    -0.086
-744.466    735.856    -0.086
-744.458    736.355    -0.086
-744.448    736.856    -0.086
-744.440    737.355    -0.086
-744.432    737.855    -0.086
-744.424    738.355    -0.086
-744.413    738.955    -0.086
-744.406    739.355    -0.086
-744.398    739.855    -0.086
-744.390    740.355    -0.086
-744.380    740.854    -0.087
-744.372    741.354    -0.087
-744.364    741.855    -0.087
-744.356    742.354    -0.087
-744.347    742.854    -0.087
-744.339    743.354    -0.087
-744.330    743.854    -0.087
-744.322    744.354    -0.087
-744.313    744.854    -0.087
-744.305    745.354    -0.087
-744.297    745.853    -0.087
-744.288    746.353    -0.087
-744.279    746.854    -0.087
-744.271    747.353    -0.087
-744.263    747.853    -0.087
-744.239    748.553    -0.087
-744.221    749.052    -0.087
-744.203    749.552    -0.088
-744.186    750.052    -0.088
-744.167    750.551    -0.088
-744.149    751.051    -0.088
-744.131    751.550    -0.088
-744.112    752.050    -0.088
-744.094    752.549    -0.088
-744.076    753.050    -0.088
-744.058    753.549    -0.088
-744.039    754.049    -0.088
-744.021    754.548    -0.088
-744.003    755.048    -0.088
-743.985    755.547    -0.088
-743.966    756.047    -0.088
-743.948    756.546    -0.088
-743.931    757.046    -0.088
-743.913    757.545    -0.088
-743.894    758.046    -0.089
-743.876    758.545    -0.089
-743.858    759.045    -0.089
-743.828    759.744    -0.089
-743.805    760.243    -0.089
-743.782    760.743    -0.089
-743.759    761.243    -0.089
-743.736    761.741    -0.089
-743.707    762.341    -0.089
-743.689    762.741    -0.089
-743.665    763.240    -0.089
-743.642    763.739    -0.089
-743.623    764.138    -0.089
-743.597    764.738    -0.089
-743.573    765.238    -0.089
-743.550    765.737    -0.089
-743.526    766.236    -0.089
-743.502    766.736    -0.090
-743.473    767.335    -0.090
-743.443    767.834    -0.090
-743.415    768.333    -0.090
-743.387    768.833    -0.090
-743.358    769.332    -0.090
-743.330    769.830    -0.090
-743.302    770.330    -0.090
-743.274    770.829    -0.090
-743.245    771.329    -0.090
-743.217    771.827    -0.090
-743.189    772.326    -0.090
-743.161    772.826    -0.090
-743.132    773.325    -0.090
-743.104    773.825    -0.090
-743.076    774.323    -0.090
-743.047    774.822    -0.090
-743.010    775.421    -0.091
-742.978    775.920    -0.091
-742.952    776.320    -0.091
-742.913    776.918    -0.091
-742.880    777.416    -0.091
-742.848    777.915    -0.091
-742.821    778.315    -0.091
-742.789    778.814    -0.091
-742.757    779.313    -0.091
-742.718    779.912    -0.091
-742.686    780.411    -0.091
-742.653    780.909    -0.091
-742.621    781.408    -0.091
-742.589    781.907    -0.091
-742.562    782.306    -0.091
-742.496    783.204    -0.091
-742.472    783.502    -0.091
-742.425    784.100    -0.092
-742.394    784.499    -0.092
-742.346    785.098    -0.092
-742.298    785.696    -0.092
-742.266    786.095    -0.092
-742.227    786.593    -0.092
-742.188    787.091    -0.092
-742.147    787.590    -0.092
-742.116    787.987    -0.092
-742.069    788.586    -0.092
-742.038    788.985    -0.092
-741.991    789.583    -0.092
-741.968    789.882    -0.092
-741.914    790.580    -0.092
-741.858    791.277    -0.092
-741.822    791.676    -0.092
-741.777    792.174    -0.092
-741.722    792.772    -0.092
-741.677    793.269    -0.093
-741.631    793.767    -0.093
-741.586    794.265    -0.093
-741.541    794.763    -0.093
-741.495    795.260    -0.093
-741.459    795.659    -0.093
-741.405    796.257    -0.093
-741.356    796.754    -0.093
-741.309    797.252    -0.093
-741.271    797.650    -0.093
-741.214    798.248    -0.093
-741.165    798.745    -0.093
-741.118    799.242    -0.093
-741.070    799.740    -0.093
-741.022    800.238    -0.093
-740.974    800.736    -0.093
-740.923    801.233    -0.093
-740.849    801.929    -0.094
-740.796    802.426    -0.094
-740.742    802.923    -0.094
-740.689    803.420    -0.094
-740.636    803.917    -0.094
-740.582    804.415    -0.094
-740.529    804.911    -0.094
-740.476    805.408    -0.094
-740.422    805.906    -0.094
-740.369    806.403    -0.094
-740.299    806.999    -0.094
-740.240    807.495    -0.094
-740.180    807.992    -0.094
-740.121    808.488    -0.094
-740.050    809.084    -0.094
-740.003    809.481    -0.094
-739.944    809.978    -0.094
-739.885    810.473    -0.095
-739.825    810.970    -0.095
-739.766    811.466    -0.095
-739.707    811.963    -0.095
-739.648    812.459    -0.095
-739.591    812.957    -0.095
-739.534    813.453    -0.095
-739.477    813.950    -0.095
-739.395    814.645    -0.095
-739.341    815.041    -0.095
-739.247    815.734    -0.095
-739.180    816.230    -0.095
-739.112    816.726    -0.095
-739.059    817.122    -0.095
-738.991    817.618    -0.095
-738.910    818.212    -0.095
-738.843    818.707    -0.095
-738.776    819.203    -0.096
-738.722    819.599    -0.096
-738.668    819.996    -0.096
-738.573    820.689    -0.096
-738.487    821.282    -0.096
-738.415    821.777    -0.096
-738.357    822.173    -0.096
-738.271    822.767    -0.096
-738.200    823.261    -0.096
-738.141    823.657    -0.096
-738.070    824.152    -0.096
-737.984    824.746    -0.096
-737.895    825.339    -0.096
-737.818    825.833    -0.096
-737.741    826.327    -0.096
-737.664    826.821    -0.096
-737.588    827.315    -0.096
-737.512    827.809    -0.096
-737.450    828.205    -0.097
-737.358    828.797    -0.097
-737.297    829.193    -0.097
-737.205    829.785    -0.097
-737.143    830.180    -0.097
-737.014    830.970    -0.097
-736.931    831.463    -0.097
-736.866    831.857    -0.097
-736.767    832.450    -0.097
-736.702    832.844    -0.097
-736.604    833.436    -0.097
-736.521    833.929    -0.097
-736.440    834.422    -0.097
-736.374    834.816    -0.097
-736.276    835.409    -0.097
-736.210    835.804    -0.097
-736.112    836.395    -0.097
-736.008    836.985    -0.097
-735.938    837.380    -0.098
-735.834    837.971    -0.098
-735.708    838.659    -0.098
-735.616    839.150    -0.098
-735.523    839.641    -0.098
-735.431    840.134    -0.098
-735.357    840.526    -0.098
-735.265    841.018    -0.098
-735.154    841.607    -0.098
-735.062    842.099    -0.098
-734.969    842.590    -0.098
-734.877    843.081    -0.098
-734.803    843.474    -0.098
-734.693    844.064    -0.098
-734.600    844.555    -0.098
-734.526    844.949    -0.098
-734.452    845.342    -0.098
-734.283    846.226    -0.099
-734.181    846.715    -0.099
-734.080    847.205    -0.099
-733.978    847.694    -0.099
-733.897    848.085    -0.099
-733.796    848.576    -0.099
-733.694    849.065    -0.099
-733.593    849.555    -0.099
-733.491    850.044    -0.099
-733.390    850.534    -0.099
-733.269    851.121    -0.099
-733.167    851.610    -0.099
-733.066    852.101    -0.099
-732.964    852.590    -0.099
-732.862    853.080    -0.099
-732.740    853.667    -0.099
-732.658    854.057    -0.099
-732.556    854.547    -0.099
-732.452    855.037    -0.099
-732.329    855.624    -0.100
-732.175    856.306    -0.100
-732.062    856.793    -0.100
-731.926    857.377    -0.100
-731.858    857.670    -0.100
-731.746    858.157    -0.100
-731.633    858.644    -0.100
-731.499    859.229    -0.100
-731.386    859.715    -0.100
-731.274    860.203    -0.100
-731.162    860.690    -0.100
-731.049    861.178    -0.100
-730.960    861.568    -0.100
-730.825    862.152    -0.100
-730.713    862.639    -0.100
-730.577    863.223    -0.100
-730.415    863.904    -0.100
-730.293    864.389    -0.101
-730.171    864.874    -0.101
-730.049    865.359    -0.101
-729.927    865.844    -0.101
-729.829    866.231    -0.101
-729.707    866.716    -0.101
-729.561    867.299    -0.101
-729.463    867.686    -0.101
-729.317    868.268    -0.101
-729.219    868.656    -0.101
-729.072    869.238    -0.101
-728.950    869.723    -0.101
-728.776    870.400    -0.101
-728.647    870.883    -0.101
-728.517    871.366    -0.101
-728.389    871.849    -0.101
-728.260    872.332    -0.101
-728.131    872.816    -0.101
-728.003    873.299    -0.101
-727.874    873.782    -0.102
-727.745    874.265    -0.102
-727.617    874.748    -0.102
-727.487    875.231    -0.102
-727.358    875.714    -0.102
-727.230    876.197    -0.102
-727.101    876.680    -0.102
-726.971    877.163    -0.102
-726.727    878.030    -0.102
-726.615    878.413    -0.102
-726.475    878.893    -0.102
-726.307    879.470    -0.102
-726.196    879.853    -0.102
-726.054    880.333    -0.102
-725.882    880.908    -0.102
-725.739    881.386    -0.102
-725.597    881.866    -0.102
-725.453    882.344    -0.102
-725.310    882.824    -0.102
-725.167    883.302    -0.103
-725.023    883.782    -0.103
-724.881    884.261    -0.103
-724.738    884.740    -0.103
-724.595    885.219    -0.103
-724.394    885.890    -0.103
-724.246    886.367    -0.103
-724.097    886.844    -0.103
-723.949    887.322    -0.103
-723.802    887.800    -0.103
-723.684    888.182    -0.103
-723.507    888.755    -0.103
-723.388    889.137    -0.103
-723.211    889.710    -0.103
-723.092    890.092    -0.103
-722.915    890.666    -0.103
-722.673    891.427    -0.103
-722.549    891.808    -0.103
-722.362    892.378    -0.103
-722.238    892.758    -0.104
-722.113    893.138    -0.104
-721.926    893.708    -0.104
-721.771    894.183    -0.104
-721.584    894.754    -0.104
-721.459    895.134    -0.104
-721.304    895.608    -0.104
-721.179    895.988    -0.104
-720.992    896.559    -0.104
-720.765    897.221    -0.104
-720.570    897.788    -0.104
-720.439    898.166    -0.104
-720.243    898.733    -0.104
-720.112    899.111    -0.104
-719.949    899.584    -0.104
-719.818    899.962    -0.104
-719.622    900.529    -0.104
-719.426    901.096    -0.104
-719.328    901.380    -0.104
-719.132    901.947    -0.104
-718.937    902.513    -0.105
-718.805    902.891    -0.105
-718.610    903.458    -0.105
-718.369    904.116    -0.105
-718.195    904.584    -0.105
-718.021    905.053    -0.105
-717.811    905.615    -0.105
-717.637    906.084    -0.105
-717.533    906.365    -0.105
-717.289    907.021    -0.105
-717.150    907.396    -0.105
-716.976    907.864    -0.105
-716.802    908.334    -0.105
-716.593    908.896    -0.105
-716.454    909.271    -0.105
-716.279    909.739    -0.105
-716.105    910.208    -0.105
-715.857    910.863    -0.105
-715.678    911.330    -0.105
-715.498    911.796    -0.105
-715.319    912.262    -0.106
-715.139    912.730    -0.106
-714.846    913.474    -0.106
-714.659    913.937    -0.106
-714.472    914.401    -0.106
-714.322    914.771    -0.106
-714.097    915.328    -0.106
-713.910    915.791    -0.106
-713.722    916.255    -0.106
-713.497    916.811    -0.106
-713.310    917.274    -0.106
-713.198    917.553    -0.106
-713.011    918.017    -0.106
-712.786    918.573    -0.106
-712.599    919.036    -0.106
-712.411    919.500    -0.106
-712.142    920.145    -0.106
-711.947    920.606    -0.106
-711.752    921.067    -0.106
-711.558    921.527    -0.106
-711.363    921.987    -0.106
-711.167    922.448    -0.107
-710.972    922.908    -0.107
-710.817    923.276    -0.107
-710.583    923.829    -0.107
-710.389    924.289    -0.107
-710.193    924.750    -0.107
-709.878    925.485    -0.107
-709.672    925.941    -0.107
-709.467    926.396    -0.107
-709.262    926.852    -0.107
-709.056    927.308    -0.107
-708.851    927.764    -0.107
-708.646    928.220    -0.107
-708.440    928.676    -0.107
-708.236    929.132    -0.107
-708.031    929.588    -0.107
-707.825    930.044    -0.107
-707.620    930.500    -0.107
-707.415    930.956    -0.107
-707.209    931.412    -0.107
-707.004    931.867    -0.107
-706.799    932.323    -0.107
-706.593    932.779    -0.108
-706.388    933.235    -0.108
-706.184    933.691    -0.108
-705.978    934.147    -0.108
-705.773    934.603    -0.108
-705.345    935.506    -0.108
-705.081    936.045    -0.108
-704.905    936.405    -0.108
-704.685    936.853    -0.108
-704.464    937.302    -0.108
-704.245    937.751    -0.108
-704.024    938.200    -0.108
-703.805    938.649    -0.108
-703.584    939.097    -0.108
-703.320    939.637    -0.108
-703.144    939.996    -0.108
-702.880    940.534    -0.108
-702.704    940.893    -0.108
-702.484    941.342    -0.108
-702.263    941.791    -0.108
-702.044    942.240    -0.108
-701.823    942.689    -0.108
-701.559    943.228    -0.108
-701.383    943.587    -0.109
-701.164    944.036    -0.109
-700.943    944.484    -0.109
-700.724    944.934    -0.109
-700.503    945.383    -0.109
-700.283    945.831    -0.109
-700.018    946.369    -0.109
-699.701    946.994    -0.109
-699.474    947.438    -0.109
-699.291    947.795    -0.109
-699.017    948.328    -0.109
-698.790    948.774    -0.109
-698.607    949.130    -0.109
-698.284    949.750    -0.109
-698.049    950.191    -0.109
-697.815    950.633    -0.109
-697.534    951.163    -0.109
-697.298    951.604    -0.109
-697.013    952.132    -0.109
-696.727    952.659    -0.109
-696.535    953.011    -0.109
-696.296    953.449    -0.109
-696.008    953.976    -0.109
-695.770    954.415    -0.110
-695.578    954.766    -0.110
-695.291    955.293    -0.110
-695.101    955.645    -0.110
-694.861    956.083    -0.110
-694.621    956.522    -0.110
-694.334    957.049    -0.110
-694.143    957.401    -0.110
-693.904    957.839    -0.110
-693.712    958.191    -0.110
-693.425    958.718    -0.110
-693.186    959.156    -0.110
-692.899    959.683    -0.110
-692.609    960.209    -0.110
-692.363    960.644    -0.110
-692.117    961.079    -0.110
-691.871    961.515    -0.110
-691.625    961.950    -0.110
-691.124    962.816    -0.110
-690.865    963.243    -0.110
-690.606    963.671    -0.110
-690.347    964.098    -0.110
-690.088    964.525    -0.110
-689.829    964.953    -0.110
-689.570    965.381    -0.111
-689.362    965.723    -0.111
-689.051    966.236    -0.111
-688.792    966.663    -0.111
-688.584    967.005    -0.111
-688.274    967.518    -0.111
-688.066    967.860    -0.111
-687.755    968.374    -0.111
-687.496    968.801    -0.111
-687.237    969.228    -0.111
-686.978    969.656    -0.111
-686.719    970.084    -0.111
-686.511    970.425    -0.111
-686.200    970.939    -0.111
-685.941    971.366    -0.111
-685.734    971.708    -0.111
-685.315    972.390    -0.111
-685.105    972.730    -0.111
-684.790    973.240    -0.111
-684.580    973.581    -0.111
-684.212    974.176    -0.111
-684.002    974.516    -0.111
-683.792    974.857    -0.111
-683.477    975.368    -0.111
-683.267    975.708    -0.111
-682.728    976.551    -0.111
-682.509    976.886    -0.112
-682.236    977.303    -0.112
-681.962    977.722    -0.112
-681.634    978.224    -0.112
-681.414    978.559    -0.112
-681.081    979.058    -0.112
-680.803    979.472    -0.112
-680.524    979.888    -0.112
-680.246    980.304    -0.112
-679.913    980.802    -0.112
-679.634    981.217    -0.112
-679.411    981.549    -0.112
-679.133    981.965    -0.112
-678.799    982.463    -0.112
-678.520    982.878    -0.112
-678.297    983.210    -0.112
-677.964    983.709    -0.112
-677.685    984.125    -0.112
-677.351    984.622    -0.112
-677.129    984.955    -0.112
-676.851    985.370    -0.112
-676.627    985.703    -0.112
-676.294    986.201    -0.112
-676.071    986.533    -0.112
-675.792    986.949    -0.112
-675.459    987.447    -0.112
-675.236    987.779    -0.112
-674.901    988.278    -0.112
-674.445    988.934    -0.113
-674.156    989.341    -0.113
-673.867    989.749    -0.113
-673.520    990.240    -0.113
-673.231    990.647    -0.113
-672.999    990.973    -0.113
-672.593    991.543    -0.113
-672.238    992.027    -0.113
-671.943    992.430    -0.113
-671.647    992.833    -0.113
-671.351    993.236    -0.113
-671.056    993.639    -0.113
-670.760    994.043    -0.113
-670.465    994.446    -0.113
-670.169    994.849    -0.113
-669.933    995.172    -0.113
-669.578    995.656    -0.113
-669.283    996.059    -0.113
-669.047    996.382    -0.113
-668.692    996.866    -0.113
-668.397    997.269    -0.113
-668.101    997.672    -0.113
-667.805    998.075    -0.113
-667.569    998.398    -0.113
-667.214    998.882    -0.113
-666.978    999.205    -0.113
-666.624    999.690    -0.113
-666.207    1000.252    -0.113
-665.906    1000.651    -0.113
-665.604    1001.049    -0.113
-665.301    1001.447    -0.114
-664.998    1001.845    -0.114
-664.697    1002.243    -0.114
-664.210    1002.878    -0.114
-663.898    1003.269    -0.114
-663.586    1003.660    -0.114
-663.275    1004.051    -0.114
-662.901    1004.520    -0.114
-662.651    1004.833    -0.114
-662.340    1005.224    -0.114
-662.028    1005.615    -0.114
-661.717    1006.006    -0.114
-661.405    1006.396    -0.114
-661.031    1006.865    -0.114
-660.781    1007.178    -0.114
-660.470    1007.570    -0.114
-660.096    1008.039    -0.114
-659.846    1008.351    -0.114
-659.408    1008.897    -0.114
-659.027    1009.360    -0.114
-658.773    1009.669    -0.114
-658.455    1010.055    -0.114
-658.138    1010.442    -0.114
-657.821    1010.829    -0.114
-657.504    1011.215    -0.114
-657.187    1011.602    -0.114
-656.611    1012.293    -0.114
-656.351    1012.597    -0.114
-655.962    1013.054    -0.114
-655.573    1013.510    -0.114
-655.378    1013.739    -0.114
-654.989    1014.195    -0.114
-654.665    1014.575    -0.114
-654.405    1014.880    -0.115
-654.015    1015.336    -0.115
-653.691    1015.717    -0.115
-653.367    1016.097    -0.115
-653.042    1016.477    -0.115
-652.718    1016.858    -0.115
-652.458    1017.162    -0.115
-652.069    1017.618    -0.115
-651.744    1017.999    -0.115
-651.420    1018.379    -0.115
-651.160    1018.684    -0.115
-650.836    1019.064    -0.115
-650.448    1019.521    -0.115
-650.124    1019.902    -0.115
-649.865    1020.207    -0.115
-649.205    1020.958    -0.115
-648.870    1021.329    -0.115
-648.602    1021.626    -0.115
-648.201    1022.072    -0.115
-647.866    1022.444    -0.115
-647.530    1022.814    -0.115
-647.194    1023.184    -0.115
-646.791    1023.627    -0.115
-646.453    1023.997    -0.115
-646.117    1024.367    -0.115
-645.781    1024.737    -0.115
-645.377    1025.181    -0.115
-645.108    1025.477    -0.115
-644.839    1025.773    -0.115
-644.502    1026.143    -0.115
-644.166    1026.512    -0.115
-643.830    1026.882    -0.115
-643.493    1027.252    -0.115
-643.158    1027.622    -0.115
-642.615    1028.210    -0.115
-642.273    1028.575    -0.115
-641.932    1028.939    -0.116
-641.589    1029.305    -0.116
-641.316    1029.596    -0.116
-640.765    1030.176    -0.116
-640.419    1030.537    -0.116
-640.073    1030.899    -0.116
-639.796    1031.187    -0.116
-639.451    1031.548    -0.116
-639.036    1031.981    -0.116
-638.690    1032.342    -0.116
-638.413    1032.631    -0.116
-638.067    1032.992    -0.116
-637.722    1033.353    -0.116
-637.376    1033.714    -0.116
-637.029    1034.076    -0.116
-636.684    1034.437    -0.116
-636.128    1035.012    -0.116
-635.775    1035.365    -0.116
-635.422    1035.720    -0.116
-635.068    1036.073    -0.116
-634.572    1036.566    -0.116
-634.214    1036.915    -0.116
-633.857    1037.265    -0.116
-633.499    1037.615    -0.116
-633.142    1037.965    -0.116
-632.785    1038.314    -0.116
-632.499    1038.594    -0.116
-632.142    1038.943    -0.116
-631.714    1039.364    -0.116
-631.356    1039.714    -0.116
-630.927    1040.133    -0.116
-630.641    1040.413    -0.116
-630.211    1040.831    -0.116
-629.852    1041.179    -0.116
-629.492    1041.527    -0.116
-629.133    1041.875    -0.116
-628.846    1042.153    -0.116
-628.414    1042.570    -0.116
-628.054    1042.916    -0.116
-627.696    1043.264    -0.116
-627.336    1043.611    -0.116
-626.904    1044.029    -0.116
-626.249    1044.645    -0.117
-625.953    1044.914    -0.117
-625.584    1045.251    -0.117
-625.139    1045.654    -0.117
-624.917    1045.856    -0.117
-624.549    1046.194    -0.117
-624.182    1046.533    -0.117
-623.814    1046.872    -0.117
-623.446    1047.210    -0.117
-623.004    1047.617    -0.117
-622.710    1047.887    -0.117
-622.342    1048.226    -0.117
-621.974    1048.564    -0.117
-621.533    1048.971    -0.117
-621.164    1049.309    -0.117
-620.871    1049.580    -0.117
-620.428    1049.986    -0.117
-620.133    1050.256    -0.117
-619.616    1050.727    -0.117
-619.320    1050.995    -0.117
-618.874    1051.398    -0.117
-618.503    1051.732    -0.117
-618.132    1052.067    -0.117
-617.760    1052.402    -0.117
-617.389    1052.737    -0.117
-617.018    1053.072    -0.117
-616.647    1053.406    -0.117
-616.276    1053.741    -0.117
-615.904    1054.076    -0.117
-615.306    1054.607    -0.117
-614.848    1054.995    -0.117
-614.390    1055.382    -0.117
-614.084    1055.640    -0.117
-613.702    1055.962    -0.117
-613.008    1056.535    -0.117
-612.621    1056.852    -0.117
-612.312    1057.105    -0.117
-612.002    1057.358    -0.117
-611.615    1057.676    -0.117
-611.229    1057.993    -0.117
-610.764    1058.373    -0.117
-610.378    1058.690    -0.117
-610.069    1058.943    -0.117
-609.604    1059.323    -0.117
-609.218    1059.640    -0.117
-608.909    1059.895    -0.117
-608.446    1060.275    -0.117
-608.137    1060.530    -0.117
-607.673    1060.911    -0.117
-607.364    1061.165    -0.117
-606.979    1061.483    -0.117
-606.516    1061.864    -0.117
-606.207    1062.118    -0.117
-605.743    1062.499    -0.117
-605.434    1062.754    -0.118
-605.049    1063.072    -0.118
-604.586    1063.453    -0.118
-604.117    1063.828    -0.118
-603.569    1064.264    -0.118
-603.256    1064.512    -0.118
-602.864    1064.824    -0.118
-602.474    1065.134    -0.118
-602.003    1065.507    -0.118
-601.612    1065.818    -0.118
-601.298    1066.067    -0.118
-600.829    1066.440    -0.118
-600.515    1066.688    -0.118
-600.123    1066.998    -0.118
-599.246    1067.663    -0.118
-598.844    1067.960    -0.118
-598.522    1068.197    -0.118
-598.039    1068.553    -0.118
-597.717    1068.789    -0.118
-597.315    1069.086    -0.118
-596.993    1069.324    -0.118
-596.512    1069.683    -0.118
-596.111    1069.982    -0.118
-595.791    1070.221    -0.118
-595.390    1070.520    -0.118
-594.909    1070.880    -0.118
-594.589    1071.118    -0.118
-594.108    1071.478    -0.118
-593.707    1071.776    -0.118
-593.307    1072.075    -0.118
-592.906    1072.374    -0.118
-592.505    1072.674    -0.118
-592.184    1072.912    -0.118
-591.704    1073.270    -0.118
-591.219    1073.624    -0.118
-590.732    1073.975    -0.118
-590.327    1074.268    -0.118
-590.002    1074.502    -0.118
-589.597    1074.794    -0.118
-589.111    1075.146    -0.118
-588.706    1075.438    -0.118
-588.382    1075.673    -0.118
-588.059    1075.909    -0.118
-587.575    1076.264    -0.118
-587.007    1076.673    -0.118
-586.600    1076.962    -0.118
-586.024    1077.361    -0.118
-585.612    1077.644    -0.118
-585.118    1077.985    -0.118
-584.790    1078.213    -0.118
-584.460    1078.440    -0.118
-583.966    1078.780    -0.118
-583.554    1079.064    -0.118
-583.143    1079.348    -0.118
-582.647    1079.685    -0.118
-582.232    1079.964    -0.118
-581.651    1080.355    -0.118
-581.403    1080.523    -0.118
-580.905    1080.859    -0.118
-580.574    1081.083    -0.118
-580.160    1081.362    -0.118
-579.576    1081.747    -0.118
-579.157    1082.021    -0.118
-578.655    1082.349    -0.118
-578.320    1082.568    -0.118
-577.901    1082.841    -0.118
-577.313    1083.221    -0.118
-576.977    1083.438    -0.118
-576.557    1083.708    -0.118
-576.136    1083.979    -0.118
-575.801    1084.197    -0.118
-575.383    1084.471    -0.118
-574.880    1084.799    -0.118
-574.546    1085.018    -0.118
-574.127    1085.292    -0.118
-573.626    1085.620    -0.118
-573.291    1085.839    -0.118
-572.872    1086.113    -0.118
-572.453    1086.386    -0.118
-571.951    1086.714    -0.118
-571.359    1087.086    -0.118
-570.934    1087.350    -0.118
-570.510    1087.614    -0.118
-570.000    1087.931    -0.119
-569.660    1088.142    -0.119
-569.151    1088.459    -0.119
-568.811    1088.670    -0.119
-568.386    1088.934    -0.119
-567.963    1089.199    -0.119
-567.538    1089.463    -0.119
-566.940    1089.827    -0.119
-566.512    1090.086    -0.119
-566.084    1090.345    -0.119
-565.483    1090.703    -0.119
-565.053    1090.957    -0.119
-564.623    1091.212    -0.119
-564.192    1091.467    -0.119
-563.762    1091.722    -0.119
-563.418    1091.925    -0.119
-562.816    1092.282    -0.119
-562.472    1092.486    -0.119
-562.042    1092.740    -0.119
-561.438    1093.095    -0.119
-561.005    1093.344    -0.119
-560.485    1093.643    -0.119
-560.051    1093.892    -0.119
-559.791    1094.042    -0.119
-559.271    1094.342    -0.119
-558.751    1094.640    -0.119
-558.404    1094.840    -0.119
-557.971    1095.089    -0.119
-557.538    1095.339    -0.119
-557.105    1095.588    -0.119
-556.229    1096.072    -0.119
-555.965    1096.214    -0.119
-555.616    1096.407    -0.119
-555.265    1096.601    -0.119
-554.741    1096.893    -0.119
-554.303    1097.136    -0.119
-553.867    1097.378    -0.119
-553.430    1097.622    -0.119
-553.080    1097.816    -0.119
-552.643    1098.058    -0.119
-552.118    1098.350    -0.119
-551.769    1098.544    -0.119
-551.245    1098.835    -0.119
-550.631    1099.171    -0.119
-550.101    1099.454    -0.119
-549.748    1099.643    -0.119
-549.396    1099.831    -0.119
-548.778    1100.161    -0.119
-548.426    1100.351    -0.119
-547.985    1100.586    -0.119
-547.545    1100.823    -0.119
-547.104    1101.058    -0.119
-546.663    1101.294    -0.119
-546.222    1101.530    -0.119
-545.692    1101.810    -0.119
-545.161    1102.090    -0.119
-544.718    1102.322    -0.119
-544.094    1102.638    -0.119
-543.647    1102.862    -0.119
-543.200    1103.085    -0.119
-542.663    1103.354    -0.119
-542.215    1103.577    -0.119
-541.858    1103.756    -0.119
-541.322    1104.024    -0.119
-540.874    1104.248    -0.119
-540.427    1104.472    -0.119
-539.980    1104.695    -0.119
-539.442    1104.961    -0.119
-538.902    1105.224    -0.119
-538.634    1105.355    -0.119
-538.094    1105.618    -0.119
-537.734    1105.793    -0.119
-537.105    1106.099    -0.119
-536.745    1106.274    -0.119
-536.296    1106.493    -0.119
-535.846    1106.712    -0.119
-535.306    1106.973    -0.119
-534.856    1107.191    -0.119
-534.406    1107.409    -0.119
-533.956    1107.626    -0.119
-533.321    1107.920    -0.119
-532.774    1108.168    -0.119
-532.319    1108.375    -0.119
-531.864    1108.582    -0.119
-531.409    1108.788    -0.119
-531.044    1108.953    -0.119
-530.498    1109.201    -0.119
-530.133    1109.366    -0.119
-529.679    1109.575    -0.119
-529.316    1109.743    -0.119
-528.681    1110.036    -0.119
-528.317    1110.203    -0.119
-527.863    1110.412    -0.119
-527.318    1110.663    -0.119
-526.955    1110.830    -0.119
-526.501    1111.039    -0.119
-526.047    1111.248    -0.119
-525.225    1111.616    -0.119
-524.767    1111.815    -0.119
-524.399    1111.974    -0.119
-523.849    1112.212    -0.119
-523.481    1112.370    -0.119
-522.931    1112.608    -0.119
-522.564    1112.767    -0.119
-522.013    1113.005    -0.119
-521.646    1113.164    -0.119
-521.278    1113.322    -0.119
-520.636    1113.600    -0.119
-520.269    1113.759    -0.119
-519.810    1113.957    -0.119
-519.258    1114.193    -0.119
-518.798    1114.388    -0.119
-518.337    1114.583    -0.119
-517.877    1114.778    -0.119
-517.416    1114.972    -0.119
-516.956    1115.167    -0.119
-516.495    1115.361    -0.119
-516.035    1115.556    -0.119
-515.574    1115.751    -0.119
-514.743    1116.096    -0.119
-514.185    1116.317    -0.119
-513.814    1116.463    -0.119
-513.441    1116.610    -0.119
-512.883    1116.831    -0.119
-512.325    1117.051    -0.119
-511.954    1117.198    -0.119
-511.396    1117.418    -0.119
-511.116    1117.529    -0.119
-510.652    1117.713    -0.119
-510.000    1117.969    -0.119
-509.440    1118.183    -0.119
-509.067    1118.327    -0.119
-508.600    1118.506    -0.119
-508.133    1118.685    -0.119
-507.573    1118.900    -0.119
-507.106    1119.079    -0.119
-506.733    1119.222    -0.119
-506.266    1119.401    -0.119
-505.516    1119.680    -0.119
-505.046    1119.849    -0.119
-504.575    1120.018    -0.119
-504.011    1120.221    -0.119
-503.634    1120.357    -0.119
-503.164    1120.527    -0.119
-502.694    1120.697    -0.119
-502.223    1120.866    -0.119
-501.659    1121.069    -0.119
-501.283    1121.205    -0.119
-500.813    1121.374    -0.119
-500.341    1121.542    -0.119
-499.682    1121.778    -0.118
-499.306    1121.912    -0.118
-498.645    1122.145    -0.118
-498.267    1122.274    -0.118
-497.700    1122.468    -0.118
-497.226    1122.630    -0.118
-496.753    1122.792    -0.118
-496.280    1122.954    -0.118
-495.807    1123.115    -0.118
-495.334    1123.277    -0.118
-494.861    1123.438    -0.118
-494.388    1123.600    -0.118
-493.914    1123.762    -0.118
-493.441    1123.924    -0.118
-492.871    1124.112    -0.118
-492.302    1124.298    -0.118
-491.922    1124.423    -0.118
-491.352    1124.611    -0.118
-490.876    1124.766    -0.118
-490.592    1124.860    -0.118
-489.927    1125.078    -0.118
-489.546    1125.203    -0.118
-488.977    1125.391    -0.118
-488.501    1125.546    -0.118
-487.835    1125.760    -0.118
-487.358    1125.907    -0.118
-486.975    1126.025    -0.118
-486.306    1126.232    -0.118
-485.828    1126.379    -0.118
-485.446    1126.496    -0.118
-484.968    1126.643    -0.118
-484.586    1126.761    -0.118
-484.108    1126.909    -0.118
-483.631    1127.056    -0.118
-482.962    1127.263    -0.118
-482.195    1127.488    -0.118
-481.714    1127.626    -0.118
-481.329    1127.736    -0.118
-480.850    1127.874    -0.118
-480.272    1128.041    -0.118
-479.984    1128.124    -0.118
-479.408    1128.289    -0.118
-478.927    1128.428    -0.118
-478.447    1128.566    -0.118
-477.870    1128.732    -0.118
-477.292    1128.892    -0.118
-476.712    1129.048    -0.118
-476.230    1129.177    -0.118
-475.844    1129.281    -0.118
-475.361    1129.411    -0.118
-474.975    1129.516    -0.118
-474.397    1129.674    -0.118
-473.914    1129.806    -0.118
-473.432    1129.937    -0.118
-472.950    1130.069    -0.118
-472.467    1130.201    -0.118
-471.985    1130.333    -0.118
-471.503    1130.464    -0.118
-471.021    1130.597    -0.118
-470.344    1130.776    -0.118
-469.762    1130.924    -0.118
-469.375    1131.024    -0.118
-468.890    1131.147    -0.118
-468.309    1131.296    -0.118
-467.922    1131.395    -0.118
-467.340    1131.543    -0.118
-466.856    1131.667    -0.118
-466.468    1131.766    -0.118
-465.984    1131.889    -0.118
-465.402    1132.037    -0.118
-464.918    1132.160    -0.118
-464.433    1132.281    -0.118
-464.045    1132.378    -0.118
-463.171    1132.594    -0.118
-462.683    1132.704    -0.118
-462.196    1132.815    -0.118
-461.708    1132.925    -0.118
-461.221    1133.035    -0.118
-460.635    1133.167    -0.118
-460.245    1133.257    -0.118
-459.660    1133.388    -0.118
-459.270    1133.477    -0.118
-458.782    1133.588    -0.118
-458.197    1133.720    -0.118
-457.807    1133.808    -0.117
-457.320    1133.918    -0.117
-456.635    1134.068    -0.117
-456.147    1134.173    -0.117
-455.658    1134.279    -0.117
-455.170    1134.385    -0.117
-454.681    1134.491    -0.117
-454.192    1134.596    -0.117
-453.704    1134.702    -0.117
-453.118    1134.828    -0.117
-452.628    1134.931    -0.117
-452.139    1135.033    -0.117
-451.649    1135.133    -0.117
-451.061    1135.251    -0.117
-450.669    1135.329    -0.117
-449.982    1135.466    -0.117
-449.492    1135.564    -0.117
-449.001    1135.661    -0.117
-448.609    1135.740    -0.117
-448.217    1135.818    -0.117
-447.530    1135.955    -0.117
-447.040    1136.052    -0.117
-446.452    1136.167    -0.117
-445.762    1136.291    -0.117
-445.467    1136.342    -0.117
-445.074    1136.417    -0.117
-444.485    1136.530    -0.117
-443.993    1136.623    -0.117
-443.601    1136.697    -0.117
-443.110    1136.791    -0.117
-442.618    1136.885    -0.117
-442.028    1136.996    -0.117
-441.537    1137.090    -0.117
-441.145    1137.165    -0.117
-440.653    1137.259    -0.117
-439.866    1137.399    -0.117
-439.373    1137.482    -0.117
-438.781    1137.582    -0.117
-438.288    1137.663    -0.117
-437.795    1137.745    -0.117
-437.302    1137.828    -0.117
-436.611    1137.941    -0.117
-436.216    1138.002    -0.117
-435.623    1138.095    -0.117
-435.130    1138.172    -0.117
-434.635    1138.248    -0.117
-434.141    1138.325    -0.117
-433.647    1138.401    -0.117
-433.153    1138.478    -0.117
-432.659    1138.555    -0.117
-432.165    1138.632    -0.117
-431.671    1138.708    -0.117
-431.177    1138.786    -0.117
-430.583    1138.875    -0.117
-430.089    1138.946    -0.116
-429.594    1139.018    -0.116
-428.801    1139.121    -0.116
-428.504    1139.160    -0.116
-428.008    1139.228    -0.116
-427.513    1139.296    -0.116
-426.819    1139.386    -0.116
-426.322    1139.445    -0.116
-426.025    1139.484    -0.116
-425.629    1139.538    -0.116
-424.935    1139.634    -0.116
-424.638    1139.675    -0.116
-424.044    1139.756    -0.116
-423.548    1139.823    -0.116
-423.053    1139.892    -0.116
-422.557    1139.960    -0.116
-421.963    1140.041    -0.116
-421.666    1140.082    -0.116
-421.072    1140.164    -0.116
-420.378    1140.256    -0.116
-419.483    1140.349    -0.116
-419.284    1140.371    -0.116
-418.887    1140.417    -0.116
-418.291    1140.486    -0.116
-417.794    1140.544    -0.116
-417.099    1140.622    -0.116
-416.602    1140.676    -0.116
-415.905    1140.747    -0.116
-415.308    1140.800    -0.116
-414.809    1140.844    -0.116
-414.411    1140.879    -0.116
-413.813    1140.932    -0.116
-413.315    1140.976    -0.116
-412.817    1141.020    -0.116
-412.319    1141.063    -0.116
-411.921    1141.099    -0.116
-411.324    1141.152    -0.116
-410.826    1141.196    -0.116
-410.427    1141.231    -0.116
-409.929    1141.275    -0.116
-409.332    1141.328    -0.116
-408.734    1141.376    -0.116
-408.334    1141.407    -0.115
-407.836    1141.447    -0.115
-407.338    1141.487    -0.115
-406.840    1141.526    -0.115
-406.341    1141.566    -0.115
-405.743    1141.613    -0.115
-405.045    1141.661    -0.115
-404.545    1141.690    -0.115
-404.047    1141.719    -0.115
-403.448    1141.754    -0.115
-402.948    1141.783    -0.115
-402.550    1141.806    -0.115
-402.050    1141.835    -0.115
-401.551    1141.864    -0.115
-401.051    1141.892    -0.115
-400.553    1141.921    -0.115
-399.954    1141.955    -0.115
-399.554    1141.979    -0.115
-399.056    1142.007    -0.115
-398.556    1142.036    -0.115
-398.057    1142.065    -0.115
-397.259    1142.107    -0.115
-396.659    1142.132    -0.115
-396.260    1142.149    -0.115
-395.760    1142.171    -0.115
-395.260    1142.193    -0.115
-394.661    1142.216    -0.115
-394.161    1142.232    -0.115
-393.661    1142.249    -0.115
-393.162    1142.266    -0.115
-392.662    1142.283    -0.115
-392.162    1142.299    -0.115
-391.663    1142.317    -0.115
-391.163    1142.334    -0.115
-390.663    1142.351    -0.115
-390.163    1142.367    -0.115
-389.664    1142.384    -0.115
-389.164    1142.401    -0.114
-388.664    1142.418    -0.114
-388.165    1142.434    -0.114
-387.665    1142.451    -0.114
-387.165    1142.469    -0.114
-386.366    1142.493    -0.114
-385.966    1142.500    -0.114
-385.466    1142.509    -0.114
-384.966    1142.519    -0.114
-384.366    1142.530    -0.114
-383.866    1142.538    -0.114
-383.366    1142.545    -0.114
-382.867    1142.552    -0.114
-382.367    1142.559    -0.114
-381.867    1142.565    -0.114
-380.867    1142.569    -0.114
-380.367    1142.562    -0.114
-379.868    1142.553    -0.114
-379.368    1142.546    -0.114
-378.967    1142.540    -0.114
-378.368    1142.531    -0.114
-377.868    1142.523    -0.114
-377.367    1142.515    -0.114
-376.868    1142.508    -0.114
-376.368    1142.501    -0.114
-375.969    1142.494    -0.114
-375.368    1142.485    -0.114
-375.068    1142.480    -0.114
-374.469    1142.471    -0.114
-373.869    1142.462    -0.114
-373.568    1142.457    -0.114
-373.069    1142.450    -0.114
-372.569    1142.444    -0.113
-372.069    1142.438    -0.113
-371.469    1142.430    -0.113
-370.969    1142.423    -0.113
-370.169    1142.405    -0.113
-369.670    1142.388    -0.113
-369.170    1142.370    -0.113
-368.671    1142.352    -0.113
-368.071    1142.331    -0.113
-367.472    1142.307    -0.113
-367.072    1142.292    -0.113
-366.473    1142.268    -0.113
-366.073    1142.253    -0.113
-365.574    1142.233    -0.113
-365.074    1142.213    -0.113
-364.574    1142.194    -0.113
-364.174    1142.178    -0.113
-363.674    1142.159    -0.113
-363.075    1142.135    -0.113
-362.575    1142.116    -0.113
-362.076    1142.096    -0.113
-361.676    1142.081    -0.113
-360.977    1142.053    -0.113
-360.677    1142.041    -0.113
-360.177    1142.022    -0.113
-359.479    1141.994    -0.113
-358.679    1141.948    -0.113
-358.181    1141.916    -0.113
-357.682    1141.884    -0.113
-357.183    1141.851    -0.113
-356.585    1141.805    -0.112
-355.887    1141.749    -0.112
-355.488    1141.716    -0.112
-354.890    1141.667    -0.112
-354.492    1141.635    -0.112
-353.993    1141.594    -0.112
-353.595    1141.562    -0.112
-352.897    1141.505    -0.112
-352.499    1141.472    -0.112
-351.901    1141.423    -0.112
-351.502    1141.391    -0.112
-351.004    1141.350    -0.112
-350.406    1141.302    -0.112
-349.908    1141.261    -0.112
-349.509    1141.229    -0.112
-349.011    1141.187    -0.112
-348.513    1141.147    -0.112
-347.815    1141.083    -0.112
-347.318    1141.034    -0.112
-346.821    1140.985    -0.112
-346.322    1140.934    -0.112
-345.726    1140.874    -0.112
-345.328    1140.835    -0.112
-344.830    1140.785    -0.112
-344.333    1140.736    -0.112
-343.835    1140.687    -0.112
-343.139    1140.613    -0.112
-342.643    1140.559    -0.111
-342.145    1140.504    -0.111
-341.648    1140.450    -0.111
-341.152    1140.396    -0.111
-340.654    1140.342    -0.111
-340.157    1140.287    -0.111
-339.660    1140.231    -0.111
-339.065    1140.162    -0.111
-338.568    1140.104    -0.111
-338.170    1140.059    -0.111
-337.277    1139.952    -0.111
-336.782    1139.882    -0.111
-336.287    1139.812    -0.111
-335.693    1139.728    -0.111
-335.593    1139.714    -0.111
-335.097    1139.655    -0.111
-334.502    1139.583    -0.111
-333.709    1139.481    -0.111
-333.115    1139.391    -0.111
-332.621    1139.317    -0.111
-332.127    1139.244    -0.111
-331.632    1139.170    -0.111
-331.137    1139.096    -0.111
-330.643    1139.022    -0.111
-330.248    1138.963    -0.111
-329.555    1138.859    -0.110
-329.160    1138.800    -0.110
-328.665    1138.726    -0.110
-328.072    1138.637    -0.110
-327.676    1138.578    -0.110
-327.281    1138.519    -0.110
-326.688    1138.430    -0.110
-326.193    1138.357    -0.110
-325.797    1138.297    -0.110
-325.105    1138.194    -0.110
-324.809    1138.149    -0.110
-324.314    1138.076    -0.110
-323.721    1137.987    -0.110
-323.325    1137.928    -0.110
-322.731    1137.839    -0.110
-322.138    1137.750    -0.110
-321.842    1137.706    -0.110
-321.248    1137.618    -0.110
-320.853    1137.558    -0.110
-320.358    1137.484    -0.110
-319.765    1137.396    -0.110
-319.172    1137.307    -0.110
-318.875    1137.263    -0.110
-318.183    1137.158    -0.110
-317.689    1137.081    -0.110
-317.294    1137.018    -0.110
-316.701    1136.925    -0.109
-316.207    1136.847    -0.109
-315.615    1136.750    -0.109
-315.023    1136.652    -0.109
-314.629    1136.586    -0.109
-314.234    1136.521    -0.109
-313.347    1136.367    -0.109
-312.758    1136.257    -0.109
-312.462    1136.202    -0.109
-311.678    1136.051    -0.109
-311.187    1135.953    -0.109
-310.697    1135.856    -0.109
-310.207    1135.758    -0.109
-309.424    1135.595    -0.109
-308.935    1135.486    -0.109
-308.447    1135.378    -0.109
-307.959    1135.270    -0.109
-307.373    1135.139    -0.109
-306.983    1135.051    -0.109
-306.398    1134.919    -0.109
-305.813    1134.784    -0.109
-305.521    1134.717    -0.109
-304.936    1134.583    -0.109
-304.547    1134.493    -0.108
-303.864    1134.336    -0.108
-303.572    1134.269    -0.108
-302.987    1134.135    -0.108
-302.403    1134.000    -0.108
-301.915    1133.888    -0.108
-301.526    1133.798    -0.108
-300.940    1133.664    -0.108
-300.551    1133.574    -0.108
-299.966    1133.439    -0.108
-299.674    1133.372    -0.108
-298.992    1133.215    -0.108
-298.700    1133.148    -0.108
-298.017    1132.991    -0.108
-297.725    1132.924    -0.108
-297.238    1132.812    -0.108
-296.751    1132.700    -0.108
-296.068    1132.543    -0.108
-295.679    1132.453    -0.108
-295.094    1132.319    -0.108
-294.705    1132.229    -0.108
-294.119    1132.095    -0.108
-293.633    1131.983    -0.108
-293.242    1131.893    -0.107
-292.658    1131.759    -0.107
-292.170    1131.646    -0.107
-291.781    1131.556    -0.107
-291.293    1131.445    -0.107
-290.709    1131.310    -0.107
-290.222    1131.196    -0.107
-289.735    1131.083    -0.107
-289.248    1130.971    -0.107
-288.569    1130.802    -0.107
-287.987    1130.655    -0.107
-287.599    1130.557    -0.107
-287.211    1130.462    -0.107
-286.821    1130.370    -0.107
-286.238    1130.231    -0.107
-285.849    1130.140    -0.107
-285.072    1129.948    -0.107
-284.588    1129.823    -0.107
-283.530    1129.523    -0.107
-283.051    1129.377    -0.107
-282.574    1129.230    -0.107
-282.000    1129.055    -0.106
-281.427    1128.876    -0.106
-280.951    1128.725    -0.106
-280.378    1128.545    -0.106
-279.997    1128.425    -0.106
-279.520    1128.275    -0.106
-279.043    1128.125    -0.106
-278.566    1127.975    -0.106
-278.090    1127.824    -0.106
-277.708    1127.703    -0.106
-277.136    1127.523    -0.106
-276.659    1127.372    -0.106
-276.088    1127.191    -0.106
-275.801    1127.101    -0.106
-275.133    1126.890    -0.106
-274.657    1126.739    -0.106
-274.180    1126.588    -0.106
-273.703    1126.437    -0.106
-273.227    1126.286    -0.106
-272.942    1126.196    -0.106
-272.369    1126.016    -0.106
-271.797    1125.835    -0.105
-271.320    1125.684    -0.105
-270.844    1125.533    -0.105
-270.367    1125.382    -0.105
-269.890    1125.232    -0.105
-269.604    1125.141    -0.105
-269.127    1124.990    -0.105
-268.651    1124.840    -0.105
-268.174    1124.689    -0.105
-267.507    1124.477    -0.105
-267.221    1124.387    -0.105
-266.649    1124.207    -0.105
-266.172    1124.057    -0.105
-265.695    1123.906    -0.105
-265.219    1123.755    -0.105
-264.646    1123.574    -0.105
-264.265    1123.453    -0.105
-263.694    1123.270    -0.105
-263.218    1123.115    -0.105
-262.743    1122.961    -0.105
-262.172    1122.776    -0.105
-261.792    1122.651    -0.104
-261.223    1122.464    -0.104
-260.748    1122.307    -0.104
-260.273    1122.150    -0.104
-259.516    1121.893    -0.104
-259.138    1121.762    -0.104
-258.571    1121.565    -0.104
-258.193    1121.434    -0.104
-257.627    1121.236    -0.104
-257.156    1121.068    -0.104
-256.590    1120.867    -0.104
-256.119    1120.700    -0.104
-255.554    1120.499    -0.104
-255.085    1120.327    -0.104
-254.615    1120.154    -0.104
-254.146    1119.981    -0.104
-253.215    1119.616    -0.104
-252.844    1119.467    -0.104
-252.380    1119.280    -0.103
-251.916    1119.093    -0.103
-251.361    1118.867    -0.103
-250.806    1118.641    -0.103
-250.435    1118.491    -0.103
-249.972    1118.302    -0.103
-249.509    1118.114    -0.103
-249.138    1117.963    -0.103
-248.675    1117.775    -0.103
-248.119    1117.549    -0.103
-247.656    1117.361    -0.103
-247.101    1117.135    -0.103
-246.823    1117.021    -0.103
-246.266    1116.795    -0.103
-245.804    1116.607    -0.103
-245.340    1116.419    -0.103
-244.785    1116.193    -0.103
-244.414    1116.043    -0.103
-244.044    1115.891    -0.103
-243.488    1115.665    -0.103
-243.025    1115.477    -0.102
-242.469    1115.251    -0.102
-242.099    1115.101    -0.102
-241.728    1114.949    -0.102
-241.265    1114.761    -0.102
-240.709    1114.535    -0.102
-240.339    1114.385    -0.102
-239.875    1114.197    -0.102
-239.412    1114.009    -0.102
-238.949    1113.821    -0.102
-238.486    1113.632    -0.102
-237.930    1113.406    -0.102
-237.193    1113.096    -0.102
-236.734    1112.897    -0.102
-236.275    1112.699    -0.102
-235.998    1112.582    -0.102
-235.446    1112.351    -0.102
-235.169    1112.234    -0.102
-234.615    1112.002    -0.102
-234.062    1111.771    -0.101
-233.693    1111.617    -0.101
-232.868    1111.259    -0.101
-232.502    1111.096    -0.101
-231.954    1110.851    -0.101
-231.498    1110.646    -0.101
-230.952    1110.398    -0.101
-230.588    1110.232    -0.101
-230.042    1109.984    -0.101
-229.677    1109.819    -0.101
-228.684    1109.347    -0.101
-228.327    1109.168    -0.101
-227.789    1108.901    -0.101
-227.342    1108.678    -0.101
-226.895    1108.456    -0.101
-226.447    1108.232    -0.101
-226.000    1108.009    -0.101
-225.553    1107.785    -0.100
-225.015    1107.518    -0.100
-224.657    1107.339    -0.100
-224.210    1107.116    -0.100
-223.762    1106.893    -0.100
-223.226    1106.626    -0.100
-222.868    1106.447    -0.100
-222.420    1106.224    -0.100
-221.973    1106.001    -0.100
-221.615    1105.822    -0.100
-220.988    1105.510    -0.100
-220.630    1105.331    -0.100
-220.273    1105.153    -0.100
-219.913    1104.977    -0.100
-219.463    1104.760    -0.100
-218.746    1104.405    -0.100
-218.389    1104.227    -0.100
-217.941    1104.002    -0.100
-217.317    1103.686    -0.099
-216.961    1103.503    -0.099
-216.427    1103.230    -0.099
-215.982    1103.001    -0.099
-215.626    1102.821    -0.099
-215.090    1102.549    -0.099
-214.734    1102.368    -0.099
-214.199    1102.097    -0.099
-213.753    1101.870    -0.099
-213.396    1101.690    -0.099
-212.951    1101.464    -0.099
-212.504    1101.238    -0.099
-211.970    1100.966    -0.099
-211.612    1100.785    -0.099
-211.078    1100.514    -0.099
-210.721    1100.333    -0.099
-210.275    1100.108    -0.099
-209.740    1099.836    -0.099
-209.383    1099.656    -0.099
-208.848    1099.384    -0.098
-208.581    1099.248    -0.098
-208.045    1098.977    -0.098
-207.159    1098.515    -0.098
-206.719    1098.276    -0.098
-206.280    1098.037    -0.098
-205.841    1097.798    -0.098
-205.228    1097.461    -0.098
-204.792    1097.216    -0.098
-204.356    1096.971    -0.098
-203.747    1096.626    -0.098
-203.400    1096.427    -0.098
-202.967    1096.177    -0.098
-202.534    1095.927    -0.098
-201.929    1095.576    -0.098
-201.499    1095.321    -0.098
-200.983    1095.015    -0.097
-200.638    1094.811    -0.097
-200.037    1094.453    -0.097
-199.695    1094.245    -0.097
-199.182    1093.934    -0.097
-198.755    1093.675    -0.097
-198.413    1093.467    -0.097
-197.986    1093.208    -0.097
-197.558    1092.949    -0.097
-197.045    1092.637    -0.097
-196.618    1092.378    -0.097
-196.191    1092.119    -0.097
-195.849    1091.911    -0.097
-195.335    1091.600    -0.097
-194.908    1091.341    -0.097
-194.566    1091.133    -0.097
-194.053    1090.822    -0.097
-193.626    1090.563    -0.096
-193.198    1090.303    -0.096
-192.856    1090.096    -0.096
-192.514    1089.888    -0.096
-192.001    1089.577    -0.096
-191.574    1089.318    -0.096
-191.061    1089.007    -0.096
-190.633    1088.748    -0.096
-190.291    1088.541    -0.096
-189.778    1088.229    -0.096
-189.351    1087.970    -0.096
-188.924    1087.710    -0.096
-188.496    1087.451    -0.096
-188.068    1087.192    -0.096
-187.641    1086.933    -0.096
-187.299    1086.726    -0.096
-186.872    1086.466    -0.096
-186.359    1086.155    -0.095
-185.932    1085.893    -0.095
-185.507    1085.631    -0.095
-184.996    1085.317    -0.095
-184.487    1085.000    -0.095
-184.064    1084.733    -0.095
-183.726    1084.520    -0.095
-183.218    1084.199    -0.095
-182.795    1083.933    -0.095
-182.125    1083.496    -0.095
-181.708    1083.221    -0.095
-181.291    1082.945    -0.095
-180.875    1082.668    -0.095
-180.457    1082.393    -0.095
-180.039    1082.117    -0.095
-179.623    1081.841    -0.095
-179.206    1081.565    -0.094
-178.873    1081.344    -0.094
-178.128    1080.839    -0.094
-177.715    1080.556    -0.094
-177.304    1080.273    -0.094
-176.892    1079.989    -0.094
-176.562    1079.763    -0.094
-176.150    1079.480    -0.094
-175.656    1079.140    -0.094
-175.325    1078.914    -0.094
-174.913    1078.631    -0.094
-174.419    1078.291    -0.094
-174.007    1078.008    -0.094
-173.269    1077.492    -0.094
-173.026    1077.317    -0.094
-172.459    1076.908    -0.094
-172.053    1076.615    -0.093
-171.891    1076.498    -0.093
-171.401    1076.152    -0.093
-171.074    1075.921    -0.093
-170.584    1075.576    -0.093
-170.175    1075.287    -0.093
-169.849    1075.057    -0.093
-169.440    1074.768    -0.093
-169.032    1074.480    -0.093
-168.542    1074.134    -0.093
-168.133    1073.846    -0.093
-167.725    1073.558    -0.093
-167.316    1073.269    -0.093
-166.589    1072.739    -0.093
-166.188    1072.439    -0.093
-165.869    1072.200    -0.093
-165.387    1071.841    -0.092
-165.066    1071.602    -0.092
-164.586    1071.243    -0.092
-164.266    1071.003    -0.092
-163.786    1070.645    -0.092
-163.384    1070.345    -0.092
-163.064    1070.105    -0.092
-162.505    1069.685    -0.092
-162.106    1069.384    -0.092
-161.787    1069.143    -0.092
-161.388    1068.843    -0.092
-160.675    1068.292    -0.092
-160.281    1067.983    -0.092
-159.889    1067.674    -0.092
-159.574    1067.427    -0.092
-159.181    1067.118    -0.092
-158.710    1066.747    -0.091
-158.395    1066.500    -0.091
-158.002    1066.192    -0.091
-157.530    1065.821    -0.091
-157.137    1065.512    -0.091
-156.744    1065.203    -0.091
-156.351    1064.894    -0.091
-155.958    1064.585    -0.091
-155.565    1064.275    -0.091
-155.172    1063.967    -0.091
-154.780    1063.657    -0.091
-154.544    1063.471    -0.091
-154.072    1063.100    -0.091
-153.759    1062.853    -0.091
-153.287    1062.482    -0.091
-152.815    1062.111    -0.091
-152.423    1061.802    -0.090
-152.109    1061.554    -0.090
-151.482    1061.057    -0.090
-151.093    1060.742    -0.090
-150.705    1060.427    -0.090
-150.317    1060.112    -0.090
-149.631    1059.530    -0.090
-149.252    1059.203    -0.090
-148.950    1058.942    -0.090
-148.420    1058.484    -0.090
-148.117    1058.223    -0.090
-147.738    1057.897    -0.090
-147.359    1057.570    -0.090
-146.980    1057.244    -0.090
-146.603    1056.917    -0.090
-146.224    1056.590    -0.089
-145.845    1056.264    -0.089
-145.392    1055.871    -0.089
-145.015    1055.543    -0.089
-144.638    1055.214    -0.089
-144.186    1054.820    -0.089
-143.959    1054.623    -0.089
-143.580    1054.298    -0.089
-143.275    1054.039    -0.089
-142.895    1053.714    -0.089
-142.438    1053.325    -0.089
-142.134    1053.065    -0.089
-141.678    1052.676    -0.089
-141.374    1052.416    -0.089
-140.918    1052.026    -0.089
-140.613    1051.766    -0.089
-140.157    1051.377    -0.088
-139.853    1051.117    -0.088
-139.397    1050.728    -0.088
-139.092    1050.468    -0.088
-138.711    1050.145    -0.088
-138.109    1049.618    -0.088
-137.662    1049.217    -0.088
-137.075    1048.674    -0.088
-136.636    1048.265    -0.088
-136.416    1048.060    -0.088
-135.978    1047.652    -0.088
-135.539    1047.243    -0.088
-135.247    1046.970    -0.088
-134.808    1046.561    -0.088
-134.515    1046.288    -0.087
-134.149    1045.947    -0.087
-133.784    1045.606    -0.087
-133.418    1045.265    -0.087
-132.838    1044.714    -0.087
-132.479    1044.367    -0.087
-132.191    1044.089    -0.087
-131.759    1043.672    -0.087
-131.472    1043.395    -0.087
-131.040    1042.978    -0.087
-130.609    1042.560    -0.087
-130.322    1042.281    -0.087
-129.964    1041.933    -0.087
-129.605    1041.584    -0.087
-129.175    1041.166    -0.087
-128.887    1040.888    -0.086
-128.529    1040.539    -0.086
-128.170    1040.192    -0.086
-127.812    1039.843    -0.086
-127.382    1039.425    -0.086
-127.024    1039.076    -0.086
-126.666    1038.726    -0.086
-126.382    1038.445    -0.086
-125.813    1037.882    -0.086
-125.461    1037.528    -0.086
-125.179    1037.243    -0.086
-124.757    1036.818    -0.086
-124.475    1036.534    -0.086
-124.052    1036.108    -0.086
-123.700    1035.753    -0.086
-123.418    1035.469    -0.086
-122.996    1035.043    -0.085
-122.644    1034.688    -0.085
-122.292    1034.334    -0.085
-121.872    1033.904    -0.085
-121.453    1033.475    -0.085
-121.173    1033.190    -0.085
-120.688    1032.685    -0.085
-120.344    1032.322    -0.085
-120.001    1031.959    -0.085
-119.589    1031.523    -0.085
-119.314    1031.232    -0.085
-118.970    1030.869    -0.085
-118.626    1030.506    -0.085
-118.214    1030.070    -0.085
-117.939    1029.779    -0.084
-117.597    1029.416    -0.084
-117.184    1028.980    -0.084
-116.909    1028.689    -0.084
-116.497    1028.253    -0.084
-116.156    1027.887    -0.084
-115.749    1027.447    -0.084
-115.409    1027.080    -0.084
-115.071    1026.713    -0.084
-114.731    1026.346    -0.084
-114.391    1025.979    -0.084
-114.053    1025.610    -0.084
-113.714    1025.243    -0.084
-113.374    1024.876    -0.084
-113.034    1024.509    -0.084
-112.696    1024.142    -0.083
-112.289    1023.702    -0.083
-112.019    1023.406    -0.083
-111.615    1022.963    -0.083
-111.345    1022.668    -0.083
-110.618    1021.841    -0.083
-110.423    1021.614    -0.083
-110.031    1021.160    -0.083
-109.639    1020.705    -0.083
-109.444    1020.478    -0.083
-109.052    1020.024    -0.083
-108.726    1019.644    -0.083
-108.335    1019.190    -0.083
-108.073    1018.887    -0.083
-107.684    1018.431    -0.082
-107.424    1018.127    -0.082
-106.972    1017.592    -0.082
-106.652    1017.209    -0.082
-106.332    1016.824    -0.082
-105.948    1016.363    -0.082
-105.756    1016.133    -0.082
-105.372    1015.671    -0.082
-105.052    1015.287    -0.082
-104.668    1014.826    -0.082
-104.477    1014.595    -0.082
-104.093    1014.134    -0.082
-103.709    1013.673    -0.082
-103.453    1013.366    -0.082
-103.133    1012.982    -0.082
-102.813    1012.597    -0.081
-102.430    1012.136    -0.081
-102.173    1011.829    -0.081
-101.853    1011.444    -0.081
-101.534    1011.061    -0.081
-101.214    1010.676    -0.081
-100.894    1010.292    -0.081
-100.510    1009.831    -0.081
-100.319    1009.600    -0.081
-99.934    1009.139    -0.081
-99.615    1008.755    -0.081
-99.231    1008.293    -0.081
-98.974    1007.986    -0.081
-98.590    1007.525    -0.081
-98.087    1006.905    -0.080
-97.838    1006.592    -0.080
-97.465    1006.121    -0.080
-97.155    1005.730    -0.080
-96.844    1005.338    -0.080
-96.533    1004.946    -0.080
-96.223    1004.554    -0.080
-95.975    1004.241    -0.080
-95.602    1003.771    -0.080
-95.353    1003.458    -0.080
-94.980    1002.987    -0.080
-94.671    1002.594    -0.080
-94.363    1002.202    -0.080
-94.053    1001.808    -0.080
-93.503    1001.096    -0.079
-93.202    1000.697    -0.079
-92.900    1000.298    -0.079
-92.599    999.900    -0.079
-92.239    999.419    -0.079
-92.000    999.098    -0.079
-91.701    998.697    -0.079
-91.342    998.217    -0.079
-91.103    997.896    -0.079
-90.744    997.416    -0.079
-90.446    997.015    -0.079
-90.146    996.614    -0.079
-89.908    996.293    -0.079
-89.608    995.892    -0.079
-89.250    995.411    -0.079
-88.951    995.010    -0.078
-88.712    994.690    -0.078
-88.413    994.289    -0.078
-87.887    993.559    -0.078
-87.598    993.152    -0.078
-87.308    992.744    -0.078
-87.019    992.336    -0.078
-86.788    992.010    -0.078
-86.383    991.439    -0.078
-86.151    991.112    -0.078
-85.862    990.705    -0.078
-85.573    990.297    -0.078
-85.283    989.890    -0.078
-84.995    989.481    -0.078
-84.705    989.074    -0.077
-84.415    988.666    -0.077
-84.126    988.258    -0.077
-83.726    987.684    -0.077
-83.498    987.355    -0.077
-83.157    986.862    -0.077
-82.929    986.533    -0.077
-82.644    986.122    -0.077
-82.304    985.629    -0.077
-82.019    985.217    -0.077
-81.790    984.889    -0.077
-81.450    984.396    -0.077
-81.165    983.984    -0.077
-80.719    983.320    -0.077
-80.391    982.818    -0.076
-80.172    982.483    -0.076
-79.898    982.065    -0.076
-79.626    981.646    -0.076
-79.352    981.228    -0.076
-79.078    980.810    -0.076
-78.804    980.391    -0.076
-78.476    979.889    -0.076
-78.257    979.555    -0.076
-77.983    979.136    -0.076
-77.709    978.717    -0.076
-77.381    978.215    -0.076
-77.163    977.880    -0.076
-76.838    977.376    -0.076
-76.516    976.870    -0.075
-76.248    976.448    -0.075
-76.033    976.110    -0.075
-75.711    975.604    -0.075
-75.496    975.267    -0.075
-75.073    974.587    -0.075
-74.811    974.163    -0.075
-74.549    973.737    -0.075
-74.287    973.311    -0.075
-74.025    972.885    -0.075
-73.710    972.374    -0.075
-73.447    971.948    -0.075
-73.290    971.693    -0.075
-73.028    971.267    -0.075
-72.713    970.756    -0.075
-72.451    970.330    -0.074
-72.137    969.820    -0.074
-71.927    969.479    -0.074
-71.665    969.053    -0.074
-71.403    968.628    -0.074
-71.039    968.030    -0.074
-70.735    967.513    -0.074
-70.430    966.996    -0.074
-70.227    966.651    -0.074
-69.923    966.134    -0.074
-69.720    965.790    -0.074
-69.517    965.445    -0.074
-69.212    964.928    -0.074
-68.958    964.497    -0.074
-68.654    963.980    -0.073
-68.502    963.722    -0.073
-68.197    963.205    -0.073
-67.994    962.861    -0.073
-67.690    962.344    -0.073
-67.386    961.826    -0.073
-67.185    961.480    -0.073
-66.883    960.961    -0.073
-66.683    960.616    -0.073
-66.382    960.097    -0.073
-66.180    959.752    -0.073
-65.879    959.233    -0.073
-65.678    958.887    -0.073
-65.427    958.454    -0.073
-65.176    958.022    -0.073
-64.924    957.590    -0.072
-64.673    957.157    -0.072
-64.422    956.725    -0.072
-64.121    956.206    -0.072
-63.631    955.335    -0.072
-63.397    954.893    -0.072
-63.114    954.364    -0.072
-62.833    953.834    -0.072
-62.691    953.569    -0.072
-62.410    953.040    -0.072
-62.176    952.597    -0.072
-61.855    951.976    -0.072
-61.670    951.621    -0.072
-61.487    951.265    -0.071
-61.210    950.733    -0.071
-60.980    950.289    -0.071
-60.751    949.845    -0.071
-60.520    949.402    -0.071
-60.244    948.869    -0.071
-60.060    948.513    -0.071
-59.830    948.069    -0.071
-59.600    947.626    -0.071
-59.370    947.182    -0.071
-59.140    946.738    -0.071
-58.954    946.384    -0.071
-58.767    946.030    -0.071
-58.440    945.412    -0.071
-58.253    945.058    -0.070
-57.843    944.257    -0.070
-57.663    943.900    -0.070
-57.439    943.453    -0.070
-57.129    942.825    -0.070
-56.867    942.286    -0.070
-56.693    941.926    -0.070
-56.474    941.476    -0.070
-56.212    940.936    -0.070
-55.995    940.486    -0.070
-55.820    940.126    -0.070
-55.602    939.676    -0.070
-55.427    939.317    -0.070
-55.121    938.687    -0.070
-54.947    938.327    -0.069
-54.685    937.787    -0.069
-54.510    937.427    -0.069
-54.249    936.887    -0.069
-54.074    936.527    -0.069
-53.812    935.988    -0.069
-53.514    935.354    -0.069
-53.265    934.809    -0.069
-53.057    934.354    -0.069
-52.849    933.900    -0.069
-52.602    933.352    -0.069
-52.439    932.988    -0.069
-52.234    932.532    -0.069
-51.989    931.985    -0.069
-51.825    931.619    -0.068
-51.581    931.071    -0.068
-51.417    930.707    -0.068
-51.212    930.250    -0.068
-50.967    929.703    -0.068
-50.804    929.338    -0.068
-50.599    928.882    -0.068
-50.354    928.334    -0.068
-50.190    927.969    -0.068
-49.945    927.422    -0.068
-49.782    927.056    -0.068
-49.577    926.600    -0.068
-49.333    926.052    -0.068
-49.131    925.594    -0.068
-48.889    925.045    -0.067
-48.575    924.310    -0.067
-48.422    923.941    -0.067
-48.192    923.386    -0.067
-48.000    922.925    -0.067
-47.886    922.647    -0.067
-47.618    922.001    -0.067
-47.426    921.539    -0.067
-47.234    921.077    -0.067
-47.043    920.616    -0.067
-46.851    920.154    -0.067
-46.659    919.692    -0.067
-46.468    919.230    -0.067
-46.276    918.768    -0.067
-46.124    918.399    -0.066
-45.894    917.845    -0.066
-45.702    917.382    -0.066
-45.510    916.921    -0.066
-45.357    916.551    -0.066
-45.056    915.810    -0.066
-44.907    915.439    -0.066
-44.684    914.882    -0.066
-44.498    914.418    -0.066
-44.311    913.954    -0.066
-44.091    913.397    -0.066
-43.911    912.930    -0.066
-43.696    912.371    -0.066
-43.552    911.997    -0.066
-43.372    911.530    -0.065
-43.156    910.970    -0.065
-43.013    910.597    -0.065
-42.833    910.130    -0.065
-42.653    909.665    -0.065
-42.473    909.198    -0.065
-42.293    908.732    -0.065
-42.078    908.172    -0.065
-41.829    907.518    -0.065
-41.657    907.047    -0.065
-41.519    906.673    -0.065
-41.312    906.109    -0.065
-41.140    905.640    -0.065
-41.002    905.265    -0.065
-40.796    904.701    -0.064
-40.592    904.137    -0.064
-40.458    903.760    -0.064
-40.288    903.290    -0.064
-40.119    902.819    -0.064
-39.917    902.254    -0.064
-39.782    901.878    -0.064
-39.613    901.407    -0.064
-39.411    900.842    -0.064
-39.242    900.372    -0.064
-39.107    899.995    -0.064
-38.938    899.525    -0.064
-38.735    898.961    -0.064
-38.601    898.584    -0.064
-38.241    897.544    -0.063
-38.086    897.068    -0.063
-37.931    896.594    -0.063
-37.775    896.119    -0.063
-37.651    895.738    -0.063
-37.496    895.263    -0.063
-37.310    894.692    -0.063
-37.185    894.312    -0.063
-37.061    893.932    -0.063
-36.874    893.362    -0.063
-36.719    892.887    -0.063
-36.533    892.317    -0.063
-36.439    892.031    -0.063
-36.253    891.461    -0.063
-36.097    890.986    -0.063
-35.912    890.415    -0.062
-35.761    889.939    -0.062
-35.609    889.462    -0.062
-35.457    888.987    -0.062
-35.305    888.510    -0.062
-35.154    888.034    -0.062
-34.920    887.269    -0.062
-34.804    886.886    -0.062
-34.660    886.407    -0.062
-34.515    885.928    -0.062
-34.342    885.354    -0.062
-34.226    884.971    -0.062
-34.081    884.493    -0.062
-33.965    884.110    -0.062
-33.792    883.536    -0.061
-33.618    882.962    -0.061
-33.474    882.483    -0.061
-33.387    882.195    -0.061
-33.214    881.621    -0.061
-33.070    881.142    -0.061
-32.924    880.664    -0.061
-32.780    880.186    -0.061
-32.636    879.707    -0.061
-32.491    879.228    -0.061
-32.266    878.461    -0.061
-32.157    878.075    -0.061
-31.994    877.498    -0.061
-31.857    877.017    -0.061
-31.721    876.536    -0.060
-31.585    876.055    -0.060
-31.448    875.574    -0.060
-31.312    875.093    -0.060
-31.176    874.612    -0.060
-31.039    874.132    -0.060
-30.930    873.746    -0.060
-30.767    873.169    -0.060
-30.630    872.688    -0.060
-30.494    872.207    -0.060
-30.358    871.726    -0.060
-30.221    871.245    -0.060
-30.033    870.571    -0.060
-29.929    870.185    -0.060
-29.800    869.702    -0.060
-29.645    869.122    -0.059
-29.542    868.736    -0.059
-29.362    868.060    -0.059
-29.239    867.575    -0.059
-29.090    866.994    -0.059
-28.991    866.606    -0.059
-28.868    866.122    -0.059
-28.744    865.637    -0.059
-28.621    865.153    -0.059
-28.472    864.571    -0.059
-28.349    864.087    -0.059
-28.225    863.603    -0.059
-28.126    863.215    -0.059
-28.003    862.731    -0.059
-27.854    862.149    -0.059
-27.755    861.761    -0.058
-27.632    861.277    -0.058
-27.508    860.793    -0.058
-27.337    860.114    -0.058
-27.222    859.627    -0.058
-27.060    858.947    -0.058
-26.990    858.655    -0.058
-26.828    857.974    -0.058
-26.674    857.291    -0.058
-26.588    856.901    -0.058
-26.479    856.412    -0.058
-26.393    856.022    -0.058
-26.263    855.436    -0.058
-26.177    855.046    -0.058
-26.047    854.460    -0.057
-25.939    853.971    -0.057
-25.852    853.581    -0.057
-25.723    852.995    -0.057
-25.614    852.508    -0.057
-25.528    852.117    -0.057
-25.420    851.629    -0.057
-25.291    851.043    -0.057
-25.204    850.652    -0.057
-25.075    850.067    -0.057
-24.927    849.382    -0.057
-24.825    848.893    -0.057
-24.723    848.404    -0.057
-24.621    847.914    -0.057
-24.519    847.424    -0.057
-24.417    846.935    -0.056
-24.314    846.446    -0.056
-24.213    845.956    -0.056
-24.111    845.467    -0.056
-24.009    844.977    -0.056
-23.907    844.488    -0.056
-23.805    843.999    -0.056
-23.704    843.509    -0.056
-23.602    843.019    -0.056
-23.500    842.530    -0.056
-23.362    841.844    -0.056
-23.286    841.451    -0.056
-23.171    840.862    -0.056
-23.075    840.372    -0.056
-22.999    839.979    -0.056
-22.885    839.390    -0.055
-22.806    838.998    -0.055
-22.726    838.606    -0.055
-22.606    838.019    -0.055
-22.526    837.626    -0.055
-22.425    837.137    -0.055
-22.325    836.647    -0.055
-22.225    836.157    -0.055
-22.105    835.569    -0.055
-22.025    835.178    -0.055
-21.925    834.687    -0.055
-21.805    834.100    -0.055
-21.725    833.707    -0.055
-21.624    833.218    -0.055
-21.504    832.630    -0.055
-21.325    831.646    -0.054
-21.262    831.252    -0.054
-21.167    830.659    -0.054
-21.087    830.166    -0.054
-21.024    829.771    -0.054
-20.945    829.277    -0.054
-20.850    828.685    -0.054
-20.787    828.289    -0.054
-20.692    827.698    -0.054
-20.629    827.302    -0.054
-20.519    826.611    -0.054
-20.455    826.216    -0.054
-20.392    825.821    -0.054
-20.313    825.328    -0.054
-20.203    824.636    -0.054
-20.140    824.242    -0.053
-20.077    823.846    -0.053
-19.998    823.353    -0.053
-19.919    822.859    -0.053
-19.824    822.267    -0.053
-19.760    821.872    -0.053
-19.664    821.279    -0.053
-19.600    820.885    -0.053
-19.504    820.293    -0.053
-19.440    819.897    -0.053
-19.330    819.207    -0.053
-19.256    818.713    -0.053
-19.180    818.218    -0.053
-19.104    817.724    -0.053
-19.015    817.131    -0.053
-18.954    816.735    -0.052
-18.880    816.241    -0.052
-18.804    815.747    -0.052
-18.728    815.252    -0.052
-18.639    814.659    -0.052
-18.568    814.164    -0.052
-18.496    813.669    -0.052
-18.424    813.175    -0.052
-18.342    812.581    -0.052
-18.274    812.085    -0.052
-18.206    811.590    -0.052
-18.138    811.094    -0.052
-18.084    810.698    -0.052
-18.002    810.104    -0.052
-17.935    809.609    -0.052
-17.866    809.113    -0.052
-17.812    808.718    -0.051
-17.744    808.222    -0.051
-17.662    807.628    -0.051
-17.593    807.132    -0.051
-17.500    806.438    -0.051
-17.449    806.042    -0.051
-17.397    805.645    -0.051
-17.320    805.050    -0.051
-17.256    804.555    -0.051
-17.204    804.158    -0.051
-17.128    803.563    -0.051
-17.054    802.967    -0.051
-17.005    802.570    -0.051
-16.930    801.975    -0.051
-16.881    801.578    -0.051
-16.806    800.983    -0.050
-16.756    800.586    -0.050
-16.681    799.990    -0.050
-16.632    799.593    -0.050
-16.558    798.998    -0.050
-16.495    798.502    -0.050
-16.445    798.106    -0.050
-16.371    797.510    -0.050
-16.322    797.113    -0.050
-16.247    796.518    -0.050
-16.197    796.121    -0.050
-16.148    795.724    -0.050
-16.073    795.129    -0.050
-15.998    794.533    -0.050
-15.961    794.236    -0.050
-15.886    793.641    -0.050
-15.812    793.045    -0.049
-15.762    792.649    -0.049
-15.688    792.053    -0.049
-15.637    791.656    -0.049
-15.564    791.061    -0.049
-15.506    790.564    -0.049
-15.436    789.969    -0.049
-15.388    789.572    -0.049
-15.329    789.075    -0.049
-15.271    788.578    -0.049
-15.212    788.083    -0.049
-15.153    787.586    -0.049
-15.066    786.791    -0.049
-15.025    786.393    -0.049
-14.975    785.895    -0.049
-14.924    785.398    -0.049
-14.873    784.900    -0.048
-14.823    784.403    -0.048
-14.763    783.806    -0.048
-14.721    783.408    -0.048
-14.671    782.911    -0.048
-14.620    782.413    -0.048
-14.569    781.916    -0.048
-14.518    781.419    -0.048
-14.458    780.822    -0.048
-14.418    780.424    -0.048
-14.367    779.927    -0.048
-14.317    779.429    -0.048
-14.266    778.932    -0.048
-14.215    778.434    -0.048
-14.155    777.837    -0.048
-14.096    777.241    -0.048
-14.050    776.743    -0.047
-14.005    776.245    -0.047
-13.959    775.747    -0.047
-13.923    775.348    -0.047
-13.877    774.850    -0.047
-13.831    774.352    -0.047
-13.786    773.855    -0.047
-13.740    773.357    -0.047
-13.686    772.759    -0.047
-13.648    772.361    -0.047
-13.603    771.863    -0.047
-13.558    771.365    -0.047
-13.503    770.768    -0.047
-13.457    770.270    -0.047
-13.411    769.772    -0.047
-13.375    769.374    -0.047
-13.329    768.876    -0.046
-13.277    768.278    -0.046
-13.238    767.780    -0.046
-13.190    767.182    -0.046
-13.142    766.584    -0.046
-13.117    766.284    -0.046
-13.069    765.686    -0.046
-13.021    765.089    -0.046
-12.997    764.790    -0.046
-12.949    764.192    -0.046
-12.901    763.594    -0.046
-12.877    763.295    -0.046
-12.829    762.697    -0.046
-12.781    762.099    -0.046
-12.757    761.800    -0.046
-12.709    761.202    -0.046
-12.669    760.703    -0.046
-12.637    760.305    -0.045
-12.589    759.707    -0.045
-12.535    759.009    -0.045
-12.501    758.510    -0.045
-12.466    758.011    -0.045
-12.438    757.613    -0.045
-12.403    757.113    -0.045
-12.368    756.615    -0.045
-12.333    756.116    -0.045
-12.291    755.518    -0.045
-12.257    755.018    -0.045
-12.222    754.520    -0.045
-12.193    754.121    -0.045
-12.158    753.623    -0.045
-12.123    753.123    -0.045
-12.081    752.525    -0.045
-12.053    752.127    -0.044
-12.017    751.627    -0.044
-11.981    751.129    -0.044
-11.939    750.530    -0.044
-11.903    750.032    -0.044
-11.875    749.632    -0.044
-11.839    749.134    -0.044
-11.804    748.636    -0.044
-11.769    748.137    -0.044
-11.727    747.538    -0.044
-11.698    747.139    -0.044
-11.656    746.541    -0.044
-11.628    746.142    -0.044
-11.592    745.643    -0.044
-11.556    745.144    -0.044
-11.514    744.546    -0.044
-11.486    744.147    -0.044
-11.444    743.548    -0.043
-11.415    743.150    -0.043
-11.380    742.651    -0.043
-11.338    742.053    -0.043
-11.302    741.453    -0.043
-11.272    740.955    -0.043
-11.247    740.555    -0.043
-11.212    739.956    -0.043
-11.183    739.458    -0.043
-11.158    739.058    -0.043
-11.129    738.559    -0.043
-11.099    738.060    -0.043
-11.069    737.561    -0.043
-11.039    737.062    -0.043
-11.003    736.463    -0.043
-10.979    736.064    -0.043
-10.949    735.564    -0.043
-10.919    735.065    -0.042
-10.890    734.567    -0.042
-10.855    733.967    -0.042
-10.824    733.469    -0.042
-10.798    733.069    -0.042
-10.768    732.570    -0.042
-10.736    732.072    -0.042
-10.705    731.572    -0.042
-10.669    730.973    -0.042
-10.638    730.475    -0.042
-10.613    730.075    -0.042
-10.576    729.477    -0.042
-10.551    729.077    -0.042
-10.520    728.578    -0.042
-10.489    728.080    -0.042
-10.458    727.580    -0.042
-10.425    726.981    -0.042
-10.401    726.481    -0.042
-10.376    725.983    -0.041
-10.346    725.384    -0.041
-10.325    724.984    -0.041
-10.295    724.385    -0.041
-10.275    723.985    -0.041
-10.250    723.485    -0.041
-10.220    722.887    -0.041
-10.195    722.388    -0.041
-10.175    721.988    -0.041
-10.145    721.388    -0.041
-10.124    720.989    -0.041
-10.100    720.490    -0.041
-10.070    719.891    -0.041
-10.045    719.391    -0.041
-10.025    718.992    -0.041
-9.994    718.392    -0.041
-9.974    717.993    -0.041
-9.949    717.494    -0.040
-9.919    716.895    -0.040
-9.894    716.395    -0.040
-9.874    715.996    -0.040
-9.846    715.396    -0.040
-9.823    714.897    -0.040
-9.801    714.398    -0.040
-9.778    713.899    -0.040
-9.760    713.499    -0.040
-9.733    712.900    -0.040
-9.711    712.400    -0.040
-9.689    711.900    -0.040
-9.666    711.401    -0.040
-9.643    710.901    -0.040
-9.626    710.502    -0.040
-9.599    709.903    -0.040
-9.576    709.404    -0.040
-9.553    708.904    -0.040
-9.531    708.404    -0.039
-9.508    707.905    -0.039
-9.490    707.505    -0.039
-9.463    706.906    -0.039
-9.441    706.406    -0.039
-9.419    705.907    -0.039
-9.396    705.408    -0.039
-9.373    704.908    -0.039
-9.356    704.509    -0.039
-9.329    703.909    -0.039
-9.305    703.310    -0.039
-9.289    702.910    -0.039
-9.266    702.310    -0.039
-9.251    701.911    -0.039
-9.228    701.311    -0.039
-9.212    700.911    -0.039
-9.189    700.312    -0.039
-9.174    699.912    -0.039
-9.151    699.313    -0.038
-9.136    698.914    -0.038
-9.112    698.314    -0.038
-9.097    697.915    -0.038
-9.073    697.315    -0.038
-9.058    696.915    -0.038
-9.034    696.316    -0.038
-9.019    695.916    -0.038
-8.996    695.316    -0.038
-8.981    694.917    -0.038
-8.961    694.417    -0.038
-8.941    693.917    -0.038
-8.918    693.318    -0.038
-8.903    692.918    -0.038
-8.879    692.319    -0.038
-8.864    691.919    -0.038
-8.841    691.319    -0.038
-8.822    690.820    -0.038
-8.804    690.321    -0.037
-8.789    689.921    -0.037
-8.766    689.322    -0.037
-8.747    688.822    -0.037
-8.729    688.322    -0.037
-8.710    687.823    -0.037
-8.691    687.323    -0.037
-8.677    686.923    -0.037
-8.658    686.424    -0.037
-8.636    685.824    -0.037
-8.617    685.324    -0.037
-8.602    684.925    -0.037
-8.583    684.425    -0.037
-8.564    683.925    -0.037
-8.545    683.426    -0.037
-8.522    682.826    -0.037
-8.504    682.326    -0.037
-8.488    681.927    -0.037
-8.465    681.327    -0.037
-8.450    680.927    -0.036
-8.431    680.429    -0.036
-8.408    679.829    -0.036
-8.389    679.329    -0.036
-8.374    678.930    -0.036
-8.351    678.330    -0.036
-8.335    677.930    -0.036
-8.312    677.331    -0.036
-8.293    676.831    -0.036
-8.275    676.332    -0.036
-8.257    675.832    -0.036
-8.239    675.332    -0.036
-8.221    674.833    -0.036
-8.208    674.433    -0.036
-8.187    673.833    -0.036
-8.169    673.333    -0.036
-8.151    672.834    -0.036
-8.134    672.334    -0.036
-8.116    671.834    -0.035
-8.103    671.435    -0.035
-8.081    670.835    -0.035
-8.064    670.335    -0.035
-8.046    669.836    -0.035
-8.028    669.336    -0.035
-8.011    668.836    -0.035
-7.997    668.438    -0.035
-7.976    667.838    -0.035
-7.958    667.338    -0.035
-7.941    666.839    -0.035
-7.923    666.339    -0.035
-7.905    665.839    -0.035
-7.887    665.340    -0.035
-7.874    664.940    -0.035
-7.853    664.340    -0.035
-7.835    663.840    -0.035
-7.817    663.341    -0.035
-7.800    662.841    -0.035
-7.782    662.341    -0.034
-7.768    661.942    -0.034
-7.747    661.342    -0.034
-7.730    660.842    -0.034
-7.712    660.343    -0.034
-7.697    659.943    -0.034
-7.679    659.443    -0.034
-7.660    658.944    -0.034
-7.638    658.344    -0.034
-7.619    657.844    -0.034
-7.604    657.445    -0.034
-7.582    656.845    -0.034
-7.563    656.345    -0.034
-7.544    655.846    -0.034
-7.525    655.347    -0.034
-7.511    654.947    -0.034
-7.489    654.348    -0.034
-7.472    653.848    -0.034
-7.455    653.348    -0.034
-7.439    652.849    -0.034
-7.422    652.349    -0.033
-7.405    651.849    -0.033
-7.388    651.349    -0.033
-7.372    650.850    -0.033
-7.355    650.350    -0.033
-7.338    649.850    -0.033
-7.321    649.351    -0.033
-7.305    648.851    -0.033
-7.288    648.351    -0.033
-7.271    647.852    -0.033
-7.254    647.352    -0.033
-7.238    646.852    -0.033
-7.221    646.352    -0.033
-7.204    645.853    -0.033
-7.189    645.353    -0.033
-7.171    644.853    -0.033
-7.154    644.354    -0.033
-7.137    643.854    -0.033
-7.121    643.354    -0.033
-7.104    642.855    -0.032
-7.087    642.355    -0.032
-7.068    641.755    -0.032
-7.055    641.355    -0.032
-7.038    640.856    -0.032
-7.021    640.356    -0.032
-7.003    639.856    -0.032
-6.988    639.357    -0.032
-6.971    638.857    -0.032
-6.955    638.357    -0.032
-6.938    637.857    -0.032
-6.922    637.358    -0.032
-6.905    636.858    -0.032
-6.889    636.359    -0.032
-6.873    635.860    -0.032
-6.856    635.260    -0.032
-6.845    634.860    -0.032
-6.830    634.360    -0.032
-6.815    633.861    -0.032
-6.801    633.361    -0.032
-6.783    632.761    -0.031
-6.768    632.261    -0.031
-6.756    631.862    -0.031
-6.742    631.362    -0.031
-6.727    630.862    -0.031
-6.712    630.362    -0.031
-6.694    629.763    -0.031
-6.679    629.263    -0.031
-6.668    628.863    -0.031
-6.653    628.363    -0.031
-6.638    627.863    -0.031
-6.621    627.264    -0.031
-6.607    626.764    -0.031
-6.592    626.264    -0.031
-6.579    625.864    -0.031
-6.565    625.365    -0.031
-6.550    624.865    -0.031
-6.533    624.265    -0.031
-6.518    623.766    -0.031
-6.503    623.266    -0.031
-6.492    622.866    -0.031
-6.477    622.366    -0.030
-6.459    621.767    -0.030
-6.444    621.267    -0.030
-6.430    620.767    -0.030
-6.415    620.267    -0.030
-6.403    619.867    -0.030
-6.389    619.368    -0.030
-6.371    618.768    -0.030
-6.356    618.268    -0.030
-6.341    617.768    -0.030
-6.326    617.269    -0.030
-6.315    616.869    -0.030
-6.300    616.369    -0.030
-6.286    615.869    -0.030
-6.268    615.270    -0.030
-6.254    614.770    -0.030
-6.239    614.270    -0.030
-6.228    613.870    -0.030
-6.213    613.371    -0.030
-6.195    612.771    -0.030
-6.180    612.271    -0.029
-6.165    611.771    -0.029
-6.150    611.272    -0.029
-6.136    610.772    -0.029
-6.121    610.272    -0.029
-6.110    609.872    -0.029
-6.095    609.373    -0.029
-6.077    608.773    -0.029
-6.065    608.373    -0.029
-6.051    607.873    -0.029
-6.036    607.374    -0.029
-6.021    606.874    -0.029
-6.003    606.274    -0.029
-5.991    605.874    -0.029
-5.976    605.375    -0.029
-5.961    604.875    -0.029
-5.943    604.275    -0.029
-5.932    603.875    -0.029
-5.913    603.276    -0.029
-5.899    602.776    -0.029
-5.884    602.276    -0.029
-5.872    601.876    -0.028
-5.857    601.377    -0.028
-5.839    600.777    -0.028
-5.825    600.277    -0.028
-5.811    599.777    -0.028
-5.800    599.378    -0.028
-5.783    598.778    -0.028
-5.771    598.378    -0.028
-5.754    597.778    -0.028
-5.741    597.279    -0.028
-5.729    596.879    -0.028
-5.712    596.279    -0.028
-5.698    595.779    -0.028
-5.687    595.379    -0.028
-5.670    594.780    -0.028
-5.656    594.280    -0.028
-5.645    593.880    -0.028
-5.628    593.280    -0.028
-5.614    592.781    -0.028
-5.602    592.381    -0.028
-5.585    591.781    -0.028
-5.572    591.281    -0.027
-5.560    590.882    -0.027
-5.543    590.282    -0.027
-5.529    589.782    -0.027
-5.518    589.382    -0.027
-5.501    588.783    -0.027
-5.487    588.283    -0.027
-5.473    587.783    -0.027
-5.460    587.283    -0.027
-5.446    586.783    -0.027
-5.434    586.384    -0.027
-5.417    585.784    -0.027
-5.404    585.284    -0.027
-5.392    584.884    -0.027
-5.375    584.285    -0.027
-5.361    583.785    -0.027
-5.350    583.385    -0.027
-5.333    582.785    -0.027
-5.321    582.385    -0.027
-5.308    581.886    -0.027
-5.291    581.286    -0.027
-5.279    580.886    -0.027
-5.266    580.386    -0.026
-5.248    579.787    -0.026
-5.237    579.387    -0.026
-5.220    578.787    -0.026
-5.209    578.387    -0.026
-5.194    577.888    -0.026
-5.177    577.288    -0.026
-5.162    576.788    -0.026
-5.151    576.388    -0.026
-5.133    575.789    -0.026
-5.122    575.389    -0.026
-5.105    574.789    -0.026
-5.099    574.390    -0.026
-5.084    573.990    -0.026
-5.065    573.491    -0.026
-5.043    572.891    -0.026
-5.026    572.391    -0.026
-5.011    571.992    -0.026
-4.989    571.392    -0.026
-4.970    570.892    -0.026
-4.953    570.393    -0.026
-4.938    569.993    -0.026
-4.916    569.293    -0.025
-4.905    568.894    -0.025
-4.889    568.294    -0.025
-4.877    567.794    -0.025
-4.863    567.294    -0.025
-4.850    566.795    -0.025
-4.836    566.295    -0.025
-4.826    565.895    -0.025
-4.810    565.295    -0.025
-4.797    564.795    -0.025
-4.787    564.396    -0.025
-4.771    563.796    -0.025
-4.757    563.296    -0.025
-4.746    562.896    -0.025
-4.730    562.296    -0.025
-4.718    561.797    -0.025
-4.704    561.297    -0.025
-4.691    560.797    -0.025
-4.678    560.297    -0.025
-4.667    559.797    -0.025
-4.655    559.298    -0.025
-4.643    558.798    -0.025
-4.631    558.298    -0.025
-4.619    557.798    -0.024
-4.607    557.298    -0.024
-4.595    556.799    -0.024
-4.583    556.299    -0.024
-4.572    555.799    -0.024
-4.560    555.299    -0.024
-4.548    554.799    -0.024
-4.536    554.299    -0.024
-4.525    553.800    -0.024
-4.512    553.300    -0.024
-4.499    552.800    -0.024
-4.486    552.300    -0.024
-4.476    551.900    -0.024
-4.460    551.301    -0.024
-4.447    550.801    -0.024
-4.437    550.401    -0.024
-4.421    549.801    -0.024
-4.408    549.301    -0.024
-4.397    548.902    -0.024
-4.381    548.302    -0.024
-4.369    547.802    -0.024
-4.356    547.302    -0.024
-4.343    546.802    -0.024
-4.330    546.303    -0.023
-4.320    545.903    -0.023
-4.306    545.403    -0.023
-4.290    544.803    -0.023
-4.276    544.304    -0.023
-4.265    543.904    -0.023
-4.251    543.404    -0.023
-4.238    542.904    -0.023
-4.224    542.404    -0.023
-4.208    541.805    -0.023
-4.194    541.305    -0.023
-4.180    540.805    -0.023
-4.166    540.305    -0.023
-4.156    539.906    -0.023
-4.139    539.306    -0.023
-4.125    538.806    -0.023
-4.111    538.306    -0.023
-4.098    537.806    -0.023
-4.084    537.307    -0.023
-4.074    536.907    -0.023
-4.061    536.507    -0.023
-4.043    536.007    -0.023
-4.026    535.508    -0.023
-4.008    535.008    -0.023
-3.990    534.508    -0.022
-3.968    533.909    -0.022
-3.951    533.409    -0.022
-3.934    532.909    -0.022
-3.916    532.410    -0.022
-3.898    531.910    -0.022
-3.880    531.410    -0.022
-3.863    530.911    -0.022
-3.849    530.512    -0.022
-3.828    529.912    -0.022
-3.814    529.513    -0.022
-3.791    528.913    -0.022
-3.775    528.513    -0.022
-3.757    528.014    -0.022
-3.738    527.514    -0.022
-3.719    527.014    -0.022
-3.700    526.515    -0.022
-3.677    525.915    -0.022
-3.658    525.315    -0.022
-3.645    524.816    -0.022
-3.633    524.316    -0.022
-3.620    523.816    -0.022
-3.607    523.316    -0.022
-3.598    522.916    -0.022
-3.583    522.317    -0.021
-3.570    521.817    -0.021
-3.560    521.417    -0.021
-3.545    520.817    -0.021
-3.533    520.317    -0.021
-3.523    519.917    -0.021
-3.510    519.418    -0.021
-3.494    518.818    -0.021
-3.483    518.318    -0.021
-3.470    517.818    -0.021
-3.457    517.319    -0.021
-3.444    516.819    -0.021
-3.432    516.319    -0.021
-3.418    515.819    -0.021
-3.408    515.419    -0.021
-3.391    514.820    -0.021
-3.379    514.320    -0.021
-3.366    513.820    -0.021
-3.352    513.320    -0.021
-3.339    512.820    -0.021
-3.327    512.321    -0.021
-3.313    511.821    -0.021
-3.302    511.421    -0.021
-3.284    510.821    -0.021
-3.271    510.322    -0.020
-3.259    509.922    -0.020
-3.246    509.422    -0.020
-3.228    508.822    -0.020
-3.215    508.322    -0.020
-3.201    507.823    -0.020
-3.187    507.323    -0.020
-3.176    506.823    -0.020
-3.165    506.323    -0.020
-3.153    505.823    -0.020
-3.142    505.324    -0.020
-3.130    504.824    -0.020
-3.119    504.324    -0.020
-3.108    503.824    -0.020
-3.096    503.324    -0.020
-3.084    502.824    -0.020
-3.074    502.325    -0.020
-3.062    501.825    -0.020
-3.050    501.325    -0.020
-3.038    500.825    -0.020
-3.026    500.425    -0.020
-3.010    499.926    -0.020
-2.994    499.426    -0.020
-2.977    498.926    -0.020
-2.960    498.426    -0.020
-2.943    497.927    -0.019
-2.926    497.427    -0.019
-2.910    496.927    -0.019
-2.893    496.428    -0.019
-2.876    495.928    -0.019
-2.860    495.428    -0.019
-2.843    494.929    -0.019
-2.826    494.429    -0.019
-2.809    493.929    -0.019
-2.793    493.429    -0.019
-2.776    492.930    -0.019
-2.761    492.430    -0.019
-2.743    491.830    -0.019
-2.728    491.331    -0.019
-2.714    490.831    -0.019
-2.699    490.332    -0.019
-2.687    489.932    -0.019
-2.673    489.432    -0.019
-2.655    488.833    -0.019
-2.640    488.333    -0.019
-2.625    487.833    -0.019
-2.610    487.334    -0.019
-2.599    486.934    -0.019
-2.584    486.434    -0.019
-2.569    485.934    -0.019
-2.551    485.334    -0.019
-2.537    484.835    -0.018
-2.522    484.335    -0.018
-2.507    483.835    -0.018
-2.495    483.435    -0.018
-2.480    482.936    -0.018
-2.464    482.436    -0.018
-2.450    481.936    -0.018
-2.435    481.436    -0.018
-2.420    480.937    -0.018
-2.402    480.337    -0.018
-2.387    479.837    -0.018
-2.372    479.338    -0.018
-2.358    478.838    -0.018
-2.343    478.338    -0.018
-2.328    477.838    -0.018
-2.316    477.438    -0.018
-2.301    476.939    -0.018
-2.286    476.439    -0.018
-2.272    475.939    -0.018
-2.253    475.340    -0.018
-2.239    474.840    -0.018
-2.224    474.340    -0.018
-2.213    473.940    -0.018
-2.198    473.440    -0.018
-2.183    472.941    -0.018
-2.168    472.441    -0.018
-2.150    471.841    -0.018
-2.136    471.342    -0.017
-2.121    470.842    -0.017
-2.108    470.442    -0.017
-2.094    469.942    -0.017
-2.079    469.442    -0.017
-2.064    468.943    -0.017
-2.049    468.443    -0.017
-2.035    467.943    -0.017
-2.020    467.443    -0.017
-2.005    466.944    -0.017
-1.990    466.444    -0.017
-1.976    465.944    -0.017
-1.961    465.444    -0.017
-1.946    464.945    -0.017
-1.931    464.445    -0.017
-1.917    463.945    -0.017
-1.902    463.445    -0.017
-1.887    462.946    -0.017
-1.872    462.446    -0.017
-1.858    461.946    -0.017
-1.843    461.446    -0.017
-1.828    460.947    -0.017
-1.813    460.447    -0.017
-1.796    459.847    -0.017
-1.782    459.347    -0.017
-1.768    458.848    -0.017
-1.757    458.448    -0.017
-1.741    457.848    -0.016
-1.731    457.448    -0.016
-1.715    456.849    -0.016
-1.701    456.349    -0.016
-1.691    455.949    -0.016
-1.675    455.349    -0.016
-1.661    454.849    -0.016
-1.648    454.350    -0.016
-1.634    453.850    -0.016
-1.622    453.350    -0.016
-1.611    452.950    -0.016
-1.595    452.350    -0.016
-1.581    451.851    -0.016
-1.571    451.451    -0.016
-1.555    450.851    -0.016
-1.541    450.351    -0.016
-1.531    449.952    -0.016
-1.515    449.352    -0.016
-1.501    448.852    -0.016
-1.488    448.352    -0.016
-1.475    447.852    -0.016
-1.464    447.353    -0.016
-1.451    446.853    -0.016
-1.442    446.453    -0.016
-1.426    445.853    -0.016
-1.414    445.353    -0.016
-1.402    444.854    -0.016
-1.390    444.354    -0.016
-1.377    443.854    -0.015
-1.366    443.354    -0.015
-1.353    442.854    -0.015
-1.341    442.354    -0.015
-1.328    441.855    -0.015
-1.319    441.455    -0.015
-1.304    440.855    -0.015
-1.292    440.355    -0.015
-1.279    439.855    -0.015
-1.268    439.356    -0.015
-1.255    438.856    -0.015
-1.243    438.356    -0.015
-1.230    437.856    -0.015
-1.219    437.356    -0.015
-1.206    436.857    -0.015
-1.197    436.457    -0.015
-1.180    436.057    -0.015
-1.156    435.457    -0.015
-1.140    435.058    -0.015
-1.116    434.458    -0.015
-1.099    434.060    -0.015
-1.080    433.560    -0.015
-1.059    433.060    -0.015
-1.035    432.461    -0.015
-1.018    432.061    -0.015
-0.994    431.461    -0.015
-0.980    430.762    -0.015
-0.971    430.262    -0.015
-0.960    429.662    -0.015
-0.951    429.162    -0.014
-0.944    428.762    -0.014
-0.935    428.262    -0.014
-0.924    427.862    -0.014
-0.912    427.463    -0.014
-0.895    426.863    -0.014
-0.884    426.463    -0.014
-0.867    425.863    -0.014
-0.853    425.364    -0.014
-0.841    424.964    -0.014
-0.824    424.364    -0.014
-0.813    423.964    -0.014
-0.799    423.465    -0.014
-0.782    422.865    -0.014
-0.768    422.365    -0.014
-0.757    421.965    -0.014
-0.740    421.365    -0.014
-0.729    420.966    -0.014
-0.715    420.466    -0.014
-0.700    419.966    -0.014
-0.685    419.466    -0.014
-0.671    418.967    -0.014
-0.652    418.367    -0.014
-0.638    417.867    -0.014
-0.625    417.467    -0.014
-0.611    416.968    -0.014
-0.596    416.468    -0.014
-0.578    415.868    -0.014
-0.563    415.368    -0.014
-0.548    414.869    -0.014
-0.537    414.469    -0.014
-0.519    413.869    -0.013
-0.504    413.369    -0.013
-0.489    412.870    -0.013
-0.474    412.370    -0.013
-0.460    411.870    -0.013
-0.445    411.370    -0.013
-0.434    410.971    -0.013
-0.420    410.471    -0.013
-0.404    409.871    -0.013
-0.390    409.371    -0.013
-0.376    408.872    -0.013
-0.363    408.372    -0.013
-0.349    407.872    -0.013
-0.338    407.472    -0.013
-0.322    406.872    -0.013
-0.309    406.373    -0.013
-0.295    405.873    -0.013
-0.281    405.373    -0.013
-0.270    404.973    -0.013
-0.254    404.474    -0.013
-0.236    403.874    -0.013
-0.223    403.474    -0.013
-0.209    402.974    -0.013
-0.193    402.475    -0.013
-0.175    401.875    -0.013
-0.162    401.475    -0.013
-0.144    400.875    -0.013
-0.132    400.476    -0.013
-0.117    399.976    -0.013
-0.102    399.476    -0.013
-0.089    398.976    -0.013
-0.072    398.377    -0.012
-0.058    397.877    -0.012
-0.044    397.377    -0.012
-0.030    396.877    -0.012
-0.019    396.478    -0.012
-0.003    395.878    -0.012
0.011    395.378    -0.012
0.022    394.978    -0.012
0.036    394.478    -0.012
0.050    393.979    -0.012
0.064    393.479    -0.012
0.081    392.879    -0.012
0.092    392.479    -0.012
0.109    391.880    -0.012
0.122    391.480    -0.012
0.136    390.981    -0.012
0.151    390.481    -0.012
0.166    389.982    -0.012
0.180    389.482    -0.012
0.198    388.882    -0.012
0.212    388.382    -0.012
0.227    387.883    -0.012
0.239    387.483    -0.012
0.254    386.983    -0.012
0.268    386.483    -0.012
0.285    385.884    -0.012
0.299    385.384    -0.012
0.310    384.984    -0.012
0.324    384.484    -0.012
0.338    383.984    -0.012
0.351    383.485    -0.012
0.369    382.885    -0.012
0.382    382.385    -0.011
0.394    381.985    -0.011
0.407    381.486    -0.011
0.425    380.886    -0.011
0.438    380.386    -0.011
0.448    379.986    -0.011
0.463    379.386    -0.011
0.475    378.887    -0.011
0.488    378.387    -0.011
0.501    377.887    -0.011
0.513    377.387    -0.011
0.525    376.887    -0.011
0.538    376.388    -0.011
0.551    375.888    -0.011
0.563    375.388    -0.011
0.575    374.888    -0.011
0.588    374.388    -0.011
0.601    373.889    -0.011
0.613    373.389    -0.011
0.624    372.989    -0.011
0.639    372.489    -0.011
0.656    371.890    -0.011
0.667    371.490    -0.011
0.684    370.890    -0.011
0.696    370.490    -0.011
0.711    369.990    -0.011
0.725    369.491    -0.011
0.742    368.891    -0.011
0.754    368.491    -0.011
0.771    367.891    -0.011
0.782    367.492    -0.011
0.797    366.992    -0.011
0.811    366.492    -0.011
0.828    365.892    -0.011
0.843    365.393    -0.010
0.857    364.893    -0.010
0.871    364.393    -0.010
0.884    363.993    -0.010
0.898    363.494    -0.010
0.915    362.894    -0.010
0.930    362.394    -0.010
0.942    361.994    -0.010
0.956    361.495    -0.010
0.973    360.895    -0.010
0.985    360.495    -0.010
1.000    359.995    -0.010
1.014    359.496    -0.010
1.029    358.996    -0.010
1.044    358.496    -0.010
1.061    357.896    -0.010
1.076    357.397    -0.010
1.090    356.897    -0.010
1.103    356.497    -0.010
1.120    355.897    -0.010
1.135    355.398    -0.010
1.147    354.998    -0.010
1.165    354.398    -0.010
1.180    353.898    -0.010
1.192    353.499    -0.010
1.207    352.999    -0.010
1.225    352.399    -0.010
1.237    351.999    -0.010
1.256    351.400    -0.010
1.270    350.900    -0.010
1.283    350.500    -0.010
1.297    350.000    -0.010
1.316    349.401    -0.010
1.328    349.001    -0.010
1.346    348.401    -0.010
1.361    347.901    -0.010
1.373    347.502    -0.009
1.388    347.002    -0.009
1.405    346.402    -0.009
1.416    346.002    -0.009
1.430    345.503    -0.009
1.446    344.903    -0.009
1.460    344.403    -0.009
1.474    343.903    -0.009
1.487    343.403    -0.009
1.499    343.004    -0.009
1.513    342.504    -0.009
1.526    342.004    -0.009
1.542    341.404    -0.009
1.554    341.005    -0.009
1.571    340.405    -0.009
1.585    339.905    -0.009
1.598    339.405    -0.009
1.612    338.906    -0.009
1.626    338.406    -0.009
1.640    337.906    -0.009
1.652    337.506    -0.009
1.669    337.006    -0.009
1.687    336.507    -0.009
1.703    336.007    -0.009
1.720    335.507    -0.009
1.738    335.008    -0.009
1.755    334.508    -0.009
1.771    334.008    -0.009
1.788    333.509    -0.009
1.806    333.009    -0.009
1.823    332.509    -0.009
1.839    332.011    -0.009
1.859    331.411    -0.009
1.872    330.911    -0.009
1.882    330.511    -0.009
1.901    329.912    -0.009
1.913    329.512    -0.009
1.928    329.012    -0.009
1.946    328.412    -0.008
1.958    328.013    -0.008
1.975    327.413    -0.008
1.990    326.913    -0.008
2.002    326.513    -0.008
2.017    326.014    -0.008
2.032    325.414    -0.008
2.045    324.814    -0.008
2.055    324.414    -0.008
2.070    323.714    -0.008
2.077    323.414    -0.008
2.089    322.915    -0.008
2.104    322.215    -0.008
2.112    321.915    -0.008
2.123    321.415    -0.008
2.134    320.915    -0.008
2.147    320.315    -0.008
2.154    320.016    -0.008
2.170    319.516    -0.008
2.186    319.016    -0.008
2.200    318.516    -0.008
2.216    318.017    -0.008
2.234    317.417    -0.008
2.248    317.017    -0.008
2.262    316.517    -0.008
2.278    316.018    -0.008
2.294    315.518    -0.008
2.309    315.018    -0.008
2.322    314.518    -0.008
2.339    313.919    -0.008
2.351    313.519    -0.008
2.368    312.919    -0.008
2.382    312.419    -0.008
2.396    311.920    -0.008
2.408    311.520    -0.008
2.425    310.920    -0.008
2.436    310.520    -0.008
2.453    309.921    -0.008
2.467    309.421    -0.008
2.482    308.921    -0.008
2.493    308.521    -0.007
2.510    307.822    -0.007
2.518    307.322    -0.007
2.527    306.822    -0.007
2.538    306.222    -0.007
2.546    305.822    -0.007
2.554    305.322    -0.007
2.563    304.822    -0.007
2.572    304.322    -0.007
2.581    303.822    -0.007
2.589    303.322    -0.007
2.601    302.723    -0.007
2.609    302.223    -0.007
2.617    301.923    -0.007
2.632    301.423    -0.007
2.644    301.023    -0.007
2.658    300.524    -0.007
2.673    300.024    -0.007
2.688    299.524    -0.007
2.706    298.924    -0.007
2.717    298.525    -0.007
2.732    298.025    -0.007
2.750    297.425    -0.007
2.762    297.025    -0.007
2.777    296.526    -0.007
2.794    295.926    -0.007
2.807    295.526    -0.007
2.823    295.026    -0.007
2.839    294.527    -0.007
2.855    294.027    -0.007
2.872    293.527    -0.007
2.887    293.027    -0.007
2.907    292.428    -0.007
2.919    292.028    -0.007
2.936    291.528    -0.007
2.951    291.029    -0.007
2.968    290.529    -0.007
2.984    290.029    -0.007
3.001    289.529    -0.007
3.016    289.030    -0.007
3.033    288.530    -0.007
3.052    287.930    -0.007
3.067    287.431    -0.006
3.078    287.031    -0.006
3.092    286.531    -0.006
3.109    285.931    -0.006
3.120    285.531    -0.006
3.137    284.932    -0.006
3.147    284.532    -0.006
3.164    283.932    -0.006
3.176    283.532    -0.006
3.193    282.933    -0.006
3.206    282.433    -0.006
3.220    281.933    -0.006
3.234    281.433    -0.006
3.244    281.033    -0.006
3.260    280.435    -0.006
3.273    279.935    -0.006
3.284    279.535    -0.006
3.299    278.935    -0.006
3.311    278.436    -0.006
3.322    278.036    -0.006
3.338    277.436    -0.006
3.351    276.936    -0.006
3.363    276.436    -0.006
3.376    275.937    -0.006
3.391    275.537    -0.006
3.407    275.037    -0.006
3.423    274.537    -0.006
3.440    274.038    -0.006
3.457    273.538    -0.006
3.472    273.038    -0.006
3.489    272.539    -0.006
3.506    272.039    -0.006
3.522    271.539    -0.006
3.539    271.039    -0.006
3.556    270.540    -0.006
3.574    269.940    -0.006
3.589    269.440    -0.006
3.600    269.041    -0.006
3.615    268.541    -0.006
3.632    267.941    -0.006
3.644    267.541    -0.006
3.659    267.041    -0.006
3.676    266.442    -0.006
3.688    266.042    -0.006
3.702    265.542    -0.006
3.720    264.942    -0.006
3.730    264.543    -0.006
3.746    263.943    -0.005
3.759    263.443    -0.005
3.772    262.943    -0.005
3.782    262.543    -0.005
3.798    261.944    -0.005
3.811    261.444    -0.005
3.823    260.944    -0.005
3.836    260.444    -0.005
3.847    260.045    -0.005
3.864    259.445    -0.005
3.875    259.045    -0.005
3.892    258.445    -0.005
3.906    257.946    -0.005
3.917    257.546    -0.005
3.931    257.046    -0.005
3.948    256.446    -0.005
3.962    255.946    -0.005
3.975    255.447    -0.005
3.985    255.047    -0.005
4.001    254.447    -0.005
4.015    253.947    -0.005
4.028    253.447    -0.005
4.040    252.948    -0.005
4.054    252.448    -0.005
4.067    251.948    -0.005
4.080    251.448    -0.005
4.091    250.948    -0.005
4.103    250.449    -0.005
4.115    249.949    -0.005
4.127    249.449    -0.005
4.136    249.049    -0.005
4.151    248.449    -0.005
4.163    247.950    -0.005
4.175    247.450    -0.005
4.186    246.950    -0.005
4.198    246.550    -0.005
4.213    246.050    -0.005
4.227    245.551    -0.005
4.242    245.051    -0.005
4.260    244.451    -0.005
4.273    244.051    -0.005
4.287    243.552    -0.005
4.305    242.952    -0.005
4.320    242.452    -0.005
4.335    241.952    -0.005
4.346    241.653    -0.005
4.369    241.053    -0.005
4.384    240.653    -0.005
4.407    240.054    -0.005
4.426    239.554    -0.005
4.442    239.154    -0.004
4.465    238.555    -0.004
4.481    238.055    -0.004
4.498    237.555    -0.004
4.515    237.056    -0.004
4.531    236.557    -0.004
4.547    236.057    -0.004
4.564    235.558    -0.004
4.581    235.058    -0.004
4.597    234.558    -0.004
4.613    234.058    -0.004
4.629    233.559    -0.004
4.645    233.059    -0.004
4.664    232.459    -0.004
4.676    232.060    -0.004
4.692    231.560    -0.004
4.707    231.060    -0.004
4.724    230.460    -0.004
4.738    229.961    -0.004
4.749    229.561    -0.004
4.766    228.961    -0.004
4.780    228.461    -0.004
4.791    228.061    -0.004
4.808    227.462    -0.004
4.822    226.962    -0.004
4.833    226.562    -0.004
4.850    225.962    -0.004
4.863    225.463    -0.004
4.877    224.963    -0.004
4.889    224.563    -0.004
4.902    224.063    -0.004
4.919    223.464    -0.004
4.933    222.964    -0.004
4.947    222.464    -0.004
4.961    221.964    -0.004
4.974    221.464    -0.004
4.986    221.065    -0.004
5.000    220.565    -0.004
5.017    219.965    -0.004
5.030    219.465    -0.004
5.044    218.966    -0.004
5.058    218.466    -0.004
5.069    218.066    -0.004
5.083    217.566    -0.004
5.100    216.967    -0.004
5.114    216.467    -0.004
5.125    216.067    -0.004
5.142    215.467    -0.004
5.157    214.967    -0.004
5.172    214.468    -0.004
5.187    213.968    -0.004
5.198    213.568    -0.004
5.213    213.068    -0.004
5.230    212.469    -0.004
5.245    211.969    -0.004
5.256    211.569    -0.004
5.271    211.069    -0.004
5.284    210.570    -0.003
5.302    209.970    -0.003
5.313    209.570    -0.003
5.328    209.070    -0.003
5.342    208.571    -0.003
5.357    208.071    -0.003
5.371    207.571    -0.003
5.386    207.071    -0.003
5.403    206.472    -0.003
5.417    205.972    -0.003
5.432    205.472    -0.003
5.444    205.072    -0.003
5.458    204.572    -0.003
5.474    204.073    -0.003
5.489    203.573    -0.003
5.507    202.973    -0.003
5.519    202.574    -0.003
5.535    202.074    -0.003
5.550    201.574    -0.003
5.566    201.074    -0.003
5.580    200.575    -0.003
5.598    199.975    -0.003
5.611    199.575    -0.003
5.627    199.075    -0.003
5.641    198.576    -0.003
5.657    198.076    -0.003
5.672    197.576    -0.003
5.690    196.976    -0.003
5.702    196.577    -0.003
5.718    196.077    -0.003
5.733    195.577    -0.003
5.749    195.077    -0.003
5.763    194.578    -0.003
5.781    193.978    -0.003
5.794    193.578    -0.003
5.811    192.978    -0.003
5.825    192.479    -0.003
5.838    191.979    -0.003
5.852    191.479    -0.003
5.864    191.079    -0.003
5.878    190.580    -0.003
5.895    189.980    -0.003
5.909    189.480    -0.003
5.920    189.080    -0.003
5.938    188.481    -0.003
5.951    187.981    -0.003
5.963    187.581    -0.003
5.976    187.081    -0.003
5.994    186.481    -0.003
6.005    186.082    -0.003
6.022    185.482    -0.003
6.036    184.982    -0.003
6.047    184.582    -0.003
6.061    184.083    -0.003
6.078    183.483    -0.003
6.089    183.083    -0.003
6.107    182.483    -0.003
6.120    181.984    -0.003
6.134    181.484    -0.003
6.147    180.984    -0.003
6.160    180.484    -0.003
6.172    179.984    -0.003
6.185    179.485    -0.003
6.195    179.085    -0.003
6.211    178.485    -0.003
6.224    177.985    -0.002
6.235    177.585    -0.002
6.251    176.986    -0.002
6.263    176.486    -0.002
6.276    175.986    -0.002
6.289    175.486    -0.002
6.299    175.086    -0.002
6.315    174.487    -0.002
6.328    173.987    -0.002
6.339    173.587    -0.002
6.355    172.987    -0.002
6.367    172.488    -0.002
6.380    171.988    -0.002
6.393    171.488    -0.002
6.406    170.988    -0.002
6.416    170.588    -0.002
6.432    169.989    -0.002
6.445    169.489    -0.002
6.459    168.989    -0.002
6.471    168.489    -0.002
6.482    168.089    -0.002
6.496    167.590    -0.002
6.510    167.090    -0.002
6.525    166.591    -0.002
6.540    166.091    -0.002
6.555    165.592    -0.002
6.569    165.092    -0.002
6.584    164.592    -0.002
6.600    164.092    -0.002
6.614    163.593    -0.002
6.629    163.093    -0.002
6.644    162.593    -0.002
6.659    162.093    -0.002
6.673    161.594    -0.002
6.689    161.094    -0.002
6.704    160.594    -0.002
6.719    160.094    -0.002
6.733    159.595    -0.002
6.748    159.095    -0.002
6.763    158.595    -0.002
6.781    157.995    -0.002
6.796    157.496    -0.002
6.807    157.096    -0.002
6.822    156.596    -0.002
6.837    156.096    -0.002
6.851    155.597    -0.002
6.866    155.097    -0.002
6.883    154.497    -0.002
6.895    154.097    -0.002
6.909    153.598    -0.002
6.924    153.098    -0.002
6.941    152.498    -0.002
6.953    152.098    -0.002
6.971    151.499    -0.002
6.985    150.999    -0.002
6.997    150.599    -0.002
7.014    149.999    -0.002
7.025    149.599    -0.002
7.040    149.100    -0.002
7.055    148.600    -0.002
7.072    148.000    -0.002
7.085    147.500    -0.002
7.097    147.001    -0.002
7.110    146.501    -0.002
7.124    146.001    -0.002
7.133    145.601    -0.002
7.148    145.001    -0.002
7.159    144.602    -0.002
7.175    144.002    -0.002
7.188    143.502    -0.002
7.201    143.002    -0.002
7.211    142.602    -0.002
7.226    142.003    -0.002
7.236    141.603    -0.002
7.252    141.003    -0.002
7.265    140.503    -0.002
7.278    140.004    -0.002
7.291    139.504    -0.002
7.303    139.004    -0.002
7.314    138.604    -0.002
7.330    138.004    -0.002
7.343    137.505    -0.001
7.355    137.005    -0.001
7.367    136.505    -0.001
7.380    136.005    -0.001
7.392    135.505    -0.001
7.403    135.005    -0.001
7.415    134.506    -0.001
7.427    134.006    -0.001
7.439    133.506    -0.001
7.450    133.006    -0.001
7.462    132.506    -0.001
7.474    132.007    -0.001
7.486    131.507    -0.001
7.499    131.107    -0.001
7.516    130.607    -0.001
7.532    130.108    -0.001
7.549    129.608    -0.001
7.565    129.108    -0.001
7.582    128.608    -0.001
7.598    128.109    -0.001
7.615    127.609    -0.001
7.632    127.109    -0.001
7.649    126.610    -0.001
7.664    126.110    -0.001
7.681    125.610    -0.001
7.698    125.110    -0.001
7.716    124.611    -0.001
7.732    124.011    -0.001
7.745    123.511    -0.001
7.756    123.111    -0.001
7.772    122.512    -0.001
7.786    122.012    -0.001
7.796    121.612    -0.001
7.813    121.012    -0.001
7.827    120.513    -0.001
7.837    120.113    -0.001
7.853    119.513    -0.001
7.867    119.013    -0.001
7.878    118.613    -0.001
7.894    118.014    -0.001
7.907    117.514    -0.001
7.921    117.014    -0.001
7.935    116.514    -0.001
7.949    116.015    -0.001
7.959    115.615    -0.001
7.975    115.015    -0.001
7.986    114.615    -0.001
7.999    114.115    -0.001
8.013    113.616    -0.001
8.029    113.016    -0.001
8.040    112.616    -0.001
8.053    112.116    -0.001
8.067    111.616    -0.001
8.081    111.117    -0.001
8.095    110.617    -0.001
8.112    110.017    -0.001
8.122    109.617    -0.001
8.136    109.118    -0.001
8.150    108.618    -0.001
8.166    108.018    -0.001
8.176    107.618    -0.001
8.193    107.019    -0.001
8.203    106.619    -0.001
8.215    106.219    -0.001
8.236    105.820    -0.001
8.264    105.321    -0.001
8.296    104.722    -0.001
8.319    104.222    -0.001
8.336    103.822    -0.001
8.363    103.223    -0.001
8.386    102.724    -0.001
8.408    102.225    -0.001
8.425    101.825    -0.001
8.452    101.226    -0.001
8.471    100.626    -0.001
8.485    100.126    -0.001
8.502    99.526    -0.001
8.516    99.027    -0.001
8.527    98.627    -0.001
8.543    98.027    -0.001
8.557    97.627    -0.001
8.573    97.128    -0.001
8.588    96.628    -0.001
8.604    96.128    -0.001
8.623    95.528    -0.001
8.637    95.129    -0.001
8.652    94.629    -0.001
8.668    94.129    -0.001
8.684    93.629    -0.001
8.700    93.130    -0.001
8.719    92.530    -0.001
8.732    92.130    -0.001
8.748    91.631    -0.001
8.764    91.131    -0.001
8.779    90.631    -0.001
8.795    90.131    -0.001
8.814    89.532    -0.001
8.827    89.132    -0.001
8.843    88.632    -0.001
8.859    88.132    -0.001
8.875    87.633    -0.001
8.890    87.133    -0.001
8.910    86.533    -0.001
8.923    86.134    -0.001
8.939    85.634    -0.001
8.953    85.134    -0.001
8.970    84.534    -0.001
8.982    84.035    -0.001
8.995    83.635    -0.001
9.010    83.135    -0.001
9.029    82.535    -0.001
9.041    82.136    -0.001
9.059    81.536    -0.001
9.071    81.136    -0.001
9.087    80.636    -0.001
9.102    80.137    -0.001
9.118    79.638    -0.001
9.136    79.038    -0.000
9.148    78.638    -0.000
9.166    78.039    -0.000
9.180    77.639    -0.000
9.195    77.139    -0.000
9.210    76.639    -0.000
9.226    76.140    -0.000
9.244    75.540    -0.000
9.258    75.040    -0.000
9.270    74.540    -0.000
9.282    74.041    -0.000
9.295    73.541    -0.000
9.307    73.041    -0.000
9.319    72.541    -0.000
9.331    72.041    -0.000
9.344    71.542    -0.000
9.353    71.142    -0.000
9.368    70.542    -0.000
9.380    70.042    -0.000
9.393    69.542    -0.000
9.405    69.043    -0.000
9.417    68.543    -0.000
9.427    68.143    -0.000
9.442    67.543    -0.000
9.455    67.043    -0.000
9.464    66.643    -0.000
9.479    66.044    -0.000
9.489    65.644    -0.000
9.504    65.044    -0.000
9.513    64.644    -0.000
9.528    64.044    -0.000
9.541    63.545    -0.000
9.552    63.145    -0.000
9.567    62.645    -0.000
9.584    62.045    -0.000
9.599    61.546    -0.000
9.614    61.046    -0.000
9.628    60.546    -0.000
9.640    60.146    -0.000
9.654    59.647    -0.000
9.672    59.047    -0.000
9.683    58.647    -0.000
9.698    58.147    -0.000
9.712    57.648    -0.000
9.727    57.148    -0.000
9.742    56.648    -0.000
9.759    56.048    -0.000
9.770    55.649    -0.000
9.785    55.149    -0.000
9.802    54.549    -0.000
9.817    54.049    -0.000
9.832    53.550    -0.000
9.846    53.050    -0.000
9.858    52.650    -0.000
9.873    52.150    -0.000
9.890    51.551    -0.000
9.901    51.151    -0.000
9.916    50.651    -0.000
9.933    50.051    -0.000
9.948    49.551    -0.000
9.959    49.152    -0.000
9.976    48.552    -0.000
9.988    48.152    -0.000
10.002    47.652    -0.000
10.019    47.053    -0.000
10.034    46.553    -0.000
10.046    46.153    -0.000
10.063    45.553    -0.000
10.074    45.154    -0.000
10.089    44.654    -0.000
10.106    44.054    -0.000
10.121    43.554    -0.000
10.132    43.155    -0.000
10.147    42.655    -0.000
10.162    42.155    -0.000
10.179    41.555    -0.000
10.190    41.156    -0.000
10.207    40.556    -0.000
10.219    40.156    -0.000
10.233    39.656    -0.000
10.248    39.156    -0.000
10.265    38.557    -0.000
10.277    38.057    -0.000
10.291    37.357    -0.000
10.300    36.957    -0.000
10.308    36.557    -0.000
10.323    35.858    -0.000
10.329    35.558    -0.000
10.339    35.058    -0.000
10.354    34.358    -0.000
10.362    33.958    -0.000
10.374    33.358    -0.000
10.380    33.058    -0.000
10.392    32.459    -0.000
10.401    32.059    -0.000
10.415    31.359    -0.000
10.424    30.959    -0.000
10.432    30.559    -0.000
10.446    29.859    -0.000
10.453    29.559    -0.000
10.463    29.060    -0.000
10.478    28.360    -0.000
10.486    27.960    -0.000
10.498    27.360    -0.000
10.504    27.060    -0.000
10.516    26.460    -0.000
10.523    26.160    -0.000
10.541    25.561    -0.000
10.555    25.061    -0.000
10.570    24.561    -0.000
10.585    24.061    -0.000
10.596    23.662    -0.000
10.611    23.162    -0.000
10.628    22.562    -0.000
10.643    22.062    -0.000
10.657    21.563    -0.000
10.672    21.063    -0.000
10.685    20.663    -0.000
10.699    20.163    -0.000
10.716    19.564    -0.000
10.731    19.064    -0.000
10.746    18.564    -0.000
10.761    18.064    -0.000
10.772    17.665    -0.000
10.787    17.165    -0.000
10.804    16.565    -0.000
10.819    16.065    -0.000
10.833    15.566    -0.000
10.848    15.066    -0.000
10.861    14.666    -0.000
10.878    14.066    -0.000
10.892    13.567    -0.000
10.904    13.167    -0.000
10.921    12.667    -0.000
10.936    12.167    -0.000
10.954    11.568    -0.000
10.967    11.168    -0.000
10.983    10.668    -0.000
10.998    10.168    -0.000
11.014    9.669    -0.000
11.030    9.169    -0.000
11.048    8.569    -0.000
11.061    8.169    -0.000
11.077    7.670    -0.000
11.093    7.171    -0.000
11.108    6.671    -0.000
11.124    6.172    -0.000
11.142    5.572    -0.000
11.155    5.172    -0.000
11.170    4.672    -0.000
11.186    4.173    -0.000
11.202    3.673    -0.000
11.218    3.173    -0.000
11.236    2.573    -0.000
11.249    2.174    -0.000
11.265    1.674    -0.000
11.281    1.174    -0.000
11.296    0.675    -0.000
