3.829    0.092    -0.000
3.842    -0.408    -0.000
3.857    -0.908    -0.000
3.871    -1.407    -0.000
3.885    -1.907    -0.000
3.899    -2.407    -0.000
3.914    -2.907    -0.000
3.928    -3.406    -0.000
3.943    -3.906    -0.000
3.956    -4.406    -0.000
3.971    -4.906    -0.000
3.985    -5.405    -0.000
3.999    -5.905    -0.000
4.013    -6.405    -0.000
4.027    -6.905    -0.000
4.042    -7.404    -0.000
4.057    -7.904    -0.000
4.070    -8.404    -0.000
4.085    -8.904    -0.000
4.099    -9.404    -0.000
4.112    -9.903    -0.000
4.127    -10.403    -0.000
4.141    -10.903    -0.000
4.155    -11.403    -0.000
4.169    -11.902    -0.000
4.183    -12.402    -0.000
4.198    -12.902    -0.000
4.213    -13.402    -0.000
4.226    -13.901    -0.000
4.241    -14.401    -0.000
4.255    -14.901    -0.000
4.269    -15.401    -0.000
4.282    -15.901    -0.000
4.297    -16.400    -0.000
4.311    -16.900    -0.000
4.325    -17.400    -0.000
4.338    -17.900    -0.000
4.353    -18.399    -0.000
4.367    -18.899    -0.000
4.381    -19.399    -0.000
4.395    -19.899    -0.000
4.409    -20.398    -0.000
4.424    -20.898    -0.000
4.438    -21.398    -0.000
4.451    -21.898    -0.000
4.465    -22.397    -0.000
4.479    -22.897    -0.000
4.494    -23.397    -0.000
4.507    -23.897    -0.000
4.521    -24.397    -0.000
4.535    -24.896    -0.000
4.550    -25.396    -0.000
4.563    -25.896    -0.000
4.578    -26.396    -0.000
4.592    -26.895    -0.000
4.606    -27.395    -0.000
4.619    -27.895    -0.000
4.633    -28.395    -0.000
4.647    -28.895    -0.000
4.662    -29.394    -0.000
4.675    -29.894    -0.000
4.690    -30.394    -0.000
4.704    -30.894    -0.000
4.718    -31.393    -0.000
4.731    -31.893    -0.000
4.746    -32.393    -0.000
4.760    -32.893    -0.000
4.774    -33.392    -0.000
4.787    -33.892    -0.000
4.802    -34.392    -0.000
4.816    -34.892    -0.000
4.829    -35.391    -0.000
4.843    -35.891    -0.000
4.858    -36.391    -0.000
4.872    -36.891    -0.000
4.886    -37.391    -0.000
4.900    -37.890    -0.000
4.914    -38.390    -0.000
4.928    -38.890    -0.000
4.941    -39.390    -0.000
4.956    -39.889    -0.000
4.970    -40.389    -0.000
4.984    -40.889    -0.000
4.998    -41.389    -0.000
5.012    -41.888    -0.000
5.026    -42.388    -0.000
5.040    -42.888    -0.000
5.053    -43.388    -0.000
5.068    -43.888    -0.000
5.082    -44.387    -0.000
5.096    -44.887    -0.000
5.110    -45.387    -0.000
5.124    -45.886    -0.000
5.138    -46.385    -0.000
5.152    -46.885    -0.000
5.166    -47.385    -0.000
5.180    -47.885    -0.000
5.194    -48.384    -0.000
5.208    -48.884    -0.000
5.221    -49.384    -0.000
5.236    -49.884    -0.000
5.250    -50.384    -0.000
5.265    -50.883    -0.000
5.278    -51.383    -0.000
5.292    -51.883    -0.000
5.307    -52.383    -0.000
5.321    -52.882    -0.000
5.334    -53.382    -0.000
5.349    -53.882    -0.000
5.363    -54.382    -0.000
5.378    -54.881    -0.000
5.392    -55.381    -0.000
5.407    -55.881    -0.000
5.421    -56.381    -0.000
5.436    -56.880    -0.000
5.450    -57.380    -0.000
5.464    -57.880    -0.000
5.479    -58.380    -0.000
5.492    -58.880    -0.000
5.507    -59.379    -0.000
5.522    -59.879    -0.000
5.537    -60.379    -0.000
5.550    -60.879    -0.000
5.565    -61.378    -0.000
5.580    -61.878    -0.000
5.595    -62.378    -0.000
5.609    -62.878    -0.000
5.624    -63.377    -0.000
5.638    -63.877    -0.000
5.653    -64.377    -0.000
5.667    -64.877    -0.000
5.681    -65.376    -0.000
5.696    -65.876    -0.000
5.711    -66.376    -0.000
5.724    -66.876    -0.000
5.739    -67.375    -0.000
5.754    -67.875    -0.000
5.768    -68.375    -0.000
5.782    -68.875    -0.000
5.797    -69.374    -0.000
5.812    -69.874    -0.000
5.827    -70.374    -0.000
5.840    -70.874    -0.000
5.855    -71.373    -0.000
5.870    -71.873    -0.000
5.885    -72.373    -0.000
5.898    -72.873    -0.000
5.913    -73.372    -0.000
5.928    -73.872    -0.000
5.942    -74.372    -0.000
5.956    -74.872    -0.000
5.971    -75.372    -0.000
5.985    -75.871    -0.000
6.000    -76.371    -0.000
6.014    -76.871    -0.000
6.028    -77.371    -0.000
6.043    -77.870    -0.000
6.058    -78.370    -0.000
6.072    -78.870    -0.000
6.087    -79.370    -0.000
6.102    -79.869    -0.001
6.116    -80.369    -0.001
6.130    -80.869    -0.001
6.145    -81.369    -0.001
6.159    -81.868    -0.001
6.174    -82.368    -0.001
6.188    -82.868    -0.001
6.203    -83.368    -0.001
6.218    -83.867    -0.001
6.231    -84.367    -0.001
6.246    -84.867    -0.001
6.260    -85.367    -0.001
6.275    -85.866    -0.001
6.289    -86.366    -0.001
6.303    -86.866    -0.001
6.318    -87.366    -0.001
6.333    -87.865    -0.001
6.347    -88.365    -0.001
6.362    -88.865    -0.001
6.376    -89.365    -0.001
6.391    -89.865    -0.001
6.405    -90.364    -0.001
6.420    -90.864    -0.001
6.434    -91.364    -0.001
6.449    -91.864    -0.001
6.462    -92.363    -0.001
6.477    -92.863    -0.001
6.492    -93.363    -0.001
6.507    -93.863    -0.001
6.520    -94.362    -0.001
6.535    -94.862    -0.001
6.550    -95.362    -0.001
6.565    -95.862    -0.001
6.579    -96.361    -0.001
6.593    -96.861    -0.001
6.608    -97.361    -0.001
6.623    -97.861    -0.001
6.636    -98.360    -0.001
6.651    -98.860    -0.001
6.665    -99.360    -0.001
6.680    -99.860    -0.001
6.694    -100.359    -0.001
6.709    -100.859    -0.001
6.723    -101.359    -0.001
6.738    -101.859    -0.001
6.751    -102.359    -0.001
6.765    -102.858    -0.001
6.779    -103.358    -0.001
6.794    -103.858    -0.001
6.807    -104.358    -0.001
6.821    -104.857    -0.001
6.835    -105.357    -0.001
6.850    -105.857    -0.001
6.863    -106.357    -0.001
6.877    -106.856    -0.001
6.891    -107.356    -0.001
6.905    -107.856    -0.001
6.919    -108.356    -0.001
6.933    -108.856    -0.001
6.948    -109.355    -0.001
6.961    -109.855    -0.001
6.975    -110.355    -0.001
6.989    -110.855    -0.001
7.004    -111.354    -0.001
7.017    -111.854    -0.001
7.031    -112.354    -0.001
7.046    -112.854    -0.001
7.060    -113.353    -0.001
7.073    -113.853    -0.001
7.088    -114.353    -0.001
7.102    -114.853    -0.001
7.116    -115.352    -0.001
7.129    -115.852    -0.001
7.144    -116.352    -0.001
7.158    -116.852    -0.001
7.172    -117.352    -0.001
7.186    -117.851    -0.001
7.200    -118.351    -0.001
7.214    -118.851    -0.001
7.228    -119.351    -0.001
7.242    -119.850    -0.001
7.256    -120.350    -0.001
7.270    -120.850    -0.001
7.285    -121.349    -0.001
7.298    -121.848    -0.001
7.313    -122.348    -0.001
7.327    -122.848    -0.001
7.342    -123.348    -0.001
7.356    -123.848    -0.001
7.370    -124.347    -0.001
7.385    -124.847    -0.001
7.399    -125.347    -0.001
7.413    -125.847    -0.001
7.428    -126.346    -0.001
7.442    -126.846    -0.001
7.457    -127.346    -0.001
7.470    -127.846    -0.001
7.485    -128.345    -0.001
7.499    -128.845    -0.001
7.513    -129.345    -0.001
7.527    -129.845    -0.001
7.542    -130.344    -0.001
7.557    -130.844    -0.001
7.570    -131.344    -0.001
7.585    -131.844    -0.001
7.600    -132.343    -0.001
7.614    -132.843    -0.001
7.627    -133.343    -0.001
7.641    -133.843    -0.001
7.655    -134.343    -0.001
7.670    -134.842    -0.001
7.683    -135.342    -0.001
7.697    -135.842    -0.001
7.712    -136.342    -0.001
7.726    -136.841    -0.001
7.739    -137.341    -0.001
7.754    -137.841    -0.001
7.768    -138.341    -0.002
7.782    -138.840    -0.002
7.796    -139.340    -0.002
7.810    -139.840    -0.002
7.824    -140.340    -0.002
7.838    -140.840    -0.002
7.852    -141.339    -0.002
7.866    -141.839    -0.002
7.880    -142.339    -0.002
7.894    -142.839    -0.002
7.908    -143.338    -0.002
7.922    -143.838    -0.002
7.936    -144.338    -0.002
7.950    -144.838    -0.002
7.964    -145.337    -0.002
7.978    -145.837    -0.002
7.992    -146.337    -0.002
8.006    -146.837    -0.002
8.020    -147.337    -0.002
8.034    -147.836    -0.002
8.048    -148.336    -0.002
8.062    -148.836    -0.002
8.076    -149.336    -0.002
8.090    -149.835    -0.002
8.104    -150.335    -0.002
8.119    -150.835    -0.002
8.132    -151.335    -0.002
8.146    -151.834    -0.002
8.161    -152.334    -0.002
8.175    -152.834    -0.002
8.188    -153.334    -0.002
8.203    -153.834    -0.002
8.218    -154.333    -0.002
8.231    -154.833    -0.002
8.246    -155.333    -0.002
8.260    -155.833    -0.002
8.274    -156.332    -0.002
8.287    -156.832    -0.002
8.302    -157.332    -0.002
8.316    -157.832    -0.002
8.331    -158.331    -0.002
8.344    -158.831    -0.002
8.359    -159.331    -0.002
8.373    -159.831    -0.002
8.387    -160.330    -0.002
8.401    -160.830    -0.002
8.415    -161.330    -0.002
8.430    -161.830    -0.002
8.444    -162.330    -0.002
8.457    -162.829    -0.002
8.472    -163.329    -0.002
8.486    -163.829    -0.002
8.501    -164.329    -0.002
8.514    -164.828    -0.002
8.529    -165.328    -0.002
8.543    -165.828    -0.002
8.558    -166.328    -0.002
8.571    -166.827    -0.002
8.586    -167.327    -0.002
8.600    -167.827    -0.002
8.614    -168.327    -0.002
8.628    -168.826    -0.002
8.642    -169.326    -0.002
8.656    -169.826    -0.002
8.671    -170.326    -0.002
8.684    -170.826    -0.002
8.699    -171.325    -0.002
8.713    -171.825    -0.002
8.726    -172.325    -0.002
8.739    -172.825    -0.002
8.752    -173.324    -0.002
8.766    -173.824    -0.002
8.780    -174.324    -0.002
8.792    -174.824    -0.002
8.806    -175.324    -0.002
8.820    -175.823    -0.002
8.833    -176.323    -0.002
8.846    -176.823    -0.002
8.860    -177.323    -0.002
8.874    -177.822    -0.002
8.886    -178.322    -0.003
8.900    -178.822    -0.003
8.916    -179.322    -0.003
8.932    -179.822    -0.003
8.947    -180.321    -0.003
8.963    -180.821    -0.003
8.979    -181.321    -0.003
8.995    -181.820    -0.003
9.010    -182.320    -0.003
9.026    -182.820    -0.003
9.042    -183.320    -0.003
9.058    -183.819    -0.003
9.073    -184.319    -0.003
9.089    -184.819    -0.003
9.105    -185.319    -0.003
9.121    -185.818    -0.003
9.136    -186.318    -0.003
9.152    -186.818    -0.003
9.168    -187.317    -0.003
9.183    -187.817    -0.003
9.198    -188.317    -0.003
9.214    -188.817    -0.003
9.230    -189.316    -0.003
9.246    -189.816    -0.003
9.261    -190.316    -0.003
9.275    -190.816    -0.003
9.290    -191.315    -0.003
9.304    -191.814    -0.003
9.317    -192.314    -0.003
9.331    -192.814    -0.003
9.344    -193.313    -0.003
9.358    -193.813    -0.003
9.371    -194.313    -0.003
9.385    -194.813    -0.003
9.399    -195.313    -0.003
9.413    -195.812    -0.003
9.426    -196.312    -0.003
9.440    -196.812    -0.003
9.454    -197.312    -0.003
9.468    -197.811    -0.003
9.481    -198.311    -0.003
9.495    -198.811    -0.003
9.509    -199.311    -0.003
9.522    -199.811    -0.003
9.536    -200.310    -0.003
9.550    -200.810    -0.003
9.564    -201.310    -0.003
9.577    -201.810    -0.003
9.591    -202.309    -0.003
9.605    -202.809    -0.003
9.619    -203.309    -0.003
9.632    -203.809    -0.003
9.645    -204.309    -0.003
9.660    -204.808    -0.003
9.674    -205.308    -0.003
9.687    -205.808    -0.003
9.701    -206.308    -0.003
9.715    -206.807    -0.003
9.729    -207.307    -0.003
9.742    -207.807    -0.003
9.756    -208.307    -0.003
9.770    -208.807    -0.003
9.784    -209.306    -0.003
9.797    -209.806    -0.003
9.811    -210.306    -0.003
9.825    -210.806    -0.004
9.839    -211.305    -0.004
9.852    -211.805    -0.004
9.866    -212.305    -0.004
9.880    -212.805    -0.004
9.894    -213.304    -0.004
9.907    -213.804    -0.004
9.921    -214.304    -0.004
9.936    -214.804    -0.004
9.950    -215.304    -0.004
9.963    -215.803    -0.004
9.977    -216.303    -0.004
9.991    -216.803    -0.004
10.005    -217.303    -0.004
10.019    -217.802    -0.004
10.033    -218.302    -0.004
10.047    -218.802    -0.004
10.061    -219.302    -0.004
10.074    -219.802    -0.004
10.088    -220.301    -0.004
10.102    -220.801    -0.004
10.116    -221.301    -0.004
10.129    -221.801    -0.004
10.144    -222.300    -0.004
10.158    -222.800    -0.004
10.171    -223.300    -0.004
10.185    -223.800    -0.004
10.199    -224.299    -0.004
10.213    -224.799    -0.004
10.226    -225.299    -0.004
10.240    -225.799    -0.004
10.254    -226.299    -0.004
10.268    -226.798    -0.004
10.281    -227.298    -0.004
10.295    -227.798    -0.004
10.309    -228.298    -0.004
10.323    -228.797    -0.004
10.336    -229.297    -0.004
10.350    -229.797    -0.004
10.364    -230.297    -0.004
10.378    -230.797    -0.004
10.391    -231.296    -0.004
10.404    -231.796    -0.004
10.418    -232.296    -0.004
10.432    -232.796    -0.004
10.445    -233.295    -0.004
10.459    -233.795    -0.004
10.473    -234.295    -0.004
10.487    -234.795    -0.004
10.500    -235.295    -0.004
10.514    -235.794    -0.004
10.528    -236.294    -0.004
10.542    -236.794    -0.004
10.555    -237.294    -0.004
10.569    -237.793    -0.004
10.583    -238.293    -0.004
10.597    -238.793    -0.004
10.610    -239.293    -0.005
10.624    -239.793    -0.005
10.638    -240.292    -0.005
10.653    -240.792    -0.005
10.666    -241.292    -0.005
10.680    -241.792    -0.005
10.694    -242.291    -0.005
10.708    -242.791    -0.005
10.722    -243.291    -0.005
10.736    -243.791    -0.005
10.750    -244.290    -0.005
10.764    -244.790    -0.005
10.778    -245.290    -0.005
10.792    -245.790    -0.005
10.806    -246.290    -0.005
10.820    -246.789    -0.005
10.834    -247.289    -0.005
10.848    -247.789    -0.005
10.862    -248.289    -0.005
10.875    -248.788    -0.005
10.889    -249.288    -0.005
10.904    -249.788    -0.005
10.918    -250.288    -0.005
10.931    -250.787    -0.005
10.946    -251.287    -0.005
10.960    -251.787    -0.005
10.974    -252.287    -0.005
10.987    -252.787    -0.005
11.001    -253.286    -0.005
11.016    -253.786    -0.005
11.030    -254.286    -0.005
11.043    -254.786    -0.005
11.058    -255.285    -0.005
11.072    -255.785    -0.005
11.086    -256.285    -0.005
11.100    -256.785    -0.005
11.114    -257.284    -0.005
11.128    -257.784    -0.005
11.143    -258.284    -0.005
11.156    -258.784    -0.005
11.170    -259.284    -0.005
11.185    -259.783    -0.005
11.199    -260.283    -0.005
11.212    -260.783    -0.005
11.227    -261.283    -0.005
11.241    -261.782    -0.005
11.255    -262.282    -0.005
11.269    -262.782    -0.005
11.283    -263.282    -0.005
11.297    -263.781    -0.005
11.312    -264.281    -0.006
11.325    -264.781    -0.006
11.339    -265.281    -0.006
11.354    -265.780    -0.006
11.368    -266.280    -0.006
11.382    -266.780    -0.006
11.396    -267.280    -0.006
11.410    -267.780    -0.006
11.424    -268.279    -0.006
11.438    -268.779    -0.006
11.452    -269.279    -0.006
11.466    -269.779    -0.006
11.480    -270.278    -0.006
11.494    -270.778    -0.006
11.508    -271.278    -0.006
11.523    -271.778    -0.006
11.536    -272.277    -0.006
11.550    -272.777    -0.006
11.565    -273.277    -0.006
11.579    -273.777    -0.006
11.593    -274.277    -0.006
11.607    -274.776    -0.006
11.622    -275.276    -0.006
11.636    -275.776    -0.006
11.649    -276.276    -0.006
11.663    -276.775    -0.006
11.678    -277.275    -0.006
11.692    -277.775    -0.006
11.705    -278.275    -0.006
11.720    -278.774    -0.006
11.734    -279.274    -0.006
11.748    -279.774    -0.006
11.762    -280.274    -0.006
11.776    -280.774    -0.006
11.790    -281.273    -0.006
11.805    -281.773    -0.006
11.818    -282.273    -0.006
11.832    -282.773    -0.006
11.847    -283.272    -0.006
11.861    -283.772    -0.006
11.875    -284.272    -0.006
11.889    -284.772    -0.006
11.903    -285.271    -0.006
11.918    -285.771    -0.006
11.931    -286.271    -0.006
11.945    -286.771    -0.006
11.960    -287.270    -0.007
11.974    -287.770    -0.007
11.987    -288.270    -0.007
12.002    -288.770    -0.007
12.016    -289.270    -0.007
12.030    -289.769    -0.007
12.044    -290.269    -0.007
12.058    -290.769    -0.007
12.072    -291.269    -0.007
12.087    -291.768    -0.007
12.100    -292.268    -0.007
12.114    -292.768    -0.007
12.129    -293.268    -0.007
12.142    -293.767    -0.007
12.156    -294.267    -0.007
12.171    -294.767    -0.007
12.185    -295.267    -0.007
12.198    -295.766    -0.007
12.212    -296.265    -0.007
12.227    -296.765    -0.007
12.241    -297.265    -0.007
12.254    -297.765    -0.007
12.269    -298.264    -0.007
12.283    -298.764    -0.007
12.297    -299.264    -0.007
12.311    -299.764    -0.007
12.325    -300.263    -0.007
12.339    -300.763    -0.007
12.354    -301.263    -0.007
12.367    -301.763    -0.007
12.381    -302.263    -0.007
12.395    -302.762    -0.007
12.410    -303.262    -0.007
12.423    -303.762    -0.007
12.438    -304.262    -0.007
12.452    -304.761    -0.007
12.467    -305.261    -0.007
12.480    -305.761    -0.007
12.494    -306.261    -0.007
12.509    -306.760    -0.007
12.523    -307.260    -0.007
12.536    -307.760    -0.007
12.550    -308.260    -0.007
12.565    -308.759    -0.008
12.579    -309.259    -0.008
12.592    -309.759    -0.008
12.607    -310.259    -0.008
12.621    -310.759    -0.008
12.636    -311.258    -0.008
12.649    -311.758    -0.008
12.663    -312.258    -0.008
12.679    -312.758    -0.008
12.692    -313.257    -0.008
12.707    -313.757    -0.008
12.722    -314.257    -0.008
12.737    -314.757    -0.008
12.751    -315.256    -0.008
12.766    -315.756    -0.008
12.781    -316.256    -0.008
12.796    -316.756    -0.008
12.810    -317.255    -0.008
12.825    -317.755    -0.008
12.840    -318.255    -0.008
12.855    -318.755    -0.008
12.869    -319.254    -0.008
12.884    -319.754    -0.008
12.898    -320.254    -0.008
12.913    -320.754    -0.008
12.927    -321.253    -0.008
12.941    -321.753    -0.008
12.955    -322.253    -0.008
12.970    -322.753    -0.008
12.984    -323.252    -0.008
12.998    -323.752    -0.008
13.013    -324.252    -0.008
13.027    -324.752    -0.008
13.041    -325.252    -0.008
13.056    -325.751    -0.008
13.070    -326.251    -0.008
13.085    -326.751    -0.008
13.098    -327.251    -0.008
13.113    -327.750    -0.008
13.126    -328.250    -0.008
13.138    -328.750    -0.009
13.150    -329.250    -0.009
13.163    -329.750    -0.009
13.176    -330.249    -0.009
13.189    -330.749    -0.009
13.201    -331.249    -0.009
13.213    -331.749    -0.009
13.226    -332.249    -0.009
13.241    -332.748    -0.009
13.255    -333.248    -0.009
13.270    -333.748    -0.009
13.284    -334.248    -0.009
13.299    -334.747    -0.009
13.313    -335.247    -0.009
13.327    -335.747    -0.009
13.343    -336.247    -0.009
13.357    -336.746    -0.009
13.371    -337.246    -0.009
13.386    -337.746    -0.009
13.401    -338.246    -0.009
13.415    -338.745    -0.009
13.429    -339.245    -0.009
13.444    -339.745    -0.009
13.459    -340.245    -0.009
13.471    -340.744    -0.009
13.484    -341.244    -0.009
13.498    -341.744    -0.009
13.511    -342.244    -0.009
13.523    -342.744    -0.009
13.536    -343.243    -0.009
13.549    -343.743    -0.009
13.562    -344.243    -0.009
13.574    -344.743    -0.009
13.587    -345.243    -0.009
13.600    -345.742    -0.009
13.614    -346.242    -0.009
13.628    -346.742    -0.009
13.643    -347.242    -0.009
13.657    -347.742    -0.010
13.672    -348.241    -0.010
13.686    -348.741    -0.010
13.700    -349.241    -0.010
13.715    -349.741    -0.010
13.730    -350.240    -0.010
13.743    -350.740    -0.010
13.757    -351.240    -0.010
13.771    -351.740    -0.010
13.785    -352.239    -0.010
13.798    -352.739    -0.010
13.812    -353.239    -0.010
13.827    -353.739    -0.010
13.841    -354.238    -0.010
13.854    -354.738    -0.010
13.868    -355.238    -0.010
13.882    -355.738    -0.010
13.896    -356.238    -0.010
13.910    -356.737    -0.010
13.924    -357.237    -0.010
13.938    -357.737    -0.010
13.951    -358.237    -0.010
13.965    -358.736    -0.010
13.979    -359.236    -0.010
13.993    -359.736    -0.010
14.006    -360.236    -0.010
14.020    -360.736    -0.010
14.035    -361.235    -0.010
14.049    -361.735    -0.010
14.062    -362.235    -0.010
14.076    -362.735    -0.010
14.090    -363.234    -0.010
14.104    -363.734    -0.010
14.118    -364.234    -0.010
14.132    -364.734    -0.010
14.146    -365.233    -0.011
14.160    -365.733    -0.011
14.174    -366.233    -0.011
14.188    -366.733    -0.011
14.202    -367.233    -0.011
14.216    -367.732    -0.011
14.230    -368.232    -0.011
14.244    -368.732    -0.011
14.259    -369.232    -0.011
14.274    -369.731    -0.011
14.288    -370.231    -0.011
14.302    -370.731    -0.011
14.317    -371.231    -0.011
14.332    -371.730    -0.011
14.345    -372.230    -0.011
14.360    -372.730    -0.011
14.374    -373.230    -0.011
14.388    -373.729    -0.011
14.402    -374.229    -0.011
14.416    -374.729    -0.011
14.430    -375.229    -0.011
14.444    -375.729    -0.011
14.457    -376.228    -0.011
14.471    -376.728    -0.011
14.486    -377.228    -0.011
14.500    -377.728    -0.011
14.513    -378.227    -0.011
14.528    -378.727    -0.011
14.542    -379.227    -0.011
14.555    -379.727    -0.011
14.570    -380.226    -0.011
14.586    -380.726    -0.011
14.603    -381.226    -0.011
14.619    -381.725    -0.011
14.636    -382.224    -0.012
14.654    -382.724    -0.012
14.671    -383.224    -0.012
14.686    -383.723    -0.012
14.704    -384.223    -0.012
14.721    -384.723    -0.012
14.738    -385.222    -0.012
14.754    -385.722    -0.012
14.771    -386.222    -0.012
14.788    -386.722    -0.012
14.805    -387.221    -0.012
14.821    -387.721    -0.012
14.835    -388.121    -0.012
14.856    -388.720    -0.012
14.873    -389.220    -0.012
14.887    -389.720    -0.012
14.901    -390.220    -0.012
14.916    -390.719    -0.012
14.930    -391.219    -0.012
14.944    -391.719    -0.012
14.958    -392.219    -0.012
14.972    -392.718    -0.012
14.986    -393.218    -0.012
14.999    -393.718    -0.012
15.013    -394.218    -0.012
15.028    -394.718    -0.012
15.042    -395.217    -0.012
15.055    -395.717    -0.012
15.070    -396.217    -0.012
15.084    -396.717    -0.012
15.098    -397.216    -0.012
15.112    -397.716    -0.012
15.126    -398.216    -0.012
15.142    -398.716    -0.013
15.159    -399.215    -0.013
15.176    -399.715    -0.013
15.194    -400.215    -0.013
15.211    -400.714    -0.013
15.228    -401.214    -0.013
15.242    -401.614    -0.013
15.263    -402.213    -0.013
15.281    -402.713    -0.013
15.297    -403.213    -0.013
15.315    -403.713    -0.013
15.329    -404.112    -0.013
15.350    -404.712    -0.013
15.367    -405.212    -0.013
15.384    -405.711    -0.013
15.402    -406.210    -0.013
15.420    -406.710    -0.013
15.436    -407.209    -0.013
15.454    -407.709    -0.013
15.472    -408.209    -0.013
15.489    -408.708    -0.013
15.505    -409.208    -0.013
15.519    -409.708    -0.013
15.533    -410.208    -0.013
15.548    -410.707    -0.013
15.561    -411.207    -0.013
15.575    -411.707    -0.013
15.590    -412.207    -0.013
15.604    -412.707    -0.013
15.617    -413.206    -0.013
15.632    -413.706    -0.013
15.646    -414.206    -0.014
15.660    -414.706    -0.014
15.673    -415.205    -0.014
15.687    -415.705    -0.014
15.701    -416.205    -0.014
15.715    -416.705    -0.014
15.729    -417.204    -0.014
15.743    -417.704    -0.014
15.758    -418.204    -0.014
15.771    -418.704    -0.014
15.785    -419.204    -0.014
15.799    -419.703    -0.014
15.814    -420.203    -0.014
15.827    -420.703    -0.014
15.841    -421.203    -0.014
15.853    -421.702    -0.014
15.865    -422.202    -0.014
15.876    -422.702    -0.014
15.888    -423.202    -0.014
15.900    -423.702    -0.014
15.912    -424.202    -0.014
15.923    -424.701    -0.014
15.935    -425.201    -0.014
15.947    -425.701    -0.014
15.960    -426.201    -0.014
15.971    -426.701    -0.014
15.983    -427.200    -0.014
15.995    -427.700    -0.014
16.007    -428.200    -0.014
16.018    -428.700    -0.014
16.030    -429.200    -0.015
16.042    -429.700    -0.015
16.054    -430.199    -0.015
16.065    -430.699    -0.015
16.077    -431.199    -0.015
16.089    -431.699    -0.015
16.102    -432.199    -0.015
16.113    -432.698    -0.015
16.126    -433.198    -0.015
16.138    -433.698    -0.015
16.150    -434.198    -0.015
16.162    -434.698    -0.015
16.174    -435.198    -0.015
16.186    -435.697    -0.015
16.199    -436.197    -0.015
16.210    -436.697    -0.015
16.222    -437.197    -0.015
16.235    -437.697    -0.015
16.247    -438.196    -0.015
16.258    -438.696    -0.015
16.271    -439.196    -0.015
16.283    -439.696    -0.015
16.294    -440.196    -0.015
16.307    -440.696    -0.015
16.319    -441.195    -0.015
16.332    -441.695    -0.015
16.343    -442.195    -0.015
16.356    -442.695    -0.015
16.368    -443.195    -0.015
16.381    -443.694    -0.016
16.392    -444.194    -0.016
16.405    -444.694    -0.016
16.417    -445.194    -0.016
16.430    -445.694    -0.016
16.441    -446.193    -0.016
16.453    -446.693    -0.016
16.466    -447.193    -0.016
16.478    -447.693    -0.016
16.490    -448.193    -0.016
16.502    -448.693    -0.016
16.515    -449.192    -0.016
16.528    -449.692    -0.016
16.539    -450.192    -0.016
16.552    -450.692    -0.016
16.564    -451.192    -0.016
16.576    -451.691    -0.016
16.588    -452.191    -0.016
16.600    -452.691    -0.016
16.613    -453.191    -0.016
16.625    -453.691    -0.016
16.636    -454.190    -0.016
16.648    -454.690    -0.016
16.661    -455.190    -0.016
16.673    -455.690    -0.016
16.685    -456.190    -0.016
16.697    -456.689    -0.016
16.710    -457.189    -0.016
16.717    -457.689    -0.016
16.723    -458.189    -0.017
16.731    -458.689    -0.017
16.738    -459.189    -0.017
16.746    -459.689    -0.017
16.753    -460.189    -0.017
16.763    -460.689    -0.017
16.773    -461.189    -0.017
16.782    -461.688    -0.017
16.791    -462.188    -0.017
16.801    -462.688    -0.017
16.811    -463.188    -0.017
16.821    -463.688    -0.017
16.830    -464.188    -0.017
16.839    -464.688    -0.017
16.849    -465.188    -0.017
16.858    -465.687    -0.017
16.868    -466.187    -0.017
16.877    -466.687    -0.017
16.887    -467.187    -0.017
16.896    -467.687    -0.017
16.906    -468.187    -0.017
16.916    -468.687    -0.017
16.923    -469.187    -0.017
16.929    -469.687    -0.017
16.938    -470.186    -0.017
16.945    -470.686    -0.017
16.952    -471.186    -0.017
16.959    -471.686    -0.018
16.966    -472.186    -0.018
16.974    -472.686    -0.018
16.982    -473.186    -0.018
16.988    -473.686    -0.018
16.995    -474.186    -0.018
17.003    -474.686    -0.018
17.010    -475.186    -0.018
17.017    -475.686    -0.018
17.025    -476.186    -0.018
17.032    -476.686    -0.018
17.039    -477.186    -0.018
17.046    -477.685    -0.018
17.053    -478.185    -0.018
17.061    -478.685    -0.018
17.068    -479.185    -0.018
17.072    -479.685    -0.018
17.077    -480.184    -0.018
17.082    -480.684    -0.018
17.087    -481.184    -0.018
17.091    -481.684    -0.018
17.096    -482.184    -0.018
17.101    -482.684    -0.018
17.106    -483.284    -0.018
17.110    -483.684    -0.018
17.115    -484.184    -0.018
17.120    -484.684    -0.018
17.125    -485.184    -0.019
17.130    -485.784    -0.019
17.134    -486.284    -0.019
17.139    -486.784    -0.019
17.143    -487.184    -0.019
17.147    -487.684    -0.019
17.152    -488.184    -0.019
17.157    -488.784    -0.019
17.162    -489.284    -0.019
17.167    -489.783    -0.019
17.172    -490.183    -0.019
17.180    -490.683    -0.019
17.187    -491.183    -0.019
17.193    -491.683    -0.019
17.201    -492.183    -0.019
17.209    -492.683    -0.019
17.217    -493.182    -0.019
17.223    -493.682    -0.019
17.230    -494.182    -0.019
17.238    -494.682    -0.019
17.245    -495.182    -0.019
17.252    -495.682    -0.019
17.260    -496.182    -0.019
17.267    -496.682    -0.019
17.273    -497.182    -0.019
17.281    -497.682    -0.019
17.289    -498.182    -0.020
17.296    -498.682    -0.020
17.303    -499.182    -0.020
17.310    -499.682    -0.020
17.317    -500.181    -0.020
17.323    -500.781    -0.020
17.325    -501.282    -0.020
17.328    -501.782    -0.020
17.329    -502.282    -0.020
17.331    -502.782    -0.020
17.334    -503.282    -0.020
17.336    -503.781    -0.020
17.338    -504.281    -0.020
17.340    -504.781    -0.020
17.343    -505.281    -0.020
17.345    -505.781    -0.020
17.346    -506.181    -0.020
17.349    -506.781    -0.020
17.351    -507.281    -0.020
17.354    -507.781    -0.020
17.355    -508.281    -0.020
17.357    -508.781    -0.020
17.360    -509.280    -0.020
17.361    -509.780    -0.020
17.364    -510.280    -0.020
17.366    -510.780    -0.021
17.371    -511.180    -0.021
17.379    -511.680    -0.021
17.386    -512.180    -0.021
17.394    -512.680    -0.021
17.401    -513.180    -0.021
17.408    -513.780    -0.021
17.415    -514.180    -0.021
17.422    -514.680    -0.021
17.429    -515.180    -0.021
17.430    -515.780    -0.021
17.429    -516.280    -0.021
17.428    -516.779    -0.021
17.427    -517.279    -0.021
17.425    -517.779    -0.021
17.423    -518.280    -0.021
17.422    -518.780    -0.021
17.421    -519.280    -0.021
17.418    -519.779    -0.021
17.417    -520.279    -0.021
17.416    -520.779    -0.021
17.413    -521.279    -0.021
17.410    -521.780    -0.021
17.407    -522.279    -0.021
17.404    -522.779    -0.022
17.401    -523.279    -0.022
17.397    -523.779    -0.022
17.394    -524.279    -0.022
17.391    -524.779    -0.022
17.388    -525.279    -0.022
17.384    -525.779    -0.022
17.381    -526.279    -0.022
17.378    -526.778    -0.022
17.376    -527.278    -0.022
17.372    -527.779    -0.022
17.368    -528.279    -0.022
17.365    -528.778    -0.022
17.362    -529.278    -0.022
17.360    -529.778    -0.022
17.359    -530.278    -0.022
17.358    -530.779    -0.022
17.357    -531.279    -0.022
17.355    -531.778    -0.022
17.353    -532.278    -0.022
17.352    -532.778    -0.022
17.351    -533.278    -0.022
17.348    -533.778    -0.022
17.347    -534.278    -0.022
17.343    -534.878    -0.023
17.335    -535.378    -0.023
17.326    -535.877    -0.023
17.317    -536.378    -0.023
17.308    -536.878    -0.023
17.300    -537.377    -0.023
17.291    -537.878    -0.023
17.281    -538.377    -0.023
17.269    -538.877    -0.023
17.256    -539.377    -0.023
17.244    -539.877    -0.023
17.231    -540.376    -0.023
17.219    -540.876    -0.023
17.206    -541.376    -0.023
17.193    -541.876    -0.023
17.181    -542.376    -0.023
17.168    -542.875    -0.023
17.155    -543.375    -0.023
17.142    -543.875    -0.023
17.130    -544.375    -0.023
17.118    -544.875    -0.023
17.106    -545.374    -0.023
17.092    -545.874    -0.023
17.080    -546.374    -0.023
17.068    -546.874    -0.024
17.055    -547.374    -0.024
17.042    -547.873    -0.024
17.030    -548.373    -0.024
17.017    -548.873    -0.024
17.005    -549.372    -0.024
16.992    -549.873    -0.024
16.979    -550.372    -0.024
16.969    -550.873    -0.024
16.961    -551.372    -0.024
16.952    -551.872    -0.024
16.943    -552.372    -0.024
16.934    -552.872    -0.024
16.925    -553.371    -0.024
16.917    -553.871    -0.024
16.908    -554.372    -0.024
16.900    -554.871    -0.024
16.887    -555.371    -0.024
16.873    -555.871    -0.024
16.859    -556.370    -0.024
16.845    -556.871    -0.024
16.830    -557.370    -0.024
16.816    -557.870    -0.024
16.802    -558.370    -0.025
16.788    -558.869    -0.025
16.773    -559.369    -0.025
16.759    -559.869    -0.025
16.745    -560.369    -0.025
16.730    -560.868    -0.025
16.713    -561.368    -0.025
16.695    -561.867    -0.025
16.677    -562.368    -0.025
16.658    -562.867    -0.025
16.638    -563.367    -0.025
16.620    -563.866    -0.025
16.601    -564.366    -0.025
16.581    -564.865    -0.025
16.563    -565.365    -0.025
16.544    -565.865    -0.025
16.521    -566.464    -0.025
16.506    -566.864    -0.025
16.488    -567.363    -0.025
16.472    -567.863    -0.025
16.458    -568.363    -0.025
16.442    -568.863    -0.025
16.426    -569.362    -0.026
16.408    -569.862    -0.026
16.383    -570.461    -0.026
16.356    -570.960    -0.026
16.337    -571.360    -0.026
16.319    -571.860    -0.026
16.300    -572.360    -0.026
16.274    -572.958    -0.026
16.246    -573.458    -0.026
16.219    -573.957    -0.026
16.200    -574.356    -0.026
16.182    -574.856    -0.026
16.164    -575.355    -0.026
16.136    -575.955    -0.026
16.109    -576.454    -0.026
16.081    -576.954    -0.026
16.063    -577.353    -0.026
16.044    -577.853    -0.026
16.026    -578.352    -0.026
15.991    -579.051    -0.026
15.959    -579.550    -0.026
15.928    -580.049    -0.026
15.903    -580.448    -0.027
15.874    -580.947    -0.027
15.844    -581.446    -0.027
15.808    -582.045    -0.027
15.784    -582.445    -0.027
15.747    -583.044    -0.027
15.716    -583.542    -0.027
15.685    -584.041    -0.027
15.654    -584.540    -0.027
15.631    -584.940    -0.027
15.602    -585.439    -0.027
15.565    -586.038    -0.027
15.533    -586.536    -0.027
15.502    -587.035    -0.027
15.472    -587.535    -0.027
15.448    -587.934    -0.027
15.419    -588.433    -0.027
15.382    -589.031    -0.027
15.351    -589.531    -0.027
15.319    -590.030    -0.027
15.283    -590.528    -0.027
15.246    -591.027    -0.027
15.209    -591.526    -0.028
15.170    -592.024    -0.028
15.133    -592.523    -0.028
15.097    -593.021    -0.028
15.059    -593.520    -0.028
15.022    -594.019    -0.028
14.984    -594.517    -0.028
14.946    -595.016    -0.028
14.909    -595.514    -0.028
14.872    -596.013    -0.028
14.835    -596.511    -0.028
14.797    -597.010    -0.028
14.759    -597.509    -0.028
14.722    -598.007    -0.028
14.684    -598.506    -0.028
14.647    -599.004    -0.028
14.609    -599.503    -0.028
14.562    -600.000    -0.028
14.516    -600.498    -0.028
14.471    -600.996    -0.028
14.429    -601.494    -0.028
14.387    -601.992    -0.029
14.346    -602.490    -0.029
14.294    -603.089    -0.029
14.248    -603.586    -0.029
14.201    -604.084    -0.029
14.165    -604.482    -0.029
14.123    -604.980    -0.029
14.082    -605.478    -0.029
14.030    -606.077    -0.029
13.984    -606.574    -0.029
13.946    -606.973    -0.029
13.900    -607.470    -0.029
13.859    -607.969    -0.029
13.817    -608.467    -0.029
13.765    -609.064    -0.029
13.719    -609.563    -0.029
13.673    -610.060    -0.029
13.626    -610.558    -0.029
13.579    -611.055    -0.029
13.532    -611.553    -0.029
13.481    -612.051    -0.029
13.431    -612.548    -0.030
13.381    -613.045    -0.030
13.330    -613.543    -0.030
13.280    -614.041    -0.030
13.233    -614.538    -0.030
13.185    -615.036    -0.030
13.138    -615.533    -0.030
13.088    -616.031    -0.030
13.037    -616.528    -0.030
12.987    -617.026    -0.030
12.940    -617.523    -0.030
12.893    -618.022    -0.030
12.845    -618.519    -0.030
12.777    -619.116    -0.030
12.717    -619.611    -0.030
12.656    -620.108    -0.030
12.611    -620.505    -0.030
12.557    -621.002    -0.030
12.504    -621.499    -0.030
12.437    -622.095    -0.030
12.377    -622.592    -0.030
12.316    -623.088    -0.031
12.271    -623.485    -0.031
12.217    -623.983    -0.031
12.164    -624.480    -0.031
12.094    -625.076    -0.031
12.032    -625.571    -0.031
11.971    -626.068    -0.031
11.911    -626.564    -0.031
11.849    -627.060    -0.031
11.771    -627.655    -0.031
11.719    -628.051    -0.031
11.657    -628.548    -0.031
11.596    -629.044    -0.031
11.537    -629.541    -0.031
11.461    -630.136    -0.031
11.409    -630.532    -0.031
11.345    -631.028    -0.031
11.263    -631.623    -0.031
11.191    -632.117    -0.031
11.121    -632.612    -0.031
11.068    -633.008    -0.032
11.004    -633.504    -0.032
10.926    -634.099    -0.032
10.855    -634.594    -0.032
10.784    -635.088    -0.032
10.714    -635.584    -0.032
10.640    -636.078    -0.032
10.569    -636.573    -0.032
10.498    -637.069    -0.032
10.427    -637.563    -0.032
10.356    -638.058    -0.032
10.283    -638.553    -0.032
10.210    -639.047    -0.032
10.136    -639.542    -0.032
10.056    -640.036    -0.032
9.977    -640.529    -0.032
9.897    -641.022    -0.032
9.825    -641.517    -0.032
9.752    -642.012    -0.032
9.678    -642.506    -0.032
9.582    -643.098    -0.033
9.518    -643.493    -0.033
9.439    -643.987    -0.033
9.366    -644.482    -0.033
9.294    -644.976    -0.033
9.221    -645.470    -0.033
9.125    -646.063    -0.033
9.061    -646.458    -0.033
8.981    -646.951    -0.033
8.909    -647.446    -0.033
8.837    -647.941    -0.033
8.746    -648.534    -0.033
8.659    -649.026    -0.033
8.579    -649.519    -0.033
8.515    -649.915    -0.033
8.418    -650.506    -0.033
8.331    -650.999    -0.033
8.244    -651.491    -0.033
8.138    -652.082    -0.033
8.046    -652.573    -0.033
7.972    -652.966    -0.034
7.884    -653.458    -0.034
7.798    -653.950    -0.034
7.710    -654.443    -0.034
7.620    -654.935    -0.034
7.528    -655.426    -0.034
7.418    -656.016    -0.034
7.348    -656.409    -0.034
7.261    -656.903    -0.034
7.173    -657.395    -0.034
7.083    -657.886    -0.034
6.991    -658.377    -0.034
6.900    -658.869    -0.034
6.802    -659.360    -0.034
6.715    -659.852    -0.034
6.629    -660.344    -0.034
6.499    -661.032    -0.034
6.398    -661.522    -0.034
6.317    -661.914    -0.034
6.216    -662.403    -0.035
6.113    -662.893    -0.035
5.990    -663.480    -0.035
5.888    -663.968    -0.035
5.785    -664.458    -0.035
5.704    -664.850    -0.035
5.604    -665.339    -0.035
5.482    -665.927    -0.035
5.400    -666.318    -0.035
5.297    -666.808    -0.035
5.175    -667.395    -0.035
5.074    -667.885    -0.035
4.994    -668.276    -0.035
4.872    -668.864    -0.035
4.770    -669.353    -0.035
4.667    -669.843    -0.035
4.565    -670.333    -0.035
4.484    -670.723    -0.035
4.382    -671.213    -0.035
4.261    -671.801    -0.035
4.159    -672.290    -0.036
4.056    -672.780    -0.036
3.951    -673.269    -0.036
3.840    -673.756    -0.036
3.730    -674.243    -0.036
3.619    -674.731    -0.036
3.507    -675.218    -0.036
3.419    -675.608    -0.036
3.316    -676.098    -0.036
3.194    -676.685    -0.036
3.065    -677.271    -0.036
2.970    -677.659    -0.036
2.859    -678.147    -0.036
2.748    -678.635    -0.036
2.614    -679.219    -0.036
2.496    -679.705    -0.036
2.376    -680.191    -0.036
2.256    -680.676    -0.036
2.132    -681.160    -0.036
2.007    -681.644    -0.037
1.858    -682.225    -0.037
1.763    -682.614    -0.037
1.643    -683.100    -0.037
1.525    -683.585    -0.037
1.376    -684.166    -0.037
1.252    -684.650    -0.037
1.127    -685.134    -0.037
1.032    -685.523    -0.037
0.913    -686.008    -0.037
0.795    -686.494    -0.037
0.669    -686.978    -0.037
0.544    -687.462    -0.037
0.420    -687.946    -0.037
0.268    -688.527    -0.037
0.140    -689.010    -0.037
0.011    -689.493    -0.037
-0.091    -689.880    -0.037
-0.216    -690.365    -0.037
-0.340    -690.849    -0.038
-0.492    -691.429    -0.038
-0.620    -691.913    -0.038
-0.749    -692.396    -0.038
-0.908    -692.974    -0.038
-1.046    -693.454    -0.038
-1.155    -693.840    -0.038
-1.284    -694.323    -0.038
-1.412    -694.806    -0.038
-1.570    -695.385    -0.038
-1.708    -695.865    -0.038
-1.819    -696.250    -0.038
-1.985    -696.826    -0.038
-2.128    -697.304    -0.038
-2.267    -697.785    -0.038
-2.404    -698.266    -0.038
-2.542    -698.746    -0.038
-2.686    -699.226    -0.038
-2.830    -699.704    -0.038
-3.002    -700.278    -0.039
-3.117    -700.661    -0.039
-3.261    -701.140    -0.039
-3.405    -701.619    -0.039
-3.579    -702.193    -0.039
-3.726    -702.672    -0.039
-3.844    -703.053    -0.039
-3.989    -703.532    -0.039
-4.133    -704.010    -0.039
-4.276    -704.490    -0.039
-4.421    -704.968    -0.039
-4.568    -705.446    -0.039
-4.715    -705.924    -0.039
-4.860    -706.402    -0.039
-5.003    -706.881    -0.039
-5.147    -707.360    -0.039
-5.322    -707.934    -0.039
-5.469    -708.412    -0.039
-5.615    -708.890    -0.040
-5.729    -709.273    -0.040
-5.839    -709.658    -0.040
-6.004    -710.235    -0.040
-6.147    -710.714    -0.040
-6.293    -711.192    -0.040
-6.440    -711.670    -0.040
-6.656    -712.335    -0.040
-6.745    -712.622    -0.040
-6.883    -713.103    -0.040
-7.019    -713.583    -0.040
-7.225    -714.252    -0.040
-7.383    -714.727    -0.040
-7.509    -715.107    -0.040
-7.704    -715.674    -0.040
-7.906    -716.239    -0.040
-8.074    -716.710    -0.040
-8.279    -717.273    -0.040
-8.421    -717.647    -0.041
-8.587    -718.119    -0.041
-8.719    -718.496    -0.041
-8.884    -718.968    -0.041
-9.085    -719.534    -0.041
-9.253    -720.005    -0.041
-9.458    -720.569    -0.041
-9.643    -721.032    -0.041
-9.866    -721.590    -0.041
-9.934    -721.777    -0.041
-10.098    -722.250    -0.041
-10.262    -722.722    -0.041
-10.427    -723.194    -0.041
-10.672    -723.850    -0.041
-10.857    -724.314    -0.041
-11.043    -724.778    -0.041
-11.225    -725.243    -0.041
-11.407    -725.710    -0.041
-11.589    -726.175    -0.041
-11.775    -726.639    -0.042
-11.961    -727.104    -0.042
-12.146    -727.568    -0.042
-12.328    -728.034    -0.042
-12.510    -728.499    -0.042
-12.693    -728.964    -0.042
-12.879    -729.429    -0.042
-13.064    -729.892    -0.042
-13.211    -730.265    -0.042
-13.382    -730.735    -0.042
-13.552    -731.205    -0.042
-13.762    -731.767    -0.042
-13.986    -732.323    -0.042
-14.173    -732.787    -0.042
-14.364    -733.250    -0.042
-14.554    -733.711    -0.042
-14.706    -734.082    -0.042
-14.894    -734.545    -0.042
-15.117    -735.102    -0.043
-15.306    -735.564    -0.043
-15.497    -736.027    -0.043
-15.687    -736.489    -0.043
-15.839    -736.859    -0.043
-16.026    -737.322    -0.043
-16.250    -737.879    -0.043
-16.439    -738.342    -0.043
-16.630    -738.804    -0.043
-16.821    -739.266    -0.043
-17.010    -739.729    -0.043
-17.159    -740.101    -0.043
-17.383    -740.657    -0.043
-17.615    -741.209    -0.043
-17.815    -741.668    -0.043
-18.014    -742.127    -0.043
-18.168    -742.496    -0.043
-18.356    -742.959    -0.043
-18.505    -743.331    -0.043
-18.775    -743.976    -0.044
-18.974    -744.435    -0.044
-19.173    -744.894    -0.044
-19.377    -745.350    -0.044
-19.583    -745.806    -0.044
-19.788    -746.262    -0.044
-19.988    -746.719    -0.044
-20.187    -747.178    -0.044
-20.428    -747.728    -0.044
-20.592    -748.092    -0.044
-20.799    -748.548    -0.044
-21.004    -749.004    -0.044
-21.203    -749.461    -0.044
-21.403    -749.920    -0.044
-21.644    -750.470    -0.044
-21.808    -750.835    -0.044
-22.015    -751.290    -0.044
-22.263    -751.836    -0.044
-22.479    -752.287    -0.045
-22.652    -752.648    -0.045
-22.858    -753.103    -0.045
-23.105    -753.650    -0.045
-23.313    -754.105    -0.045
-23.528    -754.556    -0.045
-23.745    -755.006    -0.045
-23.917    -755.367    -0.045
-24.164    -755.914    -0.045
-24.329    -756.278    -0.045
-24.578    -756.824    -0.045
-24.793    -757.275    -0.045
-25.010    -757.726    -0.045
-25.272    -758.266    -0.045
-25.498    -758.712    -0.045
-25.768    -759.248    -0.045
-25.948    -759.604    -0.045
-26.175    -760.050    -0.045
-26.399    -760.497    -0.046
-26.625    -760.943    -0.046
-26.849    -761.389    -0.046
-27.120    -761.926    -0.046
-27.300    -762.282    -0.046
-27.526    -762.729    -0.046
-27.751    -763.174    -0.046
-27.977    -763.621    -0.046
-28.202    -764.068    -0.046
-28.472    -764.603    -0.046
-28.653    -764.960    -0.046
-28.878    -765.406    -0.046
-29.104    -765.852    -0.046
-29.328    -766.299    -0.046
-29.554    -766.745    -0.046
-29.778    -767.191    -0.046
-30.004    -767.638    -0.046
-30.276    -768.173    -0.046
-30.455    -768.530    -0.047
-30.681    -768.977    -0.047
-30.905    -769.423    -0.047
-31.231    -770.043    -0.047
-31.473    -770.480    -0.047
-31.715    -770.918    -0.047
-31.958    -771.354    -0.047
-32.201    -771.791    -0.047
-32.444    -772.229    -0.047
-32.686    -772.666    -0.047
-32.928    -773.103    -0.047
-33.170    -773.540    -0.047
-33.413    -773.978    -0.047
-33.656    -774.415    -0.047
-33.898    -774.852    -0.047
-34.141    -775.289    -0.047
-34.384    -775.726    -0.047
-34.677    -776.250    -0.047
-34.927    -776.682    -0.048
-35.177    -777.115    -0.048
-35.376    -777.462    -0.048
-35.619    -777.900    -0.048
-35.861    -778.336    -0.048
-36.155    -778.860    -0.048
-36.406    -779.292    -0.048
-36.655    -779.725    -0.048
-36.855    -780.072    -0.048
-37.098    -780.509    -0.048
-37.340    -780.947    -0.048
-37.692    -781.551    -0.048
-37.958    -781.974    -0.048
-38.223    -782.398    -0.048
-38.425    -782.744    -0.048
-38.676    -783.176    -0.048
-38.926    -783.608    -0.048
-39.295    -784.204    -0.048
-39.561    -784.628    -0.049
-39.773    -784.966    -0.049
-39.975    -785.311    -0.049
-40.225    -785.744    -0.049
-40.475    -786.177    -0.049
-40.790    -786.688    -0.049
-41.056    -787.111    -0.049
-41.322    -787.535    -0.049
-41.586    -787.959    -0.049
-41.849    -788.384    -0.049
-42.113    -788.808    -0.049
-42.379    -789.232    -0.049
-42.698    -789.740    -0.049
-42.910    -790.078    -0.049
-43.173    -790.504    -0.049
-43.437    -790.929    -0.049
-43.702    -791.352    -0.049
-43.968    -791.775    -0.049
-44.234    -792.199    -0.050
-44.499    -792.623    -0.050
-44.762    -793.048    -0.050
-45.141    -793.636    -0.050
-45.362    -793.970    -0.050
-45.638    -794.387    -0.050
-45.913    -794.804    -0.050
-46.191    -795.219    -0.050
-46.526    -795.718    -0.050
-46.804    -796.133    -0.050
-47.025    -796.466    -0.050
-47.300    -796.884    -0.050
-47.576    -797.301    -0.050
-47.909    -797.799    -0.050
-48.188    -798.215    -0.050
-48.412    -798.546    -0.050
-48.688    -798.963    -0.050
-48.963    -799.380    -0.050
-49.238    -799.798    -0.050
-49.573    -800.296    -0.051
-49.796    -800.628    -0.051
-50.130    -801.126    -0.051
-50.351    -801.459    -0.051
-50.626    -801.877    -0.051
-50.902    -802.294    -0.051
-51.235    -802.792    -0.051
-51.515    -803.208    -0.051
-51.851    -803.704    -0.051
-52.144    -804.110    -0.051
-52.378    -804.434    -0.051
-52.657    -804.848    -0.051
-52.881    -805.181    -0.051
-53.273    -805.760    -0.051
-53.566    -806.165    -0.051
-53.859    -806.570    -0.051
-54.152    -806.975    -0.051
-54.446    -807.379    -0.051
-54.741    -807.784    -0.052
-55.092    -808.269    -0.052
-55.326    -808.594    -0.052
-55.679    -809.079    -0.052
-55.973    -809.483    -0.052
-56.268    -809.887    -0.052
-56.564    -810.290    -0.052
-56.863    -810.690    -0.052
-57.163    -811.091    -0.052
-57.401    -811.412    -0.052
-57.696    -811.816    -0.052
-58.049    -812.300    -0.052
-58.346    -812.703    -0.052
-58.645    -813.103    -0.052
-58.944    -813.505    -0.052
-59.183    -813.825    -0.052
-59.477    -814.229    -0.052
-59.772    -814.633    -0.052
-60.127    -815.118    -0.053
-60.426    -815.518    -0.053
-60.725    -815.918    -0.053
-60.964    -816.239    -0.053
-61.317    -816.723    -0.053
-61.553    -817.047    -0.053
-61.908    -817.530    -0.053
-62.207    -817.931    -0.053
-62.507    -818.331    -0.053
-62.745    -818.653    -0.053
-63.098    -819.137    -0.053
-63.392    -819.541    -0.053
-63.754    -820.020    -0.053
-64.064    -820.412    -0.053
-64.506    -820.955    -0.053
-64.760    -821.264    -0.053
-65.008    -821.578    -0.053
-65.318    -821.970    -0.053
-65.627    -822.362    -0.054
-66.008    -822.827    -0.054
-66.326    -823.213    -0.054
-66.643    -823.598    -0.054
-66.890    -823.913    -0.054
-67.200    -824.306    -0.054
-67.510    -824.698    -0.054
-67.890    -825.162    -0.054
-68.208    -825.548    -0.054
-68.526    -825.934    -0.054
-68.844    -826.320    -0.054
-69.162    -826.705    -0.054
-69.543    -827.168    -0.054
-69.864    -827.552    -0.054
-70.185    -827.935    -0.054
-70.442    -828.242    -0.054
-70.760    -828.628    -0.054
-71.077    -829.014    -0.054
-71.459    -829.477    -0.055
-71.781    -829.860    -0.055
-72.037    -830.166    -0.055
-72.357    -830.550    -0.055
-72.675    -830.936    -0.055
-73.058    -831.399    -0.055
-73.376    -831.784    -0.055
-73.697    -832.168    -0.055
-74.017    -832.551    -0.055
-74.407    -833.008    -0.055
-74.741    -833.380    -0.055
-75.076    -833.752    -0.055
-75.271    -833.978    -0.055
-75.592    -834.362    -0.055
-75.913    -834.745    -0.055
-76.371    -835.273    -0.055
-76.706    -835.645    -0.055
-77.040    -836.017    -0.055
-77.374    -836.390    -0.055
-77.708    -836.762    -0.056
-78.041    -837.134    -0.056
-78.375    -837.507    -0.056
-78.709    -837.879    -0.056
-79.043    -838.251    -0.056
-79.444    -838.696    -0.056
-79.779    -839.068    -0.056
-80.046    -839.366    -0.056
-80.379    -839.738    -0.056
-80.780    -840.185    -0.056
-81.114    -840.557    -0.056
-81.448    -840.929    -0.056
-81.715    -841.226    -0.056
-82.123    -841.667    -0.056
-82.465    -842.032    -0.056
-82.806    -842.397    -0.056
-83.074    -842.693    -0.056
-83.409    -843.065    -0.056
-83.880    -843.583    -0.057
-84.159    -843.869    -0.057
-84.500    -844.234    -0.057
-84.843    -844.599    -0.057
-85.254    -845.036    -0.057
-85.604    -845.392    -0.057
-85.954    -845.749    -0.057
-86.234    -846.035    -0.057
-86.576    -846.399    -0.057
-86.918    -846.764    -0.057
-87.330    -847.201    -0.057
-87.680    -847.557    -0.057
-88.030    -847.915    -0.057
-88.310    -848.200    -0.057
-88.651    -848.565    -0.057
-88.993    -848.930    -0.057
-89.405    -849.366    -0.057
-89.755    -849.723    -0.057
-90.105    -850.080    -0.057
-90.605    -850.571    -0.058
-90.970    -850.912    -0.058
-91.261    -851.185    -0.058
-91.542    -851.471    -0.058
-91.892    -851.827    -0.058
-92.243    -852.184    -0.058
-92.595    -852.540    -0.058
-92.947    -852.894    -0.058
-93.298    -853.250    -0.058
-93.648    -853.607    -0.058
-93.998    -853.964    -0.058
-94.349    -854.319    -0.058
-94.701    -854.675    -0.058
-95.053    -855.030    -0.058
-95.479    -855.452    -0.058
-95.838    -855.801    -0.058
-96.274    -856.213    -0.058
-96.638    -856.555    -0.058
-97.003    -856.896    -0.058
-97.290    -857.176    -0.059
-97.648    -857.524    -0.059
-98.006    -857.873    -0.059
-98.443    -858.284    -0.059
-98.808    -858.626    -0.059
-99.172    -858.969    -0.059
-99.459    -859.247    -0.059
-99.817    -859.596    -0.059
-100.321    -860.081    -0.059
-100.690    -860.419    -0.059
-100.982    -860.692    -0.059
-101.347    -861.034    -0.059
-101.712    -861.377    -0.059
-102.079    -861.715    -0.059
-102.447    -862.053    -0.059
-102.890    -862.460    -0.059
-103.181    -862.732    -0.059
-103.546    -863.074    -0.059
-103.911    -863.417    -0.059
-104.352    -863.823    -0.060
-104.720    -864.161    -0.060
-105.015    -864.432    -0.060
-105.462    -864.831    -0.060
-105.911    -865.229    -0.060
-106.133    -865.431    -0.060
-106.501    -865.770    -0.060
-106.869    -866.108    -0.060
-107.316    -866.509    -0.060
-107.764    -866.907    -0.060
-108.139    -867.239    -0.060
-108.520    -867.562    -0.060
-108.978    -867.949    -0.060
-109.284    -868.207    -0.060
-109.585    -868.470    -0.060
-109.958    -868.802    -0.060
-110.332    -869.134    -0.060
-110.788    -869.524    -0.060
-111.246    -869.911    -0.060
-111.552    -870.170    -0.061
-112.012    -870.554    -0.061
-112.396    -870.876    -0.061
-112.780    -871.196    -0.061
-113.085    -871.454    -0.061
-113.467    -871.777    -0.061
-113.925    -872.164    -0.061
-114.309    -872.485    -0.061
-114.616    -872.741    -0.061
-115.076    -873.126    -0.061
-115.464    -873.440    -0.061
-115.932    -873.817    -0.061
-116.242    -874.069    -0.061
-116.625    -874.390    -0.061
-117.009    -874.711    -0.061
-117.393    -875.031    -0.061
-117.782    -875.345    -0.061
-118.171    -875.659    -0.061
-118.559    -875.974    -0.061
-118.943    -876.295    -0.061
-119.326    -876.615    -0.062
-119.710    -876.936    -0.062
-120.179    -877.310    -0.062
-120.492    -877.559    -0.062
-120.880    -877.873    -0.062
-121.270    -878.187    -0.062
-121.737    -878.563    -0.062
-122.129    -878.875    -0.062
-122.520    -879.186    -0.062
-122.909    -879.499    -0.062
-123.221    -879.751    -0.062
-123.609    -880.065    -0.062
-124.080    -880.436    -0.062
-124.471    -880.748    -0.062
-124.862    -881.059    -0.062
-125.334    -881.429    -0.062
-125.735    -881.729    -0.062
-126.136    -882.027    -0.062
-126.456    -882.266    -0.062
-126.935    -882.627    -0.063
-127.335    -882.929    -0.063
-127.734    -883.229    -0.063
-128.135    -883.528    -0.063
-128.536    -883.827    -0.063
-128.856    -884.066    -0.063
-129.335    -884.427    -0.063
-129.735    -884.728    -0.063
-130.135    -885.028    -0.063
-130.535    -885.327    -0.063
-130.936    -885.626    -0.063
-131.336    -885.924    -0.063
-131.736    -886.226    -0.063
-132.135    -886.527    -0.063
-132.534    -886.828    -0.063
-132.935    -887.126    -0.063
-133.336    -887.425    -0.063
-133.736    -887.724    -0.063
-134.136    -888.026    -0.063
-134.535    -888.326    -0.063
-134.934    -888.626    -0.064
-135.335    -888.925    -0.064
-135.736    -889.224    -0.064
-136.305    -889.633    -0.064
-136.634    -889.861    -0.064
-136.960    -890.091    -0.064
-137.361    -890.390    -0.064
-137.761    -890.689    -0.064
-138.329    -891.099    -0.064
-138.740    -891.383    -0.064
-139.069    -891.611    -0.064
-139.565    -891.948    -0.064
-139.982    -892.225    -0.064
-140.395    -892.505    -0.064
-140.724    -892.733    -0.064
-141.217    -893.075    -0.064
-141.631    -893.357    -0.064
-142.047    -893.634    -0.064
-142.546    -893.965    -0.064
-142.963    -894.241    -0.064
-143.381    -894.517    -0.065
-143.798    -894.792    -0.065
-144.131    -895.014    -0.065
-144.547    -895.291    -0.065
-144.962    -895.568    -0.065
-145.380    -895.844    -0.065
-145.880    -896.175    -0.065
-146.214    -896.396    -0.065
-146.630    -896.674    -0.065
-147.044    -896.953    -0.065
-147.460    -897.231    -0.065
-147.874    -897.510    -0.065
-148.374    -897.843    -0.065
-148.707    -898.064    -0.065
-149.208    -898.395    -0.065
-149.625    -898.670    -0.065
-149.959    -898.889    -0.065
-150.460    -899.220    -0.065
-150.965    -899.542    -0.065
-151.390    -899.805    -0.065
-151.816    -900.068    -0.066
-152.241    -900.331    -0.066
-152.666    -900.594    -0.066
-153.091    -900.857    -0.066
-153.517    -901.120    -0.066
-153.941    -901.383    -0.066
-154.366    -901.646    -0.066
-154.791    -901.911    -0.066
-155.216    -902.174    -0.066
-155.641    -902.438    -0.066
-156.066    -902.701    -0.066
-156.491    -902.966    -0.066
-156.914    -903.231    -0.066
-157.337    -903.497    -0.066
-157.677    -903.710    -0.066
-158.184    -904.028    -0.066
-158.609    -904.292    -0.066
-159.034    -904.556    -0.066
-159.547    -904.868    -0.066
-159.979    -905.118    -0.066
-160.411    -905.368    -0.066
-160.845    -905.617    -0.067
-161.279    -905.867    -0.067
-161.712    -906.116    -0.067
-162.146    -906.365    -0.067
-162.578    -906.615    -0.067
-163.011    -906.866    -0.067
-163.444    -907.117    -0.067
-163.783    -907.329    -0.067
-164.207    -907.594    -0.067
-164.630    -907.858    -0.067
-165.055    -908.123    -0.067
-165.570    -908.430    -0.067
-166.003    -908.680    -0.067
-166.436    -908.931    -0.067
-167.053    -909.260    -0.067
-167.496    -909.492    -0.067
-167.850    -909.678    -0.067
-168.198    -909.876    -0.067
-168.631    -910.126    -0.067
-169.063    -910.377    -0.067
-169.672    -910.721    -0.067
-170.024    -910.912    -0.068
-170.553    -911.194    -0.068
-170.998    -911.423    -0.068
-171.442    -911.654    -0.068
-171.885    -911.884    -0.068
-172.325    -912.122    -0.068
-172.675    -912.314    -0.068
-173.115    -912.553    -0.068
-173.642    -912.839    -0.068
-173.993    -913.031    -0.068
-174.432    -913.270    -0.068
-174.960    -913.557    -0.068
-175.310    -913.748    -0.068
-175.750    -913.987    -0.068
-176.188    -914.227    -0.068
-176.628    -914.466    -0.068
-177.066    -914.706    -0.068
-177.504    -914.947    -0.068
-178.123    -915.273    -0.068
-178.570    -915.498    -0.068
-179.017    -915.721    -0.068
-179.373    -915.904    -0.068
-179.818    -916.132    -0.069
-180.262    -916.361    -0.069
-180.798    -916.630    -0.069
-181.245    -916.855    -0.069
-181.692    -917.079    -0.069
-182.138    -917.304    -0.069
-182.585    -917.528    -0.069
-183.032    -917.753    -0.069
-183.387    -917.935    -0.069
-183.832    -918.165    -0.069
-184.277    -918.393    -0.069
-184.809    -918.668    -0.069
-185.255    -918.894    -0.069
-185.702    -919.119    -0.069
-186.149    -919.344    -0.069
-186.691    -919.600    -0.069
-187.145    -919.810    -0.069
-187.599    -920.021    -0.069
-188.051    -920.232    -0.069
-188.502    -920.447    -0.069
-188.954    -920.663    -0.069
-189.405    -920.878    -0.069
-189.856    -921.094    -0.070
-190.307    -921.310    -0.070
-190.758    -921.525    -0.070
-191.210    -921.740    -0.070
-191.663    -921.951    -0.070
-192.115    -922.166    -0.070
-192.566    -922.382    -0.070
-193.109    -922.637    -0.070
-193.564    -922.842    -0.070
-194.020    -923.048    -0.070
-194.385    -923.212    -0.070
-194.836    -923.427    -0.070
-195.287    -923.643    -0.070
-195.922    -923.937    -0.070
-196.289    -924.097    -0.070
-196.748    -924.295    -0.070
-197.299    -924.532    -0.070
-197.761    -924.723    -0.070
-198.222    -924.915    -0.070
-198.684    -925.107    -0.070
-199.052    -925.262    -0.070
-199.512    -925.461    -0.070
-199.970    -925.659    -0.071
-200.522    -925.896    -0.071
-200.983    -926.088    -0.071
-201.445    -926.280    -0.071
-201.813    -926.435    -0.071
-202.272    -926.634    -0.071
-202.731    -926.833    -0.071
-203.283    -927.070    -0.071
-203.744    -927.261    -0.071
-204.206    -927.453    -0.071
-204.574    -927.608    -0.071
-205.033    -927.807    -0.071
-205.492    -928.006    -0.071
-205.951    -928.205    -0.071
-206.408    -928.405    -0.071
-206.962    -928.638    -0.071
-207.517    -928.863    -0.071
-207.981    -929.051    -0.071
-208.352    -929.201    -0.071
-208.814    -929.389    -0.071
-209.278    -929.577    -0.071
-209.742    -929.765    -0.071
-210.204    -929.953    -0.071
-210.760    -930.180    -0.072
-211.130    -930.332    -0.072
-211.593    -930.521    -0.072
-212.149    -930.747    -0.072
-212.520    -930.897    -0.072
-213.171    -931.153    -0.072
-213.641    -931.324    -0.072
-214.111    -931.494    -0.072
-214.580    -931.667    -0.072
-215.049    -931.840    -0.072
-215.518    -932.013    -0.072
-215.893    -932.153    -0.072
-216.454    -932.366    -0.072
-216.828    -932.508    -0.072
-217.294    -932.685    -0.072
-217.858    -932.894    -0.072
-218.327    -933.067    -0.072
-218.796    -933.240    -0.072
-219.170    -933.381    -0.072
-219.637    -933.558    -0.072
-220.199    -933.768    -0.072
-220.668    -933.941    -0.072
-221.138    -934.114    -0.072
-221.607    -934.286    -0.072
-222.077    -934.457    -0.073
-222.547    -934.627    -0.073
-223.017    -934.797    -0.073
-223.486    -934.970    -0.073
-223.955    -935.143    -0.073
-224.424    -935.316    -0.073
-224.895    -935.485    -0.073
-225.365    -935.654    -0.073
-225.835    -935.823    -0.073
-226.404    -936.016    -0.073
-226.877    -936.177    -0.073
-227.351    -936.337    -0.073
-227.824    -936.497    -0.073
-228.298    -936.657    -0.073
-228.772    -936.817    -0.073
-229.246    -936.976    -0.073
-229.719    -937.136    -0.073
-230.194    -937.295    -0.073
-230.667    -937.456    -0.073
-231.140    -937.616    -0.073
-231.712    -937.798    -0.073
-232.286    -937.972    -0.073
-232.669    -938.089    -0.073
-233.244    -938.262    -0.073
-233.722    -938.405    -0.074
-234.106    -938.520    -0.074
-234.583    -938.667    -0.074
-235.061    -938.814    -0.074
-235.539    -938.962    -0.074
-236.016    -939.108    -0.074
-236.496    -939.252    -0.074
-237.070    -939.425    -0.074
-237.549    -939.568    -0.074
-238.030    -939.708    -0.074
-238.509    -939.849    -0.074
-238.989    -939.989    -0.074
-239.468    -940.132    -0.074
-239.947    -940.276    -0.074
-240.329    -940.391    -0.074
-240.904    -940.563    -0.074
-241.384    -940.706    -0.074
-241.863    -940.849    -0.074
-242.246    -940.964    -0.074
-242.820    -941.136    -0.074
-243.299    -941.280    -0.074
-243.778    -941.424    -0.074
-244.162    -941.538    -0.074
-244.736    -941.709    -0.074
-245.312    -941.878    -0.074
-245.794    -942.011    -0.075
-246.180    -942.117    -0.075
-246.662    -942.251    -0.075
-247.143    -942.384    -0.075
-247.624    -942.519    -0.075
-248.105    -942.657    -0.075
-248.586    -942.794    -0.075
-249.068    -942.927    -0.075
-249.550    -943.061    -0.075
-250.128    -943.220    -0.075
-250.610    -943.350    -0.075
-251.094    -943.480    -0.075
-251.577    -943.609    -0.075
-252.159    -943.753    -0.075
-252.645    -943.870    -0.075
-253.131    -943.988    -0.075
-253.616    -944.108    -0.075
-254.101    -944.230    -0.075
-254.587    -944.350    -0.075
-255.072    -944.472    -0.075
-255.460    -944.568    -0.075
-255.945    -944.689    -0.075
-256.527    -944.833    -0.075
-257.013    -944.950    -0.075
-257.499    -945.068    -0.075
-257.985    -945.185    -0.075
-258.471    -945.303    -0.075
-258.957    -945.420    -0.076
-259.345    -945.515    -0.076
-259.829    -945.641    -0.076
-260.314    -945.767    -0.076
-260.895    -945.913    -0.076
-261.381    -946.034    -0.076
-261.866    -946.151    -0.076
-262.352    -946.269    -0.076
-262.838    -946.386    -0.076
-263.324    -946.504    -0.076
-263.810    -946.621    -0.076
-264.394    -946.757    -0.076
-264.884    -946.861    -0.076
-265.274    -946.946    -0.076
-265.761    -947.057    -0.076
-266.347    -947.188    -0.076
-266.836    -947.290    -0.076
-267.326    -947.394    -0.076
-267.913    -947.515    -0.076
-268.404    -947.612    -0.076
-268.894    -947.710    -0.076
-269.384    -947.807    -0.076
-269.776    -947.890    -0.076
-270.265    -947.993    -0.076
-270.754    -948.097    -0.076
-271.343    -948.209    -0.076
-271.834    -948.301    -0.076
-272.424    -948.412    -0.077
-272.917    -948.498    -0.077
-273.409    -948.584    -0.077
-273.803    -948.653    -0.077
-274.294    -948.745    -0.077
-274.885    -948.854    -0.077
-275.278    -948.927    -0.077
-275.868    -949.033    -0.077
-276.361    -949.120    -0.077
-276.853    -949.205    -0.077
-277.345    -949.294    -0.077
-277.837    -949.382    -0.077
-278.329    -949.471    -0.077
-278.822    -949.557    -0.077
-279.314    -949.644    -0.077
-279.807    -949.730    -0.077
-280.299    -949.817    -0.077
-280.791    -949.904    -0.077
-281.284    -949.990    -0.077
-281.777    -950.077    -0.077
-282.269    -950.163    -0.077
-282.860    -950.262    -0.077
-283.355    -950.335    -0.077
-283.850    -950.409    -0.077
-284.343    -950.485    -0.077
-284.739    -950.549    -0.077
-285.232    -950.630    -0.077
-285.725    -950.712    -0.077
-286.219    -950.793    -0.077
-286.810    -950.888    -0.078
-287.305    -950.965    -0.078
-287.799    -951.042    -0.078
-288.194    -951.105    -0.078
-288.688    -951.185    -0.078
-289.280    -951.278    -0.078
-289.774    -951.356    -0.078
-290.268    -951.433    -0.078
-290.861    -951.516    -0.078
-291.358    -951.580    -0.078
-291.854    -951.645    -0.078
-292.349    -951.710    -0.078
-292.846    -951.771    -0.078
-293.342    -951.833    -0.078
-293.837    -951.897    -0.078
-294.234    -951.951    -0.078
-294.828    -952.033    -0.078
-295.324    -952.096    -0.078
-295.820    -952.158    -0.078
-296.316    -952.220    -0.078
-296.813    -952.279    -0.078
-297.309    -952.336    -0.078
-297.806    -952.394    -0.078
-298.302    -952.455    -0.078
-298.799    -952.517    -0.078
-299.294    -952.579    -0.078
-299.791    -952.634    -0.078
-300.289    -952.686    -0.078
-300.786    -952.739    -0.078
-301.282    -952.799    -0.078
-301.778    -952.860    -0.079
-302.275    -952.923    -0.079
-302.870    -952.986    -0.079
-303.368    -953.037    -0.079
-303.866    -953.083    -0.079
-304.363    -953.131    -0.079
-304.861    -953.182    -0.079
-305.358    -953.234    -0.079
-305.856    -953.281    -0.079
-306.354    -953.328    -0.079
-306.852    -953.375    -0.079
-307.349    -953.421    -0.079
-307.847    -953.468    -0.079
-308.345    -953.515    -0.079
-308.843    -953.562    -0.079
-309.340    -953.609    -0.079
-309.938    -953.664    -0.079
-310.436    -953.703    -0.079
-310.935    -953.741    -0.079
-311.533    -953.780    -0.079
-312.033    -953.809    -0.079
-312.531    -953.838    -0.079
-312.831    -953.862    -0.079
-313.328    -953.911    -0.079
-313.826    -953.961    -0.079
-314.323    -954.010    -0.079
-315.021    -954.061    -0.079
-315.520    -954.089    -0.079
-316.019    -954.119    -0.079
-316.519    -954.150    -0.079
-317.017    -954.181    -0.079
-317.516    -954.210    -0.079
-318.016    -954.241    -0.080
-318.514    -954.270    -0.080
-319.014    -954.300    -0.080
-319.613    -954.331    -0.080
-320.113    -954.346    -0.080
-320.612    -954.363    -0.080
-321.011    -954.385    -0.080
-321.510    -954.415    -0.080
-322.010    -954.444    -0.080
-322.609    -954.473    -0.080
-323.009    -954.491    -0.080
-323.607    -954.514    -0.080
-324.107    -954.530    -0.080
-324.607    -954.549    -0.080
-325.106    -954.568    -0.080
-325.606    -954.587    -0.080
-326.106    -954.606    -0.080
-326.605    -954.625    -0.080
-327.105    -954.643    -0.080
-327.605    -954.659    -0.080
-328.105    -954.676    -0.080
-328.604    -954.693    -0.080
-329.104    -954.709    -0.080
-329.604    -954.725    -0.080
-330.103    -954.746    -0.080
-330.603    -954.769    -0.080
-331.002    -954.786    -0.080
-331.702    -954.811    -0.080
-332.202    -954.820    -0.080
-332.702    -954.830    -0.080
-333.102    -954.843    -0.080
-333.601    -954.863    -0.080
-334.100    -954.884    -0.080
-334.699    -954.902    -0.080
-335.199    -954.912    -0.080
-335.699    -954.922    -0.081
-336.199    -954.926    -0.081
-336.699    -954.928    -0.081
-337.199    -954.930    -0.081
-337.699    -954.933    -0.081
-338.199    -954.935    -0.081
-338.699    -954.937    -0.081
-339.199    -954.946    -0.081
-339.699    -954.956    -0.081
-340.199    -954.964    -0.081
-340.699    -954.968    -0.081
-341.199    -954.971    -0.081
-341.699    -954.973    -0.081
-342.199    -954.981    -0.081
-342.699    -954.991    -0.081
-343.398    -954.998    -0.081
-343.898    -954.982    -0.081
-344.198    -954.973    -0.081
-344.698    -954.976    -0.081
-345.198    -954.978    -0.081
-345.898    -954.974    -0.081
-346.397    -954.958    -0.081
-346.897    -954.943    -0.081
-347.497    -954.920    -0.081
-347.996    -954.897    -0.081
-348.496    -954.874    -0.081
-348.895    -954.862    -0.081
-349.395    -954.846    -0.081
-349.894    -954.831    -0.081
-350.494    -954.805    -0.081
-350.993    -954.783    -0.081
-351.493    -954.760    -0.081
-351.993    -954.736    -0.081
-352.491    -954.713    -0.081
-352.991    -954.689    -0.081
-353.491    -954.667    -0.081
-353.990    -954.644    -0.081
-354.490    -954.622    -0.081
-354.989    -954.599    -0.082
-355.488    -954.574    -0.082
-355.988    -954.550    -0.082
-356.488    -954.528    -0.082
-356.986    -954.506    -0.082
-357.586    -954.475    -0.082
-357.985    -954.446    -0.082
-358.484    -954.422    -0.082
-358.983    -954.398    -0.082
-359.583    -954.369    -0.082
-360.081    -954.333    -0.082
-360.580    -954.298    -0.082
-360.979    -954.269    -0.082
-361.478    -954.245    -0.082
-361.978    -954.221    -0.082
-362.577    -954.191    -0.082
-363.076    -954.156    -0.082
-363.574    -954.120    -0.082
-364.073    -954.084    -0.082
-364.571    -954.046    -0.082
-365.070    -954.007    -0.082
-365.568    -953.972    -0.082
-366.067    -953.936    -0.082
-366.566    -953.901    -0.082
-367.064    -953.862    -0.082
-367.563    -953.824    -0.082
-368.061    -953.786    -0.082
-368.560    -953.750    -0.082
-369.059    -953.714    -0.082
-369.558    -953.679    -0.082
-370.056    -953.640    -0.082
-370.555    -953.602    -0.082
-371.252    -953.543    -0.082
-371.749    -953.488    -0.082
-372.146    -953.445    -0.082
-372.643    -953.389    -0.082
-373.141    -953.337    -0.082
-373.638    -953.287    -0.082
-374.135    -953.235    -0.082
-374.732    -953.171    -0.082
-375.129    -953.128    -0.082
-375.626    -953.072    -0.082
-376.124    -953.020    -0.082
-376.621    -952.970    -0.083
-377.118    -952.918    -0.083
-377.616    -952.866    -0.083
-378.211    -952.800    -0.083
-378.609    -952.756    -0.083
-379.107    -952.704    -0.083
-379.604    -952.654    -0.083
-380.101    -952.602    -0.083
-380.698    -952.538    -0.083
-381.095    -952.495    -0.083
-381.592    -952.439    -0.083
-382.090    -952.387    -0.083
-382.587    -952.337    -0.083
-383.084    -952.285    -0.083
-383.778    -952.201    -0.083
-384.274    -952.131    -0.083
-384.769    -952.064    -0.083
-385.265    -951.997    -0.083
-385.662    -951.945    -0.083
-386.256    -951.865    -0.083
-386.752    -951.795    -0.083
-387.246    -951.727    -0.083
-387.742    -951.660    -0.083
-388.238    -951.593    -0.083
-388.634    -951.540    -0.083
-389.228    -951.460    -0.083
-389.724    -951.391    -0.083
-390.218    -951.323    -0.083
-390.714    -951.255    -0.083
-391.210    -951.189    -0.083
-391.606    -951.136    -0.083
-392.299    -951.033    -0.083
-392.792    -950.952    -0.083
-393.285    -950.871    -0.083
-393.681    -950.814    -0.083
-394.077    -950.761    -0.083
-394.573    -950.695    -0.083
-395.265    -950.590    -0.083
-395.759    -950.509    -0.083
-396.252    -950.427    -0.083
-396.745    -950.344    -0.083
-397.238    -950.261    -0.083
-397.731    -950.178    -0.083
-398.224    -950.096    -0.083
-398.717    -950.014    -0.083
-399.210    -949.933    -0.083
-399.703    -949.849    -0.083
-400.196    -949.766    -0.083
-400.689    -949.682    -0.083
-401.182    -949.601    -0.084
-401.676    -949.519    -0.084
-402.169    -949.438    -0.084
-402.662    -949.355    -0.084
-403.155    -949.271    -0.084
-403.843    -949.147    -0.084
-404.334    -949.051    -0.084
-404.824    -948.951    -0.084
-405.313    -948.849    -0.084
-405.704    -948.766    -0.084
-406.293    -948.650    -0.084
-406.784    -948.552    -0.084
-407.274    -948.454    -0.084
-407.764    -948.351    -0.084
-408.252    -948.249    -0.084
-408.644    -948.167    -0.084
-409.233    -948.051    -0.084
-409.723    -947.953    -0.084
-410.213    -947.855    -0.084
-410.702    -947.752    -0.084
-411.192    -947.650    -0.084
-411.778    -947.522    -0.084
-412.266    -947.411    -0.084
-412.752    -947.299    -0.084
-413.143    -947.211    -0.084
-413.632    -947.109    -0.084
-414.121    -947.006    -0.084
-414.708    -946.880    -0.084
-415.195    -946.769    -0.084
-415.683    -946.657    -0.084
-416.170    -946.543    -0.084
-416.656    -946.428    -0.084
-417.142    -946.311    -0.084
-417.629    -946.198    -0.084
-418.117    -946.086    -0.084
-418.604    -945.974    -0.084
-419.090    -945.861    -0.084
-419.577    -945.745    -0.084
-420.063    -945.629    -0.084
-420.551    -945.515    -0.084
-421.037    -945.403    -0.084
-421.525    -945.292    -0.084
-422.012    -945.178    -0.084
-422.498    -945.063    -0.084
-422.985    -944.946    -0.084
-423.566    -944.801    -0.084
-424.050    -944.676    -0.084
-424.439    -944.580    -0.084
-424.925    -944.465    -0.084
-425.411    -944.348    -0.084
-425.994    -944.202    -0.084
-426.478    -944.077    -0.084
-426.962    -943.952    -0.084
-427.350    -943.857    -0.084
-427.837    -943.741    -0.084
-428.323    -943.625    -0.084
-428.904    -943.479    -0.084
-429.388    -943.354    -0.084
-429.873    -943.230    -0.084
-430.450    -943.067    -0.084
-430.931    -942.930    -0.084
-431.412    -942.793    -0.084
-431.892    -942.655    -0.084
-432.373    -942.517    -0.084
-432.854    -942.378    -0.085
-433.334    -942.240    -0.085
-433.814    -942.102    -0.085
-434.295    -941.964    -0.085
-434.775    -941.826    -0.085
-435.256    -941.689    -0.085
-435.737    -941.551    -0.085
-436.217    -941.412    -0.085
-436.697    -941.274    -0.085
-437.178    -941.137    -0.085
-437.659    -940.999    -0.085
-438.139    -940.861    -0.085
-438.620    -940.723    -0.085
-439.100    -940.585    -0.085
-439.580    -940.446    -0.085
-440.062    -940.308    -0.085
-440.542    -940.171    -0.085
-441.022    -940.033    -0.085
-441.503    -939.895    -0.085
-441.983    -939.756    -0.085
-442.653    -939.553    -0.085
-443.129    -939.398    -0.085
-443.604    -939.243    -0.085
-444.079    -939.087    -0.085
-444.554    -938.931    -0.085
-445.029    -938.775    -0.085
-445.504    -938.619    -0.085
-445.979    -938.463    -0.085
-446.454    -938.308    -0.085
-446.930    -938.153    -0.085
-447.405    -937.998    -0.085
-447.880    -937.843    -0.085
-448.355    -937.687    -0.085
-448.830    -937.531    -0.085
-449.305    -937.376    -0.085
-449.781    -937.221    -0.085
-450.351    -937.032    -0.085
-450.823    -936.868    -0.085
-451.295    -936.703    -0.085
-451.672    -936.570    -0.085
-452.147    -936.415    -0.085
-452.622    -936.260    -0.085
-453.097    -936.104    -0.085
-453.664    -935.907    -0.085
-454.136    -935.742    -0.085
-454.513    -935.610    -0.085
-454.989    -935.454    -0.085
-455.463    -935.299    -0.085
-456.127    -935.077    -0.085
-456.596    -934.904    -0.085
-456.973    -934.770    -0.085
-457.445    -934.605    -0.085
-457.917    -934.439    -0.085
-458.481    -934.235    -0.085
-458.950    -934.062    -0.085
-459.326    -933.924    -0.085
-459.797    -933.756    -0.085
-460.269    -933.591    -0.085
-460.741    -933.425    -0.085
-461.304    -933.221    -0.085
-461.774    -933.048    -0.085
-462.149    -932.910    -0.085
-462.711    -932.701    -0.085
-463.179    -932.525    -0.085
-463.647    -932.351    -0.085
-464.117    -932.179    -0.085
-464.587    -932.006    -0.085
-465.055    -931.832    -0.085
-465.523    -931.656    -0.085
-465.991    -931.481    -0.085
-466.459    -931.307    -0.085
-466.929    -931.134    -0.085
-467.398    -930.961    -0.085
-467.867    -930.787    -0.085
-468.335    -930.611    -0.085
-468.803    -930.436    -0.085
-469.450    -930.168    -0.085
-469.818    -930.014    -0.085
-470.372    -929.783    -0.085
-470.833    -929.588    -0.085
-471.293    -929.393    -0.085
-471.662    -929.238    -0.085
-472.124    -929.046    -0.085
-472.585    -928.855    -0.085
-473.139    -928.623    -0.085
-473.599    -928.429    -0.085
-474.059    -928.234    -0.085
-474.428    -928.077    -0.085
-474.889    -927.885    -0.085
-475.443    -927.655    -0.085
-475.813    -927.501    -0.085
-476.366    -927.270    -0.085
-476.827    -927.075    -0.085
-477.195    -926.919    -0.085
-477.747    -926.685    -0.085
-478.117    -926.531    -0.085
-478.577    -926.338    -0.085
-479.131    -926.107    -0.085
-479.592    -925.913    -0.085
-480.052    -925.718    -0.085
-480.512    -925.523    -0.085
-481.058    -925.274    -0.085
-481.422    -925.107    -0.085
-481.882    -924.911    -0.085
-482.342    -924.717    -0.085
-482.894    -924.481    -0.085
-483.349    -924.273    -0.085
-483.804    -924.065    -0.085
-484.258    -923.856    -0.085
-484.711    -923.645    -0.085
-485.165    -923.435    -0.085
-485.619    -923.226    -0.085
-486.074    -923.019    -0.085
-486.528    -922.811    -0.085
-486.982    -922.599    -0.085
-487.435    -922.389    -0.086
-487.889    -922.178    -0.086
-488.343    -921.969    -0.086
-488.797    -921.760    -0.086
-489.251    -921.550    -0.086
-489.704    -921.340    -0.086
-490.157    -921.129    -0.086
-490.611    -920.919    -0.086
-491.065    -920.710    -0.086
-491.519    -920.500    -0.086
-492.150    -920.198    -0.086
-492.598    -919.975    -0.086
-493.045    -919.752    -0.086
-493.491    -919.526    -0.086
-493.937    -919.299    -0.086
-494.381    -919.071    -0.086
-494.739    -918.891    -0.086
-495.186    -918.668    -0.086
-495.633    -918.445    -0.086
-496.169    -918.174    -0.086
-496.614    -917.947    -0.086
-497.060    -917.719    -0.086
-497.506    -917.493    -0.086
-497.863    -917.315    -0.086
-498.310    -917.092    -0.086
-498.846    -916.821    -0.086
-499.291    -916.593    -0.086
-499.738    -916.369    -0.086
-500.185    -916.145    -0.086
-500.543    -915.966    -0.086
-501.079    -915.696    -0.086
-501.523    -915.467    -0.086
-501.968    -915.239    -0.086
-502.414    -915.014    -0.086
-502.944    -914.733    -0.086
-503.384    -914.496    -0.086
-503.737    -914.307    -0.086
-504.181    -914.079    -0.086
-504.627    -913.851    -0.086
-505.160    -913.575    -0.086
-505.601    -913.340    -0.086
-506.042    -913.104    -0.086
-506.569    -912.818    -0.086
-507.005    -912.574    -0.086
-507.441    -912.329    -0.086
-507.791    -912.134    -0.086
-508.231    -911.898    -0.086
-508.672    -911.662    -0.086
-509.200    -911.377    -0.086
-509.636    -911.133    -0.086
-510.073    -910.888    -0.086
-510.421    -910.693    -0.086
-510.862    -910.458    -0.086
-511.389    -910.170    -0.086
-511.824    -909.925    -0.086
-512.261    -909.682    -0.086
-512.777    -909.375    -0.086
-513.202    -909.112    -0.086
-513.711    -908.795    -0.086
-513.973    -908.648    -0.086
-514.409    -908.403    -0.086
-514.845    -908.159    -0.086
-515.445    -907.799    -0.086
-515.870    -907.536    -0.086
-516.296    -907.273    -0.086
-516.639    -907.067    -0.086
-517.068    -906.810    -0.086
-517.578    -906.496    -0.086
-518.003    -906.233    -0.086
-518.343    -906.022    -0.086
-518.772    -905.764    -0.086
-519.200    -905.507    -0.086
-519.629    -905.250    -0.086
-520.140    -904.936    -0.086
-520.480    -904.725    -0.086
-520.909    -904.468    -0.086
-521.338    -904.212    -0.086
-521.852    -903.902    -0.086
-522.274    -903.635    -0.086
-522.697    -903.367    -0.086
-523.119    -903.099    -0.086
-523.624    -902.775    -0.086
-523.961    -902.560    -0.086
-524.382    -902.291    -0.086
-524.805    -902.024    -0.086
-525.227    -901.756    -0.086
-525.649    -901.488    -0.086
-526.070    -901.218    -0.086
-526.491    -900.948    -0.086
-526.912    -900.679    -0.086
-527.335    -900.412    -0.086
-527.757    -900.145    -0.086
-528.180    -899.877    -0.086
-528.600    -899.607    -0.086
-529.022    -899.337    -0.086
-529.443    -899.068    -0.086
-529.865    -898.800    -0.086
-530.288    -898.533    -0.086
-530.710    -898.266    -0.085
-531.131    -897.997    -0.085
-531.552    -897.727    -0.085
-531.973    -897.457    -0.085
-532.229    -897.300    -0.085
-532.581    -897.110    -0.085
-533.020    -896.872    -0.085
-533.791    -896.411    -0.085
-534.211    -896.140    -0.085
-534.707    -895.802    -0.085
-535.119    -895.520    -0.085
-535.532    -895.237    -0.085
-535.862    -895.012    -0.085
-536.276    -894.732    -0.085
-536.690    -894.451    -0.085
-537.186    -894.113    -0.085
-537.599    -893.832    -0.085
-538.011    -893.549    -0.085
-538.425    -893.268    -0.085
-538.839    -892.988    -0.085
-539.252    -892.706    -0.085
-539.665    -892.425    -0.085
-540.078    -892.143    -0.085
-540.490    -891.860    -0.085
-540.980    -891.513    -0.085
-541.386    -891.221    -0.085
-541.792    -890.929    -0.085
-542.121    -890.702    -0.085
-542.534    -890.420    -0.085
-542.946    -890.138    -0.085
-543.436    -889.791    -0.085
-543.842    -889.499    -0.085
-544.248    -889.208    -0.085
-544.578    -888.981    -0.085
-544.991    -888.698    -0.085
-545.478    -888.350    -0.085
-545.884    -888.058    -0.085
-546.446    -887.640    -0.085
-546.838    -887.330    -0.085
-547.230    -887.021    -0.085
-547.468    -886.837    -0.085
-547.874    -886.546    -0.085
-548.280    -886.254    -0.085
-548.842    -885.836    -0.085
-549.155    -885.589    -0.085
-549.627    -885.218    -0.085
-549.942    -884.971    -0.085
-550.336    -884.664    -0.085
-550.809    -884.294    -0.085
-551.201    -883.985    -0.085
-551.595    -883.675    -0.085
-551.988    -883.368    -0.085
-552.382    -883.061    -0.085
-552.698    -882.814    -0.085
-553.171    -882.445    -0.085
-553.564    -882.136    -0.085
-553.957    -881.827    -0.085
-554.350    -881.519    -0.085
-554.745    -881.211    -0.085
-555.060    -880.965    -0.085
-555.533    -880.596    -0.085
-555.926    -880.287    -0.085
-556.319    -879.977    -0.085
-556.788    -879.603    -0.085
-557.176    -879.289    -0.085
-557.565    -878.975    -0.085
-557.878    -878.726    -0.085
-558.272    -878.417    -0.085
-558.665    -878.107    -0.085
-559.055    -877.796    -0.085
-559.444    -877.482    -0.085
-559.911    -877.105    -0.085
-560.224    -876.856    -0.085
-560.617    -876.547    -0.085
-560.931    -876.299    -0.085
-561.401    -875.925    -0.085
-561.789    -875.611    -0.085
-562.256    -875.234    -0.085
-562.569    -874.986    -0.085
-562.962    -874.677    -0.085
-563.355    -874.368    -0.085
-563.824    -873.993    -0.085
-564.135    -873.741    -0.085
-564.602    -873.364    -0.085
-564.914    -873.115    -0.085
-565.447    -872.662    -0.085
-565.897    -872.264    -0.085
-566.197    -871.999    -0.085
-566.575    -871.672    -0.085
-566.952    -871.345    -0.085
-567.330    -871.018    -0.085
-567.708    -870.690    -0.085
-568.086    -870.363    -0.085
-568.536    -869.967    -0.085
-568.835    -869.702    -0.085
-569.210    -869.371    -0.085
-569.588    -869.042    -0.085
-569.966    -868.715    -0.085
-570.344    -868.388    -0.085
-570.718    -868.058    -0.085
-571.168    -867.660    -0.085
-571.543    -867.329    -0.085
-571.842    -867.064    -0.085
-572.291    -866.666    -0.085
-572.666    -866.335    -0.085
-573.034    -865.996    -0.085
-573.401    -865.657    -0.085
-573.770    -865.320    -0.085
-574.144    -864.989    -0.085
-574.519    -864.657    -0.085
-574.893    -864.326    -0.085
-575.261    -863.987    -0.085
-575.629    -863.648    -0.085
-575.998    -863.311    -0.085
-576.372    -862.980    -0.085
-576.671    -862.715    -0.085
-577.121    -862.316    -0.085
-577.561    -861.909    -0.085
-577.856    -861.639    -0.085
-578.224    -861.301    -0.085
-578.598    -860.969    -0.084
-578.973    -860.638    -0.084
-579.340    -860.300    -0.084
-579.708    -859.960    -0.084
-580.217    -859.480    -0.084
-580.571    -859.127    -0.084
-580.925    -858.774    -0.084
-581.210    -858.493    -0.084
-581.571    -858.148    -0.084
-582.002    -857.731    -0.084
-582.357    -857.378    -0.084
-582.711    -857.025    -0.084
-582.996    -856.745    -0.084
-583.357    -856.398    -0.084
-583.718    -856.053    -0.084
-584.149    -855.635    -0.084
-584.502    -855.282    -0.084
-584.857    -854.929    -0.084
-585.141    -854.649    -0.084
-585.503    -854.303    -0.084
-585.865    -853.958    -0.084
-586.295    -853.540    -0.084
-586.649    -853.187    -0.084
-587.003    -852.834    -0.084
-587.424    -852.407    -0.084
-587.774    -852.048    -0.084
-588.122    -851.690    -0.084
-588.404    -851.406    -0.084
-588.757    -851.053    -0.084
-589.112    -850.700    -0.084
-589.533    -850.273    -0.084
-589.881    -849.914    -0.084
-590.230    -849.556    -0.084
-590.512    -849.272    -0.084
-590.866    -848.919    -0.084
-591.220    -848.567    -0.084
-591.641    -848.139    -0.084
-591.990    -847.781    -0.084
-592.338    -847.423    -0.084
-592.620    -847.138    -0.084
-592.973    -846.785    -0.084
-593.328    -846.433    -0.084
-593.749    -846.005    -0.084
-594.098    -845.647    -0.084
-594.447    -845.289    -0.084
-594.927    -844.780    -0.084
-595.262    -844.409    -0.084
-595.593    -844.033    -0.084
-595.923    -843.659    -0.084
-596.191    -843.361    -0.084
-596.531    -842.995    -0.084
-596.872    -842.629    -0.084
-597.213    -842.263    -0.084
-597.614    -841.817    -0.084
-597.945    -841.443    -0.084
-598.276    -841.068    -0.084
-598.546    -840.773    -0.084
-598.887    -840.407    -0.084
-599.159    -840.114    -0.084
-599.629    -839.595    -0.084
-599.961    -839.221    -0.084
-600.291    -838.847    -0.084
-600.683    -838.393    -0.084
-601.009    -838.013    -0.084
-601.335    -837.634    -0.083
-601.600    -837.334    -0.083
-601.931    -836.960    -0.083
-602.262    -836.585    -0.083
-602.655    -836.131    -0.083
-602.915    -835.828    -0.083
-603.241    -835.448    -0.083
-603.571    -835.073    -0.083
-603.903    -834.699    -0.083
-604.233    -834.325    -0.083
-604.625    -833.871    -0.083
-604.951    -833.491    -0.083
-605.277    -833.112    -0.083
-605.542    -832.812    -0.083
-605.874    -832.438    -0.083
-606.205    -832.063    -0.083
-606.536    -831.688    -0.083
-606.929    -831.235    -0.083
-607.190    -830.932    -0.083
-607.516    -830.553    -0.083
-608.023    -829.935    -0.083
-608.336    -829.545    -0.083
-608.587    -829.234    -0.083
-608.903    -828.846    -0.083
-609.219    -828.458    -0.083
-609.595    -827.991    -0.083
-609.908    -827.602    -0.083
-610.160    -827.290    -0.083
-610.476    -826.903    -0.083
-610.792    -826.516    -0.083
-611.108    -826.128    -0.083
-611.484    -825.661    -0.083
-611.797    -825.271    -0.083
-612.049    -824.960    -0.083
-612.364    -824.573    -0.083
-612.680    -824.185    -0.083
-612.996    -823.797    -0.083
-613.310    -823.409    -0.083
-613.623    -823.019    -0.083
-613.936    -822.629    -0.083
-614.305    -822.156    -0.083
-614.611    -821.760    -0.083
-614.916    -821.364    -0.083
-615.166    -821.052    -0.083
-615.534    -820.578    -0.083
-615.840    -820.182    -0.083
-616.204    -819.706    -0.083
-616.500    -819.303    -0.083
-616.795    -818.900    -0.083
-617.033    -818.577    -0.082
-617.339    -818.182    -0.082
-617.644    -817.786    -0.082
-618.009    -817.310    -0.082
-618.304    -816.907    -0.082
-618.600    -816.504    -0.082
-618.837    -816.181    -0.082
-619.143    -815.786    -0.082
-619.448    -815.390    -0.082
-619.812    -814.914    -0.082
-620.108    -814.510    -0.082
-620.403    -814.106    -0.082
-620.699    -813.703    -0.082
-620.995    -813.301    -0.082
-621.292    -812.898    -0.082
-621.588    -812.495    -0.082
-621.883    -812.092    -0.082
-622.179    -811.689    -0.082
-622.475    -811.286    -0.082
-622.771    -810.883    -0.082
-623.067    -810.480    -0.082
-623.363    -810.077    -0.082
-623.658    -809.674    -0.082
-623.954    -809.271    -0.082
-624.249    -808.868    -0.082
-624.546    -808.465    -0.082
-624.841    -808.062    -0.082
-625.137    -807.658    -0.082
-625.432    -807.255    -0.082
-625.839    -806.686    -0.082
-626.122    -806.273    -0.082
-626.347    -805.943    -0.082
-626.579    -805.617    -0.082
-626.876    -805.214    -0.082
-627.171    -804.811    -0.082
-627.518    -804.322    -0.082
-627.800    -803.909    -0.082
-628.083    -803.497    -0.082
-628.314    -803.170    -0.082
-628.609    -802.767    -0.082
-629.011    -802.193    -0.082
-629.294    -801.781    -0.082
-629.576    -801.368    -0.082
-629.807    -801.042    -0.082
-630.095    -800.634    -0.081
-630.383    -800.225    -0.081
-630.724    -799.731    -0.081
-631.007    -799.319    -0.081
-631.290    -798.906    -0.081
-631.520    -798.580    -0.081
-631.809    -798.171    -0.081
-632.097    -797.763    -0.081
-632.385    -797.355    -0.081
-632.768    -796.769    -0.081
-633.038    -796.348    -0.081
-633.302    -795.923    -0.081
-633.566    -795.499    -0.081
-633.831    -795.075    -0.081
-634.101    -794.654    -0.081
-634.317    -794.317    -0.081
-634.694    -793.727    -0.081
-634.905    -793.388    -0.081
-635.223    -792.878    -0.081
-635.435    -792.539    -0.081
-635.705    -792.120    -0.081
-635.975    -791.699    -0.081
-636.245    -791.277    -0.081
-636.509    -790.853    -0.081
-636.773    -790.428    -0.081
-637.089    -789.919    -0.081
-637.349    -789.491    -0.081
-637.609    -789.064    -0.081
-637.869    -788.638    -0.081
-638.125    -788.208    -0.081
-638.381    -787.779    -0.081
-638.638    -787.350    -0.081
-638.898    -786.923    -0.081
-639.158    -786.496    -0.081
-639.418    -786.069    -0.081
-639.674    -785.640    -0.081
-639.931    -785.211    -0.081
-640.188    -784.782    -0.081
-640.447    -784.355    -0.080
-640.707    -783.928    -0.080
-640.967    -783.500    -0.080
-641.224    -783.071    -0.080
-641.480    -782.641    -0.080
-641.737    -782.212    -0.080
-641.997    -781.785    -0.080
-642.257    -781.359    -0.080
-642.516    -780.931    -0.080
-642.772    -780.501    -0.080
-643.029    -780.072    -0.080
-643.331    -779.554    -0.080
-643.578    -779.119    -0.080
-643.823    -778.684    -0.080
-644.117    -778.161    -0.080
-644.314    -777.812    -0.080
-644.560    -777.377    -0.080
-644.806    -776.943    -0.080
-645.054    -776.507    -0.080
-645.299    -776.072    -0.080
-645.544    -775.637    -0.080
-645.838    -775.113    -0.080
-646.036    -774.766    -0.080
-646.332    -774.244    -0.080
-646.530    -773.896    -0.080
-646.775    -773.461    -0.080
-647.021    -773.025    -0.080
-647.354    -772.411    -0.080
-647.587    -771.967    -0.080
-647.818    -771.524    -0.080
-648.051    -771.082    -0.080
-648.283    -770.639    -0.080
-648.515    -770.196    -0.080
-648.701    -769.842    -0.080
-648.979    -769.310    -0.080
-649.211    -768.867    -0.079
-649.443    -768.425    -0.079
-649.676    -767.982    -0.079
-649.908    -767.540    -0.079
-650.141    -767.097    -0.079
-650.326    -766.742    -0.079
-650.604    -766.212    -0.079
-650.837    -765.768    -0.079
-651.069    -765.325    -0.079
-651.301    -764.883    -0.079
-651.533    -764.440    -0.079
-651.719    -764.085    -0.079
-651.997    -763.555    -0.079
-652.230    -763.111    -0.079
-652.462    -762.669    -0.079
-652.694    -762.226    -0.079
-652.965    -761.690    -0.079
-653.143    -761.332    -0.079
-653.409    -760.795    -0.079
-653.627    -760.345    -0.079
-653.845    -759.896    -0.079
-654.067    -759.448    -0.079
-654.245    -759.089    -0.079
-654.513    -758.552    -0.079
-654.733    -758.103    -0.079
-654.950    -757.653    -0.079
-655.169    -757.203    -0.079
-655.391    -756.755    -0.079
-655.614    -756.307    -0.079
-655.792    -755.950    -0.079
-656.055    -755.411    -0.079
-656.274    -754.961    -0.079
-656.528    -754.418    -0.079
-656.735    -753.963    -0.078
-656.944    -753.508    -0.078
-657.150    -753.053    -0.078
-657.396    -752.506    -0.078
-657.560    -752.141    -0.078
-657.768    -751.686    -0.078
-657.976    -751.232    -0.078
-658.185    -750.777    -0.078
-658.390    -750.322    -0.078
-658.636    -749.774    -0.078
-658.801    -749.410    -0.078
-659.008    -748.955    -0.078
-659.216    -748.501    -0.078
-659.425    -748.045    -0.078
-659.631    -747.590    -0.078
-659.835    -747.134    -0.078
-660.041    -746.679    -0.078
-660.249    -746.223    -0.078
-660.457    -745.769    -0.078
-660.665    -745.314    -0.078
-660.871    -744.859    -0.078
-661.117    -744.311    -0.078
-661.282    -743.947    -0.078
-661.520    -743.397    -0.078
-661.717    -742.937    -0.078
-661.911    -742.477    -0.078
-662.106    -742.016    -0.078
-662.300    -741.556    -0.078
-662.498    -741.096    -0.078
-662.695    -740.637    -0.078
-662.892    -740.177    -0.077
-663.086    -739.717    -0.077
-663.281    -739.256    -0.077
-663.475    -738.796    -0.077
-663.673    -738.336    -0.077
-663.871    -737.877    -0.077
-664.068    -737.417    -0.077
-664.262    -736.957    -0.077
-664.491    -736.403    -0.077
-664.714    -735.845    -0.077
-664.862    -735.474    -0.077
-665.083    -734.917    -0.077
-665.231    -734.545    -0.077
-665.416    -734.080    -0.077
-665.601    -733.616    -0.077
-665.786    -733.151    -0.077
-665.971    -732.686    -0.077
-666.192    -732.129    -0.077
-666.340    -731.758    -0.077
-666.525    -731.293    -0.077
-666.742    -730.734    -0.077
-666.922    -730.267    -0.077
-667.102    -729.801    -0.077
-667.281    -729.333    -0.077
-667.458    -728.866    -0.077
-667.635    -728.398    -0.077
-667.813    -727.932    -0.077
-667.993    -727.465    -0.077
-668.172    -726.999    -0.077
-668.351    -726.531    -0.076
-668.528    -726.064    -0.076
-668.706    -725.596    -0.076
-668.916    -725.035    -0.076
-669.056    -724.660    -0.076
-669.265    -724.098    -0.076
-669.434    -723.627    -0.076
-669.604    -723.157    -0.076
-669.775    -722.688    -0.076
-669.950    -722.219    -0.076
-670.125    -721.751    -0.076
-670.298    -721.282    -0.076
-670.467    -720.811    -0.076
-670.637    -720.340    -0.076
-670.773    -719.965    -0.076
-670.948    -719.497    -0.076
-671.123    -719.028    -0.076
-671.331    -718.465    -0.076
-671.500    -717.995    -0.076
-671.698    -717.429    -0.076
-671.858    -716.954    -0.076
-672.019    -716.481    -0.076
-672.180    -716.008    -0.076
-672.341    -715.535    -0.076
-672.502    -715.061    -0.076
-672.662    -714.588    -0.076
-672.823    -714.115    -0.076
-672.984    -713.641    -0.076
-673.145    -713.168    -0.075
-673.306    -712.695    -0.075
-673.467    -712.221    -0.075
-673.628    -711.748    -0.075
-673.789    -711.275    -0.075
-673.949    -710.800    -0.075
-674.110    -710.327    -0.075
-674.271    -709.854    -0.075
-674.433    -709.381    -0.075
-674.593    -708.907    -0.075
-674.753    -708.434    -0.075
-674.915    -707.961    -0.075
-675.076    -707.487    -0.075
-675.237    -707.014    -0.075
-675.426    -706.445    -0.075
-675.576    -705.968    -0.075
-675.750    -705.394    -0.075
-675.890    -704.914    -0.075
-676.031    -704.434    -0.075
-676.147    -704.052    -0.075
-676.297    -703.574    -0.075
-676.446    -703.098    -0.075
-676.621    -702.524    -0.075
-676.761    -702.044    -0.075
-676.901    -701.564    -0.075
-677.017    -701.181    -0.075
-677.167    -700.704    -0.075
-677.317    -700.226    -0.074
-677.491    -699.652    -0.074
-677.632    -699.173    -0.074
-677.771    -698.693    -0.074
-677.909    -698.212    -0.074
-678.048    -697.732    -0.074
-678.187    -697.251    -0.074
-678.326    -696.772    -0.074
-678.464    -696.292    -0.074
-678.604    -695.811    -0.074
-678.742    -695.331    -0.074
-678.881    -694.850    -0.074
-679.020    -694.370    -0.074
-679.159    -693.890    -0.074
-679.298    -693.410    -0.074
-679.438    -692.930    -0.074
-679.576    -692.449    -0.074
-679.714    -691.968    -0.074
-679.853    -691.488    -0.074
-679.992    -691.008    -0.074
-680.131    -690.528    -0.074
-680.270    -690.048    -0.074
-680.409    -689.567    -0.074
-680.548    -689.087    -0.074
-680.686    -688.606    -0.074
-680.826    -688.127    -0.074
-680.964    -687.646    -0.073
-681.127    -687.068    -0.073
-681.254    -686.585    -0.073
-681.403    -686.004    -0.073
-681.497    -685.615    -0.073
-681.639    -685.032    -0.073
-681.710    -684.741    -0.073
-681.864    -684.161    -0.073
-681.992    -683.678    -0.073
-682.117    -683.194    -0.073
-682.259    -682.610    -0.073
-682.376    -682.125    -0.073
-682.448    -681.833    -0.073
-682.601    -681.254    -0.073
-682.730    -680.770    -0.073
-682.854    -680.286    -0.073
-682.996    -679.703    -0.073
-683.112    -679.217    -0.073
-683.228    -678.730    -0.073
-683.343    -678.244    -0.073
-683.459    -677.757    -0.073
-683.574    -677.271    -0.073
-683.690    -676.785    -0.073
-683.805    -676.298    -0.073
-683.920    -675.812    -0.073
-684.035    -675.325    -0.072
-684.150    -674.839    -0.072
-684.266    -674.353    -0.072
-684.381    -673.865    -0.072
-684.496    -673.379    -0.072
-684.611    -672.893    -0.072
-684.727    -672.406    -0.072
-684.842    -671.920    -0.072
-684.957    -671.433    -0.072
-685.072    -670.947    -0.072
-685.188    -670.461    -0.072
-685.303    -669.973    -0.072
-685.418    -669.487    -0.072
-685.533    -669.000    -0.072
-685.648    -668.514    -0.072
-685.764    -668.028    -0.072
-685.898    -667.443    -0.072
-685.984    -667.053    -0.072
-686.094    -666.565    -0.072
-686.206    -666.078    -0.072
-686.317    -665.590    -0.072
-686.449    -665.004    -0.072
-686.556    -664.517    -0.072
-686.643    -664.126    -0.072
-686.752    -663.638    -0.072
-686.863    -663.151    -0.072
-686.974    -662.663    -0.071
-687.106    -662.078    -0.071
-687.213    -661.590    -0.071
-687.300    -661.199    -0.071
-687.409    -660.711    -0.071
-687.521    -660.223    -0.071
-687.639    -659.636    -0.071
-687.756    -659.047    -0.071
-687.853    -658.557    -0.071
-687.943    -658.065    -0.071
-688.030    -657.573    -0.071
-688.116    -657.080    -0.071
-688.209    -656.589    -0.071
-688.306    -656.098    -0.071
-688.402    -655.608    -0.071
-688.493    -655.116    -0.071
-688.579    -654.624    -0.071
-688.666    -654.131    -0.071
-688.758    -653.640    -0.071
-688.855    -653.149    -0.071
-688.951    -652.659    -0.071
-689.042    -652.168    -0.071
-689.129    -651.675    -0.071
-689.215    -651.183    -0.071
-689.308    -650.692    -0.070
-689.404    -650.201    -0.070
-689.501    -649.710    -0.070
-689.591    -649.219    -0.070
-689.678    -648.726    -0.070
-689.765    -648.234    -0.070
-689.850    -647.741    -0.070
-689.942    -647.250    -0.070
-690.033    -646.758    -0.070
-690.125    -646.267    -0.070
-690.216    -645.775    -0.070
-690.309    -645.284    -0.070
-690.401    -644.792    -0.070
-690.492    -644.301    -0.070
-690.584    -643.809    -0.070
-690.675    -643.318    -0.070
-690.767    -642.826    -0.070
-690.858    -642.334    -0.070
-690.950    -641.843    -0.070
-691.042    -641.352    -0.070
-691.133    -640.861    -0.070
-691.225    -640.369    -0.070
-691.323    -639.777    -0.070
-691.399    -639.283    -0.070
-691.476    -638.789    -0.070
-691.555    -638.295    -0.069
-691.635    -637.802    -0.069
-691.715    -637.309    -0.069
-691.791    -636.814    -0.069
-691.868    -636.320    -0.069
-691.945    -635.826    -0.069
-692.024    -635.332    -0.069
-692.103    -634.838    -0.069
-692.182    -634.345    -0.069
-692.259    -633.851    -0.069
-692.337    -633.357    -0.069
-692.413    -632.863    -0.069
-692.493    -632.370    -0.069
-692.571    -631.876    -0.069
-692.651    -631.382    -0.069
-692.728    -630.888    -0.069
-692.804    -630.394    -0.069
-692.881    -629.900    -0.069
-692.961    -629.406    -0.069
-693.040    -628.913    -0.069
-693.134    -628.320    -0.069
-693.194    -627.925    -0.069
-693.295    -627.233    -0.069
-693.352    -626.736    -0.069
-693.409    -626.239    -0.068
-693.456    -625.841    -0.068
-693.531    -625.348    -0.068
-693.591    -624.952    -0.068
-693.692    -624.259    -0.068
-693.749    -623.763    -0.068
-693.806    -623.266    -0.068
-693.853    -622.869    -0.068
-693.928    -622.375    -0.068
-693.988    -621.979    -0.068
-694.089    -621.286    -0.068
-694.146    -620.789    -0.068
-694.196    -620.393    -0.068
-694.264    -619.898    -0.068
-694.333    -619.403    -0.068
-694.401    -618.907    -0.068
-694.469    -618.412    -0.068
-694.538    -617.917    -0.068
-694.606    -617.422    -0.068
-694.675    -616.926    -0.068
-694.744    -616.431    -0.068
-694.812    -615.936    -0.068
-694.880    -615.441    -0.068
-694.949    -614.945    -0.068
-695.017    -614.450    -0.068
-695.086    -613.955    -0.067
-695.155    -613.460    -0.067
-695.223    -612.964    -0.067
-695.291    -612.469    -0.067
-695.360    -611.973    -0.067
-695.428    -611.479    -0.067
-695.497    -610.983    -0.067
-695.565    -610.488    -0.067
-695.634    -609.992    -0.067
-695.703    -609.498    -0.067
-695.770    -609.002    -0.067
-695.839    -608.507    -0.067
-695.912    -607.911    -0.067
-695.971    -607.415    -0.067
-696.030    -606.919    -0.067
-696.090    -606.422    -0.067
-696.149    -605.926    -0.067
-696.206    -605.429    -0.067
-696.264    -604.932    -0.067
-696.322    -604.436    -0.067
-696.381    -603.940    -0.067
-696.441    -603.443    -0.067
-696.501    -602.946    -0.067
-696.558    -602.451    -0.067
-696.616    -601.954    -0.066
-696.673    -601.457    -0.066
-696.734    -600.860    -0.066
-696.782    -600.362    -0.066
-696.828    -599.864    -0.066
-696.876    -599.366    -0.066
-696.924    -598.870    -0.066
-696.974    -598.372    -0.066
-697.027    -597.875    -0.066
-697.080    -597.378    -0.066
-697.122    -596.880    -0.066
-697.170    -596.282    -0.066
-697.202    -595.882    -0.066
-697.249    -595.384    -0.066
-697.294    -594.887    -0.066
-697.340    -594.389    -0.066
-697.387    -593.891    -0.066
-697.432    -593.393    -0.066
-697.478    -592.895    -0.066
-697.524    -592.397    -0.066
-697.570    -591.900    -0.066
-697.616    -591.402    -0.066
-697.662    -590.904    -0.066
-697.708    -590.406    -0.066
-697.754    -589.908    -0.065
-697.800    -589.410    -0.065
-697.847    -588.913    -0.065
-697.892    -588.415    -0.065
-697.938    -587.917    -0.065
-697.989    -587.420    -0.065
-698.042    -586.922    -0.065
-698.094    -586.426    -0.065
-698.141    -585.928    -0.065
-698.186    -585.430    -0.065
-698.229    -584.932    -0.065
-698.274    -584.433    -0.065
-698.321    -583.936    -0.065
-698.368    -583.438    -0.065
-698.411    -582.940    -0.065
-698.456    -582.442    -0.065
-698.507    -581.844    -0.065
-698.543    -581.346    -0.065
-698.578    -580.847    -0.065
-698.614    -580.349    -0.065
-698.648    -579.950    -0.065
-698.691    -579.452    -0.065
-698.735    -578.954    -0.065
-698.779    -578.456    -0.065
-698.821    -577.958    -0.065
-698.863    -577.460    -0.064
-698.907    -576.962    -0.064
-698.951    -576.464    -0.064
-698.995    -575.966    -0.064
-699.041    -575.468    -0.064
-699.087    -574.970    -0.064
-699.132    -574.472    -0.064
-699.178    -573.974    -0.064
-699.223    -573.476    -0.064
-699.266    -572.978    -0.064
-699.317    -572.381    -0.064
-699.357    -571.881    -0.064
-699.389    -571.483    -0.064
-699.431    -570.985    -0.064
-699.475    -570.487    -0.064
-699.520    -569.989    -0.064
-699.565    -569.491    -0.064
-699.611    -568.993    -0.064
-699.659    -568.395    -0.064
-699.692    -567.997    -0.064
-699.737    -567.499    -0.064
-699.782    -567.001    -0.064
-699.827    -566.502    -0.064
-699.877    -565.905    -0.064
-699.909    -565.506    -0.064
-699.949    -565.008    -0.063
-699.991    -564.309    -0.063
-700.017    -563.810    -0.063
-700.043    -563.311    -0.063
-700.067    -563.011    -0.063
-700.106    -562.513    -0.063
-700.154    -561.915    -0.063
-700.189    -561.417    -0.063
-700.222    -560.918    -0.063
-700.256    -560.418    -0.063
-700.288    -559.920    -0.063
-700.327    -559.422    -0.063
-700.359    -559.023    -0.063
-700.399    -558.524    -0.063
-700.445    -557.926    -0.063
-700.483    -557.428    -0.063
-700.521    -556.929    -0.063
-700.560    -556.431    -0.063
-700.593    -556.032    -0.063
-700.632    -555.534    -0.063
-700.665    -554.835    -0.063
-700.681    -554.335    -0.063
-700.696    -553.835    -0.063
-700.723    -553.436    -0.063
-700.755    -553.038    -0.062
-700.795    -552.540    -0.062
-700.837    -551.940    -0.062
-700.869    -551.442    -0.062
-700.907    -550.944    -0.062
-700.939    -550.545    -0.062
-700.983    -549.946    -0.062
-701.015    -549.447    -0.062
-701.046    -548.949    -0.062
-701.078    -548.349    -0.062
-701.103    -547.850    -0.062
-701.128    -547.350    -0.062
-701.153    -546.952    -0.062
-701.185    -546.453    -0.062
-701.222    -545.854    -0.062
-701.246    -545.355    -0.062
-701.271    -544.855    -0.062
-701.295    -544.356    -0.062
-701.321    -543.956    -0.062
-701.352    -543.458    -0.062
-701.389    -542.859    -0.062
-701.413    -542.359    -0.062
-701.438    -541.861    -0.062
-701.463    -541.361    -0.062
-701.487    -540.962    -0.062
-701.519    -540.462    -0.062
-701.556    -539.864    -0.061
-701.581    -539.364    -0.061
-701.604    -538.865    -0.061
-701.630    -538.365    -0.061
-701.655    -537.967    -0.061
-701.691    -537.368    -0.061
-701.715    -536.968    -0.061
-701.750    -536.370    -0.061
-701.776    -535.870    -0.061
-701.799    -535.371    -0.061
-701.824    -534.871    -0.061
-701.852    -534.373    -0.061
-701.882    -533.873    -0.061
-701.911    -533.374    -0.061
-701.937    -532.875    -0.061
-701.961    -532.376    -0.061
-701.986    -531.877    -0.061
-702.008    -531.377    -0.061
-702.032    -530.877    -0.061
-702.056    -530.378    -0.061
-702.080    -529.878    -0.061
-702.103    -529.379    -0.061
-702.127    -528.880    -0.061
-702.151    -528.381    -0.061
-702.174    -527.881    -0.061
-702.198    -527.382    -0.060
-702.222    -526.882    -0.060
-702.246    -526.383    -0.060
-702.269    -525.883    -0.060
-702.294    -525.384    -0.060
-702.322    -524.885    -0.060
-702.351    -524.386    -0.060
-702.373    -523.986    -0.060
-702.407    -523.388    -0.060
-702.429    -522.988    -0.060
-702.464    -522.389    -0.060
-702.492    -521.890    -0.060
-702.515    -521.491    -0.060
-702.549    -520.892    -0.060
-702.577    -520.392    -0.060
-702.600    -519.994    -0.060
-702.634    -519.394    -0.060
-702.656    -518.995    -0.060
-702.690    -518.395    -0.060
-702.713    -517.997    -0.060
-702.747    -517.398    -0.060
-702.776    -516.898    -0.060
-702.798    -516.499    -0.060
-702.827    -516.000    -0.060
-702.861    -515.401    -0.060
-702.890    -514.901    -0.060
-702.912    -514.503    -0.059
-702.946    -513.904    -0.059
-702.968    -513.504    -0.059
-703.002    -512.905    -0.059
-703.031    -512.406    -0.059
-703.055    -511.907    -0.059
-703.079    -511.407    -0.059
-703.102    -510.908    -0.059
-703.126    -510.408    -0.059
-703.150    -509.909    -0.059
-703.174    -509.410    -0.059
-703.197    -508.911    -0.059
-703.221    -508.411    -0.059
-703.245    -507.911    -0.059
-703.269    -507.412    -0.059
-703.292    -506.912    -0.059
-703.316    -506.414    -0.059
-703.340    -505.914    -0.059
-703.364    -505.415    -0.059
-703.386    -504.915    -0.059
-703.410    -504.416    -0.059
-703.428    -503.916    -0.059
-703.445    -503.416    -0.059
-703.463    -502.917    -0.059
-703.481    -502.417    -0.059
-703.499    -501.917    -0.059
-703.517    -501.418    -0.059
-703.535    -500.918    -0.058
-703.553    -500.418    -0.058
-703.572    -499.919    -0.058
-703.590    -499.419    -0.058
-703.609    -498.919    -0.058
-703.628    -498.421    -0.058
-703.647    -497.921    -0.058
-703.665    -497.421    -0.058
-703.684    -496.922    -0.058
-703.703    -496.422    -0.058
-703.722    -495.922    -0.058
-703.740    -495.423    -0.058
-703.759    -494.923    -0.058
-703.778    -494.423    -0.058
-703.797    -493.924    -0.058
-703.815    -493.424    -0.058
-703.834    -492.924    -0.058
-703.852    -492.425    -0.058
-703.871    -491.925    -0.058
-703.889    -491.425    -0.058
-703.908    -490.926    -0.058
-703.927    -490.426    -0.058
-703.944    -489.926    -0.058
-703.963    -489.427    -0.058
-703.982    -488.927    -0.058
-704.000    -488.427    -0.058
-704.017    -487.929    -0.058
-704.036    -487.429    -0.057
-704.054    -486.929    -0.057
-704.072    -486.430    -0.057
-704.090    -485.930    -0.057
-704.108    -485.430    -0.057
-704.126    -484.931    -0.057
-704.145    -484.431    -0.057
-704.162    -483.931    -0.057
-704.180    -483.432    -0.057
-704.199    -482.932    -0.057
-704.217    -482.432    -0.057
-704.234    -481.933    -0.057
-704.252    -481.433    -0.057
-704.271    -480.933    -0.057
-704.289    -480.434    -0.057
-704.306    -479.934    -0.057
-704.324    -479.434    -0.057
-704.342    -478.935    -0.057
-704.361    -478.435    -0.057
-704.376    -477.935    -0.057
-704.393    -477.436    -0.057
-704.410    -476.936    -0.057
-704.426    -476.436    -0.057
-704.442    -475.936    -0.057
-704.461    -475.337    -0.057
-704.475    -474.937    -0.057
-704.494    -474.337    -0.057
-704.507    -473.938    -0.057
-704.523    -473.438    -0.056
-704.540    -472.939    -0.056
-704.555    -472.439    -0.056
-704.572    -471.940    -0.056
-704.588    -471.440    -0.056
-704.605    -470.940    -0.056
-704.620    -470.441    -0.056
-704.637    -469.941    -0.056
-704.653    -469.441    -0.056
-704.670    -468.941    -0.056
-704.685    -468.442    -0.056
-704.704    -467.842    -0.056
-704.718    -467.442    -0.056
-704.734    -466.943    -0.056
-704.750    -466.443    -0.056
-704.767    -465.943    -0.056
-704.783    -465.443    -0.056
-704.800    -464.944    -0.056
-704.815    -464.444    -0.056
-704.834    -463.844    -0.056
-704.848    -463.445    -0.056
-704.864    -462.945    -0.056
-704.880    -462.445    -0.056
-704.897    -461.945    -0.056
-704.913    -461.446    -0.056
-704.929    -460.946    -0.056
-704.944    -460.446    -0.056
-704.960    -459.946    -0.056
-704.976    -459.447    -0.056
-704.993    -458.947    -0.055
-705.008    -458.447    -0.055
-705.024    -457.948    -0.055
-705.043    -457.348    -0.055
-705.059    -456.848    -0.055
-705.075    -456.348    -0.055
-705.090    -455.849    -0.055
-705.106    -455.349    -0.055
-705.122    -454.849    -0.055
-705.134    -454.450    -0.055
-705.150    -453.950    -0.055
-705.166    -453.450    -0.055
-705.181    -452.950    -0.055
-705.197    -452.451    -0.055
-705.213    -451.951    -0.055
-705.230    -451.451    -0.055
-705.245    -450.951    -0.055
-705.261    -450.452    -0.055
-705.277    -449.952    -0.055
-705.293    -449.452    -0.055
-705.308    -448.953    -0.055
-705.327    -448.353    -0.055
-705.341    -447.953    -0.055
-705.359    -447.353    -0.055
-705.371    -446.954    -0.055
-705.388    -446.454    -0.055
-705.403    -445.954    -0.055
-705.421    -445.356    -0.055
-705.434    -444.956    -0.055
-705.452    -444.356    -0.054
-705.468    -443.856    -0.054
-705.481    -443.457    -0.054
-705.499    -442.857    -0.054
-705.511    -442.457    -0.054
-705.527    -441.957    -0.054
-705.543    -441.458    -0.054
-705.561    -440.858    -0.054
-705.573    -440.458    -0.054
-705.589    -439.958    -0.054
-705.607    -439.359    -0.054
-705.619    -438.959    -0.054
-705.638    -438.359    -0.054
-705.654    -437.860    -0.054
-705.666    -437.460    -0.054
-705.682    -436.960    -0.054
-705.700    -436.360    -0.054
-705.713    -435.961    -0.054
-705.728    -435.461    -0.054
-705.747    -434.861    -0.054
-705.759    -434.461    -0.054
-705.777    -433.862    -0.054
-705.789    -433.462    -0.054
-705.804    -432.962    -0.054
-705.820    -432.462    -0.054
-705.838    -431.863    -0.054
-705.850    -431.463    -0.054
-705.866    -430.963    -0.054
-705.881    -430.463    -0.054
-705.899    -429.864    -0.054
-705.911    -429.464    -0.054
-705.929    -428.864    -0.053
-705.942    -428.464    -0.053
-705.960    -427.865    -0.053
-705.972    -427.465    -0.053
-705.988    -426.965    -0.053
-706.003    -426.466    -0.053
-706.021    -425.866    -0.053
-706.033    -425.466    -0.053
-706.051    -424.866    -0.053
-706.064    -424.467    -0.053
-706.082    -423.867    -0.053
-706.094    -423.467    -0.053
-706.110    -422.967    -0.053
-706.125    -422.468    -0.053
-706.143    -421.868    -0.053
-706.155    -421.468    -0.053
-706.173    -420.868    -0.053
-706.186    -420.469    -0.053
-706.201    -419.969    -0.053
-706.220    -419.369    -0.053
-706.232    -418.969    -0.053
-706.248    -418.470    -0.053
-706.262    -417.970    -0.053
-706.278    -417.470    -0.053
-706.293    -416.971    -0.053
-706.311    -416.371    -0.053
-706.323    -415.971    -0.053
-706.342    -415.371    -0.053
-706.354    -414.972    -0.053
-706.370    -414.472    -0.053
-706.384    -413.972    -0.053
-706.400    -413.472    -0.053
-706.415    -412.973    -0.052
-706.433    -412.373    -0.052
-706.445    -411.973    -0.052
-706.461    -411.473    -0.052
-706.476    -410.974    -0.052
-706.492    -410.474    -0.052
-706.510    -409.874    -0.052
-706.522    -409.474    -0.052
-706.540    -408.875    -0.052
-706.553    -408.475    -0.052
-706.571    -407.875    -0.052
-706.583    -407.475    -0.052
-706.599    -406.977    -0.052
-706.617    -406.377    -0.052
-706.632    -405.877    -0.052
-706.644    -405.478    -0.052
-706.660    -404.978    -0.052
-706.676    -404.478    -0.052
-706.691    -403.978    -0.052
-706.706    -403.479    -0.052
-706.722    -402.979    -0.052
-706.737    -402.479    -0.052
-706.752    -401.979    -0.052
-706.768    -401.480    -0.052
-706.784    -400.980    -0.052
-706.799    -400.480    -0.052
-706.818    -399.881    -0.052
-706.831    -399.381    -0.052
-706.845    -398.881    -0.052
-706.855    -398.481    -0.052
-706.869    -397.981    -0.052
-706.883    -397.482    -0.052
-706.899    -396.882    -0.052
-706.913    -396.382    -0.051
-706.927    -395.882    -0.051
-706.937    -395.482    -0.051
-706.953    -394.883    -0.051
-706.967    -394.383    -0.051
-706.977    -393.983    -0.051
-706.993    -393.383    -0.051
-707.007    -392.884    -0.051
-707.017    -392.484    -0.051
-707.033    -391.884    -0.051
-707.047    -391.384    -0.051
-707.058    -390.984    -0.051
-707.074    -390.385    -0.051
-707.087    -389.885    -0.051
-707.098    -389.485    -0.051
-707.114    -388.885    -0.051
-707.127    -388.486    -0.051
-707.144    -387.986    -0.051
-707.161    -387.486    -0.051
-707.177    -386.986    -0.051
-707.193    -386.387    -0.051
-707.206    -385.887    -0.051
-707.218    -385.487    -0.051
-707.235    -384.987    -0.051
-707.251    -384.488    -0.051
-707.270    -383.888    -0.051
-707.284    -383.388    -0.051
-707.295    -382.988    -0.051
-707.311    -382.389    -0.051
-707.325    -381.889    -0.051
-707.338    -381.489    -0.051
-707.353    -380.989    -0.051
-707.371    -380.390    -0.051
-707.381    -379.990    -0.051
-707.397    -379.390    -0.050
-707.412    -378.890    -0.050
-707.424    -378.491    -0.050
-707.439    -377.991    -0.050
-707.455    -377.491    -0.050
-707.469    -376.991    -0.050
-707.485    -376.492    -0.050
-707.503    -375.892    -0.050
-707.516    -375.492    -0.050
-707.530    -374.992    -0.050
-707.546    -374.493    -0.050
-707.561    -373.993    -0.050
-707.577    -373.493    -0.050
-707.592    -372.994    -0.050
-707.607    -372.494    -0.050
-707.623    -371.994    -0.050
-707.640    -371.394    -0.050
-707.654    -370.895    -0.050
-707.667    -370.395    -0.050
-707.681    -369.895    -0.050
-707.695    -369.395    -0.050
-707.705    -368.995    -0.050
-707.721    -368.396    -0.050
-707.735    -367.896    -0.050
-707.747    -367.496    -0.050
-707.762    -366.996    -0.050
-707.778    -366.497    -0.050
-707.794    -365.997    -0.050
-707.809    -365.497    -0.050
-707.824    -364.997    -0.050
-707.840    -364.498    -0.050
-707.855    -363.998    -0.050
-707.871    -363.498    -0.050
-707.886    -362.999    -0.050
-707.904    -362.399    -0.050
-707.917    -361.999    -0.050
-707.933    -361.499    -0.050
-707.948    -361.000    -0.049
-707.964    -360.500    -0.049
-707.980    -360.000    -0.049
-707.998    -359.400    -0.049
-708.013    -358.901    -0.049
-708.026    -358.401    -0.049
-708.040    -357.901    -0.049
-708.054    -357.401    -0.049
-708.068    -356.902    -0.049
-708.081    -356.402    -0.049
-708.095    -355.902    -0.049
-708.109    -355.402    -0.049
-708.123    -354.903    -0.049
-708.136    -354.403    -0.049
-708.147    -354.004    -0.049
-708.160    -353.504    -0.049
-708.174    -353.004    -0.049
-708.188    -352.505    -0.049
-708.202    -352.005    -0.049
-708.215    -351.505    -0.049
-708.229    -351.005    -0.049
-708.243    -350.505    -0.049
-708.257    -350.006    -0.049
-708.270    -349.506    -0.049
-708.284    -349.006    -0.049
-708.300    -348.406    -0.049
-708.314    -347.907    -0.049
-708.328    -347.407    -0.049
-708.341    -346.907    -0.049
-708.355    -346.407    -0.049
-708.369    -345.908    -0.049
-708.383    -345.408    -0.049
-708.396    -344.908    -0.049
-708.408    -344.508    -0.049
-708.423    -344.008    -0.049
-708.437    -343.509    -0.049
-708.452    -343.009    -0.049
-708.467    -342.509    -0.049
-708.482    -342.009    -0.048
-708.496    -341.510    -0.048
-708.511    -341.010    -0.048
-708.526    -340.510    -0.048
-708.540    -340.010    -0.048
-708.555    -339.511    -0.048
-708.570    -339.011    -0.048
-708.585    -338.511    -0.048
-708.599    -338.011    -0.048
-708.614    -337.512    -0.048
-708.629    -337.012    -0.048
-708.644    -336.512    -0.048
-708.658    -336.012    -0.048
-708.673    -335.513    -0.048
-708.690    -334.913    -0.048
-708.705    -334.413    -0.048
-708.719    -333.913    -0.048
-708.733    -333.414    -0.048
-708.746    -332.914    -0.048
-708.760    -332.414    -0.048
-708.774    -331.914    -0.048
-708.784    -331.515    -0.048
-708.800    -330.915    -0.048
-708.814    -330.415    -0.048
-708.828    -329.915    -0.048
-708.841    -329.415    -0.048
-708.855    -328.916    -0.048
-708.866    -328.516    -0.048
-708.882    -327.916    -0.048
-708.895    -327.416    -0.048
-708.909    -326.917    -0.048
-708.923    -326.417    -0.048
-708.933    -326.017    -0.048
-708.949    -325.417    -0.048
-708.963    -324.917    -0.048
-708.974    -324.518    -0.048
-708.987    -324.018    -0.048
-709.002    -323.518    -0.048
-709.017    -323.018    -0.048
-709.032    -322.519    -0.048
-709.046    -322.019    -0.048
-709.061    -321.519    -0.047
-709.076    -321.019    -0.047
-709.091    -320.520    -0.047
-709.109    -319.920    -0.047
-709.121    -319.520    -0.047
-709.136    -319.020    -0.047
-709.151    -318.521    -0.047
-709.165    -318.021    -0.047
-709.180    -317.521    -0.047
-709.195    -317.021    -0.047
-709.213    -316.422    -0.047
-709.228    -315.922    -0.047
-709.240    -315.522    -0.047
-709.255    -315.022    -0.047
-709.269    -314.523    -0.047
-709.284    -314.023    -0.047
-709.299    -313.523    -0.047
-709.314    -313.023    -0.047
-709.332    -312.424    -0.047
-709.344    -312.024    -0.047
-709.359    -311.524    -0.047
-709.374    -311.024    -0.047
-709.388    -310.525    -0.047
-709.403    -310.025    -0.047
-709.421    -309.425    -0.047
-709.436    -308.925    -0.047
-709.451    -308.426    -0.047
-709.465    -307.926    -0.047
-709.480    -307.426    -0.047
-709.495    -306.926    -0.047
-709.510    -306.427    -0.047
-709.524    -305.927    -0.047
-709.539    -305.427    -0.047
-709.552    -305.027    -0.047
-709.566    -304.528    -0.047
-709.584    -303.928    -0.047
-709.597    -303.528    -0.047
-709.612    -303.028    -0.047
-709.626    -302.529    -0.047
-709.641    -302.029    -0.047
-709.656    -301.529    -0.047
-709.671    -301.029    -0.047
-709.685    -300.530    -0.047
-709.700    -300.030    -0.047
-709.715    -299.530    -0.046
-709.733    -298.931    -0.046
-709.745    -298.531    -0.046
-709.760    -298.031    -0.046
-709.775    -297.531    -0.046
-709.792    -296.932    -0.046
-709.806    -296.432    -0.046
-709.816    -296.032    -0.046
-709.833    -295.432    -0.046
-709.846    -294.932    -0.046
-709.860    -294.433    -0.046
-709.873    -293.933    -0.046
-709.887    -293.433    -0.046
-709.901    -292.933    -0.046
-709.915    -292.434    -0.046
-709.927    -291.934    -0.046
-709.941    -291.434    -0.046
-709.955    -290.934    -0.046
-709.969    -290.434    -0.046
-709.979    -290.035    -0.046
-709.995    -289.435    -0.046
-710.010    -288.935    -0.046
-710.024    -288.435    -0.046
-710.039    -287.936    -0.046
-710.055    -287.436    -0.046
-710.071    -286.936    -0.046
-710.086    -286.437    -0.046
-710.102    -285.938    -0.046
-710.115    -285.538    -0.046
-710.130    -285.038    -0.046
-710.146    -284.538    -0.046
-710.164    -283.939    -0.046
-710.180    -283.439    -0.046
-710.196    -282.939    -0.046
-710.211    -282.440    -0.046
-710.227    -281.940    -0.046
-710.243    -281.440    -0.046
-710.259    -280.940    -0.046
-710.274    -280.441    -0.046
-710.290    -279.941    -0.046
-710.306    -279.441    -0.046
-710.322    -278.942    -0.046
-710.337    -278.442    -0.046
-710.350    -278.042    -0.046
-710.366    -277.542    -0.046
-710.381    -277.043    -0.046
-710.397    -276.543    -0.046
-710.413    -276.043    -0.046
-710.432    -275.443    -0.045
-710.444    -275.044    -0.045
-710.460    -274.544    -0.045
-710.478    -273.944    -0.045
-710.494    -273.444    -0.045
-710.510    -272.945    -0.045
-710.525    -272.445    -0.045
-710.541    -271.945    -0.045
-710.554    -271.546    -0.045
-710.573    -270.946    -0.045
-710.587    -270.446    -0.045
-710.602    -269.946    -0.045
-710.617    -269.447    -0.045
-710.628    -269.047    -0.045
-710.646    -268.447    -0.045
-710.661    -267.947    -0.045
-710.672    -267.548    -0.045
-710.690    -266.948    -0.045
-710.705    -266.448    -0.045
-710.717    -266.048    -0.045
-710.735    -265.449    -0.045
-710.747    -265.049    -0.045
-710.762    -264.549    -0.045
-710.777    -264.049    -0.045
-710.791    -263.550    -0.045
-710.808    -262.950    -0.045
-710.820    -262.550    -0.045
-710.836    -262.050    -0.045
-710.853    -261.451    -0.045
-710.864    -261.051    -0.045
-710.879    -260.551    -0.045
-710.896    -259.951    -0.045
-710.911    -259.452    -0.045
-710.922    -259.052    -0.045
-710.939    -258.452    -0.045
-710.954    -257.952    -0.045
-710.965    -257.553    -0.045
-710.980    -257.053    -0.045
-710.997    -256.453    -0.045
-711.009    -256.053    -0.045
-711.023    -255.553    -0.045
-711.040    -254.954    -0.045
-711.055    -254.454    -0.045
-711.066    -254.054    -0.045
-711.081    -253.554    -0.045
-711.096    -253.055    -0.045
-711.111    -252.555    -0.045
-711.128    -251.955    -0.045
-711.143    -251.455    -0.045
-711.154    -251.056    -0.045
-711.169    -250.556    -0.045
-711.186    -249.956    -0.045
-711.201    -249.456    -0.044
-711.215    -248.957    -0.044
-711.227    -248.557    -0.044
-711.244    -247.957    -0.044
-711.259    -247.457    -0.044
-711.270    -247.058    -0.044
-711.285    -246.558    -0.044
-711.299    -246.058    -0.044
-711.316    -245.458    -0.044
-711.328    -245.059    -0.044
-711.343    -244.559    -0.044
-711.360    -243.959    -0.044
-711.371    -243.559    -0.044
-711.386    -243.060    -0.044
-711.403    -242.461    -0.044
-711.418    -241.961    -0.044
-711.432    -241.461    -0.044
-711.447    -240.962    -0.044
-711.462    -240.462    -0.044
-711.473    -240.062    -0.044
-711.488    -239.562    -0.044
-711.505    -238.963    -0.044
-711.517    -238.563    -0.044
-711.531    -238.063    -0.044
-711.548    -237.463    -0.044
-711.563    -236.964    -0.044
-711.575    -236.564    -0.044
-711.589    -236.064    -0.044
-711.606    -235.464    -0.044
-711.618    -235.064    -0.044
-711.632    -234.565    -0.044
-711.650    -233.965    -0.044
-711.661    -233.565    -0.044
-711.676    -233.065    -0.044
-711.690    -232.566    -0.044
-711.705    -232.066    -0.044
-711.722    -231.466    -0.044
-711.737    -230.967    -0.044
-711.748    -230.567    -0.044
-711.766    -229.967    -0.044
-711.780    -229.467    -0.044
-711.792    -229.067    -0.044
-711.806    -228.568    -0.044
-711.821    -228.068    -0.044
-711.838    -227.468    -0.044
-711.853    -226.968    -0.044
-711.864    -226.569    -0.044
-711.879    -226.069    -0.044
-711.894    -225.569    -0.044
-711.909    -225.069    -0.044
-711.923    -224.570    -0.044
-711.940    -223.970    -0.044
-711.952    -223.570    -0.044
-711.969    -222.970    -0.044
-711.980    -222.571    -0.044
-711.997    -221.971    -0.044
-712.012    -221.471    -0.044
-712.027    -220.971    -0.044
-712.038    -220.572    -0.044
-712.053    -220.072    -0.044
-712.068    -219.572    -0.043
-712.083    -219.072    -0.043
-712.097    -218.573    -0.043
-712.112    -218.073    -0.043
-712.127    -217.573    -0.043
-712.142    -217.073    -0.043
-712.156    -216.574    -0.043
-712.171    -216.074    -0.043
-712.186    -215.574    -0.043
-712.201    -215.074    -0.043
-712.215    -214.575    -0.043
-712.233    -213.975    -0.043
-712.248    -213.475    -0.043
-712.260    -213.075    -0.043
-712.278    -212.476    -0.043
-712.292    -211.976    -0.043
-712.304    -211.576    -0.043
-712.322    -210.976    -0.043
-712.337    -210.477    -0.043
-712.348    -210.077    -0.043
-712.364    -209.577    -0.043
-712.378    -209.077    -0.043
-712.392    -208.578    -0.043
-712.409    -207.978    -0.043
-712.421    -207.578    -0.043
-712.438    -206.978    -0.043
-712.449    -206.579    -0.043
-712.463    -206.079    -0.043
-712.480    -205.479    -0.043
-712.491    -205.079    -0.043
-712.506    -204.579    -0.043
-712.523    -203.980    -0.043
-712.537    -203.480    -0.043
-712.548    -203.080    -0.043
-712.565    -202.480    -0.043
-712.580    -201.981    -0.043
-712.592    -201.581    -0.043
-712.609    -200.981    -0.043
-712.622    -200.481    -0.043
-712.634    -200.082    -0.043
-712.651    -199.482    -0.043
-712.666    -198.982    -0.043
-712.677    -198.582    -0.043
-712.694    -197.983    -0.043
-712.708    -197.483    -0.043
-712.719    -197.083    -0.043
-712.736    -196.483    -0.043
-712.748    -196.084    -0.043
-712.763    -195.584    -0.043
-712.776    -195.084    -0.043
-712.790    -194.584    -0.043
-712.805    -194.084    -0.043
-712.822    -193.485    -0.043
-712.837    -192.985    -0.043
-712.848    -192.585    -0.043
-712.865    -191.985    -0.043
-712.879    -191.486    -0.043
-712.890    -191.086    -0.043
-712.907    -190.486    -0.043
-712.921    -189.986    -0.043
-712.933    -189.587    -0.043
-712.947    -189.087    -0.043
-712.964    -188.487    -0.043
-712.976    -188.087    -0.043
-712.993    -187.488    -0.043
-713.004    -187.088    -0.043
-713.017    -186.588    -0.043
-713.033    -185.988    -0.043
-713.047    -185.488    -0.043
-713.057    -185.089    -0.043
-713.073    -184.489    -0.042
-713.087    -183.989    -0.042
-713.101    -183.489    -0.042
-713.115    -182.990    -0.042
-713.126    -182.590    -0.042
-713.140    -182.090    -0.042
-713.157    -181.490    -0.042
-713.171    -180.991    -0.042
-713.184    -180.491    -0.042
-713.198    -179.991    -0.042
-713.212    -179.491    -0.042
-713.223    -179.091    -0.042
-713.237    -178.592    -0.042
-713.254    -177.992    -0.042
-713.268    -177.492    -0.042
-713.279    -177.092    -0.042
-713.293    -176.593    -0.042
-713.310    -175.993    -0.042
-713.324    -175.493    -0.042
-713.335    -175.093    -0.042
-713.349    -174.593    -0.042
-713.366    -173.994    -0.042
-713.380    -173.494    -0.042
-713.391    -173.094    -0.042
-713.405    -172.594    -0.042
-713.422    -171.995    -0.042
-713.436    -171.495    -0.042
-713.449    -170.995    -0.042
-713.463    -170.495    -0.042
-713.477    -169.996    -0.042
-713.488    -169.596    -0.042
-713.505    -168.996    -0.042
-713.519    -168.496    -0.042
-713.533    -167.997    -0.042
-713.544    -167.598    -0.042
-713.558    -167.098    -0.042
-713.575    -166.498    -0.042
-713.589    -165.998    -0.042
-713.600    -165.599    -0.042
-713.617    -164.999    -0.042
-713.631    -164.499    -0.042
-713.645    -163.999    -0.042
-713.656    -163.600    -0.042
-713.670    -163.100    -0.042
-713.687    -162.500    -0.042
-713.701    -162.000    -0.042
-713.715    -161.501    -0.042
-713.728    -161.001    -0.042
-713.742    -160.501    -0.042
-713.753    -160.101    -0.042
-713.771    -159.501    -0.042
-713.784    -159.002    -0.042
-713.796    -158.602    -0.042
-713.809    -158.102    -0.042
-713.823    -157.602    -0.042
-713.840    -157.003    -0.042
-713.852    -156.603    -0.042
-713.865    -156.103    -0.042
-713.882    -155.503    -0.042
-713.896    -155.004    -0.042
-713.908    -154.604    -0.042
-713.925    -154.004    -0.042
-713.938    -153.504    -0.042
-713.950    -153.104    -0.042
-713.964    -152.605    -0.042
-713.981    -152.005    -0.042
-713.994    -151.505    -0.042
-714.008    -151.005    -0.042
-714.022    -150.506    -0.042
-714.036    -150.006    -0.042
-714.048    -149.506    -0.042
-714.062    -149.006    -0.042
-714.075    -148.507    -0.042
-714.088    -148.007    -0.042
-714.101    -147.507    -0.042
-714.112    -147.107    -0.042
-714.128    -146.507    -0.042
-714.142    -146.008    -0.042
-714.154    -145.508    -0.042
-714.167    -145.008    -0.042
-714.181    -144.508    -0.042
-714.191    -144.108    -0.042
-714.207    -143.509    -0.042
-714.221    -143.009    -0.042
-714.234    -142.509    -0.042
-714.248    -142.009    -0.042
-714.260    -141.510    -0.042
-714.273    -141.010    -0.042
-714.287    -140.510    -0.041
-714.300    -140.010    -0.041
-714.313    -139.510    -0.041
-714.327    -139.011    -0.041
-714.340    -138.511    -0.041
-714.353    -138.011    -0.041
-714.366    -137.511    -0.041
-714.379    -137.011    -0.041
-714.393    -136.512    -0.041
-714.403    -136.112    -0.041
-714.419    -135.512    -0.041
-714.433    -135.012    -0.041
-714.446    -134.513    -0.041
-714.459    -134.013    -0.041
-714.469    -133.613    -0.041
-714.483    -133.113    -0.041
-714.496    -132.613    -0.041
-714.511    -132.114    -0.041
-714.529    -131.514    -0.041
-714.542    -131.114    -0.041
-714.556    -130.614    -0.041
-714.574    -130.015    -0.041
-714.589    -129.515    -0.041
-714.604    -129.015    -0.041
-714.619    -128.515    -0.041
-714.631    -128.116    -0.041
-714.646    -127.616    -0.041
-714.664    -127.016    -0.041
-714.679    -126.516    -0.041
-714.690    -126.117    -0.041
-714.708    -125.517    -0.041
-714.721    -125.117    -0.041
-714.735    -124.617    -0.041
-714.753    -124.018    -0.041
-714.768    -123.518    -0.041
-714.781    -123.118    -0.041
-714.795    -122.618    -0.041
-714.810    -122.119    -0.041
-714.825    -121.619    -0.041
-714.843    -121.019    -0.041
-714.855    -120.619    -0.041
-714.870    -120.120    -0.041
-714.888    -119.520    -0.041
-714.900    -119.120    -0.041
-714.913    -118.620    -0.041
-714.927    -118.121    -0.041
-714.941    -117.621    -0.041
-714.958    -117.021    -0.041
-714.969    -116.621    -0.041
-714.983    -116.122    -0.041
-715.000    -115.522    -0.041
-715.014    -115.022    -0.041
-715.028    -114.522    -0.041
-715.041    -114.023    -0.041
-715.053    -113.623    -0.041
-715.070    -113.023    -0.041
-715.084    -112.523    -0.041
-715.097    -112.023    -0.041
-715.111    -111.524    -0.041
-715.125    -111.024    -0.041
-715.136    -110.624    -0.041
-715.150    -110.124    -0.041
-715.167    -109.525    -0.041
-715.181    -109.025    -0.041
-715.192    -108.625    -0.041
-715.206    -108.125    -0.041
-715.223    -107.526    -0.041
-715.237    -107.026    -0.041
-715.248    -106.626    -0.041
-715.265    -106.026    -0.041
-715.279    -105.526    -0.041
-715.293    -105.027    -0.041
-715.304    -104.627    -0.041
-715.318    -104.127    -0.041
-715.335    -103.527    -0.041
-715.349    -103.028    -0.041
-715.360    -102.628    -0.041
-715.374    -102.128    -0.041
-715.391    -101.528    -0.041
-715.405    -101.029    -0.041
-715.418    -100.529    -0.041
-715.432    -100.029    -0.041
-715.444    -99.629    -0.041
-715.457    -99.129    -0.041
-715.474    -98.530    -0.041
-715.486    -98.130    -0.041
-715.500    -97.630    -0.041
-715.517    -97.030    -0.041
-715.527    -96.631    -0.041
-715.541    -96.131    -0.041
-715.558    -95.531    -0.041
-715.572    -95.031    -0.041
-715.583    -94.632    -0.041
-715.600    -94.032    -0.041
-715.614    -93.532    -0.041
-715.625    -93.132    -0.041
-715.639    -92.632    -0.041
-715.656    -92.033    -0.041
-715.670    -91.533    -0.041
-715.681    -91.133    -0.041
-715.695    -90.633    -0.041
-715.712    -90.034    -0.041
-715.726    -89.534    -0.041
-715.740    -89.034    -0.041
-715.753    -88.534    -0.041
-715.765    -88.135    -0.041
-715.778    -87.635    -0.041
-715.796    -87.035    -0.041
-715.807    -86.635    -0.041
-715.821    -86.135    -0.041
-715.838    -85.536    -0.041
-715.852    -85.036    -0.041
-715.863    -84.636    -0.041
-715.877    -84.136    -0.041
-715.890    -83.637    -0.041
-715.907    -83.037    -0.041
-715.921    -82.537    -0.041
-715.935    -82.037    -0.041
-715.949    -81.538    -0.041
-715.962    -81.038    -0.041
-715.976    -80.538    -0.041
-715.990    -80.038    -0.041
-716.004    -79.539    -0.041
-716.018    -79.039    -0.041
-716.032    -78.539    -0.041
-716.046    -78.039    -0.041
-716.060    -77.539    -0.041
-716.073    -77.040    -0.041
-716.087    -76.540    -0.041
-716.101    -76.040    -0.041
-716.115    -75.540    -0.041
-716.128    -75.041    -0.041
-716.142    -74.541    -0.041
-716.156    -74.041    -0.041
-716.167    -73.641    -0.041
-716.184    -73.041    -0.041
-716.198    -72.542    -0.041
-716.212    -72.042    -0.041
-716.226    -71.542    -0.041
-716.239    -71.042    -0.041
-716.253    -70.544    -0.041
-716.267    -70.044    -0.041
-716.281    -69.544    -0.041
-716.294    -69.044    -0.041
-716.308    -68.545    -0.041
-716.319    -68.145    -0.041
-716.334    -67.645    -0.041
-716.351    -67.045    -0.041
-716.363    -66.645    -0.041
-716.376    -66.146    -0.041
-716.394    -65.546    -0.041
-716.405    -65.146    -0.041
-716.422    -64.546    -0.041
-716.437    -64.047    -0.041
-716.448    -63.647    -0.041
-716.463    -63.147    -0.041
-716.480    -62.547    -0.041
-716.494    -62.048    -0.040
-716.505    -61.648    -0.040
-716.522    -61.048    -0.040
-716.534    -60.648    -0.040
-716.551    -60.049    -0.040
-716.565    -59.549    -0.040
-716.577    -59.149    -0.040
-716.591    -58.649    -0.040
-716.608    -58.050    -0.040
-716.619    -57.650    -0.040
-716.636    -57.050    -0.040
-716.651    -56.550    -0.040
-716.662    -56.150    -0.040
-716.679    -55.551    -0.040
-716.693    -55.051    -0.040
-716.707    -54.551    -0.040
-716.718    -54.151    -0.040
-716.732    -53.652    -0.040
-716.749    -53.052    -0.040
-716.761    -52.652    -0.040
-716.774    -52.152    -0.040
-716.791    -51.553    -0.040
-716.805    -51.053    -0.040
-716.817    -50.653    -0.040
-716.830    -50.153    -0.040
-716.844    -49.653    -0.040
-716.858    -49.154    -0.040
-716.872    -48.654    -0.040
-716.889    -48.054    -0.040
-716.902    -47.554    -0.040
-716.914    -47.155    -0.040
-716.931    -46.555    -0.040
-716.942    -46.155    -0.040
-716.956    -45.655    -0.040
-716.973    -45.056    -0.040
-716.987    -44.556    -0.040
-717.001    -44.056    -0.040
-717.014    -43.556    -0.040
-717.026    -43.156    -0.040
-717.043    -42.557    -0.040
-717.057    -42.057    -0.040
-717.068    -41.657    -0.040
-717.082    -41.157    -0.040
-717.095    -40.658    -0.040
-717.113    -40.058    -0.040
-717.126    -39.558    -0.040
-717.140    -39.058    -0.040
-717.151    -38.659    -0.040
-717.169    -38.059    -0.040
-717.182    -37.559    -0.040
-717.196    -37.059    -0.040
-717.210    -36.560    -0.040
-717.224    -36.060    -0.040
-717.235    -35.660    -0.040
-717.252    -35.060    -0.040
-717.266    -34.560    -0.040
-717.277    -34.161    -0.040
-717.291    -33.661    -0.040
-717.308    -33.061    -0.040
-717.319    -32.661    -0.040
-717.334    -32.162    -0.040
-717.351    -31.562    -0.040
-717.365    -31.062    -0.040
-717.376    -30.662    -0.040
-717.393    -30.063    -0.040
-717.407    -29.563    -0.040
-717.419    -29.163    -0.040
-717.436    -28.563    -0.040
-717.449    -28.064    -0.040
-717.461    -27.664    -0.040
-717.478    -27.064    -0.040
-717.492    -26.564    -0.040
-717.503    -26.164    -0.040
-717.520    -25.565    -0.040
-717.532    -25.165    -0.040
-717.549    -24.565    -0.040
-717.563    -24.065    -0.040
-717.577    -23.566    -0.040
-717.589    -23.166    -0.040
-717.606    -22.566    -0.040
-717.619    -22.066    -0.040
-717.631    -21.667    -0.040
-717.648    -21.067    -0.040
-717.662    -20.567    -0.040
-717.673    -20.167    -0.040
-717.690    -19.568    -0.040
-717.704    -19.068    -0.040
-717.718    -18.568    -0.040
-717.732    -18.068    -0.040
-717.746    -17.568    -0.040
-717.760    -17.069    -0.040
-717.775    -16.569    -0.040
-717.788    -16.069    -0.040
-717.802    -15.569    -0.040
-717.817    -15.070    -0.040
-717.831    -14.570    -0.040
-717.842    -14.170    -0.040
-717.859    -13.570    -0.040
-717.870    -13.171    -0.040
-717.885    -12.671    -0.040
-717.900    -12.171    -0.040
-717.915    -11.671    -0.040
-717.929    -11.172    -0.040
-717.944    -10.672    -0.040
-717.959    -10.172    -0.040
-717.974    -9.672    -0.040
-717.988    -9.173    -0.040
-718.003    -8.673    -0.040
-718.018    -8.173    -0.040
-718.033    -7.673    -0.040
-718.047    -7.174    -0.040
-718.062    -6.674    -0.040
-718.077    -6.174    -0.040
-718.092    -5.674    -0.040
-718.106    -5.175    -0.040
-718.121    -4.675    -0.040
-718.136    -4.175    -0.040
-718.151    -3.675    -0.040
-718.165    -3.176    -0.040
-718.180    -2.676    -0.040
-718.195    -2.176    -0.040
-718.210    -1.676    -0.040
-718.224    -1.177    -0.040
-718.239    -0.677    -0.040
-718.254    -0.177    -0.040
-718.269    0.323    -0.040
-718.283    0.822    -0.040
-718.298    1.322    -0.040
-718.316    1.922    -0.040
-718.331    2.422    -0.040
-718.346    2.921    -0.040
-718.360    3.421    -0.040
-718.375    3.921    -0.040
-718.390    4.421    -0.040
-718.405    4.920    -0.040
-718.418    5.420    -0.040
-718.430    5.820    -0.040
-718.447    6.420    -0.040
-718.458    6.820    -0.040
-718.473    7.319    -0.040
-718.490    7.918    -0.040
-718.501    8.318    -0.040
-718.516    8.818    -0.040
-718.533    9.417    -0.040
-718.545    9.817    -0.040
-718.562    10.417    -0.040
-718.577    10.917    -0.040
-718.590    11.416    -0.040
-718.602    11.816    -0.040
-718.619    12.416    -0.040
-718.630    12.816    -0.040
-718.647    13.415    -0.040
-718.662    13.915    -0.040
-718.673    14.315    -0.040
-718.690    14.915    -0.040
-718.705    15.414    -0.040
-718.717    15.814    -0.040
-718.734    16.414    -0.040
-718.748    16.914    -0.040
-718.762    17.413    -0.040
-718.774    17.813    -0.040
-718.791    18.413    -0.040
-718.802    18.813    -0.040
-718.817    19.312    -0.040
-718.834    19.912    -0.040
-718.845    20.312    -0.040
-718.862    20.912    -0.040
-718.877    21.411    -0.040
-718.889    21.811    -0.041
-718.906    22.411    -0.041
-718.919    22.911    -0.041
-718.932    23.411    -0.041
-718.945    23.910    -0.041
-718.958    24.410    -0.041
-718.970    24.910    -0.041
-718.983    25.410    -0.041
-718.993    25.810    -0.041
-719.009    26.409    -0.041
-719.021    26.909    -0.041
-719.031    27.309    -0.041
-719.047    27.909    -0.041
-719.060    28.409    -0.041
-719.069    28.808    -0.041
-719.082    29.308    -0.041
-719.094    29.808    -0.041
-719.110    30.408    -0.041
-719.122    30.908    -0.041
-719.135    31.407    -0.041
-719.148    31.907    -0.041
-719.161    32.407    -0.041
-719.173    32.907    -0.041
-719.186    33.407    -0.041
-719.199    33.906    -0.041
-719.212    34.406    -0.041
-719.224    34.906    -0.041
-719.237    35.406    -0.041
-719.250    35.906    -0.041
-719.263    36.405    -0.041
-719.275    36.905    -0.041
-719.288    37.405    -0.041
-719.301    37.905    -0.041
-719.314    38.405    -0.041
-719.326    38.904    -0.041
-719.339    39.404    -0.041
-719.352    39.904    -0.041
-719.365    40.404    -0.041
-719.374    40.804    -0.041
-719.390    41.403    -0.041
-719.401    41.803    -0.041
-719.415    42.303    -0.041
-719.432    42.903    -0.041
-719.444    43.302    -0.041
-719.461    43.902    -0.041
-719.472    44.302    -0.041
-719.489    44.902    -0.041
-719.504    45.401    -0.041
-719.515    45.801    -0.041
-719.532    46.401    -0.041
-719.546    46.901    -0.041
-719.558    47.300    -0.041
-719.575    47.900    -0.041
-719.586    48.300    -0.041
-719.603    48.900    -0.041
-719.615    49.300    -0.041
-719.632    49.899    -0.041
-719.643    50.299    -0.041
-719.660    50.899    -0.041
-719.672    51.299    -0.041
-719.689    51.898    -0.041
-719.700    52.298    -0.041
-719.717    52.898    -0.041
-719.732    53.398    -0.041
-719.743    53.797    -0.041
-719.760    54.397    -0.041
-719.772    54.797    -0.041
-719.789    55.397    -0.041
-719.800    55.796    -0.041
-719.817    56.396    -0.041
-719.829    56.796    -0.041
-719.846    57.396    -0.041
-719.860    57.895    -0.041
-719.871    58.295    -0.041
-719.888    58.895    -0.041
-719.903    59.395    -0.041
-719.914    59.795    -0.041
-719.931    60.394    -0.041
-719.943    60.794    -0.041
-719.956    61.294    -0.041
-719.974    61.894    -0.041
-719.985    62.293    -0.041
-720.002    62.893    -0.041
-720.013    63.293    -0.041
-720.031    63.893    -0.041
-720.042    64.292    -0.041
-720.059    64.892    -0.041
-720.070    65.292    -0.041
-720.088    65.892    -0.041
-720.099    66.291    -0.041
-720.116    66.891    -0.041
-720.127    67.291    -0.041
-720.145    67.891    -0.041
-720.156    68.290    -0.041
-720.170    68.790    -0.041
-720.187    69.390    -0.041
-720.201    69.890    -0.041
-720.213    70.290    -0.041
-720.230    70.889    -0.041
-720.241    71.289    -0.041
-720.258    71.889    -0.041
-720.270    72.289    -0.041
-720.287    72.888    -0.041
-720.302    73.388    -0.041
-720.313    73.788    -0.041
-720.330    74.388    -0.041
-720.342    74.787    -0.041
-720.355    75.287    -0.041
-720.372    75.887    -0.041
-720.384    76.287    -0.041
-720.398    76.786    -0.041
-720.412    77.286    -0.041
-720.429    77.886    -0.041
-720.444    78.386    -0.041
-720.456    78.785    -0.041
-720.473    79.385    -0.041
-720.484    79.785    -0.041
-720.501    80.385    -0.041
-720.513    80.785    -0.041
-720.526    81.284    -0.041
-720.543    81.884    -0.041
-720.555    82.284    -0.041
-720.572    82.884    -0.041
-720.586    83.383    -0.041
-720.597    83.783    -0.041
-720.614    84.383    -0.041
-720.629    84.883    -0.041
-720.640    85.282    -0.041
-720.657    85.882    -0.041
-720.669    86.282    -0.041
-720.686    86.882    -0.041
-720.697    87.281    -0.041
-720.714    87.881    -0.041
-720.726    88.281    -0.041
-720.743    88.881    -0.041
-720.754    89.280    -0.041
-720.769    89.780    -0.041
-720.783    90.280    -0.041
-720.796    90.780    -0.041
-720.811    91.280    -0.041
-720.828    91.879    -0.041
-720.840    92.279    -0.041
-720.857    92.879    -0.041
-720.868    93.279    -0.041
-720.883    93.778    -0.041
-720.900    94.378    -0.041
-720.911    94.778    -0.041
-720.925    95.278    -0.041
-720.942    95.877    -0.041
-720.955    96.277    -0.041
-720.970    96.777    -0.041
-720.986    97.277    -0.041
-721.002    97.776    -0.041
-721.018    98.275    -0.041
-721.037    98.875    -0.041
-721.052    99.374    -0.041
-721.068    99.874    -0.041
-721.082    100.274    -0.042
-721.097    100.774    -0.042
-721.113    101.273    -0.042
-721.130    101.773    -0.042
-721.146    102.273    -0.042
-721.161    102.773    -0.042
-721.180    103.372    -0.042
-721.193    103.772    -0.042
-721.212    104.372    -0.042
-721.225    104.771    -0.042
-721.241    105.271    -0.042
-721.260    105.871    -0.042
-721.276    106.371    -0.042
-721.292    106.870    -0.042
-721.307    107.370    -0.042
-721.323    107.870    -0.042
-721.335    108.269    -0.042
-721.350    108.769    -0.042
-721.365    109.269    -0.042
-721.380    109.769    -0.042
-721.394    110.268    -0.042
-721.409    110.768    -0.042
-721.424    111.268    -0.042
-721.439    111.768    -0.042
-721.453    112.267    -0.042
-721.468    112.767    -0.042
-721.483    113.267    -0.042
-721.498    113.767    -0.042
-721.511    114.267    -0.042
-721.526    114.766    -0.042
-721.541    115.266    -0.042
-721.556    115.766    -0.042
-721.570    116.266    -0.042
-721.585    116.765    -0.042
-721.600    117.265    -0.042
-721.615    117.765    -0.042
-721.629    118.265    -0.042
-721.644    118.764    -0.042
-721.659    119.264    -0.042
-721.674    119.764    -0.042
-721.688    120.264    -0.042
-721.703    120.763    -0.042
-721.718    121.263    -0.042
-721.733    121.763    -0.042
-721.747    122.263    -0.042
-721.762    122.762    -0.042
-721.777    123.262    -0.042
-721.792    123.762    -0.042
-721.806    124.262    -0.042
-721.821    124.761    -0.042
-721.836    125.261    -0.042
-721.851    125.761    -0.042
-721.865    126.261    -0.042
-721.880    126.760    -0.042
-721.897    127.360    -0.042
-721.909    127.760    -0.042
-721.923    128.260    -0.042
-721.938    128.759    -0.042
-721.953    129.259    -0.042
-721.968    129.759    -0.042
-721.986    130.358    -0.042
-721.997    130.758    -0.042
-722.014    131.358    -0.042
-722.026    131.758    -0.042
-722.040    132.258    -0.042
-722.055    132.757    -0.042
-722.070    133.257    -0.042
-722.084    133.757    -0.042
-722.099    134.257    -0.042
-722.114    134.756    -0.042
-722.129    135.256    -0.042
-722.143    135.756    -0.042
-722.158    136.256    -0.042
-722.175    136.855    -0.042
-722.187    137.255    -0.042
-722.205    137.855    -0.042
-722.220    138.355    -0.042
-722.231    138.754    -0.042
-722.246    139.254    -0.042
-722.260    139.754    -0.042
-722.275    140.254    -0.042
-722.290    140.753    -0.042
-722.305    141.253    -0.042
-722.319    141.753    -0.042
-722.337    142.353    -0.042
-722.348    142.752    -0.042
-722.363    143.252    -0.042
-722.377    143.752    -0.042
-722.392    144.252    -0.042
-722.409    144.851    -0.043
-722.422    145.251    -0.043
-722.436    145.750    -0.043
-722.453    146.350    -0.043
-722.468    146.849    -0.043
-722.480    147.249    -0.043
-722.498    147.849    -0.043
-722.509    148.249    -0.043
-722.526    148.848    -0.043
-722.538    149.248    -0.043
-722.555    149.848    -0.043
-722.566    150.248    -0.043
-722.583    150.847    -0.043
-722.595    151.247    -0.043
-722.609    151.747    -0.043
-722.626    152.347    -0.043
-722.638    152.746    -0.043
-722.655    153.346    -0.043
-722.666    153.746    -0.043
-722.680    154.246    -0.043
-722.695    154.746    -0.043
-722.712    155.345    -0.043
-722.723    155.745    -0.043
-722.740    156.345    -0.043
-722.752    156.745    -0.043
-722.769    157.344    -0.043
-722.780    157.744    -0.043
-722.795    158.244    -0.043
-722.812    158.844    -0.043
-722.823    159.243    -0.043
-722.841    159.843    -0.043
-722.852    160.243    -0.043
-722.869    160.843    -0.043
-722.880    161.242    -0.043
-722.895    161.742    -0.043
-722.912    162.342    -0.043
-722.924    162.742    -0.043
-722.937    163.241    -0.043
-722.952    163.741    -0.043
-722.969    164.341    -0.043
-722.981    164.741    -0.043
-722.995    165.240    -0.043
-723.013    165.840    -0.043
-723.024    166.240    -0.043
-723.039    166.740    -0.043
-723.056    167.339    -0.043
-723.070    167.839    -0.043
-723.081    168.239    -0.043
-723.098    168.839    -0.043
-723.109    169.239    -0.043
-723.124    169.738    -0.043
-723.141    170.338    -0.043
-723.153    170.738    -0.043
-723.167    171.238    -0.043
-723.184    171.837    -0.043
-723.196    172.237    -0.043
-723.213    172.837    -0.043
-723.224    173.237    -0.043
-723.241    173.836    -0.043
-723.253    174.236    -0.043
-723.268    174.736    -0.043
-723.281    175.236    -0.043
-723.298    175.835    -0.043
-723.310    176.235    -0.043
-723.327    176.835    -0.043
-723.338    177.235    -0.043
-723.353    177.734    -0.043
-723.370    178.334    -0.043
-723.384    178.834    -0.043
-723.395    179.234    -0.043
-723.412    179.834    -0.044
-723.424    180.233    -0.044
-723.439    180.733    -0.044
-723.456    181.333    -0.044
-723.467    181.733    -0.044
-723.482    182.232    -0.044
-723.499    182.832    -0.044
-723.514    183.332    -0.044
-723.525    183.732    -0.044
-723.539    184.231    -0.044
-723.556    184.831    -0.044
-723.567    185.231    -0.044
-723.584    185.831    -0.044
-723.599    186.330    -0.044
-723.610    186.730    -0.044
-723.628    187.330    -0.044
-723.639    187.730    -0.044
-723.656    188.329    -0.044
-723.667    188.729    -0.044
-723.685    189.329    -0.044
-723.696    189.729    -0.044
-723.713    190.328    -0.044
-723.724    190.728    -0.044
-723.739    191.228    -0.044
-723.756    191.828    -0.044
-723.768    192.228    -0.044
-723.782    192.727    -0.044
-723.800    193.327    -0.044
-723.811    193.727    -0.044
-723.828    194.327    -0.044
-723.843    194.826    -0.044
-723.858    195.326    -0.044
-723.872    195.826    -0.044
-723.884    196.226    -0.044
-723.898    196.725    -0.044
-723.913    197.225    -0.044
-723.928    197.725    -0.044
-723.943    198.225    -0.044
-723.960    198.824    -0.044
-723.971    199.224    -0.044
-723.986    199.724    -0.044
-724.004    200.324    -0.044
-724.019    200.823    -0.044
-724.030    201.223    -0.044
-724.047    201.823    -0.044
-724.062    202.323    -0.044
-724.077    202.822    -0.044
-724.091    203.322    -0.044
-724.106    203.822    -0.044
-724.121    204.322    -0.044
-724.133    204.721    -0.044
-724.148    205.221    -0.044
-724.165    205.821    -0.044
-724.177    206.221    -0.044
-724.191    206.720    -0.044
-724.208    207.320    -0.044
-724.221    207.720    -0.044
-724.236    208.220    -0.044
-724.253    208.819    -0.044
-724.267    209.319    -0.045
-724.282    209.819    -0.045
-724.297    210.319    -0.045
-724.312    210.818    -0.045
-724.326    211.318    -0.045
-724.338    211.718    -0.045
-724.353    212.218    -0.045
-724.367    212.717    -0.045
-724.382    213.217    -0.045
-724.396    213.717    -0.045
-724.412    214.317    -0.045
-724.422    214.717    -0.045
-724.436    215.216    -0.045
-724.453    215.816    -0.045
-724.463    216.216    -0.045
-724.480    216.815    -0.045
-724.493    217.314    -0.045
-724.507    217.814    -0.045
-724.517    218.214    -0.045
-724.534    218.814    -0.045
-724.547    219.313    -0.045
-724.558    219.713    -0.045
-724.574    220.313    -0.045
-724.588    220.813    -0.045
-724.598    221.213    -0.045
-724.612    221.712    -0.045
-724.625    222.212    -0.045
-724.642    222.812    -0.045
-724.655    223.312    -0.045
-724.666    223.712    -0.045
-724.682    224.311    -0.045
-724.695    224.811    -0.045
-724.709    225.311    -0.045
-724.723    225.811    -0.045
-724.737    226.310    -0.045
-724.749    226.810    -0.045
-724.763    227.310    -0.045
-724.777    227.810    -0.045
-724.790    228.310    -0.045
-724.803    228.809    -0.045
-724.817    229.309    -0.045
-724.828    229.709    -0.045
-724.844    230.309    -0.045
-724.857    230.808    -0.045
-724.871    231.308    -0.045
-724.885    231.808    -0.045
-724.899    232.308    -0.045
-724.909    232.708    -0.045
-724.925    233.307    -0.045
-724.939    233.807    -0.045
-724.949    234.207    -0.045
-724.965    234.807    -0.045
-724.979    235.306    -0.046
-724.993    235.806    -0.046
-725.007    236.306    -0.046
-725.020    236.806    -0.046
-725.031    237.206    -0.046
-725.047    237.805    -0.046
-725.061    238.305    -0.046
-725.074    238.805    -0.046
-725.088    239.305    -0.046
-725.101    239.804    -0.046
-725.115    240.304    -0.046
-725.125    240.704    -0.046
-725.141    241.304    -0.046
-725.153    241.704    -0.046
-725.167    242.203    -0.046
-725.184    242.803    -0.046
-725.196    243.203    -0.046
-725.213    243.803    -0.046
-725.224    244.202    -0.046
-725.241    244.802    -0.046
-725.253    245.202    -0.046
-725.267    245.702    -0.046
-725.285    246.301    -0.046
-725.296    246.701    -0.046
-725.313    247.301    -0.046
-725.328    247.801    -0.046
-725.339    248.200    -0.046
-725.356    248.800    -0.046
-725.368    249.200    -0.046
-725.381    249.700    -0.046
-725.399    250.299    -0.046
-725.410    250.699    -0.046
-725.427    251.299    -0.046
-725.438    251.699    -0.046
-725.453    252.199    -0.046
-725.470    252.798    -0.046
-725.482    253.198    -0.046
-725.499    253.798    -0.046
-725.510    254.198    -0.046
-725.525    254.697    -0.046
-725.542    255.297    -0.046
-725.553    255.697    -0.046
-725.570    256.297    -0.046
-725.582    256.696    -0.046
-725.599    257.296    -0.046
-725.610    257.696    -0.046
-725.627    258.296    -0.046
-725.639    258.695    -0.046
-725.656    259.295    -0.047
-725.667    259.695    -0.047
-725.682    260.195    -0.047
-725.699    260.794    -0.047
-725.711    261.194    -0.047
-725.725    261.694    -0.047
-725.742    262.294    -0.047
-725.754    262.693    -0.047
-725.769    263.193    -0.047
-725.786    263.793    -0.047
-725.799    264.293    -0.047
-725.811    264.693    -0.047
-725.828    265.292    -0.047
-725.839    265.692    -0.047
-725.856    266.292    -0.047
-725.868    266.692    -0.047
-725.885    267.291    -0.047
-725.896    267.691    -0.047
-725.911    268.191    -0.047
-725.928    268.791    -0.047
-725.940    269.190    -0.047
-725.954    269.690    -0.047
-725.971    270.290    -0.047
-725.983    270.690    -0.047
-726.000    271.289    -0.047
-726.014    271.789    -0.047
-726.025    272.189    -0.047
-726.040    272.689    -0.047
-726.057    273.288    -0.047
-726.068    273.688    -0.047
-726.085    274.288    -0.047
-726.100    274.788    -0.047
-726.111    275.188    -0.047
-726.125    275.687    -0.047
-726.142    276.287    -0.047
-726.154    276.687    -0.047
-726.168    277.187    -0.047
-726.186    277.786    -0.047
-726.197    278.186    -0.047
-726.212    278.686    -0.047
-726.229    279.286    -0.047
-726.240    279.685    -0.047
-726.255    280.185    -0.047
-726.272    280.785    -0.047
-726.283    281.185    -0.048
-726.297    281.684    -0.048
-726.314    282.284    -0.048
-726.326    282.684    -0.048
-726.340    283.184    -0.048
-726.357    283.783    -0.048
-726.369    284.183    -0.048
-726.386    284.783    -0.048
-726.397    285.183    -0.048
-726.414    285.782    -0.048
-726.426    286.182    -0.048
-726.443    286.782    -0.048
-726.454    287.182    -0.048
-726.469    287.682    -0.048
-726.485    288.281    -0.048
-726.499    288.781    -0.048
-726.509    289.181    -0.048
-726.523    289.681    -0.048
-726.537    290.180    -0.048
-726.551    290.680    -0.048
-726.567    291.280    -0.048
-726.580    291.780    -0.048
-726.591    292.180    -0.048
-726.607    292.779    -0.048
-726.617    293.179    -0.048
-726.631    293.679    -0.048
-726.647    294.279    -0.048
-726.661    294.778    -0.048
-726.675    295.278    -0.048
-726.688    295.778    -0.048
-726.702    296.278    -0.048
-726.713    296.678    -0.048
-726.729    297.277    -0.048
-726.742    297.777    -0.048
-726.753    298.177    -0.048
-726.769    298.777    -0.048
-726.783    299.276    -0.048
-726.793    299.676    -0.048
-726.809    300.276    -0.048
-726.823    300.776    -0.048
-726.834    301.176    -0.048
-726.850    301.775    -0.049
-726.864    302.275    -0.049
-726.874    302.675    -0.049
-726.891    303.275    -0.049
-726.904    303.774    -0.049
-726.915    304.174    -0.049
-726.928    304.674    -0.049
-726.942    305.174    -0.049
-726.956    305.674    -0.049
-726.970    306.173    -0.049
-726.986    306.773    -0.049
-726.996    307.173    -0.049
-727.012    307.773    -0.049
-727.026    308.272    -0.049
-727.036    308.672    -0.049
-727.050    309.172    -0.049
-727.066    309.772    -0.049
-727.080    310.272    -0.049
-727.090    310.671    -0.049
-727.104    311.171    -0.049
-727.118    311.671    -0.049
-727.131    312.171    -0.049
-727.144    312.670    -0.049
-727.158    313.170    -0.049
-727.174    313.770    -0.049
-727.188    314.270    -0.049
-727.202    314.770    -0.049
-727.212    315.169    -0.049
-727.226    315.669    -0.049
-727.240    316.169    -0.049
-727.256    316.769    -0.049
-727.266    317.168    -0.049
-727.282    317.768    -0.049
-727.296    318.268    -0.049
-727.310    318.768    -0.049
-727.320    319.168    -0.049
-727.334    319.667    -0.049
-727.350    320.267    -0.049
-727.364    320.767    -0.050
-727.374    321.167    -0.050
-727.388    321.666    -0.050
-727.402    322.165    -0.050
-727.415    322.665    -0.050
-727.431    323.265    -0.050
-727.445    323.765    -0.050
-727.458    324.264    -0.050
-727.472    324.764    -0.050
-727.482    325.164    -0.050
-727.496    325.664    -0.050
-727.510    326.164    -0.050
-727.523    326.663    -0.050
-727.539    327.263    -0.050
-727.553    327.763    -0.050
-727.564    328.163    -0.050
-727.580    328.762    -0.050
-727.593    329.262    -0.050
-727.604    329.662    -0.050
-727.618    330.162    -0.050
-727.631    330.662    -0.050
-727.645    331.161    -0.050
-727.661    331.761    -0.050
-727.671    332.161    -0.050
-727.688    332.761    -0.050
-727.701    333.260    -0.050
-727.715    333.760    -0.050
-727.725    334.160    -0.050
-727.743    334.760    -0.050
-727.754    335.159    -0.050
-727.771    335.759    -0.050
-727.782    336.159    -0.050
-727.800    336.759    -0.050
-727.811    337.159    -0.050
-727.828    337.758    -0.050
-727.839    338.158    -0.050
-727.857    338.758    -0.051
-727.868    339.158    -0.051
-727.885    339.757    -0.051
-727.896    340.157    -0.051
-727.914    340.757    -0.051
-727.925    341.157    -0.051
-727.942    341.756    -0.051
-727.953    342.156    -0.051
-727.967    342.656    -0.051
-727.984    343.256    -0.051
-727.996    343.655    -0.051
-728.013    344.255    -0.051
-728.024    344.655    -0.051
-728.041    345.255    -0.051
-728.053    345.655    -0.051
-728.070    346.254    -0.051
-728.081    346.654    -0.051
-728.098    347.254    -0.051
-728.113    347.753    -0.051
-728.124    348.153    -0.051
-728.141    348.753    -0.051
-728.153    349.153    -0.051
-728.167    349.653    -0.051
-728.184    350.252    -0.051
-728.195    350.652    -0.051
-728.209    351.152    -0.051
-728.226    351.752    -0.051
-728.237    352.151    -0.051
-728.252    352.651    -0.051
-728.269    353.251    -0.051
-728.281    353.651    -0.051
-728.298    354.250    -0.051
-728.309    354.650    -0.051
-728.326    355.250    -0.051
-728.341    355.750    -0.051
-728.355    356.249    -0.052
-728.366    356.649    -0.052
-728.383    357.249    -0.052
-728.395    357.649    -0.052
-728.412    358.249    -0.052
-728.423    358.648    -0.052
-728.440    359.248    -0.052
-728.452    359.648    -0.052
-728.469    360.248    -0.052
-728.480    360.647    -0.052
-728.494    361.147    -0.052
-728.511    361.747    -0.052
-728.526    362.247    -0.052
-728.537    362.646    -0.052
-728.554    363.246    -0.052
-728.565    363.646    -0.052
-728.579    364.146    -0.052
-728.596    364.745    -0.052
-728.608    365.145    -0.052
-728.622    365.645    -0.052
-728.640    366.245    -0.052
-728.651    366.645    -0.052
-728.668    367.244    -0.052
-728.679    367.644    -0.052
-728.697    368.244    -0.052
-728.708    368.644    -0.052
-728.722    369.143    -0.052
-728.739    369.743    -0.052
-728.750    370.143    -0.052
-728.767    370.743    -0.052
-728.779    371.142    -0.052
-728.796    371.742    -0.052
-728.811    372.242    -0.052
-728.822    372.642    -0.053
-728.839    373.241    -0.053
-728.850    373.641    -0.053
-728.868    374.241    -0.053
-728.879    374.641    -0.053
-728.896    375.240    -0.053
-728.907    375.640    -0.053
-728.924    376.240    -0.053
-728.936    376.640    -0.053
-728.953    377.239    -0.053
-728.964    377.639    -0.053
-728.978    378.139    -0.053
-728.995    378.739    -0.053
-729.007    379.139    -0.053
-729.024    379.738    -0.053
-729.035    380.138    -0.053
-729.052    380.738    -0.053
-729.066    381.238    -0.053
-729.080    381.737    -0.053
-729.090    382.137    -0.053
-729.104    382.637    -0.053
-729.120    383.237    -0.053
-729.130    383.637    -0.053
-729.146    384.236    -0.053
-729.160    384.736    -0.053
-729.171    385.136    -0.053
-729.184    385.636    -0.053
-729.198    386.135    -0.053
-729.212    386.635    -0.053
-729.228    387.235    -0.053
-729.242    387.735    -0.053
-729.252    388.135    -0.053
-729.266    388.634    -0.054
-729.282    389.234    -0.054
-729.292    389.634    -0.054
-729.306    390.134    -0.054
-729.320    390.633    -0.054
-729.334    391.133    -0.054
-729.350    391.733    -0.054
-729.363    392.233    -0.054
-729.374    392.633    -0.054
-729.390    393.232    -0.054
-729.404    393.732    -0.054
-729.414    394.132    -0.054
-729.428    394.632    -0.054
-729.442    395.131    -0.054
-729.455    395.631    -0.054
-729.471    396.231    -0.054
-729.485    396.731    -0.054
-729.495    397.131    -0.054
-729.512    397.730    -0.054
-729.525    398.230    -0.054
-729.536    398.630    -0.054
-729.552    399.230    -0.054
-729.566    399.729    -0.054
-729.576    400.129    -0.054
-729.590    400.629    -0.054
-729.606    401.229    -0.054
-729.617    401.629    -0.054
-729.633    402.228    -0.054
-729.647    402.728    -0.054
-729.657    403.128    -0.054
-729.674    403.728    -0.055
-729.687    404.227    -0.055
-729.698    404.627    -0.055
-729.711    405.127    -0.055
-729.725    405.627    -0.055
-729.739    406.127    -0.055
-729.755    406.726    -0.055
-729.769    407.226    -0.055
-729.779    407.626    -0.055
-729.795    408.226    -0.055
-729.809    408.725    -0.055
-729.819    409.125    -0.055
-729.835    409.725    -0.055
-729.849    410.225    -0.055
-729.860    410.625    -0.055
-729.873    411.124    -0.055
-729.887    411.624    -0.055
-729.901    412.124    -0.055
-729.917    412.724    -0.055
-729.931    413.223    -0.055
-729.941    413.623    -0.055
-729.955    414.123    -0.055
-729.971    414.723    -0.055
-729.985    415.223    -0.055
-729.995    415.622    -0.055
-730.011    416.222    -0.055
-730.025    416.722    -0.055
-730.039    417.222    -0.055
-730.049    417.621    -0.055
-730.063    418.121    -0.055
-730.079    418.721    -0.056
-730.093    419.221    -0.056
-730.106    419.721    -0.056
-730.117    420.120    -0.056
-730.133    420.720    -0.056
-730.147    421.220    -0.056
-730.160    421.720    -0.056
-730.174    422.219    -0.056
-730.185    422.619    -0.056
-730.198    423.119    -0.056
-730.212    423.619    -0.056
-730.226    424.119    -0.056
-730.242    424.718    -0.056
-730.256    425.218    -0.056
-730.266    425.618    -0.056
-730.282    426.218    -0.056
-730.296    426.717    -0.056
-730.310    427.217    -0.056
-730.323    427.717    -0.056
-730.334    428.117    -0.056
-730.348    428.617    -0.056
-730.364    429.216    -0.056
-730.377    429.716    -0.056
-730.388    430.116    -0.056
-730.404    430.716    -0.056
-730.418    431.215    -0.056
-730.428    431.615    -0.056
-730.442    432.115    -0.056
-730.455    432.615    -0.056
-730.469    433.115    -0.057
-730.485    433.714    -0.057
-730.499    434.214    -0.057
-730.509    434.614    -0.057
-730.526    435.213    -0.057
-730.539    435.712    -0.057
-730.550    436.112    -0.057
-730.563    436.612    -0.057
-730.577    437.112    -0.057
-730.593    437.712    -0.057
-730.607    438.211    -0.057
-730.621    438.711    -0.057
-730.631    439.111    -0.057
-730.647    439.711    -0.057
-730.661    440.210    -0.057
-730.671    440.610    -0.057
-730.688    441.210    -0.057
-730.701    441.710    -0.057
-730.712    442.110    -0.057
-730.725    442.609    -0.057
-730.739    443.109    -0.057
-730.756    443.709    -0.057
-730.770    444.209    -0.057
-730.784    444.708    -0.057
-730.794    445.108    -0.057
-730.810    445.708    -0.057
-730.824    446.208    -0.057
-730.834    446.608    -0.058
-730.848    447.107    -0.058
-730.862    447.607    -0.058
-730.876    448.107    -0.058
-730.889    448.607    -0.058
-730.905    449.206    -0.058
-730.919    449.706    -0.058
-730.933    450.206    -0.058
-730.947    450.706    -0.058
-730.960    451.206    -0.058
-730.974    451.705    -0.058
-730.988    452.205    -0.058
-730.999    452.605    -0.058
-731.015    453.205    -0.058
-731.029    453.704    -0.058
-731.043    454.204    -0.058
-731.053    454.604    -0.058
-731.069    455.204    -0.058
-731.083    455.704    -0.058
-731.094    456.103    -0.058
-731.110    456.703    -0.058
-731.123    457.203    -0.058
-731.137    457.703    -0.058
-731.151    458.202    -0.058
-731.165    458.702    -0.058
-731.175    459.102    -0.058
-731.191    459.702    -0.058
-731.205    460.202    -0.059
-731.215    460.601    -0.059
-731.231    461.201    -0.059
-731.243    461.601    -0.059
-731.258    462.101    -0.059
-731.276    462.700    -0.059
-731.288    463.100    -0.059
-731.303    463.600    -0.059
-731.321    464.200    -0.059
-731.336    464.699    -0.059
-731.350    465.199    -0.059
-731.365    465.699    -0.059
-731.376    466.099    -0.059
-731.390    466.598    -0.059
-731.404    467.098    -0.059
-731.420    467.698    -0.059
-731.434    468.198    -0.059
-731.448    468.697    -0.059
-731.458    469.097    -0.059
-731.472    469.597    -0.059
-731.488    470.197    -0.059
-731.502    470.697    -0.059
-731.515    471.196    -0.059
-731.526    471.596    -0.059
-731.539    472.096    -0.059
-731.556    472.696    -0.059
-731.569    473.196    -0.060
-731.580    473.595    -0.060
-731.593    474.095    -0.060
-731.610    474.695    -0.060
-731.623    475.195    -0.060
-731.634    475.594    -0.060
-731.650    476.194    -0.060
-731.663    476.694    -0.060
-731.677    477.194    -0.060
-731.688    477.594    -0.060
-731.706    478.193    -0.060
-731.718    478.593    -0.060
-731.733    479.093    -0.060
-731.751    479.692    -0.060
-731.763    480.092    -0.060
-731.778    480.592    -0.060
-731.796    481.192    -0.060
-731.811    481.691    -0.060
-731.822    482.091    -0.060
-731.840    482.691    -0.060
-731.853    483.091    -0.060
-731.868    483.591    -0.060
-731.886    484.190    -0.060
-731.900    484.690    -0.060
-731.912    485.090    -0.060
-731.930    485.689    -0.060
-731.942    486.089    -0.061
-731.957    486.589    -0.061
-731.972    487.089    -0.061
-731.987    487.588    -0.061
-732.001    488.088    -0.061
-732.019    488.688    -0.061
-732.032    489.088    -0.061
-732.047    489.587    -0.061
-732.065    490.187    -0.061
-732.077    490.587    -0.061
-732.094    491.187    -0.061
-732.107    491.586    -0.061
-732.121    492.086    -0.061
-732.136    492.586    -0.061
-732.152    493.086    -0.061
-732.167    493.585    -0.061
-732.181    494.085    -0.061
-732.198    494.685    -0.061
-732.210    495.085    -0.061
-732.227    495.684    -0.061
-732.241    496.184    -0.061
-732.252    496.584    -0.061
-732.269    497.184    -0.061
-732.283    497.683    -0.061
-732.294    498.083    -0.061
-732.311    498.683    -0.062
-732.325    499.183    -0.062
-732.336    499.583    -0.062
-732.354    500.182    -0.062
-732.367    500.682    -0.062
-732.379    501.082    -0.062
-732.396    501.682    -0.062
-732.410    502.181    -0.062
-732.421    502.581    -0.062
-732.438    503.181    -0.062
-732.452    503.681    -0.062
-732.463    504.080    -0.062
-732.480    504.680    -0.062
-732.492    505.080    -0.062
-732.505    505.580    -0.062
-732.523    506.179    -0.062
-732.534    506.579    -0.062
-732.551    507.179    -0.062
-732.565    507.679    -0.062
-732.576    508.079    -0.062
-732.593    508.678    -0.062
-732.607    509.178    -0.062
-732.618    509.578    -0.062
-732.635    510.178    -0.062
-732.647    510.577    -0.063
-732.664    511.177    -0.063
-732.678    511.677    -0.063
-732.691    512.177    -0.063
-732.703    512.576    -0.063
-732.720    513.176    -0.063
-732.731    513.576    -0.063
-732.748    514.176    -0.063
-732.760    514.576    -0.063
-732.775    515.075    -0.063
-732.789    515.575    -0.063
-732.807    516.175    -0.063
-732.822    516.674    -0.063
-732.835    517.074    -0.063
-732.853    517.674    -0.063
-732.865    518.074    -0.063
-732.880    518.572    -0.063
-732.895    519.072    -0.063
-732.909    519.572    -0.063
-732.924    520.072    -0.063
-732.940    520.571    -0.063
-732.955    521.071    -0.063
-732.969    521.571    -0.063
-732.987    522.171    -0.064
-733.002    522.670    -0.064
-733.017    523.170    -0.064
-733.029    523.570    -0.064
-733.047    524.170    -0.064
-733.062    524.669    -0.064
-733.077    525.169    -0.064
-733.089    525.569    -0.064
-733.106    526.169    -0.064
-733.121    526.668    -0.064
-733.133    527.068    -0.064
-733.148    527.568    -0.064
-733.166    528.168    -0.064
-733.179    528.567    -0.064
-733.193    529.067    -0.064
-733.208    529.567    -0.064
-733.223    530.067    -0.064
-733.238    530.566    -0.064
-733.256    531.166    -0.064
-733.271    531.666    -0.064
-733.283    532.066    -0.064
-733.298    532.565    -0.064
-733.311    533.065    -0.064
-733.329    533.665    -0.064
-733.342    534.165    -0.065
-733.354    534.564    -0.065
-733.371    535.164    -0.065
-733.385    535.664    -0.065
-733.396    536.064    -0.065
-733.413    536.663    -0.065
-733.424    537.063    -0.065
-733.442    537.663    -0.065
-733.455    538.163    -0.065
-733.467    538.563    -0.065
-733.480    539.062    -0.065
-733.498    539.662    -0.065
-733.509    540.062    -0.065
-733.526    540.662    -0.065
-733.537    541.061    -0.065
-733.554    541.661    -0.065
-733.566    542.061    -0.065
-733.583    542.661    -0.065
-733.594    543.060    -0.065
-733.611    543.660    -0.065
-733.625    544.160    -0.065
-733.637    544.560    -0.065
-733.650    545.059    -0.066
-733.667    545.659    -0.066
-733.681    546.159    -0.066
-733.695    546.659    -0.066
-733.706    547.059    -0.066
-733.721    547.558    -0.066
-733.738    548.158    -0.066
-733.750    548.558    -0.066
-733.764    549.058    -0.066
-733.779    549.557    -0.066
-733.794    550.057    -0.066
-733.812    550.657    -0.066
-733.824    551.057    -0.066
-733.839    551.556    -0.066
-733.857    552.156    -0.066
-733.870    552.556    -0.066
-733.884    553.056    -0.066
-733.899    553.555    -0.066
-733.914    554.055    -0.066
-733.929    554.555    -0.066
-733.947    555.154    -0.066
-733.959    555.554    -0.066
-733.974    556.054    -0.066
-733.990    556.554    -0.067
-734.004    557.053    -0.067
-734.022    557.653    -0.067
-734.035    558.053    -0.067
-734.050    558.553    -0.067
-734.064    559.052    -0.067
-734.082    559.652    -0.067
-734.097    560.152    -0.067
-734.110    560.552    -0.067
-734.124    561.051    -0.067
-734.142    561.651    -0.067
-734.155    562.051    -0.067
-734.173    562.651    -0.067
-734.185    563.050    -0.067
-734.201    563.550    -0.067
-734.218    564.050    -0.067
-734.235    564.550    -0.067
-734.253    565.049    -0.067
-734.271    565.549    -0.067
-734.289    566.049    -0.067
-734.306    566.548    -0.067
-734.324    567.047    -0.068
-734.342    567.547    -0.068
-734.359    568.046    -0.068
-734.376    568.546    -0.068
-734.394    569.046    -0.068
-734.412    569.545    -0.068
-734.430    570.045    -0.068
-734.447    570.545    -0.068
-734.465    571.044    -0.068
-734.483    571.544    -0.068
-734.501    572.044    -0.068
-734.519    572.543    -0.068
-734.536    573.043    -0.068
-734.554    573.543    -0.068
-734.572    574.042    -0.068
-734.589    574.542    -0.068
-734.607    575.142    -0.068
-734.620    575.642    -0.068
-734.633    576.141    -0.068
-734.646    576.641    -0.068
-734.658    577.141    -0.068
-734.671    577.641    -0.068
-734.684    578.141    -0.069
-734.697    578.640    -0.069
-734.707    579.040    -0.069
-734.720    579.540    -0.069
-734.736    580.140    -0.069
-734.749    580.640    -0.069
-734.761    581.139    -0.069
-734.774    581.639    -0.069
-734.787    582.139    -0.069
-734.800    582.639    -0.069
-734.812    583.139    -0.069
-734.825    583.638    -0.069
-734.838    584.138    -0.069
-734.851    584.638    -0.069
-734.861    585.038    -0.069
-734.874    585.538    -0.069
-734.890    586.137    -0.069
-734.903    586.637    -0.069
-734.915    587.137    -0.069
-734.928    587.637    -0.069
-734.941    588.136    -0.069
-734.954    588.636    -0.070
-734.964    589.036    -0.070
-734.979    589.636    -0.070
-734.992    590.136    -0.070
-735.005    590.635    -0.070
-735.015    591.035    -0.070
-735.028    591.535    -0.070
-735.044    592.135    -0.070
-735.057    592.635    -0.070
-735.069    593.134    -0.070
-735.082    593.634    -0.070
-735.092    594.034    -0.070
-735.109    594.634    -0.070
-735.121    595.134    -0.070
-735.134    595.633    -0.070
-735.147    596.133    -0.070
-735.160    596.633    -0.070
-735.172    597.133    -0.070
-735.185    597.633    -0.070
-735.198    598.132    -0.070
-735.211    598.632    -0.071
-735.223    599.132    -0.071
-735.234    599.532    -0.071
-735.246    600.032    -0.071
-735.263    600.631    -0.071
-735.275    601.131    -0.071
-735.288    601.631    -0.071
-735.301    602.131    -0.071
-735.314    602.631    -0.071
-735.326    603.130    -0.071
-735.337    603.530    -0.071
-735.353    604.130    -0.071
-735.366    604.630    -0.071
-735.378    605.129    -0.071
-735.388    605.529    -0.071
-735.400    606.029    -0.071
-735.417    606.629    -0.071
-735.429    607.129    -0.071
-735.442    607.628    -0.071
-735.452    608.028    -0.071
-735.469    608.628    -0.071
-735.481    609.128    -0.072
-735.494    609.628    -0.072
-735.507    610.127    -0.072
-735.519    610.627    -0.072
-735.532    611.127    -0.072
-735.545    611.627    -0.072
-735.558    612.127    -0.072
-735.570    612.626    -0.072
-735.581    613.126    -0.072
-735.592    613.626    -0.072
-735.603    614.126    -0.072
-735.613    614.626    -0.072
-735.625    615.126    -0.072
-735.635    615.625    -0.072
-735.646    616.125    -0.072
-735.657    616.625    -0.072
-735.668    617.125    -0.072
-735.679    617.625    -0.072
-735.690    618.125    -0.072
-735.700    618.625    -0.072
-735.711    619.124    -0.073
-735.723    619.624    -0.073
-735.734    620.124    -0.073
-735.744    620.624    -0.073
-735.755    621.124    -0.073
-735.766    621.624    -0.073
-735.777    622.123    -0.073
-735.787    622.623    -0.073
-735.798    623.123    -0.073
-735.809    623.623    -0.073
-735.820    624.123    -0.073
-735.831    624.623    -0.073
-735.841    625.122    -0.073
-735.852    625.622    -0.073
-735.864    626.122    -0.073
-735.874    626.622    -0.073
-735.885    627.122    -0.073
-735.896    627.622    -0.073
-735.907    628.122    -0.073
-735.917    628.621    -0.073
-735.929    629.121    -0.074
-735.940    629.621    -0.074
-735.951    630.121    -0.074
-735.961    630.621    -0.074
-735.972    631.121    -0.074
-735.983    631.620    -0.074
-735.994    632.120    -0.074
-736.004    632.620    -0.074
-736.015    633.120    -0.074
-736.027    633.620    -0.074
-736.038    634.120    -0.074
-736.048    634.619    -0.074
-736.059    635.119    -0.074
-736.070    635.619    -0.074
-736.081    636.119    -0.074
-736.091    636.619    -0.074
-736.103    637.119    -0.074
-736.114    637.618    -0.074
-736.125    638.118    -0.074
-736.135    638.618    -0.074
-736.146    639.118    -0.075
-736.157    639.618    -0.075
-736.168    640.118    -0.075
-736.178    640.618    -0.075
-736.189    641.117    -0.075
-736.201    641.617    -0.075
-736.213    642.117    -0.075
-736.224    642.617    -0.075
-736.236    643.117    -0.075
-736.248    643.616    -0.075
-736.260    644.116    -0.075
-736.271    644.616    -0.075
-736.283    645.116    -0.075
-736.294    645.616    -0.075
-736.306    646.116    -0.075
-736.317    646.615    -0.075
-736.329    647.115    -0.075
-736.341    647.615    -0.075
-736.353    648.115    -0.075
-736.364    648.615    -0.076
-736.375    649.115    -0.076
-736.387    649.614    -0.076
-736.399    650.114    -0.076
-736.410    650.614    -0.076
-736.422    651.114    -0.076
-736.434    651.614    -0.076
-736.446    652.113    -0.076
-736.457    652.613    -0.076
-736.468    653.113    -0.076
-736.480    653.613    -0.076
-736.492    654.113    -0.076
-736.503    654.613    -0.076
-736.515    655.112    -0.076
-736.527    655.612    -0.076
-736.539    656.112    -0.076
-736.549    656.612    -0.076
-736.561    657.112    -0.076
-736.573    657.612    -0.076
-736.585    658.111    -0.077
-736.596    658.611    -0.077
-736.608    659.111    -0.077
-736.620    659.611    -0.077
-736.630    660.111    -0.077
-736.637    660.611    -0.077
-736.646    661.111    -0.077
-736.654    661.610    -0.077
-736.662    662.110    -0.077
-736.670    662.610    -0.077
-736.678    663.110    -0.077
-736.686    663.610    -0.077
-736.695    664.110    -0.077
-736.702    664.610    -0.077
-736.710    665.110    -0.077
-736.719    665.610    -0.077
-736.727    666.110    -0.077
-736.734    666.610    -0.077
-736.742    667.109    -0.077
-736.751    667.609    -0.078
-736.759    668.109    -0.078
-736.767    668.609    -0.078
-736.775    669.109    -0.078
-736.783    669.608    -0.078
-736.791    670.108    -0.078
-736.799    670.608    -0.078
-736.807    671.108    -0.078
-736.816    671.608    -0.078
-736.823    672.107    -0.078
-736.831    672.607    -0.078
-736.835    673.107    -0.078
-736.837    673.607    -0.078
-736.838    674.108    -0.078
-736.841    674.608    -0.078
-736.844    675.108    -0.078
-736.846    675.608    -0.078
-736.848    676.108    -0.078
-736.850    676.608    -0.079
-736.853    677.108    -0.079
-736.856    677.608    -0.079
-736.857    678.107    -0.079
-736.860    678.607    -0.079
-736.862    679.107    -0.079
-736.865    679.607    -0.079
-736.867    680.107    -0.079
-736.870    680.607    -0.079
-736.873    681.107    -0.079
-736.876    681.607    -0.079
-736.877    682.107    -0.079
-736.880    682.607    -0.079
-736.883    683.107    -0.079
-736.885    683.606    -0.079
-736.887    684.106    -0.079
-736.890    684.606    -0.079
-736.892    685.106    -0.079
-736.895    685.606    -0.079
-736.897    686.106    -0.080
-736.900    686.606    -0.080
-736.902    687.107    -0.080
-736.905    687.607    -0.080
-736.907    688.107    -0.080
-736.909    688.607    -0.080
-736.912    689.107    -0.080
-736.914    689.606    -0.080
-736.915    690.106    -0.080
-736.918    690.606    -0.080
-736.921    691.106    -0.080
-736.923    691.606    -0.080
-736.925    692.106    -0.080
-736.927    692.606    -0.080
-736.930    693.106    -0.080
-736.932    693.606    -0.080
-736.934    694.106    -0.080
-736.936    694.606    -0.080
-736.939    695.105    -0.081
-736.939    695.605    -0.081
-736.936    696.105    -0.081
-736.934    696.706    -0.081
-736.931    697.206    -0.081
-736.929    697.606    -0.081
-736.926    698.205    -0.081
-736.924    698.705    -0.081
-736.922    699.105    -0.081
-736.919    699.706    -0.081
-736.916    700.105    -0.081
-736.914    700.605    -0.081
-736.912    701.105    -0.081
-736.909    701.705    -0.081
-736.906    702.105    -0.081
-736.904    702.604    -0.081
-736.902    703.105    -0.081
-736.900    703.605    -0.081
-736.891    704.205    -0.082
-736.881    704.704    -0.082
-736.872    705.205    -0.082
-736.863    705.704    -0.082
-736.852    706.304    -0.082
-736.844    706.704    -0.082
-736.835    707.204    -0.082
-736.826    707.704    -0.082
-736.815    708.304    -0.082
-736.808    708.704    -0.082
-736.799    709.203    -0.082
-736.790    709.704    -0.082
-736.779    710.303    -0.082
-736.772    710.703    -0.082
-736.763    711.203    -0.082
-736.754    711.703    -0.082
-736.742    712.303    -0.082
-736.735    712.702    -0.082
-736.726    713.203    -0.082
-736.717    713.702    -0.083
-736.708    714.202    -0.083
-736.697    714.802    -0.083
-736.690    715.202    -0.083
-736.681    715.702    -0.083
-736.672    716.202    -0.083
-736.662    716.702    -0.083
-736.653    717.201    -0.083
-736.644    717.701    -0.083
-736.635    718.201    -0.083
-736.625    718.701    -0.083
-736.616    719.201    -0.083
-736.607    719.701    -0.083
-736.599    720.201    -0.083
-736.589    720.700    -0.083
-736.580    721.201    -0.083
-736.571    721.700    -0.083
-736.562    722.200    -0.083
-736.552    722.700    -0.084
-736.543    723.200    -0.084
-736.535    723.700    -0.084
-736.531    724.199    -0.084
-736.528    724.700    -0.084
-736.526    725.100    -0.084
-736.519    725.700    -0.084
-736.512    726.199    -0.084
-736.503    726.700    -0.084
-736.495    727.199    -0.084
-736.488    727.699    -0.084
-736.480    728.199    -0.084
-736.472    728.699    -0.084
-736.465    729.199    -0.084
-736.457    729.699    -0.084
-736.450    730.198    -0.084
-736.441    730.699    -0.084
-736.427    731.298    -0.085
-736.418    731.699    -0.085
-736.404    732.298    -0.085
-736.392    732.797    -0.085
-736.380    733.298    -0.085
-736.371    733.698    -0.085
-736.357    734.297    -0.085
-736.341    734.797    -0.085
-736.320    735.296    -0.085
-736.300    735.796    -0.085
-736.280    736.296    -0.085
-736.264    736.795    -0.085
-736.250    737.296    -0.085
-736.235    737.795    -0.085
-736.220    738.294    -0.085
-736.199    738.794    -0.085
-736.177    739.294    -0.085
-736.155    739.793    -0.085
-736.138    740.293    -0.086
-736.122    740.792    -0.086
-736.107    741.292    -0.086
-736.087    741.791    -0.086
-736.064    742.291    -0.086
-736.041    742.791    -0.086
-736.023    743.290    -0.086
-736.006    743.790    -0.086
-735.989    744.289    -0.086
-735.970    744.789    -0.086
-735.948    745.288    -0.086
-735.925    745.788    -0.086
-735.904    746.287    -0.086
-735.888    746.787    -0.086
-735.871    747.286    -0.086
-735.852    747.786    -0.086
-735.827    748.286    -0.086
-735.803    748.785    -0.086
-735.779    749.285    -0.087
-735.757    749.784    -0.087
-735.739    750.284    -0.087
-735.723    750.784    -0.087
-735.704    751.283    -0.087
-735.680    751.783    -0.087
-735.655    752.281    -0.087
-735.625    752.881    -0.087
-735.598    753.380    -0.087
-735.572    753.880    -0.087
-735.542    754.378    -0.087
-735.510    754.877    -0.087
-735.480    755.376    -0.087
-735.452    755.876    -0.087
-735.430    756.274    -0.087
-735.398    756.874    -0.087
-735.368    757.373    -0.087
-735.338    757.872    -0.087
-735.307    758.371    -0.088
-735.279    758.871    -0.088
-735.257    759.270    -0.088
-735.226    759.869    -0.088
-735.196    760.368    -0.088
-735.165    760.867    -0.088
-735.135    761.365    -0.088
-735.105    761.865    -0.088
-735.077    762.364    -0.088
-735.049    762.864    -0.088
-735.019    763.363    -0.088
-734.987    763.861    -0.088
-734.957    764.360    -0.088
-734.928    764.859    -0.088
-734.899    765.359    -0.088
-734.871    765.857    -0.088
-734.839    766.356    -0.088
-734.807    766.855    -0.089
-734.777    767.355    -0.089
-734.749    767.854    -0.089
-734.719    768.353    -0.089
-734.685    768.851    -0.089
-734.652    769.350    -0.089
-734.610    769.949    -0.089
-734.582    770.348    -0.089
-734.539    770.946    -0.089
-734.512    771.346    -0.089
-734.478    771.844    -0.089
-734.443    772.343    -0.089
-734.401    772.942    -0.089
-734.372    773.341    -0.089
-734.327    773.939    -0.089
-734.293    774.338    -0.089
-734.250    774.936    -0.089
-734.214    775.435    -0.089
-734.176    775.933    -0.090
-734.133    776.431    -0.090
-734.091    776.929    -0.090
-734.058    777.328    -0.090
-734.015    777.926    -0.090
-733.986    778.325    -0.090
-733.940    778.923    -0.090
-733.898    779.421    -0.090
-733.855    779.919    -0.090
-733.813    780.417    -0.090
-733.771    780.916    -0.090
-733.730    781.414    -0.090
-733.687    781.912    -0.090
-733.645    782.410    -0.090
-733.602    782.909    -0.090
-733.560    783.407    -0.090
-733.518    783.905    -0.090
-733.477    784.403    -0.091
-733.434    784.901    -0.091
-733.392    785.399    -0.091
-733.349    785.897    -0.091
-733.290    786.495    -0.091
-733.237    786.992    -0.091
-733.200    787.390    -0.091
-733.159    787.888    -0.091
-733.117    788.386    -0.091
-733.060    788.983    -0.091
-733.010    789.481    -0.091
-732.958    789.978    -0.091
-732.904    790.475    -0.091
-732.853    790.973    -0.091
-732.803    791.470    -0.091
-732.751    791.967    -0.091
-732.701    792.465    -0.091
-732.649    792.962    -0.091
-732.595    793.459    -0.092
-732.544    793.957    -0.092
-732.494    794.454    -0.092
-732.443    794.951    -0.092
-732.390    795.448    -0.092
-732.332    795.945    -0.092
-732.273    796.441    -0.092
-732.217    796.938    -0.092
-732.176    797.336    -0.092
-732.126    797.833    -0.092
-732.063    798.430    -0.092
-732.005    798.927    -0.092
-731.946    799.424    -0.092
-731.873    800.019    -0.092
-731.809    800.514    -0.092
-731.745    801.011    -0.092
-731.697    801.408    -0.092
-731.639    801.904    -0.092
-731.580    802.401    -0.093
-731.504    802.996    -0.093
-731.440    803.491    -0.093
-731.376    803.987    -0.093
-731.328    804.384    -0.093
-731.270    804.881    -0.093
-731.211    805.377    -0.093
-731.136    805.973    -0.093
-731.072    806.469    -0.093
-731.007    806.964    -0.093
-730.939    807.460    -0.093
-730.871    807.955    -0.093
-730.804    808.450    -0.093
-730.742    808.947    -0.093
-730.675    809.441    -0.093
-730.606    809.937    -0.093
-730.538    810.432    -0.093
-730.474    810.928    -0.093
-730.424    811.325    -0.094
-730.349    811.921    -0.094
-730.261    812.514    -0.094
-730.201    812.909    -0.094
-730.137    813.405    -0.094
-730.074    813.900    -0.094
-729.997    814.496    -0.094
-729.922    814.990    -0.094
-729.846    815.484    -0.094
-729.772    815.979    -0.094
-729.698    816.473    -0.094
-729.624    816.968    -0.094
-729.551    817.462    -0.094
-729.475    817.956    -0.094
-729.400    818.451    -0.094
-729.325    818.945    -0.094
-729.252    819.440    -0.094
-729.179    819.935    -0.094
-729.105    820.428    -0.095
-729.030    820.923    -0.095
-728.955    821.417    -0.095
-728.880    821.911    -0.095
-728.807    822.406    -0.095
-728.733    822.901    -0.095
-728.659    823.396    -0.095
-728.584    823.889    -0.095
-728.508    824.383    -0.095
-728.433    824.878    -0.095
-728.356    825.372    -0.095
-728.279    825.866    -0.095
-728.203    826.360    -0.095
-728.126    826.854    -0.095
-728.049    827.348    -0.095
-727.943    827.938    -0.095
-727.852    828.430    -0.095
-727.762    828.922    -0.095
-727.671    829.413    -0.096
-727.581    829.905    -0.096
-727.490    830.396    -0.096
-727.400    830.889    -0.096
-727.309    831.380    -0.096
-727.219    831.872    -0.096
-727.129    832.363    -0.096
-727.038    832.855    -0.096
-726.948    833.347    -0.096
-726.857    833.839    -0.096
-726.749    834.429    -0.096
-726.677    834.822    -0.096
-726.587    835.314    -0.096
-726.494    835.806    -0.096
-726.399    836.296    -0.096
-726.285    836.885    -0.096
-726.189    837.376    -0.096
-726.094    837.867    -0.096
-725.998    838.358    -0.097
-725.922    838.750    -0.097
-725.827    839.241    -0.097
-725.731    839.732    -0.097
-725.636    840.223    -0.097
-725.545    840.714    -0.097
-725.455    841.206    -0.097
-725.346    841.796    -0.097
-725.246    842.285    -0.097
-725.148    842.776    -0.097
-725.048    843.266    -0.097
-724.949    843.756    -0.097
-724.848    844.245    -0.097
-724.749    844.736    -0.097
-724.649    845.225    -0.097
-724.551    845.715    -0.097
-724.451    846.206    -0.097
-724.326    846.792    -0.097
-724.245    847.184    -0.098
-724.147    847.674    -0.098
-724.047    848.164    -0.098
-723.946    848.654    -0.098
-723.841    849.143    -0.098
-723.715    849.729    -0.098
-723.634    850.121    -0.098
-723.536    850.611    -0.098
-723.436    851.101    -0.098
-723.335    851.590    -0.098
-723.229    852.080    -0.098
-723.103    852.666    -0.098
-722.966    853.249    -0.098
-722.847    853.735    -0.098
-722.728    854.221    -0.098
-722.610    854.707    -0.098
-722.491    855.193    -0.098
-722.373    855.679    -0.098
-722.254    856.163    -0.098
-722.135    856.649    -0.099
-722.017    857.135    -0.099
-721.922    857.523    -0.099
-721.780    858.107    -0.099
-721.662    858.593    -0.099
-721.543    859.078    -0.099
-721.425    859.564    -0.099
-721.306    860.049    -0.099
-721.187    860.535    -0.099
-721.069    861.021    -0.099
-720.950    861.507    -0.099
-720.832    861.992    -0.099
-720.713    862.478    -0.099
-720.594    862.964    -0.099
-720.500    863.352    -0.099
-720.358    863.935    -0.099
-720.208    864.516    -0.099
-720.079    864.999    -0.099
-719.944    865.480    -0.099
-719.814    865.963    -0.100
-719.685    866.446    -0.100
-719.556    866.929    -0.100
-719.391    867.506    -0.100
-719.279    867.890    -0.100
-719.139    868.370    -0.100
-718.980    868.948    -0.100
-718.841    869.428    -0.100
-718.736    869.815    -0.100
-718.607    870.298    -0.100
-718.477    870.780    -0.100
-718.309    871.356    -0.100
-718.170    871.836    -0.100
-718.066    872.223    -0.100
-717.934    872.705    -0.100
-717.803    873.187    -0.100
-717.637    873.763    -0.100
-717.496    874.244    -0.100
-717.356    874.723    -0.100
-717.246    875.108    -0.100
-717.114    875.590    -0.101
-716.983    876.073    -0.101
-716.850    876.554    -0.101
-716.683    877.130    -0.101
-716.543    877.611    -0.101
-716.431    877.994    -0.101
-716.262    878.571    -0.101
-716.150    878.954    -0.101
-715.983    879.530    -0.101
-715.842    880.011    -0.101
-715.702    880.490    -0.101
-715.563    880.970    -0.101
-715.422    881.450    -0.101
-715.282    881.930    -0.101
-715.141    882.411    -0.101
-715.002    882.890    -0.101
-714.890    883.274    -0.101
-714.722    883.850    -0.101
-714.581    884.330    -0.101
-714.408    884.904    -0.102
-714.214    885.472    -0.102
-714.050    885.944    -0.102
-713.887    886.417    -0.102
-713.759    886.796    -0.102
-713.566    887.364    -0.102
-713.438    887.743    -0.102
-713.243    888.309    -0.102
-713.079    888.782    -0.102
-712.948    889.160    -0.102
-712.788    889.633    -0.102
-712.628    890.107    -0.102
-712.468    890.581    -0.102
-712.272    891.148    -0.102
-712.108    891.621    -0.102
-711.944    892.093    -0.102
-711.816    892.472    -0.102
-711.656    892.946    -0.102
-711.496    893.419    -0.102
-711.301    893.986    -0.102
-711.137    894.458    -0.103
-710.973    894.931    -0.103
-710.845    895.310    -0.103
-710.685    895.784    -0.103
-710.492    896.352    -0.103
-710.329    896.825    -0.103
-710.165    897.296    -0.103
-710.001    897.769    -0.103
-709.873    898.148    -0.103
-709.713    898.621    -0.103
-709.553    899.095    -0.103
-709.358    899.663    -0.103
-709.194    900.135    -0.103
-708.993    900.700    -0.103
-708.814    901.167    -0.103
-708.635    901.633    -0.103
-708.456    902.101    -0.103
-708.320    902.477    -0.103
-708.157    902.949    -0.103
-707.993    903.422    -0.103
-707.785    903.985    -0.103
-707.606    904.451    -0.104
-707.428    904.918    -0.104
-707.205    905.476    -0.104
-707.018    905.939    -0.104
-706.831    906.403    -0.104
-706.644    906.866    -0.104
-706.494    907.238    -0.104
-706.315    907.704    -0.104
-706.136    908.170    -0.104
-705.920    908.730    -0.104
-705.733    909.194    -0.104
-705.546    909.657    -0.104
-705.359    910.121    -0.104
-705.169    910.583    -0.104
-704.980    911.047    -0.104
-704.791    911.509    -0.104
-704.604    911.973    -0.104
-704.417    912.436    -0.104
-704.230    912.900    -0.104
-704.041    913.363    -0.104
-703.850    913.826    -0.104
-703.661    914.289    -0.104
-703.474    914.752    -0.105
-703.287    915.216    -0.105
-703.101    915.679    -0.105
-702.912    916.143    -0.105
-702.722    916.605    -0.105
-702.532    917.068    -0.105
-702.345    917.531    -0.105
-702.158    917.995    -0.105
-701.971    918.458    -0.105
-701.782    918.921    -0.105
-701.593    919.384    -0.105
-701.403    919.847    -0.105
-701.216    920.310    -0.105
-701.029    920.774    -0.105
-700.803    921.330    -0.105
-700.604    921.788    -0.105
-700.404    922.247    -0.105
-700.116    922.885    -0.105
-699.993    923.158    -0.105
-699.794    923.616    -0.105
-699.554    924.166    -0.105
-699.302    924.711    -0.106
-699.088    925.162    -0.106
-698.872    925.613    -0.106
-698.704    925.976    -0.106
-698.495    926.430    -0.106
-698.240    926.973    -0.106
-698.026    927.426    -0.106
-697.811    927.877    -0.106
-697.642    928.240    -0.106
-697.432    928.693    -0.106
-697.222    929.147    -0.106
-697.058    929.512    -0.106
-696.863    929.971    -0.106
-696.617    930.519    -0.106
-696.408    930.973    -0.106
-696.199    931.427    -0.106
-695.938    931.967    -0.106
-695.720    932.418    -0.106
-695.455    932.956    -0.106
-695.229    933.401    -0.106
-695.052    933.761    -0.106
-694.835    934.211    -0.106
-694.616    934.660    -0.106
-694.347    935.197    -0.107
-694.119    935.642    -0.107
-693.893    936.087    -0.107
-693.717    936.447    -0.107
-693.499    936.896    -0.107
-693.280    937.346    -0.107
-693.011    937.882    -0.107
-692.784    938.328    -0.107
-692.558    938.773    -0.107
-692.381    939.132    -0.107
-692.163    939.582    -0.107
-691.945    940.032    -0.107
-691.676    940.568    -0.107
-691.448    941.014    -0.107
-691.175    941.547    -0.107
-690.941    941.989    -0.107
-690.755    942.343    -0.107
-690.528    942.789    -0.107
-690.301    943.234    -0.107
-690.023    943.766    -0.107
-689.789    944.207    -0.107
-689.554    944.649    -0.107
-689.316    945.089    -0.107
-689.077    945.527    -0.107
-688.839    945.967    -0.108
-688.603    946.409    -0.108
-688.369    946.849    -0.108
-688.131    947.289    -0.108
-687.843    947.816    -0.108
-687.604    948.254    -0.108
-687.364    948.693    -0.108
-687.120    949.130    -0.108
-686.875    949.566    -0.108
-686.680    949.915    -0.108
-686.440    950.353    -0.108
-686.153    950.880    -0.108
-685.912    951.319    -0.108
-685.668    951.755    -0.108
-685.423    952.191    -0.108
-685.181    952.627    -0.108
-684.941    953.066    -0.108
-684.701    953.505    -0.108
-684.460    953.943    -0.108
-684.217    954.379    -0.108
-683.972    954.816    -0.108
-683.727    955.252    -0.108
-683.479    955.686    -0.108
-683.234    956.122    -0.108
-682.990    956.558    -0.108
-682.746    956.994    -0.109
-682.449    957.515    -0.109
-682.250    957.863    -0.109
-681.952    958.383    -0.109
-681.695    958.812    -0.109
-681.490    959.155    -0.109
-681.242    959.590    -0.109
-680.994    960.024    -0.109
-680.694    960.543    -0.109
-680.385    961.058    -0.109
-680.127    961.486    -0.109
-679.973    961.743    -0.109
-679.725    962.177    -0.109
-679.477    962.611    -0.109
-679.125    963.217    -0.109
-678.867    963.645    -0.109
-678.661    963.988    -0.109
-678.349    964.500    -0.109
-678.085    964.924    -0.109
-677.820    965.349    -0.109
-677.554    965.772    -0.109
-677.290    966.196    -0.109
-677.025    966.621    -0.109
-676.761    967.045    -0.109
-676.495    967.468    -0.109
-676.229    967.891    -0.109
-675.962    968.314    -0.110
-675.696    968.738    -0.110
-675.432    969.163    -0.110
-675.168    969.587    -0.110
-674.902    970.010    -0.110
-674.582    970.518    -0.110
-674.369    970.856    -0.110
-674.105    971.280    -0.110
-673.785    971.788    -0.110
-673.572    972.127    -0.110
-673.306    972.549    -0.110
-672.976    973.051    -0.110
-672.700    973.469    -0.110
-672.484    973.805    -0.110
-672.217    974.227    -0.110
-671.897    974.734    -0.110
-671.620    975.151    -0.110
-671.344    975.568    -0.110
-671.010    976.066    -0.110
-670.722    976.476    -0.110
-670.498    976.806    -0.110
-670.222    977.223    -0.110
-669.946    977.640    -0.110
-669.549    978.217    -0.110
-669.262    978.625    -0.110
-669.032    978.953    -0.110
-668.745    979.362    -0.110
-668.457    979.772    -0.110
-668.170    980.180    -0.111
-667.882    980.589    -0.111
-667.595    980.998    -0.111
-667.308    981.408    -0.111
-667.020    981.817    -0.111
-666.733    982.226    -0.111
-666.445    982.634    -0.111
-666.158    983.044    -0.111
-665.810    983.533    -0.111
-665.520    983.939    -0.111
-665.229    984.346    -0.111
-664.938    984.752    -0.111
-664.646    985.159    -0.111
-664.356    985.565    -0.111
-664.064    985.972    -0.111
-663.774    986.379    -0.111
-663.483    986.786    -0.111
-663.192    987.192    -0.111
-662.901    987.599    -0.111
-662.610    988.006    -0.111
-662.319    988.411    -0.111
-662.029    988.818    -0.111
-661.738    989.225    -0.111
-661.447    989.632    -0.111
-661.155    990.038    -0.111
-660.865    990.445    -0.111
-660.574    990.852    -0.111
-660.283    991.258    -0.111
-659.926    991.740    -0.111
-659.623    992.138    -0.111
-659.319    992.535    -0.111
-659.017    992.933    -0.112
-658.714    993.331    -0.112
-658.412    993.730    -0.112
-658.048    994.206    -0.112
-657.805    994.524    -0.112
-657.500    994.920    -0.112
-657.199    995.319    -0.112
-656.897    995.717    -0.112
-656.595    996.117    -0.112
-656.290    996.513    -0.112
-655.986    996.910    -0.112
-655.682    997.306    -0.112
-655.380    997.704    -0.112
-655.079    998.104    -0.112
-654.715    998.580    -0.112
-654.401    998.970    -0.112
-654.087    999.359    -0.112
-653.773    999.749    -0.112
-653.396    1000.214    -0.112
-653.081    1000.603    -0.112
-652.766    1000.991    -0.112
-652.451    1001.380    -0.112
-652.199    1001.691    -0.112
-651.885    1002.079    -0.112
-651.571    1002.469    -0.112
-651.195    1002.936    -0.112
-650.880    1003.324    -0.112
-650.629    1003.635    -0.112
-650.315    1004.024    -0.112
-649.938    1004.491    -0.112
-649.624    1004.880    -0.112
-649.373    1005.191    -0.112
-649.058    1005.579    -0.112
-648.743    1005.968    -0.113
-648.366    1006.435    -0.113
-648.114    1006.746    -0.113
-647.738    1007.213    -0.113
-647.424    1007.602    -0.113
-647.033    1008.057    -0.113
-646.705    1008.434    -0.113
-646.311    1008.887    -0.113
-646.049    1009.189    -0.113
-645.721    1009.567    -0.113
-645.394    1009.944    -0.113
-645.067    1010.322    -0.113
-644.739    1010.700    -0.113
-644.410    1011.077    -0.113
-644.082    1011.455    -0.113
-643.755    1011.832    -0.113
-643.428    1012.210    -0.113
-643.101    1012.588    -0.113
-642.772    1012.965    -0.113
-642.444    1013.342    -0.113
-642.050    1013.794    -0.113
-641.714    1014.166    -0.113
-641.380    1014.537    -0.113
-641.046    1014.909    -0.113
-640.710    1015.280    -0.113
-640.375    1015.650    -0.113
-640.040    1016.021    -0.113
-639.704    1016.392    -0.113
-639.370    1016.763    -0.113
-639.036    1017.135    -0.113
-638.700    1017.506    -0.113
-638.365    1017.877    -0.113
-638.030    1018.248    -0.113
-637.695    1018.619    -0.113
-637.360    1018.991    -0.113
-637.026    1019.362    -0.113
-636.690    1019.733    -0.114
-636.356    1020.104    -0.114
-636.021    1020.475    -0.114
-635.612    1020.913    -0.114
-635.266    1021.276    -0.114
-634.921    1021.638    -0.114
-634.651    1021.932    -0.114
-634.316    1022.303    -0.114
-633.981    1022.674    -0.114
-633.498    1023.181    -0.114
-633.219    1023.467    -0.114
-632.874    1023.829    -0.114
-632.529    1024.192    -0.114
-632.111    1024.622    -0.114
-631.761    1024.978    -0.114
-631.411    1025.336    -0.114
-631.061    1025.693    -0.114
-630.638    1026.118    -0.114
-630.283    1026.471    -0.114
-630.000    1026.753    -0.114
-629.649    1027.109    -0.114
-629.301    1027.467    -0.114
-628.951    1027.825    -0.114
-628.528    1028.250    -0.114
-628.173    1028.603    -0.114
-627.890    1028.884    -0.114
-627.461    1029.304    -0.114
-627.103    1029.652    -0.114
-626.745    1030.001    -0.114
-626.457    1030.279    -0.114
-626.102    1030.632    -0.114
-625.677    1031.055    -0.114
-625.322    1031.407    -0.114
-624.964    1031.756    -0.114
-624.605    1032.104    -0.114
-624.247    1032.453    -0.114
-623.888    1032.801    -0.114
-623.530    1033.150    -0.114
-623.172    1033.499    -0.114
-622.742    1033.916    -0.114
-622.455    1034.195    -0.114
-622.097    1034.544    -0.114
-621.739    1034.892    -0.114
-621.380    1035.242    -0.115
-621.022    1035.590    -0.115
-620.663    1035.939    -0.115
-620.305    1036.287    -0.115
-619.874    1036.704    -0.115
-619.585    1036.981    -0.115
-619.224    1037.327    -0.115
-618.791    1037.742    -0.115
-618.429    1038.087    -0.115
-618.061    1038.425    -0.115
-617.538    1038.890    -0.115
-617.236    1039.153    -0.115
-616.938    1039.420    -0.115
-616.571    1039.759    -0.115
-616.203    1040.098    -0.115
-615.755    1040.497    -0.115
-615.378    1040.825    -0.115
-615.001    1041.153    -0.115
-614.704    1041.421    -0.115
-614.336    1041.759    -0.115
-613.969    1042.098    -0.115
-613.598    1042.434    -0.115
-613.231    1042.774    -0.115
-612.712    1043.244    -0.115
-612.334    1043.570    -0.115
-611.955    1043.897    -0.115
-611.655    1044.160    -0.115
-611.360    1044.431    -0.115
-610.993    1044.771    -0.115
-610.550    1045.175    -0.115
-610.096    1045.567    -0.115
-609.793    1045.828    -0.115
-609.415    1046.156    -0.115
-609.041    1046.487    -0.115
-608.590    1046.883    -0.115
-608.287    1047.144    -0.115
-607.833    1047.535    -0.115
-607.531    1047.798    -0.115
-607.157    1048.129    -0.115
-606.783    1048.461    -0.115
-606.332    1048.857    -0.115
-606.029    1049.118    -0.115
-605.574    1049.510    -0.115
-605.194    1049.834    -0.115
-604.734    1050.220    -0.115
-604.428    1050.477    -0.115
-604.043    1050.797    -0.115
-603.658    1051.116    -0.115
-603.275    1051.437    -0.115
-602.892    1051.758    -0.115
-602.431    1052.142    -0.115
-602.123    1052.398    -0.115
-601.738    1052.716    -0.115
-601.352    1053.034    -0.116
-600.965    1053.351    -0.116
-600.501    1053.732    -0.116
-600.193    1053.986    -0.116
-599.731    1054.369    -0.116
-599.423    1054.623    -0.116
-598.960    1055.004    -0.116
-598.572    1055.322    -0.116
-598.186    1055.639    -0.116
-597.713    1056.007    -0.116
-597.318    1056.314    -0.116
-596.925    1056.622    -0.116
-596.447    1056.985    -0.116
-596.047    1057.284    -0.116
-595.646    1057.583    -0.116
-595.329    1057.826    -0.116
-594.935    1058.134    -0.116
-594.540    1058.442    -0.116
-594.063    1058.805    -0.116
-593.662    1059.104    -0.116
-593.262    1059.403    -0.116
-592.944    1059.646    -0.116
-592.550    1059.954    -0.116
-592.156    1060.261    -0.116
-591.761    1060.569    -0.116
-591.366    1060.875    -0.116
-590.972    1061.182    -0.116
-590.578    1061.490    -0.116
-590.184    1061.797    -0.116
-589.790    1062.105    -0.116
-589.395    1062.412    -0.116
-589.000    1062.719    -0.116
-588.605    1063.025    -0.116
-588.122    1063.380    -0.116
-587.635    1063.731    -0.116
-587.311    1063.966    -0.116
-586.825    1064.318    -0.116
-586.421    1064.612    -0.116
-586.016    1064.905    -0.116
-585.692    1065.139    -0.116
-585.286    1065.432    -0.116
-584.801    1065.784    -0.116
-584.477    1066.019    -0.116
-583.991    1066.371    -0.116
-583.586    1066.664    -0.116
-583.181    1066.957    -0.116
-582.776    1067.249    -0.116
-582.367    1067.538    -0.116
-581.959    1067.826    -0.116
-581.468    1068.171    -0.116
-581.053    1068.452    -0.116
-580.640    1068.733    -0.116
-580.227    1069.013    -0.116
-579.899    1069.243    -0.116
-579.492    1069.532    -0.116
-579.083    1069.820    -0.116
-578.588    1070.159    -0.116
-578.174    1070.440    -0.116
-577.760    1070.721    -0.116
-577.260    1071.051    -0.116
-576.843    1071.327    -0.116
-576.511    1071.552    -0.116
-576.098    1071.832    -0.116
-575.684    1072.113    -0.116
-575.186    1072.447    -0.116
-574.770    1072.723    -0.116
-574.436    1072.944    -0.116
-574.020    1073.222    -0.116
-573.607    1073.503    -0.116
-573.193    1073.784    -0.116
-572.780    1074.064    -0.116
-572.365    1074.345    -0.116
-571.952    1074.626    -0.116
-571.535    1074.903    -0.116
-571.119    1075.179    -0.116
-570.705    1075.459    -0.116
-570.292    1075.740    -0.116
-569.793    1076.075    -0.116
-569.376    1076.350    -0.116
-568.958    1076.625    -0.116
-568.453    1076.949    -0.116
-568.029    1077.213    -0.117
-567.604    1077.476    -0.117
-567.266    1077.691    -0.117
-566.848    1077.966    -0.117
-566.431    1078.240    -0.117
-565.926    1078.564    -0.117
-565.501    1078.828    -0.117
-565.076    1079.091    -0.117
-564.566    1079.405    -0.117
-564.222    1079.611    -0.117
-563.707    1079.919    -0.117
-563.364    1080.125    -0.117
-562.941    1080.390    -0.117
-562.516    1080.654    -0.117
-562.006    1080.969    -0.117
-561.577    1081.226    -0.117
-561.234    1081.431    -0.117
-560.805    1081.689    -0.117
-560.381    1081.954    -0.117
-559.957    1082.218    -0.117
-559.446    1082.533    -0.117
-559.103    1082.738    -0.117
-558.588    1083.047    -0.117
-558.158    1083.302    -0.117
-557.726    1083.553    -0.117
-557.294    1083.804    -0.117
-556.864    1084.060    -0.117
-556.435    1084.316    -0.117
-556.091    1084.522    -0.117
-555.574    1084.826    -0.117
-555.141    1085.077    -0.117
-554.709    1085.328    -0.117
-554.276    1085.577    -0.117
-553.844    1085.828    -0.117
-553.411    1086.080    -0.117
-552.980    1086.332    -0.117
-552.548    1086.584    -0.117
-552.116    1086.834    -0.117
-551.683    1087.084    -0.117
-551.249    1087.332    -0.117
-550.817    1087.584    -0.117
-550.385    1087.836    -0.117
-549.954    1088.089    -0.117
-549.434    1088.388    -0.117
-549.001    1088.637    -0.117
-548.653    1088.836    -0.117
-548.038    1089.169    -0.117
-547.596    1089.404    -0.117
-547.155    1089.639    -0.117
-546.712    1089.871    -0.117
-546.271    1090.104    -0.117
-545.829    1090.340    -0.117
-545.388    1090.575    -0.117
-544.947    1090.811    -0.117
-544.504    1091.044    -0.117
-544.063    1091.278    -0.117
-543.530    1091.553    -0.117
-543.174    1091.736    -0.117
-542.732    1091.969    -0.117
-542.289    1092.201    -0.117
-541.755    1092.476    -0.117
-541.309    1092.700    -0.117
-540.861    1092.923    -0.117
-540.505    1093.105    -0.117
-539.971    1093.378    -0.117
-539.523    1093.602    -0.117
-539.077    1093.824    -0.117
-538.721    1094.008    -0.117
-538.278    1094.241    -0.117
-537.837    1094.474    -0.117
-537.302    1094.747    -0.117
-536.853    1094.966    -0.117
-536.403    1095.184    -0.117
-536.047    1095.368    -0.117
-535.603    1095.596    -0.117
-535.159    1095.826    -0.117
-534.621    1096.092    -0.117
-534.171    1096.311    -0.117
-533.722    1096.530    -0.117
-533.365    1096.710    -0.117
-532.832    1096.985    -0.117
-532.476    1097.168    -0.117
-531.939    1097.435    -0.117
-531.489    1097.653    -0.117
-531.039    1097.872    -0.117
-530.497    1098.128    -0.117
-530.044    1098.340    -0.117
-529.500    1098.593    -0.117
-529.046    1098.801    -0.117
-528.590    1099.009    -0.117
-528.227    1099.176    -0.117
-527.775    1099.389    -0.117
-527.322    1099.601    -0.117
-526.778    1099.852    -0.117
-526.414    1100.019    -0.117
-525.960    1100.227    -0.117
-525.412    1100.474    -0.117
-524.956    1100.676    -0.117
-524.500    1100.881    -0.117
-524.044    1101.089    -0.117
-523.590    1101.297    -0.117
-523.135    1101.503    -0.117
-522.678    1101.706    -0.117
-522.221    1101.909    -0.117
-521.765    1102.114    -0.117
-521.401    1102.280    -0.117
-520.856    1102.530    -0.117
-520.400    1102.737    -0.117
-519.944    1102.942    -0.117
-519.488    1103.145    -0.117
-519.029    1103.344    -0.117
-518.571    1103.545    -0.117
-518.115    1103.749    -0.117
-517.659    1103.954    -0.117
-517.109    1104.195    -0.117
-516.650    1104.390    -0.117
-516.189    1104.587    -0.117
-515.728    1104.779    -0.117
-515.266    1104.970    -0.117
-514.803    1105.160    -0.117
-514.341    1105.351    -0.117
-513.881    1105.546    -0.117
-513.421    1105.743    -0.117
-512.961    1105.939    -0.117
-512.404    1106.162    -0.117
-512.035    1106.315    -0.117
-511.572    1106.505    -0.117
-511.018    1106.732    -0.117
-510.552    1106.915    -0.117
-510.087    1107.098    -0.117
-509.621    1107.281    -0.117
-509.252    1107.433    -0.117
-508.789    1107.622    -0.117
-508.232    1107.845    -0.117
-507.766    1108.028    -0.117
-507.301    1108.211    -0.117
-506.930    1108.360    -0.117
-506.374    1108.587    -0.117
-506.005    1108.738    -0.117
-505.448    1108.962    -0.117
-504.982    1109.145    -0.117
-504.516    1109.326    -0.117
-503.955    1109.537    -0.117
-503.485    1109.710    -0.117
-503.016    1109.882    -0.117
-502.547    1110.053    -0.117
-502.077    1110.225    -0.117
-501.704    1110.369    -0.117
-501.238    1110.552    -0.117
-500.773    1110.734    -0.117
-500.211    1110.944    -0.117
-499.646    1111.144    -0.117
-499.174    1111.310    -0.117
-498.797    1111.445    -0.117
-498.328    1111.615    -0.117
-497.858    1111.786    -0.117
-497.292    1111.988    -0.117
-496.821    1112.154    -0.117
-496.349    1112.320    -0.117
-495.972    1112.454    -0.117
-495.503    1112.625    -0.117
-495.033    1112.795    -0.117
-494.468    1112.997    -0.117
-493.996    1113.163    -0.117
-493.524    1113.330    -0.117
-492.956    1113.521    -0.117
-492.481    1113.676    -0.117
-492.006    1113.832    -0.117
-491.626    1113.957    -0.116
-491.055    1114.142    -0.116
-490.577    1114.290    -0.116
-490.101    1114.439    -0.116
-489.623    1114.588    -0.116
-489.145    1114.737    -0.116
-488.668    1114.885    -0.116
-488.192    1115.038    -0.116
-487.717    1115.193    -0.116
-487.337    1115.318    -0.116
-486.766    1115.502    -0.116
-486.288    1115.651    -0.116
-485.812    1115.800    -0.116
-485.334    1115.949    -0.116
-484.857    1116.098    -0.116
-484.380    1116.248    -0.116
-483.902    1116.397    -0.116
-483.426    1116.547    -0.116
-482.948    1116.696    -0.116
-482.472    1116.844    -0.116
-481.994    1116.993    -0.116
-481.516    1117.144    -0.116
-481.040    1117.293    -0.116
-480.562    1117.440    -0.116
-480.084    1117.585    -0.116
-479.507    1117.752    -0.116
-479.026    1117.887    -0.116
-478.546    1118.024    -0.116
-478.162    1118.140    -0.116
-477.588    1118.313    -0.116
-477.013    1118.484    -0.116
-476.628    1118.592    -0.116
-476.147    1118.727    -0.116
-475.666    1118.863    -0.116
-475.282    1118.979    -0.116
-474.708    1119.153    -0.116
-474.230    1119.297    -0.116
-473.749    1119.434    -0.116
-473.268    1119.570    -0.116
-472.690    1119.730    -0.116
-472.206    1119.860    -0.116
-471.723    1119.988    -0.116
-471.338    1120.093    -0.116
-470.857    1120.230    -0.116
-470.376    1120.366    -0.116
-469.798    1120.526    -0.116
-469.315    1120.654    -0.116
-468.832    1120.783    -0.116
-468.347    1120.911    -0.116
-467.864    1121.037    -0.116
-467.380    1121.165    -0.116
-466.897    1121.292    -0.116
-466.414    1121.421    -0.116
-465.931    1121.550    -0.116
-465.448    1121.677    -0.116
-464.964    1121.803    -0.116
-464.480    1121.930    -0.116
-463.997    1122.057    -0.116
-463.513    1122.187    -0.116
-463.030    1122.315    -0.116
-462.349    1122.476    -0.116
-461.862    1122.586    -0.116
-461.374    1122.695    -0.116
-460.885    1122.802    -0.116
-460.398    1122.911    -0.116
-459.909    1123.020    -0.116
-459.422    1123.130    -0.116
-458.934    1123.239    -0.116
-458.446    1123.347    -0.116
-457.957    1123.455    -0.116
-457.470    1123.563    -0.116
-456.981    1123.670    -0.116
-456.492    1123.777    -0.116
-456.005    1123.884    -0.116
-455.516    1123.993    -0.116
-455.028    1124.101    -0.116
-454.539    1124.203    -0.116
-454.051    1124.310    -0.116
-453.562    1124.418    -0.116
-452.976    1124.545    -0.116
-452.485    1124.641    -0.115
-451.995    1124.738    -0.115
-451.504    1124.835    -0.115
-451.015    1124.936    -0.115
-450.525    1125.036    -0.115
-450.035    1125.135    -0.115
-449.544    1125.231    -0.115
-449.053    1125.328    -0.115
-448.564    1125.429    -0.115
-448.074    1125.529    -0.115
-447.584    1125.630    -0.115
-447.095    1125.728    -0.115
-446.604    1125.825    -0.115
-446.113    1125.921    -0.115
-445.623    1126.019    -0.115
-445.132    1126.116    -0.115
-444.642    1126.214    -0.115
-444.152    1126.311    -0.115
-443.662    1126.409    -0.115
-443.171    1126.507    -0.115
-442.680    1126.603    -0.115
-442.190    1126.700    -0.115
-441.701    1126.799    -0.115
-441.111    1126.915    -0.115
-440.719    1126.992    -0.115
-440.229    1127.094    -0.115
-439.740    1127.194    -0.115
-439.250    1127.293    -0.115
-438.660    1127.406    -0.115
-438.169    1127.500    -0.115
-437.676    1127.582    -0.115
-437.184    1127.669    -0.115
-436.692    1127.759    -0.115
-436.100    1127.853    -0.115
-435.605    1127.924    -0.115
-435.110    1127.994    -0.115
-434.716    1128.060    -0.115
-434.224    1128.149    -0.115
-433.732    1128.238    -0.115
-433.139    1128.332    -0.115
-432.645    1128.402    -0.115
-432.149    1128.473    -0.115
-431.755    1128.538    -0.115
-431.263    1128.628    -0.115
-430.771    1128.716    -0.115
-430.179    1128.810    -0.115
-429.683    1128.881    -0.115
-429.189    1128.952    -0.115
-428.794    1129.017    -0.115
-428.400    1129.088    -0.115
-427.810    1129.195    -0.115
-427.217    1129.289    -0.115
-426.723    1129.360    -0.115
-426.227    1129.430    -0.115
-425.833    1129.496    -0.115
-425.341    1129.585    -0.114
-424.849    1129.675    -0.114
-424.257    1129.769    -0.114
-423.762    1129.839    -0.114
-423.267    1129.910    -0.114
-422.873    1129.975    -0.114
-422.479    1130.046    -0.114
-421.987    1130.135    -0.114
-421.096    1130.258    -0.114
-420.399    1130.321    -0.114
-420.100    1130.347    -0.114
-419.603    1130.402    -0.114
-419.106    1130.457    -0.114
-418.410    1130.526    -0.114
-417.912    1130.567    -0.114
-417.413    1130.608    -0.114
-417.114    1130.634    -0.114
-416.617    1130.688    -0.114
-416.120    1130.743    -0.114
-415.424    1130.812    -0.114
-414.926    1130.853    -0.114
-414.428    1130.894    -0.114
-413.929    1130.934    -0.114
-413.530    1130.965    -0.114
-413.032    1131.005    -0.114
-412.534    1131.044    -0.114
-412.036    1131.085    -0.114
-411.536    1131.126    -0.114
-411.038    1131.167    -0.114
-410.540    1131.206    -0.114
-409.942    1131.253    -0.114
-409.444    1131.293    -0.114
-409.045    1131.325    -0.114
-408.546    1131.366    -0.114
-408.048    1131.407    -0.114
-407.550    1131.447    -0.114
-406.952    1131.494    -0.114
-406.553    1131.525    -0.114
-406.055    1131.566    -0.114
-405.557    1131.607    -0.114
-404.859    1131.659    -0.114
-404.359    1131.678    -0.114
-404.059    1131.694    -0.113
-403.561    1131.733    -0.113
-403.063    1131.773    -0.113
-402.265    1131.820    -0.113
-401.765    1131.839    -0.113
-401.366    1131.854    -0.113
-400.866    1131.879    -0.113
-400.466    1131.901    -0.113
-399.967    1131.929    -0.113
-399.469    1131.957    -0.113
-398.769    1131.994    -0.113
-398.370    1132.009    -0.113
-397.870    1132.028    -0.113
-397.370    1132.048    -0.113
-396.971    1132.069    -0.113
-396.471    1132.097    -0.113
-395.773    1132.135    -0.113
-395.373    1132.150    -0.113
-394.874    1132.169    -0.113
-394.274    1132.192    -0.113
-393.674    1132.197    -0.113
-393.174    1132.199    -0.113
-392.774    1132.203    -0.113
-392.274    1132.218    -0.113
-391.775    1132.233    -0.113
-391.175    1132.245    -0.113
-390.675    1132.246    -0.113
-390.175    1132.248    -0.113
-389.776    1132.253    -0.113
-389.276    1132.267    -0.113
-388.776    1132.282    -0.113
-388.176    1132.293    -0.113
-387.676    1132.295    -0.113
-387.176    1132.297    -0.113
-386.776    1132.301    -0.113
-386.276    1132.316    -0.112
-385.777    1132.331    -0.112
-385.177    1132.343    -0.112
-384.677    1132.344    -0.112
-384.177    1132.346    -0.112
-383.777    1132.351    -0.112
-383.277    1132.365    -0.112
-382.777    1132.380    -0.112
-382.077    1132.387    -0.112
-381.578    1132.383    -0.112
-381.178    1132.384    -0.112
-380.678    1132.385    -0.112
-380.178    1132.387    -0.112
-379.578    1132.384    -0.112
-379.079    1132.379    -0.112
-378.578    1132.374    -0.112
-378.178    1132.374    -0.112
-377.678    1132.376    -0.112
-377.178    1132.378    -0.112
-376.578    1132.373    -0.112
-376.079    1132.368    -0.112
-375.579    1132.364    -0.112
-375.078    1132.358    -0.112
-374.579    1132.351    -0.112
-374.079    1132.342    -0.112
-373.479    1132.329    -0.112
-373.079    1132.316    -0.112
-372.580    1132.308    -0.112
-372.079    1132.300    -0.112
-371.580    1132.292    -0.112
-370.979    1132.273    -0.112
-370.480    1132.257    -0.112
-370.081    1132.244    -0.112
-369.580    1132.236    -0.111
-369.081    1132.229    -0.111
-368.581    1132.221    -0.111
-367.981    1132.202    -0.111
-367.482    1132.185    -0.111
-367.081    1132.173    -0.111
-366.582    1132.165    -0.111
-366.082    1132.157    -0.111
-365.582    1132.149    -0.111
-364.982    1132.130    -0.111
-364.482    1132.114    -0.111
-363.884    1132.088    -0.111
-363.583    1132.074    -0.111
-363.084    1132.058    -0.111
-362.584    1132.041    -0.111
-361.885    1132.008    -0.111
-361.387    1131.977    -0.111
-360.888    1131.944    -0.111
-360.289    1131.903    -0.111
-359.890    1131.876    -0.111
-359.391    1131.842    -0.111
-358.892    1131.809    -0.111
-358.393    1131.778    -0.111
-357.895    1131.746    -0.111
-357.295    1131.705    -0.111
-356.897    1131.677    -0.111
-356.398    1131.643    -0.111
-355.899    1131.611    -0.111
-355.400    1131.579    -0.111
-354.901    1131.548    -0.111
-354.303    1131.503    -0.110
-353.903    1131.478    -0.110
-353.405    1131.447    -0.110
-352.906    1131.415    -0.110
-352.308    1131.369    -0.110
-351.809    1131.331    -0.110
-351.311    1131.290    -0.110
-350.812    1131.246    -0.110
-350.314    1131.207    -0.110
-349.815    1131.167    -0.110
-349.218    1131.119    -0.110
-348.819    1131.084    -0.110
-348.321    1131.039    -0.110
-347.824    1130.994    -0.110
-347.325    1130.955    -0.110
-346.827    1130.916    -0.110
-346.229    1130.868    -0.110
-345.831    1130.832    -0.110
-345.333    1130.787    -0.110
-344.834    1130.742    -0.110
-344.336    1130.703    -0.110
-343.837    1130.664    -0.110
-343.239    1130.616    -0.110
-342.742    1130.571    -0.110
-342.244    1130.525    -0.110
-341.647    1130.462    -0.110
-341.152    1130.397    -0.110
-340.755    1130.344    -0.110
-340.356    1130.309    -0.110
-339.859    1130.263    -0.109
-339.162    1130.193    -0.109
-338.667    1130.127    -0.109
-338.171    1130.062    -0.109
-337.578    1129.976    -0.109
-337.084    1129.896    -0.109
-336.492    1129.799    -0.109
-336.000    1129.715    -0.109
-335.605    1129.650    -0.109
-335.111    1129.571    -0.109
-334.617    1129.492    -0.109
-334.026    1129.394    -0.109
-333.533    1129.310    -0.109
-333.039    1129.225    -0.109
-332.645    1129.161    -0.109
-332.151    1129.081    -0.109
-331.658    1129.003    -0.109
-331.066    1128.905    -0.109
-330.572    1128.820    -0.109
-330.080    1128.736    -0.109
-329.686    1128.671    -0.109
-329.192    1128.592    -0.109
-328.698    1128.513    -0.109
-328.106    1128.415    -0.109
-327.613    1128.331    -0.109
-327.120    1128.246    -0.108
-326.726    1128.181    -0.108
-326.233    1128.102    -0.108
-325.739    1128.024    -0.108
-325.146    1127.926    -0.108
-324.654    1127.841    -0.108
-324.161    1127.757    -0.108
-323.767    1127.692    -0.108
-323.273    1127.613    -0.108
-322.779    1127.534    -0.108
-322.187    1127.436    -0.108
-321.694    1127.352    -0.108
-321.201    1127.268    -0.108
-320.807    1127.202    -0.108
-320.314    1127.124    -0.108
-319.820    1127.045    -0.108
-319.227    1126.946    -0.108
-318.735    1126.863    -0.108
-318.242    1126.779    -0.108
-317.749    1126.697    -0.108
-317.354    1126.634    -0.108
-316.860    1126.555    -0.108
-316.268    1126.457    -0.108
-315.775    1126.373    -0.108
-315.283    1126.289    -0.108
-314.789    1126.208    -0.107
-314.394    1126.145    -0.107
-313.900    1126.065    -0.107
-313.309    1125.967    -0.107
-312.816    1125.883    -0.107
-312.323    1125.799    -0.107
-311.543    1125.627    -0.107
-311.056    1125.511    -0.107
-310.569    1125.398    -0.107
-310.082    1125.283    -0.107
-309.596    1125.168    -0.107
-309.399    1125.134    -0.107
-308.906    1125.050    -0.107
-308.414    1124.965    -0.107
-307.536    1124.767    -0.107
-307.148    1124.669    -0.107
-306.662    1124.554    -0.107
-306.175    1124.440    -0.107
-305.591    1124.298    -0.107
-305.107    1124.175    -0.107
-304.623    1124.051    -0.107
-304.235    1123.953    -0.107
-303.748    1123.839    -0.107
-303.261    1123.724    -0.106
-302.679    1123.584    -0.106
-302.194    1123.460    -0.106
-301.710    1123.336    -0.106
-301.322    1123.239    -0.106
-300.835    1123.124    -0.106
-300.349    1123.009    -0.106
-299.766    1122.868    -0.106
-299.282    1122.744    -0.106
-298.797    1122.621    -0.106
-298.409    1122.523    -0.106
-297.922    1122.408    -0.106
-297.436    1122.294    -0.106
-296.852    1122.153    -0.106
-296.368    1122.030    -0.106
-295.883    1121.906    -0.106
-295.496    1121.808    -0.106
-295.009    1121.694    -0.106
-294.522    1121.579    -0.106
-293.939    1121.438    -0.106
-293.455    1121.314    -0.106
-292.971    1121.190    -0.106
-292.582    1121.093    -0.106
-292.096    1120.978    -0.105
-291.609    1120.863    -0.105
-291.026    1120.723    -0.105
-290.541    1120.599    -0.105
-290.057    1120.476    -0.105
-289.669    1120.378    -0.105
-289.182    1120.263    -0.105
-288.696    1120.149    -0.105
-288.113    1120.007    -0.105
-287.629    1119.884    -0.105
-287.144    1119.760    -0.105
-286.471    1119.567    -0.105
-285.995    1119.417    -0.105
-285.518    1119.267    -0.105
-285.041    1119.117    -0.105
-284.564    1118.968    -0.105
-284.277    1118.880    -0.105
-283.793    1118.756    -0.105
-283.308    1118.632    -0.105
-282.633    1118.446    -0.105
-282.157    1118.296    -0.105
-281.680    1118.146    -0.105
-281.393    1118.059    -0.104
-280.909    1117.935    -0.104
-280.424    1117.812    -0.104
-279.656    1117.587    -0.104
-279.184    1117.425    -0.104
-278.803    1117.303    -0.104
-278.326    1117.153    -0.104
-277.849    1117.003    -0.104
-277.280    1116.812    -0.104
-276.713    1116.618    -0.104
-276.334    1116.488    -0.104
-275.953    1116.366    -0.104
-275.382    1116.186    -0.104
-275.000    1116.066    -0.104
-274.431    1115.875    -0.104
-273.958    1115.713    -0.104
-273.485    1115.551    -0.104
-273.105    1115.429    -0.104
-272.627    1115.279    -0.104
-272.150    1115.130    -0.104
-271.582    1114.939    -0.104
-271.109    1114.777    -0.103
-270.636    1114.615    -0.103
-270.255    1114.493    -0.103
-269.683    1114.312    -0.103
-269.301    1114.192    -0.103
-268.732    1114.003    -0.103
-268.259    1113.841    -0.103
-267.785    1113.679    -0.103
-267.404    1113.557    -0.103
-266.833    1113.376    -0.103
-266.451    1113.256    -0.103
-265.883    1113.065    -0.103
-265.410    1112.903    -0.103
-264.937    1112.742    -0.103
-264.556    1112.620    -0.103
-264.078    1112.470    -0.103
-263.602    1112.320    -0.103
-263.033    1112.129    -0.103
-262.560    1111.967    -0.103
-261.900    1111.735    -0.103
-261.435    1111.550    -0.103
-260.971    1111.365    -0.102
-260.506    1111.180    -0.102
-260.041    1110.996    -0.102
-259.576    1110.811    -0.102
-259.293    1110.714    -0.102
-258.820    1110.552    -0.102
-258.347    1110.390    -0.102
-257.693    1110.141    -0.102
-257.228    1109.957    -0.102
-256.763    1109.772    -0.102
-256.480    1109.675    -0.102
-256.007    1109.513    -0.102
-255.534    1109.350    -0.102
-254.880    1109.101    -0.102
-254.416    1108.917    -0.102
-253.950    1108.732    -0.102
-253.667    1108.635    -0.102
-253.194    1108.473    -0.102
-252.349    1108.166    -0.102
-251.890    1107.966    -0.101
-251.614    1107.849    -0.101
-251.150    1107.665    -0.101
-250.685    1107.479    -0.101
-250.038    1107.213    -0.101
-249.580    1107.013    -0.101
-249.121    1106.813    -0.101
-248.846    1106.696    -0.101
-248.288    1106.474    -0.101
-247.916    1106.326    -0.101
-247.269    1106.059    -0.101
-246.810    1105.860    -0.101
-246.352    1105.661    -0.101
-246.076    1105.543    -0.101
-245.519    1105.321    -0.101
-245.147    1105.174    -0.101
-244.500    1104.907    -0.101
-244.042    1104.707    -0.101
-243.583    1104.508    -0.101
-243.307    1104.390    -0.101
-242.843    1104.206    -0.100
-242.378    1104.021    -0.100
-241.731    1103.754    -0.100
-241.272    1103.555    -0.100
-240.814    1103.356    -0.100
-240.539    1103.238    -0.100
-240.073    1103.054    -0.100
-239.609    1102.869    -0.100
-238.786    1102.505    -0.100
-238.516    1102.375    -0.100
-238.057    1102.176    -0.100
-237.599    1101.976    -0.100
-236.962    1101.688    -0.100
-236.601    1101.513    -0.100
-236.061    1101.252    -0.100
-235.791    1101.123    -0.100
-235.332    1100.923    -0.100
-234.874    1100.723    -0.100
-234.237    1100.435    -0.100
-233.786    1100.217    -0.099
-233.337    1099.999    -0.099
-233.066    1099.870    -0.099
-232.608    1099.670    -0.099
-232.149    1099.471    -0.099
-231.512    1099.182    -0.099
-231.061    1098.964    -0.099
-230.702    1098.789    -0.099
-230.341    1098.617    -0.099
-229.883    1098.417    -0.099
-229.424    1098.217    -0.099
-228.787    1097.929    -0.099
-228.337    1097.711    -0.099
-227.887    1097.493    -0.099
-227.617    1097.364    -0.099
-227.158    1097.163    -0.099
-226.699    1096.964    -0.099
-226.062    1096.676    -0.099
-225.612    1096.459    -0.099
-225.252    1096.284    -0.098
-224.628    1095.967    -0.098
-224.187    1095.731    -0.098
-223.658    1095.447    -0.098
-223.306    1095.259    -0.098
-222.865    1095.023    -0.098
-222.507    1094.845    -0.098
-222.057    1094.628    -0.098
-221.696    1094.453    -0.098
-220.987    1094.086    -0.098
-220.633    1093.897    -0.098
-220.193    1093.661    -0.098
-219.834    1093.484    -0.098
-219.384    1093.266    -0.098
-218.935    1093.048    -0.098
-218.485    1092.830    -0.098
-217.954    1092.550    -0.098
-217.513    1092.314    -0.098
-217.072    1092.079    -0.097
-216.712    1091.905    -0.097
-216.352    1091.730    -0.097
-215.812    1091.469    -0.097
-215.283    1091.188    -0.097
-214.841    1090.952    -0.097
-214.228    1090.615    -0.097
-213.795    1090.365    -0.097
-213.362    1090.114    -0.097
-212.929    1089.864    -0.097
-212.497    1089.614    -0.097
-212.150    1089.415    -0.097
-211.798    1089.225    -0.097
-211.357    1088.989    -0.097
-210.741    1088.656    -0.097
-210.308    1088.406    -0.097
-209.876    1088.156    -0.097
-209.529    1087.956    -0.097
-209.177    1087.766    -0.096
-208.736    1087.530    -0.096
-208.120    1087.197    -0.096
-207.688    1086.947    -0.096
-207.255    1086.697    -0.096
-206.909    1086.497    -0.096
-206.468    1086.260    -0.096
-206.027    1086.025    -0.096
-205.500    1085.740    -0.096
-205.067    1085.489    -0.096
-204.635    1085.238    -0.096
-204.288    1085.038    -0.096
-203.847    1084.803    -0.096
-203.407    1084.566    -0.096
-202.879    1084.280    -0.096
-202.446    1084.031    -0.096
-202.013    1083.781    -0.096
-201.667    1083.580    -0.096
-201.315    1083.391    -0.095
-200.874    1083.155    -0.095
-200.173    1082.771    -0.095
-199.743    1082.516    -0.095
-199.397    1082.314    -0.095
-198.964    1082.064    -0.095
-198.531    1081.814    -0.095
-197.933    1081.449    -0.095
-197.680    1081.289    -0.095
-197.247    1081.039    -0.095
-196.814    1080.788    -0.095
-196.212    1080.431    -0.095
-195.790    1080.165    -0.095
-195.367    1079.898    -0.095
-195.113    1079.737    -0.095
-194.680    1079.487    -0.095
-194.248    1079.236    -0.095
-193.646    1078.879    -0.094
-193.224    1078.613    -0.094
-192.800    1078.346    -0.094
-192.461    1078.134    -0.094
-192.032    1077.877    -0.094
-191.521    1077.564    -0.094
-191.098    1077.297    -0.094
-190.675    1077.030    -0.094
-190.171    1076.704    -0.094
-189.755    1076.428    -0.094
-189.337    1076.153    -0.094
-189.000    1075.938    -0.094
-188.578    1075.671    -0.094
-188.154    1075.405    -0.094
-187.651    1075.078    -0.094
-187.235    1074.801    -0.094
-186.817    1074.526    -0.094
-186.403    1074.247    -0.093
-185.987    1073.969    -0.093
-185.570    1073.694    -0.093
-185.236    1073.473    -0.093
-184.737    1073.140    -0.093
-184.324    1072.858    -0.093
-183.910    1072.578    -0.093
-183.496    1072.297    -0.093
-183.083    1072.016    -0.093
-182.669    1071.735    -0.093
-182.255    1071.455    -0.093
-181.842    1071.174    -0.093
-181.428    1070.893    -0.093
-181.014    1070.613    -0.093
-180.518    1070.275    -0.093
-180.110    1069.987    -0.093
-179.702    1069.697    -0.093
-179.295    1069.408    -0.092
-178.888    1069.117    -0.092
-178.561    1068.887    -0.092
-178.148    1068.606    -0.092
-177.733    1068.325    -0.092
-177.160    1067.924    -0.092
-176.680    1067.564    -0.092
-176.439    1067.384    -0.092
-176.032    1067.095    -0.092
-175.625    1066.806    -0.092
-175.057    1066.396    -0.092
-174.657    1066.096    -0.092
-174.257    1065.795    -0.092
-174.016    1065.616    -0.092
-173.610    1065.327    -0.092
-173.202    1065.037    -0.092
-172.634    1064.627    -0.091
-172.314    1064.387    -0.091
-171.835    1064.027    -0.091
-171.594    1063.849    -0.091
-171.187    1063.559    -0.091
-170.779    1063.269    -0.091
-170.213    1062.858    -0.091
-169.814    1062.556    -0.091
-169.416    1062.254    -0.091
-169.019    1061.950    -0.091
-168.622    1061.645    -0.091
-168.226    1061.341    -0.091
-167.827    1061.040    -0.091
-167.428    1060.738    -0.091
-167.029    1060.436    -0.091
-166.632    1060.134    -0.091
-166.236    1059.829    -0.090
-165.839    1059.524    -0.090
-165.441    1059.222    -0.090
-165.041    1058.922    -0.090
-164.642    1058.620    -0.090
-164.098    1058.180    -0.090
-163.710    1057.865    -0.090
-163.400    1057.612    -0.090
-162.934    1057.234    -0.090
-162.547    1056.918    -0.090
-162.159    1056.602    -0.090
-161.772    1056.287    -0.090
-161.383    1055.971    -0.090
-160.996    1055.655    -0.090
-160.608    1055.340    -0.090
-160.220    1055.024    -0.090
-159.832    1054.709    -0.089
-159.445    1054.393    -0.089
-159.057    1054.077    -0.089
-158.746    1053.825    -0.089
-158.279    1053.450    -0.089
-157.892    1053.134    -0.089
-157.504    1052.818    -0.089
-157.194    1052.565    -0.089
-156.804    1052.251    -0.089
-156.415    1051.938    -0.089
-155.948    1051.562    -0.089
-155.560    1051.246    -0.089
-155.173    1050.930    -0.089
-154.784    1050.615    -0.089
-154.472    1050.364    -0.089
-154.005    1049.988    -0.089
-153.616    1049.674    -0.088
-153.233    1049.352    -0.088
-152.775    1048.966    -0.088
-152.394    1048.641    -0.088
-152.015    1048.316    -0.088
-151.710    1048.057    -0.088
-151.328    1047.735    -0.088
-150.944    1047.414    -0.088
-150.486    1047.027    -0.088
-150.106    1046.702    -0.088
-149.726    1046.377    -0.088
-149.421    1046.117    -0.088
-149.039    1045.796    -0.088
-148.655    1045.475    -0.088
-148.197    1045.088    -0.088
-147.817    1044.764    -0.088
-147.513    1044.503    -0.087
-146.987    1044.041    -0.087
-146.619    1043.703    -0.087
-146.251    1043.364    -0.087
-145.883    1043.026    -0.087
-145.513    1042.690    -0.087
-145.142    1042.355    -0.087
-144.773    1042.017    -0.087
-144.405    1041.678    -0.087
-144.037    1041.340    -0.087
-143.668    1041.003    -0.087
-143.297    1040.668    -0.087
-142.927    1040.332    -0.087
-142.558    1039.994    -0.087
-142.190    1039.656    -0.087
-141.822    1039.318    -0.087
-141.452    1038.981    -0.086
-141.081    1038.646    -0.086
-140.566    1038.173    -0.086
-140.211    1037.821    -0.086
-139.919    1037.547    -0.086
-139.551    1037.208    -0.086
-139.183    1036.870    -0.086
-138.751    1036.453    -0.086
-138.397    1036.101    -0.086
-138.042    1035.750    -0.086
-137.754    1035.471    -0.086
-137.320    1035.057    -0.086
-136.963    1034.707    -0.086
-136.608    1034.355    -0.086
-136.182    1033.932    -0.086
-135.894    1033.656    -0.085
-135.604    1033.379    -0.085
-135.243    1033.034    -0.085
-134.811    1032.617    -0.085
-134.452    1032.269    -0.085
-134.162    1031.993    -0.085
-133.801    1031.648    -0.085
-133.368    1031.232    -0.085
-133.011    1030.883    -0.085
-132.653    1030.534    -0.085
-132.164    1030.034    -0.085
-131.820    1029.670    -0.085
-131.610    1029.457    -0.085
-131.252    1029.107    -0.085
-130.895    1028.758    -0.085
-130.404    1028.260    -0.084
-130.060    1027.896    -0.084
-129.718    1027.532    -0.084
-129.374    1027.169    -0.084
-129.031    1026.806    -0.084
-128.687    1026.442    -0.084
-128.344    1026.079    -0.084
-128.001    1025.715    -0.084
-127.657    1025.352    -0.084
-127.314    1024.989    -0.084
-126.970    1024.625    -0.084
-126.627    1024.262    -0.084
-126.284    1023.898    -0.084
-125.941    1023.534    -0.084
-125.597    1023.171    -0.084
-125.254    1022.808    -0.083
-124.910    1022.445    -0.083
-124.568    1022.081    -0.083
-124.224    1021.718    -0.083
-123.880    1021.354    -0.083
-123.538    1020.990    -0.083
-123.194    1020.627    -0.083
-122.851    1020.264    -0.083
-122.576    1019.973    -0.083
-122.230    1019.612    -0.083
-121.815    1019.179    -0.083
-121.538    1018.889    -0.083
-121.193    1018.528    -0.083
-120.779    1018.094    -0.083
-120.501    1017.805    -0.083
-120.156    1017.445    -0.083
-119.677    1016.935    -0.082
-119.281    1016.484    -0.082
-118.951    1016.107    -0.082
-118.746    1015.889    -0.082
-118.468    1015.601    -0.082
-118.123    1015.241    -0.082
-117.588    1014.646    -0.082
-117.202    1014.187    -0.082
-116.943    1013.881    -0.082
-116.618    1013.502    -0.082
-116.293    1013.121    -0.082
-115.905    1012.664    -0.082
-115.584    1012.282    -0.082
-115.263    1011.898    -0.082
-115.004    1011.592    -0.082
-114.679    1011.213    -0.081
-114.354    1010.832    -0.081
-113.965    1010.376    -0.081
-113.644    1009.993    -0.081
-113.387    1009.686    -0.081
-113.065    1009.304    -0.081
-112.740    1008.924    -0.081
-112.414    1008.545    -0.081
-112.090    1008.164    -0.081
-111.769    1007.781    -0.081
-111.448    1007.398    -0.081
-111.126    1007.016    -0.081
-110.801    1006.635    -0.081
-110.475    1006.256    -0.081
-110.087    1005.799    -0.080
-109.766    1005.415    -0.080
-109.509    1005.109    -0.080
-109.065    1004.569    -0.080
-108.753    1004.178    -0.080
-108.446    1003.783    -0.080
-108.134    1003.391    -0.080
-107.823    1003.000    -0.080
-107.451    1002.530    -0.080
-107.145    1002.134    -0.080
-106.901    1001.817    -0.080
-106.596    1001.422    -0.080
-106.346    1001.109    -0.080
-106.034    1000.718    -0.080
-105.660    1000.249    -0.080
-105.355    999.853    -0.079
-104.989    999.377    -0.079
-104.684    998.981    -0.079
-104.380    998.584    -0.079
-104.136    998.267    -0.079
-103.832    997.871    -0.079
-103.465    997.396    -0.079
-103.161    996.999    -0.079
-102.858    996.602    -0.079
-102.553    996.205    -0.079
-102.249    995.809    -0.079
-102.004    995.492    -0.079
-101.639    995.016    -0.079
-101.335    994.619    -0.079
-101.030    994.222    -0.079
-100.668    993.745    -0.078
-100.430    993.422    -0.078
-100.075    992.940    -0.078
-99.837    992.618    -0.078
-99.535    992.220    -0.078
-99.231    991.823    -0.078
-98.988    991.505    -0.078
-98.631    991.024    -0.078
-98.274    990.540    -0.078
-98.037    990.219    -0.078
-97.734    989.821    -0.078
-97.430    989.424    -0.078
-97.126    989.027    -0.078
-96.770    988.544    -0.078
-96.532    988.222    -0.078
-96.237    987.820    -0.077
-95.883    987.335    -0.077
-95.589    986.931    -0.077
-95.295    986.527    -0.077
-95.001    986.121    -0.077
-94.764    985.800    -0.077
-94.468    985.397    -0.077
-94.171    984.995    -0.077
-93.817    984.510    -0.077
-93.523    984.106    -0.077
-93.229    983.702    -0.077
-92.933    983.298    -0.077
-92.584    982.810    -0.077
-92.305    982.395    -0.077
-92.022    981.984    -0.076
-91.738    981.572    -0.076
-91.453    981.161    -0.076
-91.174    980.746    -0.076
-90.840    980.248    -0.076
-90.561    979.834    -0.076
-90.333    979.504    -0.076
-90.050    979.092    -0.076
-89.765    978.681    -0.076
-89.485    978.268    -0.076
-89.206    977.852    -0.076
-88.927    977.437    -0.076
-88.645    977.025    -0.076
-88.361    976.614    -0.076
-88.076    976.202    -0.076
-87.796    975.788    -0.075
-87.463    975.289    -0.075
-87.184    974.875    -0.075
-86.916    974.452    -0.075
-86.595    973.946    -0.075
-86.327    973.524    -0.075
-86.113    973.186    -0.075
-85.892    972.852    -0.075
-85.558    972.354    -0.075
-85.280    971.939    -0.075
-84.961    971.430    -0.075
-84.696    971.007    -0.075
-84.482    970.669    -0.075
-84.214    970.247    -0.075
-83.895    969.738    -0.074
-83.633    969.312    -0.074
-83.369    968.887    -0.074
-83.158    968.548    -0.074
-82.837    968.041    -0.074
-82.623    967.704    -0.074
-82.304    967.195    -0.074
-82.042    966.769    -0.074
-81.779    966.344    -0.074
-81.514    965.920    -0.074
-81.300    965.582    -0.074
-80.979    965.076    -0.074
-80.619    964.475    -0.074
-80.369    964.042    -0.074
-80.169    963.696    -0.074
-79.869    963.177    -0.073
-79.617    962.744    -0.073
-79.416    962.399    -0.073
-79.115    961.880    -0.073
-78.865    961.447    -0.073
-78.615    961.015    -0.073
-78.363    960.581    -0.073
-78.162    960.236    -0.073
-77.910    959.804    -0.073
-77.659    959.372    -0.073
-77.358    958.853    -0.073
-77.108    958.419    -0.073
-76.858    957.987    -0.073
-76.607    957.555    -0.073
-76.355    957.123    -0.072
-76.103    956.691    -0.072
-75.903    956.344    -0.072
-75.603    955.825    -0.072
-75.402    955.479    -0.072
-75.151    955.047    -0.072
-74.899    954.615    -0.072
-74.648    954.182    -0.072
-74.348    953.663    -0.072
-74.148    953.317    -0.072
-73.806    952.706    -0.072
-73.618    952.353    -0.072
-73.333    951.826    -0.072
-73.098    951.384    -0.072
-72.864    950.943    -0.072
-72.665    950.595    -0.071
-72.415    950.162    -0.071
-72.166    949.729    -0.071
-71.879    949.203    -0.071
-71.644    948.761    -0.071
-71.410    948.319    -0.071
-71.262    948.058    -0.071
-71.012    947.625    -0.071
-70.713    947.106    -0.071
-70.388    946.485    -0.071
-70.205    946.129    -0.071
-69.971    945.688    -0.071
-69.736    945.247    -0.071
-69.458    944.715    -0.071
-69.232    944.269    -0.070
-69.007    943.823    -0.070
-68.825    943.466    -0.070
-68.547    942.935    -0.070
-68.315    942.492    -0.070
-68.090    942.045    -0.070
-67.864    941.599    -0.070
-67.638    941.154    -0.070
-67.452    940.799    -0.070
-67.220    940.356    -0.070
-66.942    939.825    -0.070
-66.717    939.378    -0.070
-66.491    938.932    -0.070
-66.265    938.486    -0.070
-66.079    938.133    -0.070
-65.801    937.601    -0.069
-65.569    937.157    -0.069
-65.344    936.712    -0.069
-65.117    936.266    -0.069
-64.891    935.820    -0.069
-64.705    935.465    -0.069
-64.473    935.023    -0.069
-64.155    934.400    -0.069
-63.899    933.857    -0.069
-63.731    933.494    -0.069
-63.477    932.951    -0.069
-63.305    932.589    -0.069
-63.091    932.138    -0.069
-62.834    931.596    -0.069
-62.621    931.143    -0.068
-62.411    930.689    -0.068
-62.199    930.236    -0.068
-61.985    929.785    -0.068
-61.813    929.423    -0.068
-61.598    928.972    -0.068
-61.343    928.429    -0.068
-61.133    927.976    -0.068
-60.922    927.523    -0.068
-60.679    926.973    -0.068
-60.519    926.607    -0.068
-60.309    926.154    -0.068
-60.140    925.791    -0.068
-59.886    925.248    -0.068
-59.644    924.698    -0.068
-59.445    924.240    -0.067
-59.244    923.782    -0.067
-59.074    923.419    -0.067
-58.863    922.966    -0.067
-58.652    922.513    -0.067
-58.411    921.965    -0.067
-58.210    921.506    -0.067
-57.973    920.955    -0.067
-57.784    920.492    -0.067
-57.632    920.122    -0.067
-57.433    919.664    -0.067
-57.232    919.206    -0.067
-56.994    918.655    -0.067
-56.805    918.193    -0.067
-56.616    917.729    -0.066
-56.464    917.360    -0.066
-56.264    916.901    -0.066
-56.064    916.443    -0.066
-55.826    915.892    -0.066
-55.637    915.430    -0.066
-55.448    914.967    -0.066
-55.258    914.504    -0.066
-55.103    914.136    -0.066
-54.871    913.582    -0.066
-54.716    913.214    -0.066
-54.485    912.660    -0.066
-54.296    912.196    -0.066
-54.108    911.734    -0.066
-53.956    911.364    -0.066
-53.724    910.811    -0.065
-53.569    910.442    -0.065
-53.306    909.793    -0.065
-53.128    909.326    -0.065
-52.952    908.858    -0.065
-52.774    908.391    -0.065
-52.596    907.924    -0.065
-52.417    907.457    -0.065
-52.241    906.989    -0.065
-52.030    906.428    -0.065
-51.890    906.053    -0.065
-51.712    905.586    -0.065
-51.534    905.118    -0.065
-51.355    904.651    -0.065
-51.179    904.184    -0.064
-51.003    903.715    -0.064
-50.828    903.247    -0.064
-50.649    902.780    -0.064
-50.471    902.313    -0.064
-50.292    901.847    -0.064
-50.116    901.379    -0.064
-49.940    900.911    -0.064
-49.765    900.442    -0.064
-49.559    899.878    -0.064
-49.389    899.408    -0.064
-49.218    898.939    -0.064
-49.047    898.469    -0.064
-48.874    898.000    -0.064
-48.733    897.625    -0.064
-48.558    897.157    -0.063
-48.322    896.498    -0.063
-48.194    896.120    -0.063
-48.024    895.649    -0.063
-47.854    895.179    -0.063
-47.683    894.709    -0.063
-47.490    894.141    -0.063
-47.329    893.668    -0.063
-47.201    893.289    -0.063
-47.031    892.818    -0.063
-46.860    892.349    -0.063
-46.656    891.785    -0.063
-46.496    891.311    -0.063
-46.336    890.837    -0.063
-46.146    890.269    -0.062
-45.996    889.791    -0.062
-45.848    889.314    -0.062
-45.699    888.837    -0.062
-45.544    888.361    -0.062
-45.420    887.981    -0.062
-45.265    887.506    -0.062
-45.081    886.935    -0.062
-44.932    886.457    -0.062
-44.783    885.980    -0.062
-44.633    885.503    -0.062
-44.509    885.123    -0.062
-44.355    884.648    -0.062
-44.171    884.077    -0.062
-44.021    883.599    -0.062
-43.872    883.122    -0.061
-43.723    882.645    -0.061
-43.599    882.265    -0.061
-43.445    881.790    -0.061
-43.260    881.219    -0.061
-43.111    880.741    -0.061
-42.962    880.264    -0.061
-42.762    879.593    -0.061
-42.654    879.208    -0.061
-42.520    878.727    -0.061
-42.429    878.441    -0.061
-42.243    877.870    -0.061
-42.119    877.490    -0.061
-41.916    876.820    -0.061
-41.777    876.340    -0.061
-41.616    875.762    -0.060
-41.508    875.377    -0.060
-41.372    874.896    -0.060
-41.233    874.415    -0.060
-41.094    873.935    -0.060
-40.954    873.455    -0.060
-40.793    872.877    -0.060
-40.685    872.493    -0.060
-40.549    872.011    -0.060
-40.410    871.531    -0.060
-40.271    871.051    -0.060
-40.131    870.570    -0.060
-39.970    869.993    -0.060
-39.862    869.607    -0.060
-39.701    869.030    -0.060
-39.572    868.547    -0.059
-39.442    868.064    -0.059
-39.312    867.581    -0.059
-39.182    867.099    -0.059
-39.052    866.616    -0.059
-38.922    866.133    -0.059
-38.793    865.650    -0.059
-38.662    865.168    -0.059
-38.533    864.685    -0.059
-38.402    864.202    -0.059
-38.273    863.718    -0.059
-38.144    863.235    -0.059
-38.013    862.753    -0.059
-37.884    862.270    -0.059
-37.754    861.787    -0.059
-37.624    861.304    -0.058
-37.494    860.822    -0.058
-37.365    860.339    -0.058
-37.234    859.856    -0.058
-37.105    859.373    -0.058
-36.974    858.891    -0.058
-36.845    858.408    -0.058
-36.716    857.925    -0.058
-36.585    857.442    -0.058
-36.455    856.960    -0.058
-36.326    856.477    -0.058
-36.195    855.994    -0.058
-36.042    855.413    -0.058
-35.935    854.926    -0.058
-35.822    854.438    -0.058
-35.708    853.952    -0.057
-35.574    853.367    -0.057
-35.473    852.877    -0.057
-35.371    852.387    -0.057
-35.289    851.996    -0.057
-35.176    851.510    -0.057
-35.062    851.022    -0.057
-34.928    850.437    -0.057
-34.827    849.948    -0.057
-34.725    849.459    -0.057
-34.644    849.067    -0.057
-34.532    848.579    -0.057
-34.403    847.994    -0.057
-34.301    847.505    -0.057
-34.200    847.015    -0.057
-34.116    846.624    -0.056
-34.003    846.136    -0.056
-33.891    845.650    -0.056
-33.762    845.064    -0.056
-33.660    844.574    -0.056
-33.559    844.084    -0.056
-33.475    843.693    -0.056
-33.362    843.207    -0.056
-33.250    842.719    -0.056
-33.121    842.133    -0.056
-33.019    841.644    -0.056
-32.918    841.154    -0.056
-32.834    840.764    -0.056
-32.722    840.276    -0.056
-32.610    839.789    -0.056
-32.480    839.203    -0.055
-32.378    838.713    -0.055
-32.277    838.224    -0.055
-32.193    837.833    -0.055
-32.081    837.346    -0.055
-31.969    836.858    -0.055
-31.840    836.272    -0.055
-31.740    835.783    -0.055
-31.640    835.293    -0.055
-31.538    834.803    -0.055
-31.417    834.216    -0.055
-31.336    833.824    -0.055
-31.237    833.334    -0.055
-31.117    832.747    -0.055
-31.037    832.354    -0.055
-30.935    831.865    -0.054
-30.814    831.277    -0.054
-30.699    830.689    -0.054
-30.622    830.296    -0.054
-30.527    829.805    -0.054
-30.430    829.315    -0.054
-30.338    828.823    -0.054
-30.231    828.234    -0.054
-30.159    827.839    -0.054
-30.067    827.348    -0.054
-29.970    826.857    -0.054
-29.875    826.367    -0.054
-29.764    825.777    -0.054
-29.693    825.384    -0.054
-29.586    824.793    -0.054
-29.498    824.301    -0.053
-29.411    823.809    -0.053
-29.325    823.317    -0.053
-29.254    822.922    -0.053
-29.164    822.430    -0.053
-29.058    821.841    -0.053
-28.972    821.348    -0.053
-28.886    820.856    -0.053
-28.799    820.363    -0.053
-28.728    819.969    -0.053
-28.639    819.477    -0.053
-28.533    818.888    -0.053
-28.446    818.395    -0.053
-28.359    817.902    -0.053
-28.273    817.409    -0.053
-28.202    817.016    -0.053
-28.112    816.524    -0.052
-28.007    815.933    -0.052
-27.929    815.440    -0.052
-27.849    814.947    -0.052
-27.784    814.551    -0.052
-27.677    813.962    -0.052
-27.587    813.470    -0.052
-27.502    812.977    -0.052
-27.422    812.483    -0.052
-27.343    811.990    -0.052
-27.278    811.595    -0.052
-27.171    811.005    -0.052
-27.082    810.513    -0.052
-26.996    810.020    -0.052
-26.916    809.527    -0.052
-26.838    809.033    -0.052
-26.759    808.539    -0.051
-26.684    808.045    -0.051
-26.609    807.551    -0.051
-26.533    807.056    -0.051
-26.458    806.562    -0.051
-26.370    805.969    -0.051
-26.300    805.473    -0.051
-26.230    804.979    -0.051
-26.172    804.583    -0.051
-26.096    804.089    -0.051
-26.005    803.496    -0.051
-25.933    803.002    -0.051
-25.863    802.506    -0.051
-25.794    802.011    -0.051
-25.736    801.615    -0.051
-25.660    801.121    -0.051
-25.569    800.528    -0.050
-25.494    800.033    -0.050
-25.421    799.539    -0.050
-25.349    799.044    -0.050
-25.289    798.649    -0.050
-25.213    798.155    -0.050
-25.137    797.660    -0.050
-25.063    797.166    -0.050
-24.975    796.573    -0.050
-24.902    796.078    -0.050
-24.843    795.683    -0.050
-24.766    795.188    -0.050
-24.690    794.694    -0.050
-24.598    794.000    -0.050
-24.543    793.503    -0.050
-24.488    793.007    -0.049
-24.430    792.611    -0.049
-24.358    792.116    -0.049
-24.278    791.522    -0.049
-24.212    790.926    -0.049
-24.167    790.528    -0.049
-24.120    790.131    -0.049
-24.048    789.636    -0.049
-23.976    789.142    -0.049
-23.893    788.548    -0.049
-23.832    788.051    -0.049
-23.771    787.554    -0.049
-23.711    787.059    -0.049
-23.649    786.562    -0.049
-23.588    786.066    -0.049
-23.528    785.570    -0.049
-23.467    785.074    -0.049
-23.401    784.477    -0.048
-23.352    783.979    -0.048
-23.303    783.483    -0.048
-23.253    782.985    -0.048
-23.204    782.488    -0.048
-23.156    781.990    -0.048
-23.106    781.492    -0.048
-23.056    780.995    -0.048
-23.006    780.497    -0.048
-22.958    780.000    -0.048
-22.908    779.502    -0.048
-22.858    779.004    -0.048
-22.809    778.507    -0.048
-22.760    778.009    -0.048
-22.710    777.512    -0.048
-22.662    777.014    -0.048
-22.612    776.517    -0.047
-22.562    776.019    -0.047
-22.512    775.522    -0.047
-22.463    775.025    -0.047
-22.414    774.527    -0.047
-22.364    774.030    -0.047
-22.315    773.532    -0.047
-22.266    773.035    -0.047
-22.216    772.537    -0.047
-22.166    772.039    -0.047
-22.118    771.542    -0.047
-22.068    771.044    -0.047
-22.018    770.547    -0.047
-21.970    770.049    -0.047
-21.921    769.551    -0.047
-21.871    769.054    -0.047
-21.822    768.556    -0.046
-21.773    768.059    -0.046
-21.728    767.561    -0.046
-21.686    767.063    -0.046
-21.645    766.565    -0.046
-21.603    766.066    -0.046
-21.561    765.568    -0.046
-21.520    765.070    -0.046
-21.478    764.572    -0.046
-21.436    764.074    -0.046
-21.394    763.575    -0.046
-21.353    763.077    -0.046
-21.305    762.579    -0.046
-21.255    762.082    -0.046
-21.205    761.585    -0.046
-21.154    761.088    -0.046
-21.104    760.590    -0.046
-21.054    760.093    -0.045
-21.004    759.595    -0.045
-20.953    759.098    -0.045
-20.903    758.600    -0.045
-20.853    758.103    -0.045
-20.802    757.605    -0.045
-20.751    757.108    -0.045
-20.702    756.610    -0.045
-20.661    756.212    -0.045
-20.601    755.616    -0.045
-20.561    755.217    -0.045
-20.501    754.621    -0.045
-20.460    754.223    -0.045
-20.400    753.626    -0.045
-20.359    753.128    -0.045
-20.317    752.630    -0.045
-20.275    752.131    -0.045
-20.234    751.633    -0.044
-20.192    751.134    -0.044
-20.150    750.636    -0.044
-20.108    750.138    -0.044
-20.067    749.640    -0.044
-20.025    749.142    -0.044
-19.983    748.644    -0.044
-19.942    748.146    -0.044
-19.900    747.647    -0.044
-19.858    747.149    -0.044
-19.816    746.651    -0.044
-19.770    746.053    -0.044
-19.741    745.554    -0.044
-19.705    744.954    -0.044
-19.675    744.456    -0.044
-19.650    744.057    -0.044
-19.615    743.457    -0.043
-19.587    743.059    -0.043
-19.551    742.560    -0.043
-19.517    742.061    -0.043
-19.481    741.562    -0.043
-19.446    741.064    -0.043
-19.410    740.565    -0.043
-19.376    740.066    -0.043
-19.340    739.568    -0.043
-19.304    739.069    -0.043
-19.269    738.570    -0.043
-19.234    738.071    -0.043
-19.198    737.573    -0.043
-19.163    737.074    -0.043
-19.129    736.575    -0.043
-19.093    736.076    -0.043
-19.057    735.578    -0.043
-19.022    735.080    -0.043
-18.987    734.580    -0.042
-18.951    734.082    -0.042
-18.916    733.583    -0.042
-18.880    733.085    -0.042
-18.846    732.585    -0.042
-18.810    732.087    -0.042
-18.777    731.588    -0.042
-18.749    731.089    -0.042
-18.719    730.590    -0.042
-18.689    730.090    -0.042
-18.655    729.492    -0.042
-18.632    729.093    -0.042
-18.602    728.593    -0.042
-18.567    727.995    -0.042
-18.543    727.595    -0.042
-18.514    727.096    -0.042
-18.484    726.597    -0.042
-18.455    726.098    -0.041
-18.426    725.599    -0.041
-18.397    725.099    -0.041
-18.368    724.601    -0.041
-18.338    724.101    -0.041
-18.308    723.602    -0.041
-18.280    723.104    -0.041
-18.250    722.604    -0.041
-18.220    722.105    -0.041
-18.190    721.606    -0.041
-18.160    721.107    -0.041
-18.129    720.608    -0.041
-18.098    720.109    -0.041
-18.068    719.610    -0.041
-18.038    719.111    -0.041
-18.007    718.612    -0.041
-17.976    718.113    -0.041
-17.946    717.613    -0.041
-17.915    717.115    -0.040
-17.884    716.616    -0.040
-17.854    716.116    -0.040
-17.824    715.618    -0.040
-17.793    715.119    -0.040
-17.762    714.620    -0.040
-17.733    714.121    -0.040
-17.702    713.621    -0.040
-17.673    713.123    -0.040
-17.643    712.624    -0.040
-17.614    712.124    -0.040
-17.585    711.625    -0.040
-17.556    711.126    -0.040
-17.527    710.627    -0.040
-17.498    710.127    -0.040
-17.468    709.629    -0.040
-17.438    709.130    -0.040
-17.409    708.630    -0.040
-17.380    708.132    -0.039
-17.350    707.632    -0.039
-17.321    707.133    -0.039
-17.292    706.635    -0.039
-17.263    706.135    -0.039
-17.233    705.636    -0.039
-17.204    705.136    -0.039
-17.175    704.638    -0.039
-17.145    704.139    -0.039
-17.116    703.639    -0.039
-17.086    703.141    -0.039
-17.057    702.641    -0.039
-17.028    702.142    -0.039
-16.998    701.544    -0.039
-16.977    701.044    -0.039
-16.956    700.544    -0.039
-16.935    700.045    -0.039
-16.914    699.545    -0.039
-16.892    699.046    -0.038
-16.868    698.546    -0.038
-16.845    698.046    -0.038
-16.825    697.647    -0.038
-16.796    697.048    -0.038
-16.778    696.649    -0.038
-16.749    696.049    -0.038
-16.725    695.550    -0.038
-16.701    695.050    -0.038
-16.677    694.551    -0.038
-16.654    694.051    -0.038
-16.630    693.553    -0.038
-16.606    693.053    -0.038
-16.583    692.554    -0.038
-16.559    692.054    -0.038
-16.539    691.654    -0.038
-16.516    691.155    -0.038
-16.487    690.555    -0.038
-16.467    690.157    -0.037
-16.443    689.657    -0.037
-16.420    689.158    -0.037
-16.396    688.658    -0.037
-16.367    688.059    -0.037
-16.343    687.559    -0.037
-16.318    687.061    -0.037
-16.300    686.661    -0.037
-16.271    686.062    -0.037
-16.247    685.562    -0.037
-16.223    685.063    -0.037
-16.204    684.663    -0.037
-16.180    684.163    -0.037
-16.151    683.565    -0.037
-16.127    683.065    -0.037
-16.104    682.566    -0.037
-16.080    682.066    -0.037
-16.061    681.667    -0.037
-16.037    681.167    -0.037
-16.013    680.668    -0.036
-15.984    680.069    -0.036
-15.960    679.570    -0.036
-15.937    679.070    -0.036
-15.913    678.571    -0.036
-15.889    678.071    -0.036
-15.868    677.571    -0.036
-15.848    677.072    -0.036
-15.827    676.572    -0.036
-15.806    676.074    -0.036
-15.785    675.574    -0.036
-15.765    675.074    -0.036
-15.744    674.575    -0.036
-15.723    674.075    -0.036
-15.702    673.575    -0.036
-15.682    673.076    -0.036
-15.661    672.576    -0.036
-15.639    672.077    -0.036
-15.618    671.577    -0.035
-15.598    671.077    -0.035
-15.577    670.578    -0.035
-15.556    670.079    -0.035
-15.535    669.580    -0.035
-15.516    669.080    -0.035
-15.498    668.580    -0.035
-15.479    668.081    -0.035
-15.460    667.581    -0.035
-15.443    667.081    -0.035
-15.424    666.582    -0.035
-15.406    666.082    -0.035
-15.388    665.582    -0.035
-15.370    665.083    -0.035
-15.352    664.583    -0.035
-15.334    664.083    -0.035
-15.316    663.584    -0.035
-15.298    663.084    -0.035
-15.280    662.584    -0.035
-15.260    662.085    -0.034
-15.241    661.585    -0.034
-15.221    661.085    -0.034
-15.201    660.586    -0.034
-15.181    660.086    -0.034
-15.162    659.587    -0.034
-15.142    659.088    -0.034
-15.122    658.588    -0.034
-15.102    658.089    -0.034
-15.083    657.589    -0.034
-15.063    657.089    -0.034
-15.043    656.590    -0.034
-15.023    656.090    -0.034
-15.004    655.590    -0.034
-14.984    655.091    -0.034
-14.964    654.591    -0.034
-14.944    654.091    -0.034
-14.924    653.592    -0.034
-14.904    653.092    -0.034
-14.884    652.593    -0.034
-14.865    652.094    -0.033
-14.847    651.594    -0.033
-14.829    651.095    -0.033
-14.811    650.595    -0.033
-14.796    650.095    -0.033
-14.782    649.595    -0.033
-14.767    649.096    -0.033
-14.752    648.596    -0.033
-14.737    648.096    -0.033
-14.723    647.596    -0.033
-14.708    647.097    -0.033
-14.693    646.597    -0.033
-14.678    646.097    -0.033
-14.664    645.597    -0.033
-14.649    645.098    -0.033
-14.634    644.598    -0.033
-14.619    644.098    -0.033
-14.605    643.598    -0.033
-14.590    643.099    -0.033
-14.574    642.599    -0.032
-14.558    642.099    -0.032
-14.541    641.600    -0.032
-14.524    641.100    -0.032
-14.508    640.600    -0.032
-14.492    640.100    -0.032
-14.474    639.601    -0.032
-14.457    639.101    -0.032
-14.440    638.601    -0.032
-14.424    638.102    -0.032
-14.407    637.602    -0.032
-14.390    637.102    -0.032
-14.373    636.602    -0.032
-14.355    636.003    -0.032
-14.344    635.603    -0.032
-14.329    635.103    -0.032
-14.314    634.603    -0.032
-14.300    634.104    -0.032
-14.285    633.604    -0.032
-14.268    633.004    -0.032
-14.256    632.604    -0.031
-14.242    632.105    -0.031
-14.224    631.505    -0.031
-14.213    631.105    -0.031
-14.198    630.605    -0.031
-14.184    630.106    -0.031
-14.169    629.606    -0.031
-14.152    629.006    -0.031
-14.140    628.606    -0.031
-14.126    628.107    -0.031
-14.109    627.507    -0.031
-14.094    627.007    -0.031
-14.079    626.507    -0.031
-14.064    626.008    -0.031
-14.053    625.608    -0.031
-14.038    625.108    -0.031
-14.021    624.508    -0.031
-14.010    624.109    -0.031
-13.995    623.609    -0.031
-13.980    623.109    -0.031
-13.963    622.509    -0.030
-13.948    622.010    -0.030
-13.937    621.610    -0.030
-13.922    621.110    -0.030
-13.907    620.610    -0.030
-13.893    620.111    -0.030
-13.878    619.611    -0.030
-13.863    619.111    -0.030
-13.846    618.511    -0.030
-13.835    618.111    -0.030
-13.820    617.612    -0.030
-13.803    617.012    -0.030
-13.788    616.512    -0.030
-13.777    616.112    -0.030
-13.762    615.613    -0.030
-13.745    615.113    -0.030
-13.728    614.613    -0.030
-13.712    614.115    -0.030
-13.695    613.615    -0.030
-13.678    613.115    -0.030
-13.661    612.615    -0.030
-13.647    612.116    -0.029
-13.632    611.616    -0.029
-13.614    611.016    -0.029
-13.602    610.616    -0.029
-13.584    610.017    -0.029
-13.570    609.517    -0.029
-13.555    609.017    -0.029
-13.540    608.518    -0.029
-13.525    608.018    -0.029
-13.511    607.518    -0.029
-13.496    607.018    -0.029
-13.481    606.519    -0.029
-13.469    606.119    -0.029
-13.454    605.619    -0.029
-13.436    605.019    -0.029
-13.421    604.520    -0.029
-13.406    604.020    -0.029
-13.394    603.620    -0.029
-13.376    603.120    -0.029
-13.359    602.621    -0.029
-13.341    602.121    -0.029
-13.323    601.621    -0.028
-13.305    601.122    -0.028
-13.287    600.622    -0.028
-13.270    600.122    -0.028
-13.252    599.623    -0.028
-13.233    599.123    -0.028
-13.216    598.623    -0.028
-13.198    598.124    -0.028
-13.180    597.624    -0.028
-13.162    597.024    -0.028
-13.147    596.524    -0.028
-13.136    596.125    -0.028
-13.119    595.525    -0.028
-13.104    595.025    -0.028
-13.089    594.525    -0.028
-13.075    594.026    -0.028
-13.063    593.626    -0.028
-13.048    593.126    -0.028
-13.031    592.526    -0.028
-13.020    592.127    -0.028
-13.005    591.627    -0.028
-12.990    591.127    -0.027
-12.976    590.627    -0.027
-12.961    590.128    -0.027
-12.944    589.528    -0.027
-12.932    589.128    -0.027
-12.918    588.628    -0.027
-12.903    588.128    -0.027
-12.886    587.529    -0.027
-12.871    587.029    -0.027
-12.860    586.629    -0.027
-12.845    586.129    -0.027
-12.830    585.630    -0.027
-12.813    585.030    -0.027
-12.802    584.630    -0.027
-12.787    584.130    -0.027
-12.769    583.631    -0.027
-12.751    583.131    -0.027
-12.734    582.632    -0.027
-12.715    582.133    -0.027
-12.698    581.633    -0.027
-12.679    581.033    -0.027
-12.670    580.533    -0.027
-12.661    580.034    -0.026
-12.652    579.534    -0.026
-12.644    579.034    -0.026
-12.636    578.534    -0.026
-12.629    578.034    -0.026
-12.619    577.534    -0.026
-12.607    577.034    -0.026
-12.599    576.634    -0.026
-12.582    576.035    -0.026
-12.570    575.635    -0.026
-12.556    575.135    -0.026
-12.538    574.535    -0.026
-12.524    574.036    -0.026
-12.509    573.536    -0.026
-12.498    573.136    -0.026
-12.483    572.636    -0.026
-12.466    572.037    -0.026
-12.454    571.637    -0.026
-12.440    571.137    -0.026
-12.422    570.537    -0.026
-12.408    570.038    -0.026
-12.396    569.638    -0.026
-12.382    569.138    -0.025
-12.367    568.638    -0.025
-12.352    568.138    -0.025
-12.335    567.539    -0.025
-12.320    567.039    -0.025
-12.305    566.539    -0.025
-12.294    566.139    -0.025
-12.277    565.540    -0.025
-12.266    565.140    -0.025
-12.249    564.540    -0.025
-12.234    564.040    -0.025
-12.219    563.541    -0.025
-12.205    563.041    -0.025
-12.194    562.641    -0.025
-12.177    562.041    -0.025
-12.163    561.542    -0.025
-12.152    561.142    -0.025
-12.138    560.642    -0.025
-12.124    560.142    -0.025
-12.107    559.543    -0.025
-12.093    559.043    -0.025
-12.082    558.643    -0.025
-12.068    558.143    -0.025
-12.051    557.543    -0.024
-12.040    557.144    -0.024
-12.023    556.544    -0.024
-12.009    556.044    -0.024
-11.997    555.644    -0.024
-11.984    555.145    -0.024
-11.967    554.545    -0.024
-11.955    554.145    -0.024
-11.941    553.645    -0.024
-11.924    553.046    -0.024
-11.911    552.546    -0.024
-11.897    552.046    -0.024
-11.883    551.546    -0.024
-11.872    551.146    -0.024
-11.855    550.547    -0.024
-11.841    550.047    -0.024
-11.829    549.647    -0.024
-11.816    549.147    -0.024
-11.799    548.548    -0.024
-11.787    548.148    -0.024
-11.773    547.648    -0.024
-11.756    547.048    -0.024
-11.743    546.549    -0.023
-11.731    546.149    -0.023
-11.714    545.549    -0.023
-11.700    545.049    -0.023
-11.689    544.649    -0.023
-11.675    544.150    -0.023
-11.658    543.550    -0.023
-11.644    543.050    -0.023
-11.633    542.650    -0.023
-11.616    542.051    -0.023
-11.602    541.551    -0.023
-11.591    541.151    -0.023
-11.577    540.651    -0.023
-11.560    540.052    -0.023
-11.546    539.552    -0.023
-11.535    539.152    -0.023
-11.521    538.652    -0.023
-11.504    538.052    -0.023
-11.490    537.553    -0.023
-11.479    537.153    -0.023
-11.465    536.653    -0.023
-11.448    536.053    -0.023
-11.434    535.554    -0.023
-11.423    535.154    -0.023
-11.406    534.554    -0.022
-11.392    534.054    -0.022
-11.377    533.555    -0.022
-11.365    533.155    -0.022
-11.350    532.655    -0.022
-11.332    532.055    -0.022
-11.320    531.656    -0.022
-11.305    531.156    -0.022
-11.289    530.656    -0.022
-11.274    530.156    -0.022
-11.256    529.557    -0.022
-11.244    529.157    -0.022
-11.226    528.557    -0.022
-11.213    528.157    -0.022
-11.199    527.658    -0.022
-11.181    527.058    -0.022
-11.168    526.658    -0.022
-11.153    526.158    -0.022
-11.135    525.559    -0.022
-11.123    525.159    -0.022
-11.105    524.559    -0.022
-11.092    524.159    -0.022
-11.074    523.560    -0.022
-11.062    523.160    -0.022
-11.047    522.660    -0.021
-11.029    522.061    -0.021
-11.017    521.662    -0.021
-11.002    521.162    -0.021
-10.984    520.562    -0.021
-10.971    520.162    -0.021
-10.957    519.663    -0.021
-10.941    519.163    -0.021
-10.923    518.563    -0.021
-10.908    518.064    -0.021
-10.896    517.664    -0.021
-10.881    517.164    -0.021
-10.865    516.664    -0.021
-10.850    516.165    -0.021
-10.832    515.565    -0.021
-10.820    515.165    -0.021
-10.805    514.665    -0.021
-10.788    514.066    -0.021
-10.777    513.666    -0.021
-10.760    513.066    -0.021
-10.748    512.666    -0.021
-10.731    512.067    -0.021
-10.720    511.667    -0.021
-10.703    511.067    -0.021
-10.691    510.667    -0.021
-10.678    510.167    -0.020
-10.660    509.568    -0.020
-10.649    509.168    -0.020
-10.632    508.568    -0.020
-10.621    508.168    -0.020
-10.603    507.569    -0.020
-10.592    507.169    -0.020
-10.575    506.569    -0.020
-10.560    506.069    -0.020
-10.547    505.570    -0.020
-10.538    505.170    -0.020
-10.523    504.570    -0.020
-10.510    504.070    -0.020
-10.497    503.570    -0.020
-10.486    503.071    -0.020
-10.473    502.571    -0.020
-10.460    502.071    -0.020
-10.447    501.571    -0.020
-10.435    501.071    -0.020
-10.422    500.572    -0.020
-10.413    500.172    -0.020
-10.397    499.572    -0.020
-10.385    499.072    -0.020
-10.372    498.572    -0.020
-10.359    498.073    -0.020
-10.347    497.573    -0.019
-10.337    497.173    -0.019
-10.322    496.573    -0.019
-10.309    496.073    -0.019
-10.297    495.574    -0.019
-10.287    495.174    -0.019
-10.274    494.674    -0.019
-10.262    494.174    -0.019
-10.247    493.574    -0.019
-10.234    493.074    -0.019
-10.221    492.575    -0.019
-10.209    492.075    -0.019
-10.197    491.575    -0.019
-10.184    491.075    -0.019
-10.174    490.675    -0.019
-10.159    490.076    -0.019
-10.147    489.576    -0.019
-10.134    489.076    -0.019
-10.121    488.576    -0.019
-10.108    488.076    -0.019
-10.096    487.577    -0.019
-10.086    487.177    -0.019
-10.071    486.577    -0.019
-10.058    486.077    -0.019
-10.047    485.677    -0.019
-10.030    485.078    -0.019
-10.018    484.678    -0.018
-10.001    484.078    -0.018
-9.990    483.678    -0.018
-9.973    483.079    -0.018
-9.961    482.679    -0.018
-9.944    482.079    -0.018
-9.933    481.679    -0.018
-9.916    481.080    -0.018
-9.904    480.680    -0.018
-9.887    480.080    -0.018
-9.876    479.680    -0.018
-9.859    479.081    -0.018
-9.845    478.581    -0.018
-9.834    478.181    -0.018
-9.817    477.581    -0.018
-9.803    477.081    -0.018
-9.791    476.682    -0.018
-9.774    476.082    -0.018
-9.763    475.682    -0.018
-9.746    475.082    -0.018
-9.731    474.583    -0.018
-9.720    474.183    -0.018
-9.706    473.683    -0.018
-9.689    473.083    -0.018
-9.678    472.684    -0.018
-9.660    472.084    -0.018
-9.649    471.684    -0.018
-9.632    471.084    -0.017
-9.621    470.685    -0.017
-9.607    470.185    -0.017
-9.592    469.685    -0.017
-9.575    469.085    -0.017
-9.561    468.585    -0.017
-9.550    468.186    -0.017
-9.533    467.586    -0.017
-9.521    467.186    -0.017
-9.504    466.586    -0.017
-9.493    466.187    -0.017
-9.476    465.587    -0.017
-9.464    465.187    -0.017
-9.447    464.587    -0.017
-9.436    464.188    -0.017
-9.419    463.588    -0.017
-9.405    463.088    -0.017
-9.394    462.688    -0.017
-9.377    462.089    -0.017
-9.365    461.689    -0.017
-9.348    461.089    -0.017
-9.337    460.689    -0.017
-9.320    460.089    -0.017
-9.305    459.590    -0.017
-9.292    459.190    -0.017
-9.277    458.690    -0.017
-9.262    458.190    -0.017
-9.246    457.691    -0.016
-9.228    457.091    -0.016
-9.216    456.691    -0.016
-9.200    456.192    -0.016
-9.182    455.592    -0.016
-9.169    455.192    -0.016
-9.154    454.692    -0.016
-9.138    454.193    -0.016
-9.120    453.593    -0.016
-9.107    453.193    -0.016
-9.092    452.693    -0.016
-9.076    452.194    -0.016
-9.061    451.694    -0.016
-9.045    451.194    -0.016
-9.031    450.694    -0.016
-9.015    450.195    -0.016
-8.997    449.595    -0.016
-8.984    449.195    -0.016
-8.969    448.695    -0.016
-8.953    448.196    -0.016
-8.935    447.596    -0.016
-8.922    447.196    -0.016
-8.907    446.697    -0.016
-8.891    446.197    -0.016
-8.873    445.598    -0.016
-8.861    445.198    -0.016
-8.845    444.699    -0.016
-8.827    444.099    -0.016
-8.814    443.699    -0.015
-8.799    443.199    -0.015
-8.780    442.600    -0.015
-8.768    442.200    -0.015
-8.752    441.700    -0.015
-8.738    441.200    -0.015
-8.722    440.701    -0.015
-8.706    440.201    -0.015
-8.691    439.701    -0.015
-8.676    439.202    -0.015
-8.657    438.602    -0.015
-8.645    438.202    -0.015
-8.629    437.702    -0.015
-8.611    437.103    -0.015
-8.599    436.703    -0.015
-8.583    436.203    -0.015
-8.565    435.603    -0.015
-8.553    435.204    -0.015
-8.537    434.704    -0.015
-8.519    434.104    -0.015
-8.506    433.704    -0.015
-8.491    433.205    -0.015
-8.473    432.605    -0.015
-8.460    432.205    -0.015
-8.444    431.705    -0.015
-8.430    431.206    -0.015
-8.414    430.706    -0.015
-8.398    430.206    -0.015
-8.380    429.607    -0.015
-8.366    429.107    -0.014
-8.355    428.707    -0.014
-8.338    428.107    -0.014
-8.326    427.707    -0.014
-8.313    427.208    -0.014
-8.296    426.608    -0.014
-8.281    426.108    -0.014
-8.269    425.708    -0.014
-8.252    425.109    -0.014
-8.241    424.709    -0.014
-8.224    424.109    -0.014
-8.212    423.709    -0.014
-8.195    423.110    -0.014
-8.184    422.710    -0.014
-8.170    422.210    -0.014
-8.153    421.610    -0.014
-8.142    421.211    -0.014
-8.125    420.611    -0.014
-8.113    420.211    -0.014
-8.096    419.611    -0.014
-8.085    419.211    -0.014
-8.068    418.612    -0.014
-8.056    418.212    -0.014
-8.039    417.612    -0.014
-8.028    417.212    -0.014
-8.011    416.613    -0.014
-7.997    416.113    -0.014
-7.986    415.713    -0.014
-7.968    415.113    -0.014
-7.957    414.714    -0.014
-7.940    414.114    -0.013
-7.925    413.614    -0.013
-7.914    413.214    -0.013
-7.897    412.615    -0.013
-7.885    412.215    -0.013
-7.868    411.615    -0.013
-7.857    411.215    -0.013
-7.840    410.616    -0.013
-7.826    410.116    -0.013
-7.815    409.716    -0.013
-7.797    409.116    -0.013
-7.786    408.716    -0.013
-7.769    408.117    -0.013
-7.758    407.717    -0.013
-7.744    407.217    -0.013
-7.727    406.617    -0.013
-7.715    406.218    -0.013
-7.698    405.618    -0.013
-7.687    405.218    -0.013
-7.670    404.618    -0.013
-7.658    404.219    -0.013
-7.641    403.619    -0.013
-7.630    403.219    -0.013
-7.613    402.619    -0.013
-7.601    402.219    -0.013
-7.584    401.620    -0.013
-7.573    401.220    -0.013
-7.556    400.620    -0.013
-7.542    400.120    -0.013
-7.531    399.721    -0.013
-7.514    399.121    -0.013
-7.502    398.721    -0.013
-7.485    398.121    -0.012
-7.474    397.722    -0.012
-7.457    397.122    -0.012
-7.445    396.722    -0.012
-7.428    396.122    -0.012
-7.414    395.623    -0.012
-7.403    395.223    -0.012
-7.386    394.623    -0.012
-7.374    394.223    -0.012
-7.357    393.624    -0.012
-7.346    393.224    -0.012
-7.331    392.724    -0.012
-7.314    392.124    -0.012
-7.303    391.724    -0.012
-7.286    391.125    -0.012
-7.274    390.725    -0.012
-7.257    390.125    -0.012
-7.246    389.725    -0.012
-7.229    389.126    -0.012
-7.215    388.626    -0.012
-7.203    388.226    -0.012
-7.186    387.626    -0.012
-7.175    387.227    -0.012
-7.158    386.627    -0.012
-7.146    386.227    -0.012
-7.129    385.627    -0.012
-7.118    385.228    -0.012
-7.101    384.628    -0.012
-7.089    384.228    -0.012
-7.072    383.628    -0.012
-7.059    383.128    -0.012
-7.047    382.730    -0.012
-7.030    382.130    -0.011
-7.019    381.730    -0.011
-7.005    381.230    -0.011
-6.988    380.631    -0.011
-6.977    380.231    -0.011
-6.959    379.631    -0.011
-6.948    379.231    -0.011
-6.931    378.632    -0.011
-6.920    378.232    -0.011
-6.902    377.632    -0.011
-6.891    377.232    -0.011
-6.874    376.633    -0.011
-6.863    376.233    -0.011
-6.849    375.733    -0.011
-6.834    375.233    -0.011
-6.817    374.633    -0.011
-6.806    374.234    -0.011
-6.789    373.634    -0.011
-6.777    373.234    -0.011
-6.760    372.634    -0.011
-6.749    372.235    -0.011
-6.732    371.635    -0.011
-6.720    371.235    -0.011
-6.703    370.635    -0.011
-6.689    370.136    -0.011
-6.678    369.736    -0.011
-6.661    369.136    -0.011
-6.647    368.636    -0.011
-6.636    368.236    -0.011
-6.619    367.637    -0.011
-6.607    367.237    -0.011
-6.590    366.637    -0.011
-6.579    366.237    -0.011
-6.562    365.638    -0.011
-6.550    365.238    -0.010
-6.535    364.738    -0.010
-6.518    364.138    -0.010
-6.507    363.739    -0.010
-6.490    363.139    -0.010
-6.476    362.639    -0.010
-6.465    362.239    -0.010
-6.448    361.640    -0.010
-6.436    361.240    -0.010
-6.422    360.740    -0.010
-6.405    360.140    -0.010
-6.394    359.741    -0.010
-6.379    359.241    -0.010
-6.362    358.641    -0.010
-6.348    358.141    -0.010
-6.337    357.741    -0.010
-6.320    357.142    -0.010
-6.308    356.742    -0.010
-6.291    356.142    -0.010
-6.277    355.642    -0.010
-6.265    355.243    -0.010
-6.248    354.643    -0.010
-6.234    354.143    -0.010
-6.223    353.743    -0.010
-6.206    353.144    -0.010
-6.195    352.744    -0.010
-6.177    352.144    -0.010
-6.166    351.744    -0.010
-6.149    351.145    -0.010
-6.138    350.745    -0.010
-6.124    350.245    -0.010
-6.107    349.645    -0.010
-6.095    349.245    -0.010
-6.078    348.646    -0.010
-6.067    348.246    -0.010
-6.052    347.746    -0.010
-6.038    347.246    -0.009
-6.021    346.647    -0.009
-6.010    346.247    -0.009
-5.993    345.647    -0.009
-5.979    345.147    -0.009
-5.968    344.748    -0.009
-5.950    344.148    -0.009
-5.939    343.748    -0.009
-5.922    343.148    -0.009
-5.908    342.649    -0.009
-5.894    342.149    -0.009
-5.882    341.749    -0.009
-5.865    341.149    -0.009
-5.854    340.749    -0.009
-5.837    340.150    -0.009
-5.825    339.750    -0.009
-5.808    339.150    -0.009
-5.797    338.750    -0.009
-5.780    338.151    -0.009
-5.768    337.751    -0.009
-5.751    337.151    -0.009
-5.740    336.751    -0.009
-5.726    336.252    -0.009
-5.709    335.652    -0.009
-5.697    335.252    -0.009
-5.680    334.652    -0.009
-5.669    334.253    -0.009
-5.652    333.653    -0.009
-5.640    333.253    -0.009
-5.623    332.653    -0.009
-5.609    332.154    -0.009
-5.597    331.754    -0.009
-5.583    331.254    -0.009
-5.566    330.654    -0.009
-5.553    330.154    -0.009
-5.541    329.755    -0.009
-5.524    329.155    -0.009
-5.513    328.755    -0.009
-5.498    328.255    -0.008
-5.481    327.656    -0.008
-5.469    327.256    -0.008
-5.452    326.656    -0.008
-5.441    326.256    -0.008
-5.424    325.657    -0.008
-5.410    325.157    -0.008
-5.399    324.757    -0.008
-5.385    324.257    -0.008
-5.368    323.658    -0.008
-5.357    323.258    -0.008
-5.339    322.658    -0.008
-5.325    322.158    -0.008
-5.313    321.758    -0.008
-5.296    321.159    -0.008
-5.285    320.759    -0.008
-5.268    320.159    -0.008
-5.256    319.759    -0.008
-5.239    319.160    -0.008
-5.225    318.660    -0.008
-5.214    318.260    -0.008
-5.197    317.660    -0.008
-5.183    317.161    -0.008
-5.172    316.761    -0.008
-5.155    316.161    -0.008
-5.143    315.761    -0.008
-5.129    315.261    -0.008
-5.111    314.662    -0.008
-5.100    314.262    -0.008
-5.083    313.662    -0.008
-5.072    313.262    -0.008
-5.054    312.663    -0.008
-5.043    312.263    -0.008
-5.026    311.663    -0.008
-5.015    311.263    -0.008
-5.001    310.764    -0.008
-4.984    310.164    -0.008
-4.970    309.664    -0.008
-4.955    309.164    -0.008
-4.944    308.765    -0.007
-4.927    308.165    -0.007
-4.915    307.765    -0.007
-4.898    307.165    -0.007
-4.887    306.765    -0.007
-4.870    306.166    -0.007
-4.858    305.766    -0.007
-4.845    305.266    -0.007
-4.828    304.666    -0.007
-4.814    304.167    -0.007
-4.799    303.667    -0.007
-4.788    303.267    -0.007
-4.771    302.667    -0.007
-4.759    302.268    -0.007
-4.742    301.668    -0.007
-4.731    301.268    -0.007
-4.714    300.669    -0.007
-4.702    300.270    -0.007
-4.688    299.770    -0.007
-4.674    299.270    -0.007
-4.657    298.670    -0.007
-4.645    298.271    -0.007
-4.628    297.671    -0.007
-4.617    297.271    -0.007
-4.600    296.671    -0.007
-4.588    296.271    -0.007
-4.571    295.672    -0.007
-4.560    295.272    -0.007
-4.546    294.772    -0.007
-4.529    294.172    -0.007
-4.518    293.773    -0.007
-4.504    293.273    -0.007
-4.487    292.673    -0.007
-4.472    292.173    -0.007
-4.461    291.774    -0.007
-4.443    291.174    -0.007
-4.432    290.774    -0.007
-4.415    290.174    -0.007
-4.404    289.775    -0.007
-4.386    289.175    -0.007
-4.373    288.675    -0.007
-4.361    288.275    -0.007
-4.344    287.675    -0.007
-4.333    287.276    -0.006
-4.316    286.676    -0.006
-4.304    286.276    -0.006
-4.291    285.776    -0.006
-4.277    285.277    -0.006
-4.260    284.677    -0.006
-4.248    284.277    -0.006
-4.231    283.677    -0.006
-4.220    283.278    -0.006
-4.203    282.678    -0.006
-4.191    282.278    -0.006
-4.174    281.678    -0.006
-4.163    281.278    -0.006
-4.146    280.679    -0.006
-4.134    280.279    -0.006
-4.121    279.779    -0.006
-4.104    279.179    -0.006
-4.090    278.680    -0.006
-4.078    278.280    -0.006
-4.061    277.680    -0.006
-4.050    277.280    -0.006
-4.033    276.681    -0.006
-4.019    276.181    -0.006
-4.008    275.781    -0.006
-3.991    275.181    -0.006
-3.979    274.782    -0.006
-3.962    274.182    -0.006
-3.948    273.682    -0.006
-3.937    273.282    -0.006
-3.920    272.683    -0.006
-3.906    272.183    -0.006
-3.895    271.783    -0.006
-3.878    271.183    -0.006
-3.866    270.783    -0.006
-3.849    270.184    -0.006
-3.838    269.784    -0.006
-3.821    269.184    -0.006
-3.807    268.684    -0.006
-3.795    268.285    -0.006
-3.778    267.685    -0.006
-3.767    267.285    -0.006
-3.750    266.685    -0.006
-3.736    266.186    -0.006
-3.725    265.786    -0.006
-3.708    265.186    -0.006
-3.696    264.786    -0.006
-3.679    264.187    -0.005
-3.665    263.687    -0.005
-3.654    263.287    -0.005
-3.637    262.687    -0.005
-3.626    262.287    -0.005
-3.608    261.688    -0.005
-3.595    261.188    -0.005
-3.583    260.788    -0.005
-3.566    260.188    -0.005
-3.555    259.789    -0.005
-3.541    259.289    -0.005
-3.524    258.689    -0.005
-3.513    258.289    -0.005
-3.495    257.690    -0.005
-3.484    257.290    -0.005
-3.467    256.690    -0.005
-3.453    256.190    -0.005
-3.442    255.790    -0.005
-3.425    255.191    -0.005
-3.413    254.791    -0.005
-3.396    254.191    -0.005
-3.385    253.791    -0.005
-3.368    253.192    -0.005
-3.354    252.692    -0.005
-3.343    252.292    -0.005
-3.326    251.692    -0.005
-3.314    251.293    -0.005
-3.300    250.793    -0.005
-3.283    250.193    -0.005
-3.272    249.793    -0.005
-3.255    249.194    -0.005
-3.241    248.694    -0.005
-3.230    248.294    -0.005
-3.216    247.794    -0.005
-3.199    247.194    -0.005
-3.185    246.695    -0.005
-3.174    246.295    -0.005
-3.157    245.695    -0.005
-3.143    245.195    -0.005
-3.131    244.796    -0.005
-3.114    244.196    -0.005
-3.103    243.796    -0.005
-3.088    243.296    -0.005
-3.071    242.697    -0.005
-3.060    242.297    -0.005
-3.043    241.697    -0.005
-3.029    241.197    -0.005
-3.017    240.797    -0.005
-3.000    240.198    -0.005
-2.989    239.798    -0.005
-2.975    239.298    -0.005
-2.958    238.698    -0.004
-2.947    238.299    -0.004
-2.930    237.699    -0.004
-2.918    237.299    -0.004
-2.904    236.799    -0.004
-2.887    236.200    -0.004
-2.876    235.800    -0.004
-2.859    235.200    -0.004
-2.845    234.700    -0.004
-2.834    234.300    -0.004
-2.817    233.701    -0.004
-2.805    233.301    -0.004
-2.792    232.801    -0.004
-2.774    232.201    -0.004
-2.763    231.802    -0.004
-2.746    231.202    -0.004
-2.732    230.702    -0.004
-2.721    230.302    -0.004
-2.704    229.703    -0.004
-2.692    229.303    -0.004
-2.675    228.703    -0.004
-2.661    228.203    -0.004
-2.650    227.804    -0.004
-2.636    227.304    -0.004
-2.619    226.704    -0.004
-2.608    226.304    -0.004
-2.591    225.705    -0.004
-2.579    225.305    -0.004
-2.562    224.705    -0.004
-2.551    224.305    -0.004
-2.534    223.705    -0.004
-2.522    223.306    -0.004
-2.505    222.706    -0.004
-2.492    222.206    -0.004
-2.480    221.806    -0.004
-2.463    221.207    -0.004
-2.449    220.707    -0.004
-2.438    220.307    -0.004
-2.421    219.707    -0.004
-2.407    219.208    -0.004
-2.396    218.808    -0.004
-2.379    218.208    -0.004
-2.365    217.708    -0.004
-2.353    217.308    -0.004
-2.340    216.809    -0.004
-2.323    216.209    -0.004
-2.311    215.809    -0.004
-2.294    215.209    -0.004
-2.283    214.811    -0.004
-2.268    214.311    -0.004
-2.254    213.811    -0.004
-2.237    213.211    -0.004
-2.226    212.812    -0.004
-2.212    212.312    -0.004
-2.195    211.712    -0.004
-2.181    211.212    -0.004
-2.170    210.812    -0.003
-2.153    210.213    -0.003
-2.141    209.813    -0.003
-2.127    209.313    -0.003
-2.109    208.713    -0.003
-2.096    208.214    -0.003
-2.084    207.814    -0.003
-2.067    207.214    -0.003
-2.053    206.714    -0.003
-2.042    206.315    -0.003
-2.028    205.815    -0.003
-2.011    205.215    -0.003
-2.000    204.815    -0.003
-1.986    204.316    -0.003
-1.969    203.716    -0.003
-1.958    203.316    -0.003
-1.940    202.716    -0.003
-1.929    202.316    -0.003
-1.912    201.717    -0.003
-1.901    201.317    -0.003
-1.883    200.717    -0.003
-1.870    200.217    -0.003
-1.858    199.818    -0.003
-1.841    199.218    -0.003
-1.827    198.718    -0.003
-1.816    198.318    -0.003
-1.799    197.719    -0.003
-1.785    197.219    -0.003
-1.774    196.819    -0.003
-1.757    196.219    -0.003
-1.745    195.819    -0.003
-1.728    195.220    -0.003
-1.717    194.820    -0.003
-1.700    194.220    -0.003
-1.688    193.820    -0.003
-1.671    193.221    -0.003
-1.658    192.721    -0.003
-1.646    192.321    -0.003
-1.629    191.721    -0.003
-1.618    191.322    -0.003
-1.601    190.722    -0.003
-1.589    190.322    -0.003
-1.572    189.722    -0.003
-1.561    189.323    -0.003
-1.544    188.723    -0.003
-1.532    188.323    -0.003
-1.515    187.723    -0.003
-1.501    187.224    -0.003
-1.490    186.824    -0.003
-1.473    186.224    -0.003
-1.461    185.824    -0.003
-1.444    185.224    -0.003
-1.433    184.825    -0.003
-1.418    184.325    -0.003
-1.401    183.725    -0.003
-1.390    183.325    -0.003
-1.373    182.726    -0.003
-1.361    182.326    -0.003
-1.344    181.726    -0.003
-1.333    181.326    -0.003
-1.316    180.727    -0.003
-1.304    180.327    -0.003
-1.291    179.827    -0.003
-1.273    179.227    -0.003
-1.260    178.728    -0.003
-1.248    178.328    -0.003
-1.234    177.828    -0.002
-1.216    177.228    -0.002
-1.205    176.828    -0.002
-1.188    176.229    -0.002
-1.177    175.829    -0.002
-1.159    175.229    -0.002
-1.148    174.829    -0.002
-1.131    174.230    -0.002
-1.120    173.830    -0.002
-1.102    173.230    -0.002
-1.091    172.830    -0.002
-1.074    172.231    -0.002
-1.060    171.731    -0.002
-1.046    171.231    -0.002
-1.035    170.831    -0.002
-1.020    170.332    -0.002
-1.003    169.732    -0.002
-0.992    169.332    -0.002
-0.975    168.732    -0.002
-0.963    168.332    -0.002
-0.946    167.733    -0.002
-0.935    167.333    -0.002
-0.918    166.733    -0.002
-0.906    166.333    -0.002
-0.889    165.734    -0.002
-0.878    165.334    -0.002
-0.861    164.734    -0.002
-0.847    164.234    -0.002
-0.836    163.835    -0.002
-0.819    163.235    -0.002
-0.807    162.835    -0.002
-0.790    162.235    -0.002
-0.779    161.836    -0.002
-0.762    161.236    -0.002
-0.750    160.836    -0.002
-0.733    160.236    -0.002
-0.722    159.836    -0.002
-0.705    159.237    -0.002
-0.693    158.837    -0.002
-0.676    158.237    -0.002
-0.665    157.837    -0.002
-0.648    157.238    -0.002
-0.636    156.838    -0.002
-0.619    156.238    -0.002
-0.605    155.738    -0.002
-0.594    155.339    -0.002
-0.579    154.839    -0.002
-0.562    154.239    -0.002
-0.551    153.839    -0.002
-0.534    153.240    -0.002
-0.520    152.740    -0.002
-0.509    152.340    -0.002
-0.491    151.740    -0.002
-0.478    151.241    -0.002
-0.463    150.741    -0.002
-0.452    150.341    -0.002
-0.434    149.741    -0.002
-0.423    149.341    -0.002
-0.406    148.742    -0.002
-0.395    148.342    -0.002
-0.377    147.742    -0.002
-0.364    147.242    -0.002
-0.352    146.843    -0.002
-0.335    146.243    -0.002
-0.324    145.843    -0.002
-0.307    145.243    -0.002
-0.295    144.844    -0.002
-0.278    144.244    -0.002
-0.267    143.844    -0.002
-0.252    143.344    -0.002
-0.238    142.844    -0.002
-0.221    142.245    -0.002
-0.208    141.745    -0.002
-0.196    141.345    -0.002
-0.179    140.745    -0.002
-0.168    140.346    -0.002
-0.153    139.846    -0.002
-0.136    139.246    -0.002
-0.124    138.846    -0.002
-0.107    138.247    -0.002
-0.096    137.847    -0.001
-0.082    137.347    -0.001
-0.065    136.747    -0.001
-0.054    136.348    -0.001
-0.037    135.748    -0.001
-0.025    135.348    -0.001
-0.008    134.748    -0.001
0.003    134.348    -0.001
0.020    133.749    -0.001
0.032    133.349    -0.001
0.049    132.749    -0.001
0.060    132.349    -0.001
0.077    131.751    -0.001
0.089    131.351    -0.001
0.106    130.751    -0.001
0.117    130.351    -0.001
0.134    129.752    -0.001
0.146    129.352    -0.001
0.163    128.752    -0.001
0.174    128.352    -0.001
0.191    127.753    -0.001
0.203    127.353    -0.001
0.220    126.753    -0.001
0.231    126.353    -0.001
0.248    125.754    -0.001
0.260    125.354    -0.001
0.277    124.754    -0.001
0.288    124.354    -0.001
0.305    123.755    -0.001
0.319    123.255    -0.001
0.330    122.855    -0.001
0.348    122.255    -0.001
0.359    121.855    -0.001
0.376    121.256    -0.001
0.387    120.856    -0.001
0.405    120.256    -0.001
0.416    119.856    -0.001
0.433    119.257    -0.001
0.444    118.857    -0.001
0.462    118.257    -0.001
0.473    117.857    -0.001
0.490    117.258    -0.001
0.501    116.858    -0.001
0.515    116.358    -0.001
0.532    115.758    -0.001
0.544    115.358    -0.001
0.561    114.759    -0.001
0.572    114.359    -0.001
0.589    113.759    -0.001
0.601    113.359    -0.001
0.618    112.760    -0.001
0.629    112.360    -0.001
0.646    111.760    -0.001
0.658    111.360    -0.001
0.675    110.761    -0.001
0.686    110.361    -0.001
0.703    109.761    -0.001
0.717    109.261    -0.001
0.728    108.862    -0.001
0.745    108.262    -0.001
0.757    107.862    -0.001
0.774    107.262    -0.001
0.785    106.862    -0.001
0.802    106.263    -0.001
0.814    105.863    -0.001
0.831    105.263    -0.001
0.842    104.863    -0.001
0.859    104.264    -0.001
0.871    103.864    -0.001
0.888    103.264    -0.001
0.902    102.764    -0.001
0.913    102.365    -0.001
0.930    101.765    -0.001
0.942    101.365    -0.001
0.959    100.765    -0.001
0.970    100.366    -0.001
0.987    99.766    -0.001
0.998    99.366    -0.001
1.016    98.766    -0.001
1.030    98.267    -0.001
1.042    97.867    -0.001
1.059    97.267    -0.001
1.074    96.767    -0.001
1.085    96.367    -0.001
1.099    95.868    -0.001
1.116    95.268    -0.001
1.127    94.868    -0.001
1.144    94.268    -0.001
1.156    93.869    -0.001
1.173    93.269    -0.001
1.184    92.869    -0.001
1.201    92.269    -0.001
1.213    91.870    -0.001
1.230    91.270    -0.001
1.241    90.870    -0.001
1.258    90.270    -0.001
1.270    89.871    -0.001
1.287    89.271    -0.001
1.298    88.871    -0.001
1.315    88.271    -0.001
1.327    87.871    -0.001
1.344    87.272    -0.001
1.355    86.872    -0.001
1.372    86.272    -0.001
1.384    85.872    -0.001
1.401    85.273    -0.001
1.414    84.773    -0.001
1.426    84.373    -0.001
1.443    83.773    -0.001
1.454    83.374    -0.001
1.471    82.774    -0.001
1.483    82.374    -0.001
1.500    81.774    -0.001
1.511    81.375    -0.001
1.526    80.875    -0.001
1.543    80.275    -0.001
1.555    79.875    -0.001
1.572    79.276    -0.000
1.583    78.876    -0.000
1.600    78.276    -0.000
1.612    77.876    -0.000
1.629    77.276    -0.000
1.640    76.877    -0.000
1.657    76.277    -0.000
1.669    75.877    -0.000
1.686    75.277    -0.000
1.697    74.878    -0.000
1.712    74.378    -0.000
1.729    73.778    -0.000
1.740    73.378    -0.000
1.757    72.779    -0.000
1.771    72.279    -0.000
1.782    71.879    -0.000
1.800    71.279    -0.000
1.811    70.879    -0.000
1.828    70.280    -0.000
1.839    69.880    -0.000
1.857    69.280    -0.000
1.868    68.880    -0.000
1.885    68.281    -0.000
1.899    67.781    -0.000
1.910    67.381    -0.000
1.927    66.781    -0.000
1.939    66.382    -0.000
1.956    65.782    -0.000
1.971    65.282    -0.000
1.982    64.882    -0.000
1.999    64.283    -0.000
2.010    63.883    -0.000
2.028    63.283    -0.000
2.039    62.883    -0.000
2.056    62.284    -0.000
2.067    61.884    -0.000
2.084    61.284    -0.000
2.096    60.884    -0.000
2.111    60.384    -0.000
2.128    59.785    -0.000
2.139    59.385    -0.000
2.156    58.785    -0.000
2.168    58.385    -0.000
2.181    57.886    -0.000
2.198    57.286    -0.000
2.210    56.886    -0.000
2.227    56.286    -0.000
2.238    55.887    -0.000
2.255    55.287    -0.000
2.267    54.887    -0.000
2.284    54.287    -0.000
2.299    53.788    -0.000
2.310    53.388    -0.000
2.327    52.788    -0.000
2.339    52.388    -0.000
2.356    51.789    -0.000
2.367    51.390    -0.000
2.384    50.790    -0.000
2.396    50.390    -0.000
2.413    49.790    -0.000
2.424    49.391    -0.000
2.441    48.791    -0.000
2.452    48.391    -0.000
2.470    47.791    -0.000
2.481    47.392    -0.000
2.498    46.792    -0.000
2.509    46.392    -0.000
2.527    45.792    -0.000
2.538    45.393    -0.000
2.555    44.793    -0.000
2.566    44.393    -0.000
2.584    43.793    -0.000
2.595    43.394    -0.000
2.612    42.794    -0.000
2.623    42.394    -0.000
2.641    41.794    -0.000
2.652    41.394    -0.000
2.669    40.795    -0.000
2.680    40.395    -0.000
2.698    39.795    -0.000
2.711    39.295    -0.000
2.723    38.896    -0.000
2.740    38.296    -0.000
2.751    37.896    -0.000
2.768    37.296    -0.000
2.780    36.897    -0.000
2.797    36.297    -0.000
2.808    35.897    -0.000
2.825    35.297    -0.000
2.837    34.898    -0.000
2.854    34.298    -0.000
2.865    33.898    -0.000
2.882    33.298    -0.000
2.894    32.898    -0.000
2.911    32.299    -0.000
2.922    31.899    -0.000
2.939    31.299    -0.000
2.951    30.899    -0.000
2.968    30.300    -0.000
2.979    29.900    -0.000
2.996    29.300    -0.000
3.008    28.900    -0.000
3.025    28.301    -0.000
3.036    27.901    -0.000
3.053    27.301    -0.000
3.065    26.901    -0.000
3.082    26.302    -0.000
3.093    25.902    -0.000
3.110    25.302    -0.000
3.122    24.902    -0.000
3.139    24.303    -0.000
3.150    23.903    -0.000
3.167    23.303    -0.000
3.178    22.903    -0.000
3.196    22.303    -0.000
3.207    21.904    -0.000
3.224    21.304    -0.000
3.235    20.904    -0.000
3.253    20.304    -0.000
3.264    19.905    -0.000
3.281    19.305    -0.000
3.292    18.905    -0.000
3.310    18.305    -0.000
3.321    17.906    -0.000
3.338    17.306    -0.000
3.349    16.906    -0.000
3.367    16.306    -0.000
3.378    15.906    -0.000
3.395    15.307    -0.000
3.406    14.907    -0.000
3.424    14.307    -0.000
3.435    13.907    -0.000
3.452    13.308    -0.000
3.463    12.908    -0.000
3.480    12.308    -0.000
3.492    11.908    -0.000
3.509    11.309    -0.000
3.520    10.909    -0.000
3.537    10.309    -0.000
3.549    9.909    -0.000
3.566    9.310    -0.000
3.577    8.910    -0.000
3.594    8.310    -0.000
3.606    7.910    -0.000
3.623    7.311    -0.000
3.634    6.911    -0.000
3.648    6.411    -0.000
3.665    5.811    -0.000
3.677    5.411    -0.000
3.694    4.812    -0.000
3.705    4.412    -0.000
3.722    3.812    -0.000
3.734    3.412    -0.000
3.751    2.813    -0.000
3.762    2.413    -0.000
3.779    1.813    -0.000
3.791    1.413    -0.000
3.808    0.814    -0.000
3.819    0.414    -0.000
