-0.000    0.000    0.000
0.014    -0.500    -0.000
0.028    -1.000    -0.000
0.042    -1.499    -0.000
0.057    -1.999    -0.000
0.071    -2.499    -0.000
0.085    -2.999    -0.000
0.099    -3.498    -0.000
0.114    -3.998    -0.000
0.128    -4.498    -0.000
0.142    -4.998    -0.000
0.156    -5.497    -0.000
0.171    -5.997    -0.000
0.185    -6.497    -0.000
0.198    -6.997    -0.000
0.213    -7.496    -0.000
0.227    -7.996    -0.000
0.241    -8.496    -0.000
0.255    -8.996    -0.000
0.269    -9.496    -0.000
0.284    -9.995    -0.000
0.298    -10.495    -0.000
0.312    -10.995    -0.000
0.326    -11.495    -0.000
0.340    -11.994    -0.000
0.355    -12.494    -0.000
0.368    -12.994    -0.000
0.383    -13.494    -0.000
0.397    -13.993    -0.000
0.412    -14.493    -0.000
0.425    -14.993    -0.000
0.440    -15.493    -0.000
0.454    -15.992    -0.000
0.466    -16.492    -0.000
0.475    -16.992    -0.000
0.485    -17.492    -0.000
0.495    -17.992    -0.000
0.506    -18.492    -0.000
0.515    -18.992    -0.000
0.525    -19.491    -0.000
0.535    -19.991    -0.000
0.546    -20.491    -0.000
0.554    -20.991    -0.000
0.561    -21.491    -0.000
0.568    -21.991    -0.000
0.576    -22.491    -0.000
0.582    -22.991    -0.000
0.589    -23.491    -0.000
0.602    -23.991    -0.000
0.618    -24.490    -0.000
0.634    -24.990    -0.000
0.650    -25.490    -0.000
0.666    -25.989    -0.000
0.682    -26.489    -0.000
0.695    -26.989    -0.000
0.709    -27.489    -0.000
0.724    -27.988    -0.000
0.738    -28.488    -0.000
0.753    -28.988    -0.000
0.768    -29.487    -0.000
0.782    -29.987    -0.000
0.796    -30.486    -0.000
0.811    -30.986    -0.000
0.826    -31.486    -0.000
0.841    -31.986    -0.000
0.854    -32.485    -0.000
0.869    -32.985    -0.000
0.884    -33.485    -0.000
0.899    -33.985    -0.000
0.913    -34.484    -0.000
0.928    -34.984    -0.000
0.943    -35.484    -0.000
0.958    -35.984    -0.000
0.971    -36.483    -0.000
0.986    -36.983    -0.000
1.001    -37.483    -0.000
1.016    -37.983    -0.000
1.030    -38.482    -0.000
1.044    -38.982    -0.000
1.059    -39.482    -0.000
1.074    -39.982    -0.000
1.088    -40.481    -0.000
1.103    -40.981    -0.000
1.118    -41.481    -0.000
1.133    -41.981    -0.000
1.147    -42.480    -0.000
1.162    -42.980    -0.000
1.177    -43.480    -0.000
1.191    -43.980    -0.000
1.205    -44.479    -0.000
1.220    -44.979    -0.000
1.235    -45.479    -0.000
1.250    -45.979    -0.000
1.263    -46.478    -0.000
1.278    -46.978    -0.000
1.293    -47.478    -0.000
1.308    -47.978    -0.000
1.322    -48.477    -0.000
1.337    -48.977    -0.000
1.352    -49.477    -0.000
1.366    -49.977    -0.000
1.380    -50.476    -0.000
1.395    -50.976    -0.000
1.410    -51.476    -0.000
1.424    -51.976    -0.000
1.439    -52.476    -0.000
1.454    -52.975    -0.000
1.468    -53.475    -0.000
1.482    -53.975    -0.000
1.497    -54.475    -0.000
1.512    -54.974    -0.000
1.527    -55.474    -0.000
1.541    -55.974    -0.000
1.556    -56.474    -0.000
1.571    -56.973    -0.000
1.585    -57.473    -0.000
1.599    -57.973    -0.000
1.614    -58.473    -0.000
1.629    -58.972    -0.000
1.644    -59.472    -0.000
1.658    -59.972    -0.000
1.673    -60.472    -0.000
1.687    -60.971    -0.000
1.702    -61.471    -0.000
1.716    -61.971    -0.000
1.732    -62.471    -0.000
1.747    -62.970    -0.000
1.761    -63.470    -0.000
1.775    -63.970    -0.000
1.790    -64.470    -0.000
1.804    -64.969    -0.000
1.819    -65.469    -0.000
1.833    -65.969    -0.000
1.848    -66.469    -0.000
1.863    -66.968    -0.000
1.878    -67.468    -0.000
1.892    -67.968    -0.000
1.907    -68.468    -0.000
1.921    -68.967    -0.000
1.936    -69.467    -0.000
1.950    -69.967    -0.000
1.965    -70.467    -0.000
1.980    -70.966    -0.000
1.995    -71.466    -0.000
2.009    -71.966    -0.000
2.023    -72.466    -0.000
2.038    -72.965    -0.000
2.053    -73.465    -0.000
2.067    -73.965    -0.000
2.082    -74.465    -0.000
2.097    -74.964    -0.000
2.110    -75.464    -0.000
2.125    -75.964    -0.000
2.140    -76.464    -0.000
2.155    -76.964    -0.000
2.169    -77.463    -0.000
2.184    -77.963    -0.000
2.199    -78.463    -0.000
2.214    -78.963    -0.000
2.228    -79.462    -0.000
2.243    -79.962    -0.001
2.257    -80.462    -0.001
2.272    -80.962    -0.001
2.286    -81.461    -0.001
2.301    -81.961    -0.001
2.316    -82.461    -0.001
2.331    -82.961    -0.001
2.345    -83.460    -0.001
2.360    -83.960    -0.001
2.374    -84.460    -0.001
2.389    -84.960    -0.001
2.403    -85.459    -0.001
2.417    -85.959    -0.001
2.432    -86.459    -0.001
2.447    -86.959    -0.001
2.461    -87.458    -0.001
2.476    -87.958    -0.001
2.491    -88.458    -0.001
2.506    -88.958    -0.001
2.520    -89.457    -0.001
2.534    -89.957    -0.001
2.549    -90.456    -0.001
2.564    -90.956    -0.001
2.578    -91.455    -0.001
2.593    -91.955    -0.001
2.608    -92.455    -0.001
2.623    -92.955    -0.001
2.636    -93.454    -0.001
2.651    -93.954    -0.001
2.666    -94.454    -0.001
2.681    -94.954    -0.001
2.695    -95.453    -0.001
2.710    -95.953    -0.001
2.724    -96.453    -0.001
2.738    -96.953    -0.001
2.753    -97.452    -0.001
2.768    -97.952    -0.001
2.783    -98.452    -0.001
2.797    -98.952    -0.001
2.812    -99.451    -0.001
2.827    -99.951    -0.001
2.842    -100.451    -0.001
2.856    -100.951    -0.001
2.870    -101.451    -0.001
2.885    -101.950    -0.001
2.900    -102.450    -0.001
2.914    -102.950    -0.001
2.929    -103.450    -0.001
2.943    -103.949    -0.001
2.958    -104.449    -0.001
2.972    -104.949    -0.001
2.987    -105.449    -0.001
3.002    -105.948    -0.001
3.017    -106.448    -0.001
3.031    -106.948    -0.001
3.046    -107.448    -0.001
3.060    -107.947    -0.001
3.075    -108.447    -0.001
3.089    -108.947    -0.001
3.104    -109.447    -0.001
3.119    -109.946    -0.001
3.134    -110.446    -0.001
3.147    -110.946    -0.001
3.162    -111.446    -0.001
3.177    -111.945    -0.001
3.192    -112.445    -0.001
3.206    -112.945    -0.001
3.221    -113.445    -0.001
3.235    -113.944    -0.001
3.251    -114.444    -0.001
3.265    -114.944    -0.001
3.279    -115.444    -0.001
3.294    -115.943    -0.001
3.309    -116.443    -0.001
3.323    -116.943    -0.001
3.338    -117.443    -0.001
3.353    -117.942    -0.001
3.367    -118.442    -0.001
3.381    -118.942    -0.001
3.396    -119.442    -0.001
3.411    -119.941    -0.001
3.426    -120.441    -0.001
3.440    -120.941    -0.001
3.455    -121.441    -0.001
3.470    -121.940    -0.001
3.484    -122.440    -0.001
3.499    -122.940    -0.001
3.513    -123.440    -0.001
3.528    -123.939    -0.001
3.542    -124.439    -0.001
3.556    -124.939    -0.001
3.571    -125.439    -0.001
3.586    -125.939    -0.001
3.600    -126.438    -0.001
3.615    -126.938    -0.001
3.630    -127.438    -0.001
3.644    -127.938    -0.001
3.658    -128.437    -0.001
3.673    -128.937    -0.001
3.688    -129.437    -0.001
3.703    -129.937    -0.001
3.717    -130.436    -0.001
3.732    -130.936    -0.001
3.747    -131.436    -0.001
3.761    -131.936    -0.001
3.775    -132.435    -0.001
3.790    -132.935    -0.001
3.805    -133.435    -0.001
3.820    -133.935    -0.001
3.834    -134.434    -0.001
3.849    -134.934    -0.001
3.864    -135.434    -0.001
3.879    -135.934    -0.001
3.893    -136.433    -0.001
3.907    -136.933    -0.001
3.922    -137.433    -0.001
3.937    -137.933    -0.001
3.951    -138.432    -0.002
3.966    -138.932    -0.002
3.981    -139.432    -0.002
3.996    -139.932    -0.002
4.010    -140.431    -0.002
4.024    -140.931    -0.002
4.039    -141.431    -0.002
4.054    -141.931    -0.002
4.068    -142.430    -0.002
4.083    -142.930    -0.002
4.097    -143.430    -0.002
4.112    -143.930    -0.002
4.126    -144.429    -0.002
4.141    -144.929    -0.002
4.156    -145.429    -0.002
4.170    -145.929    -0.002
4.185    -146.428    -0.002
4.199    -146.928    -0.002
4.214    -147.428    -0.002
4.228    -147.928    -0.002
4.244    -148.427    -0.002
4.258    -148.927    -0.002
4.273    -149.427    -0.002
4.287    -149.927    -0.002
4.301    -150.427    -0.002
4.316    -150.926    -0.002
4.331    -151.425    -0.002
4.346    -151.925    -0.002
4.361    -152.425    -0.002
4.375    -152.924    -0.002
4.390    -153.424    -0.002
4.404    -153.924    -0.002
4.419    -154.424    -0.002
4.434    -154.923    -0.002
4.449    -155.423    -0.002
4.462    -155.923    -0.002
4.477    -156.423    -0.002
4.492    -156.922    -0.002
4.507    -157.422    -0.002
4.521    -157.922    -0.002
4.536    -158.422    -0.002
4.550    -158.921    -0.002
4.565    -159.421    -0.002
4.579    -159.921    -0.002
4.594    -160.421    -0.002
4.608    -160.920    -0.002
4.623    -161.420    -0.002
4.637    -161.920    -0.002
4.652    -162.420    -0.002
4.667    -162.919    -0.002
4.682    -163.419    -0.002
4.696    -163.919    -0.002
4.711    -164.419    -0.002
4.726    -164.918    -0.002
4.741    -165.418    -0.002
4.757    -165.918    -0.002
4.773    -166.418    -0.002
4.788    -166.917    -0.002
4.803    -167.417    -0.002
4.819    -167.917    -0.002
4.835    -168.417    -0.002
4.851    -168.916    -0.002
4.866    -169.416    -0.002
4.882    -169.916    -0.002
4.898    -170.415    -0.002
4.913    -170.915    -0.002
4.928    -171.415    -0.002
4.942    -171.915    -0.002
4.957    -172.414    -0.002
4.972    -172.914    -0.002
4.985    -173.414    -0.002
5.000    -173.914    -0.002
5.015    -174.413    -0.002
5.030    -174.913    -0.002
5.043    -175.413    -0.002
5.058    -175.913    -0.002
5.073    -176.412    -0.002
5.088    -176.912    -0.002
5.102    -177.412    -0.002
5.116    -177.912    -0.002
5.131    -178.412    -0.003
5.145    -178.911    -0.003
5.159    -179.411    -0.003
5.174    -179.911    -0.003
5.188    -180.411    -0.003
5.203    -180.910    -0.003
5.216    -181.410    -0.003
5.230    -181.910    -0.003
5.244    -182.410    -0.003
5.258    -182.909    -0.003
5.271    -183.409    -0.003
5.285    -183.909    -0.003
5.298    -184.409    -0.003
5.312    -184.909    -0.003
5.325    -185.408    -0.003
5.339    -185.908    -0.003
5.353    -186.408    -0.003
5.367    -186.908    -0.003
5.380    -187.407    -0.003
5.393    -187.907    -0.003
5.407    -188.407    -0.003
5.420    -188.907    -0.003
5.434    -189.407    -0.003
5.448    -189.906    -0.003
5.461    -190.406    -0.003
5.474    -190.906    -0.003
5.488    -191.406    -0.003
5.502    -191.905    -0.003
5.516    -192.405    -0.003
5.528    -192.905    -0.003
5.542    -193.405    -0.003
5.556    -193.905    -0.003
5.570    -194.404    -0.003
5.583    -194.904    -0.003
5.597    -195.404    -0.003
5.611    -195.904    -0.003
5.625    -196.403    -0.003
5.637    -196.903    -0.003
5.651    -197.403    -0.003
5.665    -197.903    -0.003
5.679    -198.403    -0.003
5.692    -198.902    -0.003
5.706    -199.402    -0.003
5.720    -199.902    -0.003
5.734    -200.402    -0.003
5.747    -200.901    -0.003
5.761    -201.401    -0.003
5.775    -201.901    -0.003
5.789    -202.401    -0.003
5.802    -202.901    -0.003
5.817    -203.400    -0.003
5.831    -203.900    -0.003
5.846    -204.400    -0.003
5.859    -204.900    -0.003
5.874    -205.399    -0.003
5.888    -205.899    -0.003
5.903    -206.399    -0.003
5.917    -206.899    -0.003
5.931    -207.398    -0.003
5.945    -207.898    -0.003
5.959    -208.398    -0.003
5.973    -208.898    -0.003
5.987    -209.398    -0.003
6.002    -209.897    -0.003
6.017    -210.397    -0.003
6.030    -210.897    -0.004
6.045    -211.397    -0.004
6.059    -211.896    -0.004
6.073    -212.396    -0.004
6.087    -212.896    -0.004
6.101    -213.396    -0.004
6.116    -213.895    -0.004
6.129    -214.395    -0.004
6.143    -214.895    -0.004
6.157    -215.395    -0.004
6.172    -215.894    -0.004
6.185    -216.394    -0.004
6.200    -216.894    -0.004
6.214    -217.394    -0.004
6.229    -217.893    -0.004
6.242    -218.393    -0.004
6.256    -218.893    -0.004
6.271    -219.393    -0.004
6.285    -219.893    -0.004
6.299    -220.392    -0.004
6.313    -220.892    -0.004
6.327    -221.392    -0.004
6.342    -221.892    -0.004
6.355    -222.391    -0.004
6.370    -222.891    -0.004
6.384    -223.391    -0.004
6.399    -223.891    -0.004
6.412    -224.390    -0.004
6.427    -224.890    -0.004
6.441    -225.390    -0.004
6.455    -225.890    -0.004
6.469    -226.389    -0.004
6.483    -226.888    -0.004
6.497    -227.388    -0.004
6.512    -227.888    -0.004
6.525    -228.388    -0.004
6.540    -228.887    -0.004
6.554    -229.387    -0.004
6.569    -229.887    -0.004
6.582    -230.387    -0.004
6.596    -230.886    -0.004
6.609    -231.386    -0.004
6.623    -231.886    -0.004
6.636    -232.386    -0.004
6.650    -232.886    -0.004
6.663    -233.385    -0.004
6.676    -233.885    -0.004
6.690    -234.385    -0.004
6.704    -234.885    -0.004
6.717    -235.384    -0.004
6.730    -235.884    -0.004
6.744    -236.384    -0.004
6.758    -236.884    -0.004
6.772    -237.384    -0.004
6.784    -237.883    -0.004
6.798    -238.383    -0.004
6.812    -238.883    -0.004
6.826    -239.383    -0.005
6.839    -239.882    -0.005
6.852    -240.382    -0.005
6.866    -240.882    -0.005
6.879    -241.382    -0.005
6.892    -241.882    -0.005
6.907    -242.381    -0.005
6.921    -242.881    -0.005
6.936    -243.381    -0.005
6.949    -243.881    -0.005
6.964    -244.380    -0.005
6.978    -244.880    -0.005
6.993    -245.380    -0.005
7.006    -245.880    -0.005
7.020    -246.380    -0.005
7.035    -246.879    -0.005
7.049    -247.379    -0.005
7.062    -247.879    -0.005
7.077    -248.379    -0.005
7.091    -248.878    -0.005
7.106    -249.378    -0.005
7.119    -249.878    -0.005
7.133    -250.378    -0.005
7.147    -250.877    -0.005
7.162    -251.377    -0.005
7.175    -251.877    -0.005
7.190    -252.377    -0.005
7.204    -252.876    -0.005
7.219    -253.376    -0.005
7.232    -253.876    -0.005
7.247    -254.376    -0.005
7.261    -254.876    -0.005
7.275    -255.375    -0.005
7.288    -255.875    -0.005
7.303    -256.375    -0.005
7.318    -256.875    -0.005
7.331    -257.374    -0.005
7.345    -257.874    -0.005
7.360    -258.374    -0.005
7.374    -258.874    -0.005
7.387    -259.373    -0.005
7.401    -259.873    -0.005
7.415    -260.373    -0.005
7.429    -260.873    -0.005
7.442    -261.373    -0.005
7.456    -261.872    -0.005
7.470    -262.372    -0.005
7.484    -262.872    -0.005
7.497    -263.372    -0.005
7.511    -263.871    -0.005
7.525    -264.371    -0.006
7.539    -264.871    -0.006
7.552    -265.371    -0.006
7.566    -265.871    -0.006
7.580    -266.370    -0.006
7.594    -266.870    -0.006
7.607    -267.370    -0.006
7.622    -267.870    -0.006
7.636    -268.369    -0.006
7.650    -268.869    -0.006
7.663    -269.369    -0.006
7.676    -269.869    -0.006
7.691    -270.368    -0.006
7.705    -270.868    -0.006
7.718    -271.368    -0.006
7.732    -271.868    -0.006
7.746    -272.368    -0.006
7.760    -272.867    -0.006
7.774    -273.367    -0.006
7.788    -273.867    -0.006
7.802    -274.367    -0.006
7.817    -274.866    -0.006
7.831    -275.366    -0.006
7.846    -275.866    -0.006
7.860    -276.366    -0.006
7.875    -276.865    -0.006
7.889    -277.365    -0.006
7.904    -277.865    -0.006
7.919    -278.365    -0.006
7.933    -278.864    -0.006
7.947    -279.364    -0.006
7.962    -279.864    -0.006
7.976    -280.364    -0.006
7.990    -280.863    -0.006
8.005    -281.363    -0.006
8.020    -281.863    -0.006
8.035    -282.363    -0.006
8.049    -282.862    -0.006
8.064    -283.362    -0.006
8.078    -283.862    -0.006
8.093    -284.362    -0.006
8.106    -284.862    -0.006
8.121    -285.361    -0.006
8.136    -285.861    -0.006
8.151    -286.361    -0.006
8.165    -286.861    -0.006
8.180    -287.360    -0.006
8.195    -287.860    -0.007
8.209    -288.360    -0.007
8.223    -288.860    -0.007
8.238    -289.359    -0.007
8.252    -289.859    -0.007
8.267    -290.359    -0.007
8.281    -290.859    -0.007
8.296    -291.358    -0.007
8.311    -291.858    -0.007
8.326    -292.358    -0.007
8.340    -292.858    -0.007
8.354    -293.357    -0.007
8.369    -293.857    -0.007
8.383    -294.357    -0.007
8.395    -294.857    -0.007
8.408    -295.357    -0.007
8.420    -295.856    -0.007
8.433    -296.356    -0.007
8.445    -296.856    -0.007
8.457    -297.356    -0.007
8.470    -297.856    -0.007
8.483    -298.355    -0.007
8.495    -298.855    -0.007
8.508    -299.355    -0.007
8.521    -299.855    -0.007
8.534    -300.355    -0.007
8.546    -300.854    -0.007
8.559    -301.354    -0.007
8.572    -301.854    -0.007
8.585    -302.354    -0.007
8.597    -302.854    -0.007
8.609    -303.353    -0.007
8.622    -303.853    -0.007
8.634    -304.353    -0.007
8.647    -304.853    -0.007
8.660    -305.353    -0.007
8.673    -305.852    -0.007
8.684    -306.352    -0.007
8.697    -306.852    -0.007
8.711    -307.352    -0.007
8.726    -307.852    -0.007
8.739    -308.351    -0.007
8.754    -308.851    -0.008
8.768    -309.351    -0.008
8.783    -309.851    -0.008
8.796    -310.350    -0.008
8.810    -310.850    -0.008
8.825    -311.350    -0.008
8.840    -311.850    -0.008
8.853    -312.349    -0.008
8.868    -312.849    -0.008
8.882    -313.349    -0.008
8.897    -313.849    -0.008
8.910    -314.348    -0.008
8.925    -314.848    -0.008
8.940    -315.348    -0.008
8.954    -315.848    -0.008
8.968    -316.347    -0.008
8.982    -316.847    -0.008
8.997    -317.347    -0.008
9.011    -317.847    -0.008
9.025    -318.347    -0.008
9.039    -318.846    -0.008
9.054    -319.346    -0.008
9.068    -319.846    -0.008
9.082    -320.346    -0.008
9.096    -320.845    -0.008
9.111    -321.345    -0.008
9.125    -321.845    -0.008
9.138    -322.345    -0.008
9.153    -322.843    -0.008
9.168    -323.343    -0.008
9.182    -323.843    -0.008
9.196    -324.343    -0.008
9.211    -324.842    -0.008
9.225    -325.342    -0.008
9.238    -325.842    -0.008
9.253    -326.342    -0.008
9.267    -326.842    -0.008
9.282    -327.341    -0.008
9.295    -327.841    -0.008
9.310    -328.341    -0.008
9.325    -328.841    -0.009
9.339    -329.340    -0.009
9.353    -329.840    -0.009
9.367    -330.340    -0.009
9.382    -330.840    -0.009
9.396    -331.339    -0.009
9.411    -331.839    -0.009
9.426    -332.339    -0.009
9.441    -332.839    -0.009
9.457    -333.338    -0.009
9.471    -333.838    -0.009
9.486    -334.338    -0.009
9.501    -334.838    -0.009
9.516    -335.337    -0.009
9.529    -335.837    -0.009
9.543    -336.337    -0.009
9.557    -336.837    -0.009
9.571    -337.336    -0.009
9.584    -337.836    -0.009
9.598    -338.336    -0.009
9.613    -338.836    -0.009
9.627    -339.336    -0.009
9.640    -339.835    -0.009
9.655    -340.335    -0.009
9.670    -340.835    -0.009
9.684    -341.335    -0.009
9.697    -341.834    -0.009
9.712    -342.334    -0.009
9.726    -342.834    -0.009
9.741    -343.334    -0.009
9.754    -343.833    -0.009
9.769    -344.333    -0.009
9.783    -344.833    -0.009
9.797    -345.333    -0.009
9.810    -345.833    -0.009
9.825    -346.332    -0.009
9.839    -346.832    -0.009
9.852    -347.332    -0.009
9.867    -347.832    -0.010
9.881    -348.331    -0.010
9.896    -348.831    -0.010
9.909    -349.331    -0.010
9.924    -349.831    -0.010
9.938    -350.330    -0.010
9.953    -350.830    -0.010
9.966    -351.330    -0.010
9.980    -351.830    -0.010
9.995    -352.329    -0.010
10.009    -352.829    -0.010
10.022    -353.329    -0.010
10.037    -353.829    -0.010
10.051    -354.329    -0.010
10.065    -354.828    -0.010
10.078    -355.328    -0.010
10.093    -355.828    -0.010
10.108    -356.328    -0.010
10.122    -356.827    -0.010
10.135    -357.327    -0.010
10.150    -357.827    -0.010
10.165    -358.327    -0.010
10.180    -358.826    -0.010
10.194    -359.326    -0.010
10.209    -359.826    -0.010
10.224    -360.326    -0.010
10.239    -360.825    -0.010
10.253    -361.325    -0.010
10.269    -361.825    -0.010
10.284    -362.325    -0.010
10.299    -362.824    -0.010
10.312    -363.324    -0.010
10.327    -363.824    -0.010
10.343    -364.324    -0.010
10.358    -364.823    -0.010
10.372    -365.323    -0.011
10.387    -365.823    -0.011
10.402    -366.323    -0.011
10.417    -366.822    -0.011
10.432    -367.322    -0.011
10.447    -367.822    -0.011
10.463    -368.322    -0.011
10.477    -368.821    -0.011
10.493    -369.321    -0.011
10.509    -369.821    -0.011
10.524    -370.321    -0.011
10.539    -370.820    -0.011
10.554    -371.320    -0.011
10.570    -371.820    -0.011
10.585    -372.320    -0.011
10.600    -372.819    -0.011
10.615    -373.319    -0.011
10.631    -373.819    -0.011
10.646    -374.318    -0.011
10.661    -374.818    -0.011
10.677    -375.318    -0.011
10.693    -375.818    -0.011
10.708    -376.317    -0.011
10.723    -376.817    -0.011
10.738    -377.317    -0.011
10.754    -377.817    -0.011
10.769    -378.316    -0.011
10.784    -378.816    -0.011
10.799    -379.316    -0.011
10.815    -379.816    -0.011
10.831    -380.315    -0.011
10.845    -380.815    -0.011
10.861    -381.315    -0.011
10.876    -381.814    -0.011
10.892    -382.313    -0.012
10.906    -382.813    -0.012
10.922    -383.313    -0.012
10.938    -383.812    -0.012
10.953    -384.312    -0.012
10.968    -384.812    -0.012
10.983    -385.312    -0.012
10.999    -385.811    -0.012
11.013    -386.311    -0.012
11.029    -386.811    -0.012
11.044    -387.311    -0.012
11.060    -387.810    -0.012
11.075    -388.310    -0.012
11.090    -388.810    -0.012
11.106    -389.310    -0.012
11.122    -389.809    -0.012
11.136    -390.309    -0.012
11.151    -390.809    -0.012
11.166    -391.309    -0.012
11.181    -391.808    -0.012
11.195    -392.308    -0.012
11.210    -392.808    -0.012
11.225    -393.308    -0.012
11.240    -393.807    -0.012
11.254    -394.307    -0.012
11.269    -394.807    -0.012
11.283    -395.307    -0.012
11.298    -395.806    -0.012
11.311    -396.306    -0.012
11.326    -396.806    -0.012
11.340    -397.306    -0.012
11.354    -397.805    -0.012
11.368    -398.305    -0.012
11.382    -398.805    -0.013
11.396    -399.305    -0.013
11.411    -399.805    -0.013
11.424    -400.304    -0.013
11.438    -400.804    -0.013
11.453    -401.304    -0.013
11.466    -401.804    -0.013
11.480    -402.303    -0.013
11.495    -402.803    -0.013
11.510    -403.303    -0.013
11.525    -403.803    -0.013
11.540    -404.302    -0.013
11.555    -404.802    -0.013
11.570    -405.302    -0.013
11.585    -405.802    -0.013
11.599    -406.301    -0.013
11.614    -406.801    -0.013
11.629    -407.301    -0.013
11.643    -407.801    -0.013
11.659    -408.300    -0.013
11.674    -408.800    -0.013
11.689    -409.300    -0.013
11.703    -409.800    -0.013
11.718    -410.299    -0.013
11.734    -410.799    -0.013
11.749    -411.299    -0.013
11.763    -411.799    -0.013
11.777    -412.298    -0.013
11.793    -412.798    -0.013
11.808    -413.298    -0.013
11.822    -413.798    -0.013
11.838    -414.297    -0.014
11.853    -414.797    -0.014
11.868    -415.297    -0.014
11.882    -415.797    -0.014
11.897    -416.296    -0.014
11.913    -416.796    -0.014
11.928    -417.296    -0.014
11.942    -417.796    -0.014
11.957    -418.295    -0.014
11.972    -418.795    -0.014
11.987    -419.295    -0.014
12.001    -419.795    -0.014
12.016    -420.294    -0.014
12.031    -420.794    -0.014
12.047    -421.294    -0.014
12.061    -421.794    -0.014
12.076    -422.293    -0.014
12.091    -422.793    -0.014
12.106    -423.293    -0.014
12.120    -423.793    -0.014
12.135    -424.292    -0.014
12.151    -424.792    -0.014
12.166    -425.292    -0.014
12.178    -425.792    -0.014
12.191    -426.291    -0.014
12.204    -426.791    -0.014
12.218    -427.291    -0.014
12.230    -427.791    -0.014
12.243    -428.291    -0.014
12.256    -428.790    -0.014
12.268    -429.290    -0.015
12.281    -429.790    -0.015
12.294    -430.290    -0.015
12.308    -430.790    -0.015
12.320    -431.289    -0.015
12.333    -431.789    -0.015
12.345    -432.289    -0.015
12.356    -432.789    -0.015
12.367    -433.289    -0.015
12.379    -433.788    -0.015
12.390    -434.288    -0.015
12.402    -434.788    -0.015
12.413    -435.288    -0.015
12.424    -435.788    -0.015
12.436    -436.288    -0.015
12.448    -436.787    -0.015
12.458    -437.287    -0.015
12.470    -437.787    -0.015
12.481    -438.287    -0.015
12.492    -438.787    -0.015
12.503    -439.287    -0.015
12.514    -439.786    -0.015
12.525    -440.286    -0.015
12.536    -440.786    -0.015
12.546    -441.286    -0.015
12.557    -441.786    -0.015
12.568    -442.286    -0.015
12.579    -442.786    -0.015
12.589    -443.285    -0.015
12.600    -443.785    -0.015
12.611    -444.285    -0.016
12.622    -444.785    -0.016
12.633    -445.285    -0.016
12.644    -445.785    -0.016
12.655    -446.284    -0.016
12.666    -446.784    -0.016
12.676    -447.284    -0.016
12.688    -447.784    -0.016
12.699    -448.284    -0.016
12.709    -448.784    -0.016
12.719    -449.283    -0.016
12.730    -449.783    -0.016
12.742    -450.283    -0.016
12.753    -450.783    -0.016
12.763    -451.283    -0.016
12.774    -451.783    -0.016
12.785    -452.283    -0.016
12.796    -452.782    -0.016
12.806    -453.282    -0.016
12.818    -453.782    -0.016
12.829    -454.282    -0.016
12.839    -454.782    -0.016
12.850    -455.282    -0.016
12.861    -455.781    -0.016
12.872    -456.281    -0.016
12.883    -456.781    -0.016
12.895    -457.281    -0.016
12.907    -457.781    -0.016
12.919    -458.281    -0.017
12.930    -458.780    -0.017
12.942    -459.280    -0.017
12.954    -459.780    -0.017
12.966    -460.280    -0.017
12.975    -460.780    -0.017
12.984    -461.280    -0.017
12.993    -461.780    -0.017
13.001    -462.279    -0.017
13.009    -462.779    -0.017
13.018    -463.279    -0.017
13.026    -463.779    -0.017
13.035    -464.279    -0.017
13.043    -464.779    -0.017
13.051    -465.278    -0.017
13.060    -465.778    -0.017
13.068    -466.278    -0.017
13.075    -466.778    -0.017
13.084    -467.277    -0.017
13.092    -467.777    -0.017
13.101    -468.277    -0.017
13.108    -468.777    -0.017
13.117    -469.277    -0.017
13.126    -469.777    -0.017
13.135    -470.277    -0.017
13.142    -470.777    -0.017
13.151    -471.277    -0.017
13.159    -471.777    -0.018
13.168    -472.276    -0.018
13.175    -472.776    -0.018
13.184    -473.276    -0.018
13.193    -473.776    -0.018
13.201    -474.276    -0.018
13.209    -474.776    -0.018
13.217    -475.276    -0.018
13.225    -475.776    -0.018
13.234    -476.276    -0.018
13.242    -476.776    -0.018
13.250    -477.276    -0.018
13.259    -477.775    -0.018
13.268    -478.275    -0.018
13.275    -478.775    -0.018
13.284    -479.275    -0.018
13.292    -479.775    -0.018
13.301    -480.275    -0.018
13.308    -480.775    -0.018
13.317    -481.275    -0.018
13.325    -481.775    -0.018
13.329    -482.275    -0.018
13.335    -482.775    -0.018
13.340    -483.275    -0.018
13.346    -483.775    -0.018
13.350    -484.275    -0.018
13.356    -484.775    -0.018
13.361    -485.274    -0.019
13.367    -485.774    -0.019
13.371    -486.274    -0.019
13.377    -486.774    -0.019
13.383    -487.274    -0.019
13.389    -487.774    -0.019
13.394    -488.274    -0.019
13.400    -488.774    -0.019
13.407    -489.274    -0.019
13.413    -489.773    -0.019
13.418    -490.273    -0.019
13.425    -490.773    -0.019
13.431    -491.273    -0.019
13.435    -491.773    -0.019
13.438    -492.273    -0.019
13.443    -492.773    -0.019
13.447    -493.273    -0.019
13.452    -493.773    -0.019
13.456    -494.273    -0.019
13.458    -494.773    -0.019
13.461    -495.273    -0.019
13.464    -495.773    -0.019
13.465    -496.273    -0.019
13.468    -496.773    -0.019
13.470    -497.272    -0.019
13.473    -497.772    -0.019
13.475    -498.272    -0.020
13.478    -498.772    -0.020
13.480    -499.272    -0.020
13.483    -499.772    -0.020
13.485    -500.273    -0.020
13.488    -500.773    -0.020
13.490    -501.273    -0.020
13.493    -501.773    -0.020
13.494    -502.273    -0.020
13.497    -502.773    -0.020
13.500    -503.272    -0.020
13.503    -503.772    -0.020
13.504    -504.272    -0.020
13.507    -504.772    -0.020
13.510    -505.272    -0.020
13.512    -505.772    -0.020
13.514    -506.272    -0.020
13.517    -506.772    -0.020
13.519    -507.272    -0.020
13.522    -507.772    -0.020
13.524    -508.272    -0.020
13.525    -508.771    -0.020
13.527    -509.271    -0.020
13.528    -509.771    -0.020
13.528    -510.271    -0.020
13.529    -510.772    -0.021
13.528    -511.272    -0.021
13.528    -511.772    -0.021
13.526    -512.272    -0.021
13.524    -512.771    -0.021
13.523    -513.271    -0.021
13.522    -513.771    -0.021
13.520    -514.271    -0.021
13.520    -514.772    -0.021
13.524    -515.272    -0.021
13.528    -515.772    -0.021
13.532    -516.271    -0.021
13.528    -516.771    -0.021
13.525    -517.271    -0.021
13.521    -517.771    -0.021
13.518    -518.271    -0.021
13.516    -518.770    -0.021
13.513    -519.271    -0.021
13.509    -519.771    -0.021
13.506    -520.271    -0.021
13.503    -520.770    -0.021
13.500    -521.270    -0.021
13.496    -521.770    -0.021
13.494    -522.271    -0.021
13.491    -522.771    -0.022
13.488    -523.270    -0.022
13.484    -523.770    -0.022
13.481    -524.270    -0.022
13.478    -524.771    -0.022
13.475    -525.270    -0.022
13.471    -525.770    -0.022
13.468    -526.270    -0.022
13.465    -526.770    -0.022
13.462    -527.270    -0.022
13.458    -527.770    -0.022
13.456    -528.270    -0.022
13.453    -528.770    -0.022
13.450    -529.270    -0.022
13.446    -529.769    -0.022
13.443    -530.269    -0.022
13.440    -530.770    -0.022
13.436    -531.270    -0.022
13.429    -531.769    -0.022
13.423    -532.269    -0.022
13.417    -532.770    -0.022
13.412    -533.269    -0.022
13.405    -533.769    -0.022
13.399    -534.269    -0.022
13.393    -534.769    -0.023
13.387    -535.269    -0.023
13.375    -535.769    -0.023
13.364    -536.268    -0.023
13.354    -536.769    -0.023
13.342    -537.268    -0.023
13.331    -537.769    -0.023
13.320    -538.268    -0.023
13.309    -538.768    -0.023
13.297    -539.268    -0.023
13.287    -539.768    -0.023
13.276    -540.267    -0.023
13.265    -540.767    -0.023
13.253    -541.267    -0.023
13.242    -541.766    -0.023
13.232    -542.267    -0.023
13.221    -542.766    -0.023
13.209    -543.266    -0.023
13.198    -543.766    -0.023
13.187    -544.266    -0.023
13.176    -544.766    -0.023
13.164    -545.266    -0.023
13.153    -545.765    -0.023
13.143    -546.266    -0.023
13.132    -546.765    -0.024
13.120    -547.265    -0.024
13.108    -547.765    -0.024
13.098    -548.265    -0.024
13.087    -548.764    -0.024
13.075    -549.265    -0.024
13.064    -549.764    -0.024
13.053    -550.265    -0.024
13.041    -550.764    -0.024
13.031    -551.263    -0.024
13.020    -551.764    -0.024
13.009    -552.263    -0.024
12.995    -552.763    -0.024
12.979    -553.263    -0.024
12.964    -553.762    -0.024
12.948    -554.263    -0.024
12.932    -554.762    -0.024
12.915    -555.262    -0.024
12.899    -555.761    -0.024
12.884    -556.261    -0.024
12.867    -556.761    -0.024
12.848    -557.261    -0.024
12.830    -557.760    -0.024
12.811    -558.260    -0.025
12.792    -558.759    -0.025
12.774    -559.259    -0.025
12.756    -559.758    -0.025
12.736    -560.258    -0.025
12.718    -560.757    -0.025
12.700    -561.257    -0.025
12.682    -561.756    -0.025
12.663    -562.257    -0.025
12.644    -562.757    -0.025
12.626    -563.256    -0.025
12.608    -563.756    -0.025
12.589    -564.255    -0.025
12.571    -564.755    -0.025
12.552    -565.254    -0.025
12.534    -565.754    -0.025
12.515    -566.253    -0.025
12.496    -566.753    -0.025
12.478    -567.252    -0.025
12.459    -567.752    -0.025
12.440    -568.252    -0.025
12.422    -568.752    -0.025
12.403    -569.252    -0.025
12.384    -569.751    -0.026
12.363    -570.251    -0.026
12.336    -570.749    -0.026
12.309    -571.249    -0.026
12.281    -571.748    -0.026
12.254    -572.248    -0.026
12.227    -572.746    -0.026
12.199    -573.245    -0.026
12.172    -573.745    -0.026
12.145    -574.244    -0.026
12.118    -574.743    -0.026
12.089    -575.242    -0.026
12.063    -575.742    -0.026
12.036    -576.241    -0.026
12.008    -576.740    -0.026
11.980    -577.239    -0.026
11.953    -577.739    -0.026
11.926    -578.237    -0.026
11.898    -578.737    -0.026
11.872    -579.236    -0.026
11.845    -579.736    -0.026
11.818    -580.234    -0.026
11.790    -580.734    -0.027
11.759    -581.233    -0.027
11.728    -581.732    -0.027
11.696    -582.231    -0.027
11.665    -582.729    -0.027
11.634    -583.228    -0.027
11.603    -583.727    -0.027
11.571    -584.227    -0.027
11.540    -584.726    -0.027
11.509    -585.225    -0.027
11.477    -585.723    -0.027
11.446    -586.222    -0.027
11.415    -586.721    -0.027
11.381    -587.220    -0.027
11.344    -587.719    -0.027
11.309    -588.218    -0.027
11.273    -588.716    -0.027
11.236    -589.215    -0.027
11.201    -589.714    -0.027
11.165    -590.213    -0.027
11.129    -590.711    -0.027
11.093    -591.210    -0.027
11.057    -591.709    -0.028
11.022    -592.207    -0.028
10.985    -592.705    -0.028
10.950    -593.204    -0.028
10.914    -593.703    -0.028
10.879    -594.202    -0.028
10.842    -594.700    -0.028
10.807    -595.199    -0.028
10.771    -595.698    -0.028
10.734    -596.196    -0.028
10.699    -596.695    -0.028
10.663    -597.194    -0.028
10.627    -597.693    -0.028
10.589    -598.191    -0.028
10.543    -598.689    -0.028
10.498    -599.186    -0.028
10.452    -599.684    -0.028
10.407    -600.182    -0.028
10.362    -600.681    -0.028
10.316    -601.178    -0.028
10.271    -601.676    -0.028
10.226    -602.174    -0.029
10.180    -602.672    -0.029
10.135    -603.169    -0.029
10.089    -603.668    -0.029
10.044    -604.166    -0.029
9.998    -604.663    -0.029
9.953    -605.161    -0.029
9.908    -605.659    -0.029
9.862    -606.157    -0.029
9.817    -606.655    -0.029
9.772    -607.153    -0.029
9.726    -607.651    -0.029
9.681    -608.148    -0.029
9.636    -608.646    -0.029
9.590    -609.144    -0.029
9.544    -609.643    -0.029
9.500    -610.140    -0.029
9.454    -610.638    -0.029
9.408    -611.136    -0.029
9.360    -611.633    -0.029
9.309    -612.131    -0.029
9.259    -612.628    -0.030
9.209    -613.126    -0.030
9.157    -613.623    -0.030
9.107    -614.121    -0.030
9.057    -614.618    -0.030
9.006    -615.115    -0.030
8.951    -615.612    -0.030
8.892    -616.108    -0.030
8.832    -616.605    -0.030
8.772    -617.101    -0.030
8.713    -617.598    -0.030
8.653    -618.094    -0.030
8.594    -618.591    -0.030
8.534    -619.087    -0.030
8.474    -619.584    -0.030
8.415    -620.080    -0.030
8.356    -620.576    -0.030
8.296    -621.072    -0.030
8.236    -621.569    -0.030
8.177    -622.065    -0.030
8.117    -622.562    -0.030
8.057    -623.058    -0.031
7.998    -623.555    -0.031
7.938    -624.051    -0.031
7.879    -624.548    -0.031
7.820    -625.044    -0.031
7.759    -625.541    -0.031
7.700    -626.036    -0.031
7.640    -626.533    -0.031
7.581    -627.029    -0.031
7.522    -627.526    -0.031
7.458    -628.022    -0.031
7.389    -628.517    -0.031
7.320    -629.012    -0.031
7.250    -629.507    -0.031
7.181    -630.002    -0.031
7.111    -630.497    -0.031
7.042    -630.993    -0.031
6.973    -631.487    -0.031
6.903    -631.982    -0.031
6.833    -632.478    -0.031
6.764    -632.973    -0.032
6.694    -633.468    -0.032
6.625    -633.963    -0.032
6.555    -634.458    -0.032
6.486    -634.953    -0.032
6.417    -635.448    -0.032
6.347    -635.943    -0.032
6.278    -636.439    -0.032
6.207    -636.933    -0.032
6.138    -637.429    -0.032
6.069    -637.924    -0.032
5.999    -638.419    -0.032
5.930    -638.914    -0.032
5.855    -639.408    -0.032
5.774    -639.902    -0.032
5.694    -640.395    -0.032
5.613    -640.889    -0.032
5.533    -641.382    -0.032
5.452    -641.875    -0.032
5.372    -642.369    -0.032
5.292    -642.862    -0.032
5.211    -643.356    -0.033
5.131    -643.849    -0.033
5.050    -644.343    -0.033
4.970    -644.836    -0.033
4.889    -645.330    -0.033
4.809    -645.823    -0.033
4.729    -646.317    -0.033
4.648    -646.810    -0.033
4.568    -647.304    -0.033
4.487    -647.797    -0.033
4.407    -648.290    -0.033
4.327    -648.784    -0.033
4.246    -649.277    -0.033
4.166    -649.771    -0.033
4.085    -650.264    -0.033
4.005    -650.758    -0.033
3.924    -651.251    -0.033
3.844    -651.745    -0.033
3.763    -652.238    -0.033
3.672    -652.729    -0.034
3.581    -653.221    -0.034
3.488    -653.713    -0.034
3.397    -654.204    -0.034
3.305    -654.695    -0.034
3.214    -655.187    -0.034
3.122    -655.679    -0.034
3.031    -656.170    -0.034
2.933    -656.660    -0.034
2.835    -657.151    -0.034
2.735    -657.640    -0.034
2.636    -658.130    -0.034
2.536    -658.620    -0.034
2.438    -659.110    -0.034
2.338    -659.601    -0.034
2.240    -660.090    -0.034
2.140    -660.581    -0.034
2.042    -661.071    -0.034
1.942    -661.560    -0.034
1.843    -662.051    -0.034
1.743    -662.540    -0.035
1.645    -663.031    -0.035
1.545    -663.521    -0.035
1.447    -664.011    -0.035
1.347    -664.501    -0.035
1.249    -664.991    -0.035
1.149    -665.481    -0.035
1.051    -665.971    -0.035
0.951    -666.461    -0.035
0.852    -666.951    -0.035
0.753    -667.441    -0.035
0.654    -667.931    -0.035
0.554    -668.421    -0.035
0.456    -668.911    -0.035
0.346    -669.399    -0.035
0.233    -669.886    -0.035
0.120    -670.373    -0.035
0.007    -670.860    -0.035
-0.105    -671.347    -0.035
-0.219    -671.834    -0.035
-0.332    -672.321    -0.036
-0.445    -672.808    -0.036
-0.559    -673.295    -0.036
-0.671    -673.782    -0.036
-0.785    -674.269    -0.036
-0.897    -674.756    -0.036
-1.010    -675.243    -0.036
-1.124    -675.730    -0.036
-1.236    -676.217    -0.036
-1.349    -676.705    -0.036
-1.462    -677.191    -0.036
-1.575    -677.678    -0.036
-1.687    -678.166    -0.036
-1.801    -678.653    -0.036
-1.915    -679.139    -0.036
-2.027    -679.626    -0.036
-2.140    -680.114    -0.036
-2.252    -680.601    -0.036
-2.366    -681.087    -0.036
-2.483    -681.573    -0.037
-2.607    -682.057    -0.037
-2.732    -682.542    -0.037
-2.857    -683.026    -0.037
-2.981    -683.510    -0.037
-3.106    -683.994    -0.037
-3.230    -684.478    -0.037
-3.356    -684.962    -0.037
-3.481    -685.446    -0.037
-3.604    -685.931    -0.037
-3.729    -686.416    -0.037
-3.854    -686.900    -0.037
-3.978    -687.384    -0.037
-4.111    -687.866    -0.037
-4.245    -688.347    -0.037
-4.379    -688.829    -0.037
-4.513    -689.311    -0.037
-4.648    -689.792    -0.037
-4.782    -690.274    -0.037
-4.915    -690.755    -0.038
-5.050    -691.237    -0.038
-5.184    -691.719    -0.038
-5.317    -692.201    -0.038
-5.452    -692.682    -0.038
-5.586    -693.163    -0.038
-5.721    -693.646    -0.038
-5.854    -694.127    -0.038
-5.988    -694.609    -0.038
-6.122    -695.090    -0.038
-6.255    -695.573    -0.038
-6.390    -696.054    -0.038
-6.525    -696.535    -0.038
-6.659    -697.017    -0.038
-6.792    -697.499    -0.038
-6.927    -697.980    -0.038
-7.061    -698.462    -0.038
-7.208    -698.940    -0.038
-7.355    -699.417    -0.038
-7.503    -699.895    -0.039
-7.651    -700.372    -0.039
-7.798    -700.851    -0.039
-7.945    -701.328    -0.039
-8.093    -701.806    -0.039
-8.240    -702.284    -0.039
-8.388    -702.761    -0.039
-8.536    -703.239    -0.039
-8.684    -703.716    -0.039
-8.831    -704.194    -0.039
-8.979    -704.672    -0.039
-9.126    -705.150    -0.039
-9.274    -705.628    -0.039
-9.422    -706.105    -0.039
-9.569    -706.583    -0.039
-9.717    -707.060    -0.039
-9.865    -707.538    -0.039
-10.012    -708.015    -0.039
-10.160    -708.493    -0.039
-10.307    -708.971    -0.040
-10.455    -709.449    -0.040
-10.603    -709.927    -0.040
-10.750    -710.404    -0.040
-10.898    -710.882    -0.040
-11.056    -711.357    -0.040
-11.213    -711.830    -0.040
-11.372    -712.304    -0.040
-11.531    -712.779    -0.040
-11.689    -713.253    -0.040
-11.848    -713.727    -0.040
-12.007    -714.201    -0.040
-12.166    -714.675    -0.040
-12.325    -715.149    -0.040
-12.489    -715.621    -0.040
-12.661    -716.091    -0.040
-12.832    -716.560    -0.040
-13.004    -717.030    -0.040
-13.175    -717.500    -0.040
-13.346    -717.970    -0.041
-13.517    -718.440    -0.041
-13.689    -718.909    -0.041
-13.860    -719.379    -0.041
-14.032    -719.848    -0.041
-14.203    -720.318    -0.041
-14.374    -720.787    -0.041
-14.548    -721.257    -0.041
-14.721    -721.726    -0.041
-14.894    -722.195    -0.041
-15.067    -722.664    -0.041
-15.241    -723.132    -0.041
-15.414    -723.601    -0.041
-15.588    -724.070    -0.041
-15.761    -724.540    -0.041
-15.934    -725.008    -0.041
-16.107    -725.477    -0.041
-16.280    -725.946    -0.041
-16.454    -726.415    -0.042
-16.627    -726.884    -0.042
-16.800    -727.354    -0.042
-16.973    -727.822    -0.042
-17.147    -728.291    -0.042
-17.320    -728.760    -0.042
-17.493    -729.229    -0.042
-17.666    -729.698    -0.042
-17.840    -730.167    -0.042
-18.021    -730.633    -0.042
-18.211    -731.096    -0.042
-18.400    -731.558    -0.042
-18.590    -732.021    -0.042
-18.780    -732.483    -0.042
-18.969    -732.946    -0.042
-19.158    -733.408    -0.042
-19.348    -733.871    -0.042
-19.537    -734.334    -0.042
-19.728    -734.797    -0.042
-19.917    -735.259    -0.043
-20.106    -735.722    -0.043
-20.296    -736.184    -0.043
-20.486    -736.647    -0.043
-20.675    -737.110    -0.043
-20.865    -737.572    -0.043
-21.059    -738.033    -0.043
-21.253    -738.493    -0.043
-21.447    -738.954    -0.043
-21.642    -739.415    -0.043
-21.837    -739.875    -0.043
-22.031    -740.336    -0.043
-22.226    -740.796    -0.043
-22.429    -741.254    -0.043
-22.632    -741.710    -0.043
-22.835    -742.167    -0.043
-23.037    -742.624    -0.043
-23.241    -743.081    -0.043
-23.443    -743.538    -0.044
-23.646    -743.995    -0.044
-23.849    -744.452    -0.044
-24.052    -744.909    -0.044
-24.254    -745.366    -0.044
-24.457    -745.823    -0.044
-24.661    -746.280    -0.044
-24.863    -746.737    -0.044
-25.066    -747.194    -0.044
-25.269    -747.651    -0.044
-25.472    -748.107    -0.044
-25.675    -748.564    -0.044
-25.881    -749.020    -0.044
-26.094    -749.472    -0.044
-26.307    -749.924    -0.044
-26.521    -750.377    -0.044
-26.734    -750.829    -0.044
-26.948    -751.281    -0.044
-27.162    -751.732    -0.044
-27.376    -752.184    -0.045
-27.589    -752.636    -0.045
-27.802    -753.088    -0.045
-28.016    -753.540    -0.045
-28.229    -753.992    -0.045
-28.443    -754.445    -0.045
-28.656    -754.897    -0.045
-28.872    -755.348    -0.045
-29.090    -755.798    -0.045
-29.308    -756.248    -0.045
-29.526    -756.697    -0.045
-29.743    -757.148    -0.045
-29.962    -757.598    -0.045
-30.179    -758.048    -0.045
-30.404    -758.494    -0.045
-30.629    -758.941    -0.045
-30.855    -759.387    -0.045
-31.081    -759.833    -0.045
-31.305    -760.280    -0.046
-31.531    -760.725    -0.046
-31.756    -761.172    -0.046
-31.983    -761.618    -0.046
-32.208    -762.064    -0.046
-32.433    -762.511    -0.046
-32.659    -762.956    -0.046
-32.884    -763.403    -0.046
-33.111    -763.849    -0.046
-33.336    -764.295    -0.046
-33.562    -764.742    -0.046
-33.786    -765.188    -0.046
-34.012    -765.633    -0.046
-34.237    -766.080    -0.046
-34.476    -766.520    -0.046
-34.720    -766.955    -0.046
-34.964    -767.392    -0.046
-35.208    -767.829    -0.046
-35.450    -768.266    -0.047
-35.694    -768.703    -0.047
-35.938    -769.138    -0.047
-36.181    -769.575    -0.047
-36.425    -770.012    -0.047
-36.668    -770.449    -0.047
-36.912    -770.886    -0.047
-37.156    -771.321    -0.047
-37.400    -771.758    -0.047
-37.643    -772.195    -0.047
-37.886    -772.632    -0.047
-38.129    -773.069    -0.047
-38.372    -773.506    -0.047
-38.614    -773.943    -0.047
-38.856    -774.381    -0.047
-39.099    -774.818    -0.047
-39.341    -775.256    -0.047
-39.592    -775.688    -0.047
-39.844    -776.120    -0.047
-40.097    -776.552    -0.048
-40.349    -776.983    -0.048
-40.599    -777.415    -0.048
-40.851    -777.847    -0.048
-41.104    -778.279    -0.048
-41.356    -778.711    -0.048
-41.608    -779.143    -0.048
-41.860    -779.575    -0.048
-42.111    -780.007    -0.048
-42.363    -780.438    -0.048
-42.616    -780.870    -0.048
-42.868    -781.302    -0.048
-43.120    -781.733    -0.048
-43.370    -782.166    -0.048
-43.623    -782.598    -0.048
-43.875    -783.029    -0.048
-44.127    -783.461    -0.048
-44.388    -783.887    -0.048
-44.650    -784.313    -0.049
-44.911    -784.739    -0.049
-45.172    -785.165    -0.049
-45.434    -785.592    -0.049
-45.695    -786.018    -0.049
-45.957    -786.444    -0.049
-46.218    -786.870    -0.049
-46.479    -787.297    -0.049
-46.741    -787.723    -0.049
-47.003    -788.149    -0.049
-47.264    -788.574    -0.049
-47.526    -789.002    -0.049
-47.788    -789.427    -0.049
-48.056    -789.849    -0.049
-48.324    -790.271    -0.049
-48.592    -790.693    -0.049
-48.860    -791.114    -0.049
-49.128    -791.537    -0.049
-49.401    -791.956    -0.050
-49.675    -792.374    -0.050
-49.950    -792.791    -0.050
-50.224    -793.210    -0.050
-50.499    -793.627    -0.050
-50.773    -794.045    -0.050
-51.049    -794.462    -0.050
-51.323    -794.880    -0.050
-51.598    -795.297    -0.050
-51.873    -795.716    -0.050
-52.147    -796.133    -0.050
-52.422    -796.551    -0.050
-52.696    -796.969    -0.050
-52.971    -797.387    -0.050
-53.246    -797.805    -0.050
-53.520    -798.222    -0.050
-53.795    -798.640    -0.050
-54.071    -799.057    -0.050
-54.355    -799.468    -0.050
-54.647    -799.875    -0.051
-54.937    -800.282    -0.051
-55.228    -800.688    -0.051
-55.518    -801.095    -0.051
-55.809    -801.502    -0.051
-56.099    -801.908    -0.051
-56.389    -802.316    -0.051
-56.678    -802.724    -0.051
-56.968    -803.132    -0.051
-57.257    -803.540    -0.051
-57.545    -803.948    -0.051
-57.835    -804.355    -0.051
-58.124    -804.763    -0.051
-58.414    -805.170    -0.051
-58.703    -805.578    -0.051
-58.993    -805.986    -0.051
-59.282    -806.394    -0.051
-59.571    -806.802    -0.051
-59.860    -807.209    -0.052
-60.154    -807.614    -0.052
-60.453    -808.015    -0.052
-60.753    -808.415    -0.052
-61.052    -808.815    -0.052
-61.351    -809.215    -0.052
-61.652    -809.615    -0.052
-61.951    -810.017    -0.052
-62.250    -810.417    -0.052
-62.550    -810.817    -0.052
-62.850    -811.217    -0.052
-63.149    -811.617    -0.052
-63.449    -812.017    -0.052
-63.749    -812.417    -0.052
-64.048    -812.817    -0.052
-64.348    -813.217    -0.052
-64.648    -813.618    -0.052
-64.947    -814.019    -0.052
-65.247    -814.419    -0.052
-65.546    -814.819    -0.053
-65.846    -815.219    -0.053
-66.146    -815.619    -0.053
-66.452    -816.014    -0.053
-66.760    -816.409    -0.053
-67.067    -816.803    -0.053
-67.375    -817.196    -0.053
-67.683    -817.591    -0.053
-67.992    -817.984    -0.053
-68.300    -818.377    -0.053
-68.607    -818.772    -0.053
-68.915    -819.166    -0.053
-69.223    -819.559    -0.053
-69.531    -819.954    -0.053
-69.840    -820.347    -0.053
-70.147    -820.740    -0.053
-70.455    -821.134    -0.053
-70.764    -821.528    -0.053
-71.073    -821.921    -0.054
-71.392    -822.306    -0.054
-71.710    -822.691    -0.054
-72.029    -823.077    -0.054
-72.348    -823.461    -0.054
-72.667    -823.847    -0.054
-72.986    -824.232    -0.054
-73.305    -824.617    -0.054
-73.623    -825.002    -0.054
-73.942    -825.387    -0.054
-74.261    -825.772    -0.054
-74.580    -826.157    -0.054
-74.899    -826.542    -0.054
-75.218    -826.928    -0.054
-75.536    -827.312    -0.054
-75.855    -827.698    -0.054
-76.174    -828.082    -0.054
-76.493    -828.468    -0.054
-76.812    -828.852    -0.054
-77.131    -829.238    -0.055
-77.450    -829.622    -0.055
-77.769    -830.008    -0.055
-78.092    -830.389    -0.055
-78.416    -830.769    -0.055
-78.741    -831.150    -0.055
-79.066    -831.531    -0.055
-79.390    -831.910    -0.055
-79.714    -832.291    -0.055
-80.038    -832.672    -0.055
-80.367    -833.048    -0.055
-80.701    -833.421    -0.055
-81.034    -833.793    -0.055
-81.367    -834.166    -0.055
-81.701    -834.539    -0.055
-82.034    -834.912    -0.055
-82.366    -835.285    -0.055
-82.699    -835.658    -0.055
-83.033    -836.031    -0.055
-83.366    -836.403    -0.056
-83.699    -836.776    -0.056
-84.033    -837.149    -0.056
-84.366    -837.521    -0.056
-84.698    -837.894    -0.056
-85.032    -838.267    -0.056
-85.365    -838.640    -0.056
-85.707    -839.004    -0.056
-86.052    -839.366    -0.056
-86.397    -839.729    -0.056
-86.741    -840.091    -0.056
-87.086    -840.453    -0.056
-87.430    -840.815    -0.056
-87.775    -841.177    -0.056
-88.119    -841.539    -0.056
-88.464    -841.902    -0.056
-88.808    -842.264    -0.056
-89.154    -842.626    -0.056
-89.499    -842.988    -0.057
-89.843    -843.350    -0.057
-90.188    -843.712    -0.057
-90.532    -844.075    -0.057
-90.877    -844.437    -0.057
-91.221    -844.799    -0.057
-91.566    -845.161    -0.057
-91.911    -845.523    -0.057
-92.255    -845.885    -0.057
-92.600    -846.248    -0.057
-92.953    -846.601    -0.057
-93.308    -846.954    -0.057
-93.662    -847.308    -0.057
-94.016    -847.660    -0.057
-94.369    -848.014    -0.057
-94.724    -848.366    -0.057
-95.078    -848.720    -0.057
-95.432    -849.073    -0.057
-95.786    -849.425    -0.057
-96.139    -849.778    -0.058
-96.493    -850.132    -0.058
-96.847    -850.485    -0.058
-97.201    -850.839    -0.058
-97.554    -851.192    -0.058
-97.908    -851.546    -0.058
-98.261    -851.900    -0.058
-98.615    -852.253    -0.058
-98.969    -852.606    -0.058
-99.322    -852.959    -0.058
-99.677    -853.311    -0.058
-100.042    -853.653    -0.058
-100.407    -853.995    -0.058
-100.772    -854.337    -0.058
-101.137    -854.679    -0.058
-101.502    -855.020    -0.058
-101.866    -855.362    -0.058
-102.231    -855.705    -0.058
-102.596    -856.046    -0.058
-102.960    -856.389    -0.058
-103.325    -856.731    -0.059
-103.691    -857.072    -0.059
-104.055    -857.414    -0.059
-104.420    -857.756    -0.059
-104.785    -858.098    -0.059
-105.150    -858.440    -0.059
-105.515    -858.781    -0.059
-105.880    -859.123    -0.059
-106.246    -859.464    -0.059
-106.613    -859.802    -0.059
-106.981    -860.141    -0.059
-107.348    -860.480    -0.059
-107.716    -860.819    -0.059
-108.084    -861.157    -0.059
-108.458    -861.490    -0.059
-108.831    -861.822    -0.059
-109.204    -862.155    -0.059
-109.577    -862.487    -0.059
-109.951    -862.819    -0.059
-110.324    -863.153    -0.060
-110.697    -863.485    -0.060
-111.070    -863.818    -0.060
-111.444    -864.150    -0.060
-111.817    -864.483    -0.060
-112.190    -864.815    -0.060
-112.565    -865.147    -0.060
-112.938    -865.480    -0.060
-113.313    -865.810    -0.060
-113.694    -866.134    -0.060
-114.074    -866.458    -0.060
-114.456    -866.782    -0.060
-114.836    -867.106    -0.060
-115.216    -867.430    -0.060
-115.600    -867.751    -0.060
-115.984    -868.072    -0.060
-116.368    -868.392    -0.060
-116.752    -868.712    -0.060
-117.135    -869.032    -0.060
-117.520    -869.353    -0.061
-117.903    -869.673    -0.061
-118.287    -869.994    -0.061
-118.671    -870.314    -0.061
-119.055    -870.634    -0.061
-119.439    -870.954    -0.061
-119.823    -871.275    -0.061
-120.207    -871.595    -0.061
-120.590    -871.915    -0.061
-120.975    -872.235    -0.061
-121.358    -872.555    -0.061
-121.743    -872.876    -0.061
-122.128    -873.194    -0.061
-122.518    -873.507    -0.061
-122.909    -873.819    -0.061
-123.299    -874.131    -0.061
-123.688    -874.444    -0.061
-124.079    -874.757    -0.061
-124.469    -875.070    -0.061
-124.860    -875.382    -0.061
-125.249    -875.694    -0.062
-125.640    -876.008    -0.062
-126.030    -876.320    -0.062
-126.419    -876.633    -0.062
-126.810    -876.945    -0.062
-127.201    -877.258    -0.062
-127.595    -877.565    -0.062
-127.993    -877.867    -0.062
-128.391    -878.170    -0.062
-128.790    -878.472    -0.062
-129.188    -878.775    -0.062
-129.586    -879.077    -0.062
-129.985    -879.378    -0.062
-130.383    -879.680    -0.062
-130.782    -879.982    -0.062
-131.181    -880.284    -0.062
-131.579    -880.585    -0.062
-131.978    -880.887    -0.062
-132.377    -881.189    -0.062
-132.775    -881.490    -0.062
-133.174    -881.792    -0.063
-133.573    -882.094    -0.063
-133.972    -882.396    -0.063
-134.370    -882.697    -0.063
-134.769    -882.998    -0.063
-135.168    -883.300    -0.063
-135.566    -883.602    -0.063
-135.965    -883.904    -0.063
-136.364    -884.205    -0.063
-136.767    -884.501    -0.063
-137.174    -884.791    -0.063
-137.580    -885.082    -0.063
-137.987    -885.373    -0.063
-138.395    -885.663    -0.063
-138.802    -885.952    -0.063
-139.212    -886.238    -0.063
-139.622    -886.524    -0.063
-140.032    -886.811    -0.063
-140.441    -887.098    -0.063
-140.852    -887.383    -0.063
-141.261    -887.670    -0.064
-141.670    -887.957    -0.064
-142.081    -888.242    -0.064
-142.491    -888.529    -0.064
-142.900    -888.816    -0.064
-143.311    -889.101    -0.064
-143.720    -889.388    -0.064
-144.130    -889.675    -0.064
-144.543    -889.956    -0.064
-144.957    -890.237    -0.064
-145.370    -890.518    -0.064
-145.783    -890.799    -0.064
-146.197    -891.080    -0.064
-146.610    -891.361    -0.064
-147.028    -891.637    -0.064
-147.445    -891.913    -0.064
-147.861    -892.189    -0.064
-148.279    -892.465    -0.064
-148.695    -892.741    -0.064
-149.112    -893.016    -0.064
-149.530    -893.292    -0.064
-149.946    -893.568    -0.065
-150.363    -893.844    -0.065
-150.780    -894.120    -0.065
-151.197    -894.396    -0.065
-151.614    -894.671    -0.065
-152.030    -894.948    -0.065
-152.448    -895.224    -0.065
-152.864    -895.500    -0.065
-153.282    -895.776    -0.065
-153.699    -896.052    -0.065
-154.115    -896.327    -0.065
-154.540    -896.591    -0.065
-154.965    -896.855    -0.065
-155.390    -897.118    -0.065
-155.815    -897.382    -0.065
-156.240    -897.646    -0.065
-156.665    -897.909    -0.065
-157.089    -898.173    -0.065
-157.514    -898.436    -0.065
-157.939    -898.700    -0.065
-158.364    -898.964    -0.066
-158.788    -899.227    -0.066
-159.213    -899.491    -0.066
-159.638    -899.754    -0.066
-160.064    -900.017    -0.066
-160.492    -900.275    -0.066
-160.920    -900.532    -0.066
-161.349    -900.790    -0.066
-161.778    -901.047    -0.066
-162.206    -901.305    -0.066
-162.635    -901.563    -0.066
-163.063    -901.820    -0.066
-163.494    -902.072    -0.066
-163.927    -902.323    -0.066
-164.358    -902.575    -0.066
-164.791    -902.827    -0.066
-165.224    -903.078    -0.066
-165.656    -903.328    -0.066
-166.088    -903.580    -0.066
-166.520    -903.831    -0.066
-166.953    -904.083    -0.066
-167.385    -904.334    -0.066
-167.817    -904.585    -0.067
-168.249    -904.836    -0.067
-168.681    -905.087    -0.067
-169.113    -905.339    -0.067
-169.546    -905.591    -0.067
-169.978    -905.842    -0.067
-170.410    -906.093    -0.067
-170.847    -906.336    -0.067
-171.286    -906.576    -0.067
-171.723    -906.817    -0.067
-172.162    -907.059    -0.067
-172.599    -907.300    -0.067
-173.039    -907.539    -0.067
-173.478    -907.778    -0.067
-173.918    -908.016    -0.067
-174.356    -908.254    -0.067
-174.795    -908.494    -0.067
-175.235    -908.732    -0.067
-175.674    -908.970    -0.067
-176.114    -909.209    -0.067
-176.553    -909.447    -0.067
-176.993    -909.686    -0.068
-177.432    -909.925    -0.068
-177.871    -910.163    -0.068
-178.310    -910.402    -0.068
-178.750    -910.640    -0.068
-179.192    -910.874    -0.068
-179.638    -911.100    -0.068
-180.085    -911.325    -0.068
-180.531    -911.550    -0.068
-180.977    -911.776    -0.068
-181.423    -912.001    -0.068
-181.869    -912.228    -0.068
-182.316    -912.452    -0.068
-182.762    -912.678    -0.068
-183.209    -912.903    -0.068
-183.654    -913.129    -0.068
-184.100    -913.354    -0.068
-184.547    -913.580    -0.068
-184.993    -913.805    -0.068
-185.438    -914.031    -0.068
-185.885    -914.256    -0.068
-186.331    -914.482    -0.068
-186.778    -914.707    -0.069
-187.224    -914.933    -0.069
-187.670    -915.157    -0.069
-188.119    -915.377    -0.069
-188.568    -915.597    -0.069
-189.018    -915.816    -0.069
-189.467    -916.037    -0.069
-189.916    -916.256    -0.069
-190.365    -916.476    -0.069
-190.814    -916.696    -0.069
-191.263    -916.915    -0.069
-191.713    -917.136    -0.069
-192.162    -917.355    -0.069
-192.611    -917.575    -0.069
-193.064    -917.786    -0.069
-193.518    -917.994    -0.069
-193.972    -918.203    -0.069
-194.426    -918.412    -0.069
-194.881    -918.621    -0.069
-195.335    -918.830    -0.069
-195.791    -919.034    -0.069
-196.251    -919.231    -0.069
-196.711    -919.427    -0.070
-197.171    -919.623    -0.070
-197.631    -919.818    -0.070
-198.089    -920.018    -0.070
-198.548    -920.218    -0.070
-199.006    -920.418    -0.070
-199.464    -920.618    -0.070
-199.923    -920.817    -0.070
-200.381    -921.017    -0.070
-200.840    -921.216    -0.070
-201.298    -921.416    -0.070
-201.756    -921.616    -0.070
-202.215    -921.815    -0.070
-202.673    -922.014    -0.070
-203.131    -922.215    -0.070
-203.589    -922.414    -0.070
-204.047    -922.614    -0.070
-204.506    -922.813    -0.070
-204.964    -923.013    -0.070
-205.423    -923.213    -0.070
-205.881    -923.413    -0.070
-206.339    -923.612    -0.070
-206.798    -923.811    -0.070
-207.256    -924.011    -0.070
-207.715    -924.211    -0.071
-208.174    -924.409    -0.071
-208.638    -924.597    -0.071
-209.100    -924.785    -0.071
-209.564    -924.973    -0.071
-210.028    -925.160    -0.071
-210.491    -925.348    -0.071
-210.954    -925.535    -0.071
-211.418    -925.722    -0.071
-211.882    -925.910    -0.071
-212.344    -926.098    -0.071
-212.808    -926.286    -0.071
-213.272    -926.473    -0.071
-213.735    -926.661    -0.071
-214.198    -926.849    -0.071
-214.662    -927.037    -0.071
-215.125    -927.224    -0.071
-215.588    -927.412    -0.071
-216.058    -927.582    -0.071
-216.528    -927.752    -0.071
-216.999    -927.922    -0.071
-217.469    -928.092    -0.071
-217.940    -928.261    -0.071
-218.410    -928.431    -0.072
-218.880    -928.600    -0.072
-219.351    -928.769    -0.072
-219.821    -928.939    -0.072
-220.291    -929.110    -0.072
-220.761    -929.279    -0.072
-221.231    -929.449    -0.072
-221.701    -929.618    -0.072
-222.172    -929.788    -0.072
-222.643    -929.958    -0.072
-223.113    -930.127    -0.072
-223.583    -930.297    -0.072
-224.053    -930.467    -0.072
-224.524    -930.636    -0.072
-224.994    -930.806    -0.072
-225.466    -930.969    -0.072
-225.940    -931.130    -0.072
-226.414    -931.290    -0.072
-226.887    -931.450    -0.072
-227.361    -931.610    -0.072
-227.834    -931.770    -0.072
-228.307    -931.931    -0.072
-228.782    -932.092    -0.072
-229.255    -932.252    -0.072
-229.728    -932.412    -0.072
-230.202    -932.573    -0.073
-230.675    -932.733    -0.073
-231.148    -932.894    -0.073
-231.623    -933.054    -0.073
-232.096    -933.215    -0.073
-232.569    -933.375    -0.073
-233.046    -933.526    -0.073
-233.523    -933.674    -0.073
-234.001    -933.823    -0.073
-234.478    -933.972    -0.073
-234.955    -934.121    -0.073
-235.433    -934.269    -0.073
-235.910    -934.417    -0.073
-236.388    -934.566    -0.073
-236.865    -934.714    -0.073
-237.342    -934.862    -0.073
-237.820    -935.010    -0.073
-238.297    -935.159    -0.073
-238.775    -935.308    -0.073
-239.253    -935.456    -0.073
-239.729    -935.604    -0.073
-240.207    -935.754    -0.073
-240.684    -935.902    -0.073
-241.162    -936.050    -0.073
-241.639    -936.198    -0.073
-242.116    -936.347    -0.074
-242.595    -936.493    -0.074
-243.075    -936.632    -0.074
-243.556    -936.771    -0.074
-244.035    -936.909    -0.074
-244.516    -937.047    -0.074
-244.997    -937.185    -0.074
-245.477    -937.324    -0.074
-245.958    -937.462    -0.074
-246.438    -937.600    -0.074
-246.920    -937.735    -0.074
-247.402    -937.866    -0.074
-247.885    -937.997    -0.074
-248.367    -938.129    -0.074
-248.850    -938.260    -0.074
-249.332    -938.392    -0.074
-249.814    -938.523    -0.074
-250.297    -938.655    -0.074
-250.779    -938.787    -0.074
-251.261    -938.918    -0.074
-251.744    -939.049    -0.074
-252.226    -939.181    -0.074
-252.708    -939.312    -0.074
-253.191    -939.443    -0.074
-253.673    -939.575    -0.074
-254.155    -939.707    -0.074
-254.639    -939.833    -0.075
-255.125    -939.949    -0.075
-255.612    -940.064    -0.075
-256.098    -940.180    -0.075
-256.584    -940.295    -0.075
-257.071    -940.411    -0.075
-257.557    -940.526    -0.075
-258.044    -940.642    -0.075
-258.530    -940.757    -0.075
-259.016    -940.873    -0.075
-259.504    -940.988    -0.075
-259.990    -941.102    -0.075
-260.476    -941.218    -0.075
-260.963    -941.333    -0.075
-261.449    -941.450    -0.075
-261.936    -941.565    -0.075
-262.422    -941.681    -0.075
-262.908    -941.795    -0.075
-263.395    -941.911    -0.075
-263.881    -942.026    -0.075
-264.368    -942.142    -0.075
-264.856    -942.251    -0.075
-265.346    -942.349    -0.075
-265.836    -942.449    -0.075
-266.325    -942.549    -0.075
-266.816    -942.648    -0.075
-267.306    -942.748    -0.075
-267.796    -942.847    -0.076
-268.285    -942.946    -0.076
-268.775    -943.045    -0.076
-269.266    -943.145    -0.076
-269.756    -943.244    -0.076
-270.245    -943.344    -0.076
-270.735    -943.443    -0.076
-271.226    -943.543    -0.076
-271.716    -943.641    -0.076
-272.205    -943.741    -0.076
-272.695    -943.840    -0.076
-273.185    -943.940    -0.076
-273.676    -944.039    -0.076
-274.166    -944.139    -0.076
-274.657    -944.230    -0.076
-275.150    -944.317    -0.076
-275.642    -944.404    -0.076
-276.134    -944.490    -0.076
-276.627    -944.578    -0.076
-277.119    -944.664    -0.076
-277.611    -944.752    -0.076
-278.103    -944.839    -0.076
-278.596    -944.926    -0.076
-279.088    -945.014    -0.076
-279.580    -945.100    -0.076
-280.072    -945.188    -0.076
-280.565    -945.276    -0.076
-281.057    -945.363    -0.076
-281.549    -945.450    -0.076
-282.041    -945.537    -0.077
-282.534    -945.625    -0.077
-283.026    -945.711    -0.077
-283.518    -945.798    -0.077
-284.011    -945.885    -0.077
-284.505    -945.961    -0.077
-284.999    -946.039    -0.077
-285.493    -946.116    -0.077
-285.987    -946.193    -0.077
-286.481    -946.271    -0.077
-286.975    -946.348    -0.077
-287.468    -946.425    -0.077
-287.963    -946.503    -0.077
-288.457    -946.579    -0.077
-288.950    -946.657    -0.077
-289.445    -946.733    -0.077
-289.939    -946.811    -0.077
-290.432    -946.889    -0.077
-290.926    -946.965    -0.077
-291.421    -947.038    -0.077
-291.917    -947.102    -0.077
-292.413    -947.165    -0.077
-292.909    -947.229    -0.077
-293.404    -947.293    -0.077
-293.901    -947.356    -0.077
-294.396    -947.420    -0.077
-294.892    -947.484    -0.077
-295.389    -947.547    -0.077
-295.884    -947.611    -0.077
-296.380    -947.675    -0.077
-296.875    -947.738    -0.078
-297.372    -947.803    -0.078
-297.868    -947.867    -0.078
-298.363    -947.930    -0.078
-298.859    -947.994    -0.078
-299.355    -948.058    -0.078
-299.851    -948.121    -0.078
-300.347    -948.185    -0.078
-300.843    -948.249    -0.078
-301.340    -948.298    -0.078
-301.838    -948.349    -0.078
-302.335    -948.399    -0.078
-302.833    -948.448    -0.078
-303.330    -948.497    -0.078
-303.828    -948.547    -0.078
-304.325    -948.596    -0.078
-304.823    -948.646    -0.078
-305.321    -948.696    -0.078
-305.817    -948.745    -0.078
-306.315    -948.796    -0.078
-306.812    -948.846    -0.078
-307.310    -948.896    -0.078
-307.807    -948.945    -0.078
-308.305    -948.996    -0.078
-308.802    -949.046    -0.078
-309.300    -949.095    -0.078
-309.798    -949.143    -0.078
-310.296    -949.177    -0.078
-310.796    -949.210    -0.078
-311.294    -949.245    -0.078
-311.793    -949.278    -0.078
-312.291    -949.313    -0.078
-312.791    -949.346    -0.079
-313.289    -949.380    -0.079
-313.788    -949.414    -0.079
-314.287    -949.448    -0.079
-314.786    -949.481    -0.079
-315.284    -949.516    -0.079
-315.784    -949.550    -0.079
-316.282    -949.583    -0.079
-316.781    -949.617    -0.079
-317.279    -949.651    -0.079
-317.779    -949.686    -0.079
-318.277    -949.719    -0.079
-318.776    -949.753    -0.079
-319.275    -949.787    -0.079
-319.774    -949.821    -0.079
-320.272    -949.854    -0.079
-320.772    -949.888    -0.079
-321.270    -949.921    -0.079
-321.770    -949.938    -0.079
-322.269    -949.957    -0.079
-322.769    -949.975    -0.079
-323.269    -949.994    -0.079
-323.768    -950.011    -0.079
-324.268    -950.030    -0.079
-324.768    -950.049    -0.079
-325.267    -950.068    -0.079
-325.767    -950.085    -0.079
-326.267    -950.104    -0.079
-326.766    -950.122    -0.079
-327.266    -950.141    -0.079
-327.766    -950.159    -0.079
-328.265    -950.177    -0.079
-328.765    -950.195    -0.079
-329.265    -950.214    -0.079
-329.764    -950.231    -0.080
-330.264    -950.250    -0.080
-330.764    -950.269    -0.080
-331.262    -950.279    -0.080
-331.762    -950.288    -0.080
-332.262    -950.297    -0.080
-332.762    -950.306    -0.080
-333.262    -950.314    -0.080
-333.762    -950.323    -0.080
-334.262    -950.331    -0.080
-334.762    -950.340    -0.080
-335.262    -950.348    -0.080
-335.761    -950.357    -0.080
-336.261    -950.366    -0.080
-336.761    -950.375    -0.080
-337.261    -950.383    -0.080
-337.761    -950.392    -0.080
-338.261    -950.401    -0.080
-338.761    -950.410    -0.080
-339.261    -950.418    -0.080
-339.761    -950.427    -0.080
-340.260    -950.436    -0.080
-340.760    -950.444    -0.080
-341.260    -950.452    -0.080
-341.760    -950.461    -0.080
-342.260    -950.462    -0.080
-342.761    -950.451    -0.080
-343.260    -950.439    -0.080
-343.759    -950.428    -0.080
-344.260    -950.418    -0.080
-344.759    -950.407    -0.080
-345.259    -950.396    -0.080
-345.759    -950.385    -0.080
-346.259    -950.375    -0.080
-346.758    -950.365    -0.080
-347.259    -950.353    -0.080
-347.758    -950.342    -0.080
-348.258    -950.332    -0.081
-348.758    -950.320    -0.081
-349.258    -950.310    -0.081
-349.758    -950.299    -0.081
-350.258    -950.282    -0.081
-350.757    -950.258    -0.081
-351.256    -950.235    -0.081
-351.756    -950.212    -0.081
-352.256    -950.189    -0.081
-352.754    -950.166    -0.081
-353.254    -950.143    -0.081
-353.754    -950.120    -0.081
-354.253    -950.097    -0.081
-354.753    -950.073    -0.081
-355.251    -950.050    -0.081
-355.751    -950.028    -0.081
-356.251    -950.004    -0.081
-356.750    -949.981    -0.081
-357.249    -949.958    -0.081
-357.749    -949.935    -0.081
-358.248    -949.912    -0.081
-358.748    -949.889    -0.081
-359.248    -949.865    -0.081
-359.746    -949.843    -0.081
-360.246    -949.819    -0.081
-360.746    -949.796    -0.081
-361.244    -949.770    -0.081
-361.743    -949.734    -0.081
-362.242    -949.698    -0.081
-362.741    -949.662    -0.081
-363.239    -949.626    -0.081
-363.738    -949.590    -0.081
-364.237    -949.554    -0.081
-364.736    -949.518    -0.081
-365.234    -949.482    -0.081
-365.733    -949.446    -0.081
-366.232    -949.411    -0.081
-366.730    -949.374    -0.081
-367.229    -949.338    -0.081
-367.727    -949.303    -0.081
-368.226    -949.267    -0.081
-368.724    -949.231    -0.081
-369.223    -949.195    -0.082
-369.722    -949.159    -0.082
-370.220    -949.118    -0.082
-370.718    -949.076    -0.082
-371.216    -949.033    -0.082
-371.715    -948.991    -0.082
-372.213    -948.947    -0.082
-372.711    -948.905    -0.082
-373.209    -948.863    -0.082
-373.707    -948.814    -0.082
-374.203    -948.760    -0.082
-374.701    -948.706    -0.082
-375.198    -948.651    -0.082
-375.695    -948.597    -0.082
-376.192    -948.543    -0.082
-376.688    -948.488    -0.082
-377.186    -948.434    -0.082
-377.683    -948.380    -0.082
-378.179    -948.325    -0.082
-378.677    -948.271    -0.082
-379.174    -948.218    -0.082
-379.671    -948.163    -0.082
-380.168    -948.109    -0.082
-380.665    -948.055    -0.082
-381.162    -948.000    -0.082
-381.659    -947.947    -0.082
-382.155    -947.893    -0.082
-382.653    -947.838    -0.082
-383.149    -947.782    -0.082
-383.645    -947.714    -0.082
-384.141    -947.646    -0.082
-384.635    -947.579    -0.082
-385.131    -947.511    -0.082
-385.627    -947.444    -0.082
-386.122    -947.377    -0.082
-386.617    -947.308    -0.082
-387.113    -947.241    -0.082
-387.608    -947.174    -0.082
-388.103    -947.106    -0.082
-388.599    -947.039    -0.082
-389.094    -946.971    -0.082
-389.589    -946.903    -0.082
-390.085    -946.836    -0.082
-390.580    -946.767    -0.082
-391.073    -946.688    -0.082
-391.567    -946.608    -0.082
-392.061    -946.529    -0.082
-392.554    -946.450    -0.083
-393.048    -946.370    -0.083
-393.542    -946.291    -0.083
-394.035    -946.211    -0.083
-394.529    -946.131    -0.083
-395.022    -946.051    -0.083
-395.516    -945.972    -0.083
-396.010    -945.893    -0.083
-396.503    -945.813    -0.083
-396.997    -945.734    -0.083
-397.491    -945.654    -0.083
-397.984    -945.575    -0.083
-398.478    -945.496    -0.083
-398.972    -945.416    -0.083
-399.465    -945.337    -0.083
-399.958    -945.254    -0.083
-400.451    -945.169    -0.083
-400.943    -945.083    -0.083
-401.436    -944.999    -0.083
-401.928    -944.913    -0.083
-402.421    -944.829    -0.083
-402.914    -944.744    -0.083
-403.405    -944.647    -0.083
-403.895    -944.549    -0.083
-404.385    -944.451    -0.083
-404.875    -944.354    -0.083
-405.365    -944.255    -0.083
-405.856    -944.157    -0.083
-406.346    -944.059    -0.083
-406.837    -943.961    -0.083
-407.327    -943.863    -0.083
-407.816    -943.765    -0.083
-408.307    -943.666    -0.083
-408.797    -943.569    -0.083
-409.288    -943.470    -0.083
-409.778    -943.372    -0.083
-410.268    -943.274    -0.083
-410.757    -943.170    -0.083
-411.245    -943.060    -0.083
-411.732    -942.950    -0.083
-412.220    -942.840    -0.083
-412.708    -942.730    -0.083
-413.195    -942.621    -0.083
-413.683    -942.510    -0.083
-414.171    -942.401    -0.083
-414.658    -942.291    -0.083
-415.146    -942.180    -0.083
-415.635    -942.071    -0.083
-416.122    -941.961    -0.083
-416.610    -941.851    -0.083
-417.098    -941.741    -0.083
-417.585    -941.631    -0.083
-418.073    -941.521    -0.083
-418.561    -941.412    -0.083
-419.048    -941.301    -0.083
-419.536    -941.191    -0.083
-420.024    -941.082    -0.083
-420.510    -940.969    -0.083
-420.995    -940.847    -0.083
-421.480    -940.724    -0.083
-421.965    -940.601    -0.084
-422.449    -940.479    -0.084
-422.934    -940.356    -0.084
-423.419    -940.234    -0.084
-423.904    -940.112    -0.084
-424.388    -939.989    -0.084
-424.873    -939.868    -0.084
-425.358    -939.745    -0.084
-425.843    -939.622    -0.084
-426.328    -939.501    -0.084
-426.812    -939.378    -0.084
-427.297    -939.255    -0.084
-427.782    -939.133    -0.084
-428.267    -939.010    -0.084
-428.750    -938.883    -0.084
-429.231    -938.747    -0.084
-429.712    -938.610    -0.084
-430.193    -938.473    -0.084
-430.673    -938.336    -0.084
-431.155    -938.200    -0.084
-431.636    -938.063    -0.084
-432.116    -937.925    -0.084
-432.598    -937.789    -0.084
-433.078    -937.652    -0.084
-433.559    -937.515    -0.084
-434.039    -937.378    -0.084
-434.521    -937.242    -0.084
-435.001    -937.105    -0.084
-435.482    -936.968    -0.084
-435.964    -936.831    -0.084
-436.444    -936.695    -0.084
-436.925    -936.558    -0.084
-437.406    -936.421    -0.084
-437.887    -936.285    -0.084
-438.368    -936.148    -0.084
-438.849    -936.011    -0.084
-439.329    -935.870    -0.084
-439.805    -935.718    -0.084
-440.281    -935.567    -0.084
-440.757    -935.415    -0.084
-441.234    -935.262    -0.084
-441.710    -935.110    -0.084
-442.186    -934.957    -0.084
-442.663    -934.805    -0.084
-443.138    -934.654    -0.084
-443.615    -934.501    -0.084
-444.091    -934.349    -0.084
-444.567    -934.197    -0.084
-445.043    -934.043    -0.084
-445.520    -933.891    -0.084
-445.995    -933.740    -0.084
-446.472    -933.588    -0.084
-446.949    -933.435    -0.084
-447.424    -933.283    -0.084
-447.901    -933.130    -0.084
-448.377    -932.978    -0.084
-448.853    -932.826    -0.084
-449.325    -932.663    -0.084
-449.798    -932.499    -0.084
-450.270    -932.334    -0.084
-450.742    -932.170    -0.084
-451.214    -932.005    -0.084
-451.686    -931.840    -0.084
-452.158    -931.676    -0.084
-452.630    -931.511    -0.084
-453.102    -931.346    -0.084
-453.574    -931.181    -0.084
-454.047    -931.017    -0.084
-454.519    -930.852    -0.084
-454.991    -930.687    -0.084
-455.463    -930.522    -0.084
-455.935    -930.358    -0.084
-456.407    -930.193    -0.084
-456.879    -930.028    -0.084
-457.350    -929.865    -0.084
-457.822    -929.700    -0.084
-458.294    -929.535    -0.084
-458.767    -929.370    -0.084
-459.235    -929.193    -0.084
-459.701    -929.014    -0.084
-460.168    -928.835    -0.084
-460.635    -928.657    -0.084
-461.102    -928.478    -0.084
-461.568    -928.297    -0.084
-462.034    -928.115    -0.084
-462.500    -927.933    -0.084
-462.965    -927.751    -0.084
-463.431    -927.569    -0.084
-463.896    -927.387    -0.084
-464.362    -927.205    -0.084
-464.828    -927.023    -0.084
-465.293    -926.839    -0.084
-465.758    -926.657    -0.085
-466.224    -926.476    -0.085
-466.690    -926.293    -0.085
-467.156    -926.111    -0.085
-467.621    -925.929    -0.085
-468.086    -925.746    -0.085
-468.552    -925.564    -0.085
-469.017    -925.382    -0.085
-469.483    -925.200    -0.085
-469.949    -925.019    -0.085
-470.414    -924.835    -0.085
-470.880    -924.653    -0.085
-471.344    -924.468    -0.085
-471.805    -924.274    -0.085
-472.266    -924.081    -0.085
-472.727    -923.888    -0.085
-473.189    -923.694    -0.085
-473.649    -923.501    -0.085
-474.110    -923.307    -0.085
-474.571    -923.114    -0.085
-475.032    -922.921    -0.085
-475.494    -922.727    -0.085
-475.954    -922.534    -0.085
-476.416    -922.341    -0.085
-476.877    -922.147    -0.085
-477.337    -921.953    -0.085
-477.799    -921.760    -0.085
-478.260    -921.566    -0.085
-478.714    -921.359    -0.085
-479.169    -921.151    -0.085
-479.624    -920.945    -0.085
-480.079    -920.738    -0.085
-480.534    -920.530    -0.085
-480.989    -920.323    -0.085
-481.444    -920.115    -0.085
-481.899    -919.908    -0.085
-482.354    -919.701    -0.085
-482.809    -919.494    -0.085
-483.264    -919.286    -0.085
-483.719    -919.079    -0.085
-484.174    -918.871    -0.085
-484.629    -918.664    -0.085
-485.084    -918.457    -0.085
-485.539    -918.249    -0.085
-485.992    -918.039    -0.085
-486.444    -917.826    -0.085
-486.897    -917.613    -0.085
-487.349    -917.400    -0.085
-487.801    -917.186    -0.085
-488.253    -916.973    -0.085
-488.705    -916.761    -0.085
-489.159    -916.547    -0.085
-489.611    -916.335    -0.085
-490.063    -916.121    -0.085
-490.515    -915.909    -0.085
-490.968    -915.696    -0.085
-491.420    -915.483    -0.085
-491.872    -915.270    -0.085
-492.319    -915.046    -0.085
-492.766    -914.822    -0.085
-493.212    -914.596    -0.085
-493.659    -914.370    -0.085
-494.105    -914.145    -0.085
-494.551    -913.920    -0.085
-494.998    -913.695    -0.085
-495.444    -913.469    -0.085
-495.889    -913.244    -0.085
-496.335    -913.017    -0.085
-496.779    -912.787    -0.085
-497.224    -912.559    -0.085
-497.668    -912.330    -0.085
-498.113    -912.102    -0.085
-498.558    -911.872    -0.085
-499.002    -911.643    -0.085
-499.446    -911.414    -0.085
-499.891    -911.185    -0.085
-500.335    -910.956    -0.085
-500.779    -910.727    -0.085
-501.225    -910.498    -0.085
-501.669    -910.270    -0.085
-502.112    -910.038    -0.085
-502.555    -909.807    -0.085
-502.998    -909.575    -0.085
-503.442    -909.343    -0.085
-503.884    -909.112    -0.085
-504.325    -908.875    -0.085
-504.761    -908.630    -0.085
-505.196    -908.385    -0.085
-505.632    -908.140    -0.085
-506.068    -907.896    -0.085
-506.504    -907.651    -0.085
-506.940    -907.406    -0.085
-507.376    -907.161    -0.085
-507.811    -906.916    -0.085
-508.248    -906.672    -0.085
-508.684    -906.427    -0.085
-509.120    -906.182    -0.085
-509.556    -905.937    -0.085
-509.992    -905.692    -0.085
-510.427    -905.448    -0.085
-510.863    -905.203    -0.085
-511.299    -904.958    -0.085
-511.735    -904.713    -0.085
-512.169    -904.464    -0.085
-512.603    -904.215    -0.085
-513.036    -903.967    -0.085
-513.470    -903.718    -0.085
-513.904    -903.469    -0.085
-514.336    -903.220    -0.085
-514.766    -902.963    -0.085
-515.195    -902.706    -0.085
-515.624    -902.449    -0.085
-516.053    -902.193    -0.085
-516.482    -901.936    -0.085
-516.910    -901.679    -0.085
-517.340    -901.422    -0.085
-517.769    -901.166    -0.085
-518.198    -900.909    -0.085
-518.627    -900.652    -0.085
-519.056    -900.395    -0.085
-519.485    -900.139    -0.085
-519.914    -899.882    -0.085
-520.343    -899.625    -0.085
-520.768    -899.363    -0.085
-521.195    -899.102    -0.085
-521.621    -898.840    -0.085
-522.047    -898.578    -0.085
-522.472    -898.316    -0.085
-522.898    -898.055    -0.085
-523.321    -897.788    -0.085
-523.741    -897.517    -0.085
-524.161    -897.245    -0.085
-524.581    -896.973    -0.085
-525.001    -896.702    -0.085
-525.420    -896.431    -0.085
-525.841    -896.160    -0.085
-526.261    -895.889    -0.085
-526.680    -895.618    -0.085
-527.101    -895.345    -0.085
-527.520    -895.074    -0.085
-527.940    -894.802    -0.085
-528.360    -894.532    -0.085
-528.780    -894.261    -0.085
-529.200    -893.988    -0.085
-529.620    -893.717    -0.085
-530.039    -893.446    -0.085
-530.460    -893.174    -0.085
-530.878    -892.901    -0.085
-531.292    -892.620    -0.085
-531.705    -892.339    -0.085
-532.119    -892.059    -0.085
-532.532    -891.777    -0.085
-532.946    -891.496    -0.085
-533.359    -891.216    -0.085
-533.773    -890.934    -0.085
-534.187    -890.653    -0.085
-534.600    -890.373    -0.085
-535.014    -890.091    -0.085
-535.428    -889.811    -0.085
-535.841    -889.530    -0.085
-536.255    -889.249    -0.085
-536.664    -888.963    -0.085
-537.072    -888.673    -0.085
-537.479    -888.384    -0.085
-537.887    -888.094    -0.085
-538.295    -887.806    -0.085
-538.703    -887.515    -0.085
-539.110    -887.225    -0.085
-539.517    -886.934    -0.085
-539.924    -886.645    -0.085
-540.331    -886.354    -0.085
-540.738    -886.064    -0.085
-541.144    -885.774    -0.085
-541.552    -885.484    -0.085
-541.959    -885.193    -0.085
-542.366    -884.903    -0.085
-542.773    -884.612    -0.085
-543.180    -884.323    -0.085
-543.587    -884.032    -0.085
-543.994    -883.742    -0.085
-544.402    -883.451    -0.085
-544.809    -883.162    -0.085
-545.215    -882.871    -0.085
-545.622    -882.581    -0.085
-546.029    -882.289    -0.085
-546.427    -881.988    -0.085
-546.827    -881.686    -0.085
-547.225    -881.384    -0.085
-547.624    -881.083    -0.085
-548.022    -880.781    -0.085
-548.420    -880.478    -0.085
-548.815    -880.171    -0.084
-549.209    -879.864    -0.084
-549.603    -879.557    -0.084
-549.998    -879.250    -0.084
-550.393    -878.942    -0.084
-550.787    -878.635    -0.084
-551.181    -878.328    -0.084
-551.576    -878.021    -0.084
-551.970    -877.713    -0.084
-552.364    -877.406    -0.084
-552.759    -877.100    -0.084
-553.154    -876.792    -0.084
-553.548    -876.485    -0.084
-553.939    -876.173    -0.084
-554.328    -875.859    -0.084
-554.717    -875.546    -0.084
-555.108    -875.232    -0.084
-555.497    -874.919    -0.084
-555.888    -874.607    -0.084
-556.276    -874.294    -0.084
-556.667    -873.980    -0.084
-557.056    -873.667    -0.084
-557.445    -873.354    -0.084
-557.836    -873.041    -0.084
-558.225    -872.727    -0.084
-558.615    -872.414    -0.084
-559.004    -872.101    -0.084
-559.395    -871.787    -0.084
-559.784    -871.475    -0.084
-560.173    -871.162    -0.084
-560.561    -870.845    -0.084
-560.945    -870.525    -0.084
-561.329    -870.205    -0.084
-561.713    -869.885    -0.084
-562.097    -869.564    -0.084
-562.475    -869.238    -0.084
-562.854    -868.911    -0.084
-563.232    -868.585    -0.084
-563.610    -868.258    -0.084
-563.989    -867.931    -0.084
-564.367    -867.603    -0.084
-564.745    -867.276    -0.084
-565.123    -866.950    -0.084
-565.501    -866.623    -0.084
-565.880    -866.296    -0.084
-566.258    -865.969    -0.084
-566.635    -865.641    -0.084
-567.014    -865.314    -0.084
-567.392    -864.987    -0.084
-567.769    -864.659    -0.084
-568.145    -864.331    -0.084
-568.523    -864.002    -0.084
-568.900    -863.673    -0.084
-569.276    -863.345    -0.084
-569.645    -863.007    -0.084
-570.013    -862.669    -0.084
-570.382    -862.331    -0.084
-570.751    -861.993    -0.084
-571.119    -861.655    -0.084
-571.487    -861.317    -0.084
-571.856    -860.979    -0.084
-572.224    -860.642    -0.084
-572.593    -860.303    -0.084
-572.962    -859.966    -0.084
-573.330    -859.628    -0.084
-573.698    -859.290    -0.084
-574.067    -858.953    -0.084
-574.435    -858.614    -0.084
-574.804    -858.277    -0.084
-575.173    -857.939    -0.084
-575.540    -857.600    -0.084
-575.908    -857.262    -0.084
-576.275    -856.922    -0.084
-576.643    -856.584    -0.084
-577.011    -856.245    -0.084
-577.372    -855.900    -0.084
-577.734    -855.554    -0.084
-578.095    -855.209    -0.084
-578.456    -854.862    -0.084
-578.816    -854.516    -0.084
-579.176    -854.169    -0.084
-579.536    -853.822    -0.084
-579.896    -853.474    -0.084
-580.255    -853.127    -0.084
-580.615    -852.780    -0.084
-580.975    -852.434    -0.084
-581.335    -852.086    -0.084
-581.694    -851.738    -0.084
-582.054    -851.392    -0.084
-582.414    -851.045    -0.084
-582.775    -850.698    -0.083
-583.134    -850.351    -0.083
-583.486    -849.996    -0.083
-583.837    -849.639    -0.083
-584.187    -849.282    -0.083
-584.537    -848.926    -0.083
-584.887    -848.569    -0.083
-585.237    -848.212    -0.083
-585.587    -847.854    -0.083
-585.936    -847.497    -0.083
-586.287    -847.140    -0.083
-586.637    -846.784    -0.083
-586.987    -846.427    -0.083
-587.337    -846.070    -0.083
-587.687    -845.713    -0.083
-588.037    -845.356    -0.083
-588.388    -844.999    -0.083
-588.737    -844.641    -0.083
-589.086    -844.285    -0.083
-589.436    -843.927    -0.083
-589.783    -843.567    -0.083
-590.131    -843.208    -0.083
-590.478    -842.848    -0.083
-590.825    -842.488    -0.083
-591.172    -842.129    -0.083
-591.514    -841.763    -0.083
-591.853    -841.396    -0.083
-592.192    -841.028    -0.083
-592.530    -840.660    -0.083
-592.868    -840.292    -0.083
-593.207    -839.925    -0.083
-593.545    -839.556    -0.083
-593.884    -839.188    -0.083
-594.225    -838.823    -0.083
-594.565    -838.457    -0.083
-594.906    -838.091    -0.083
-595.248    -837.725    -0.083
-595.588    -837.360    -0.083
-595.929    -836.994    -0.083
-596.262    -836.621    -0.083
-596.590    -836.243    -0.083
-596.918    -835.866    -0.083
-597.246    -835.489    -0.083
-597.574    -835.111    -0.083
-597.902    -834.734    -0.083
-598.229    -834.356    -0.083
-598.557    -833.979    -0.083
-598.885    -833.602    -0.083
-599.212    -833.224    -0.083
-599.540    -832.847    -0.083
-599.868    -832.470    -0.083
-600.196    -832.091    -0.083
-600.524    -831.714    -0.083
-600.853    -831.338    -0.083
-601.181    -830.960    -0.083
-601.508    -830.582    -0.083
-601.836    -830.204    -0.083
-602.164    -829.827    -0.083
-602.492    -829.450    -0.083
-602.819    -829.072    -0.083
-603.147    -828.695    -0.082
-603.475    -828.318    -0.082
-603.798    -827.936    -0.082
-604.116    -827.550    -0.082
-604.436    -827.165    -0.082
-604.754    -826.780    -0.082
-605.073    -826.395    -0.082
-605.391    -826.009    -0.082
-605.710    -825.624    -0.082
-606.028    -825.239    -0.082
-606.346    -824.853    -0.082
-606.665    -824.468    -0.082
-606.984    -824.082    -0.082
-607.302    -823.697    -0.082
-607.621    -823.311    -0.082
-607.939    -822.926    -0.082
-608.257    -822.541    -0.082
-608.576    -822.155    -0.082
-608.894    -821.770    -0.082
-609.207    -821.381    -0.082
-609.516    -820.987    -0.082
-609.824    -820.592    -0.082
-610.131    -820.198    -0.082
-610.440    -819.804    -0.082
-610.748    -819.412    -0.082
-611.055    -819.017    -0.082
-611.364    -818.623    -0.082
-611.671    -818.229    -0.082
-611.979    -817.835    -0.082
-612.287    -817.441    -0.082
-612.595    -817.048    -0.082
-612.903    -816.654    -0.082
-613.210    -816.260    -0.082
-613.519    -815.866    -0.082
-613.827    -815.472    -0.082
-614.134    -815.078    -0.082
-614.443    -814.685    -0.082
-614.751    -814.291    -0.082
-615.059    -813.897    -0.082
-615.367    -813.503    -0.082
-615.675    -813.109    -0.082
-615.972    -812.707    -0.082
-616.269    -812.305    -0.082
-616.566    -811.903    -0.082
-616.864    -811.502    -0.082
-617.161    -811.100    -0.082
-617.459    -810.698    -0.082
-617.756    -810.297    -0.082
-618.054    -809.894    -0.081
-618.351    -809.492    -0.081
-618.648    -809.090    -0.081
-618.945    -808.688    -0.081
-619.243    -808.286    -0.081
-619.540    -807.884    -0.081
-619.838    -807.483    -0.081
-620.135    -807.081    -0.081
-620.432    -806.679    -0.081
-620.729    -806.277    -0.081
-621.027    -805.875    -0.081
-621.322    -805.471    -0.081
-621.606    -805.060    -0.081
-621.890    -804.648    -0.081
-622.173    -804.236    -0.081
-622.456    -803.824    -0.081
-622.739    -803.412    -0.081
-623.022    -803.000    -0.081
-623.306    -802.587    -0.081
-623.589    -802.176    -0.081
-623.872    -801.765    -0.081
-624.156    -801.352    -0.081
-624.439    -800.941    -0.081
-624.722    -800.528    -0.081
-625.006    -800.116    -0.081
-625.289    -799.704    -0.081
-625.571    -799.292    -0.081
-625.855    -798.881    -0.081
-626.139    -798.468    -0.081
-626.422    -798.057    -0.081
-626.705    -797.644    -0.081
-626.988    -797.233    -0.081
-627.272    -796.820    -0.081
-627.556    -796.409    -0.081
-627.829    -795.990    -0.081
-628.099    -795.571    -0.081
-628.370    -795.150    -0.081
-628.640    -794.729    -0.081
-628.911    -794.308    -0.081
-629.181    -793.888    -0.081
-629.452    -793.468    -0.081
-629.722    -793.047    -0.081
-629.993    -792.627    -0.080
-630.264    -792.207    -0.080
-630.534    -791.786    -0.080
-630.805    -791.365    -0.080
-631.076    -790.946    -0.080
-631.346    -790.525    -0.080
-631.616    -790.104    -0.080
-631.886    -789.683    -0.080
-632.156    -789.263    -0.080
-632.427    -788.843    -0.080
-632.698    -788.422    -0.080
-632.967    -788.001    -0.080
-633.228    -787.575    -0.080
-633.489    -787.149    -0.080
-633.751    -786.723    -0.080
-634.012    -786.296    -0.080
-634.273    -785.870    -0.080
-634.536    -785.444    -0.080
-634.797    -785.017    -0.080
-635.058    -784.591    -0.080
-635.319    -784.165    -0.080
-635.580    -783.738    -0.080
-635.842    -783.312    -0.080
-636.103    -782.886    -0.080
-636.364    -782.460    -0.080
-636.625    -782.033    -0.080
-636.887    -781.607    -0.080
-637.148    -781.181    -0.080
-637.409    -780.755    -0.080
-637.670    -780.329    -0.080
-637.931    -779.903    -0.080
-638.193    -779.476    -0.080
-638.454    -779.050    -0.080
-638.705    -778.618    -0.080
-638.950    -778.181    -0.080
-639.195    -777.746    -0.080
-639.442    -777.311    -0.080
-639.688    -776.875    -0.079
-639.933    -776.440    -0.079
-640.178    -776.005    -0.079
-640.424    -775.569    -0.079
-640.670    -775.133    -0.079
-640.915    -774.698    -0.079
-641.161    -774.262    -0.079
-641.407    -773.827    -0.079
-641.652    -773.392    -0.079
-641.898    -772.956    -0.079
-642.144    -772.521    -0.079
-642.389    -772.086    -0.079
-642.635    -771.650    -0.079
-642.876    -771.212    -0.079
-643.111    -770.771    -0.079
-643.345    -770.329    -0.079
-643.580    -769.887    -0.079
-643.814    -769.446    -0.079
-644.049    -769.004    -0.079
-644.283    -768.563    -0.079
-644.517    -768.121    -0.079
-644.752    -767.679    -0.079
-644.986    -767.238    -0.079
-645.220    -766.796    -0.079
-645.454    -766.355    -0.079
-645.689    -765.912    -0.079
-645.923    -765.472    -0.079
-646.157    -765.030    -0.079
-646.392    -764.588    -0.079
-646.626    -764.146    -0.079
-646.861    -763.704    -0.079
-647.095    -763.263    -0.079
-647.329    -762.821    -0.079
-647.564    -762.380    -0.079
-647.798    -761.938    -0.079
-648.033    -761.496    -0.078
-648.262    -761.053    -0.078
-648.483    -760.604    -0.078
-648.703    -760.155    -0.078
-648.925    -759.707    -0.078
-649.146    -759.258    -0.078
-649.366    -758.810    -0.078
-649.588    -758.361    -0.078
-649.808    -757.913    -0.078
-650.030    -757.464    -0.078
-650.250    -757.016    -0.078
-650.471    -756.568    -0.078
-650.692    -756.119    -0.078
-650.913    -755.670    -0.078
-651.134    -755.222    -0.078
-651.354    -754.773    -0.078
-651.575    -754.324    -0.078
-651.796    -753.876    -0.078
-652.018    -753.427    -0.078
-652.239    -752.980    -0.078
-652.449    -752.526    -0.078
-652.658    -752.072    -0.078
-652.867    -751.617    -0.078
-653.074    -751.163    -0.078
-653.282    -750.709    -0.078
-653.491    -750.253    -0.078
-653.700    -749.799    -0.078
-653.907    -749.345    -0.078
-654.116    -748.890    -0.078
-654.324    -748.436    -0.078
-654.532    -747.981    -0.078
-654.740    -747.526    -0.078
-654.949    -747.072    -0.077
-655.157    -746.618    -0.077
-655.365    -746.163    -0.077
-655.573    -745.708    -0.077
-655.782    -745.253    -0.077
-655.990    -744.799    -0.077
-656.198    -744.345    -0.077
-656.406    -743.890    -0.077
-656.615    -743.435    -0.077
-656.822    -742.981    -0.077
-657.018    -742.521    -0.077
-657.214    -742.061    -0.077
-657.409    -741.601    -0.077
-657.605    -741.140    -0.077
-657.801    -740.681    -0.077
-657.996    -740.220    -0.077
-658.192    -739.761    -0.077
-658.387    -739.300    -0.077
-658.583    -738.840    -0.077
-658.779    -738.380    -0.077
-658.974    -737.920    -0.077
-659.170    -737.459    -0.077
-659.365    -737.000    -0.077
-659.561    -736.539    -0.077
-659.757    -736.080    -0.077
-659.952    -735.619    -0.077
-660.148    -735.159    -0.077
-660.344    -734.699    -0.077
-660.538    -734.239    -0.077
-660.734    -733.778    -0.077
-660.929    -733.318    -0.076
-661.114    -732.854    -0.076
-661.299    -732.389    -0.076
-661.483    -731.925    -0.076
-661.669    -731.460    -0.076
-661.854    -730.996    -0.076
-662.036    -730.530    -0.076
-662.216    -730.063    -0.076
-662.395    -729.597    -0.076
-662.574    -729.131    -0.076
-662.753    -728.664    -0.076
-662.933    -728.197    -0.076
-663.111    -727.730    -0.076
-663.291    -727.263    -0.076
-663.470    -726.796    -0.076
-663.649    -726.329    -0.076
-663.828    -725.864    -0.076
-664.008    -725.397    -0.076
-664.187    -724.930    -0.076
-664.366    -724.463    -0.076
-664.545    -723.996    -0.076
-664.724    -723.529    -0.076
-664.903    -723.062    -0.076
-665.083    -722.595    -0.076
-665.262    -722.130    -0.076
-665.441    -721.663    -0.076
-665.617    -721.195    -0.076
-665.792    -720.726    -0.076
-665.967    -720.258    -0.076
-666.142    -719.790    -0.075
-666.318    -719.322    -0.075
-666.492    -718.853    -0.075
-666.667    -718.385    -0.075
-666.843    -717.917    -0.075
-667.007    -717.445    -0.075
-667.169    -716.971    -0.075
-667.332    -716.499    -0.075
-667.495    -716.026    -0.075
-667.657    -715.552    -0.075
-667.819    -715.080    -0.075
-667.981    -714.607    -0.075
-668.143    -714.135    -0.075
-668.305    -713.661    -0.075
-668.468    -713.188    -0.075
-668.630    -712.716    -0.075
-668.792    -712.243    -0.075
-668.955    -711.769    -0.075
-669.117    -711.297    -0.075
-669.279    -710.824    -0.075
-669.441    -710.351    -0.075
-669.604    -709.878    -0.075
-669.766    -709.405    -0.075
-669.929    -708.933    -0.075
-670.091    -708.459    -0.075
-670.253    -707.987    -0.075
-670.415    -707.514    -0.075
-670.577    -707.040    -0.075
-670.731    -706.565    -0.074
-670.880    -706.087    -0.074
-671.030    -705.611    -0.074
-671.179    -705.133    -0.074
-671.329    -704.657    -0.074
-671.479    -704.179    -0.074
-671.628    -703.702    -0.074
-671.777    -703.225    -0.074
-671.926    -702.748    -0.074
-672.077    -702.271    -0.074
-672.226    -701.794    -0.074
-672.375    -701.317    -0.074
-672.524    -700.840    -0.074
-672.674    -700.362    -0.074
-672.823    -699.886    -0.074
-672.973    -699.408    -0.074
-673.122    -698.932    -0.074
-673.270    -698.454    -0.074
-673.409    -697.973    -0.074
-673.547    -697.493    -0.074
-673.687    -697.013    -0.074
-673.826    -696.533    -0.074
-673.965    -696.053    -0.074
-674.103    -695.572    -0.074
-674.243    -695.092    -0.074
-674.382    -694.612    -0.074
-674.521    -694.132    -0.074
-674.661    -693.652    -0.073
-674.799    -693.171    -0.073
-674.938    -692.691    -0.073
-675.078    -692.210    -0.073
-675.216    -691.730    -0.073
-675.355    -691.251    -0.073
-675.495    -690.770    -0.073
-675.634    -690.290    -0.073
-675.772    -689.809    -0.073
-675.911    -689.329    -0.073
-676.051    -688.850    -0.073
-676.190    -688.369    -0.073
-676.329    -687.889    -0.073
-676.468    -687.408    -0.073
-676.607    -686.928    -0.073
-676.734    -686.445    -0.073
-676.860    -685.961    -0.073
-676.986    -685.477    -0.073
-677.112    -684.993    -0.073
-677.238    -684.510    -0.073
-677.363    -684.025    -0.073
-677.489    -683.541    -0.073
-677.614    -683.057    -0.073
-677.740    -682.574    -0.073
-677.866    -682.090    -0.073
-677.991    -681.606    -0.073
-678.117    -681.122    -0.072
-678.243    -680.638    -0.072
-678.369    -680.154    -0.072
-678.495    -679.670    -0.072
-678.620    -679.186    -0.072
-678.746    -678.703    -0.072
-678.871    -678.219    -0.072
-678.997    -677.735    -0.072
-679.123    -677.250    -0.072
-679.249    -676.767    -0.072
-679.375    -676.283    -0.072
-679.494    -675.798    -0.072
-679.610    -675.312    -0.072
-679.725    -674.825    -0.072
-679.841    -674.339    -0.072
-679.956    -673.852    -0.072
-680.071    -673.365    -0.072
-680.187    -672.879    -0.072
-680.302    -672.392    -0.072
-680.418    -671.906    -0.072
-680.532    -671.419    -0.072
-680.649    -670.933    -0.072
-680.764    -670.447    -0.072
-680.875    -669.959    -0.072
-680.985    -669.472    -0.072
-681.094    -668.984    -0.072
-681.204    -668.496    -0.071
-681.313    -668.008    -0.071
-681.422    -667.521    -0.071
-681.532    -667.033    -0.071
-681.641    -666.546    -0.071
-681.750    -666.057    -0.071
-681.860    -665.570    -0.071
-681.970    -665.082    -0.071
-682.079    -664.594    -0.071
-682.188    -664.106    -0.071
-682.298    -663.618    -0.071
-682.407    -663.131    -0.071
-682.517    -662.642    -0.071
-682.626    -662.155    -0.071
-682.735    -661.667    -0.071
-682.844    -661.179    -0.071
-682.955    -660.691    -0.071
-683.064    -660.204    -0.071
-683.172    -659.715    -0.071
-683.268    -659.224    -0.071
-683.364    -658.734    -0.071
-683.460    -658.244    -0.071
-683.556    -657.753    -0.071
-683.652    -657.262    -0.071
-683.748    -656.771    -0.071
-683.844    -656.280    -0.070
-683.940    -655.790    -0.070
-684.037    -655.300    -0.070
-684.132    -654.809    -0.070
-684.229    -654.318    -0.070
-684.324    -653.827    -0.070
-684.421    -653.337    -0.070
-684.516    -652.846    -0.070
-684.612    -652.356    -0.070
-684.708    -651.865    -0.070
-684.805    -651.374    -0.070
-684.900    -650.884    -0.070
-684.997    -650.393    -0.070
-685.093    -649.902    -0.070
-685.188    -649.412    -0.070
-685.285    -648.921    -0.070
-685.381    -648.431    -0.070
-685.477    -647.940    -0.070
-685.573    -647.449    -0.070
-685.669    -646.958    -0.070
-685.758    -646.466    -0.070
-685.843    -645.974    -0.070
-685.928    -645.481    -0.070
-686.013    -644.988    -0.070
-686.098    -644.496    -0.070
-686.182    -644.003    -0.069
-686.267    -643.511    -0.069
-686.351    -643.018    -0.069
-686.437    -642.525    -0.069
-686.522    -642.032    -0.069
-686.606    -641.539    -0.069
-686.692    -641.047    -0.069
-686.776    -640.554    -0.069
-686.861    -640.061    -0.069
-686.946    -639.569    -0.069
-687.031    -639.076    -0.069
-687.116    -638.583    -0.069
-687.200    -638.091    -0.069
-687.286    -637.598    -0.069
-687.371    -637.105    -0.069
-687.450    -636.611    -0.069
-687.527    -636.118    -0.069
-687.603    -635.624    -0.069
-687.680    -635.129    -0.069
-687.758    -634.635    -0.069
-687.834    -634.142    -0.069
-687.911    -633.647    -0.069
-687.988    -633.153    -0.069
-688.065    -632.660    -0.069
-688.142    -632.166    -0.069
-688.218    -631.671    -0.068
-688.295    -631.177    -0.068
-688.370    -630.683    -0.068
-688.445    -630.188    -0.068
-688.520    -629.694    -0.068
-688.596    -629.201    -0.068
-688.671    -628.706    -0.068
-688.746    -628.212    -0.068
-688.821    -627.718    -0.068
-688.896    -627.223    -0.068
-688.968    -626.728    -0.068
-689.037    -626.234    -0.068
-689.106    -625.738    -0.068
-689.175    -625.243    -0.068
-689.243    -624.748    -0.068
-689.312    -624.253    -0.068
-689.381    -623.757    -0.068
-689.449    -623.262    -0.068
-689.518    -622.767    -0.068
-689.586    -622.272    -0.068
-689.655    -621.776    -0.068
-689.724    -621.281    -0.068
-689.792    -620.786    -0.068
-689.861    -620.291    -0.068
-689.930    -619.795    -0.067
-689.998    -619.300    -0.067
-690.067    -618.805    -0.067
-690.136    -618.310    -0.067
-690.204    -617.814    -0.067
-690.273    -617.319    -0.067
-690.342    -616.824    -0.067
-690.410    -616.329    -0.067
-690.479    -615.833    -0.067
-690.548    -615.339    -0.067
-690.617    -614.843    -0.067
-690.685    -614.348    -0.067
-690.754    -613.852    -0.067
-690.822    -613.358    -0.067
-690.891    -612.862    -0.067
-690.960    -612.367    -0.067
-691.029    -611.872    -0.067
-691.098    -611.377    -0.067
-691.166    -610.882    -0.067
-691.235    -610.386    -0.067
-691.304    -609.892    -0.067
-691.372    -609.396    -0.067
-691.441    -608.901    -0.067
-691.510    -608.405    -0.067
-691.579    -607.911    -0.067
-691.648    -607.415    -0.066
-691.717    -606.920    -0.066
-691.782    -606.424    -0.066
-691.840    -605.927    -0.066
-691.899    -605.431    -0.066
-691.956    -604.935    -0.066
-692.014    -604.438    -0.066
-692.072    -603.942    -0.066
-692.129    -603.445    -0.066
-692.187    -602.948    -0.066
-692.244    -602.451    -0.066
-692.300    -601.954    -0.066
-692.356    -601.458    -0.066
-692.413    -600.961    -0.066
-692.468    -600.464    -0.066
-692.524    -599.967    -0.066
-692.581    -599.471    -0.066
-692.636    -598.974    -0.066
-692.692    -598.477    -0.066
-692.749    -597.980    -0.066
-692.804    -597.483    -0.066
-692.861    -596.987    -0.066
-692.917    -596.490    -0.066
-692.973    -595.993    -0.066
-693.028    -595.496    -0.065
-693.085    -595.000    -0.065
-693.141    -594.503    -0.065
-693.197    -594.006    -0.065
-693.253    -593.509    -0.065
-693.309    -593.012    -0.065
-693.364    -592.516    -0.065
-693.421    -592.018    -0.065
-693.477    -591.521    -0.065
-693.533    -591.024    -0.065
-693.589    -590.528    -0.065
-693.645    -590.031    -0.065
-693.701    -589.534    -0.065
-693.757    -589.037    -0.065
-693.814    -588.540    -0.065
-693.869    -588.044    -0.065
-693.925    -587.547    -0.065
-693.982    -587.050    -0.065
-694.037    -586.553    -0.065
-694.093    -586.057    -0.065
-694.147    -585.560    -0.065
-694.190    -585.062    -0.065
-694.232    -584.564    -0.065
-694.276    -584.065    -0.065
-694.319    -583.567    -0.065
-694.361    -583.069    -0.064
-694.405    -582.571    -0.064
-694.448    -582.073    -0.064
-694.491    -581.575    -0.064
-694.533    -581.077    -0.064
-694.576    -580.579    -0.064
-694.620    -580.081    -0.064
-694.662    -579.583    -0.064
-694.705    -579.085    -0.064
-694.748    -578.586    -0.064
-694.792    -578.088    -0.064
-694.834    -577.590    -0.064
-694.878    -577.092    -0.064
-694.921    -576.594    -0.064
-694.963    -576.096    -0.064
-695.006    -575.598    -0.064
-695.050    -575.100    -0.064
-695.092    -574.602    -0.064
-695.136    -574.103    -0.064
-695.179    -573.605    -0.064
-695.222    -573.107    -0.064
-695.264    -572.608    -0.064
-695.308    -572.110    -0.064
-695.348    -571.612    -0.064
-695.386    -571.114    -0.064
-695.426    -570.616    -0.063
-695.465    -570.117    -0.063
-695.505    -569.619    -0.063
-695.543    -569.120    -0.063
-695.582    -568.622    -0.063
-695.621    -568.123    -0.063
-695.660    -567.625    -0.063
-695.699    -567.127    -0.063
-695.739    -566.628    -0.063
-695.778    -566.129    -0.063
-695.816    -565.631    -0.063
-695.856    -565.133    -0.063
-695.895    -564.635    -0.063
-695.934    -564.136    -0.063
-695.973    -563.637    -0.063
-696.012    -563.139    -0.063
-696.051    -562.641    -0.063
-696.090    -562.142    -0.063
-696.129    -561.644    -0.063
-696.168    -561.145    -0.063
-696.208    -560.647    -0.063
-696.246    -560.148    -0.063
-696.285    -559.650    -0.063
-696.325    -559.152    -0.063
-696.363    -558.654    -0.063
-696.402    -558.154    -0.062
-696.442    -557.656    -0.062
-696.481    -557.158    -0.062
-696.519    -556.660    -0.062
-696.559    -556.161    -0.062
-696.598    -555.663    -0.062
-696.636    -555.164    -0.062
-696.676    -554.666    -0.062
-696.715    -554.167    -0.062
-696.754    -553.669    -0.062
-696.793    -553.171    -0.062
-696.832    -552.672    -0.062
-696.871    -552.173    -0.062
-696.910    -551.675    -0.062
-696.948    -551.177    -0.062
-696.986    -550.679    -0.062
-697.024    -550.179    -0.062
-697.061    -549.681    -0.062
-697.099    -549.183    -0.062
-697.138    -548.684    -0.062
-697.175    -548.186    -0.062
-697.212    -547.687    -0.062
-697.241    -547.188    -0.062
-697.270    -546.689    -0.062
-697.298    -546.189    -0.062
-697.326    -545.691    -0.061
-697.355    -545.191    -0.061
-697.384    -544.692    -0.061
-697.412    -544.193    -0.061
-697.441    -543.694    -0.061
-697.470    -543.195    -0.061
-697.498    -542.695    -0.061
-697.526    -542.197    -0.061
-697.556    -541.697    -0.061
-697.585    -541.198    -0.061
-697.613    -540.699    -0.061
-697.642    -540.200    -0.061
-697.670    -539.701    -0.061
-697.699    -539.201    -0.061
-697.727    -538.703    -0.061
-697.756    -538.203    -0.061
-697.785    -537.704    -0.061
-697.814    -537.206    -0.061
-697.841    -536.706    -0.061
-697.870    -536.207    -0.061
-697.899    -535.707    -0.061
-697.927    -535.209    -0.061
-697.956    -534.709    -0.061
-697.985    -534.210    -0.061
-698.014    -533.712    -0.061
-698.042    -533.212    -0.061
-698.071    -532.713    -0.060
-698.100    -532.213    -0.060
-698.128    -531.715    -0.060
-698.150    -531.215    -0.060
-698.172    -530.716    -0.060
-698.193    -530.216    -0.060
-698.214    -529.716    -0.060
-698.234    -529.217    -0.060
-698.255    -528.717    -0.060
-698.276    -528.218    -0.060
-698.298    -527.718    -0.060
-698.318    -527.219    -0.060
-698.339    -526.720    -0.060
-698.360    -526.220    -0.060
-698.380    -525.721    -0.060
-698.401    -525.221    -0.060
-698.423    -524.721    -0.060
-698.444    -524.222    -0.060
-698.464    -523.722    -0.060
-698.485    -523.223    -0.060
-698.506    -522.723    -0.060
-698.527    -522.223    -0.060
-698.548    -521.724    -0.060
-698.569    -521.225    -0.060
-698.590    -520.726    -0.060
-698.611    -520.226    -0.059
-698.632    -519.726    -0.059
-698.653    -519.227    -0.059
-698.674    -518.727    -0.059
-698.695    -518.228    -0.059
-698.715    -517.728    -0.059
-698.737    -517.228    -0.059
-698.758    -516.729    -0.059
-698.779    -516.229    -0.059
-698.799    -515.730    -0.059
-698.820    -515.231    -0.059
-698.842    -514.731    -0.059
-698.862    -514.232    -0.059
-698.883    -513.732    -0.059
-698.904    -513.233    -0.059
-698.925    -512.733    -0.059
-698.945    -512.233    -0.059
-698.966    -511.734    -0.059
-698.988    -511.234    -0.059
-699.009    -510.734    -0.059
-699.029    -510.235    -0.059
-699.051    -509.735    -0.059
-699.072    -509.237    -0.059
-699.093    -508.737    -0.059
-699.113    -508.237    -0.059
-699.134    -507.738    -0.059
-699.156    -507.238    -0.059
-699.177    -506.739    -0.058
-699.196    -506.239    -0.058
-699.217    -505.739    -0.058
-699.237    -505.240    -0.058
-699.258    -504.740    -0.058
-699.277    -504.241    -0.058
-699.297    -503.741    -0.058
-699.317    -503.241    -0.058
-699.338    -502.743    -0.058
-699.357    -502.243    -0.058
-699.378    -501.743    -0.058
-699.398    -501.244    -0.058
-699.418    -500.744    -0.058
-699.438    -500.245    -0.058
-699.459    -499.745    -0.058
-699.479    -499.245    -0.058
-699.499    -498.746    -0.058
-699.519    -498.246    -0.058
-699.540    -497.746    -0.058
-699.560    -497.247    -0.058
-699.580    -496.747    -0.058
-699.600    -496.249    -0.058
-699.621    -495.749    -0.058
-699.640    -495.249    -0.058
-699.656    -494.750    -0.058
-699.673    -494.250    -0.058
-699.691    -493.750    -0.058
-699.708    -493.251    -0.057
-699.725    -492.751    -0.057
-699.742    -492.251    -0.057
-699.760    -491.751    -0.057
-699.777    -491.252    -0.057
-699.793    -490.752    -0.057
-699.811    -490.252    -0.057
-699.828    -489.753    -0.057
-699.845    -489.253    -0.057
-699.861    -488.753    -0.057
-699.878    -488.254    -0.057
-699.896    -487.754    -0.057
-699.912    -487.254    -0.057
-699.929    -486.754    -0.057
-699.947    -486.255    -0.057
-699.965    -485.755    -0.057
-699.981    -485.255    -0.057
-699.998    -484.756    -0.057
-700.016    -484.256    -0.057
-700.033    -483.756    -0.057
-700.049    -483.257    -0.057
-700.066    -482.757    -0.057
-700.084    -482.257    -0.057
-700.101    -481.758    -0.057
-700.118    -481.258    -0.057
-700.135    -480.758    -0.057
-700.152    -480.259    -0.057
-700.170    -479.760    -0.056
-700.186    -479.260    -0.056
-700.203    -478.760    -0.056
-700.221    -478.261    -0.056
-700.238    -477.761    -0.056
-700.254    -477.261    -0.056
-700.271    -476.762    -0.056
-700.289    -476.262    -0.056
-700.306    -475.762    -0.056
-700.323    -475.263    -0.056
-700.340    -474.763    -0.056
-700.357    -474.263    -0.056
-700.375    -473.763    -0.056
-700.391    -473.264    -0.056
-700.408    -472.764    -0.056
-700.426    -472.264    -0.056
-700.443    -471.765    -0.056
-700.459    -471.265    -0.056
-700.477    -470.765    -0.056
-700.494    -470.266    -0.056
-700.510    -469.766    -0.056
-700.528    -469.266    -0.056
-700.545    -468.766    -0.056
-700.562    -468.267    -0.056
-700.578    -467.767    -0.056
-700.596    -467.267    -0.056
-700.613    -466.768    -0.056
-700.631    -466.268    -0.056
-700.647    -465.768    -0.055
-700.664    -465.269    -0.055
-700.682    -464.769    -0.055
-700.699    -464.269    -0.055
-700.715    -463.770    -0.055
-700.733    -463.270    -0.055
-700.750    -462.771    -0.055
-700.767    -462.271    -0.055
-700.784    -461.772    -0.055
-700.801    -461.272    -0.055
-700.818    -460.772    -0.055
-700.835    -460.273    -0.055
-700.852    -459.773    -0.055
-700.869    -459.273    -0.055
-700.887    -458.774    -0.055
-700.906    -458.274    -0.055
-700.924    -457.774    -0.055
-700.943    -457.275    -0.055
-700.962    -456.775    -0.055
-700.981    -456.275    -0.055
-701.000    -455.776    -0.055
-701.019    -455.276    -0.055
-701.038    -454.776    -0.055
-701.056    -454.277    -0.055
-701.075    -453.777    -0.055
-701.094    -453.277    -0.055
-701.113    -452.778    -0.055
-701.131    -452.278    -0.055
-701.150    -451.778    -0.055
-701.169    -451.279    -0.055
-701.189    -450.780    -0.054
-701.207    -450.280    -0.054
-701.226    -449.781    -0.054
-701.246    -449.281    -0.054
-701.265    -448.782    -0.054
-701.283    -448.282    -0.054
-701.301    -447.782    -0.054
-701.321    -447.283    -0.054
-701.340    -446.783    -0.054
-701.358    -446.283    -0.054
-701.377    -445.784    -0.054
-701.396    -445.284    -0.054
-701.415    -444.784    -0.054
-701.434    -444.285    -0.054
-701.452    -443.785    -0.054
-701.471    -443.285    -0.054
-701.491    -442.786    -0.054
-701.509    -442.286    -0.054
-701.528    -441.786    -0.054
-701.547    -441.288    -0.054
-701.565    -440.788    -0.054
-701.584    -440.288    -0.054
-701.603    -439.789    -0.054
-701.622    -439.289    -0.054
-701.640    -438.789    -0.054
-701.660    -438.290    -0.054
-701.679    -437.790    -0.054
-701.698    -437.290    -0.054
-701.716    -436.791    -0.054
-701.735    -436.291    -0.054
-701.754    -435.792    -0.053
-701.773    -435.292    -0.053
-701.791    -434.792    -0.053
-701.810    -434.293    -0.053
-701.830    -433.793    -0.053
-701.849    -433.293    -0.053
-701.867    -432.794    -0.053
-701.886    -432.294    -0.053
-701.905    -431.794    -0.053
-701.924    -431.296    -0.053
-701.942    -430.796    -0.053
-701.961    -430.296    -0.053
-701.981    -429.797    -0.053
-702.000    -429.297    -0.053
-702.018    -428.797    -0.053
-702.037    -428.298    -0.053
-702.056    -427.798    -0.053
-702.074    -427.298    -0.053
-702.093    -426.799    -0.053
-702.112    -426.299    -0.053
-702.131    -425.799    -0.053
-702.150    -425.300    -0.053
-702.169    -424.800    -0.053
-702.188    -424.300    -0.053
-702.207    -423.801    -0.053
-702.225    -423.301    -0.053
-702.244    -422.802    -0.053
-702.263    -422.302    -0.053
-702.282    -421.802    -0.053
-702.301    -421.304    -0.053
-702.320    -420.804    -0.053
-702.338    -420.304    -0.053
-702.354    -419.805    -0.052
-702.369    -419.305    -0.052
-702.386    -418.805    -0.052
-702.402    -418.305    -0.052
-702.418    -417.806    -0.052
-702.434    -417.306    -0.052
-702.450    -416.806    -0.052
-702.467    -416.306    -0.052
-702.483    -415.807    -0.052
-702.498    -415.307    -0.052
-702.514    -414.807    -0.052
-702.531    -414.308    -0.052
-702.547    -413.808    -0.052
-702.563    -413.308    -0.052
-702.579    -412.808    -0.052
-702.596    -412.309    -0.052
-702.612    -411.809    -0.052
-702.627    -411.309    -0.052
-702.644    -410.810    -0.052
-702.660    -410.310    -0.052
-702.675    -409.810    -0.052
-702.692    -409.310    -0.052
-702.708    -408.811    -0.052
-702.724    -408.311    -0.052
-702.740    -407.811    -0.052
-702.757    -407.312    -0.052
-702.773    -406.812    -0.052
-702.789    -406.312    -0.052
-702.805    -405.812    -0.052
-702.821    -405.313    -0.052
-702.837    -404.813    -0.052
-702.854    -404.313    -0.052
-702.870    -403.814    -0.052
-702.886    -403.314    -0.051
-702.902    -402.814    -0.051
-702.919    -402.314    -0.051
-702.934    -401.815    -0.051
-702.950    -401.315    -0.051
-702.967    -400.815    -0.051
-702.983    -400.316    -0.051
-702.998    -399.816    -0.051
-703.015    -399.316    -0.051
-703.032    -398.816    -0.051
-703.048    -398.317    -0.051
-703.064    -397.817    -0.051
-703.080    -397.318    -0.051
-703.096    -396.819    -0.051
-703.113    -396.319    -0.051
-703.128    -395.819    -0.051
-703.144    -395.319    -0.051
-703.161    -394.820    -0.051
-703.177    -394.320    -0.051
-703.192    -393.820    -0.051
-703.209    -393.320    -0.051
-703.225    -392.821    -0.051
-703.241    -392.321    -0.051
-703.257    -391.821    -0.051
-703.274    -391.322    -0.051
-703.290    -390.822    -0.051
-703.306    -390.322    -0.051
-703.322    -389.822    -0.051
-703.339    -389.323    -0.051
-703.355    -388.823    -0.051
-703.370    -388.323    -0.051
-703.386    -387.824    -0.051
-703.403    -387.324    -0.051
-703.419    -386.824    -0.051
-703.435    -386.324    -0.050
-703.451    -385.825    -0.050
-703.467    -385.325    -0.050
-703.484    -384.825    -0.050
-703.500    -384.326    -0.050
-703.516    -383.826    -0.050
-703.532    -383.326    -0.050
-703.548    -382.826    -0.050
-703.564    -382.327    -0.050
-703.580    -381.827    -0.050
-703.596    -381.327    -0.050
-703.611    -380.828    -0.050
-703.625    -380.328    -0.050
-703.640    -379.828    -0.050
-703.655    -379.328    -0.050
-703.670    -378.829    -0.050
-703.684    -378.329    -0.050
-703.699    -377.829    -0.050
-703.714    -377.329    -0.050
-703.729    -376.830    -0.050
-703.743    -376.330    -0.050
-703.757    -375.830    -0.050
-703.772    -375.330    -0.050
-703.787    -374.830    -0.050
-703.801    -374.331    -0.050
-703.816    -373.831    -0.050
-703.831    -373.331    -0.050
-703.844    -372.831    -0.050
-703.859    -372.332    -0.050
-703.874    -371.832    -0.050
-703.889    -371.332    -0.050
-703.903    -370.832    -0.050
-703.918    -370.333    -0.050
-703.932    -369.833    -0.050
-703.947    -369.333    -0.050
-703.961    -368.833    -0.049
-703.976    -368.334    -0.049
-703.991    -367.834    -0.049
-704.006    -367.334    -0.049
-704.020    -366.834    -0.049
-704.035    -366.335    -0.049
-704.050    -365.835    -0.049
-704.064    -365.335    -0.049
-704.078    -364.835    -0.049
-704.093    -364.336    -0.049
-704.108    -363.836    -0.049
-704.123    -363.336    -0.049
-704.137    -362.836    -0.049
-704.152    -362.337    -0.049
-704.167    -361.837    -0.049
-704.182    -361.337    -0.049
-704.196    -360.837    -0.049
-704.210    -360.338    -0.049
-704.225    -359.838    -0.049
-704.240    -359.338    -0.049
-704.254    -358.839    -0.049
-704.269    -358.340    -0.049
-704.283    -357.840    -0.049
-704.298    -357.340    -0.049
-704.312    -356.840    -0.049
-704.327    -356.341    -0.049
-704.342    -355.841    -0.049
-704.357    -355.341    -0.049
-704.371    -354.841    -0.049
-704.386    -354.342    -0.049
-704.401    -353.842    -0.049
-704.414    -353.342    -0.049
-704.429    -352.842    -0.049
-704.444    -352.343    -0.049
-704.459    -351.843    -0.049
-704.473    -351.343    -0.049
-704.488    -350.843    -0.049
-704.503    -350.344    -0.049
-704.517    -349.844    -0.048
-704.531    -349.344    -0.048
-704.546    -348.844    -0.048
-704.561    -348.345    -0.048
-704.576    -347.845    -0.048
-704.590    -347.345    -0.048
-704.607    -346.845    -0.048
-704.623    -346.346    -0.048
-704.639    -345.846    -0.048
-704.655    -345.346    -0.048
-704.671    -344.846    -0.048
-704.688    -344.347    -0.048
-704.704    -343.847    -0.048
-704.720    -343.347    -0.048
-704.736    -342.848    -0.048
-704.753    -342.348    -0.048
-704.769    -341.848    -0.048
-704.785    -341.348    -0.048
-704.801    -340.849    -0.048
-704.818    -340.349    -0.048
-704.834    -339.849    -0.048
-704.850    -339.350    -0.048
-704.866    -338.850    -0.048
-704.883    -338.350    -0.048
-704.899    -337.850    -0.048
-704.915    -337.351    -0.048
-704.932    -336.851    -0.048
-704.948    -336.351    -0.048
-704.964    -335.852    -0.048
-704.980    -335.352    -0.048
-704.997    -334.852    -0.048
-705.013    -334.352    -0.048
-705.029    -333.853    -0.048
-705.045    -333.353    -0.048
-705.062    -332.853    -0.048
-705.078    -332.354    -0.048
-705.094    -331.854    -0.048
-705.102    -331.354    -0.048
-705.109    -330.854    -0.048
-705.116    -330.354    -0.048
-705.121    -329.854    -0.047
-705.128    -329.354    -0.047
-705.135    -328.855    -0.047
-705.141    -328.355    -0.047
-705.147    -327.855    -0.047
-705.154    -327.355    -0.047
-705.160    -326.855    -0.047
-705.167    -326.356    -0.047
-705.173    -325.856    -0.047
-705.180    -325.356    -0.047
-705.187    -324.856    -0.047
-705.193    -324.356    -0.047
-705.199    -323.856    -0.047
-705.205    -323.356    -0.047
-705.212    -322.856    -0.047
-705.223    -322.356    -0.047
-705.236    -321.856    -0.047
-705.250    -321.357    -0.047
-705.265    -320.857    -0.047
-705.279    -320.357    -0.047
-705.292    -319.857    -0.047
-705.306    -319.357    -0.047
-705.320    -318.858    -0.047
-705.335    -318.358    -0.047
-705.348    -317.858    -0.047
-705.362    -317.358    -0.047
-705.376    -316.859    -0.047
-705.390    -316.359    -0.047
-705.403    -315.859    -0.047
-705.417    -315.359    -0.047
-705.432    -314.860    -0.047
-705.446    -314.360    -0.047
-705.459    -313.860    -0.047
-705.473    -313.360    -0.047
-705.488    -312.860    -0.047
-705.503    -312.361    -0.047
-705.517    -311.861    -0.047
-705.532    -311.361    -0.047
-705.547    -310.861    -0.047
-705.561    -310.362    -0.047
-705.576    -309.862    -0.047
-705.591    -309.362    -0.047
-705.606    -308.862    -0.046
-705.620    -308.363    -0.046
-705.635    -307.863    -0.046
-705.650    -307.363    -0.046
-705.665    -306.863    -0.046
-705.678    -306.364    -0.046
-705.693    -305.864    -0.046
-705.708    -305.364    -0.046
-705.723    -304.864    -0.046
-705.737    -304.365    -0.046
-705.752    -303.865    -0.046
-705.767    -303.365    -0.046
-705.782    -302.865    -0.046
-705.796    -302.366    -0.046
-705.811    -301.866    -0.046
-705.826    -301.366    -0.046
-705.841    -300.866    -0.046
-705.855    -300.367    -0.046
-705.870    -299.867    -0.046
-705.884    -299.367    -0.046
-705.899    -298.867    -0.046
-705.913    -298.368    -0.046
-705.928    -297.868    -0.046
-705.943    -297.368    -0.046
-705.958    -296.868    -0.046
-705.972    -296.369    -0.046
-705.987    -295.869    -0.046
-706.002    -295.369    -0.046
-706.016    -294.869    -0.046
-706.031    -294.370    -0.046
-706.046    -293.870    -0.046
-706.061    -293.370    -0.046
-706.076    -292.870    -0.046
-706.089    -292.371    -0.046
-706.104    -291.871    -0.046
-706.119    -291.371    -0.046
-706.134    -290.871    -0.046
-706.148    -290.372    -0.046
-706.163    -289.872    -0.046
-706.178    -289.372    -0.046
-706.192    -288.872    -0.046
-706.206    -288.373    -0.046
-706.221    -287.873    -0.046
-706.236    -287.373    -0.046
-706.250    -286.873    -0.046
-706.265    -286.374    -0.046
-706.280    -285.874    -0.045
-706.295    -285.374    -0.045
-706.309    -284.874    -0.045
-706.324    -284.375    -0.045
-706.339    -283.875    -0.045
-706.354    -283.375    -0.045
-706.368    -282.875    -0.045
-706.383    -282.376    -0.045
-706.398    -281.876    -0.045
-706.413    -281.377    -0.045
-706.427    -280.877    -0.045
-706.442    -280.378    -0.045
-706.457    -279.878    -0.045
-706.472    -279.378    -0.045
-706.486    -278.878    -0.045
-706.501    -278.379    -0.045
-706.515    -277.879    -0.045
-706.528    -277.379    -0.045
-706.541    -276.879    -0.045
-706.554    -276.379    -0.045
-706.567    -275.880    -0.045
-706.580    -275.380    -0.045
-706.592    -274.880    -0.045
-706.606    -274.380    -0.045
-706.619    -273.881    -0.045
-706.631    -273.381    -0.045
-706.643    -272.881    -0.045
-706.656    -272.381    -0.045
-706.670    -271.881    -0.045
-706.683    -271.382    -0.045
-706.695    -270.882    -0.045
-706.708    -270.382    -0.045
-706.722    -269.882    -0.045
-706.735    -269.382    -0.045
-706.746    -268.883    -0.045
-706.759    -268.383    -0.045
-706.773    -267.883    -0.045
-706.785    -267.383    -0.045
-706.798    -266.883    -0.045
-706.811    -266.384    -0.045
-706.824    -265.884    -0.045
-706.836    -265.384    -0.045
-706.850    -264.884    -0.045
-706.863    -264.384    -0.045
-706.876    -263.885    -0.045
-706.888    -263.385    -0.045
-706.901    -262.885    -0.045
-706.915    -262.385    -0.045
-706.928    -261.885    -0.045
-706.940    -261.386    -0.045
-706.953    -260.886    -0.044
-706.965    -260.386    -0.044
-706.979    -259.886    -0.044
-706.991    -259.386    -0.044
-707.004    -258.887    -0.044
-707.017    -258.387    -0.044
-707.030    -257.887    -0.044
-707.042    -257.387    -0.044
-707.055    -256.888    -0.044
-707.068    -256.388    -0.044
-707.081    -255.888    -0.044
-707.094    -255.388    -0.044
-707.107    -254.888    -0.044
-707.120    -254.389    -0.044
-707.133    -253.889    -0.044
-707.145    -253.389    -0.044
-707.159    -252.889    -0.044
-707.172    -252.389    -0.044
-707.185    -251.890    -0.044
-707.197    -251.390    -0.044
-707.210    -250.890    -0.044
-707.224    -250.390    -0.044
-707.239    -249.890    -0.044
-707.253    -249.391    -0.044
-707.268    -248.891    -0.044
-707.283    -248.391    -0.044
-707.298    -247.891    -0.044
-707.312    -247.392    -0.044
-707.327    -246.892    -0.044
-707.342    -246.392    -0.044
-707.357    -245.892    -0.044
-707.371    -245.393    -0.044
-707.386    -244.893    -0.044
-707.401    -244.393    -0.044
-707.416    -243.893    -0.044
-707.430    -243.394    -0.044
-707.445    -242.894    -0.044
-707.460    -242.394    -0.044
-707.475    -241.894    -0.044
-707.490    -241.395    -0.044
-707.505    -240.895    -0.044
-707.520    -240.395    -0.044
-707.534    -239.895    -0.044
-707.549    -239.396    -0.044
-707.565    -238.896    -0.044
-707.580    -238.396    -0.044
-707.595    -237.897    -0.044
-707.610    -237.397    -0.044
-707.626    -236.897    -0.044
-707.642    -236.397    -0.044
-707.656    -235.898    -0.044
-707.672    -235.398    -0.044
-707.688    -234.898    -0.044
-707.703    -234.398    -0.044
-707.718    -233.899    -0.044
-707.734    -233.399    -0.044
-707.749    -232.899    -0.043
-707.765    -232.399    -0.043
-707.780    -231.900    -0.043
-707.795    -231.400    -0.043
-707.811    -230.900    -0.043
-707.826    -230.400    -0.043
-707.841    -229.901    -0.043
-707.856    -229.401    -0.043
-707.872    -228.901    -0.043
-707.887    -228.402    -0.043
-707.902    -227.902    -0.043
-707.918    -227.402    -0.043
-707.933    -226.902    -0.043
-707.949    -226.403    -0.043
-707.964    -225.903    -0.043
-707.979    -225.403    -0.043
-707.995    -224.903    -0.043
-708.011    -224.404    -0.043
-708.025    -223.904    -0.043
-708.041    -223.404    -0.043
-708.057    -222.904    -0.043
-708.072    -222.405    -0.043
-708.087    -221.905    -0.043
-708.103    -221.405    -0.043
-708.118    -220.906    -0.043
-708.133    -220.406    -0.043
-708.148    -219.906    -0.043
-708.163    -219.406    -0.043
-708.179    -218.907    -0.043
-708.194    -218.407    -0.043
-708.209    -217.907    -0.043
-708.225    -217.407    -0.043
-708.240    -216.908    -0.043
-708.255    -216.408    -0.043
-708.271    -215.908    -0.043
-708.286    -215.408    -0.043
-708.302    -214.909    -0.043
-708.316    -214.410    -0.043
-708.332    -213.910    -0.043
-708.348    -213.410    -0.043
-708.364    -212.911    -0.043
-708.378    -212.411    -0.043
-708.394    -211.911    -0.043
-708.409    -211.412    -0.043
-708.425    -210.912    -0.043
-708.439    -210.412    -0.043
-708.454    -209.912    -0.043
-708.468    -209.413    -0.043
-708.482    -208.913    -0.043
-708.495    -208.413    -0.043
-708.510    -207.913    -0.043
-708.523    -207.413    -0.043
-708.537    -206.914    -0.043
-708.550    -206.414    -0.043
-708.565    -205.914    -0.043
-708.579    -205.414    -0.043
-708.593    -204.915    -0.043
-708.606    -204.415    -0.043
-708.620    -203.915    -0.043
-708.635    -203.415    -0.043
-708.649    -202.916    -0.043
-708.662    -202.416    -0.043
-708.677    -201.916    -0.043
-708.691    -201.416    -0.043
-708.704    -200.916    -0.042
-708.718    -200.417    -0.042
-708.733    -199.917    -0.042
-708.748    -199.417    -0.042
-708.762    -198.917    -0.042
-708.777    -198.418    -0.042
-708.792    -197.918    -0.042
-708.807    -197.418    -0.042
-708.821    -196.918    -0.042
-708.836    -196.419    -0.042
-708.851    -195.919    -0.042
-708.866    -195.419    -0.042
-708.881    -194.919    -0.042
-708.896    -194.420    -0.042
-708.911    -193.920    -0.042
-708.926    -193.420    -0.042
-708.940    -192.920    -0.042
-708.955    -192.421    -0.042
-708.970    -191.921    -0.042
-708.985    -191.421    -0.042
-708.999    -190.921    -0.042
-709.014    -190.422    -0.042
-709.029    -189.922    -0.042
-709.044    -189.422    -0.042
-709.059    -188.922    -0.042
-709.074    -188.423    -0.042
-709.089    -187.923    -0.042
-709.104    -187.423    -0.042
-709.118    -186.923    -0.042
-709.133    -186.424    -0.042
-709.148    -185.924    -0.042
-709.164    -185.424    -0.042
-709.177    -184.924    -0.042
-709.192    -184.425    -0.042
-709.207    -183.925    -0.042
-709.222    -183.425    -0.042
-709.236    -182.925    -0.042
-709.251    -182.426    -0.042
-709.267    -181.926    -0.042
-709.282    -181.426    -0.042
-709.296    -180.926    -0.042
-709.311    -180.427    -0.042
-709.327    -179.927    -0.042
-709.342    -179.427    -0.042
-709.355    -178.927    -0.042
-709.370    -178.428    -0.042
-709.386    -177.928    -0.042
-709.400    -177.428    -0.042
-709.415    -176.929    -0.042
-709.430    -176.429    -0.042
-709.445    -175.929    -0.042
-709.459    -175.429    -0.042
-709.474    -174.930    -0.042
-709.489    -174.430    -0.042
-709.504    -173.930    -0.042
-709.519    -173.430    -0.042
-709.534    -172.931    -0.042
-709.549    -172.431    -0.042
-709.564    -171.931    -0.042
-709.578    -171.431    -0.042
-709.593    -170.932    -0.042
-709.608    -170.432    -0.042
-709.623    -169.932    -0.042
-709.637    -169.432    -0.042
-709.652    -168.933    -0.042
-709.667    -168.433    -0.042
-709.683    -167.933    -0.042
-709.699    -167.433    -0.042
-709.715    -166.934    -0.042
-709.732    -166.434    -0.042
-709.748    -165.934    -0.042
-709.764    -165.434    -0.042
-709.781    -164.935    -0.042
-709.797    -164.435    -0.042
-709.814    -163.936    -0.042
-709.829    -163.437    -0.042
-709.846    -162.937    -0.042
-709.863    -162.437    -0.042
-709.880    -161.938    -0.042
-709.895    -161.438    -0.042
-709.912    -160.938    -0.041
-709.928    -160.438    -0.041
-709.945    -159.939    -0.041
-709.960    -159.439    -0.041
-709.977    -158.939    -0.041
-709.994    -158.440    -0.041
-710.009    -157.940    -0.041
-710.026    -157.440    -0.041
-710.042    -156.940    -0.041
-710.059    -156.441    -0.041
-710.075    -155.941    -0.041
-710.091    -155.441    -0.041
-710.108    -154.942    -0.041
-710.125    -154.442    -0.041
-710.140    -153.942    -0.041
-710.157    -153.442    -0.041
-710.174    -152.943    -0.041
-710.190    -152.443    -0.041
-710.206    -151.943    -0.041
-710.222    -151.444    -0.041
-710.239    -150.944    -0.041
-710.256    -150.444    -0.041
-710.272    -149.944    -0.041
-710.288    -149.445    -0.041
-710.304    -148.945    -0.041
-710.321    -148.445    -0.041
-710.336    -147.946    -0.041
-710.353    -147.446    -0.041
-710.370    -146.946    -0.041
-710.386    -146.446    -0.041
-710.402    -145.947    -0.041
-710.419    -145.447    -0.041
-710.436    -144.947    -0.041
-710.452    -144.448    -0.041
-710.468    -143.948    -0.041
-710.484    -143.448    -0.041
-710.501    -142.948    -0.041
-710.518    -142.449    -0.041
-710.533    -141.949    -0.041
-710.550    -141.449    -0.041
-710.567    -140.950    -0.041
-710.583    -140.451    -0.041
-710.598    -139.951    -0.041
-710.612    -139.451    -0.041
-710.625    -138.952    -0.041
-710.636    -138.452    -0.041
-710.648    -137.952    -0.041
-710.660    -137.452    -0.041
-710.672    -136.952    -0.041
-710.683    -136.452    -0.041
-710.695    -135.953    -0.041
-710.707    -135.453    -0.041
-710.720    -134.953    -0.041
-710.731    -134.453    -0.041
-710.743    -133.953    -0.041
-710.755    -133.454    -0.041
-710.767    -132.954    -0.041
-710.778    -132.454    -0.041
-710.790    -131.954    -0.041
-710.803    -131.454    -0.041
-710.816    -130.955    -0.041
-710.828    -130.455    -0.041
-710.842    -129.955    -0.041
-710.855    -129.455    -0.041
-710.868    -128.955    -0.041
-710.880    -128.456    -0.041
-710.893    -127.956    -0.041
-710.907    -127.456    -0.041
-710.920    -126.956    -0.041
-710.932    -126.456    -0.041
-710.946    -125.957    -0.041
-710.959    -125.457    -0.041
-710.972    -124.957    -0.041
-710.984    -124.457    -0.041
-710.997    -123.957    -0.041
-711.011    -123.458    -0.041
-711.024    -122.958    -0.041
-711.036    -122.458    -0.041
-711.049    -121.958    -0.041
-711.062    -121.458    -0.041
-711.076    -120.959    -0.041
-711.088    -120.459    -0.041
-711.101    -119.959    -0.041
-711.114    -119.459    -0.041
-711.127    -118.960    -0.041
-711.139    -118.460    -0.041
-711.152    -117.960    -0.041
-711.166    -117.460    -0.041
-711.179    -116.960    -0.041
-711.191    -116.461    -0.041
-711.204    -115.961    -0.041
-711.218    -115.461    -0.041
-711.231    -114.961    -0.041
-711.243    -114.461    -0.041
-711.257    -113.962    -0.041
-711.270    -113.462    -0.041
-711.282    -112.962    -0.041
-711.295    -112.462    -0.041
-711.308    -111.962    -0.041
-711.322    -111.463    -0.041
-711.335    -110.963    -0.041
-711.348    -110.463    -0.041
-711.362    -109.963    -0.041
-711.376    -109.464    -0.041
-711.389    -108.964    -0.041
-711.403    -108.464    -0.041
-711.417    -107.964    -0.041
-711.430    -107.464    -0.041
-711.443    -106.965    -0.041
-711.457    -106.465    -0.041
-711.470    -105.965    -0.041
-711.484    -105.465    -0.041
-711.496    -104.966    -0.041
-711.510    -104.466    -0.040
-711.524    -103.966    -0.040
-711.538    -103.466    -0.040
-711.550    -102.966    -0.040
-711.564    -102.467    -0.040
-711.578    -101.967    -0.040
-711.592    -101.467    -0.040
-711.604    -100.967    -0.040
-711.618    -100.468    -0.040
-711.632    -99.968    -0.040
-711.646    -99.468    -0.040
-711.658    -98.968    -0.040
-711.672    -98.468    -0.040
-711.685    -97.969    -0.040
-711.699    -97.469    -0.040
-711.712    -96.969    -0.040
-711.726    -96.469    -0.040
-711.740    -95.969    -0.040
-711.753    -95.470    -0.040
-711.766    -94.970    -0.040
-711.780    -94.470    -0.040
-711.794    -93.970    -0.040
-711.807    -93.471    -0.040
-711.820    -92.971    -0.040
-711.834    -92.471    -0.040
-711.847    -91.971    -0.040
-711.861    -91.471    -0.040
-711.874    -90.972    -0.040
-711.887    -90.472    -0.040
-711.901    -89.972    -0.040
-711.915    -89.472    -0.040
-711.927    -88.973    -0.040
-711.941    -88.473    -0.040
-711.955    -87.973    -0.040
-711.969    -87.473    -0.040
-711.981    -86.973    -0.040
-711.995    -86.474    -0.040
-712.008    -85.974    -0.040
-712.021    -85.474    -0.040
-712.035    -84.974    -0.040
-712.049    -84.475    -0.040
-712.062    -83.975    -0.040
-712.075    -83.475    -0.040
-712.089    -82.975    -0.040
-712.103    -82.475    -0.040
-712.117    -81.976    -0.040
-712.129    -81.476    -0.040
-712.143    -80.976    -0.040
-712.157    -80.476    -0.040
-712.170    -79.977    -0.040
-712.183    -79.477    -0.040
-712.197    -78.977    -0.040
-712.210    -78.477    -0.040
-712.224    -77.977    -0.040
-712.237    -77.478    -0.040
-712.250    -76.978    -0.040
-712.264    -76.478    -0.040
-712.278    -75.978    -0.040
-712.290    -75.478    -0.040
-712.304    -74.979    -0.040
-712.317    -74.479    -0.040
-712.331    -73.979    -0.040
-712.344    -73.479    -0.040
-712.358    -72.980    -0.040
-712.371    -72.480    -0.040
-712.385    -71.980    -0.040
-712.398    -71.480    -0.040
-712.412    -70.980    -0.040
-712.426    -70.481    -0.040
-712.440    -69.981    -0.040
-712.452    -69.481    -0.040
-712.466    -68.981    -0.040
-712.480    -68.482    -0.040
-712.493    -67.982    -0.040
-712.506    -67.482    -0.040
-712.520    -66.982    -0.040
-712.533    -66.482    -0.040
-712.547    -65.983    -0.040
-712.560    -65.483    -0.040
-712.573    -64.983    -0.040
-712.587    -64.483    -0.040
-712.601    -63.984    -0.040
-712.613    -63.484    -0.040
-712.627    -62.984    -0.040
-712.641    -62.484    -0.040
-712.654    -61.984    -0.040
-712.667    -61.485    -0.040
-712.681    -60.985    -0.040
-712.695    -60.485    -0.040
-712.707    -59.985    -0.040
-712.721    -59.486    -0.040
-712.735    -58.986    -0.040
-712.749    -58.486    -0.040
-712.761    -57.986    -0.040
-712.775    -57.486    -0.040
-712.789    -56.987    -0.040
-712.802    -56.487    -0.040
-712.815    -55.987    -0.040
-712.829    -55.487    -0.040
-712.842    -54.987    -0.040
-712.856    -54.488    -0.040
-712.869    -53.988    -0.040
-712.883    -53.488    -0.040
-712.897    -52.988    -0.040
-712.910    -52.489    -0.040
-712.923    -51.989    -0.040
-712.936    -51.489    -0.040
-712.950    -50.989    -0.040
-712.964    -50.489    -0.040
-712.977    -49.990    -0.040
-712.991    -49.490    -0.040
-713.005    -48.990    -0.040
-713.018    -48.490    -0.040
-713.031    -47.991    -0.040
-713.045    -47.491    -0.040
-713.058    -46.991    -0.040
-713.072    -46.491    -0.040
-713.084    -45.991    -0.040
-713.098    -45.492    -0.040
-713.112    -44.992    -0.040
-713.125    -44.492    -0.040
-713.138    -43.992    -0.040
-713.153    -43.493    -0.040
-713.168    -42.993    -0.040
-713.182    -42.493    -0.040
-713.196    -41.993    -0.040
-713.211    -41.494    -0.040
-713.225    -40.994    -0.040
-713.240    -40.494    -0.040
-713.254    -39.994    -0.040
-713.268    -39.494    -0.040
-713.283    -38.995    -0.040
-713.298    -38.495    -0.040
-713.311    -37.995    -0.040
-713.326    -37.495    -0.040
-713.341    -36.996    -0.040
-713.355    -36.496    -0.040
-713.369    -35.996    -0.040
-713.384    -35.496    -0.040
-713.398    -34.997    -0.040
-713.412    -34.497    -0.040
-713.426    -33.997    -0.040
-713.441    -33.497    -0.040
-713.455    -32.998    -0.040
-713.468    -32.498    -0.040
-713.483    -31.998    -0.040
-713.498    -31.498    -0.040
-713.513    -30.999    -0.040
-713.526    -30.499    -0.040
-713.541    -29.999    -0.040
-713.556    -29.499    -0.040
-713.570    -29.000    -0.040
-713.584    -28.500    -0.040
-713.599    -28.000    -0.040
-713.614    -27.500    -0.040
-713.629    -27.001    -0.040
-713.642    -26.501    -0.040
-713.657    -26.001    -0.040
-713.672    -25.501    -0.040
-713.687    -25.002    -0.040
-713.700    -24.502    -0.040
-713.715    -24.002    -0.040
-713.730    -23.502    -0.040
-713.745    -23.003    -0.040
-713.759    -22.503    -0.040
-713.774    -22.003    -0.040
-713.789    -21.503    -0.040
-713.804    -21.004    -0.040
-713.817    -20.504    -0.040
-713.832    -20.004    -0.040
-713.847    -19.504    -0.040
-713.862    -19.004    -0.040
-713.876    -18.505    -0.040
-713.891    -18.005    -0.040
-713.905    -17.505    -0.040
-713.920    -17.005    -0.040
-713.934    -16.506    -0.040
-713.949    -16.006    -0.040
-713.964    -15.506    -0.040
-713.979    -15.006    -0.040
-713.992    -14.507    -0.040
-714.008    -14.007    -0.040
-714.022    -13.507    -0.040
-714.037    -13.007    -0.040
-714.051    -12.508    -0.040
-714.066    -12.008    -0.040
-714.080    -11.508    -0.040
-714.095    -11.008    -0.040
-714.109    -10.510    -0.040
-714.124    -10.010    -0.040
-714.139    -9.510    -0.040
-714.152    -9.010    -0.040
-714.167    -8.511    -0.040
-714.182    -8.011    -0.040
-714.197    -7.511    -0.040
-714.211    -7.011    -0.040
-714.226    -6.512    -0.040
-714.241    -6.012    -0.040
-714.255    -5.512    -0.040
-714.269    -5.012    -0.040
-714.284    -4.513    -0.040
-714.299    -4.013    -0.040
-714.314    -3.513    -0.040
-714.328    -3.013    -0.040
-714.342    -2.514    -0.040
-714.357    -2.014    -0.040
-714.372    -1.514    -0.040
-714.386    -1.014    -0.040
-714.401    -0.515    -0.040
-714.416    -0.015    -0.040
-714.430    0.485    -0.040
-714.444    0.985    -0.040
-714.459    1.484    -0.040
-714.474    1.984    -0.040
-714.489    2.484    -0.040
-714.503    2.984    -0.040
-714.518    3.483    -0.040
-714.533    3.983    -0.040
-714.548    4.483    -0.040
-714.561    4.983    -0.040
-714.576    5.482    -0.040
-714.591    5.982    -0.040
-714.606    6.482    -0.040
-714.620    6.982    -0.040
-714.635    7.481    -0.040
-714.650    7.981    -0.040
-714.665    8.481    -0.040
-714.678    8.981    -0.040
-714.693    9.480    -0.040
-714.708    9.980    -0.040
-714.723    10.480    -0.040
-714.737    10.980    -0.040
-714.752    11.479    -0.040
-714.766    11.979    -0.040
-714.781    12.479    -0.040
-714.795    12.979    -0.040
-714.808    13.479    -0.040
-714.822    13.978    -0.040
-714.834    14.478    -0.040
-714.848    14.978    -0.040
-714.861    15.478    -0.040
-714.875    15.977    -0.040
-714.888    16.477    -0.040
-714.901    16.977    -0.040
-714.915    17.477    -0.040
-714.929    17.977    -0.040
-714.941    18.476    -0.040
-714.955    18.976    -0.040
-714.968    19.476    -0.040
-714.982    19.976    -0.040
-714.994    20.476    -0.040
-715.008    20.975    -0.040
-715.021    21.475    -0.040
-715.035    21.975    -0.040
-715.048    22.475    -0.040
-715.062    22.974    -0.040
-715.075    23.474    -0.040
-715.089    23.974    -0.040
-715.101    24.474    -0.040
-715.115    24.974    -0.040
-715.128    25.473    -0.040
-715.142    25.973    -0.040
-715.154    26.473    -0.040
-715.168    26.973    -0.040
-715.181    27.472    -0.040
-715.195    27.972    -0.040
-715.208    28.472    -0.040
-715.221    28.972    -0.040
-715.235    29.472    -0.040
-715.249    29.971    -0.040
-715.261    30.471    -0.040
-715.275    30.971    -0.040
-715.288    31.471    -0.040
-715.301    31.971    -0.040
-715.314    32.470    -0.040
-715.327    32.970    -0.040
-715.340    33.470    -0.040
-715.353    33.970    -0.040
-715.365    34.470    -0.040
-715.379    34.969    -0.040
-715.392    35.469    -0.040
-715.405    35.969    -0.040
-715.418    36.469    -0.040
-715.431    36.968    -0.040
-715.444    37.468    -0.040
-715.457    37.968    -0.040
-715.470    38.468    -0.040
-715.483    38.968    -0.040
-715.496    39.467    -0.040
-715.510    39.967    -0.040
-715.522    40.467    -0.040
-715.535    40.967    -0.040
-715.549    41.467    -0.040
-715.561    41.966    -0.040
-715.574    42.466    -0.040
-715.588    42.966    -0.040
-715.601    43.466    -0.040
-715.613    43.966    -0.040
-715.627    44.465    -0.040
-715.640    44.965    -0.040
-715.653    45.465    -0.040
-715.666    45.965    -0.040
-715.679    46.464    -0.040
-715.692    46.964    -0.040
-715.705    47.464    -0.040
-715.717    47.964    -0.040
-715.731    48.464    -0.040
-715.745    48.963    -0.040
-715.758    49.463    -0.040
-715.770    49.963    -0.040
-715.783    50.463    -0.040
-715.797    50.963    -0.040
-715.810    51.462    -0.040
-715.822    51.962    -0.040
-715.835    52.462    -0.040
-715.849    52.962    -0.040
-715.862    53.462    -0.040
-715.874    53.961    -0.040
-715.888    54.461    -0.040
-715.901    54.961    -0.040
-715.914    55.461    -0.040
-715.927    55.960    -0.040
-715.940    56.460    -0.040
-715.953    56.960    -0.040
-715.967    57.460    -0.040
-715.979    57.960    -0.040
-715.992    58.459    -0.040
-716.006    58.959    -0.040
-716.019    59.459    -0.040
-716.031    59.959    -0.040
-716.045    60.459    -0.040
-716.058    60.958    -0.040
-716.071    61.458    -0.040
-716.083    61.958    -0.040
-716.096    62.458    -0.040
-716.110    62.958    -0.040
-716.123    63.457    -0.040
-716.136    63.957    -0.040
-716.149    64.457    -0.040
-716.162    64.957    -0.040
-716.175    65.456    -0.040
-716.188    65.956    -0.041
-716.201    66.456    -0.041
-716.215    66.956    -0.041
-716.228    67.456    -0.041
-716.240    67.955    -0.041
-716.253    68.455    -0.041
-716.266    68.955    -0.041
-716.280    69.455    -0.041
-716.292    69.955    -0.041
-716.305    70.454    -0.041
-716.319    70.954    -0.041
-716.331    71.454    -0.041
-716.345    71.954    -0.041
-716.358    72.454    -0.041
-716.371    72.953    -0.041
-716.383    73.453    -0.041
-716.397    73.953    -0.041
-716.410    74.453    -0.041
-716.424    74.952    -0.041
-716.436    75.452    -0.041
-716.449    75.952    -0.041
-716.462    76.452    -0.041
-716.476    76.952    -0.041
-716.488    77.451    -0.041
-716.501    77.951    -0.041
-716.515    78.451    -0.041
-716.528    78.951    -0.041
-716.540    79.451    -0.041
-716.553    79.950    -0.041
-716.566    80.450    -0.041
-716.580    80.950    -0.041
-716.592    81.450    -0.041
-716.606    81.950    -0.041
-716.619    82.449    -0.041
-716.632    82.949    -0.041
-716.644    83.449    -0.041
-716.658    83.949    -0.041
-716.671    84.448    -0.041
-716.685    84.948    -0.041
-716.697    85.448    -0.041
-716.710    85.948    -0.041
-716.724    86.448    -0.041
-716.737    86.947    -0.041
-716.749    87.447    -0.041
-716.762    87.947    -0.041
-716.775    88.447    -0.041
-716.789    88.947    -0.041
-716.801    89.446    -0.041
-716.815    89.946    -0.041
-716.828    90.446    -0.041
-716.841    90.946    -0.041
-716.853    91.446    -0.041
-716.866    91.945    -0.041
-716.879    92.445    -0.041
-716.893    92.945    -0.041
-716.905    93.445    -0.041
-716.919    93.944    -0.041
-716.932    94.444    -0.041
-716.945    94.944    -0.041
-716.957    95.444    -0.041
-716.971    95.944    -0.041
-716.984    96.443    -0.041
-716.998    96.943    -0.041
-717.010    97.443    -0.041
-717.024    97.943    -0.041
-717.037    98.443    -0.041
-717.050    98.942    -0.041
-717.063    99.442    -0.041
-717.076    99.942    -0.041
-717.089    100.442    -0.041
-717.101    100.942    -0.041
-717.115    101.441    -0.041
-717.128    101.941    -0.041
-717.141    102.441    -0.041
-717.154    102.941    -0.041
-717.167    103.440    -0.041
-717.180    103.940    -0.041
-717.193    104.440    -0.041
-717.205    104.940    -0.041
-717.219    105.440    -0.041
-717.232    105.939    -0.041
-717.245    106.439    -0.041
-717.258    106.939    -0.041
-717.271    107.439    -0.041
-717.285    107.939    -0.041
-717.298    108.438    -0.041
-717.310    108.938    -0.041
-717.323    109.438    -0.041
-717.337    109.938    -0.041
-717.350    110.438    -0.041
-717.362    110.937    -0.041
-717.376    111.437    -0.041
-717.389    111.937    -0.041
-717.402    112.437    -0.041
-717.414    112.937    -0.041
-717.428    113.436    -0.041
-717.441    113.936    -0.041
-717.454    114.436    -0.041
-717.467    114.936    -0.041
-717.480    115.435    -0.041
-717.493    115.935    -0.041
-717.507    116.435    -0.041
-717.519    116.935    -0.041
-717.532    117.435    -0.041
-717.546    117.934    -0.041
-717.559    118.434    -0.041
-717.571    118.934    -0.041
-717.584    119.434    -0.041
-717.598    119.934    -0.041
-717.611    120.433    -0.041
-717.623    120.933    -0.041
-717.636    121.433    -0.041
-717.649    121.933    -0.041
-717.663    122.433    -0.042
-717.675    122.932    -0.042
-717.688    123.432    -0.042
-717.702    123.932    -0.042
-717.715    124.432    -0.042
-717.728    124.931    -0.042
-717.741    125.431    -0.042
-717.754    125.931    -0.042
-717.768    126.431    -0.042
-717.780    126.931    -0.042
-717.793    127.430    -0.042
-717.807    127.930    -0.042
-717.820    128.430    -0.042
-717.832    128.930    -0.042
-717.845    129.430    -0.042
-717.859    129.929    -0.042
-717.871    130.429    -0.042
-717.884    130.929    -0.042
-717.898    131.429    -0.042
-717.911    131.929    -0.042
-717.923    132.428    -0.042
-717.936    132.928    -0.042
-717.950    133.428    -0.042
-717.963    133.928    -0.042
-717.976    134.427    -0.042
-717.989    134.927    -0.042
-718.002    135.427    -0.042
-718.016    135.927    -0.042
-718.028    136.427    -0.042
-718.041    136.926    -0.042
-718.054    137.426    -0.042
-718.067    137.926    -0.042
-718.080    138.426    -0.042
-718.093    138.926    -0.042
-718.107    139.425    -0.042
-718.120    139.925    -0.042
-718.132    140.425    -0.042
-718.145    140.925    -0.042
-718.159    141.425    -0.042
-718.172    141.924    -0.042
-718.184    142.424    -0.042
-718.197    142.924    -0.042
-718.211    143.424    -0.042
-718.224    143.923    -0.042
-718.236    144.423    -0.042
-718.250    144.923    -0.042
-718.263    145.423    -0.042
-718.276    145.923    -0.042
-718.289    146.422    -0.042
-718.302    146.922    -0.042
-718.315    147.422    -0.042
-718.329    147.922    -0.042
-718.341    148.422    -0.042
-718.355    148.921    -0.042
-718.368    149.421    -0.042
-718.381    149.921    -0.042
-718.393    150.421    -0.042
-718.406    150.921    -0.042
-718.420    151.420    -0.042
-718.433    151.920    -0.042
-718.445    152.420    -0.042
-718.459    152.920    -0.042
-718.472    153.419    -0.042
-718.485    153.919    -0.042
-718.498    154.419    -0.042
-718.511    154.919    -0.042
-718.524    155.419    -0.042
-718.537    155.918    -0.042
-718.550    156.418    -0.042
-718.563    156.918    -0.042
-718.577    157.418    -0.042
-718.590    157.918    -0.042
-718.602    158.417    -0.042
-718.615    158.917    -0.042
-718.629    159.417    -0.042
-718.642    159.917    -0.042
-718.654    160.417    -0.042
-718.668    160.916    -0.042
-718.681    161.416    -0.042
-718.693    161.916    -0.043
-718.706    162.416    -0.043
-718.720    162.916    -0.043
-718.733    163.415    -0.043
-718.746    163.915    -0.043
-718.759    164.415    -0.043
-718.772    164.915    -0.043
-718.785    165.414    -0.043
-718.798    165.914    -0.043
-718.811    166.414    -0.043
-718.824    166.914    -0.043
-718.838    167.414    -0.043
-718.850    167.913    -0.043
-718.863    168.413    -0.043
-718.877    168.913    -0.043
-718.890    169.413    -0.043
-718.902    169.913    -0.043
-718.916    170.412    -0.043
-718.929    170.912    -0.043
-718.942    171.412    -0.043
-718.954    171.912    -0.043
-718.967    172.412    -0.043
-718.980    172.911    -0.043
-718.994    173.411    -0.043
-719.006    173.911    -0.043
-719.019    174.411    -0.043
-719.033    174.910    -0.043
-719.046    175.410    -0.043
-719.059    175.910    -0.043
-719.072    176.410    -0.043
-719.086    176.910    -0.043
-719.099    177.409    -0.043
-719.111    177.909    -0.043
-719.124    178.409    -0.043
-719.138    178.909    -0.043
-719.151    179.408    -0.043
-719.163    179.907    -0.043
-719.177    180.407    -0.043
-719.190    180.907    -0.043
-719.203    181.407    -0.043
-719.216    181.907    -0.043
-719.229    182.406    -0.043
-719.242    182.906    -0.043
-719.256    183.406    -0.043
-719.268    183.906    -0.043
-719.281    184.405    -0.043
-719.294    184.905    -0.043
-719.308    185.405    -0.043
-719.320    185.905    -0.043
-719.333    186.405    -0.043
-719.347    186.904    -0.043
-719.360    187.404    -0.043
-719.372    187.904    -0.043
-719.385    188.404    -0.043
-719.399    188.904    -0.043
-719.411    189.403    -0.043
-719.425    189.903    -0.043
-719.438    190.403    -0.043
-719.451    190.903    -0.043
-719.463    191.403    -0.043
-719.477    191.902    -0.043
-719.490    192.402    -0.043
-719.503    192.902    -0.043
-719.515    193.402    -0.043
-719.529    193.901    -0.043
-719.542    194.401    -0.044
-719.556    194.901    -0.044
-719.568    195.401    -0.044
-719.581    195.901    -0.044
-719.594    196.400    -0.044
-719.608    196.900    -0.044
-719.620    197.400    -0.044
-719.633    197.900    -0.044
-719.646    198.400    -0.044
-719.660    198.899    -0.044
-719.672    199.399    -0.044
-719.685    199.899    -0.044
-719.699    200.399    -0.044
-719.712    200.899    -0.044
-719.724    201.398    -0.044
-719.738    201.898    -0.044
-719.751    202.398    -0.044
-719.765    202.898    -0.044
-719.777    203.397    -0.044
-719.790    203.897    -0.044
-719.803    204.397    -0.044
-719.817    204.897    -0.044
-719.829    205.397    -0.044
-719.842    205.896    -0.044
-719.856    206.396    -0.044
-719.869    206.896    -0.044
-719.881    207.396    -0.044
-719.895    207.896    -0.044
-719.908    208.395    -0.044
-719.921    208.895    -0.044
-719.933    209.395    -0.044
-719.948    209.895    -0.044
-719.963    210.394    -0.044
-719.978    210.894    -0.044
-719.993    211.394    -0.044
-720.008    211.894    -0.044
-720.023    212.393    -0.044
-720.038    212.893    -0.044
-720.053    213.393    -0.044
-720.068    213.893    -0.044
-720.083    214.392    -0.044
-720.098    214.892    -0.044
-720.112    215.392    -0.044
-720.127    215.892    -0.044
-720.142    216.391    -0.044
-720.157    216.891    -0.044
-720.172    217.391    -0.044
-720.187    217.891    -0.044
-720.202    218.390    -0.044
-720.216    218.890    -0.044
-720.232    219.390    -0.044
-720.247    219.890    -0.044
-720.262    220.389    -0.044
-720.276    220.889    -0.044
-720.291    221.389    -0.044
-720.306    221.889    -0.044
-720.322    222.388    -0.045
-720.336    222.888    -0.045
-720.351    223.388    -0.045
-720.366    223.888    -0.045
-720.381    224.387    -0.045
-720.396    224.887    -0.045
-720.411    225.387    -0.045
-720.426    225.887    -0.045
-720.441    226.386    -0.045
-720.455    226.886    -0.045
-720.470    227.386    -0.045
-720.486    227.886    -0.045
-720.501    228.385    -0.045
-720.516    228.885    -0.045
-720.531    229.385    -0.045
-720.546    229.885    -0.045
-720.561    230.384    -0.045
-720.575    230.884    -0.045
-720.590    231.384    -0.045
-720.605    231.884    -0.045
-720.621    232.383    -0.045
-720.635    232.883    -0.045
-720.650    233.383    -0.045
-720.665    233.883    -0.045
-720.680    234.382    -0.045
-720.695    234.882    -0.045
-720.710    235.382    -0.045
-720.725    235.881    -0.045
-720.740    236.381    -0.045
-720.755    236.881    -0.045
-720.770    237.381    -0.045
-720.785    237.880    -0.045
-720.800    238.380    -0.045
-720.814    238.880    -0.045
-720.829    239.380    -0.045
-720.845    239.879    -0.045
-720.860    240.379    -0.045
-720.874    240.879    -0.045
-720.889    241.379    -0.045
-720.904    241.878    -0.045
-720.919    242.378    -0.045
-720.934    242.878    -0.045
-720.949    243.378    -0.045
-720.964    243.877    -0.045
-720.979    244.377    -0.045
-720.994    244.877    -0.045
-721.008    245.377    -0.045
-721.024    245.876    -0.045
-721.038    246.376    -0.045
-721.053    246.876    -0.046
-721.068    247.376    -0.046
-721.084    247.875    -0.046
-721.098    248.375    -0.046
-721.113    248.875    -0.046
-721.128    249.375    -0.046
-721.143    249.874    -0.046
-721.158    250.374    -0.046
-721.173    250.874    -0.046
-721.188    251.374    -0.046
-721.203    251.873    -0.046
-721.217    252.373    -0.046
-721.233    252.873    -0.046
-721.248    253.372    -0.046
-721.263    253.871    -0.046
-721.277    254.371    -0.046
-721.292    254.871    -0.046
-721.308    255.371    -0.046
-721.323    255.870    -0.046
-721.337    256.370    -0.046
-721.352    256.870    -0.046
-721.367    257.370    -0.046
-721.383    257.869    -0.046
-721.397    258.369    -0.046
-721.412    258.869    -0.046
-721.427    259.369    -0.046
-721.442    259.868    -0.046
-721.456    260.368    -0.046
-721.471    260.868    -0.046
-721.486    261.368    -0.046
-721.502    261.867    -0.046
-721.516    262.367    -0.046
-721.532    262.867    -0.046
-721.546    263.367    -0.046
-721.562    263.866    -0.046
-721.576    264.366    -0.046
-721.591    264.866    -0.046
-721.606    265.365    -0.046
-721.621    265.865    -0.046
-721.635    266.365    -0.046
-721.651    266.865    -0.046
-721.666    267.364    -0.046
-721.681    267.864    -0.046
-721.696    268.364    -0.046
-721.711    268.864    -0.046
-721.726    269.363    -0.046
-721.741    269.863    -0.047
-721.755    270.363    -0.047
-721.771    270.863    -0.047
-721.786    271.362    -0.047
-721.800    271.862    -0.047
-721.815    272.362    -0.047
-721.831    272.862    -0.047
-721.846    273.361    -0.047
-721.860    273.861    -0.047
-721.875    274.361    -0.047
-721.890    274.861    -0.047
-721.905    275.360    -0.047
-721.920    275.860    -0.047
-721.935    276.360    -0.047
-721.950    276.860    -0.047
-721.965    277.359    -0.047
-721.979    277.859    -0.047
-721.994    278.359    -0.047
-722.010    278.859    -0.047
-722.025    279.358    -0.047
-722.039    279.858    -0.047
-722.054    280.358    -0.047
-722.069    280.858    -0.047
-722.084    281.357    -0.047
-722.099    281.857    -0.047
-722.114    282.357    -0.047
-722.129    282.857    -0.047
-722.144    283.356    -0.047
-722.159    283.856    -0.047
-722.173    284.356    -0.047
-722.189    284.856    -0.047
-722.204    285.355    -0.047
-722.219    285.855    -0.047
-722.234    286.355    -0.047
-722.249    286.855    -0.047
-722.264    287.354    -0.047
-722.278    287.854    -0.047
-722.293    288.354    -0.047
-722.308    288.854    -0.047
-722.324    289.353    -0.047
-722.338    289.853    -0.047
-722.353    290.353    -0.047
-722.369    290.852    -0.048
-722.384    291.352    -0.048
-722.398    291.852    -0.048
-722.413    292.352    -0.048
-722.428    292.851    -0.048
-722.443    293.351    -0.048
-722.458    293.851    -0.048
-722.473    294.351    -0.048
-722.488    294.850    -0.048
-722.503    295.350    -0.048
-722.517    295.850    -0.048
-722.532    296.350    -0.048
-722.547    296.849    -0.048
-722.562    297.349    -0.048
-722.577    297.849    -0.048
-722.592    298.349    -0.048
-722.607    298.848    -0.048
-722.622    299.348    -0.048
-722.637    299.848    -0.048
-722.652    300.348    -0.048
-722.667    300.847    -0.048
-722.681    301.347    -0.048
-722.696    301.846    -0.048
-722.711    302.346    -0.048
-722.727    302.845    -0.048
-722.741    303.345    -0.048
-722.757    303.845    -0.048
-722.772    304.345    -0.048
-722.787    304.844    -0.048
-722.800    305.344    -0.048
-722.816    305.844    -0.048
-722.831    306.344    -0.048
-722.847    306.843    -0.048
-722.861    307.343    -0.048
-722.876    307.843    -0.048
-722.891    308.343    -0.048
-722.907    308.842    -0.048
-722.921    309.342    -0.048
-722.936    309.842    -0.048
-722.951    310.342    -0.048
-722.966    310.841    -0.049
-722.980    311.341    -0.049
-722.996    311.841    -0.049
-723.011    312.341    -0.049
-723.026    312.840    -0.049
-723.040    313.340    -0.049
-723.055    313.840    -0.049
-723.071    314.340    -0.049
-723.086    314.839    -0.049
-723.100    315.339    -0.049
-723.115    315.839    -0.049
-723.130    316.339    -0.049
-723.145    316.838    -0.049
-723.159    317.338    -0.049
-723.175    317.838    -0.049
-723.190    318.337    -0.049
-723.205    318.837    -0.049
-723.219    319.337    -0.049
-723.234    319.837    -0.049
-723.249    320.336    -0.049
-723.265    320.836    -0.049
-723.279    321.336    -0.049
-723.295    321.836    -0.049
-723.310    322.335    -0.049
-723.325    322.835    -0.049
-723.338    323.335    -0.049
-723.354    323.835    -0.049
-723.369    324.334    -0.049
-723.385    324.834    -0.049
-723.399    325.334    -0.049
-723.414    325.834    -0.049
-723.429    326.333    -0.049
-723.443    326.833    -0.049
-723.459    327.333    -0.049
-723.474    327.833    -0.049
-723.489    328.332    -0.049
-723.503    328.832    -0.049
-723.518    329.332    -0.050
-723.534    329.832    -0.050
-723.549    330.331    -0.050
-723.563    330.831    -0.050
-723.578    331.331    -0.050
-723.593    331.831    -0.050
-723.608    332.330    -0.050
-723.622    332.830    -0.050
-723.637    333.330    -0.050
-723.652    333.830    -0.050
-723.668    334.329    -0.050
-723.682    334.829    -0.050
-723.697    335.329    -0.050
-723.713    335.829    -0.050
-723.728    336.328    -0.050
-723.742    336.828    -0.050
-723.757    337.328    -0.050
-723.772    337.828    -0.050
-723.787    338.327    -0.050
-723.802    338.827    -0.050
-723.817    339.327    -0.050
-723.832    339.827    -0.050
-723.847    340.326    -0.050
-723.861    340.826    -0.050
-723.876    341.326    -0.050
-723.892    341.826    -0.050
-723.907    342.325    -0.050
-723.921    342.825    -0.050
-723.937    343.325    -0.050
-723.952    343.825    -0.050
-723.967    344.324    -0.050
-723.981    344.824    -0.050
-723.996    345.324    -0.050
-724.012    345.823    -0.050
-724.027    346.323    -0.050
-724.041    346.823    -0.051
-724.056    347.323    -0.051
-724.072    347.822    -0.051
-724.087    348.322    -0.051
-724.101    348.822    -0.051
-724.116    349.322    -0.051
-724.131    349.821    -0.051
-724.146    350.321    -0.051
-724.161    350.820    -0.051
-724.176    351.320    -0.051
-724.191    351.819    -0.051
-724.206    352.319    -0.051
-724.220    352.819    -0.051
-724.235    353.319    -0.051
-724.250    353.818    -0.051
-724.265    354.318    -0.051
-724.280    354.818    -0.051
-724.295    355.318    -0.051
-724.310    355.817    -0.051
-724.324    356.317    -0.051
-724.339    356.817    -0.051
-724.355    357.317    -0.051
-724.370    357.816    -0.051
-724.384    358.316    -0.051
-724.399    358.816    -0.051
-724.414    359.316    -0.051
-724.430    359.815    -0.051
-724.444    360.315    -0.051
-724.459    360.815    -0.051
-724.475    361.315    -0.051
-724.490    361.814    -0.051
-724.503    362.314    -0.051
-724.519    362.814    -0.051
-724.534    363.314    -0.051
-724.549    363.813    -0.052
-724.564    364.313    -0.052
-724.579    364.813    -0.052
-724.594    365.313    -0.052
-724.609    365.812    -0.052
-724.623    366.312    -0.052
-724.639    366.812    -0.052
-724.654    367.312    -0.052
-724.669    367.811    -0.052
-724.683    368.311    -0.052
-724.699    368.811    -0.052
-724.714    369.311    -0.052
-724.729    369.810    -0.052
-724.743    370.310    -0.052
-724.758    370.810    -0.052
-724.773    371.310    -0.052
-724.788    371.809    -0.052
-724.802    372.309    -0.052
-724.818    372.809    -0.052
-724.833    373.309    -0.052
-724.848    373.808    -0.052
-724.862    374.308    -0.052
-724.877    374.808    -0.052
-724.893    375.307    -0.052
-724.908    375.807    -0.052
-724.922    376.307    -0.052
-724.937    376.807    -0.052
-724.952    377.306    -0.052
-724.968    377.806    -0.052
-724.982    378.306    -0.052
-724.997    378.806    -0.052
-725.012    379.305    -0.052
-725.027    379.805    -0.053
-725.041    380.305    -0.053
-725.057    380.805    -0.053
-725.072    381.304    -0.053
-725.087    381.804    -0.053
-725.101    382.304    -0.053
-725.116    382.804    -0.053
-725.131    383.303    -0.053
-725.146    383.803    -0.053
-725.161    384.303    -0.053
-725.177    384.803    -0.053
-725.192    385.302    -0.053
-725.206    385.802    -0.053
-725.221    386.302    -0.053
-725.236    386.802    -0.053
-725.252    387.301    -0.053
-725.266    387.801    -0.053
-725.281    388.301    -0.053
-725.296    388.801    -0.053
-725.311    389.300    -0.053
-725.326    389.800    -0.053
-725.341    390.300    -0.053
-725.356    390.800    -0.053
-725.371    391.299    -0.053
-725.385    391.799    -0.053
-725.400    392.299    -0.053
-725.416    392.799    -0.053
-725.431    393.298    -0.053
-725.445    393.798    -0.053
-725.460    394.298    -0.053
-725.475    394.798    -0.053
-725.490    395.297    -0.053
-725.505    395.797    -0.054
-725.520    396.297    -0.054
-725.535    396.797    -0.054
-725.550    397.296    -0.054
-725.564    397.796    -0.054
-725.579    398.296    -0.054
-725.595    398.796    -0.054
-725.610    399.294    -0.054
-725.624    399.794    -0.054
-725.639    400.294    -0.054
-725.654    400.794    -0.054
-725.669    401.293    -0.054
-725.684    401.793    -0.054
-725.699    402.293    -0.054
-725.715    402.792    -0.054
-725.730    403.292    -0.054
-725.744    403.792    -0.054
-725.759    404.292    -0.054
-725.774    404.791    -0.054
-725.790    405.291    -0.054
-725.804    405.791    -0.054
-725.819    406.291    -0.054
-725.834    406.790    -0.054
-725.849    407.290    -0.054
-725.863    407.790    -0.054
-725.878    408.290    -0.054
-725.893    408.789    -0.054
-725.909    409.289    -0.054
-725.923    409.789    -0.054
-725.938    410.289    -0.054
-725.953    410.788    -0.055
-725.968    411.288    -0.055
-725.983    411.788    -0.055
-725.998    412.288    -0.055
-726.013    412.787    -0.055
-726.028    413.287    -0.055
-726.043    413.787    -0.055
-726.058    414.287    -0.055
-726.073    414.786    -0.055
-726.087    415.286    -0.055
-726.102    415.786    -0.055
-726.117    416.286    -0.055
-726.133    416.785    -0.055
-726.147    417.285    -0.055
-726.162    417.785    -0.055
-726.177    418.285    -0.055
-726.192    418.784    -0.055
-726.206    419.284    -0.055
-726.222    419.784    -0.055
-726.237    420.284    -0.055
-726.252    420.783    -0.055
-726.267    421.283    -0.055
-726.282    421.783    -0.055
-726.297    422.283    -0.055
-726.312    422.782    -0.055
-726.326    423.282    -0.055
-726.341    423.782    -0.055
-726.357    424.282    -0.055
-726.372    424.781    -0.055
-726.386    425.281    -0.056
-726.401    425.781    -0.056
-726.416    426.281    -0.056
-726.432    426.780    -0.056
-726.446    427.280    -0.056
-726.461    427.780    -0.056
-726.476    428.280    -0.056
-726.491    428.779    -0.056
-726.505    429.279    -0.056
-726.521    429.779    -0.056
-726.536    430.278    -0.056
-726.551    430.778    -0.056
-726.565    431.278    -0.056
-726.581    431.778    -0.056
-726.596    432.277    -0.056
-726.611    432.777    -0.056
-726.625    433.277    -0.056
-726.640    433.777    -0.056
-726.655    434.276    -0.056
-726.671    434.776    -0.056
-726.685    435.276    -0.056
-726.700    435.776    -0.056
-726.715    436.275    -0.056
-726.730    436.775    -0.056
-726.744    437.275    -0.056
-726.760    437.775    -0.056
-726.775    438.274    -0.056
-726.790    438.774    -0.056
-726.805    439.274    -0.057
-726.820    439.774    -0.057
-726.835    440.273    -0.057
-726.849    440.773    -0.057
-726.864    441.273    -0.057
-726.880    441.773    -0.057
-726.895    442.272    -0.057
-726.909    442.772    -0.057
-726.924    443.272    -0.057
-726.939    443.772    -0.057
-726.955    444.271    -0.057
-726.969    444.771    -0.057
-726.984    445.271    -0.057
-726.999    445.771    -0.057
-727.014    446.270    -0.057
-727.028    446.770    -0.057
-727.044    447.270    -0.057
-727.059    447.770    -0.057
-727.074    448.268    -0.057
-727.088    448.768    -0.057
-727.103    449.268    -0.057
-727.119    449.768    -0.057
-727.134    450.267    -0.057
-727.148    450.767    -0.057
-727.163    451.267    -0.057
-727.178    451.767    -0.057
-727.193    452.266    -0.057
-727.208    452.766    -0.058
-727.223    453.266    -0.058
-727.238    453.766    -0.058
-727.253    454.265    -0.058
-727.267    454.765    -0.058
-727.282    455.265    -0.058
-727.298    455.765    -0.058
-727.313    456.264    -0.058
-727.327    456.764    -0.058
-727.342    457.264    -0.058
-727.357    457.764    -0.058
-727.372    458.263    -0.058
-727.387    458.763    -0.058
-727.402    459.263    -0.058
-727.417    459.762    -0.058
-727.433    460.262    -0.058
-727.447    460.762    -0.058
-727.462    461.262    -0.058
-727.477    461.761    -0.058
-727.492    462.261    -0.058
-727.506    462.761    -0.058
-727.521    463.261    -0.058
-727.537    463.760    -0.058
-727.552    464.260    -0.058
-727.566    464.760    -0.058
-727.581    465.260    -0.058
-727.596    465.759    -0.059
-727.611    466.259    -0.059
-727.626    466.759    -0.059
-727.641    467.259    -0.059
-727.656    467.758    -0.059
-727.670    468.258    -0.059
-727.685    468.758    -0.059
-727.700    469.258    -0.059
-727.715    469.757    -0.059
-727.729    470.257    -0.059
-727.744    470.757    -0.059
-727.759    471.257    -0.059
-727.774    471.756    -0.059
-727.789    472.256    -0.059
-727.804    472.756    -0.059
-727.819    473.256    -0.059
-727.834    473.755    -0.059
-727.848    474.255    -0.059
-727.863    474.755    -0.059
-727.878    475.255    -0.059
-727.893    475.754    -0.059
-727.907    476.254    -0.059
-727.923    476.754    -0.059
-727.938    477.254    -0.059
-727.953    477.753    -0.059
-727.967    478.253    -0.059
-727.982    478.753    -0.060
-727.997    479.253    -0.060
-728.012    479.752    -0.060
-728.027    480.252    -0.060
-728.042    480.752    -0.060
-728.057    481.252    -0.060
-728.073    481.751    -0.060
-728.087    482.251    -0.060
-728.102    482.751    -0.060
-728.117    483.251    -0.060
-728.132    483.750    -0.060
-728.145    484.250    -0.060
-728.161    484.750    -0.060
-728.176    485.250    -0.060
-728.191    485.749    -0.060
-728.205    486.249    -0.060
-728.220    486.749    -0.060
-728.235    487.249    -0.060
-728.251    487.748    -0.060
-728.265    488.248    -0.060
-728.280    488.748    -0.060
-728.295    489.248    -0.060
-728.310    489.747    -0.060
-728.324    490.247    -0.060
-728.339    490.747    -0.060
-728.354    491.247    -0.061
-728.370    491.746    -0.061
-728.384    492.246    -0.061
-728.399    492.746    -0.061
-728.414    493.246    -0.061
-728.430    493.745    -0.061
-728.444    494.245    -0.061
-728.459    494.745    -0.061
-728.474    495.245    -0.061
-728.489    495.744    -0.061
-728.502    496.244    -0.061
-728.518    496.744    -0.061
-728.533    497.244    -0.061
-728.548    497.743    -0.061
-728.562    498.243    -0.061
-728.577    498.742    -0.061
-728.592    499.242    -0.061
-728.606    499.741    -0.061
-728.621    500.241    -0.061
-728.636    500.741    -0.061
-728.652    501.240    -0.061
-728.666    501.740    -0.061
-728.681    502.240    -0.061
-728.696    502.740    -0.061
-728.712    503.239    -0.061
-728.726    503.739    -0.062
-728.741    504.239    -0.062
-728.756    504.739    -0.062
-728.770    505.238    -0.062
-728.785    505.738    -0.062
-728.800    506.238    -0.062
-728.815    506.738    -0.062
-728.831    507.237    -0.062
-728.844    507.737    -0.062
-728.859    508.237    -0.062
-728.874    508.737    -0.062
-728.889    509.236    -0.062
-728.903    509.736    -0.062
-728.919    510.236    -0.062
-728.934    510.736    -0.062
-728.949    511.235    -0.062
-728.963    511.735    -0.062
-728.979    512.235    -0.062
-728.994    512.735    -0.062
-729.009    513.234    -0.062
-729.023    513.734    -0.062
-729.038    514.234    -0.062
-729.053    514.734    -0.062
-729.068    515.233    -0.062
-729.082    515.733    -0.063
-729.097    516.233    -0.063
-729.112    516.733    -0.063
-729.127    517.232    -0.063
-729.141    517.732    -0.063
-729.157    518.232    -0.063
-729.172    518.732    -0.063
-729.187    519.231    -0.063
-729.201    519.731    -0.063
-729.216    520.231    -0.063
-729.232    520.731    -0.063
-729.247    521.230    -0.063
-729.261    521.730    -0.063
-729.276    522.230    -0.063
-729.291    522.730    -0.063
-729.306    523.229    -0.063
-729.321    523.729    -0.063
-729.336    524.229    -0.063
-729.351    524.729    -0.063
-729.366    525.228    -0.063
-729.380    525.728    -0.063
-729.395    526.228    -0.063
-729.410    526.728    -0.063
-729.425    527.227    -0.064
-729.439    527.727    -0.064
-729.454    528.227    -0.064
-729.469    528.727    -0.064
-729.484    529.226    -0.064
-729.499    529.726    -0.064
-729.514    530.226    -0.064
-729.529    530.726    -0.064
-729.543    531.225    -0.064
-729.558    531.725    -0.064
-729.573    532.225    -0.064
-729.589    532.725    -0.064
-729.603    533.224    -0.064
-729.618    533.724    -0.064
-729.633    534.224    -0.064
-729.648    534.724    -0.064
-729.662    535.223    -0.064
-729.677    535.723    -0.064
-729.692    536.223    -0.064
-729.707    536.723    -0.064
-729.721    537.222    -0.064
-729.736    537.722    -0.064
-729.751    538.222    -0.064
-729.767    538.722    -0.065
-729.781    539.221    -0.065
-729.796    539.721    -0.065
-729.811    540.221    -0.065
-729.826    540.721    -0.065
-729.840    541.220    -0.065
-729.855    541.720    -0.065
-729.870    542.220    -0.065
-729.885    542.720    -0.065
-729.900    543.219    -0.065
-729.915    543.719    -0.065
-729.930    544.219    -0.065
-729.945    544.719    -0.065
-729.959    545.218    -0.065
-729.974    545.718    -0.065
-729.989    546.218    -0.065
-730.005    546.717    -0.065
-730.019    547.217    -0.065
-730.034    547.717    -0.065
-730.049    548.217    -0.065
-730.064    548.716    -0.065
-730.078    549.216    -0.065
-730.093    549.715    -0.065
-730.108    550.215    -0.066
-730.124    550.714    -0.066
-730.138    551.214    -0.066
-730.153    551.714    -0.066
-730.168    552.214    -0.066
-730.183    552.713    -0.066
-730.197    553.213    -0.066
-730.212    553.713    -0.066
-730.228    554.213    -0.066
-730.243    554.712    -0.066
-730.257    555.212    -0.066
-730.272    555.712    -0.066
-730.287    556.212    -0.066
-730.302    556.711    -0.066
-730.316    557.211    -0.066
-730.331    557.711    -0.066
-730.346    558.211    -0.066
-730.362    558.710    -0.066
-730.375    559.210    -0.066
-730.391    559.710    -0.066
-730.406    560.210    -0.066
-730.420    560.709    -0.066
-730.436    561.209    -0.067
-730.451    561.709    -0.067
-730.466    562.209    -0.067
-730.480    562.708    -0.067
-730.495    563.208    -0.067
-730.510    563.708    -0.067
-730.525    564.208    -0.067
-730.540    564.707    -0.067
-730.555    565.207    -0.067
-730.570    565.707    -0.067
-730.585    566.207    -0.067
-730.599    566.706    -0.067
-730.614    567.206    -0.067
-730.629    567.706    -0.067
-730.645    568.206    -0.067
-730.659    568.705    -0.067
-730.674    569.205    -0.067
-730.689    569.705    -0.067
-730.704    570.205    -0.067
-730.719    570.704    -0.067
-730.734    571.204    -0.067
-730.749    571.704    -0.068
-730.764    572.204    -0.068
-730.779    572.703    -0.068
-730.794    573.203    -0.068
-730.809    573.703    -0.068
-730.824    574.203    -0.068
-730.838    574.702    -0.068
-730.853    575.202    -0.068
-730.868    575.702    -0.068
-730.884    576.202    -0.068
-730.898    576.701    -0.068
-730.913    577.201    -0.068
-730.928    577.701    -0.068
-730.943    578.201    -0.068
-730.957    578.700    -0.068
-730.973    579.200    -0.068
-730.988    579.700    -0.068
-731.003    580.199    -0.068
-731.017    580.699    -0.068
-731.033    581.199    -0.068
-731.048    581.699    -0.068
-731.063    582.198    -0.068
-731.077    582.698    -0.069
-731.091    583.198    -0.069
-731.105    583.698    -0.069
-731.119    584.198    -0.069
-731.132    584.697    -0.069
-731.146    585.197    -0.069
-731.160    585.697    -0.069
-731.174    586.197    -0.069
-731.187    586.696    -0.069
-731.201    587.196    -0.069
-731.215    587.696    -0.069
-731.229    588.196    -0.069
-731.242    588.696    -0.069
-731.256    589.195    -0.069
-731.270    589.695    -0.069
-731.284    590.195    -0.069
-731.297    590.695    -0.069
-731.311    591.194    -0.069
-731.325    591.694    -0.069
-731.339    592.194    -0.069
-731.352    592.694    -0.070
-731.365    593.193    -0.070
-731.379    593.693    -0.070
-731.393    594.193    -0.070
-731.407    594.693    -0.070
-731.421    595.193    -0.070
-731.435    595.692    -0.070
-731.447    596.192    -0.070
-731.461    596.692    -0.070
-731.475    597.192    -0.070
-731.490    597.691    -0.070
-731.503    598.191    -0.070
-731.516    598.691    -0.070
-731.530    599.191    -0.070
-731.544    599.691    -0.070
-731.557    600.190    -0.070
-731.571    600.690    -0.070
-731.586    601.190    -0.070
-731.600    601.690    -0.070
-731.612    602.189    -0.070
-731.626    602.689    -0.070
-731.640    603.189    -0.071
-731.654    603.689    -0.071
-731.668    604.188    -0.071
-731.681    604.688    -0.071
-731.695    605.188    -0.071
-731.710    605.688    -0.071
-731.723    606.188    -0.071
-731.737    606.687    -0.071
-731.751    607.187    -0.071
-731.765    607.687    -0.071
-731.778    608.187    -0.071
-731.792    608.686    -0.071
-731.805    609.186    -0.071
-731.819    609.686    -0.071
-731.833    610.186    -0.071
-731.847    610.686    -0.071
-731.861    611.185    -0.071
-731.875    611.685    -0.071
-731.888    612.185    -0.071
-731.902    612.685    -0.071
-731.916    613.184    -0.072
-731.930    613.684    -0.072
-731.942    614.184    -0.072
-731.956    614.684    -0.072
-731.970    615.184    -0.072
-731.984    615.683    -0.072
-731.997    616.183    -0.072
-732.011    616.683    -0.072
-732.025    617.183    -0.072
-732.039    617.682    -0.072
-732.052    618.182    -0.072
-732.066    618.682    -0.072
-732.080    619.182    -0.072
-732.094    619.681    -0.072
-732.106    620.181    -0.072
-732.120    620.681    -0.072
-732.134    621.181    -0.072
-732.149    621.681    -0.072
-732.162    622.180    -0.072
-732.176    622.680    -0.072
-732.190    623.180    -0.073
-732.203    623.680    -0.073
-732.216    624.179    -0.073
-732.231    624.678    -0.073
-732.245    625.178    -0.073
-732.259    625.678    -0.073
-732.272    626.178    -0.073
-732.286    626.677    -0.073
-732.300    627.177    -0.073
-732.314    627.677    -0.073
-732.326    628.177    -0.073
-732.340    628.676    -0.073
-732.354    629.176    -0.073
-732.369    629.676    -0.073
-732.382    630.176    -0.073
-732.396    630.676    -0.073
-732.409    631.175    -0.073
-732.422    631.675    -0.073
-732.436    632.175    -0.073
-732.450    632.675    -0.073
-732.465    633.174    -0.074
-732.478    633.674    -0.074
-732.492    634.174    -0.074
-732.506    634.674    -0.074
-732.520    635.173    -0.074
-732.533    635.673    -0.074
-732.547    636.173    -0.074
-732.561    636.673    -0.074
-732.575    637.173    -0.074
-732.587    637.672    -0.074
-732.601    638.172    -0.074
-732.615    638.672    -0.074
-732.629    639.172    -0.074
-732.642    639.671    -0.074
-732.657    640.171    -0.074
-732.671    640.671    -0.074
-732.685    641.171    -0.074
-732.698    641.671    -0.074
-732.712    642.170    -0.074
-732.726    642.670    -0.075
-732.739    643.170    -0.075
-732.752    643.670    -0.075
-732.766    644.169    -0.075
-732.780    644.669    -0.075
-732.794    645.169    -0.075
-732.807    645.669    -0.075
-732.815    646.169    -0.075
-732.817    646.669    -0.075
-732.818    647.169    -0.075
-732.819    647.669    -0.075
-732.820    648.169    -0.075
-732.821    648.669    -0.075
-732.823    649.169    -0.075
-732.824    649.669    -0.075
-732.825    650.168    -0.075
-732.827    650.668    -0.075
-732.828    651.168    -0.075
-732.829    651.668    -0.075
-732.830    652.168    -0.075
-732.831    652.669    -0.076
-732.832    653.169    -0.076
-732.833    653.669    -0.076
-732.835    654.169    -0.076
-732.836    654.668    -0.076
-732.838    655.168    -0.076
-732.838    655.668    -0.076
-732.840    656.168    -0.076
-732.841    656.668    -0.076
-732.842    657.168    -0.076
-732.843    657.668    -0.076
-732.844    658.168    -0.076
-732.846    658.667    -0.076
-732.847    659.167    -0.076
-732.847    659.667    -0.076
-732.849    660.168    -0.076
-732.851    660.668    -0.076
-732.852    661.168    -0.076
-732.852    661.668    -0.076
-732.854    662.168    -0.077
-732.855    662.668    -0.077
-732.857    663.167    -0.077
-732.857    663.667    -0.077
-732.859    664.167    -0.077
-732.860    664.667    -0.077
-732.862    665.167    -0.077
-732.863    665.667    -0.077
-732.864    666.167    -0.077
-732.865    666.667    -0.077
-732.867    667.167    -0.077
-732.868    667.668    -0.077
-732.869    668.167    -0.077
-732.871    668.667    -0.077
-732.872    669.167    -0.077
-732.873    669.667    -0.077
-732.874    670.167    -0.077
-732.875    670.667    -0.077
-732.877    671.167    -0.077
-732.877    671.667    -0.078
-732.879    672.167    -0.078
-732.880    672.666    -0.078
-732.882    673.166    -0.078
-732.882    673.666    -0.078
-732.883    674.166    -0.078
-732.885    674.667    -0.078
-732.887    675.167    -0.078
-732.887    675.667    -0.078
-732.889    676.167    -0.078
-732.890    676.667    -0.078
-732.891    677.166    -0.078
-732.892    677.666    -0.078
-732.894    678.166    -0.078
-732.895    678.666    -0.078
-732.897    679.166    -0.078
-732.897    679.666    -0.078
-732.899    680.166    -0.078
-732.900    680.666    -0.078
-732.902    681.166    -0.079
-732.902    681.665    -0.079
-732.903    682.166    -0.079
-732.904    682.666    -0.079
-732.906    683.166    -0.079
-732.906    683.666    -0.079
-732.908    684.166    -0.079
-732.909    684.666    -0.079
-732.911    685.166    -0.079
-732.911    685.665    -0.079
-732.913    686.165    -0.079
-732.914    686.665    -0.079
-732.916    687.165    -0.079
-732.916    687.665    -0.079
-732.918    688.165    -0.079
-732.920    688.665    -0.079
-732.921    689.165    -0.079
-732.922    689.666    -0.079
-732.923    690.166    -0.080
-732.925    690.665    -0.080
-732.927    691.165    -0.080
-732.928    691.665    -0.080
-732.930    692.165    -0.080
-732.932    692.665    -0.080
-732.934    693.165    -0.080
-732.935    693.665    -0.080
-732.937    694.165    -0.080
-732.939    694.665    -0.080
-732.941    695.165    -0.080
-732.942    695.664    -0.080
-732.944    696.164    -0.080
-732.946    696.664    -0.080
-732.948    697.164    -0.080
-732.949    697.664    -0.080
-732.951    698.164    -0.080
-732.953    698.665    -0.080
-732.955    699.165    -0.081
-732.956    699.665    -0.081
-732.958    700.165    -0.081
-732.960    700.664    -0.081
-732.962    701.164    -0.081
-732.963    701.664    -0.081
-732.965    702.164    -0.081
-732.967    702.664    -0.081
-732.969    703.164    -0.081
-732.970    703.664    -0.081
-732.972    704.164    -0.081
-732.974    704.664    -0.081
-732.976    705.163    -0.081
-732.977    705.663    -0.081
-732.979    706.163    -0.081
-732.981    706.663    -0.081
-732.983    707.163    -0.081
-732.985    707.664    -0.081
-732.987    708.164    -0.081
-732.989    708.664    -0.082
-732.990    709.164    -0.082
-732.984    709.663    -0.082
-732.977    710.163    -0.082
-732.969    710.663    -0.082
-732.960    711.163    -0.082
-732.953    711.663    -0.082
-732.945    712.162    -0.082
-732.937    712.663    -0.082
-732.929    713.163    -0.082
-732.921    713.662    -0.082
-732.914    714.162    -0.082
-732.906    714.663    -0.082
-732.897    715.162    -0.082
-732.890    715.662    -0.082
-732.882    716.162    -0.082
-732.875    716.662    -0.082
-732.863    717.161    -0.082
-732.849    717.662    -0.083
-732.835    718.161    -0.083
-732.821    718.661    -0.083
-732.805    719.161    -0.083
-732.791    719.660    -0.083
-732.777    720.160    -0.083
-732.763    720.660    -0.083
-732.748    721.160    -0.083
-732.734    721.659    -0.083
-732.719    722.160    -0.083
-732.705    722.659    -0.083
-732.690    723.158    -0.083
-732.676    723.659    -0.083
-732.662    724.158    -0.083
-732.648    724.658    -0.083
-732.632    725.158    -0.083
-732.618    725.658    -0.083
-732.604    726.157    -0.083
-732.590    726.657    -0.084
-732.575    727.157    -0.084
-732.561    727.656    -0.084
-732.547    728.156    -0.084
-732.532    728.656    -0.084
-732.517    729.156    -0.084
-732.503    729.655    -0.084
-732.487    730.156    -0.084
-732.467    730.655    -0.084
-732.448    731.155    -0.084
-732.428    731.654    -0.084
-732.409    732.154    -0.084
-732.390    732.653    -0.084
-732.371    733.153    -0.084
-732.352    733.652    -0.084
-732.333    734.152    -0.084
-732.313    734.652    -0.084
-732.294    735.151    -0.084
-732.275    735.651    -0.085
-732.256    736.150    -0.085
-732.236    736.650    -0.085
-732.218    737.149    -0.085
-732.199    737.649    -0.085
-732.179    738.148    -0.085
-732.160    738.648    -0.085
-732.141    739.147    -0.085
-732.122    739.647    -0.085
-732.102    740.147    -0.085
-732.083    740.646    -0.085
-732.064    741.146    -0.085
-732.045    741.645    -0.085
-732.025    742.146    -0.085
-732.006    742.645    -0.085
-731.987    743.145    -0.085
-731.968    743.644    -0.085
-731.948    744.144    -0.085
-731.929    744.643    -0.086
-731.906    745.143    -0.086
-731.882    745.642    -0.086
-731.856    746.141    -0.086
-731.832    746.641    -0.086
-731.807    747.140    -0.086
-731.782    747.640    -0.086
-731.757    748.138    -0.086
-731.732    748.638    -0.086
-731.708    749.138    -0.086
-731.682    749.636    -0.086
-731.658    750.136    -0.086
-731.633    750.636    -0.086
-731.608    751.134    -0.086
-731.583    751.634    -0.086
-731.558    752.134    -0.086
-731.534    752.632    -0.086
-731.508    753.132    -0.086
-731.484    753.632    -0.087
-731.460    754.130    -0.087
-731.435    754.630    -0.087
-731.410    755.130    -0.087
-731.380    755.629    -0.087
-731.349    756.127    -0.087
-731.319    756.626    -0.087
-731.287    757.126    -0.087
-731.256    757.625    -0.087
-731.226    758.124    -0.087
-731.195    758.622    -0.087
-731.164    759.121    -0.087
-731.133    759.620    -0.087
-731.103    760.120    -0.087
-731.071    760.619    -0.087
-731.040    761.118    -0.087
-731.010    761.616    -0.087
-730.978    762.115    -0.088
-730.947    762.615    -0.088
-730.917    763.114    -0.088
-730.886    763.613    -0.088
-730.854    764.112    -0.088
-730.824    764.610    -0.088
-730.793    765.109    -0.088
-730.762    765.609    -0.088
-730.731    766.108    -0.088
-730.697    766.607    -0.088
-730.662    767.105    -0.088
-730.625    767.604    -0.088
-730.590    768.102    -0.088
-730.555    768.601    -0.088
-730.520    769.100    -0.088
-730.484    769.598    -0.088
-730.449    770.097    -0.088
-730.413    770.596    -0.088
-730.377    771.095    -0.089
-730.342    771.593    -0.089
-730.307    772.092    -0.089
-730.272    772.591    -0.089
-730.236    773.090    -0.089
-730.200    773.588    -0.089
-730.158    774.086    -0.089
-730.114    774.584    -0.089
-730.070    775.082    -0.089
-730.027    775.580    -0.089
-729.982    776.078    -0.089
-729.939    776.576    -0.089
-729.895    777.075    -0.089
-729.852    777.573    -0.089
-729.807    778.071    -0.089
-729.764    778.569    -0.089
-729.720    779.067    -0.089
-729.676    779.565    -0.089
-729.632    780.062    -0.090
-729.589    780.560    -0.090
-729.544    781.059    -0.090
-729.500    781.557    -0.090
-729.456    782.055    -0.090
-729.412    782.553    -0.090
-729.368    783.051    -0.090
-729.325    783.549    -0.090
-729.281    784.047    -0.090
-729.237    784.545    -0.090
-729.193    785.043    -0.090
-729.150    785.541    -0.090
-729.105    786.039    -0.090
-729.056    786.536    -0.090
-729.005    787.033    -0.090
-728.953    787.531    -0.090
-728.902    788.028    -0.090
-728.851    788.525    -0.090
-728.799    789.023    -0.091
-728.748    789.520    -0.091
-728.697    790.018    -0.091
-728.645    790.516    -0.091
-728.594    791.013    -0.091
-728.543    791.510    -0.091
-728.491    792.007    -0.091
-728.439    792.505    -0.091
-728.388    793.002    -0.091
-728.336    793.499    -0.091
-728.285    793.997    -0.091
-728.234    794.494    -0.091
-728.176    794.990    -0.091
-728.117    795.487    -0.091
-728.059    795.983    -0.091
-728.000    796.480    -0.091
-727.941    796.976    -0.091
-727.882    797.473    -0.091
-727.822    797.969    -0.092
-727.764    798.466    -0.092
-727.706    798.962    -0.092
-727.646    799.459    -0.092
-727.588    799.955    -0.092
-727.529    800.452    -0.092
-727.469    800.948    -0.092
-727.411    801.445    -0.092
-727.353    801.941    -0.092
-727.293    802.438    -0.092
-727.235    802.934    -0.092
-727.176    803.431    -0.092
-727.117    803.927    -0.092
-727.058    804.424    -0.092
-726.998    804.920    -0.092
-726.930    805.415    -0.092
-726.862    805.910    -0.092
-726.793    806.405    -0.092
-726.726    806.901    -0.093
-726.658    807.396    -0.093
-726.589    807.891    -0.093
-726.521    808.387    -0.093
-726.453    808.882    -0.093
-726.384    809.377    -0.093
-726.316    809.872    -0.093
-726.247    810.368    -0.093
-726.180    810.863    -0.093
-726.112    811.358    -0.093
-726.043    811.854    -0.093
-725.974    812.349    -0.093
-725.899    812.843    -0.093
-725.824    813.337    -0.093
-725.749    813.832    -0.093
-725.673    814.326    -0.093
-725.599    814.820    -0.093
-725.525    815.315    -0.093
-725.449    815.809    -0.094
-725.375    816.303    -0.094
-725.299    816.797    -0.094
-725.224    817.292    -0.094
-725.150    817.786    -0.094
-725.074    818.281    -0.094
-724.999    818.775    -0.094
-724.924    819.270    -0.094
-724.850    819.763    -0.094
-724.775    820.258    -0.094
-724.699    820.752    -0.094
-724.625    821.246    -0.094
-724.549    821.741    -0.094
-724.475    822.235    -0.094
-724.400    822.730    -0.094
-724.324    823.223    -0.094
-724.250    823.718    -0.094
-724.175    824.212    -0.094
-724.095    824.705    -0.095
-723.995    825.196    -0.095
-723.894    825.685    -0.095
-723.793    826.174    -0.095
-723.693    826.665    -0.095
-723.593    827.154    -0.095
-723.493    827.645    -0.095
-723.393    828.134    -0.095
-723.293    828.624    -0.095
-723.192    829.114    -0.095
-723.094    829.604    -0.095
-723.007    830.097    -0.095
-722.920    830.589    -0.095
-722.833    831.081    -0.095
-722.746    831.573    -0.095
-722.659    832.065    -0.095
-722.571    832.557    -0.095
-722.485    833.051    -0.095
-722.397    833.543    -0.095
-722.311    834.035    -0.096
-722.223    834.527    -0.096
-722.136    835.019    -0.096
-722.049    835.511    -0.096
-721.961    836.004    -0.096
-721.875    836.497    -0.096
-721.787    836.989    -0.096
-721.700    837.481    -0.096
-721.613    837.973    -0.096
-721.526    838.465    -0.096
-721.435    838.957    -0.096
-721.335    839.447    -0.096
-721.235    839.937    -0.096
-721.136    840.427    -0.096
-721.036    840.917    -0.096
-720.936    841.407    -0.096
-720.836    841.897    -0.096
-720.737    842.386    -0.096
-720.637    842.876    -0.097
-720.537    843.366    -0.097
-720.437    843.856    -0.097
-720.338    844.346    -0.097
-720.238    844.836    -0.097
-720.138    845.326    -0.097
-720.038    845.815    -0.097
-719.939    846.306    -0.097
-719.839    846.795    -0.097
-719.740    847.286    -0.097
-719.639    847.775    -0.097
-719.536    848.265    -0.097
-719.430    848.753    -0.097
-719.326    849.242    -0.097
-719.220    849.730    -0.097
-719.116    850.220    -0.097
-719.011    850.709    -0.097
-718.906    851.197    -0.097
-718.796    851.685    -0.097
-718.675    852.170    -0.098
-718.555    852.656    -0.098
-718.433    853.141    -0.098
-718.313    853.626    -0.098
-718.193    854.110    -0.098
-718.072    854.596    -0.098
-717.952    855.081    -0.098
-717.831    855.566    -0.098
-717.710    856.052    -0.098
-717.590    856.537    -0.098
-717.469    857.022    -0.098
-717.350    857.508    -0.098
-717.229    857.993    -0.098
-717.108    858.478    -0.098
-716.988    858.963    -0.098
-716.867    859.449    -0.098
-716.746    859.934    -0.098
-716.626    860.418    -0.098
-716.505    860.904    -0.098
-716.385    861.389    -0.099
-716.264    861.874    -0.099
-716.143    862.359    -0.099
-716.023    862.845    -0.099
-715.903    863.330    -0.099
-715.782    863.815    -0.099
-715.662    864.301    -0.099
-715.541    864.786    -0.099
-715.421    865.271    -0.099
-715.300    865.756    -0.099
-715.166    866.238    -0.099
-715.027    866.718    -0.099
-714.888    867.198    -0.099
-714.748    867.678    -0.099
-714.608    868.158    -0.099
-714.470    868.639    -0.099
-714.331    869.119    -0.099
-714.191    869.598    -0.099
-714.052    870.079    -0.099
-713.914    870.559    -0.099
-713.774    871.040    -0.100
-713.635    871.520    -0.100
-713.496    872.000    -0.100
-713.357    872.481    -0.100
-713.218    872.960    -0.100
-713.078    873.440    -0.100
-712.938    873.921    -0.100
-712.800    874.401    -0.100
-712.661    874.881    -0.100
-712.521    875.361    -0.100
-712.382    875.841    -0.100
-712.243    876.322    -0.100
-712.104    876.802    -0.100
-711.965    877.282    -0.100
-711.826    877.763    -0.100
-711.687    878.243    -0.100
-711.548    878.722    -0.100
-711.408    879.203    -0.100
-711.270    879.683    -0.100
-711.131    880.163    -0.101
-710.989    880.643    -0.101
-710.844    881.121    -0.101
-710.699    881.600    -0.101
-710.555    882.078    -0.101
-710.410    882.557    -0.101
-710.265    883.035    -0.101
-710.120    883.514    -0.101
-709.976    883.992    -0.101
-709.825    884.469    -0.101
-709.662    884.942    -0.101
-709.500    885.415    -0.101
-709.337    885.888    -0.101
-709.174    886.361    -0.101
-709.012    886.834    -0.101
-708.850    887.306    -0.101
-708.687    887.779    -0.101
-708.525    888.252    -0.101
-708.362    888.725    -0.101
-708.201    889.198    -0.101
-708.038    889.670    -0.101
-707.875    890.143    -0.102
-707.713    890.616    -0.102
-707.551    891.089    -0.102
-707.388    891.562    -0.102
-707.226    892.035    -0.102
-707.063    892.507    -0.102
-706.901    892.980    -0.102
-706.738    893.453    -0.102
-706.576    893.926    -0.102
-706.413    894.399    -0.102
-706.250    894.872    -0.102
-706.089    895.345    -0.102
-705.926    895.817    -0.102
-705.764    896.290    -0.102
-705.601    896.763    -0.102
-705.439    897.236    -0.102
-705.276    897.708    -0.102
-705.114    898.181    -0.102
-704.945    898.652    -0.102
-704.775    899.122    -0.102
-704.606    899.593    -0.103
-704.437    900.064    -0.103
-704.267    900.534    -0.103
-704.098    901.004    -0.103
-703.928    901.474    -0.103
-703.759    901.945    -0.103
-703.585    902.413    -0.103
-703.409    902.881    -0.103
-703.234    903.350    -0.103
-703.058    903.818    -0.103
-702.882    904.286    -0.103
-702.707    904.754    -0.103
-702.531    905.221    -0.103
-702.355    905.690    -0.103
-702.172    906.155    -0.103
-701.983    906.618    -0.103
-701.794    907.080    -0.103
-701.604    907.544    -0.103
-701.415    908.006    -0.103
-701.226    908.469    -0.103
-701.036    908.931    -0.103
-700.847    909.394    -0.103
-700.658    909.857    -0.104
-700.468    910.320    -0.104
-700.279    910.782    -0.104
-700.090    911.245    -0.104
-699.900    911.707    -0.104
-699.711    912.170    -0.104
-699.522    912.634    -0.104
-699.332    913.096    -0.104
-699.142    913.559    -0.104
-698.954    914.021    -0.104
-698.764    914.484    -0.104
-698.575    914.946    -0.104
-698.386    915.410    -0.104
-698.195    915.872    -0.104
-698.006    916.335    -0.104
-697.817    916.797    -0.104
-697.628    917.261    -0.104
-697.439    917.723    -0.104
-697.250    918.186    -0.104
-697.060    918.649    -0.104
-696.869    919.110    -0.104
-696.658    919.564    -0.104
-696.448    920.017    -0.105
-696.237    920.471    -0.105
-696.027    920.924    -0.105
-695.816    921.378    -0.105
-695.606    921.831    -0.105
-695.396    922.285    -0.105
-695.185    922.738    -0.105
-694.975    923.192    -0.105
-694.764    923.645    -0.105
-694.554    924.100    -0.105
-694.343    924.553    -0.105
-694.132    925.006    -0.105
-693.925    925.461    -0.105
-693.719    925.916    -0.105
-693.513    926.371    -0.105
-693.307    926.827    -0.105
-693.101    927.283    -0.105
-692.895    927.738    -0.105
-692.692    928.195    -0.105
-692.497    928.656    -0.105
-692.287    929.110    -0.105
-692.068    929.559    -0.105
-691.849    930.008    -0.105
-691.630    930.457    -0.106
-691.411    930.907    -0.106
-691.192    931.357    -0.106
-690.974    931.806    -0.106
-690.755    932.255    -0.106
-690.536    932.705    -0.106
-690.317    933.155    -0.106
-690.098    933.604    -0.106
-689.879    934.053    -0.106
-689.660    934.503    -0.106
-689.441    934.952    -0.106
-689.222    935.402    -0.106
-689.003    935.851    -0.106
-688.784    936.300    -0.106
-688.564    936.750    -0.106
-688.346    937.200    -0.106
-688.127    937.649    -0.106
-687.908    938.098    -0.106
-687.685    938.546    -0.106
-687.453    938.988    -0.106
-687.221    939.432    -0.106
-686.989    939.874    -0.106
-686.757    940.317    -0.106
-686.525    940.760    -0.106
-686.293    941.203    -0.107
-686.061    941.645    -0.107
-685.829    942.089    -0.107
-685.597    942.532    -0.107
-685.365    942.974    -0.107
-685.132    943.418    -0.107
-684.901    943.860    -0.107
-684.669    944.303    -0.107
-684.436    944.746    -0.107
-684.205    945.189    -0.107
-683.973    945.631    -0.107
-683.740    946.075    -0.107
-683.507    946.516    -0.107
-683.259    946.950    -0.107
-683.011    947.384    -0.107
-682.763    947.819    -0.107
-682.515    948.253    -0.107
-682.268    948.687    -0.107
-682.020    949.122    -0.107
-681.772    949.556    -0.107
-681.524    949.990    -0.107
-681.276    950.424    -0.107
-681.028    950.859    -0.107
-680.780    951.292    -0.107
-680.532    951.726    -0.107
-680.284    952.160    -0.108
-680.036    952.595    -0.108
-679.788    953.029    -0.108
-679.540    953.463    -0.108
-679.292    953.897    -0.108
-679.045    954.332    -0.108
-678.797    954.766    -0.108
-678.549    955.200    -0.108
-678.301    955.634    -0.108
-678.053    956.068    -0.108
-677.805    956.502    -0.108
-677.556    956.936    -0.108
-677.309    957.370    -0.108
-677.061    957.804    -0.108
-676.803    958.232    -0.108
-676.545    958.661    -0.108
-676.287    959.090    -0.108
-676.030    959.518    -0.108
-675.772    959.947    -0.108
-675.515    960.375    -0.108
-675.257    960.803    -0.108
-674.996    961.230    -0.108
-674.733    961.655    -0.108
-674.469    962.079    -0.108
-674.205    962.504    -0.108
-673.941    962.928    -0.108
-673.677    963.354    -0.109
-673.413    963.778    -0.109
-673.149    964.203    -0.109
-672.886    964.628    -0.109
-672.622    965.052    -0.109
-672.358    965.477    -0.109
-672.094    965.901    -0.109
-671.830    966.327    -0.109
-671.566    966.751    -0.109
-671.303    967.175    -0.109
-671.039    967.601    -0.109
-670.776    968.025    -0.109
-670.512    968.450    -0.109
-670.248    968.874    -0.109
-669.984    969.300    -0.109
-669.720    969.724    -0.109
-669.456    970.148    -0.109
-669.192    970.574    -0.109
-668.928    970.998    -0.109
-668.665    971.423    -0.109
-668.398    971.845    -0.109
-668.116    972.258    -0.109
-667.834    972.671    -0.109
-667.552    973.084    -0.109
-667.270    973.496    -0.109
-666.987    973.909    -0.109
-666.705    974.322    -0.109
-666.423    974.734    -0.109
-666.141    975.147    -0.110
-665.859    975.560    -0.110
-665.577    975.973    -0.110
-665.295    976.386    -0.110
-665.013    976.799    -0.110
-664.730    977.212    -0.110
-664.448    977.624    -0.110
-664.166    978.037    -0.110
-663.884    978.450    -0.110
-663.602    978.862    -0.110
-663.320    979.274    -0.110
-663.028    979.681    -0.110
-662.737    980.087    -0.110
-662.445    980.493    -0.110
-662.154    980.900    -0.110
-661.862    981.306    -0.110
-661.571    981.712    -0.110
-661.280    982.119    -0.110
-660.989    982.525    -0.110
-660.697    982.932    -0.110
-660.406    983.337    -0.110
-660.114    983.743    -0.110
-659.824    984.150    -0.110
-659.532    984.556    -0.110
-659.241    984.963    -0.110
-658.950    985.369    -0.110
-658.659    985.776    -0.110
-658.367    986.182    -0.110
-658.076    986.589    -0.110
-657.784    986.995    -0.110
-657.494    987.401    -0.111
-657.202    987.808    -0.111
-656.911    988.214    -0.111
-656.619    988.620    -0.111
-656.328    989.026    -0.111
-656.024    989.424    -0.111
-655.720    989.820    -0.111
-655.415    990.217    -0.111
-655.112    990.613    -0.111
-654.807    991.011    -0.111
-654.503    991.407    -0.111
-654.198    991.804    -0.111
-653.895    992.200    -0.111
-653.590    992.597    -0.111
-653.286    992.994    -0.111
-652.981    993.391    -0.111
-652.678    993.787    -0.111
-652.373    994.184    -0.111
-652.069    994.581    -0.111
-651.764    994.978    -0.111
-651.461    995.374    -0.111
-651.156    995.771    -0.111
-650.852    996.167    -0.111
-650.542    996.560    -0.111
-650.227    996.948    -0.111
-649.913    997.337    -0.111
-649.598    997.725    -0.111
-649.283    998.114    -0.111
-648.968    998.501    -0.111
-648.653    998.890    -0.111
-648.338    999.278    -0.111
-648.022    999.667    -0.111
-647.707    1000.054    -0.111
-647.392    1000.443    -0.112
-647.078    1000.831    -0.112
-646.763    1001.220    -0.112
-646.448    1001.608    -0.112
-646.132    1001.997    -0.112
-645.817    1002.384    -0.112
-645.502    1002.772    -0.112
-645.187    1003.160    -0.112
-644.873    1003.549    -0.112
-644.558    1003.937    -0.112
-644.243    1004.325    -0.112
-643.927    1004.713    -0.112
-643.601    1005.092    -0.112
-643.272    1005.468    -0.112
-642.944    1005.846    -0.112
-642.615    1006.223    -0.112
-642.287    1006.600    -0.112
-641.958    1006.976    -0.112
-641.629    1007.353    -0.112
-641.301    1007.730    -0.112
-640.973    1008.107    -0.112
-640.644    1008.484    -0.112
-640.316    1008.861    -0.112
-639.987    1009.237    -0.112
-639.658    1009.614    -0.112
-639.330    1009.991    -0.112
-639.001    1010.368    -0.112
-638.672    1010.745    -0.112
-638.340    1011.117    -0.112
-638.004    1011.487    -0.112
-637.667    1011.857    -0.112
-637.331    1012.228    -0.112
-636.996    1012.598    -0.112
-636.659    1012.968    -0.112
-636.323    1013.338    -0.112
-635.987    1013.708    -0.112
-635.651    1014.079    -0.112
-635.315    1014.449    -0.113
-634.979    1014.819    -0.113
-634.642    1015.189    -0.113
-634.306    1015.559    -0.113
-633.969    1015.929    -0.113
-633.634    1016.299    -0.113
-633.298    1016.669    -0.113
-632.961    1017.039    -0.113
-632.625    1017.409    -0.113
-632.289    1017.779    -0.113
-631.952    1018.149    -0.113
-631.616    1018.519    -0.113
-631.280    1018.889    -0.113
-630.944    1019.260    -0.113
-630.602    1019.623    -0.113
-630.253    1019.981    -0.113
-629.904    1020.339    -0.113
-629.556    1020.698    -0.113
-629.207    1021.056    -0.113
-628.858    1021.415    -0.113
-628.510    1021.774    -0.113
-628.161    1022.132    -0.113
-627.812    1022.490    -0.113
-627.464    1022.848    -0.113
-627.115    1023.207    -0.113
-626.766    1023.565    -0.113
-626.418    1023.923    -0.113
-626.069    1024.281    -0.113
-625.721    1024.640    -0.113
-625.372    1024.999    -0.113
-625.023    1025.357    -0.113
-624.675    1025.715    -0.113
-624.326    1026.074    -0.113
-623.977    1026.432    -0.113
-623.628    1026.789    -0.113
-623.269    1027.137    -0.113
-622.910    1027.484    -0.113
-622.550    1027.833    -0.113
-622.191    1028.180    -0.113
-621.831    1028.527    -0.113
-621.472    1028.875    -0.113
-621.112    1029.223    -0.113
-620.753    1029.570    -0.114
-620.394    1029.918    -0.114
-620.035    1030.265    -0.114
-619.675    1030.613    -0.114
-619.316    1030.960    -0.114
-618.956    1031.308    -0.114
-618.597    1031.655    -0.114
-618.238    1032.003    -0.114
-617.878    1032.351    -0.114
-617.519    1032.699    -0.114
-617.160    1033.046    -0.114
-616.801    1033.394    -0.114
-616.438    1033.738    -0.114
-616.072    1034.079    -0.114
-615.706    1034.420    -0.114
-615.340    1034.761    -0.114
-614.974    1035.101    -0.114
-614.608    1035.442    -0.114
-614.242    1035.783    -0.114
-613.876    1036.123    -0.114
-613.511    1036.464    -0.114
-613.145    1036.805    -0.114
-612.779    1037.145    -0.114
-612.413    1037.486    -0.114
-612.047    1037.827    -0.114
-611.681    1038.167    -0.114
-611.315    1038.508    -0.114
-610.950    1038.848    -0.114
-610.580    1039.185    -0.114
-610.201    1039.511    -0.114
-609.822    1039.837    -0.114
-609.443    1040.163    -0.114
-609.064    1040.489    -0.114
-608.685    1040.816    -0.114
-608.306    1041.142    -0.114
-607.928    1041.468    -0.114
-607.548    1041.794    -0.114
-607.169    1042.120    -0.114
-606.790    1042.446    -0.114
-606.411    1042.772    -0.114
-606.033    1043.099    -0.114
-605.653    1043.425    -0.114
-605.275    1043.751    -0.114
-604.895    1044.077    -0.114
-604.517    1044.403    -0.114
-604.137    1044.730    -0.114
-603.759    1045.056    -0.114
-603.380    1045.382    -0.114
-603.000    1045.708    -0.114
-602.622    1046.034    -0.114
-602.239    1046.356    -0.114
-601.855    1046.676    -0.115
-601.471    1046.996    -0.115
-601.088    1047.316    -0.115
-600.704    1047.637    -0.115
-600.321    1047.958    -0.115
-599.937    1048.278    -0.115
-599.552    1048.598    -0.115
-599.169    1048.919    -0.115
-598.785    1049.239    -0.115
-598.401    1049.559    -0.115
-598.017    1049.880    -0.115
-597.634    1050.201    -0.115
-597.250    1050.521    -0.115
-596.867    1050.842    -0.115
-596.482    1051.162    -0.115
-596.099    1051.483    -0.115
-595.708    1051.793    -0.115
-595.314    1052.102    -0.115
-594.920    1052.410    -0.115
-594.526    1052.717    -0.115
-594.132    1053.025    -0.115
-593.739    1053.334    -0.115
-593.345    1053.642    -0.115
-592.951    1053.949    -0.115
-592.557    1054.258    -0.115
-592.163    1054.566    -0.115
-591.769    1054.873    -0.115
-591.376    1055.182    -0.115
-590.982    1055.490    -0.115
-590.588    1055.797    -0.115
-590.194    1056.106    -0.115
-589.800    1056.414    -0.115
-589.406    1056.722    -0.115
-589.013    1057.030    -0.115
-588.619    1057.338    -0.115
-588.225    1057.645    -0.115
-587.828    1057.950    -0.115
-587.431    1058.253    -0.115
-587.034    1058.557    -0.115
-586.637    1058.862    -0.115
-586.241    1059.166    -0.115
-585.844    1059.470    -0.115
-585.444    1059.771    -0.115
-585.038    1060.063    -0.115
-584.632    1060.354    -0.115
-584.226    1060.646    -0.115
-583.819    1060.937    -0.115
-583.414    1061.228    -0.115
-583.007    1061.520    -0.115
-582.601    1061.811    -0.115
-582.194    1062.103    -0.115
-581.788    1062.394    -0.115
-581.382    1062.686    -0.115
-580.977    1062.977    -0.115
-580.570    1063.268    -0.115
-580.163    1063.560    -0.115
-579.757    1063.851    -0.115
-579.352    1064.143    -0.115
-578.946    1064.435    -0.115
-578.536    1064.722    -0.115
-578.124    1065.005    -0.115
-577.712    1065.289    -0.115
-577.301    1065.572    -0.115
-576.889    1065.855    -0.115
-576.476    1066.139    -0.115
-576.065    1066.422    -0.115
-575.652    1066.704    -0.115
-575.241    1066.988    -0.115
-574.829    1067.271    -0.115
-574.416    1067.555    -0.115
-574.005    1067.837    -0.115
-573.592    1068.120    -0.115
-573.181    1068.404    -0.115
-572.768    1068.687    -0.115
-572.352    1068.962    -0.115
-571.929    1069.231    -0.116
-571.507    1069.499    -0.116
-571.085    1069.767    -0.116
-570.664    1070.035    -0.116
-570.247    1070.312    -0.116
-569.834    1070.593    -0.116
-569.420    1070.874    -0.116
-569.006    1071.154    -0.116
-568.592    1071.435    -0.116
-568.179    1071.716    -0.116
-567.763    1071.994    -0.116
-567.344    1072.267    -0.116
-566.925    1072.539    -0.116
-566.506    1072.812    -0.116
-566.086    1073.083    -0.116
-565.667    1073.356    -0.116
-565.248    1073.628    -0.116
-564.828    1073.900    -0.116
-564.409    1074.172    -0.116
-563.990    1074.445    -0.116
-563.571    1074.718    -0.116
-563.152    1074.990    -0.116
-562.732    1075.262    -0.116
-562.305    1075.522    -0.116
-561.876    1075.779    -0.116
-561.447    1076.036    -0.116
-561.019    1076.293    -0.116
-560.590    1076.550    -0.116
-560.161    1076.807    -0.116
-559.733    1077.065    -0.116
-559.304    1077.322    -0.116
-558.875    1077.579    -0.116
-558.446    1077.836    -0.116
-558.018    1078.094    -0.116
-557.589    1078.351    -0.116
-557.161    1078.608    -0.116
-556.731    1078.865    -0.116
-556.302    1079.123    -0.116
-555.874    1079.381    -0.116
-555.445    1079.638    -0.116
-555.017    1079.895    -0.116
-554.587    1080.151    -0.116
-554.159    1080.409    -0.116
-553.730    1080.666    -0.116
-553.301    1080.922    -0.116
-552.868    1081.173    -0.116
-552.437    1081.424    -0.116
-552.005    1081.676    -0.116
-551.572    1081.927    -0.116
-551.139    1082.178    -0.116
-550.707    1082.430    -0.116
-550.275    1082.681    -0.116
-549.843    1082.932    -0.116
-549.411    1083.183    -0.116
-548.978    1083.435    -0.116
-548.546    1083.685    -0.116
-548.114    1083.937    -0.116
-547.682    1084.188    -0.116
-547.250    1084.438    -0.116
-546.812    1084.681    -0.116
-546.371    1084.915    -0.116
-545.929    1085.150    -0.116
-545.487    1085.384    -0.116
-545.046    1085.618    -0.116
-544.604    1085.853    -0.116
-544.163    1086.088    -0.116
-543.721    1086.323    -0.116
-543.280    1086.557    -0.116
-542.838    1086.791    -0.116
-542.396    1087.026    -0.116
-541.955    1087.260    -0.116
-541.513    1087.495    -0.116
-541.072    1087.729    -0.116
-540.630    1087.964    -0.116
-540.189    1088.198    -0.116
-539.747    1088.432    -0.116
-539.305    1088.668    -0.116
-538.864    1088.902    -0.116
-538.422    1089.137    -0.116
-537.981    1089.371    -0.116
-537.539    1089.605    -0.116
-537.097    1089.838    -0.116
-536.655    1090.071    -0.116
-536.211    1090.303    -0.116
-535.761    1090.521    -0.116
-535.312    1090.739    -0.116
-534.862    1090.958    -0.116
-534.412    1091.176    -0.116
-533.963    1091.395    -0.116
-533.514    1091.614    -0.116
-533.064    1091.832    -0.116
-532.614    1092.051    -0.116
-532.165    1092.269    -0.116
-531.715    1092.487    -0.116
-531.265    1092.706    -0.116
-530.815    1092.924    -0.116
-530.365    1093.143    -0.116
-529.916    1093.361    -0.116
-529.466    1093.579    -0.116
-529.016    1093.798    -0.116
-528.566    1094.016    -0.116
-528.117    1094.235    -0.116
-527.667    1094.454    -0.116
-527.215    1094.668    -0.116
-526.760    1094.875    -0.116
-526.305    1095.082    -0.116
-525.849    1095.288    -0.116
-525.395    1095.495    -0.116
-524.940    1095.702    -0.116
-524.485    1095.909    -0.116
-524.030    1096.116    -0.116
-523.574    1096.323    -0.116
-523.119    1096.530    -0.116
-522.664    1096.738    -0.116
-522.209    1096.944    -0.116
-521.753    1097.151    -0.116
-521.299    1097.358    -0.116
-520.844    1097.564    -0.116
-520.389    1097.771    -0.116
-519.934    1097.979    -0.116
-519.478    1098.186    -0.116
-519.023    1098.392    -0.116
-518.568    1098.599    -0.116
-518.113    1098.806    -0.116
-517.657    1099.013    -0.116
-517.202    1099.219    -0.116
-516.744    1099.418    -0.116
-516.283    1099.613    -0.116
-515.823    1099.808    -0.116
-515.362    1100.003    -0.116
-514.902    1100.198    -0.116
-514.441    1100.392    -0.116
-513.982    1100.587    -0.116
-513.521    1100.783    -0.116
-513.061    1100.978    -0.116
-512.600    1101.173    -0.116
-512.140    1101.368    -0.116
-511.679    1101.563    -0.116
-511.219    1101.757    -0.116
-510.759    1101.952    -0.116
-510.299    1102.147    -0.116
-509.834    1102.333    -0.116
-509.368    1102.515    -0.116
-508.903    1102.698    -0.116
-508.438    1102.881    -0.116
-507.973    1103.064    -0.116
-507.507    1103.246    -0.116
-507.042    1103.429    -0.116
-506.576    1103.612    -0.116
-506.111    1103.795    -0.116
-505.646    1103.977    -0.116
-505.180    1104.160    -0.116
-504.715    1104.343    -0.116
-504.249    1104.526    -0.116
-503.784    1104.708    -0.116
-503.319    1104.891    -0.116
-502.853    1105.074    -0.116
-502.388    1105.257    -0.116
-501.922    1105.440    -0.116
-501.457    1105.622    -0.116
-500.992    1105.804    -0.116
-500.526    1105.987    -0.116
-500.061    1106.169    -0.116
-499.595    1106.352    -0.116
-499.130    1106.535    -0.116
-498.658    1106.701    -0.116
-498.187    1106.867    -0.116
-497.715    1107.032    -0.116
-497.244    1107.198    -0.116
-496.772    1107.363    -0.116
-496.299    1107.529    -0.116
-495.828    1107.694    -0.116
-495.356    1107.860    -0.116
-494.885    1108.026    -0.116
-494.413    1108.192    -0.116
-493.941    1108.357    -0.116
-493.469    1108.523    -0.116
-492.998    1108.688    -0.116
-492.526    1108.854    -0.116
-492.055    1109.019    -0.116
-491.582    1109.185    -0.116
-491.111    1109.351    -0.116
-490.639    1109.517    -0.116
-490.166    1109.678    -0.116
-489.688    1109.825    -0.116
-489.210    1109.973    -0.116
-488.733    1110.122    -0.116
-488.256    1110.270    -0.116
-487.779    1110.418    -0.116
-487.301    1110.566    -0.116
-486.823    1110.715    -0.116
-486.346    1110.863    -0.116
-485.868    1111.011    -0.116
-485.391    1111.159    -0.116
-484.913    1111.308    -0.116
-484.436    1111.456    -0.116
-483.959    1111.603    -0.115
-483.481    1111.751    -0.115
-483.004    1111.900    -0.115
-482.526    1112.048    -0.115
-482.048    1112.196    -0.115
-481.571    1112.344    -0.115
-481.093    1112.493    -0.115
-480.615    1112.641    -0.115
-480.138    1112.789    -0.115
-479.661    1112.937    -0.115
-479.184    1113.086    -0.115
-478.705    1113.229    -0.115
-478.225    1113.371    -0.115
-477.746    1113.513    -0.115
-477.267    1113.656    -0.115
-476.788    1113.799    -0.115
-476.308    1113.941    -0.115
-475.828    1114.083    -0.115
-475.350    1114.225    -0.115
-474.870    1114.367    -0.115
-474.391    1114.509    -0.115
-473.911    1114.652    -0.115
-473.433    1114.794    -0.115
-472.953    1114.935    -0.115
-472.473    1115.075    -0.115
-471.990    1115.204    -0.115
-471.507    1115.333    -0.115
-471.024    1115.462    -0.115
-470.541    1115.591    -0.115
-470.058    1115.721    -0.115
-469.575    1115.850    -0.115
-469.092    1115.979    -0.115
-468.609    1116.109    -0.115
-468.126    1116.238    -0.115
-467.642    1116.366    -0.115
-467.160    1116.496    -0.115
-466.677    1116.625    -0.115
-466.194    1116.755    -0.115
-465.711    1116.884    -0.115
-465.228    1117.013    -0.115
-464.745    1117.142    -0.115
-464.262    1117.271    -0.115
-463.779    1117.400    -0.115
-463.296    1117.530    -0.115
-462.813    1117.659    -0.115
-462.330    1117.789    -0.115
-461.845    1117.907    -0.115
-461.357    1118.017    -0.115
-460.870    1118.127    -0.115
-460.382    1118.237    -0.115
-459.894    1118.348    -0.115
-459.406    1118.458    -0.115
-458.919    1118.569    -0.115
-458.431    1118.678    -0.115
-457.944    1118.789    -0.115
-457.456    1118.898    -0.115
-456.969    1119.009    -0.115
-456.480    1119.119    -0.115
-455.993    1119.230    -0.115
-455.505    1119.339    -0.115
-455.017    1119.450    -0.115
-454.530    1119.559    -0.115
-454.041    1119.670    -0.115
-453.553    1119.771    -0.115
-453.062    1119.871    -0.115
-452.572    1119.971    -0.115
-452.083    1120.071    -0.115
-451.593    1120.170    -0.115
-451.103    1120.271    -0.115
-450.613    1120.370    -0.115
-450.124    1120.470    -0.115
-449.634    1120.570    -0.115
-449.144    1120.671    -0.115
-448.654    1120.771    -0.115
-448.164    1120.870    -0.115
-447.674    1120.971    -0.114
-447.184    1121.071    -0.114
-446.694    1121.171    -0.114
-446.205    1121.270    -0.114
-445.715    1121.371    -0.114
-445.225    1121.470    -0.114
-444.735    1121.571    -0.114
-444.245    1121.670    -0.114
-443.755    1121.771    -0.114
-443.265    1121.871    -0.114
-442.775    1121.971    -0.114
-442.286    1122.069    -0.114
-441.795    1122.168    -0.114
-441.305    1122.268    -0.114
-440.815    1122.366    -0.114
-440.325    1122.465    -0.114
-439.835    1122.563    -0.114
-439.345    1122.662    -0.114
-438.854    1122.760    -0.114
-438.364    1122.860    -0.114
-437.875    1122.958    -0.114
-437.384    1123.057    -0.114
-436.892    1123.139    -0.114
-436.396    1123.210    -0.114
-435.902    1123.281    -0.114
-435.406    1123.351    -0.114
-434.912    1123.422    -0.114
-434.417    1123.493    -0.114
-433.922    1123.563    -0.114
-433.427    1123.634    -0.114
-432.932    1123.705    -0.114
-432.437    1123.775    -0.114
-431.942    1123.846    -0.114
-431.447    1123.917    -0.114
-430.952    1123.987    -0.114
-430.457    1124.058    -0.114
-429.963    1124.128    -0.114
-429.467    1124.199    -0.114
-428.972    1124.266    -0.114
-428.476    1124.331    -0.114
-427.981    1124.398    -0.114
-427.485    1124.464    -0.114
-426.989    1124.530    -0.114
-426.494    1124.596    -0.114
-425.998    1124.663    -0.114
-425.503    1124.728    -0.114
-425.007    1124.795    -0.114
-424.512    1124.862    -0.114
-424.016    1124.927    -0.114
-423.521    1124.993    -0.114
-423.025    1125.060    -0.114
-422.530    1125.126    -0.114
-422.034    1125.193    -0.113
-421.538    1125.259    -0.113
-421.043    1125.324    -0.113
-420.547    1125.390    -0.113
-420.052    1125.457    -0.113
-419.556    1125.522    -0.113
-419.061    1125.589    -0.113
-418.565    1125.655    -0.113
-418.070    1125.721    -0.113
-417.574    1125.787    -0.113
-417.079    1125.854    -0.113
-416.582    1125.912    -0.113
-416.085    1125.968    -0.113
-415.588    1126.023    -0.113
-415.092    1126.078    -0.113
-414.595    1126.134    -0.113
-414.097    1126.177    -0.113
-413.598    1126.218    -0.113
-413.099    1126.260    -0.113
-412.601    1126.301    -0.113
-412.103    1126.343    -0.113
-411.605    1126.383    -0.113
-411.107    1126.425    -0.113
-410.609    1126.466    -0.113
-410.111    1126.507    -0.113
-409.613    1126.549    -0.113
-409.113    1126.591    -0.113
-408.615    1126.632    -0.113
-408.117    1126.673    -0.113
-407.619    1126.714    -0.113
-407.121    1126.756    -0.113
-406.623    1126.798    -0.113
-406.125    1126.838    -0.113
-405.626    1126.880    -0.113
-405.127    1126.922    -0.113
-404.629    1126.962    -0.113
-404.131    1127.004    -0.113
-403.633    1127.040    -0.113
-403.134    1127.073    -0.113
-402.635    1127.104    -0.113
-402.136    1127.136    -0.113
-401.636    1127.168    -0.113
-401.138    1127.200    -0.113
-400.639    1127.232    -0.112
-400.140    1127.264    -0.112
-399.641    1127.296    -0.112
-399.143    1127.328    -0.112
-398.643    1127.360    -0.112
-398.144    1127.392    -0.112
-397.646    1127.424    -0.112
-397.146    1127.456    -0.112
-396.648    1127.488    -0.112
-396.149    1127.520    -0.112
-395.649    1127.552    -0.112
-395.150    1127.567    -0.112
-394.650    1127.578    -0.112
-394.150    1127.590    -0.112
-393.650    1127.602    -0.112
-393.150    1127.613    -0.112
-392.650    1127.624    -0.112
-392.151    1127.636    -0.112
-391.651    1127.648    -0.112
-391.151    1127.658    -0.112
-390.651    1127.670    -0.112
-390.151    1127.682    -0.112
-389.651    1127.693    -0.112
-389.152    1127.704    -0.112
-388.652    1127.716    -0.112
-388.152    1127.727    -0.112
-387.652    1127.739    -0.112
-387.152    1127.750    -0.112
-386.653    1127.761    -0.112
-386.153    1127.773    -0.112
-385.653    1127.785    -0.112
-385.153    1127.795    -0.112
-384.653    1127.807    -0.112
-384.153    1127.819    -0.112
-383.654    1127.831    -0.112
-383.154    1127.842    -0.112
-382.654    1127.853    -0.111
-382.154    1127.865    -0.111
-381.654    1127.877    -0.111
-381.154    1127.887    -0.111
-380.655    1127.899    -0.111
-380.155    1127.911    -0.111
-379.655    1127.922    -0.111
-379.156    1127.917    -0.111
-378.655    1127.912    -0.111
-378.155    1127.908    -0.111
-377.656    1127.902    -0.111
-377.156    1127.897    -0.111
-376.656    1127.893    -0.111
-376.155    1127.889    -0.111
-375.656    1127.881    -0.111
-375.157    1127.865    -0.111
-374.656    1127.849    -0.111
-374.157    1127.832    -0.111
-373.657    1127.815    -0.111
-373.158    1127.799    -0.111
-372.658    1127.782    -0.111
-372.158    1127.766    -0.111
-371.658    1127.749    -0.111
-371.159    1127.733    -0.111
-370.659    1127.717    -0.111
-370.160    1127.700    -0.111
-369.659    1127.684    -0.111
-369.160    1127.667    -0.111
-368.660    1127.651    -0.111
-368.161    1127.635    -0.111
-367.660    1127.617    -0.111
-367.161    1127.601    -0.111
-366.661    1127.585    -0.111
-366.162    1127.569    -0.110
-365.663    1127.552    -0.110
-365.162    1127.536    -0.110
-364.663    1127.520    -0.110
-364.163    1127.504    -0.110
-363.664    1127.486    -0.110
-363.164    1127.470    -0.110
-362.664    1127.454    -0.110
-362.164    1127.436    -0.110
-361.665    1127.420    -0.110
-361.165    1127.404    -0.110
-360.666    1127.388    -0.110
-360.165    1127.371    -0.110
-359.667    1127.349    -0.110
-359.168    1127.314    -0.110
-358.669    1127.280    -0.110
-358.170    1127.245    -0.110
-357.671    1127.210    -0.110
-357.172    1127.175    -0.110
-356.674    1127.138    -0.110
-356.175    1127.098    -0.110
-355.677    1127.058    -0.110
-355.179    1127.018    -0.110
-354.681    1126.978    -0.110
-354.182    1126.938    -0.110
-353.684    1126.899    -0.110
-353.186    1126.858    -0.110
-352.687    1126.818    -0.110
-352.189    1126.779    -0.110
-351.691    1126.738    -0.110
-351.192    1126.698    -0.109
-350.694    1126.659    -0.109
-350.196    1126.619    -0.109
-349.696    1126.578    -0.109
-349.198    1126.538    -0.109
-348.700    1126.498    -0.109
-348.201    1126.458    -0.109
-347.703    1126.418    -0.109
-347.205    1126.378    -0.109
-346.706    1126.339    -0.109
-346.208    1126.298    -0.109
-345.710    1126.258    -0.109
-345.212    1126.218    -0.109
-344.713    1126.178    -0.109
-344.215    1126.138    -0.109
-343.717    1126.098    -0.109
-343.218    1126.057    -0.109
-342.720    1126.013    -0.109
-342.224    1125.954    -0.109
-341.728    1125.894    -0.109
-341.231    1125.835    -0.109
-340.735    1125.775    -0.109
-340.238    1125.714    -0.109
-339.742    1125.654    -0.109
-339.245    1125.595    -0.109
-338.750    1125.531    -0.109
-338.257    1125.450    -0.109
-337.764    1125.369    -0.109
-337.270    1125.287    -0.108
-336.777    1125.206    -0.108
-336.284    1125.124    -0.108
-335.790    1125.043    -0.108
-335.297    1124.961    -0.108
-334.804    1124.880    -0.108
-334.311    1124.799    -0.108
-333.817    1124.717    -0.108
-333.324    1124.636    -0.108
-332.831    1124.554    -0.108
-332.338    1124.473    -0.108
-331.844    1124.391    -0.108
-331.351    1124.310    -0.108
-330.858    1124.229    -0.108
-330.365    1124.147    -0.108
-329.871    1124.066    -0.108
-329.378    1123.984    -0.108
-328.885    1123.903    -0.108
-328.391    1123.821    -0.108
-327.898    1123.740    -0.108
-327.405    1123.660    -0.108
-326.912    1123.577    -0.108
-326.418    1123.496    -0.108
-325.925    1123.414    -0.108
-325.431    1123.333    -0.108
-324.937    1123.252    -0.107
-324.444    1123.170    -0.107
-323.951    1123.090    -0.107
-323.458    1123.008    -0.107
-322.964    1122.926    -0.107
-322.471    1122.844    -0.107
-321.978    1122.763    -0.107
-321.485    1122.682    -0.107
-320.991    1122.600    -0.107
-320.498    1122.519    -0.107
-320.005    1122.438    -0.107
-319.511    1122.357    -0.107
-319.018    1122.275    -0.107
-318.525    1122.194    -0.107
-318.032    1122.113    -0.107
-317.538    1122.031    -0.107
-317.045    1121.950    -0.107
-316.552    1121.868    -0.107
-316.058    1121.787    -0.107
-315.565    1121.705    -0.107
-315.072    1121.624    -0.107
-314.579    1121.543    -0.107
-314.085    1121.460    -0.107
-313.592    1121.379    -0.107
-313.099    1121.297    -0.107
-312.606    1121.216    -0.107
-312.112    1121.135    -0.106
-311.619    1121.053    -0.106
-311.126    1120.973    -0.106
-310.638    1120.866    -0.106
-310.153    1120.746    -0.106
-309.667    1120.626    -0.106
-309.182    1120.505    -0.106
-308.697    1120.385    -0.106
-308.212    1120.264    -0.106
-307.726    1120.142    -0.106
-307.241    1120.022    -0.106
-306.756    1119.901    -0.106
-306.271    1119.781    -0.106
-305.786    1119.660    -0.106
-305.300    1119.539    -0.106
-304.815    1119.419    -0.106
-304.331    1119.298    -0.106
-303.845    1119.177    -0.106
-303.360    1119.057    -0.106
-302.875    1118.936    -0.106
-302.390    1118.816    -0.106
-301.904    1118.695    -0.106
-301.419    1118.574    -0.105
-300.934    1118.454    -0.105
-300.449    1118.333    -0.105
-299.963    1118.212    -0.105
-299.478    1118.092    -0.105
-298.993    1117.971    -0.105
-298.507    1117.852    -0.105
-298.022    1117.730    -0.105
-297.538    1117.609    -0.105
-297.053    1117.489    -0.105
-296.567    1117.369    -0.105
-296.082    1117.248    -0.105
-295.597    1117.127    -0.105
-295.112    1117.006    -0.105
-294.626    1116.886    -0.105
-294.141    1116.765    -0.105
-293.656    1116.645    -0.105
-293.171    1116.524    -0.105
-292.685    1116.403    -0.105
-292.200    1116.284    -0.105
-291.715    1116.163    -0.105
-291.229    1116.042    -0.105
-290.745    1115.921    -0.105
-290.260    1115.800    -0.104
-289.775    1115.680    -0.104
-289.289    1115.560    -0.104
-288.804    1115.439    -0.104
-288.319    1115.318    -0.104
-287.834    1115.197    -0.104
-287.349    1115.076    -0.104
-286.863    1114.956    -0.104
-286.378    1114.836    -0.104
-285.893    1114.715    -0.104
-285.407    1114.594    -0.104
-284.922    1114.473    -0.104
-284.437    1114.354    -0.104
-283.953    1114.233    -0.104
-283.468    1114.109    -0.104
-282.994    1113.950    -0.104
-282.520    1113.792    -0.104
-282.046    1113.633    -0.104
-281.571    1113.474    -0.104
-281.097    1113.314    -0.104
-280.624    1113.155    -0.104
-280.150    1112.996    -0.104
-279.676    1112.837    -0.104
-279.202    1112.678    -0.103
-278.728    1112.519    -0.103
-278.253    1112.361    -0.103
-277.780    1112.201    -0.103
-277.306    1112.042    -0.103
-276.832    1111.883    -0.103
-276.358    1111.724    -0.103
-275.884    1111.564    -0.103
-275.410    1111.405    -0.103
-274.936    1111.246    -0.103
-274.462    1111.087    -0.103
-273.988    1110.929    -0.103
-273.514    1110.770    -0.103
-273.040    1110.610    -0.103
-272.566    1110.451    -0.103
-272.092    1110.292    -0.103
-271.618    1110.133    -0.103
-271.144    1109.974    -0.103
-270.670    1109.815    -0.103
-270.196    1109.655    -0.103
-269.722    1109.496    -0.102
-269.249    1109.338    -0.102
-268.774    1109.179    -0.102
-268.300    1109.020    -0.102
-267.826    1108.861    -0.102
-267.352    1108.702    -0.102
-266.878    1108.543    -0.102
-266.405    1108.383    -0.102
-265.931    1108.224    -0.102
-265.456    1108.065    -0.102
-264.982    1107.907    -0.102
-264.508    1107.748    -0.102
-264.034    1107.589    -0.102
-263.561    1107.429    -0.102
-263.087    1107.270    -0.102
-262.612    1107.111    -0.102
-262.138    1106.952    -0.102
-261.664    1106.793    -0.102
-261.190    1106.634    -0.102
-260.717    1106.475    -0.102
-260.243    1106.316    -0.102
-259.768    1106.157    -0.101
-259.294    1105.998    -0.101
-258.820    1105.839    -0.101
-258.347    1105.680    -0.101
-257.873    1105.520    -0.101
-257.399    1105.361    -0.101
-256.925    1105.202    -0.101
-256.458    1105.024    -0.101
-255.998    1104.828    -0.101
-255.538    1104.632    -0.101
-255.079    1104.436    -0.101
-254.619    1104.239    -0.101
-254.159    1104.043    -0.101
-253.699    1103.846    -0.101
-253.240    1103.650    -0.101
-252.780    1103.452    -0.101
-252.320    1103.256    -0.101
-251.861    1103.060    -0.101
-251.401    1102.864    -0.101
-250.940    1102.668    -0.101
-250.482    1102.470    -0.100
-250.022    1102.274    -0.100
-249.562    1102.078    -0.100
-249.102    1101.881    -0.100
-248.643    1101.684    -0.100
-248.182    1101.488    -0.100
-247.722    1101.292    -0.100
-247.263    1101.096    -0.100
-246.803    1100.899    -0.100
-246.343    1100.702    -0.100
-245.883    1100.506    -0.100
-245.424    1100.310    -0.100
-244.964    1100.113    -0.100
-244.504    1099.917    -0.100
-244.045    1099.720    -0.100
-243.585    1099.524    -0.100
-243.125    1099.328    -0.100
-242.666    1099.131    -0.100
-242.206    1098.934    -0.100
-241.746    1098.738    -0.100
-241.286    1098.542    -0.099
-240.827    1098.345    -0.099
-240.367    1098.148    -0.099
-239.907    1097.952    -0.099
-239.448    1097.756    -0.099
-238.988    1097.558    -0.099
-238.528    1097.362    -0.099
-238.068    1097.166    -0.099
-237.608    1096.970    -0.099
-237.148    1096.774    -0.099
-236.688    1096.577    -0.099
-236.230    1096.380    -0.099
-235.769    1096.184    -0.099
-235.309    1095.988    -0.099
-234.850    1095.791    -0.099
-234.390    1095.595    -0.099
-233.930    1095.398    -0.099
-233.470    1095.202    -0.099
-233.011    1095.005    -0.099
-232.551    1094.808    -0.098
-232.091    1094.612    -0.098
-231.632    1094.416    -0.098
-231.172    1094.219    -0.098
-230.712    1094.022    -0.098
-230.269    1093.792    -0.098
-229.826    1093.559    -0.098
-229.384    1093.326    -0.098
-228.941    1093.094    -0.098
-228.498    1092.862    -0.098
-228.056    1092.629    -0.098
-227.613    1092.397    -0.098
-227.171    1092.164    -0.098
-226.728    1091.931    -0.098
-226.286    1091.699    -0.098
-225.843    1091.466    -0.098
-225.401    1091.234    -0.098
-224.958    1091.001    -0.098
-224.515    1090.768    -0.098
-224.073    1090.536    -0.097
-223.630    1090.303    -0.097
-223.188    1090.071    -0.097
-222.745    1089.838    -0.097
-222.303    1089.605    -0.097
-221.860    1089.372    -0.097
-221.418    1089.140    -0.097
-220.975    1088.907    -0.097
-220.532    1088.674    -0.097
-220.090    1088.442    -0.097
-219.647    1088.210    -0.097
-219.205    1087.977    -0.097
-218.762    1087.745    -0.097
-218.320    1087.512    -0.097
-217.877    1087.280    -0.097
-217.435    1087.046    -0.097
-216.992    1086.814    -0.097
-216.549    1086.582    -0.097
-216.107    1086.349    -0.096
-215.664    1086.116    -0.096
-215.222    1085.884    -0.096
-214.779    1085.651    -0.096
-214.337    1085.418    -0.096
-213.894    1085.186    -0.096
-213.452    1084.953    -0.096
-213.009    1084.720    -0.096
-212.567    1084.488    -0.096
-212.124    1084.255    -0.096
-211.681    1084.023    -0.096
-211.239    1083.790    -0.096
-210.796    1083.557    -0.096
-210.354    1083.325    -0.096
-209.911    1083.092    -0.096
-209.469    1082.859    -0.096
-209.026    1082.627    -0.096
-208.584    1082.394    -0.096
-208.141    1082.161    -0.095
-207.698    1081.929    -0.095
-207.256    1081.696    -0.095
-206.813    1081.463    -0.095
-206.371    1081.231    -0.095
-205.928    1080.999    -0.095
-205.491    1080.755    -0.095
-205.065    1080.495    -0.095
-204.638    1080.235    -0.095
-204.211    1079.975    -0.095
-203.784    1079.715    -0.095
-203.356    1079.455    -0.095
-202.929    1079.196    -0.095
-202.502    1078.936    -0.095
-202.075    1078.676    -0.095
-201.648    1078.416    -0.095
-201.221    1078.157    -0.095
-200.793    1077.897    -0.095
-200.366    1077.637    -0.094
-199.939    1077.377    -0.094
-199.512    1077.117    -0.094
-199.085    1076.857    -0.094
-198.658    1076.597    -0.094
-198.231    1076.337    -0.094
-197.806    1076.074    -0.094
-197.384    1075.807    -0.094
-196.961    1075.540    -0.094
-196.539    1075.272    -0.094
-196.115    1075.006    -0.094
-195.693    1074.738    -0.094
-195.270    1074.472    -0.094
-194.847    1074.205    -0.094
-194.425    1073.938    -0.094
-194.002    1073.671    -0.094
-193.579    1073.404    -0.094
-193.156    1073.137    -0.093
-192.734    1072.870    -0.093
-192.313    1072.599    -0.093
-191.902    1072.315    -0.093
-191.492    1072.031    -0.093
-191.080    1071.745    -0.093
-190.669    1071.461    -0.093
-190.258    1071.176    -0.093
-189.848    1070.892    -0.093
-189.437    1070.607    -0.093
-189.026    1070.322    -0.093
-188.614    1070.038    -0.093
-188.203    1069.753    -0.093
-187.793    1069.468    -0.093
-187.382    1069.184    -0.093
-186.970    1068.898    -0.093
-186.559    1068.614    -0.093
-186.149    1068.329    -0.092
-185.738    1068.045    -0.092
-185.326    1067.760    -0.092
-184.915    1067.475    -0.092
-184.505    1067.191    -0.092
-184.094    1066.907    -0.092
-183.682    1066.621    -0.092
-183.271    1066.337    -0.092
-182.860    1066.052    -0.092
-182.450    1065.767    -0.092
-182.041    1065.479    -0.092
-181.633    1065.190    -0.092
-181.226    1064.901    -0.092
-180.818    1064.610    -0.092
-180.410    1064.321    -0.092
-180.003    1064.031    -0.092
-179.595    1063.742    -0.092
-179.188    1063.452    -0.091
-178.781    1063.163    -0.091
-178.373    1062.872    -0.091
-177.966    1062.583    -0.091
-177.558    1062.293    -0.091
-177.151    1062.004    -0.091
-176.743    1061.714    -0.091
-176.346    1061.411    -0.091
-175.951    1061.104    -0.091
-175.556    1060.798    -0.091
-175.160    1060.492    -0.091
-174.765    1060.186    -0.091
-174.369    1059.881    -0.091
-173.973    1059.575    -0.091
-173.578    1059.268    -0.091
-173.183    1058.962    -0.091
-172.788    1058.657    -0.090
-172.392    1058.351    -0.090
-171.996    1058.045    -0.090
-171.601    1057.739    -0.090
-171.206    1057.433    -0.090
-170.810    1057.127    -0.090
-170.415    1056.821    -0.090
-170.020    1056.515    -0.090
-169.625    1056.209    -0.090
-169.228    1055.903    -0.090
-168.833    1055.597    -0.090
-168.438    1055.291    -0.090
-168.042    1054.985    -0.090
-167.647    1054.680    -0.090
-167.252    1054.374    -0.090
-166.856    1054.068    -0.090
-166.460    1053.762    -0.089
-166.065    1053.456    -0.089
-165.670    1053.150    -0.089
-165.275    1052.844    -0.089
-164.879    1052.538    -0.089
-164.483    1052.233    -0.089
-164.089    1051.926    -0.089
-163.701    1051.610    -0.089
-163.314    1051.294    -0.089
-162.926    1050.978    -0.089
-162.539    1050.662    -0.089
-162.151    1050.346    -0.089
-161.764    1050.030    -0.089
-161.375    1049.714    -0.089
-160.988    1049.399    -0.089
-160.600    1049.083    -0.089
-160.213    1048.767    -0.088
-159.825    1048.451    -0.088
-159.438    1048.135    -0.088
-159.050    1047.819    -0.088
-158.666    1047.499    -0.088
-158.285    1047.176    -0.088
-157.903    1046.853    -0.088
-157.523    1046.529    -0.088
-157.141    1046.206    -0.088
-156.759    1045.883    -0.088
-156.378    1045.560    -0.088
-155.997    1045.236    -0.088
-155.616    1044.912    -0.088
-155.235    1044.589    -0.088
-154.853    1044.265    -0.088
-154.472    1043.942    -0.088
-154.091    1043.619    -0.087
-153.709    1043.295    -0.087
-153.328    1042.972    -0.087
-152.947    1042.649    -0.087
-152.566    1042.326    -0.087
-152.184    1042.002    -0.087
-151.803    1041.678    -0.087
-151.422    1041.354    -0.087
-151.040    1041.031    -0.087
-150.660    1040.708    -0.087
-150.278    1040.385    -0.087
-149.897    1040.061    -0.087
-149.515    1039.738    -0.087
-149.134    1039.415    -0.087
-148.753    1039.091    -0.087
-148.371    1038.768    -0.087
-147.990    1038.444    -0.087
-147.609    1038.121    -0.086
-147.227    1037.797    -0.086
-146.847    1037.474    -0.086
-146.474    1037.141    -0.086
-146.106    1036.802    -0.086
-145.738    1036.464    -0.086
-145.370    1036.126    -0.086
-145.002    1035.787    -0.086
-144.634    1035.449    -0.086
-144.266    1035.110    -0.086
-143.898    1034.772    -0.086
-143.530    1034.434    -0.086
-143.162    1034.096    -0.086
-142.794    1033.758    -0.086
-142.426    1033.419    -0.086
-142.058    1033.081    -0.085
-141.700    1032.730    -0.085
-141.343    1032.380    -0.085
-140.987    1032.031    -0.085
-140.629    1031.680    -0.085
-140.272    1031.330    -0.085
-139.916    1030.980    -0.085
-139.558    1030.630    -0.085
-139.201    1030.280    -0.085
-138.844    1029.931    -0.085
-138.487    1029.581    -0.085
-138.130    1029.230    -0.085
-137.773    1028.880    -0.085
-137.417    1028.530    -0.085
-137.059    1028.180    -0.085
-136.702    1027.831    -0.085
-136.345    1027.480    -0.084
-135.989    1027.130    -0.084
-135.632    1026.780    -0.084
-135.289    1026.416    -0.084
-134.946    1026.053    -0.084
-134.602    1025.689    -0.084
-134.260    1025.325    -0.084
-133.916    1024.962    -0.084
-133.574    1024.597    -0.084
-133.230    1024.234    -0.084
-132.887    1023.870    -0.084
-132.544    1023.506    -0.084
-132.201    1023.143    -0.084
-131.857    1022.779    -0.084
-131.515    1022.415    -0.084
-131.171    1022.051    -0.083
-130.829    1021.688    -0.083
-130.473    1021.336    -0.083
-130.118    1020.985    -0.083
-129.763    1020.633    -0.083
-129.406    1020.282    -0.083
-129.051    1019.931    -0.083
-128.696    1019.579    -0.083
-128.339    1019.228    -0.083
-127.984    1018.877    -0.083
-127.629    1018.525    -0.083
-127.272    1018.174    -0.083
-126.917    1017.823    -0.083
-126.562    1017.471    -0.083
-126.205    1017.120    -0.083
-125.850    1016.768    -0.083
-125.502    1016.410    -0.082
-125.157    1016.048    -0.082
-124.811    1015.686    -0.082
-124.466    1015.325    -0.082
-124.128    1014.957    -0.082
-123.794    1014.584    -0.082
-123.459    1014.212    -0.082
-123.126    1013.841    -0.082
-122.792    1013.469    -0.082
-122.458    1013.096    -0.082
-122.123    1012.724    -0.082
-121.789    1012.353    -0.082
-121.456    1011.981    -0.082
-121.121    1011.609    -0.082
-120.788    1011.236    -0.082
-120.463    1010.857    -0.081
-120.137    1010.477    -0.081
-119.812    1010.098    -0.081
-119.486    1009.719    -0.081
-119.160    1009.339    -0.081
-118.835    1008.960    -0.081
-118.509    1008.579    -0.081
-118.184    1008.200    -0.081
-117.859    1007.820    -0.081
-117.533    1007.441    -0.081
-117.207    1007.062    -0.081
-116.881    1006.682    -0.081
-116.556    1006.303    -0.081
-116.231    1005.923    -0.081
-115.905    1005.544    -0.081
-115.580    1005.165    -0.080
-115.254    1004.785    -0.080
-114.929    1004.406    -0.080
-114.603    1004.026    -0.080
-114.277    1003.647    -0.080
-113.952    1003.267    -0.080
-113.629    1002.885    -0.080
-113.316    1002.495    -0.080
-113.004    1002.105    -0.080
-112.691    1001.716    -0.080
-112.378    1001.326    -0.080
-112.065    1000.935    -0.080
-111.752    1000.546    -0.080
-111.440    1000.156    -0.080
-111.127    999.765    -0.080
-110.814    999.375    -0.079
-110.501    998.986    -0.079
-110.189    998.596    -0.079
-109.876    998.205    -0.079
-109.563    997.815    -0.079
-109.250    997.426    -0.079
-108.937    997.035    -0.079
-108.624    996.645    -0.079
-108.312    996.256    -0.079
-107.999    995.865    -0.079
-107.694    995.469    -0.079
-107.392    995.071    -0.079
-107.089    994.673    -0.079
-106.786    994.275    -0.079
-106.482    993.878    -0.079
-106.180    993.480    -0.078
-105.877    993.082    -0.078
-105.574    992.684    -0.078
-105.272    992.286    -0.078
-104.968    991.888    -0.078
-104.666    991.490    -0.078
-104.362    991.093    -0.078
-104.060    990.695    -0.078
-103.758    990.297    -0.078
-103.455    989.899    -0.078
-103.152    989.502    -0.078
-102.848    989.104    -0.078
-102.546    988.707    -0.078
-102.243    988.309    -0.078
-101.940    987.911    -0.078
-101.637    987.514    -0.077
-101.334    987.116    -0.077
-101.033    986.716    -0.077
-100.737    986.314    -0.077
-100.440    985.911    -0.077
-100.143    985.508    -0.077
-99.847    985.106    -0.077
-99.550    984.703    -0.077
-99.254    984.301    -0.077
-98.957    983.898    -0.077
-98.661    983.496    -0.077
-98.363    983.094    -0.077
-98.068    982.692    -0.077
-97.771    982.289    -0.077
-97.474    981.886    -0.077
-97.177    981.483    -0.076
-96.881    981.081    -0.076
-96.584    980.679    -0.076
-96.298    980.269    -0.076
-96.018    979.855    -0.076
-95.737    979.441    -0.076
-95.457    979.027    -0.076
-95.176    978.614    -0.076
-94.896    978.199    -0.076
-94.616    977.786    -0.076
-94.335    977.371    -0.076
-94.054    976.958    -0.076
-93.773    976.544    -0.076
-93.493    976.131    -0.076
-93.213    975.716    -0.076
-92.932    975.303    -0.075
-92.652    974.888    -0.075
-92.372    974.475    -0.075
-92.091    974.060    -0.075
-91.811    973.647    -0.075
-91.530    973.233    -0.075
-91.249    972.819    -0.075
-90.970    972.405    -0.075
-90.689    971.992    -0.075
-90.408    971.577    -0.075
-90.132    971.161    -0.075
-89.868    970.736    -0.075
-89.604    970.312    -0.075
-89.340    969.887    -0.075
-89.076    969.462    -0.075
-88.812    969.039    -0.074
-88.548    968.614    -0.074
-88.284    968.189    -0.074
-88.020    967.764    -0.074
-87.756    967.340    -0.074
-87.492    966.915    -0.074
-87.228    966.490    -0.074
-86.964    966.066    -0.074
-86.701    965.641    -0.074
-86.437    965.217    -0.074
-86.173    964.792    -0.074
-85.909    964.368    -0.074
-85.645    963.943    -0.074
-85.380    963.518    -0.074
-85.129    963.086    -0.074
-84.880    962.653    -0.073
-84.631    962.219    -0.073
-84.382    961.785    -0.073
-84.133    961.352    -0.073
-83.883    960.919    -0.073
-83.634    960.486    -0.073
-83.385    960.052    -0.073
-83.136    959.619    -0.073
-82.886    959.185    -0.073
-82.637    958.752    -0.073
-82.388    958.318    -0.073
-82.138    957.885    -0.073
-81.888    957.452    -0.073
-81.639    957.019    -0.073
-81.390    956.585    -0.072
-81.141    956.152    -0.072
-80.891    955.718    -0.072
-80.643    955.285    -0.072
-80.394    954.852    -0.072
-80.145    954.418    -0.072
-79.895    953.985    -0.072
-79.645    953.551    -0.072
-79.396    953.118    -0.072
-79.147    952.684    -0.072
-78.899    952.251    -0.072
-78.654    951.815    -0.072
-78.411    951.377    -0.072
-78.168    950.941    -0.072
-77.924    950.505    -0.072
-77.681    950.067    -0.071
-77.438    949.631    -0.071
-77.194    949.194    -0.071
-76.951    948.757    -0.071
-76.708    948.320    -0.071
-76.465    947.884    -0.071
-76.221    947.447    -0.071
-75.978    947.010    -0.071
-75.735    946.573    -0.071
-75.492    946.136    -0.071
-75.249    945.700    -0.071
-75.005    945.263    -0.071
-74.761    944.826    -0.071
-74.534    944.381    -0.071
-74.306    943.935    -0.070
-74.079    943.491    -0.070
-73.851    943.046    -0.070
-73.624    942.600    -0.070
-73.396    942.156    -0.070
-73.169    941.710    -0.070
-72.941    941.265    -0.070
-72.714    940.819    -0.070
-72.486    940.375    -0.070
-72.259    939.929    -0.070
-72.031    939.484    -0.070
-71.805    939.038    -0.070
-71.577    938.594    -0.070
-71.350    938.148    -0.070
-71.122    937.703    -0.070
-70.895    937.257    -0.069
-70.667    936.813    -0.069
-70.441    936.367    -0.069
-70.213    935.921    -0.069
-69.986    935.476    -0.069
-69.758    935.031    -0.069
-69.531    934.586    -0.069
-69.303    934.140    -0.069
-69.076    933.695    -0.069
-68.848    933.250    -0.069
-68.622    932.805    -0.069
-68.402    932.355    -0.069
-68.185    931.905    -0.069
-67.968    931.455    -0.069
-67.751    931.004    -0.069
-67.534    930.554    -0.068
-67.317    930.103    -0.068
-67.100    929.653    -0.068
-66.883    929.203    -0.068
-66.665    928.752    -0.068
-66.448    928.302    -0.068
-66.231    927.852    -0.068
-66.014    927.401    -0.068
-65.796    926.951    -0.068
-65.580    926.501    -0.068
-65.363    926.050    -0.068
-65.146    925.600    -0.068
-64.929    925.149    -0.068
-64.726    924.693    -0.068
-64.528    924.233    -0.067
-64.332    923.774    -0.067
-64.135    923.314    -0.067
-63.937    922.855    -0.067
-63.739    922.396    -0.067
-63.541    921.936    -0.067
-63.344    921.478    -0.067
-63.147    921.018    -0.067
-62.949    920.559    -0.067
-62.752    920.099    -0.067
-62.554    919.640    -0.067
-62.357    919.180    -0.067
-62.159    918.721    -0.067
-61.963    918.262    -0.067
-61.765    917.802    -0.067
-61.568    917.343    -0.066
-61.370    916.883    -0.066
-61.172    916.425    -0.066
-60.975    915.965    -0.066
-60.778    915.506    -0.066
-60.581    915.046    -0.066
-60.383    914.587    -0.066
-60.186    914.127    -0.066
-59.996    913.665    -0.066
-59.807    913.202    -0.066
-59.617    912.740    -0.066
-59.426    912.278    -0.066
-59.238    911.815    -0.066
-59.048    911.353    -0.066
-58.858    910.890    -0.066
-58.668    910.427    -0.065
-58.479    909.965    -0.065
-58.289    909.502    -0.065
-58.099    909.039    -0.065
-57.909    908.577    -0.065
-57.719    908.114    -0.065
-57.529    907.652    -0.065
-57.340    907.189    -0.065
-57.151    906.726    -0.065
-56.961    906.264    -0.065
-56.772    905.801    -0.065
-56.582    905.338    -0.065
-56.409    904.869    -0.065
-56.236    904.400    -0.065
-56.063    903.931    -0.064
-55.890    903.462    -0.064
-55.716    902.993    -0.064
-55.543    902.524    -0.064
-55.370    902.055    -0.064
-55.197    901.586    -0.064
-55.024    901.117    -0.064
-54.851    900.648    -0.064
-54.678    900.179    -0.064
-54.505    899.710    -0.064
-54.332    899.241    -0.064
-54.159    898.772    -0.064
-53.986    898.303    -0.064
-53.813    897.834    -0.064
-53.640    897.365    -0.064
-53.467    896.896    -0.063
-53.294    896.427    -0.063
-53.121    895.958    -0.063
-52.948    895.489    -0.063
-52.775    895.020    -0.063
-52.610    894.548    -0.063
-52.452    894.073    -0.063
-52.293    893.599    -0.063
-52.134    893.125    -0.063
-51.976    892.651    -0.063
-51.817    892.177    -0.063
-51.658    891.702    -0.063
-51.499    891.229    -0.063
-51.340    890.755    -0.063
-51.182    890.280    -0.063
-51.024    889.806    -0.062
-50.865    889.333    -0.062
-50.705    888.858    -0.062
-50.547    888.384    -0.062
-50.388    887.911    -0.062
-50.229    887.436    -0.062
-50.071    886.962    -0.062
-49.911    886.487    -0.062
-49.757    886.012    -0.062
-49.603    885.537    -0.062
-49.450    885.061    -0.062
-49.296    884.586    -0.062
-49.142    884.109    -0.062
-48.988    883.634    -0.062
-48.834    883.158    -0.062
-48.681    882.683    -0.061
-48.527    882.206    -0.061
-48.373    881.731    -0.061
-48.219    881.255    -0.061
-48.065    880.780    -0.061
-47.912    880.303    -0.061
-47.759    879.828    -0.061
-47.604    879.352    -0.061
-47.450    878.877    -0.061
-47.297    878.400    -0.061
-47.143    877.925    -0.061
-46.988    877.449    -0.061
-46.835    876.974    -0.061
-46.681    876.498    -0.061
-46.528    876.022    -0.061
-46.374    875.546    -0.060
-46.219    875.071    -0.060
-46.069    874.594    -0.060
-45.930    874.114    -0.060
-45.791    873.634    -0.060
-45.650    873.154    -0.060
-45.511    872.674    -0.060
-45.372    872.193    -0.060
-45.232    871.714    -0.060
-45.093    871.234    -0.060
-44.957    870.752    -0.060
-44.826    870.270    -0.060
-44.696    869.787    -0.060
-44.565    869.305    -0.060
-44.434    868.822    -0.060
-44.304    868.340    -0.059
-44.174    867.857    -0.059
-44.042    867.374    -0.059
-43.912    866.892    -0.059
-43.781    866.409    -0.059
-43.650    865.927    -0.059
-43.520    865.444    -0.059
-43.390    864.961    -0.059
-43.259    864.478    -0.059
-43.129    863.995    -0.059
-42.998    863.513    -0.059
-42.868    863.030    -0.059
-42.736    862.548    -0.059
-42.605    862.065    -0.059
-42.475    861.583    -0.059
-42.344    861.100    -0.058
-42.214    860.617    -0.058
-42.084    860.135    -0.058
-41.953    859.652    -0.058
-41.822    859.170    -0.058
-41.692    858.687    -0.058
-41.561    858.205    -0.058
-41.430    857.722    -0.058
-41.299    857.240    -0.058
-41.169    856.757    -0.058
-41.039    856.274    -0.058
-40.907    855.792    -0.058
-40.777    855.309    -0.058
-40.647    854.827    -0.058
-40.516    854.344    -0.058
-40.386    853.861    -0.057
-40.257    853.378    -0.057
-40.144    852.891    -0.057
-40.030    852.404    -0.057
-39.916    851.918    -0.057
-39.803    851.431    -0.057
-39.689    850.944    -0.057
-39.575    850.457    -0.057
-39.461    849.970    -0.057
-39.348    849.483    -0.057
-39.235    848.996    -0.057
-39.122    848.510    -0.057
-39.009    848.022    -0.057
-38.897    847.535    -0.057
-38.783    847.048    -0.057
-38.671    846.561    -0.056
-38.558    846.074    -0.056
-38.445    845.587    -0.056
-38.332    845.099    -0.056
-38.219    844.613    -0.056
-38.107    844.126    -0.056
-37.993    843.639    -0.056
-37.880    843.152    -0.056
-37.767    842.664    -0.056
-37.654    842.178    -0.056
-37.541    841.690    -0.056
-37.429    841.204    -0.056
-37.315    840.716    -0.056
-37.202    840.230    -0.056
-37.089    839.743    -0.056
-36.976    839.255    -0.055
-36.864    838.769    -0.055
-36.751    838.281    -0.055
-36.638    837.794    -0.055
-36.525    837.307    -0.055
-36.414    836.820    -0.055
-36.301    836.332    -0.055
-36.190    835.845    -0.055
-36.078    835.357    -0.055
-35.966    834.871    -0.055
-35.855    834.384    -0.055
-35.743    833.896    -0.055
-35.630    833.409    -0.055
-35.519    832.921    -0.055
-35.407    832.434    -0.055
-35.296    831.947    -0.055
-35.183    831.460    -0.054
-35.072    830.972    -0.054
-34.960    830.485    -0.054
-34.864    829.995    -0.054
-34.774    829.503    -0.054
-34.685    829.011    -0.054
-34.595    828.519    -0.054
-34.507    828.027    -0.054
-34.417    827.535    -0.054
-34.328    827.043    -0.054
-34.239    826.551    -0.054
-34.149    826.059    -0.054
-34.061    825.567    -0.054
-33.971    825.075    -0.054
-33.883    824.583    -0.054
-33.793    824.091    -0.053
-33.704    823.599    -0.053
-33.615    823.107    -0.053
-33.525    822.615    -0.053
-33.436    822.124    -0.053
-33.347    821.632    -0.053
-33.258    821.140    -0.053
-33.169    820.648    -0.053
-33.079    820.156    -0.053
-32.990    819.664    -0.053
-32.913    819.170    -0.053
-32.838    818.675    -0.053
-32.761    818.181    -0.053
-32.685    817.688    -0.053
-32.610    817.193    -0.053
-32.534    816.699    -0.053
-32.457    816.205    -0.052
-32.381    815.711    -0.052
-32.305    815.216    -0.052
-32.229    814.723    -0.052
-32.153    814.229    -0.052
-32.077    813.734    -0.052
-32.002    813.240    -0.052
-31.925    812.746    -0.052
-31.849    812.251    -0.052
-31.773    811.758    -0.052
-31.693    811.264    -0.052
-31.605    810.772    -0.052
-31.516    810.280    -0.052
-31.427    809.788    -0.052
-31.340    809.296    -0.052
-31.251    808.804    -0.052
-31.163    808.312    -0.051
-31.074    807.820    -0.051
-30.985    807.328    -0.051
-30.897    806.836    -0.051
-30.808    806.344    -0.051
-30.719    805.852    -0.051
-30.630    805.360    -0.051
-30.543    804.868    -0.051
-30.454    804.376    -0.051
-30.364    803.884    -0.051
-30.280    803.390    -0.051
-30.203    802.896    -0.051
-30.128    802.403    -0.051
-30.051    801.909    -0.051
-29.974    801.414    -0.051
-29.898    800.920    -0.051
-29.821    800.426    -0.050
-29.742    799.932    -0.050
-29.664    799.439    -0.050
-29.584    798.945    -0.050
-29.506    798.452    -0.050
-29.427    797.957    -0.050
-29.348    797.464    -0.050
-29.272    796.970    -0.050
-29.208    796.474    -0.050
-29.145    795.978    -0.050
-29.082    795.482    -0.050
-29.018    794.986    -0.050
-28.955    794.490    -0.050
-28.892    793.994    -0.050
-28.828    793.499    -0.050
-28.765    793.002    -0.050
-28.702    792.506    -0.049
-28.629    792.012    -0.049
-28.555    791.518    -0.049
-28.483    791.022    -0.049
-28.409    790.528    -0.049
-28.336    790.034    -0.049
-28.263    789.539    -0.049
-28.190    789.045    -0.049
-28.125    788.549    -0.049
-28.059    788.053    -0.049
-27.992    787.557    -0.049
-27.927    787.062    -0.049
-27.860    786.566    -0.049
-27.794    786.070    -0.049
-27.729    785.575    -0.049
-27.662    785.079    -0.049
-27.596    784.584    -0.048
-27.531    784.088    -0.048
-27.464    783.593    -0.048
-27.398    783.097    -0.048
-27.333    782.602    -0.048
-27.266    782.106    -0.048
-27.199    781.611    -0.048
-27.134    781.115    -0.048
-27.067    780.619    -0.048
-27.001    780.124    -0.048
-26.936    779.628    -0.048
-26.870    779.133    -0.048
-26.803    778.637    -0.048
-26.738    778.142    -0.048
-26.676    777.645    -0.048
-26.619    777.148    -0.048
-26.564    776.652    -0.047
-26.507    776.155    -0.047
-26.451    775.658    -0.047
-26.395    775.161    -0.047
-26.339    774.664    -0.047
-26.282    774.168    -0.047
-26.227    773.671    -0.047
-26.170    773.174    -0.047
-26.114    772.677    -0.047
-26.058    772.181    -0.047
-26.002    771.684    -0.047
-25.945    771.187    -0.047
-25.889    770.690    -0.047
-25.833    770.193    -0.047
-25.776    769.697    -0.047
-25.720    769.200    -0.047
-25.665    768.703    -0.047
-25.609    768.206    -0.046
-25.553    767.710    -0.046
-25.498    767.213    -0.046
-25.442    766.716    -0.046
-25.386    766.219    -0.046
-25.331    765.722    -0.046
-25.286    765.224    -0.046
-25.252    764.725    -0.046
-25.218    764.227    -0.046
-25.183    763.727    -0.046
-25.148    763.229    -0.046
-25.113    762.730    -0.046
-25.079    762.232    -0.046
-25.045    761.732    -0.046
-25.010    761.234    -0.046
-24.975    760.736    -0.046
-24.941    760.236    -0.045
-24.907    759.738    -0.045
-24.872    759.239    -0.045
-24.838    758.741    -0.045
-24.804    758.241    -0.045
-24.769    757.743    -0.045
-24.734    757.244    -0.045
-24.700    756.745    -0.045
-24.665    756.246    -0.045
-24.630    755.748    -0.045
-24.594    755.249    -0.045
-24.553    754.750    -0.045
-24.511    754.252    -0.045
-24.469    753.754    -0.045
-24.428    753.256    -0.045
-24.386    752.758    -0.045
-24.344    752.260    -0.045
-24.301    751.762    -0.044
-24.260    751.264    -0.044
-24.217    750.766    -0.044
-24.172    750.268    -0.044
-24.129    749.769    -0.044
-24.084    749.271    -0.044
-24.040    748.773    -0.044
-23.995    748.275    -0.044
-23.952    747.777    -0.044
-23.907    747.279    -0.044
-23.863    746.781    -0.044
-23.819    746.283    -0.044
-23.775    745.785    -0.044
-23.730    745.287    -0.044
-23.686    744.789    -0.044
-23.642    744.291    -0.044
-23.597    743.793    -0.044
-23.553    743.295    -0.043
-23.510    742.798    -0.043
-23.465    742.300    -0.043
-23.420    741.802    -0.043
-23.380    741.302    -0.043
-23.342    740.804    -0.043
-23.302    740.306    -0.043
-23.262    739.808    -0.043
-23.224    739.309    -0.043
-23.184    738.811    -0.043
-23.145    738.312    -0.043
-23.106    737.814    -0.043
-23.069    737.315    -0.043
-23.034    736.817    -0.043
-23.000    736.317    -0.043
-22.965    735.819    -0.043
-22.931    735.320    -0.043
-22.896    734.821    -0.042
-22.861    734.323    -0.042
-22.827    733.824    -0.042
-22.793    733.326    -0.042
-22.758    732.826    -0.042
-22.723    732.328    -0.042
-22.690    731.829    -0.042
-22.655    731.330    -0.042
-22.620    730.831    -0.042
-22.586    730.333    -0.042
-22.552    729.834    -0.042
-22.517    729.335    -0.042
-22.482    728.836    -0.042
-22.449    728.338    -0.042
-22.414    727.838    -0.042
-22.379    727.340    -0.042
-22.344    726.841    -0.042
-22.310    726.343    -0.042
-22.276    725.843    -0.041
-22.241    725.345    -0.041
-22.207    724.846    -0.041
-22.174    724.347    -0.041
-22.141    723.848    -0.041
-22.107    723.350    -0.041
-22.074    722.850    -0.041
-22.041    722.352    -0.041
-22.007    721.853    -0.041
-21.975    721.354    -0.041
-21.944    720.855    -0.041
-21.912    720.356    -0.041
-21.881    719.857    -0.041
-21.849    719.358    -0.041
-21.818    718.860    -0.041
-21.786    718.360    -0.041
-21.754    717.861    -0.041
-21.723    717.363    -0.041
-21.692    716.863    -0.040
-21.660    716.364    -0.040
-21.629    715.866    -0.040
-21.598    715.366    -0.040
-21.566    714.868    -0.040
-21.534    714.368    -0.040
-21.503    713.869    -0.040
-21.472    713.371    -0.040
-21.440    712.871    -0.040
-21.408    712.373    -0.040
-21.376    711.874    -0.040
-21.346    711.374    -0.040
-21.314    710.876    -0.040
-21.282    710.377    -0.040
-21.252    709.878    -0.040
-21.225    709.379    -0.040
-21.197    708.879    -0.040
-21.171    708.380    -0.039
-21.145    707.880    -0.039
-21.118    707.382    -0.039
-21.091    706.882    -0.039
-21.064    706.383    -0.039
-21.038    705.883    -0.039
-21.011    705.385    -0.039
-20.985    704.886    -0.039
-20.958    704.386    -0.039
-20.932    703.887    -0.039
-20.907    703.387    -0.039
-20.882    702.889    -0.039
-20.857    702.389    -0.039
-20.833    701.890    -0.039
-20.808    701.390    -0.039
-20.784    700.890    -0.039
-20.761    700.391    -0.039
-20.736    699.891    -0.039
-20.711    699.393    -0.038
-20.687    698.893    -0.038
-20.663    698.394    -0.038
-20.638    697.894    -0.038
-20.613    697.395    -0.038
-20.588    696.895    -0.038
-20.565    696.397    -0.038
-20.540    695.897    -0.038
-20.515    695.398    -0.038
-20.490    694.898    -0.038
-20.466    694.399    -0.038
-20.442    693.899    -0.038
-20.417    693.401    -0.038
-20.392    692.901    -0.038
-20.369    692.402    -0.038
-20.344    691.902    -0.038
-20.318    691.403    -0.038
-20.291    690.904    -0.038
-20.263    690.405    -0.038
-20.236    689.905    -0.037
-20.208    689.406    -0.037
-20.182    688.907    -0.037
-20.154    688.408    -0.037
-20.127    687.908    -0.037
-20.099    687.409    -0.037
-20.072    686.909    -0.037
-20.045    686.411    -0.037
-20.017    685.912    -0.037
-19.989    685.412    -0.037
-19.963    684.913    -0.037
-19.934    684.414    -0.037
-19.905    683.915    -0.037
-19.876    683.415    -0.037
-19.847    682.917    -0.037
-19.821    682.417    -0.037
-19.801    681.918    -0.037
-19.781    681.418    -0.037
-19.762    680.919    -0.036
-19.743    680.419    -0.036
-19.723    679.919    -0.036
-19.704    679.420    -0.036
-19.685    678.920    -0.036
-19.666    678.420    -0.036
-19.646    677.921    -0.036
-19.627    677.421    -0.036
-19.607    676.922    -0.036
-19.587    676.423    -0.036
-19.568    675.923    -0.036
-19.549    675.423    -0.036
-19.529    674.924    -0.036
-19.509    674.424    -0.036
-19.490    673.925    -0.036
-19.470    673.425    -0.036
-19.451    672.925    -0.036
-19.431    672.426    -0.036
-19.412    671.926    -0.036
-19.393    671.426    -0.035
-19.373    670.927    -0.035
-19.353    670.427    -0.035
-19.334    669.927    -0.035
-19.315    669.428    -0.035
-19.295    668.928    -0.035
-19.276    668.430    -0.035
-19.255    667.930    -0.035
-19.237    667.430    -0.035
-19.217    666.931    -0.035
-19.198    666.431    -0.035
-19.178    665.931    -0.035
-19.159    665.432    -0.035
-19.139    664.932    -0.035
-19.119    664.432    -0.035
-19.100    663.933    -0.035
-19.081    663.433    -0.035
-19.061    662.933    -0.035
-19.042    662.434    -0.035
-19.022    661.934    -0.034
-19.003    661.435    -0.034
-18.984    660.935    -0.034
-18.964    660.436    -0.034
-18.945    659.937    -0.034
-18.925    659.437    -0.034
-18.905    658.937    -0.034
-18.885    658.438    -0.034
-18.867    657.938    -0.034
-18.848    657.438    -0.034
-18.828    656.939    -0.034
-18.808    656.439    -0.034
-18.789    655.940    -0.034
-18.769    655.440    -0.034
-18.749    654.940    -0.034
-18.730    654.441    -0.034
-18.711    653.941    -0.034
-18.695    653.441    -0.034
-18.679    652.941    -0.034
-18.663    652.442    -0.033
-18.647    651.942    -0.033
-18.631    651.442    -0.033
-18.615    650.943    -0.033
-18.599    650.443    -0.033
-18.584    649.943    -0.033
-18.568    649.443    -0.033
-18.551    648.944    -0.033
-18.535    648.444    -0.033
-18.520    647.945    -0.033
-18.504    647.446    -0.033
-18.488    646.946    -0.033
-18.472    646.446    -0.033
-18.456    645.946    -0.033
-18.440    645.447    -0.033
-18.424    644.947    -0.033
-18.408    644.447    -0.033
-18.392    643.947    -0.033
-18.376    643.448    -0.033
-18.360    642.948    -0.033
-18.344    642.448    -0.032
-18.329    641.949    -0.032
-18.312    641.449    -0.032
-18.296    640.949    -0.032
-18.280    640.449    -0.032
-18.265    639.950    -0.032
-18.249    639.450    -0.032
-18.233    638.950    -0.032
-18.216    638.451    -0.032
-18.201    637.951    -0.032
-18.185    637.451    -0.032
-18.168    636.951    -0.032
-18.152    636.452    -0.032
-18.137    635.952    -0.032
-18.121    635.452    -0.032
-18.105    634.952    -0.032
-18.090    634.453    -0.032
-18.074    633.953    -0.032
-18.058    633.453    -0.032
-18.041    632.954    -0.032
-18.026    632.454    -0.031
-18.010    631.954    -0.031
-17.995    631.454    -0.031
-17.980    630.955    -0.031
-17.967    630.455    -0.031
-17.952    629.955    -0.031
-17.938    629.455    -0.031
-17.924    628.956    -0.031
-17.910    628.456    -0.031
-17.895    627.956    -0.031
-17.881    627.456    -0.031
-17.866    626.956    -0.031
-17.852    626.457    -0.031
-17.838    625.957    -0.031
-17.823    625.457    -0.031
-17.809    624.957    -0.031
-17.796    624.458    -0.031
-17.781    623.958    -0.031
-17.766    623.458    -0.031
-17.752    622.958    -0.031
-17.738    622.459    -0.030
-17.724    621.959    -0.030
-17.709    621.459    -0.030
-17.695    620.959    -0.030
-17.681    620.460    -0.030
-17.667    619.960    -0.030
-17.652    619.460    -0.030
-17.637    618.960    -0.030
-17.624    618.461    -0.030
-17.609    617.961    -0.030
-17.595    617.461    -0.030
-17.580    616.961    -0.030
-17.567    616.461    -0.030
-17.553    615.962    -0.030
-17.538    615.462    -0.030
-17.524    614.962    -0.030
-17.510    614.462    -0.030
-17.496    613.963    -0.030
-17.481    613.463    -0.030
-17.466    612.963    -0.030
-17.453    612.463    -0.030
-17.438    611.964    -0.029
-17.424    611.464    -0.029
-17.409    610.964    -0.029
-17.395    610.464    -0.029
-17.381    609.965    -0.029
-17.366    609.465    -0.029
-17.352    608.965    -0.029
-17.338    608.465    -0.029
-17.324    607.965    -0.029
-17.309    607.466    -0.029
-17.294    606.966    -0.029
-17.281    606.466    -0.029
-17.266    605.966    -0.029
-17.252    605.467    -0.029
-17.238    604.967    -0.029
-17.224    604.467    -0.029
-17.209    603.967    -0.029
-17.195    603.468    -0.029
-17.181    602.968    -0.029
-17.167    602.468    -0.029
-17.153    601.968    -0.029
-17.138    601.469    -0.028
-17.123    600.969    -0.028
-17.110    600.469    -0.028
-17.095    599.969    -0.028
-17.081    599.470    -0.028
-17.067    598.970    -0.028
-17.053    598.471    -0.028
-17.038    597.971    -0.028
-17.024    597.471    -0.028
-17.010    596.972    -0.028
-16.996    596.472    -0.028
-16.982    595.972    -0.028
-16.967    595.472    -0.028
-16.953    594.973    -0.028
-16.938    594.473    -0.028
-16.924    593.973    -0.028
-16.909    593.473    -0.028
-16.896    592.974    -0.028
-16.881    592.474    -0.028
-16.867    591.974    -0.028
-16.853    591.474    -0.028
-16.839    590.975    -0.027
-16.825    590.475    -0.027
-16.810    589.975    -0.027
-16.795    589.475    -0.027
-16.782    588.975    -0.027
-16.767    588.476    -0.027
-16.753    587.976    -0.027
-16.738    587.476    -0.027
-16.725    586.976    -0.027
-16.710    586.477    -0.027
-16.695    585.977    -0.027
-16.681    585.477    -0.027
-16.667    584.977    -0.027
-16.652    584.478    -0.027
-16.637    583.978    -0.027
-16.622    583.478    -0.027
-16.608    582.978    -0.027
-16.593    582.479    -0.027
-16.578    581.979    -0.027
-16.563    581.479    -0.027
-16.549    580.979    -0.027
-16.534    580.480    -0.027
-16.518    579.980    -0.026
-16.503    579.480    -0.026
-16.489    578.980    -0.026
-16.474    578.481    -0.026
-16.459    577.981    -0.026
-16.445    577.481    -0.026
-16.431    576.981    -0.026
-16.417    576.482    -0.026
-16.403    575.982    -0.026
-16.389    575.482    -0.026
-16.376    574.982    -0.026
-16.362    574.483    -0.026
-16.347    573.983    -0.026
-16.333    573.483    -0.026
-16.320    572.983    -0.026
-16.305    572.483    -0.026
-16.291    571.984    -0.026
-16.277    571.484    -0.026
-16.264    570.984    -0.026
-16.250    570.484    -0.026
-16.236    569.985    -0.026
-16.221    569.485    -0.026
-16.207    568.985    -0.025
-16.192    568.485    -0.025
-16.177    567.986    -0.025
-16.163    567.486    -0.025
-16.149    566.986    -0.025
-16.134    566.486    -0.025
-16.119    565.987    -0.025
-16.105    565.487    -0.025
-16.090    564.987    -0.025
-16.075    564.487    -0.025
-16.060    563.988    -0.025
-16.047    563.488    -0.025
-16.032    562.988    -0.025
-16.017    562.488    -0.025
-16.002    561.989    -0.025
-15.988    561.489    -0.025
-15.973    560.989    -0.025
-15.959    560.489    -0.025
-15.944    559.989    -0.025
-15.930    559.490    -0.025
-15.915    558.990    -0.025
-15.900    558.490    -0.025
-15.885    557.990    -0.025
-15.871    557.491    -0.024
-15.856    556.991    -0.024
-15.841    556.491    -0.024
-15.826    555.991    -0.024
-15.813    555.492    -0.024
-15.798    554.992    -0.024
-15.783    554.492    -0.024
-15.768    553.992    -0.024
-15.754    553.493    -0.024
-15.740    552.993    -0.024
-15.725    552.493    -0.024
-15.710    551.993    -0.024
-15.696    551.494    -0.024
-15.681    550.994    -0.024
-15.666    550.494    -0.024
-15.651    549.994    -0.024
-15.638    549.495    -0.024
-15.623    548.995    -0.024
-15.608    548.495    -0.024
-15.593    547.995    -0.024
-15.579    547.496    -0.024
-15.564    546.996    -0.024
-15.549    546.496    -0.024
-15.534    545.996    -0.023
-15.520    545.497    -0.023
-15.506    544.997    -0.023
-15.491    544.497    -0.023
-15.476    543.997    -0.023
-15.462    543.498    -0.023
-15.447    542.998    -0.023
-15.432    542.498    -0.023
-15.417    541.998    -0.023
-15.403    541.499    -0.023
-15.389    540.999    -0.023
-15.374    540.499    -0.023
-15.359    539.999    -0.023
-15.345    539.500    -0.023
-15.330    539.000    -0.023
-15.315    538.500    -0.023
-15.301    538.000    -0.023
-15.287    537.501    -0.023
-15.272    537.001    -0.023
-15.257    536.501    -0.023
-15.242    536.001    -0.023
-15.228    535.501    -0.023
-15.214    535.002    -0.023
-15.199    534.502    -0.022
-15.184    534.002    -0.022
-15.171    533.502    -0.022
-15.156    533.004    -0.022
-15.142    532.504    -0.022
-15.128    532.004    -0.022
-15.113    531.504    -0.022
-15.099    531.005    -0.022
-15.084    530.505    -0.022
-15.071    530.005    -0.022
-15.057    529.505    -0.022
-15.042    529.006    -0.022
-15.027    528.506    -0.022
-15.014    528.006    -0.022
-14.999    527.506    -0.022
-14.985    527.007    -0.022
-14.970    526.507    -0.022
-14.956    526.007    -0.022
-14.942    525.507    -0.022
-14.927    525.007    -0.022
-14.913    524.508    -0.022
-14.899    524.008    -0.022
-14.885    523.508    -0.022
-14.870    523.008    -0.022
-14.856    522.509    -0.021
-14.842    522.009    -0.021
-14.828    521.509    -0.021
-14.813    521.009    -0.021
-14.799    520.510    -0.021
-14.785    520.010    -0.021
-14.771    519.510    -0.021
-14.756    519.010    -0.021
-14.741    518.511    -0.021
-14.728    518.011    -0.021
-14.713    517.511    -0.021
-14.699    517.011    -0.021
-14.684    516.512    -0.021
-14.670    516.012    -0.021
-14.656    515.512    -0.021
-14.641    515.012    -0.021
-14.627    514.512    -0.021
-14.613    514.013    -0.021
-14.598    513.513    -0.021
-14.584    513.013    -0.021
-14.569    512.513    -0.021
-14.555    512.014    -0.021
-14.541    511.514    -0.021
-14.527    511.014    -0.021
-14.512    510.514    -0.021
-14.498    510.015    -0.020
-14.484    509.515    -0.020
-14.469    509.015    -0.020
-14.455    508.515    -0.020
-14.441    508.016    -0.020
-14.427    507.516    -0.020
-14.412    507.016    -0.020
-14.398    506.516    -0.020
-14.384    506.017    -0.020
-14.370    505.517    -0.020
-14.355    505.017    -0.020
-14.340    504.517    -0.020
-14.327    504.017    -0.020
-14.312    503.518    -0.020
-14.298    503.018    -0.020
-14.283    502.518    -0.020
-14.270    502.018    -0.020
-14.255    501.519    -0.020
-14.241    501.019    -0.020
-14.227    500.519    -0.020
-14.212    500.019    -0.020
-14.198    499.520    -0.020
-14.183    499.020    -0.020
-14.170    498.520    -0.020
-14.155    498.020    -0.020
-14.141    497.521    -0.019
-14.126    497.021    -0.019
-14.113    496.521    -0.019
-14.098    496.021    -0.019
-14.083    495.522    -0.019
-14.069    495.022    -0.019
-14.055    494.522    -0.019
-14.040    494.022    -0.019
-14.026    493.522    -0.019
-14.011    493.023    -0.019
-13.998    492.523    -0.019
-13.984    492.023    -0.019
-13.969    491.523    -0.019
-13.954    491.024    -0.019
-13.941    490.524    -0.019
-13.926    490.024    -0.019
-13.912    489.524    -0.019
-13.897    489.025    -0.019
-13.884    488.525    -0.019
-13.869    488.025    -0.019
-13.855    487.525    -0.019
-13.840    487.026    -0.019
-13.826    486.526    -0.019
-13.812    486.026    -0.019
-13.797    485.526    -0.019
-13.782    485.027    -0.019
-13.769    484.527    -0.018
-13.755    484.027    -0.018
-13.740    483.527    -0.018
-13.726    483.027    -0.018
-13.712    482.528    -0.018
-13.697    482.028    -0.018
-13.683    481.528    -0.018
-13.668    481.028    -0.018
-13.655    480.529    -0.018
-13.640    480.029    -0.018
-13.626    479.529    -0.018
-13.611    479.029    -0.018
-13.596    478.530    -0.018
-13.581    478.030    -0.018
-13.566    477.530    -0.018
-13.551    477.030    -0.018
-13.538    476.531    -0.018
-13.523    476.031    -0.018
-13.508    475.531    -0.018
-13.493    475.031    -0.018
-13.479    474.532    -0.018
-13.464    474.032    -0.018
-13.449    473.532    -0.018
-13.435    473.032    -0.018
-13.421    472.533    -0.018
-13.406    472.033    -0.018
-13.391    471.533    -0.017
-13.376    471.033    -0.017
-13.362    470.534    -0.017
-13.348    470.034    -0.017
-13.333    469.534    -0.017
-13.318    469.034    -0.017
-13.304    468.535    -0.017
-13.289    468.035    -0.017
-13.274    467.535    -0.017
-13.260    467.035    -0.017
-13.245    466.536    -0.017
-13.230    466.036    -0.017
-13.215    465.536    -0.017
-13.201    465.036    -0.017
-13.187    464.536    -0.017
-13.172    464.037    -0.017
-13.157    463.537    -0.017
-13.143    463.037    -0.017
-13.128    462.537    -0.017
-13.113    462.039    -0.017
-13.098    461.539    -0.017
-13.084    461.039    -0.017
-13.070    460.539    -0.017
-13.055    460.040    -0.017
-13.040    459.540    -0.017
-13.026    459.040    -0.017
-13.012    458.540    -0.017
-12.997    458.041    -0.017
-12.982    457.541    -0.016
-12.968    457.041    -0.016
-12.953    456.541    -0.016
-12.938    456.042    -0.016
-12.923    455.542    -0.016
-12.909    455.042    -0.016
-12.894    454.542    -0.016
-12.879    454.043    -0.016
-12.864    453.543    -0.016
-12.850    453.043    -0.016
-12.836    452.543    -0.016
-12.821    452.044    -0.016
-12.806    451.544    -0.016
-12.791    451.044    -0.016
-12.776    450.544    -0.016
-12.761    450.045    -0.016
-12.746    449.545    -0.016
-12.732    449.045    -0.016
-12.716    448.545    -0.016
-12.701    448.046    -0.016
-12.685    447.546    -0.016
-12.671    447.046    -0.016
-12.655    446.546    -0.016
-12.640    446.047    -0.016
-12.625    445.547    -0.016
-12.611    445.047    -0.016
-12.595    444.547    -0.016
-12.580    444.048    -0.016
-12.564    443.548    -0.015
-12.550    443.048    -0.015
-12.536    442.548    -0.015
-12.521    442.049    -0.015
-12.507    441.549    -0.015
-12.493    441.049    -0.015
-12.479    440.549    -0.015
-12.464    440.050    -0.015
-12.450    439.550    -0.015
-12.436    439.050    -0.015
-12.422    438.550    -0.015
-12.407    438.051    -0.015
-12.394    437.551    -0.015
-12.379    437.051    -0.015
-12.365    436.551    -0.015
-12.350    436.052    -0.015
-12.336    435.552    -0.015
-12.322    435.052    -0.015
-12.307    434.552    -0.015
-12.293    434.052    -0.015
-12.280    433.553    -0.015
-12.266    433.053    -0.015
-12.252    432.553    -0.015
-12.238    432.053    -0.015
-12.226    431.554    -0.015
-12.212    431.054    -0.015
-12.198    430.554    -0.015
-12.184    430.054    -0.015
-12.172    429.554    -0.015
-12.158    429.055    -0.014
-12.145    428.555    -0.014
-12.131    428.055    -0.014
-12.118    427.555    -0.014
-12.105    427.056    -0.014
-12.091    426.556    -0.014
-12.077    426.056    -0.014
-12.064    425.556    -0.014
-12.050    425.056    -0.014
-12.036    424.557    -0.014
-12.023    424.057    -0.014
-12.010    423.557    -0.014
-11.996    423.057    -0.014
-11.983    422.558    -0.014
-11.969    422.058    -0.014
-11.956    421.558    -0.014
-11.943    421.058    -0.014
-11.929    420.558    -0.014
-11.915    420.059    -0.014
-11.903    419.559    -0.014
-11.889    419.059    -0.014
-11.875    418.559    -0.014
-11.861    418.060    -0.014
-11.848    417.560    -0.014
-11.835    417.060    -0.014
-11.821    416.560    -0.014
-11.807    416.060    -0.014
-11.794    415.561    -0.014
-11.781    415.061    -0.014
-11.767    414.561    -0.014
-11.753    414.061    -0.013
-11.741    413.561    -0.013
-11.727    413.062    -0.013
-11.713    412.562    -0.013
-11.699    412.062    -0.013
-11.686    411.562    -0.013
-11.672    411.063    -0.013
-11.659    410.563    -0.013
-11.645    410.063    -0.013
-11.632    409.563    -0.013
-11.619    409.063    -0.013
-11.605    408.564    -0.013
-11.591    408.064    -0.013
-11.578    407.564    -0.013
-11.565    407.064    -0.013
-11.551    406.565    -0.013
-11.538    406.065    -0.013
-11.525    405.565    -0.013
-11.511    405.065    -0.013
-11.497    404.565    -0.013
-11.484    404.066    -0.013
-11.471    403.566    -0.013
-11.457    403.066    -0.013
-11.443    402.566    -0.013
-11.430    402.067    -0.013
-11.416    401.567    -0.013
-11.403    401.067    -0.013
-11.389    400.567    -0.013
-11.377    400.067    -0.013
-11.363    399.568    -0.013
-11.349    399.068    -0.013
-11.336    398.568    -0.013
-11.323    398.068    -0.012
-11.309    397.568    -0.012
-11.295    397.069    -0.012
-11.281    396.569    -0.012
-11.268    396.069    -0.012
-11.255    395.569    -0.012
-11.241    395.070    -0.012
-11.227    394.570    -0.012
-11.215    394.070    -0.012
-11.201    393.570    -0.012
-11.186    393.070    -0.012
-11.172    392.571    -0.012
-11.159    392.071    -0.012
-11.145    391.571    -0.012
-11.131    391.071    -0.012
-11.116    390.572    -0.012
-11.103    390.072    -0.012
-11.089    389.572    -0.012
-11.074    389.072    -0.012
-11.060    388.573    -0.012
-11.047    388.073    -0.012
-11.033    387.573    -0.012
-11.019    387.073    -0.012
-11.005    386.573    -0.012
-10.991    386.074    -0.012
-10.977    385.574    -0.012
-10.963    385.074    -0.012
-10.948    384.574    -0.012
-10.934    384.075    -0.012
-10.919    383.575    -0.012
-10.903    383.075    -0.012
-10.888    382.575    -0.012
-10.874    382.076    -0.011
-10.859    381.576    -0.011
-10.844    381.076    -0.011
-10.828    380.576    -0.011
-10.814    380.077    -0.011
-10.799    379.577    -0.011
-10.784    379.077    -0.011
-10.768    378.577    -0.011
-10.755    378.078    -0.011
-10.739    377.578    -0.011
-10.724    377.078    -0.011
-10.708    376.578    -0.011
-10.694    376.080    -0.011
-10.679    375.580    -0.011
-10.664    375.080    -0.011
-10.650    374.580    -0.011
-10.635    374.081    -0.011
-10.619    373.581    -0.011
-10.604    373.081    -0.011
-10.590    372.581    -0.011
-10.575    372.082    -0.011
-10.560    371.582    -0.011
-10.545    371.082    -0.011
-10.531    370.582    -0.011
-10.516    370.083    -0.011
-10.501    369.583    -0.011
-10.486    369.083    -0.011
-10.472    368.583    -0.011
-10.457    368.084    -0.011
-10.442    367.584    -0.011
-10.427    367.084    -0.011
-10.413    366.584    -0.011
-10.398    366.085    -0.011
-10.383    365.585    -0.011
-10.368    365.085    -0.010
-10.354    364.585    -0.010
-10.339    364.086    -0.010
-10.324    363.586    -0.010
-10.310    363.086    -0.010
-10.298    362.586    -0.010
-10.284    362.087    -0.010
-10.270    361.587    -0.010
-10.256    361.087    -0.010
-10.244    360.587    -0.010
-10.230    360.087    -0.010
-10.216    359.588    -0.010
-10.203    359.088    -0.010
-10.190    358.588    -0.010
-10.176    358.088    -0.010
-10.163    357.589    -0.010
-10.149    357.089    -0.010
-10.136    356.589    -0.010
-10.122    356.089    -0.010
-10.109    355.589    -0.010
-10.095    355.090    -0.010
-10.082    354.590    -0.010
-10.069    354.090    -0.010
-10.055    353.590    -0.010
-10.041    353.090    -0.010
-10.028    352.591    -0.010
-10.015    352.091    -0.010
-10.001    351.591    -0.010
-9.987    351.091    -0.010
-9.974    350.592    -0.010
-9.961    350.092    -0.010
-9.947    349.592    -0.010
-9.933    349.092    -0.010
-9.921    348.592    -0.010
-9.907    348.093    -0.010
-9.893    347.593    -0.010
-9.879    347.093    -0.009
-9.867    346.593    -0.009
-9.853    346.094    -0.009
-9.840    345.594    -0.009
-9.826    345.094    -0.009
-9.813    344.594    -0.009
-9.799    344.094    -0.009
-9.786    343.595    -0.009
-9.772    343.095    -0.009
-9.759    342.595    -0.009
-9.745    342.095    -0.009
-9.731    341.596    -0.009
-9.719    341.096    -0.009
-9.705    340.596    -0.009
-9.691    340.096    -0.009
-9.678    339.596    -0.009
-9.665    339.097    -0.009
-9.651    338.597    -0.009
-9.638    338.097    -0.009
-9.624    337.597    -0.009
-9.611    337.097    -0.009
-9.597    336.598    -0.009
-9.584    336.098    -0.009
-9.570    335.598    -0.009
-9.557    335.098    -0.009
-9.543    334.599    -0.009
-9.530    334.099    -0.009
-9.517    333.599    -0.009
-9.504    333.099    -0.009
-9.490    332.599    -0.009
-9.476    332.100    -0.009
-9.462    331.600    -0.009
-9.449    331.100    -0.009
-9.436    330.600    -0.009
-9.422    330.101    -0.009
-9.409    329.601    -0.009
-9.396    329.101    -0.009
-9.382    328.601    -0.008
-9.368    328.101    -0.008
-9.355    327.602    -0.008
-9.342    327.102    -0.008
-9.328    326.602    -0.008
-9.314    326.102    -0.008
-9.301    325.602    -0.008
-9.288    325.103    -0.008
-9.275    324.603    -0.008
-9.261    324.103    -0.008
-9.247    323.603    -0.008
-9.235    323.104    -0.008
-9.221    322.604    -0.008
-9.206    322.104    -0.008
-9.193    321.604    -0.008
-9.180    321.104    -0.008
-9.166    320.605    -0.008
-9.153    320.105    -0.008
-9.139    319.605    -0.008
-9.126    319.105    -0.008
-9.113    318.606    -0.008
-9.099    318.106    -0.008
-9.085    317.606    -0.008
-9.073    317.106    -0.008
-9.059    316.606    -0.008
-9.045    316.107    -0.008
-9.032    315.607    -0.008
-9.019    315.107    -0.008
-9.005    314.607    -0.008
-8.991    314.108    -0.008
-8.978    313.608    -0.008
-8.965    313.108    -0.008
-8.951    312.608    -0.008
-8.937    312.108    -0.008
-8.923    311.609    -0.008
-8.911    311.109    -0.008
-8.897    310.609    -0.008
-8.883    310.109    -0.008
-8.871    309.609    -0.008
-8.857    309.110    -0.008
-8.843    308.610    -0.007
-8.829    308.110    -0.007
-8.817    307.610    -0.007
-8.803    307.111    -0.007
-8.790    306.611    -0.007
-8.776    306.111    -0.007
-8.763    305.611    -0.007
-8.749    305.111    -0.007
-8.735    304.612    -0.007
-8.721    304.112    -0.007
-8.707    303.612    -0.007
-8.692    303.112    -0.007
-8.677    302.613    -0.007
-8.662    302.113    -0.007
-8.649    301.613    -0.007
-8.635    301.113    -0.007
-8.620    300.614    -0.007
-8.605    300.114    -0.007
-8.591    299.614    -0.007
-8.576    299.114    -0.007
-8.562    298.615    -0.007
-8.547    298.115    -0.007
-8.533    297.615    -0.007
-8.519    297.115    -0.007
-8.504    296.616    -0.007
-8.489    296.116    -0.007
-8.476    295.616    -0.007
-8.462    295.116    -0.007
-8.448    294.616    -0.007
-8.434    294.117    -0.007
-8.421    293.617    -0.007
-8.408    293.117    -0.007
-8.394    292.617    -0.007
-8.381    292.118    -0.007
-8.368    291.618    -0.007
-8.354    291.118    -0.007
-8.340    290.618    -0.007
-8.326    290.118    -0.007
-8.314    289.619    -0.007
-8.300    289.119    -0.007
-8.286    288.619    -0.007
-8.273    288.119    -0.007
-8.260    287.619    -0.007
-8.246    287.120    -0.006
-8.232    286.620    -0.006
-8.219    286.120    -0.006
-8.206    285.620    -0.006
-8.192    285.121    -0.006
-8.179    284.621    -0.006
-8.165    284.121    -0.006
-8.149    283.621    -0.006
-8.131    283.122    -0.006
-8.113    282.622    -0.006
-8.095    282.122    -0.006
-8.078    281.623    -0.006
-8.060    281.124    -0.006
-8.043    280.624    -0.006
-8.025    280.125    -0.006
-8.007    279.625    -0.006
-7.989    279.125    -0.006
-7.971    278.625    -0.006
-7.954    278.126    -0.006
-7.936    277.626    -0.006
-7.918    277.126    -0.006
-7.900    276.627    -0.006
-7.883    276.127    -0.006
-7.865    275.627    -0.006
-7.847    275.128    -0.006
-7.829    274.628    -0.006
-7.812    274.128    -0.006
-7.794    273.629    -0.006
-7.776    273.129    -0.006
-7.758    272.629    -0.006
-7.741    272.130    -0.006
-7.723    271.630    -0.006
-7.705    271.130    -0.006
-7.687    270.631    -0.006
-7.670    270.131    -0.006
-7.652    269.631    -0.006
-7.634    269.132    -0.006
-7.616    268.632    -0.006
-7.599    268.132    -0.006
-7.581    267.633    -0.006
-7.563    267.134    -0.006
-7.545    266.634    -0.006
-7.528    266.134    -0.006
-7.511    265.635    -0.006
-7.496    265.135    -0.006
-7.481    264.635    -0.006
-7.468    264.135    -0.005
-7.454    263.636    -0.005
-7.439    263.136    -0.005
-7.425    262.636    -0.005
-7.411    262.136    -0.005
-7.396    261.637    -0.005
-7.382    261.137    -0.005
-7.367    260.637    -0.005
-7.354    260.137    -0.005
-7.340    259.638    -0.005
-7.325    259.138    -0.005
-7.312    258.638    -0.005
-7.297    258.138    -0.005
-7.283    257.639    -0.005
-7.268    257.139    -0.005
-7.255    256.639    -0.005
-7.240    256.139    -0.005
-7.225    255.640    -0.005
-7.211    255.140    -0.005
-7.198    254.640    -0.005
-7.183    254.140    -0.005
-7.169    253.640    -0.005
-7.154    253.141    -0.005
-7.141    252.641    -0.005
-7.126    252.141    -0.005
-7.112    251.641    -0.005
-7.097    251.142    -0.005
-7.084    250.642    -0.005
-7.069    250.142    -0.005
-7.055    249.642    -0.005
-7.040    249.143    -0.005
-7.027    248.643    -0.005
-7.013    248.143    -0.005
-6.998    247.643    -0.005
-6.984    247.143    -0.005
-6.970    246.644    -0.005
-6.956    246.144    -0.005
-6.942    245.644    -0.005
-6.927    245.144    -0.005
-6.913    244.645    -0.005
-6.899    244.145    -0.005
-6.884    243.645    -0.005
-6.870    243.145    -0.005
-6.856    242.646    -0.005
-6.842    242.146    -0.005
-6.828    241.646    -0.005
-6.813    241.146    -0.005
-6.800    240.647    -0.005
-6.785    240.147    -0.005
-6.771    239.647    -0.005
-6.756    239.147    -0.005
-6.743    238.647    -0.004
-6.729    238.148    -0.004
-6.714    237.648    -0.004
-6.700    237.148    -0.004
-6.687    236.648    -0.004
-6.672    236.149    -0.004
-6.658    235.649    -0.004
-6.643    235.149    -0.004
-6.630    234.649    -0.004
-6.615    234.150    -0.004
-6.601    233.650    -0.004
-6.586    233.150    -0.004
-6.573    232.650    -0.004
-6.558    232.151    -0.004
-6.543    231.651    -0.004
-6.529    231.151    -0.004
-6.515    230.651    -0.004
-6.501    230.152    -0.004
-6.487    229.652    -0.004
-6.473    229.152    -0.004
-6.459    228.652    -0.004
-6.444    228.152    -0.004
-6.430    227.653    -0.004
-6.416    227.153    -0.004
-6.402    226.653    -0.004
-6.388    226.153    -0.004
-6.373    225.654    -0.004
-6.360    225.154    -0.004
-6.345    224.654    -0.004
-6.331    224.154    -0.004
-6.316    223.655    -0.004
-6.302    223.155    -0.004
-6.288    222.655    -0.004
-6.274    222.155    -0.004
-6.259    221.656    -0.004
-6.246    221.156    -0.004
-6.232    220.656    -0.004
-6.217    220.156    -0.004
-6.203    219.656    -0.004
-6.189    219.157    -0.004
-6.175    218.657    -0.004
-6.160    218.157    -0.004
-6.146    217.657    -0.004
-6.132    217.158    -0.004
-6.118    216.658    -0.004
-6.104    216.158    -0.004
-6.089    215.658    -0.004
-6.076    215.159    -0.004
-6.061    214.659    -0.004
-6.047    214.159    -0.004
-6.032    213.659    -0.004
-6.018    213.160    -0.004
-6.003    212.660    -0.004
-5.988    212.160    -0.004
-5.974    211.660    -0.004
-5.960    211.160    -0.004
-5.945    210.661    -0.003
-5.929    210.161    -0.003
-5.914    209.661    -0.003
-5.900    209.162    -0.003
-5.885    208.662    -0.003
-5.870    208.162    -0.003
-5.855    207.662    -0.003
-5.841    207.162    -0.003
-5.826    206.663    -0.003
-5.811    206.163    -0.003
-5.796    205.663    -0.003
-5.782    205.163    -0.003
-5.767    204.664    -0.003
-5.752    204.164    -0.003
-5.737    203.664    -0.003
-5.723    203.164    -0.003
-5.709    202.665    -0.003
-5.695    202.165    -0.003
-5.681    201.665    -0.003
-5.666    201.165    -0.003
-5.652    200.666    -0.003
-5.638    200.166    -0.003
-5.624    199.666    -0.003
-5.609    199.166    -0.003
-5.595    198.668    -0.003
-5.580    198.168    -0.003
-5.567    197.668    -0.003
-5.552    197.168    -0.003
-5.538    196.669    -0.003
-5.523    196.169    -0.003
-5.510    195.669    -0.003
-5.495    195.169    -0.003
-5.481    194.669    -0.003
-5.466    194.170    -0.003
-5.453    193.670    -0.003
-5.438    193.170    -0.003
-5.424    192.670    -0.003
-5.409    192.171    -0.003
-5.396    191.671    -0.003
-5.381    191.171    -0.003
-5.367    190.671    -0.003
-5.353    190.172    -0.003
-5.339    189.672    -0.003
-5.324    189.172    -0.003
-5.310    188.672    -0.003
-5.295    188.173    -0.003
-5.282    187.673    -0.003
-5.267    187.173    -0.003
-5.253    186.673    -0.003
-5.238    186.174    -0.003
-5.225    185.674    -0.003
-5.210    185.174    -0.003
-5.196    184.674    -0.003
-5.182    184.174    -0.003
-5.168    183.675    -0.003
-5.154    183.175    -0.003
-5.140    182.675    -0.003
-5.126    182.175    -0.003
-5.113    181.676    -0.003
-5.099    181.176    -0.003
-5.085    180.676    -0.003
-5.071    180.176    -0.003
-5.058    179.676    -0.003
-5.044    179.177    -0.003
-5.030    178.677    -0.003
-5.016    178.177    -0.002
-5.004    177.677    -0.002
-4.990    177.178    -0.002
-4.976    176.678    -0.002
-4.962    176.178    -0.002
-4.949    175.678    -0.002
-4.935    175.178    -0.002
-4.921    174.679    -0.002
-4.908    174.179    -0.002
-4.894    173.679    -0.002
-4.880    173.179    -0.002
-4.866    172.680    -0.002
-4.853    172.180    -0.002
-4.839    171.680    -0.002
-4.825    171.180    -0.002
-4.811    170.681    -0.002
-4.798    170.181    -0.002
-4.784    169.681    -0.002
-4.770    169.181    -0.002
-4.756    168.681    -0.002
-4.744    168.182    -0.002
-4.730    167.682    -0.002
-4.716    167.182    -0.002
-4.702    166.682    -0.002
-4.689    166.183    -0.002
-4.675    165.683    -0.002
-4.661    165.183    -0.002
-4.648    164.683    -0.002
-4.635    164.183    -0.002
-4.621    163.684    -0.002
-4.607    163.184    -0.002
-4.593    162.684    -0.002
-4.580    162.184    -0.002
-4.566    161.685    -0.002
-4.552    161.185    -0.002
-4.538    160.685    -0.002
-4.525    160.185    -0.002
-4.511    159.685    -0.002
-4.497    159.186    -0.002
-4.483    158.686    -0.002
-4.470    158.186    -0.002
-4.456    157.686    -0.002
-4.442    157.187    -0.002
-4.428    156.687    -0.002
-4.415    156.187    -0.002
-4.402    155.687    -0.002
-4.388    155.187    -0.002
-4.374    154.688    -0.002
-4.361    154.188    -0.002
-4.347    153.688    -0.002
-4.333    153.188    -0.002
-4.320    152.689    -0.002
-4.307    152.189    -0.002
-4.293    151.689    -0.002
-4.278    151.189    -0.002
-4.263    150.689    -0.002
-4.250    150.190    -0.002
-4.236    149.690    -0.002
-4.222    149.190    -0.002
-4.208    148.690    -0.002
-4.194    148.191    -0.002
-4.179    147.691    -0.002
-4.165    147.191    -0.002
-4.151    146.691    -0.002
-4.137    146.192    -0.002
-4.123    145.692    -0.002
-4.109    145.192    -0.002
-4.095    144.692    -0.002
-4.081    144.192    -0.002
-4.066    143.693    -0.002
-4.052    143.193    -0.002
-4.038    142.693    -0.002
-4.025    142.193    -0.002
-4.010    141.694    -0.002
-3.996    141.194    -0.002
-3.983    140.694    -0.002
-3.968    140.194    -0.002
-3.954    139.695    -0.002
-3.939    139.195    -0.002
-3.926    138.695    -0.002
-3.911    138.195    -0.002
-3.897    137.696    -0.001
-3.882    137.196    -0.001
-3.869    136.696    -0.001
-3.854    136.196    -0.001
-3.839    135.696    -0.001
-3.825    135.197    -0.001
-3.811    134.697    -0.001
-3.796    134.197    -0.001
-3.781    133.697    -0.001
-3.767    133.198    -0.001
-3.753    132.698    -0.001
-3.738    132.198    -0.001
-3.724    131.698    -0.001
-3.709    131.199    -0.001
-3.695    130.699    -0.001
-3.681    130.199    -0.001
-3.666    129.699    -0.001
-3.651    129.200    -0.001
-3.637    128.700    -0.001
-3.622    128.200    -0.001
-3.608    127.700    -0.001
-3.593    127.201    -0.001
-3.579    126.701    -0.001
-3.565    126.201    -0.001
-3.550    125.701    -0.001
-3.535    125.202    -0.001
-3.521    124.702    -0.001
-3.506    124.202    -0.001
-3.492    123.702    -0.001
-3.477    123.203    -0.001
-3.464    122.703    -0.001
-3.449    122.203    -0.001
-3.434    121.703    -0.001
-3.419    121.203    -0.001
-3.405    120.704    -0.001
-3.391    120.204    -0.001
-3.376    119.704    -0.001
-3.362    119.204    -0.001
-3.347    118.705    -0.001
-3.332    118.205    -0.001
-3.318    117.705    -0.001
-3.304    117.205    -0.001
-3.290    116.706    -0.001
-3.275    116.206    -0.001
-3.260    115.706    -0.001
-3.246    115.206    -0.001
-3.232    114.707    -0.001
-3.217    114.207    -0.001
-3.203    113.707    -0.001
-3.189    113.207    -0.001
-3.174    112.708    -0.001
-3.159    112.208    -0.001
-3.144    111.708    -0.001
-3.130    111.209    -0.001
-3.116    110.710    -0.001
-3.101    110.210    -0.001
-3.086    109.710    -0.001
-3.073    109.210    -0.001
-3.058    108.711    -0.001
-3.044    108.211    -0.001
-3.029    107.711    -0.001
-3.015    107.211    -0.001
-3.000    106.711    -0.001
-2.986    106.212    -0.001
-2.971    105.712    -0.001
-2.957    105.212    -0.001
-2.943    104.712    -0.001
-2.928    104.213    -0.001
-2.913    103.713    -0.001
-2.899    103.213    -0.001
-2.884    102.713    -0.001
-2.870    102.214    -0.001
-2.855    101.714    -0.001
-2.841    101.214    -0.001
-2.827    100.714    -0.001
-2.812    100.215    -0.001
-2.797    99.715    -0.001
-2.784    99.215    -0.001
-2.769    98.715    -0.001
-2.754    98.216    -0.001
-2.742    97.716    -0.001
-2.731    97.216    -0.001
-2.719    96.716    -0.001
-2.707    96.216    -0.001
-2.695    95.716    -0.001
-2.684    95.217    -0.001
-2.672    94.717    -0.001
-2.660    94.217    -0.001
-2.649    93.717    -0.001
-2.637    93.217    -0.001
-2.625    92.718    -0.001
-2.613    92.218    -0.001
-2.602    91.718    -0.001
-2.590    91.218    -0.001
-2.578    90.718    -0.001
-2.566    90.218    -0.001
-2.555    89.719    -0.001
-2.543    89.219    -0.001
-2.531    88.719    -0.001
-2.519    88.219    -0.001
-2.508    87.719    -0.001
-2.496    87.220    -0.001
-2.483    86.720    -0.001
-2.471    86.220    -0.001
-2.460    85.720    -0.001
-2.448    85.220    -0.001
-2.433    84.720    -0.001
-2.417    84.221    -0.001
-2.401    83.721    -0.001
-2.385    83.221    -0.001
-2.369    82.722    -0.001
-2.353    82.222    -0.001
-2.338    81.722    -0.001
-2.322    81.222    -0.001
-2.306    80.723    -0.001
-2.290    80.223    -0.001
-2.275    79.723    -0.001
-2.259    79.224    -0.000
-2.243    78.724    -0.000
-2.228    78.224    -0.000
-2.214    77.724    -0.000
-2.199    77.225    -0.000
-2.184    76.725    -0.000
-2.170    76.225    -0.000
-2.156    75.725    -0.000
-2.141    75.225    -0.000
-2.126    74.726    -0.000
-2.111    74.226    -0.000
-2.097    73.726    -0.000
-2.082    73.226    -0.000
-2.067    72.727    -0.000
-2.052    72.227    -0.000
-2.040    71.727    -0.000
-2.027    71.227    -0.000
-2.013    70.728    -0.000
-2.000    70.228    -0.000
-1.988    69.728    -0.000
-1.975    69.228    -0.000
-1.962    68.728    -0.000
-1.948    68.229    -0.000
-1.936    67.729    -0.000
-1.922    67.229    -0.000
-1.909    66.729    -0.000
-1.896    66.229    -0.000
-1.884    65.730    -0.000
-1.871    65.230    -0.000
-1.858    64.730    -0.000
-1.844    64.230    -0.000
-1.829    63.731    -0.000
-1.813    63.231    -0.000
-1.797    62.731    -0.000
-1.782    62.231    -0.000
-1.767    61.732    -0.000
-1.751    61.232    -0.000
-1.736    60.732    -0.000
-1.721    60.232    -0.000
-1.705    59.733    -0.000
-1.690    59.233    -0.000
-1.674    58.733    -0.000
-1.659    58.233    -0.000
-1.644    57.734    -0.000
-1.628    57.234    -0.000
-1.613    56.734    -0.000
-1.598    56.235    -0.000
-1.583    55.735    -0.000
-1.568    55.235    -0.000
-1.551    54.735    -0.000
-1.538    54.236    -0.000
-1.524    53.736    -0.000
-1.509    53.236    -0.000
-1.495    52.736    -0.000
-1.482    52.236    -0.000
-1.467    51.737    -0.000
-1.452    51.237    -0.000
-1.438    50.737    -0.000
-1.424    50.237    -0.000
-1.410    49.738    -0.000
-1.396    49.238    -0.000
-1.381    48.738    -0.000
-1.368    48.238    -0.000
-1.354    47.739    -0.000
-1.339    47.239    -0.000
-1.325    46.739    -0.000
-1.311    46.239    -0.000
-1.297    45.740    -0.000
-1.283    45.240    -0.000
-1.268    44.740    -0.000
-1.255    44.240    -0.000
-1.240    43.740    -0.000
-1.226    43.241    -0.000
-1.211    42.741    -0.000
-1.198    42.241    -0.000
-1.183    41.741    -0.000
-1.169    41.242    -0.000
-1.154    40.742    -0.000
-1.141    40.242    -0.000
-1.127    39.742    -0.000
-1.113    39.243    -0.000
-1.099    38.743    -0.000
-1.084    38.243    -0.000
-1.070    37.744    -0.000
-1.055    37.245    -0.000
-1.042    36.745    -0.000
-1.028    36.245    -0.000
-1.014    35.745    -0.000
-0.999    35.245    -0.000
-0.986    34.746    -0.000
-0.971    34.246    -0.000
-0.956    33.746    -0.000
-0.942    33.246    -0.000
-0.929    32.747    -0.000
-0.914    32.247    -0.000
-0.900    31.747    -0.000
-0.885    31.247    -0.000
-0.872    30.748    -0.000
-0.858    30.248    -0.000
-0.844    29.748    -0.000
-0.829    29.248    -0.000
-0.816    28.748    -0.000
-0.801    28.249    -0.000
-0.786    27.749    -0.000
-0.772    27.249    -0.000
-0.759    26.749    -0.000
-0.744    26.250    -0.000
-0.730    25.750    -0.000
-0.716    25.250    -0.000
-0.702    24.750    -0.000
-0.687    24.251    -0.000
-0.673    23.751    -0.000
-0.658    23.251    -0.000
-0.645    22.751    -0.000
-0.631    22.252    -0.000
-0.616    21.752    -0.000
-0.602    21.252    -0.000
-0.588    20.752    -0.000
-0.574    20.252    -0.000
-0.560    19.753    -0.000
-0.545    19.253    -0.000
-0.532    18.753    -0.000
-0.518    18.253    -0.000
-0.503    17.754    -0.000
-0.489    17.254    -0.000
-0.476    16.754    -0.000
-0.461    16.254    -0.000
-0.446    15.755    -0.000
-0.433    15.255    -0.000
-0.418    14.755    -0.000
-0.404    14.255    -0.000
-0.390    13.756    -0.000
-0.376    13.256    -0.000
-0.362    12.756    -0.000
-0.348    12.256    -0.000
-0.333    11.756    -0.000
-0.319    11.257    -0.000
-0.305    10.757    -0.000
-0.290    10.257    -0.000
-0.276    9.757    -0.000
-0.262    9.258    -0.000
-0.248    8.758    -0.000
-0.233    8.258    -0.000
-0.219    7.758    -0.000
-0.206    7.259    -0.000
-0.191    6.759    -0.000
-0.177    6.259    -0.000
-0.163    5.759    -0.000
-0.149    5.260    -0.000
-0.135    4.760    -0.000
-0.121    4.260    -0.000
-0.106    3.760    -0.000
-0.093    3.260    -0.000
-0.078    2.761    -0.000
-0.064    2.261    -0.000
-0.049    1.761    -0.000
-0.036    1.261    -0.000
-0.021    0.762    -0.000
-0.007    0.262    -0.000
