5.662    0.223    -0.000
5.679    -0.377    -0.000
5.690    -0.776    -0.000
5.704    -1.276    -0.000
5.721    -1.876    -0.000
5.733    -2.276    -0.000
5.746    -2.776    -0.000
5.763    -3.375    -0.000
5.775    -3.775    -0.000
5.792    -4.375    -0.000
5.803    -4.775    -0.000
5.820    -5.373    -0.000
5.832    -5.773    -0.000
5.849    -6.373    -0.000
5.860    -6.773    -0.000
5.877    -7.372    -0.000
5.889    -7.772    -0.000
5.906    -8.372    -0.000
5.917    -8.772    -0.000
5.934    -9.371    -0.000
5.948    -9.871    -0.000
5.959    -10.271    -0.000
5.977    -10.871    -0.000
5.990    -11.370    -0.000
6.002    -11.770    -0.000
6.015    -12.270    -0.000
6.033    -12.870    -0.000
6.046    -13.370    -0.000
6.060    -13.869    -0.000
6.071    -14.269    -0.000
6.089    -14.869    -0.000
6.102    -15.369    -0.000
6.114    -15.768    -0.000
6.131    -16.368    -0.000
6.145    -16.868    -0.000
6.156    -17.268    -0.000
6.170    -17.768    -0.000
6.187    -18.367    -0.000
6.201    -18.867    -0.000
6.214    -19.367    -0.000
6.226    -19.767    -0.000
6.239    -20.266    -0.000
6.256    -20.866    -0.000
6.268    -21.266    -0.000
6.282    -21.766    -0.000
6.299    -22.365    -0.000
6.310    -22.765    -0.000
6.324    -23.265    -0.000
6.341    -23.865    -0.000
6.355    -24.364    -0.000
6.368    -24.864    -0.000
6.380    -25.264    -0.000
6.394    -25.764    -0.000
6.411    -26.364    -0.000
6.424    -26.863    -0.000
6.436    -27.263    -0.000
6.453    -27.863    -0.000
6.464    -28.263    -0.000
6.478    -28.762    -0.000
6.495    -29.362    -0.000
6.509    -29.862    -0.000
6.520    -30.262    -0.000
6.534    -30.762    -0.000
6.548    -31.261    -0.000
6.565    -31.861    -0.000
6.579    -32.361    -0.000
6.590    -32.761    -0.000
6.607    -33.360    -0.000
6.621    -33.860    -0.000
6.632    -34.260    -0.000
6.649    -34.860    -0.000
6.663    -35.359    -0.000
6.675    -35.759    -0.000
6.688    -36.259    -0.000
6.702    -36.759    -0.000
6.719    -37.358    -0.000
6.733    -37.858    -0.000
6.744    -38.258    -0.000
6.758    -38.758    -0.000
6.775    -39.358    -0.000
6.786    -39.757    -0.000
6.804    -40.357    -0.000
6.817    -40.857    -0.000
6.829    -41.257    -0.000
6.842    -41.756    -0.000
6.860    -42.356    -0.000
6.873    -42.856    -0.000
6.887    -43.356    -0.000
6.898    -43.756    -0.000
6.912    -44.255    -0.000
6.929    -44.855    -0.000
6.941    -45.255    -0.000
6.954    -45.755    -0.000
6.971    -46.354    -0.000
6.983    -46.754    -0.000
6.997    -47.254    -0.000
7.014    -47.854    -0.000
7.025    -48.253    -0.000
7.042    -48.853    -0.000
7.056    -49.353    -0.000
7.067    -49.753    -0.000
7.081    -50.253    -0.000
7.098    -50.852    -0.000
7.112    -51.352    -0.000
7.126    -51.852    -0.000
7.137    -52.252    -0.000
7.151    -52.751    -0.000
7.168    -53.351    -0.000
7.179    -53.751    -0.000
7.193    -54.251    -0.000
7.210    -54.850    -0.000
7.222    -55.250    -0.000
7.235    -55.750    -0.000
7.252    -56.350    -0.000
7.266    -56.849    -0.000
7.278    -57.249    -0.000
7.291    -57.749    -0.000
7.305    -58.249    -0.000
7.322    -58.849    -0.000
7.336    -59.348    -0.000
7.347    -59.748    -0.000
7.364    -60.348    -0.000
7.378    -60.848    -0.000
7.390    -61.247    -0.000
7.407    -61.847    -0.000
7.420    -62.347    -0.000
7.432    -62.747    -0.000
7.445    -63.246    -0.000
7.459    -63.746    -0.000
7.476    -64.346    -0.000
7.490    -64.846    -0.000
7.501    -65.246    -0.000
7.519    -65.845    -0.000
7.532    -66.345    -0.000
7.544    -66.745    -0.000
7.561    -67.345    -0.000
7.575    -67.844    -0.000
7.586    -68.244    -0.000
7.600    -68.744    -0.000
7.617    -69.344    -0.000
7.631    -69.843    -0.000
7.644    -70.343    -0.000
7.656    -70.743    -0.000
7.669    -71.243    -0.000
7.686    -71.843    -0.000
7.698    -72.242    -0.000
7.712    -72.742    -0.000
7.729    -73.342    -0.000
7.740    -73.742    -0.000
7.754    -74.241    -0.000
7.771    -74.841    -0.000
7.785    -75.341    -0.000
7.798    -75.841    -0.000
7.810    -76.240    -0.000
7.824    -76.740    -0.000
7.841    -77.340    -0.000
7.852    -77.740    -0.000
7.866    -78.240    -0.000
7.883    -78.839    -0.000
7.894    -79.239    -0.000
7.908    -79.739    -0.001
7.925    -80.339    -0.001
7.939    -80.838    -0.001
7.953    -81.338    -0.001
7.964    -81.738    -0.001
7.978    -82.238    -0.001
7.995    -82.837    -0.001
8.009    -83.337    -0.001
8.020    -83.737    -0.001
8.037    -84.337    -0.001
8.051    -84.837    -0.001
8.062    -85.236    -0.001
8.079    -85.836    -0.001
8.093    -86.336    -0.001
8.107    -86.836    -0.001
8.118    -87.235    -0.001
8.132    -87.735    -0.001
8.149    -88.335    -0.001
8.163    -88.835    -0.001
8.174    -89.234    -0.001
8.191    -89.834    -0.001
8.205    -90.334    -0.001
8.216    -90.734    -0.001
8.234    -91.334    -0.001
8.247    -91.833    -0.001
8.261    -92.333    -0.001
8.272    -92.733    -0.001
8.286    -93.233    -0.001
8.303    -93.832    -0.001
8.317    -94.332    -0.001
8.328    -94.732    -0.001
8.342    -95.232    -0.001
8.359    -95.831    -0.001
8.371    -96.231    -0.001
8.384    -96.731    -0.001
8.401    -97.331    -0.001
8.413    -97.731    -0.001
8.427    -98.230    -0.001
8.440    -98.730    -0.001
8.457    -99.330    -0.001
8.471    -99.830    -0.001
8.485    -100.329    -0.001
8.496    -100.729    -0.001
8.513    -101.328    -0.001
8.527    -101.828    -0.001
8.539    -102.227    -0.001
8.556    -102.827    -0.001
8.567    -103.227    -0.001
8.581    -103.727    -0.001
8.595    -104.227    -0.001
8.612    -104.826    -0.001
8.625    -105.326    -0.001
8.639    -105.826    -0.001
8.651    -106.226    -0.001
8.668    -106.825    -0.001
8.681    -107.325    -0.001
8.693    -107.725    -0.001
8.710    -108.325    -0.001
8.724    -108.824    -0.001
8.735    -109.224    -0.001
8.752    -109.824    -0.001
8.766    -110.324    -0.001
8.777    -110.724    -0.001
8.794    -111.323    -0.001
8.806    -111.723    -0.001
8.819    -112.223    -0.001
8.837    -112.823    -0.001
8.850    -113.322    -0.001
8.864    -113.822    -0.001
8.875    -114.222    -0.001
8.889    -114.722    -0.001
8.906    -115.321    -0.001
8.920    -115.821    -0.001
8.931    -116.221    -0.001
8.949    -116.821    -0.001
8.962    -117.320    -0.001
8.974    -117.720    -0.001
8.991    -118.320    -0.001
9.005    -118.820    -0.001
9.018    -119.320    -0.001
9.030    -119.719    -0.001
9.043    -120.219    -0.001
9.060    -120.819    -0.001
9.074    -121.319    -0.001
9.086    -121.718    -0.001
9.099    -122.218    -0.001
9.116    -122.818    -0.001
9.128    -123.218    -0.001
9.145    -123.817    -0.001
9.159    -124.317    -0.001
9.170    -124.717    -0.001
9.184    -125.217    -0.001
9.198    -125.717    -0.001
9.215    -126.316    -0.001
9.228    -126.816    -0.001
9.242    -127.316    -0.001
9.254    -127.716    -0.001
9.271    -128.315    -0.001
9.282    -128.715    -0.001
9.296    -129.215    -0.001
9.313    -129.815    -0.001
9.324    -130.215    -0.001
9.338    -130.714    -0.001
9.352    -131.214    -0.001
9.369    -131.814    -0.001
9.383    -132.314    -0.001
9.396    -132.813    -0.001
9.408    -133.213    -0.001
9.425    -133.813    -0.001
9.439    -134.313    -0.001
9.450    -134.712    -0.001
9.467    -135.312    -0.001
9.481    -135.812    -0.001
9.492    -136.212    -0.001
9.509    -136.811    -0.001
9.523    -137.311    -0.001
9.537    -137.811    -0.002
9.548    -138.211    -0.002
9.562    -138.711    -0.002
9.576    -139.210    -0.002
9.593    -139.810    -0.002
9.604    -140.210    -0.002
9.621    -140.810    -0.002
9.635    -141.309    -0.002
9.646    -141.709    -0.002
9.664    -142.309    -0.002
9.677    -142.809    -0.002
9.691    -143.308    -0.002
9.702    -143.708    -0.002
9.716    -144.208    -0.002
9.730    -144.708    -0.002
9.747    -145.308    -0.002
9.758    -145.707    -0.002
9.772    -146.207    -0.002
9.789    -146.807    -0.002
9.801    -147.207    -0.002
9.814    -147.706    -0.002
9.831    -148.306    -0.002
9.845    -148.806    -0.002
9.857    -149.206    -0.002
9.870    -149.706    -0.002
9.887    -150.305    -0.002
9.901    -150.805    -0.002
9.915    -151.305    -0.002
9.926    -151.705    -0.002
9.943    -152.304    -0.002
9.957    -152.804    -0.002
9.969    -153.204    -0.002
9.986    -153.804    -0.002
9.999    -154.303    -0.002
10.011    -154.703    -0.002
10.025    -155.203    -0.002
10.042    -155.803    -0.002
10.055    -156.302    -0.002
10.069    -156.802    -0.002
10.081    -157.202    -0.002
10.098    -157.802    -0.002
10.111    -158.302    -0.002
10.123    -158.701    -0.002
10.140    -159.301    -0.002
10.154    -159.801    -0.002
10.165    -160.201    -0.002
10.179    -160.700    -0.002
10.196    -161.300    -0.002
10.210    -161.800    -0.002
10.223    -162.300    -0.002
10.235    -162.700    -0.002
10.251    -163.299    -0.002
10.265    -163.799    -0.002
10.275    -164.199    -0.002
10.291    -164.799    -0.002
10.305    -165.298    -0.002
10.315    -165.698    -0.002
10.329    -166.198    -0.002
10.343    -166.698    -0.002
10.356    -167.198    -0.002
10.373    -167.797    -0.002
10.386    -168.297    -0.002
10.397    -168.697    -0.002
10.413    -169.297    -0.002
10.426    -169.796    -0.002
10.437    -170.196    -0.002
10.453    -170.796    -0.002
10.467    -171.296    -0.002
10.477    -171.696    -0.002
10.493    -172.295    -0.002
10.507    -172.795    -0.002
10.517    -173.195    -0.002
10.533    -173.795    -0.002
10.547    -174.294    -0.002
10.558    -174.694    -0.002
10.574    -175.294    -0.002
10.587    -175.794    -0.002
10.598    -176.194    -0.002
10.614    -176.793    -0.002
10.628    -177.293    -0.002
10.638    -177.693    -0.002
10.656    -178.293    -0.003
10.672    -178.792    -0.003
10.688    -179.292    -0.003
10.703    -179.792    -0.003
10.719    -180.292    -0.003
10.732    -180.691    -0.003
10.747    -181.191    -0.003
10.765    -181.791    -0.003
10.781    -182.291    -0.003
10.797    -182.790    -0.003
10.810    -183.190    -0.003
10.826    -183.690    -0.003
10.842    -184.189    -0.003
10.857    -184.689    -0.003
10.873    -185.189    -0.003
10.891    -185.789    -0.003
10.907    -186.288    -0.003
10.923    -186.787    -0.003
10.939    -187.287    -0.003
10.954    -187.787    -0.003
10.970    -188.286    -0.003
10.986    -188.786    -0.003
11.001    -189.286    -0.003
11.014    -189.686    -0.003
11.030    -190.185    -0.003
11.045    -190.685    -0.003
11.061    -191.185    -0.003
11.077    -191.684    -0.003
11.095    -192.284    -0.003
11.111    -192.784    -0.003
11.126    -193.284    -0.003
11.142    -193.783    -0.003
11.158    -194.283    -0.003
11.174    -194.783    -0.003
11.189    -195.282    -0.003
11.205    -195.782    -0.003
11.221    -196.282    -0.003
11.237    -196.782    -0.003
11.252    -197.281    -0.003
11.268    -197.781    -0.003
11.284    -198.281    -0.003
11.300    -198.781    -0.003
11.315    -199.280    -0.003
11.331    -199.780    -0.003
11.344    -200.180    -0.003
11.359    -200.680    -0.003
11.376    -201.279    -0.003
11.388    -201.679    -0.003
11.401    -202.179    -0.003
11.415    -202.679    -0.003
11.429    -203.178    -0.003
11.446    -203.778    -0.003
11.457    -204.178    -0.003
11.471    -204.678    -0.003
11.485    -205.177    -0.003
11.499    -205.677    -0.003
11.512    -206.177    -0.003
11.526    -206.677    -0.003
11.540    -207.177    -0.003
11.554    -207.676    -0.003
11.571    -208.276    -0.003
11.582    -208.676    -0.003
11.596    -209.176    -0.003
11.610    -209.675    -0.003
11.623    -210.175    -0.003
11.637    -210.675    -0.004
11.654    -211.275    -0.004
11.666    -211.675    -0.004
11.679    -212.174    -0.004
11.693    -212.674    -0.004
11.707    -213.174    -0.004
11.721    -213.674    -0.004
11.734    -214.173    -0.004
11.748    -214.673    -0.004
11.762    -215.173    -0.004
11.779    -215.773    -0.004
11.790    -216.172    -0.004
11.804    -216.672    -0.004
11.818    -217.172    -0.004
11.832    -217.672    -0.004
11.845    -218.172    -0.004
11.859    -218.671    -0.004
11.873    -219.171    -0.004
11.887    -219.671    -0.004
11.904    -220.271    -0.004
11.915    -220.670    -0.004
11.929    -221.170    -0.004
11.943    -221.670    -0.004
11.956    -222.170    -0.004
11.970    -222.670    -0.004
11.987    -223.269    -0.004
12.001    -223.769    -0.004
12.015    -224.269    -0.004
12.028    -224.769    -0.004
12.040    -225.168    -0.004
12.054    -225.668    -0.004
12.067    -226.168    -0.004
12.081    -226.668    -0.004
12.095    -227.167    -0.004
12.108    -227.667    -0.004
12.122    -228.167    -0.004
12.136    -228.667    -0.004
12.150    -229.167    -0.004
12.163    -229.666    -0.004
12.177    -230.166    -0.004
12.191    -230.666    -0.004
12.205    -231.166    -0.004
12.218    -231.665    -0.004
12.232    -232.165    -0.004
12.246    -232.665    -0.004
12.260    -233.165    -0.004
12.273    -233.665    -0.004
12.287    -234.164    -0.004
12.301    -234.664    -0.004
12.315    -235.164    -0.004
12.328    -235.664    -0.004
12.342    -236.163    -0.004
12.356    -236.663    -0.004
12.370    -237.163    -0.004
12.383    -237.663    -0.004
12.397    -238.163    -0.004
12.411    -238.662    -0.004
12.425    -239.162    -0.005
12.438    -239.662    -0.005
12.452    -240.162    -0.005
12.466    -240.661    -0.005
12.480    -241.161    -0.005
12.493    -241.661    -0.005
12.507    -242.161    -0.005
12.521    -242.661    -0.005
12.535    -243.160    -0.005
12.551    -243.760    -0.005
12.564    -244.260    -0.005
12.575    -244.660    -0.005
12.589    -245.159    -0.005
12.602    -245.659    -0.005
12.616    -246.159    -0.005
12.630    -246.659    -0.005
12.644    -247.159    -0.005
12.657    -247.658    -0.005
12.671    -248.158    -0.005
12.685    -248.658    -0.005
12.699    -249.158    -0.005
12.712    -249.657    -0.005
12.726    -250.157    -0.005
12.740    -250.657    -0.005
12.753    -251.157    -0.005
12.767    -251.657    -0.005
12.781    -252.156    -0.005
12.795    -252.656    -0.005
12.808    -253.156    -0.005
12.822    -253.656    -0.005
12.836    -254.155    -0.005
12.850    -254.655    -0.005
12.863    -255.155    -0.005
12.877    -255.655    -0.005
12.891    -256.154    -0.005
12.905    -256.654    -0.005
12.918    -257.154    -0.005
12.932    -257.654    -0.005
12.946    -258.154    -0.005
12.960    -258.653    -0.005
12.973    -259.153    -0.005
12.987    -259.653    -0.005
13.004    -260.253    -0.005
13.018    -260.752    -0.005
13.029    -261.152    -0.005
13.043    -261.652    -0.005
13.057    -262.152    -0.005
13.071    -262.652    -0.005
13.088    -263.251    -0.005
13.101    -263.751    -0.005
13.113    -264.151    -0.006
13.130    -264.751    -0.006
13.144    -265.250    -0.006
13.155    -265.650    -0.006
13.172    -266.249    -0.006
13.186    -266.749    -0.006
13.197    -267.148    -0.006
13.211    -267.648    -0.006
13.225    -268.148    -0.006
13.239    -268.648    -0.006
13.256    -269.247    -0.006
13.269    -269.747    -0.006
13.281    -270.147    -0.006
13.298    -270.747    -0.006
13.312    -271.247    -0.006
13.323    -271.646    -0.006
13.337    -272.146    -0.006
13.354    -272.746    -0.006
13.368    -273.246    -0.006
13.381    -273.745    -0.006
13.393    -274.145    -0.006
13.406    -274.645    -0.006
13.424    -275.245    -0.006
13.437    -275.745    -0.006
13.449    -276.144    -0.006
13.466    -276.744    -0.006
13.480    -277.244    -0.006
13.491    -277.644    -0.006
13.505    -278.143    -0.006
13.518    -278.643    -0.006
13.532    -279.143    -0.006
13.549    -279.743    -0.006
13.563    -280.242    -0.006
13.574    -280.642    -0.006
13.591    -281.242    -0.006
13.605    -281.742    -0.006
13.619    -282.242    -0.006
13.630    -282.641    -0.006
13.645    -283.141    -0.006
13.660    -283.641    -0.006
13.675    -284.141    -0.006
13.689    -284.640    -0.006
13.706    -285.240    -0.006
13.721    -285.740    -0.006
13.733    -286.140    -0.006
13.747    -286.639    -0.006
13.762    -287.139    -0.006
13.777    -287.639    -0.007
13.792    -288.139    -0.007
13.806    -288.638    -0.007
13.821    -289.138    -0.007
13.836    -289.638    -0.007
13.851    -290.138    -0.007
13.865    -290.637    -0.007
13.880    -291.137    -0.007
13.895    -291.637    -0.007
13.910    -292.137    -0.007
13.924    -292.636    -0.007
13.939    -293.136    -0.007
13.954    -293.636    -0.007
13.968    -294.136    -0.007
13.983    -294.635    -0.007
13.998    -295.135    -0.007
14.013    -295.635    -0.007
14.027    -296.135    -0.007
14.042    -296.634    -0.007
14.057    -297.134    -0.007
14.072    -297.634    -0.007
14.086    -298.134    -0.007
14.101    -298.633    -0.007
14.118    -299.233    -0.007
14.130    -299.633    -0.007
14.147    -300.233    -0.007
14.158    -300.632    -0.007
14.175    -301.232    -0.007
14.187    -301.632    -0.007
14.204    -302.232    -0.007
14.215    -302.632    -0.007
14.230    -303.131    -0.007
14.247    -303.731    -0.007
14.258    -304.131    -0.007
14.275    -304.731    -0.007
14.287    -305.130    -0.007
14.304    -305.730    -0.007
14.315    -306.130    -0.007
14.332    -306.730    -0.007
14.344    -307.129    -0.007
14.359    -307.629    -0.007
14.376    -308.229    -0.007
14.387    -308.629    -0.008
14.404    -309.228    -0.008
14.416    -309.628    -0.008
14.433    -310.228    -0.008
14.444    -310.628    -0.008
14.461    -311.227    -0.008
14.473    -311.627    -0.008
14.490    -312.227    -0.008
14.501    -312.627    -0.008
14.518    -313.226    -0.008
14.530    -313.626    -0.008
14.547    -314.226    -0.008
14.558    -314.626    -0.008
14.574    -315.226    -0.008
14.587    -315.725    -0.008
14.596    -316.125    -0.008
14.611    -316.725    -0.008
14.624    -317.225    -0.008
14.637    -317.725    -0.008
14.650    -318.224    -0.008
14.661    -318.724    -0.008
14.674    -319.224    -0.008
14.687    -319.724    -0.008
14.700    -320.224    -0.008
14.712    -320.723    -0.008
14.725    -321.223    -0.008
14.737    -321.723    -0.008
14.750    -322.223    -0.008
14.762    -322.723    -0.008
14.775    -323.222    -0.008
14.788    -323.722    -0.008
14.803    -324.222    -0.008
14.814    -324.622    -0.008
14.829    -325.122    -0.008
14.846    -325.721    -0.008
14.857    -326.121    -0.008
14.872    -326.621    -0.008
14.889    -327.221    -0.008
14.904    -327.720    -0.008
14.918    -328.220    -0.008
14.933    -328.720    -0.009
14.945    -329.120    -0.009
14.959    -329.619    -0.009
14.976    -330.219    -0.009
14.988    -330.619    -0.009
15.003    -331.119    -0.009
15.020    -331.718    -0.009
15.034    -332.218    -0.009
15.049    -332.718    -0.009
15.064    -333.218    -0.009
15.075    -333.617    -0.009
15.090    -334.117    -0.009
15.107    -334.717    -0.009
15.119    -335.117    -0.009
15.133    -335.616    -0.009
15.150    -336.216    -0.009
15.165    -336.716    -0.009
15.180    -337.216    -0.009
15.195    -337.715    -0.009
15.209    -338.215    -0.009
15.221    -338.615    -0.009
15.235    -339.115    -0.009
15.250    -339.614    -0.009
15.265    -340.114    -0.009
15.281    -340.714    -0.009
15.294    -341.214    -0.009
15.307    -341.714    -0.009
15.319    -342.213    -0.009
15.332    -342.713    -0.009
15.345    -343.213    -0.009
15.358    -343.713    -0.009
15.370    -344.213    -0.009
15.383    -344.712    -0.009
15.396    -345.212    -0.009
15.409    -345.712    -0.009
15.421    -346.212    -0.009
15.434    -346.712    -0.009
15.447    -347.211    -0.009
15.459    -347.711    -0.010
15.472    -348.211    -0.010
15.485    -348.711    -0.010
15.498    -349.211    -0.010
15.510    -349.710    -0.010
15.523    -350.210    -0.010
15.536    -350.710    -0.010
15.549    -351.210    -0.010
15.560    -351.610    -0.010
15.577    -352.209    -0.010
15.592    -352.709    -0.010
15.603    -353.109    -0.010
15.618    -353.609    -0.010
15.635    -354.208    -0.010
15.647    -354.607    -0.010
15.661    -355.107    -0.010
15.678    -355.707    -0.010
15.690    -356.106    -0.010
15.705    -356.606    -0.010
15.722    -357.206    -0.010
15.733    -357.606    -0.010
15.748    -358.105    -0.010
15.765    -358.705    -0.010
15.776    -359.105    -0.010
15.791    -359.605    -0.010
15.808    -360.204    -0.010
15.823    -360.704    -0.010
15.838    -361.204    -0.010
15.849    -361.604    -0.010
15.864    -362.103    -0.010
15.878    -362.603    -0.010
15.896    -363.203    -0.010
15.907    -363.603    -0.010
15.922    -364.103    -0.010
15.939    -364.702    -0.010
15.950    -365.102    -0.011
15.965    -365.602    -0.011
15.982    -366.202    -0.011
15.993    -366.601    -0.011
16.008    -367.101    -0.011
16.025    -367.701    -0.011
16.037    -368.101    -0.011
16.054    -368.700    -0.011
16.067    -369.200    -0.011
16.079    -369.600    -0.011
16.093    -370.100    -0.011
16.110    -370.699    -0.011
16.121    -371.099    -0.011
16.135    -371.599    -0.011
16.152    -372.199    -0.011
16.163    -372.599    -0.011
16.177    -373.098    -0.011
16.194    -373.698    -0.011
16.206    -374.098    -0.011
16.219    -374.598    -0.011
16.236    -375.197    -0.011
16.248    -375.597    -0.011
16.262    -376.097    -0.011
16.279    -376.697    -0.011
16.292    -377.196    -0.011
16.306    -377.696    -0.011
16.320    -378.196    -0.011
16.331    -378.596    -0.011
16.345    -379.096    -0.011
16.362    -379.695    -0.011
16.374    -380.095    -0.011
16.387    -380.595    -0.011
16.404    -381.195    -0.011
16.416    -381.594    -0.011
16.429    -382.094    -0.012
16.447    -382.694    -0.012
16.458    -383.094    -0.012
16.475    -383.693    -0.012
16.489    -384.193    -0.012
16.503    -384.693    -0.012
16.516    -385.193    -0.012
16.530    -385.692    -0.012
16.541    -386.092    -0.012
16.555    -386.592    -0.012
16.572    -387.192    -0.012
16.584    -387.592    -0.012
16.597    -388.091    -0.012
16.615    -388.691    -0.012
16.626    -389.091    -0.012
16.640    -389.591    -0.012
16.657    -390.190    -0.012
16.668    -390.590    -0.012
16.682    -391.090    -0.012
16.699    -391.690    -0.012
16.713    -392.189    -0.012
16.726    -392.689    -0.012
16.738    -393.089    -0.012
16.752    -393.589    -0.012
16.765    -394.089    -0.012
16.782    -394.688    -0.012
16.794    -395.088    -0.012
16.808    -395.588    -0.012
16.825    -396.188    -0.012
16.836    -396.587    -0.012
16.850    -397.087    -0.012
16.867    -397.687    -0.012
16.878    -398.087    -0.012
16.892    -398.586    -0.013
16.909    -399.186    -0.013
16.921    -399.586    -0.013
16.934    -400.086    -0.013
16.951    -400.686    -0.013
16.965    -401.185    -0.013
16.979    -401.685    -0.013
16.990    -402.085    -0.013
17.004    -402.585    -0.013
17.018    -403.084    -0.013
17.035    -403.684    -0.013
17.046    -404.084    -0.013
17.060    -404.584    -0.013
17.077    -405.183    -0.013
17.088    -405.583    -0.013
17.102    -406.083    -0.013
17.119    -406.683    -0.013
17.131    -407.083    -0.013
17.144    -407.582    -0.013
17.162    -408.182    -0.013
17.173    -408.582    -0.013
17.187    -409.082    -0.013
17.204    -409.681    -0.013
17.218    -410.181    -0.013
17.231    -410.681    -0.013
17.243    -411.081    -0.013
17.256    -411.580    -0.013
17.270    -412.080    -0.013
17.287    -412.680    -0.013
17.299    -413.080    -0.013
17.312    -413.580    -0.013
17.329    -414.179    -0.014
17.341    -414.579    -0.014
17.355    -415.079    -0.014
17.372    -415.679    -0.014
17.385    -416.178    -0.014
17.399    -416.678    -0.014
17.411    -417.078    -0.014
17.424    -417.578    -0.014
17.438    -418.077    -0.014
17.455    -418.677    -0.014
17.467    -419.077    -0.014
17.480    -419.577    -0.014
17.497    -420.177    -0.014
17.509    -420.576    -0.014
17.523    -421.076    -0.014
17.540    -421.676    -0.014
17.551    -422.076    -0.014
17.565    -422.575    -0.014
17.582    -423.175    -0.014
17.593    -423.575    -0.014
17.607    -424.075    -0.014
17.624    -424.674    -0.014
17.638    -425.174    -0.014
17.652    -425.674    -0.014
17.663    -426.074    -0.014
17.677    -426.574    -0.014
17.690    -427.073    -0.014
17.707    -427.673    -0.014
17.718    -428.173    -0.014
17.730    -428.673    -0.014
17.743    -429.173    -0.015
17.755    -429.672    -0.015
17.766    -430.172    -0.015
17.779    -430.672    -0.015
17.791    -431.172    -0.015
17.803    -431.672    -0.015
17.815    -432.171    -0.015
17.827    -432.671    -0.015
17.839    -433.171    -0.015
17.851    -433.671    -0.015
17.863    -434.171    -0.015
17.875    -434.670    -0.015
17.888    -435.170    -0.015
17.899    -435.670    -0.015
17.911    -436.170    -0.015
17.924    -436.670    -0.015
17.936    -437.170    -0.015
17.948    -437.669    -0.015
17.960    -438.169    -0.015
17.973    -438.669    -0.015
17.985    -439.169    -0.015
17.997    -439.669    -0.015
18.009    -440.168    -0.015
18.021    -440.668    -0.015
18.034    -441.168    -0.015
18.045    -441.668    -0.015
18.057    -442.168    -0.015
18.070    -442.667    -0.015
18.082    -443.167    -0.015
18.093    -443.667    -0.016
18.106    -444.167    -0.016
18.118    -444.667    -0.016
18.127    -445.067    -0.016
18.142    -445.666    -0.016
18.154    -446.166    -0.016
18.166    -446.666    -0.016
18.179    -447.166    -0.016
18.190    -447.666    -0.016
18.202    -448.165    -0.016
18.215    -448.665    -0.016
18.227    -449.165    -0.016
18.239    -449.665    -0.016
18.251    -450.165    -0.016
18.264    -450.665    -0.016
18.276    -451.164    -0.016
18.288    -451.664    -0.016
18.300    -452.164    -0.016
18.312    -452.664    -0.016
18.325    -453.164    -0.016
18.336    -453.663    -0.016
18.348    -454.163    -0.016
18.361    -454.663    -0.016
18.373    -455.163    -0.016
18.384    -455.663    -0.016
18.397    -456.162    -0.016
18.409    -456.662    -0.016
18.421    -457.162    -0.016
18.433    -457.662    -0.016
18.442    -458.162    -0.017
18.450    -458.662    -0.017
18.457    -459.162    -0.017
18.464    -459.662    -0.017
18.472    -460.161    -0.017
18.479    -460.661    -0.017
18.486    -461.161    -0.017
18.493    -461.661    -0.017
18.501    -462.161    -0.017
18.508    -462.660    -0.017
18.515    -463.160    -0.017
18.522    -463.660    -0.017
18.530    -464.160    -0.017
18.537    -464.660    -0.017
18.544    -465.160    -0.017
18.551    -465.660    -0.017
18.559    -466.160    -0.017
18.566    -466.660    -0.017
18.573    -467.159    -0.017
18.580    -467.659    -0.017
18.588    -468.159    -0.017
18.595    -468.659    -0.017
18.602    -469.159    -0.017
18.609    -469.659    -0.017
18.617    -470.159    -0.017
18.624    -470.659    -0.017
18.631    -471.159    -0.017
18.638    -471.659    -0.018
18.646    -472.159    -0.018
18.653    -472.659    -0.018
18.660    -473.159    -0.018
18.667    -473.659    -0.018
18.675    -474.158    -0.018
18.682    -474.658    -0.018
18.689    -475.158    -0.018
18.696    -475.658    -0.018
18.704    -476.158    -0.018
18.711    -476.658    -0.018
18.718    -477.158    -0.018
18.725    -477.658    -0.018
18.733    -478.158    -0.018
18.740    -478.658    -0.018
18.747    -479.158    -0.018
18.755    -479.658    -0.018
18.762    -480.158    -0.018
18.770    -480.658    -0.018
18.777    -481.157    -0.018
18.784    -481.657    -0.018
18.792    -482.157    -0.018
18.799    -482.657    -0.018
18.806    -483.157    -0.018
18.813    -483.657    -0.018
18.821    -484.157    -0.018
18.828    -484.657    -0.018
18.835    -485.157    -0.019
18.842    -485.657    -0.019
18.850    -486.157    -0.019
18.857    -486.657    -0.019
18.864    -487.157    -0.019
18.871    -487.656    -0.019
18.879    -488.155    -0.019
18.885    -488.655    -0.019
18.893    -489.155    -0.019
18.900    -489.655    -0.019
18.908    -490.155    -0.019
18.914    -490.655    -0.019
18.922    -491.155    -0.019
18.929    -491.655    -0.019
18.937    -492.155    -0.019
18.943    -492.655    -0.019
18.951    -493.155    -0.019
18.958    -493.655    -0.019
18.966    -494.155    -0.019
18.972    -494.655    -0.019
18.980    -495.154    -0.019
18.987    -495.654    -0.019
18.995    -496.154    -0.019
19.001    -496.654    -0.019
19.009    -497.154    -0.019
19.016    -497.654    -0.020
19.024    -498.154    -0.020
19.030    -498.654    -0.020
19.038    -499.154    -0.020
19.045    -499.654    -0.020
19.053    -500.154    -0.020
19.059    -500.654    -0.020
19.067    -501.154    -0.020
19.074    -501.653    -0.020
19.082    -502.153    -0.020
19.088    -502.653    -0.020
19.096    -503.153    -0.020
19.103    -503.653    -0.020
19.111    -504.153    -0.020
19.117    -504.653    -0.020
19.125    -505.153    -0.020
19.132    -505.653    -0.020
19.140    -506.153    -0.020
19.147    -506.653    -0.020
19.154    -507.153    -0.020
19.162    -507.653    -0.020
19.170    -508.153    -0.020
19.176    -508.652    -0.020
19.184    -509.152    -0.020
19.191    -509.652    -0.020
19.199    -510.152    -0.020
19.205    -510.652    -0.021
19.213    -511.152    -0.021
19.220    -511.652    -0.021
19.228    -512.152    -0.021
19.234    -512.651    -0.021
19.242    -513.151    -0.021
19.249    -513.651    -0.021
19.257    -514.151    -0.021
19.263    -514.851    -0.021
19.261    -515.251    -0.021
19.259    -515.851    -0.021
19.258    -516.351    -0.021
19.257    -516.751    -0.021
19.255    -517.250    -0.021
19.254    -517.750    -0.021
19.253    -518.251    -0.021
19.251    -518.851    -0.021
19.250    -519.351    -0.021
19.248    -519.751    -0.021
19.247    -520.250    -0.021
19.245    -520.850    -0.021
19.244    -521.350    -0.021
19.242    -521.851    -0.021
19.241    -522.351    -0.021
19.240    -522.751    -0.022
19.238    -523.350    -0.022
19.236    -523.850    -0.022
19.235    -524.250    -0.022
19.233    -524.850    -0.022
19.232    -525.350    -0.022
19.230    -525.751    -0.022
19.229    -526.250    -0.022
19.227    -526.850    -0.022
19.226    -527.350    -0.022
19.224    -527.850    -0.022
19.223    -528.350    -0.022
19.221    -528.749    -0.022
19.220    -529.350    -0.022
19.218    -529.850    -0.022
19.217    -530.250    -0.022
19.215    -530.750    -0.022
19.214    -531.250    -0.022
19.213    -531.749    -0.022
19.211    -532.349    -0.022
19.210    -532.849    -0.022
19.208    -533.250    -0.022
19.206    -533.850    -0.022
19.205    -534.350    -0.022
19.203    -534.749    -0.023
19.202    -535.249    -0.023
19.201    -535.749    -0.023
19.200    -536.249    -0.023
19.195    -536.850    -0.023
19.187    -537.349    -0.023
19.177    -537.849    -0.023
19.169    -538.348    -0.023
19.160    -538.849    -0.023
19.151    -539.348    -0.023
19.142    -539.848    -0.023
19.134    -540.349    -0.023
19.125    -540.848    -0.023
19.116    -541.348    -0.023
19.107    -541.848    -0.023
19.099    -542.348    -0.023
19.090    -542.847    -0.023
19.081    -543.348    -0.023
19.072    -543.848    -0.023
19.064    -544.347    -0.023
19.055    -544.847    -0.023
19.046    -545.347    -0.023
19.037    -545.847    -0.023
19.029    -546.347    -0.023
19.020    -546.847    -0.024
19.010    -547.347    -0.024
19.002    -547.846    -0.024
18.993    -548.347    -0.024
18.985    -548.846    -0.024
18.974    -549.446    -0.024
18.967    -549.846    -0.024
18.959    -550.346    -0.024
18.950    -550.846    -0.024
18.941    -551.345    -0.024
18.932    -551.846    -0.024
18.924    -552.345    -0.024
18.911    -552.945    -0.024
18.896    -553.445    -0.024
18.881    -553.944    -0.024
18.867    -554.445    -0.024
18.853    -554.944    -0.024
18.839    -555.444    -0.024
18.824    -555.944    -0.024
18.810    -556.443    -0.024
18.796    -556.943    -0.024
18.782    -557.443    -0.024
18.767    -557.943    -0.025
18.753    -558.442    -0.025
18.739    -558.943    -0.025
18.724    -559.442    -0.025
18.710    -559.941    -0.025
18.696    -560.442    -0.025
18.682    -560.941    -0.025
18.667    -561.441    -0.025
18.653    -561.941    -0.025
18.639    -562.441    -0.025
18.625    -562.940    -0.025
18.610    -563.441    -0.025
18.596    -563.940    -0.025
18.582    -564.439    -0.025
18.568    -564.940    -0.025
18.552    -565.439    -0.025
18.538    -565.939    -0.025
18.524    -566.439    -0.025
18.510    -566.939    -0.025
18.495    -567.438    -0.025
18.480    -567.937    -0.025
18.462    -568.438    -0.025
18.443    -568.938    -0.025
18.425    -569.437    -0.026
18.407    -569.937    -0.026
18.389    -570.436    -0.026
18.370    -570.936    -0.026
18.352    -571.435    -0.026
18.334    -571.935    -0.026
18.317    -572.434    -0.026
18.298    -572.934    -0.026
18.280    -573.434    -0.026
18.262    -573.934    -0.026
18.244    -574.433    -0.026
18.225    -574.933    -0.026
18.207    -575.432    -0.026
18.189    -575.932    -0.026
18.170    -576.431    -0.026
18.152    -576.931    -0.026
18.134    -577.430    -0.026
18.116    -577.930    -0.026
18.097    -578.431    -0.026
18.079    -578.930    -0.026
18.046    -579.629    -0.026
18.015    -580.128    -0.026
17.986    -580.627    -0.027
17.956    -581.126    -0.027
17.926    -581.625    -0.027
17.896    -582.124    -0.027
17.867    -582.624    -0.027
17.837    -583.123    -0.027
17.807    -583.621    -0.027
17.777    -584.120    -0.027
17.748    -584.620    -0.027
17.717    -585.119    -0.027
17.688    -585.618    -0.027
17.658    -586.116    -0.027
17.629    -586.616    -0.027
17.598    -587.115    -0.027
17.569    -587.614    -0.027
17.540    -588.114    -0.027
17.510    -588.612    -0.027
17.480    -589.111    -0.027
17.451    -589.610    -0.027
17.412    -590.209    -0.027
17.382    -590.608    -0.027
17.338    -591.206    -0.028
17.301    -591.705    -0.028
17.264    -592.204    -0.028
17.227    -592.702    -0.028
17.189    -593.201    -0.028
17.152    -593.699    -0.028
17.115    -594.198    -0.028
17.077    -594.696    -0.028
17.040    -595.195    -0.028
17.003    -595.694    -0.028
16.965    -596.192    -0.028
16.936    -596.590    -0.028
16.899    -597.089    -0.028
16.855    -597.688    -0.028
16.817    -598.186    -0.028
16.780    -598.684    -0.028
16.743    -599.183    -0.028
16.713    -599.582    -0.028
16.669    -600.180    -0.028
16.630    -600.679    -0.028
16.589    -601.177    -0.028
16.547    -601.676    -0.028
16.506    -602.174    -0.029
16.464    -602.672    -0.029
16.422    -603.170    -0.029
16.381    -603.669    -0.029
16.339    -604.167    -0.029
16.297    -604.665    -0.029
16.256    -605.163    -0.029
16.214    -605.661    -0.029
16.172    -606.159    -0.029
16.131    -606.657    -0.029
16.089    -607.156    -0.029
16.048    -607.654    -0.029
16.006    -608.152    -0.029
15.965    -608.651    -0.029
15.924    -609.149    -0.029
15.881    -609.647    -0.029
15.840    -610.146    -0.029
15.788    -610.743    -0.029
15.741    -611.240    -0.029
15.693    -611.739    -0.029
15.646    -612.236    -0.029
15.599    -612.734    -0.030
15.552    -613.231    -0.030
15.504    -613.729    -0.030
15.467    -614.127    -0.030
15.411    -614.725    -0.030
15.363    -615.223    -0.030
15.316    -615.720    -0.030
15.269    -616.218    -0.030
15.221    -616.716    -0.030
15.174    -617.214    -0.030
15.127    -617.711    -0.030
15.079    -618.209    -0.030
15.021    -618.806    -0.030
14.968    -619.303    -0.030
14.915    -619.800    -0.030
14.861    -620.298    -0.030
14.808    -620.794    -0.030
14.755    -621.291    -0.030
14.701    -621.789    -0.030
14.648    -622.286    -0.030
14.595    -622.783    -0.031
14.541    -623.280    -0.031
14.488    -623.777    -0.031
14.435    -624.275    -0.031
14.381    -624.771    -0.031
14.328    -625.268    -0.031
14.253    -625.863    -0.031
14.189    -626.360    -0.031
14.123    -626.855    -0.031
14.059    -627.351    -0.031
13.994    -627.847    -0.031
13.929    -628.342    -0.031
13.864    -628.838    -0.031
13.799    -629.334    -0.031
13.721    -629.928    -0.031
13.670    -630.326    -0.031
13.605    -630.821    -0.031
13.527    -631.416    -0.031
13.476    -631.813    -0.031
13.411    -632.308    -0.031
13.333    -632.903    -0.032
13.282    -633.299    -0.032
13.217    -633.796    -0.032
13.152    -634.292    -0.032
13.087    -634.787    -0.032
13.009    -635.382    -0.032
12.937    -635.877    -0.032
12.864    -636.371    -0.032
12.791    -636.866    -0.032
12.719    -637.360    -0.032
12.646    -637.855    -0.032
12.574    -638.350    -0.032
12.502    -638.845    -0.032
12.428    -639.340    -0.032
12.356    -639.833    -0.032
12.283    -640.328    -0.032
12.211    -640.823    -0.032
12.139    -641.318    -0.032
12.066    -641.813    -0.032
11.993    -642.307    -0.032
11.920    -642.802    -0.033
11.848    -643.297    -0.033
11.776    -643.791    -0.033
11.703    -644.286    -0.033
11.631    -644.780    -0.033
11.558    -645.275    -0.033
11.485    -645.770    -0.033
11.413    -646.265    -0.033
11.340    -646.760    -0.033
11.268    -647.253    -0.033
11.196    -647.748    -0.033
11.122    -648.243    -0.033
11.050    -648.738    -0.033
10.934    -649.428    -0.033
10.848    -649.921    -0.033
10.760    -650.413    -0.033
10.673    -650.905    -0.033
10.585    -651.397    -0.033
10.498    -651.890    -0.033
10.410    -652.382    -0.033
10.324    -652.874    -0.034
10.236    -653.367    -0.034
10.149    -653.859    -0.034
10.062    -654.351    -0.034
9.975    -654.843    -0.034
9.888    -655.336    -0.034
9.801    -655.828    -0.034
9.714    -656.321    -0.034
9.626    -656.813    -0.034
9.539    -657.305    -0.034
9.451    -657.797    -0.034
9.364    -658.289    -0.034
9.277    -658.782    -0.034
9.190    -659.274    -0.034
9.102    -659.766    -0.034
9.015    -660.259    -0.034
8.928    -660.751    -0.034
8.840    -661.243    -0.034
8.754    -661.735    -0.034
8.616    -662.422    -0.035
8.513    -662.911    -0.035
8.411    -663.401    -0.035
8.308    -663.889    -0.035
8.206    -664.379    -0.035
8.103    -664.868    -0.035
8.001    -665.358    -0.035
7.898    -665.847    -0.035
7.796    -666.337    -0.035
7.693    -666.825    -0.035
7.591    -667.315    -0.035
7.488    -667.804    -0.035
7.385    -668.294    -0.035
7.283    -668.783    -0.035
7.180    -669.272    -0.035
7.078    -669.761    -0.035
6.975    -670.251    -0.035
6.872    -670.740    -0.035
6.769    -671.230    -0.035
6.667    -671.718    -0.035
6.564    -672.208    -0.036
6.462    -672.697    -0.036
6.359    -673.187    -0.036
6.257    -673.676    -0.036
6.154    -674.166    -0.036
6.052    -674.654    -0.036
5.949    -675.144    -0.036
5.847    -675.633    -0.036
5.744    -676.123    -0.036
5.642    -676.612    -0.036
5.539    -677.102    -0.036
5.436    -677.590    -0.036
5.252    -678.369    -0.036
5.157    -678.757    -0.036
5.038    -679.243    -0.036
4.895    -679.826    -0.036
4.776    -680.312    -0.036
4.681    -680.700    -0.036
4.563    -681.186    -0.036
4.420    -681.768    -0.037
4.302    -682.254    -0.037
4.207    -682.642    -0.037
4.088    -683.128    -0.037
3.970    -683.614    -0.037
3.827    -684.197    -0.037
3.709    -684.682    -0.037
3.614    -685.071    -0.037
3.495    -685.557    -0.037
3.377    -686.043    -0.037
3.234    -686.625    -0.037
3.116    -687.111    -0.037
2.971    -687.693    -0.037
2.843    -688.176    -0.037
2.714    -688.660    -0.037
2.585    -689.143    -0.037
2.457    -689.626    -0.037
2.328    -690.109    -0.037
2.199    -690.592    -0.038
2.071    -691.075    -0.038
1.942    -691.558    -0.038
1.813    -692.041    -0.038
1.685    -692.525    -0.038
1.556    -693.008    -0.038
1.426    -693.491    -0.038
1.298    -693.974    -0.038
1.169    -694.457    -0.038
1.040    -694.940    -0.038
0.912    -695.423    -0.038
0.783    -695.906    -0.038
0.654    -696.389    -0.038
0.469    -697.064    -0.038
0.325    -697.543    -0.038
0.182    -698.022    -0.038
0.039    -698.501    -0.038
-0.105    -698.980    -0.038
-0.220    -699.364    -0.038
-0.392    -699.938    -0.039
-0.535    -700.417    -0.039
-0.650    -700.800    -0.039
-0.822    -701.375    -0.039
-0.966    -701.854    -0.039
-1.081    -702.236    -0.039
-1.252    -702.812    -0.039
-1.396    -703.290    -0.039
-1.539    -703.769    -0.039
-1.683    -704.248    -0.039
-1.826    -704.727    -0.039
-1.969    -705.206    -0.039
-2.113    -705.685    -0.039
-2.257    -706.164    -0.039
-2.400    -706.643    -0.039
-2.543    -707.122    -0.039
-2.687    -707.601    -0.039
-2.802    -707.984    -0.039
-2.974    -708.559    -0.039
-3.117    -709.038    -0.040
-3.260    -709.517    -0.040
-3.372    -709.901    -0.040
-3.510    -710.381    -0.040
-3.648    -710.862    -0.040
-3.785    -711.343    -0.040
-3.922    -711.823    -0.040
-4.060    -712.304    -0.040
-4.198    -712.785    -0.040
-4.334    -713.266    -0.040
-4.472    -713.746    -0.040
-4.609    -714.228    -0.040
-4.747    -714.708    -0.040
-5.042    -715.663    -0.040
-5.210    -716.133    -0.040
-5.378    -716.604    -0.040
-5.547    -717.075    -0.040
-5.715    -717.545    -0.040
-5.884    -718.016    -0.041
-6.052    -718.487    -0.041
-6.221    -718.957    -0.041
-6.389    -719.428    -0.041
-6.558    -719.900    -0.041
-6.726    -720.371    -0.041
-6.894    -720.841    -0.041
-7.063    -721.312    -0.041
-7.309    -721.967    -0.041
-7.494    -722.431    -0.041
-7.679    -722.895    -0.041
-7.864    -723.360    -0.041
-8.087    -723.917    -0.041
-8.235    -724.289    -0.041
-8.420    -724.753    -0.041
-8.605    -725.218    -0.041
-8.791    -725.682    -0.041
-9.013    -726.238    -0.041
-9.162    -726.610    -0.042
-9.347    -727.074    -0.042
-9.532    -727.539    -0.042
-9.718    -728.003    -0.042
-9.903    -728.468    -0.042
-10.088    -728.932    -0.042
-10.275    -729.396    -0.042
-10.460    -729.860    -0.042
-10.645    -730.325    -0.042
-10.830    -730.789    -0.042
-11.015    -731.253    -0.042
-11.200    -731.718    -0.042
-11.423    -732.275    -0.042
-11.572    -732.646    -0.042
-11.760    -733.110    -0.042
-11.947    -733.574    -0.042
-12.134    -734.037    -0.042
-12.358    -734.594    -0.042
-12.545    -735.057    -0.042
-12.732    -735.521    -0.043
-12.919    -735.984    -0.043
-13.069    -736.356    -0.043
-13.256    -736.819    -0.043
-13.443    -737.283    -0.043
-13.630    -737.746    -0.043
-13.817    -738.210    -0.043
-14.004    -738.673    -0.043
-14.228    -739.230    -0.043
-14.415    -739.694    -0.043
-14.603    -740.158    -0.043
-14.790    -740.621    -0.043
-14.977    -741.084    -0.043
-15.164    -741.548    -0.043
-15.313    -741.920    -0.043
-15.500    -742.383    -0.043
-15.688    -742.847    -0.043
-15.875    -743.310    -0.043
-16.062    -743.774    -0.044
-16.249    -744.237    -0.044
-16.436    -744.700    -0.044
-16.623    -745.165    -0.044
-16.930    -745.903    -0.044
-17.136    -746.358    -0.044
-17.384    -746.905    -0.044
-17.548    -747.270    -0.044
-17.754    -747.725    -0.044
-18.002    -748.272    -0.044
-18.166    -748.637    -0.044
-18.372    -749.092    -0.044
-18.578    -749.548    -0.044
-18.784    -750.003    -0.044
-19.031    -750.550    -0.044
-19.196    -750.915    -0.044
-19.402    -751.369    -0.044
-19.608    -751.825    -0.044
-19.814    -752.280    -0.045
-20.020    -752.736    -0.045
-20.226    -753.192    -0.045
-20.474    -753.738    -0.045
-20.638    -754.103    -0.045
-20.885    -754.650    -0.045
-21.050    -755.014    -0.045
-21.297    -755.561    -0.045
-21.462    -755.926    -0.045
-21.667    -756.381    -0.045
-21.873    -756.837    -0.045
-22.080    -757.293    -0.045
-22.327    -757.838    -0.045
-22.491    -758.203    -0.045
-22.698    -758.659    -0.045
-23.085    -759.472    -0.045
-23.264    -759.828    -0.045
-23.490    -760.274    -0.045
-23.715    -760.721    -0.046
-23.940    -761.167    -0.046
-24.165    -761.613    -0.046
-24.390    -762.060    -0.046
-24.616    -762.506    -0.046
-24.840    -762.953    -0.046
-25.066    -763.400    -0.046
-25.290    -763.846    -0.046
-25.516    -764.293    -0.046
-25.740    -764.739    -0.046
-25.966    -765.185    -0.046
-26.190    -765.632    -0.046
-26.416    -766.078    -0.046
-26.641    -766.524    -0.046
-26.866    -766.971    -0.046
-27.091    -767.417    -0.046
-27.316    -767.864    -0.046
-27.541    -768.310    -0.046
-27.766    -768.756    -0.047
-27.991    -769.203    -0.047
-28.216    -769.649    -0.047
-28.442    -770.096    -0.047
-28.667    -770.542    -0.047
-28.892    -770.988    -0.047
-29.117    -771.435    -0.047
-29.492    -772.142    -0.047
-29.734    -772.578    -0.047
-29.977    -773.016    -0.047
-30.219    -773.453    -0.047
-30.461    -773.891    -0.047
-30.704    -774.327    -0.047
-30.947    -774.765    -0.047
-31.189    -775.202    -0.047
-31.431    -775.640    -0.047
-31.673    -776.077    -0.047
-31.868    -776.426    -0.047
-32.159    -776.951    -0.048
-32.353    -777.301    -0.048
-32.643    -777.826    -0.048
-32.886    -778.264    -0.048
-33.128    -778.700    -0.048
-33.323    -779.050    -0.048
-33.613    -779.575    -0.048
-33.807    -779.924    -0.048
-34.098    -780.449    -0.048
-34.292    -780.799    -0.048
-34.582    -781.324    -0.048
-34.776    -781.674    -0.048
-35.067    -782.199    -0.048
-35.570    -783.062    -0.048
-35.836    -783.486    -0.048
-36.102    -783.909    -0.048
-36.368    -784.333    -0.048
-36.634    -784.756    -0.049
-36.900    -785.179    -0.049
-37.166    -785.603    -0.049
-37.379    -785.941    -0.049
-37.645    -786.364    -0.049
-37.911    -786.788    -0.049
-38.177    -787.212    -0.049
-38.443    -787.635    -0.049
-38.762    -788.142    -0.049
-39.028    -788.566    -0.049
-39.294    -788.989    -0.049
-39.506    -789.327    -0.049
-39.772    -789.751    -0.049
-40.039    -790.174    -0.049
-40.305    -790.597    -0.049
-40.571    -791.021    -0.049
-40.837    -791.444    -0.049
-41.103    -791.867    -0.049
-41.369    -792.291    -0.049
-41.635    -792.714    -0.050
-41.901    -793.137    -0.050
-42.167    -793.561    -0.050
-42.434    -793.984    -0.050
-42.700    -794.407    -0.050
-43.083    -794.992    -0.050
-43.306    -795.325    -0.050
-43.641    -795.823    -0.050
-43.919    -796.238    -0.050
-44.198    -796.653    -0.050
-44.477    -797.067    -0.050
-44.700    -797.400    -0.050
-45.034    -797.898    -0.050
-45.257    -798.230    -0.050
-45.592    -798.728    -0.050
-45.870    -799.143    -0.050
-46.149    -799.558    -0.050
-46.373    -799.890    -0.050
-46.707    -800.388    -0.051
-46.930    -800.720    -0.051
-47.265    -801.218    -0.051
-47.544    -801.633    -0.051
-47.822    -802.048    -0.051
-48.101    -802.463    -0.051
-48.380    -802.878    -0.051
-48.603    -803.210    -0.051
-48.937    -803.708    -0.051
-49.161    -804.040    -0.051
-49.495    -804.538    -0.051
-49.773    -804.953    -0.051
-50.053    -805.368    -0.051
-50.331    -805.784    -0.051
-50.554    -806.115    -0.051
-50.889    -806.613    -0.051
-51.112    -806.945    -0.051
-51.446    -807.443    -0.051
-51.903    -808.100    -0.052
-52.197    -808.504    -0.052
-52.492    -808.908    -0.052
-52.787    -809.312    -0.052
-53.081    -809.716    -0.052
-53.376    -810.120    -0.052
-53.670    -810.524    -0.052
-53.906    -810.848    -0.052
-54.258    -811.332    -0.052
-54.553    -811.736    -0.052
-54.847    -812.140    -0.052
-55.142    -812.545    -0.052
-55.437    -812.949    -0.052
-55.672    -813.272    -0.052
-55.967    -813.676    -0.052
-56.319    -814.161    -0.052
-56.614    -814.565    -0.052
-56.908    -814.969    -0.052
-57.203    -815.373    -0.053
-57.498    -815.777    -0.053
-57.792    -816.181    -0.053
-58.087    -816.585    -0.053
-58.381    -816.989    -0.053
-58.676    -817.393    -0.053
-58.911    -817.717    -0.053
-59.206    -818.121    -0.053
-59.559    -818.605    -0.053
-59.853    -819.009    -0.053
-60.148    -819.413    -0.053
-60.442    -819.817    -0.053
-60.737    -820.222    -0.053
-60.972    -820.545    -0.053
-61.325    -821.030    -0.053
-61.870    -821.745    -0.053
-62.188    -822.131    -0.053
-62.506    -822.517    -0.054
-62.824    -822.903    -0.054
-63.142    -823.289    -0.054
-63.460    -823.675    -0.054
-63.777    -824.060    -0.054
-64.159    -824.523    -0.054
-64.413    -824.832    -0.054
-64.731    -825.218    -0.054
-65.049    -825.604    -0.054
-65.367    -825.990    -0.054
-65.685    -826.375    -0.054
-66.003    -826.762    -0.054
-66.321    -827.148    -0.054
-66.639    -827.533    -0.054
-66.957    -827.920    -0.054
-67.274    -828.305    -0.054
-67.592    -828.691    -0.054
-67.974    -829.154    -0.054
-68.228    -829.463    -0.054
-68.546    -829.848    -0.055
-68.864    -830.235    -0.055
-69.182    -830.620    -0.055
-69.500    -831.006    -0.055
-69.818    -831.393    -0.055
-70.135    -831.778    -0.055
-70.453    -832.165    -0.055
-70.771    -832.550    -0.055
-71.089    -832.936    -0.055
-71.407    -833.321    -0.055
-71.725    -833.708    -0.055
-72.043    -834.093    -0.055
-72.562    -834.702    -0.055
-72.896    -835.074    -0.055
-73.231    -835.445    -0.055
-73.565    -835.817    -0.055
-73.832    -836.115    -0.055
-74.166    -836.487    -0.055
-74.501    -836.859    -0.056
-74.901    -837.305    -0.056
-75.236    -837.677    -0.056
-75.570    -838.048    -0.056
-75.904    -838.420    -0.056
-76.239    -838.792    -0.056
-76.573    -839.164    -0.056
-76.907    -839.536    -0.056
-77.174    -839.833    -0.056
-77.509    -840.205    -0.056
-77.843    -840.577    -0.056
-78.244    -841.023    -0.056
-78.578    -841.395    -0.056
-78.845    -841.693    -0.056
-79.179    -842.065    -0.056
-79.580    -842.511    -0.056
-79.914    -842.883    -0.056
-80.249    -843.255    -0.056
-80.583    -843.627    -0.056
-80.850    -843.924    -0.057
-81.184    -844.296    -0.057
-81.585    -844.743    -0.057
-81.919    -845.115    -0.057
-82.471    -845.693    -0.057
-82.821    -846.050    -0.057
-83.171    -846.406    -0.057
-83.522    -846.763    -0.057
-83.871    -847.121    -0.057
-84.222    -847.477    -0.057
-84.572    -847.833    -0.057
-84.922    -848.191    -0.057
-85.272    -848.547    -0.057
-85.623    -848.904    -0.057
-85.903    -849.190    -0.057
-86.323    -849.618    -0.057
-86.604    -849.903    -0.057
-87.024    -850.331    -0.057
-87.304    -850.617    -0.057
-87.724    -851.045    -0.058
-88.004    -851.331    -0.058
-88.424    -851.759    -0.058
-88.705    -852.044    -0.058
-89.125    -852.472    -0.058
-89.405    -852.758    -0.058
-89.825    -853.186    -0.058
-90.105    -853.471    -0.058
-90.525    -853.899    -0.058
-90.806    -854.185    -0.058
-91.226    -854.614    -0.058
-91.506    -854.899    -0.058
-91.926    -855.328    -0.058
-92.277    -855.684    -0.058
-92.627    -856.041    -0.058
-92.977    -856.397    -0.058
-93.399    -856.822    -0.058
-93.758    -857.172    -0.058
-94.188    -857.590    -0.059
-94.475    -857.869    -0.059
-94.833    -858.217    -0.059
-95.263    -858.637    -0.059
-95.550    -858.915    -0.059
-95.980    -859.334    -0.059
-96.266    -859.612    -0.059
-96.624    -859.962    -0.059
-97.055    -860.380    -0.059
-97.341    -860.659    -0.059
-97.699    -861.007    -0.059
-98.058    -861.356    -0.059
-98.416    -861.705    -0.059
-98.920    -862.190    -0.059
-99.362    -862.596    -0.059
-99.657    -862.867    -0.059
-100.025    -863.204    -0.059
-100.393    -863.543    -0.059
-100.761    -863.881    -0.059
-101.129    -864.220    -0.060
-101.572    -864.625    -0.060
-101.940    -864.964    -0.060
-102.235    -865.234    -0.060
-102.676    -865.639    -0.060
-102.971    -865.910    -0.060
-103.339    -866.248    -0.060
-103.781    -866.654    -0.060
-104.076    -866.924    -0.060
-104.444    -867.262    -0.060
-104.812    -867.601    -0.060
-105.181    -867.938    -0.060
-105.549    -868.277    -0.060
-105.917    -868.615    -0.060
-106.359    -869.020    -0.060
-106.891    -869.476    -0.060
-107.349    -869.863    -0.060
-107.655    -870.121    -0.060
-108.113    -870.508    -0.061
-108.419    -870.766    -0.061
-108.800    -871.089    -0.061
-109.258    -871.476    -0.061
-109.564    -871.734    -0.061
-110.022    -872.121    -0.061
-110.328    -872.379    -0.061
-110.786    -872.766    -0.061
-111.092    -873.024    -0.061
-111.550    -873.411    -0.061
-111.856    -873.669    -0.061
-112.239    -873.992    -0.061
-112.620    -874.314    -0.061
-113.003    -874.637    -0.061
-113.539    -875.086    -0.061
-113.928    -875.400    -0.061
-114.317    -875.715    -0.061
-114.706    -876.029    -0.061
-115.095    -876.343    -0.061
-115.484    -876.657    -0.061
-115.872    -876.971    -0.062
-116.261    -877.286    -0.062
-116.650    -877.600    -0.062
-117.039    -877.914    -0.062
-117.428    -878.228    -0.062
-117.817    -878.542    -0.062
-118.128    -878.794    -0.062
-118.594    -879.172    -0.062
-118.983    -879.486    -0.062
-119.372    -879.800    -0.062
-119.760    -880.114    -0.062
-120.149    -880.429    -0.062
-120.538    -880.743    -0.062
-120.927    -881.057    -0.062
-121.316    -881.371    -0.062
-121.705    -881.686    -0.062
-122.094    -882.000    -0.062
-122.482    -882.315    -0.062
-123.037    -882.741    -0.062
-123.438    -883.039    -0.063
-123.919    -883.398    -0.063
-124.320    -883.697    -0.063
-124.721    -883.996    -0.063
-125.122    -884.294    -0.063
-125.523    -884.593    -0.063
-125.844    -884.832    -0.063
-126.245    -885.131    -0.063
-126.725    -885.489    -0.063
-127.127    -885.787    -0.063
-127.528    -886.087    -0.063
-127.848    -886.326    -0.063
-128.329    -886.684    -0.063
-128.730    -886.983    -0.063
-129.131    -887.282    -0.063
-129.532    -887.580    -0.063
-129.852    -887.820    -0.063
-130.253    -888.118    -0.063
-130.654    -888.417    -0.063
-131.135    -888.775    -0.063
-131.536    -889.074    -0.064
-131.937    -889.373    -0.064
-132.338    -889.672    -0.064
-132.659    -889.910    -0.064
-133.139    -890.269    -0.064
-133.540    -890.568    -0.064
-133.942    -890.867    -0.064
-134.343    -891.165    -0.064
-134.663    -891.405    -0.064
-135.064    -891.703    -0.064
-135.465    -892.002    -0.064
-135.946    -892.360    -0.064
-136.347    -892.659    -0.064
-136.748    -892.958    -0.064
-137.149    -893.256    -0.064
-137.805    -893.713    -0.064
-138.305    -894.046    -0.064
-138.638    -894.268    -0.064
-139.137    -894.599    -0.064
-139.470    -894.821    -0.064
-139.886    -895.098    -0.065
-140.302    -895.375    -0.065
-140.718    -895.652    -0.065
-141.135    -895.929    -0.065
-141.552    -896.205    -0.065
-141.967    -896.483    -0.065
-142.383    -896.761    -0.065
-142.798    -897.039    -0.065
-143.214    -897.317    -0.065
-143.629    -897.594    -0.065
-144.045    -897.872    -0.065
-144.460    -898.151    -0.065
-144.875    -898.430    -0.065
-145.291    -898.709    -0.065
-145.705    -898.987    -0.065
-146.203    -899.322    -0.065
-146.535    -899.546    -0.065
-146.950    -899.825    -0.065
-147.448    -900.160    -0.065
-148.038    -900.536    -0.065
-148.463    -900.799    -0.066
-148.888    -901.062    -0.066
-149.313    -901.325    -0.066
-149.739    -901.588    -0.066
-150.164    -901.851    -0.066
-150.589    -902.114    -0.066
-151.014    -902.377    -0.066
-151.439    -902.640    -0.066
-151.864    -902.903    -0.066
-152.289    -903.166    -0.066
-152.714    -903.429    -0.066
-153.140    -903.692    -0.066
-153.565    -903.955    -0.066
-153.990    -904.218    -0.066
-154.416    -904.481    -0.066
-154.756    -904.691    -0.066
-155.179    -904.957    -0.066
-155.603    -905.223    -0.066
-156.025    -905.489    -0.066
-156.449    -905.755    -0.066
-156.873    -906.021    -0.066
-157.296    -906.286    -0.067
-157.720    -906.552    -0.067
-158.144    -906.818    -0.067
-158.833    -907.223    -0.067
-159.266    -907.472    -0.067
-159.700    -907.721    -0.067
-160.134    -907.970    -0.067
-160.567    -908.218    -0.067
-160.915    -908.418    -0.067
-161.435    -908.717    -0.067
-161.607    -908.817    -0.067
-162.032    -909.081    -0.067
-162.456    -909.346    -0.067
-162.880    -909.611    -0.067
-163.304    -909.876    -0.067
-163.728    -910.140    -0.067
-164.152    -910.405    -0.067
-164.576    -910.670    -0.067
-165.521    -911.231    -0.067
-165.964    -911.464    -0.067
-166.407    -911.696    -0.068
-166.849    -911.929    -0.068
-167.203    -912.114    -0.068
-167.647    -912.347    -0.068
-168.178    -912.625    -0.068
-168.622    -912.855    -0.068
-169.065    -913.085    -0.068
-169.421    -913.268    -0.068
-169.954    -913.545    -0.068
-170.398    -913.774    -0.068
-170.841    -914.005    -0.068
-171.196    -914.188    -0.068
-171.548    -914.380    -0.068
-172.075    -914.666    -0.068
-172.427    -914.857    -0.068
-172.865    -915.097    -0.068
-173.392    -915.383    -0.068
-173.744    -915.574    -0.068
-174.182    -915.814    -0.068
-174.622    -916.053    -0.068
-175.060    -916.292    -0.068
-175.499    -916.533    -0.068
-175.937    -916.773    -0.069
-176.376    -917.014    -0.069
-176.814    -917.254    -0.069
-177.253    -917.494    -0.069
-177.691    -917.735    -0.069
-178.311    -918.059    -0.069
-178.756    -918.288    -0.069
-179.201    -918.516    -0.069
-179.646    -918.745    -0.069
-180.090    -918.973    -0.069
-180.534    -919.202    -0.069
-180.979    -919.430    -0.069
-181.423    -919.660    -0.069
-181.868    -919.888    -0.069
-182.312    -920.118    -0.069
-182.757    -920.346    -0.069
-183.201    -920.576    -0.069
-183.646    -920.804    -0.069
-184.090    -921.034    -0.069
-184.813    -921.377    -0.069
-185.266    -921.586    -0.069
-185.720    -921.796    -0.070
-186.174    -922.006    -0.070
-186.627    -922.215    -0.070
-187.082    -922.425    -0.070
-187.444    -922.595    -0.070
-187.895    -922.810    -0.070
-188.346    -923.026    -0.070
-188.798    -923.242    -0.070
-189.249    -923.457    -0.070
-189.700    -923.673    -0.070
-190.151    -923.888    -0.070
-190.602    -924.104    -0.070
-191.053    -924.320    -0.070
-191.504    -924.535    -0.070
-191.955    -924.751    -0.070
-192.406    -924.967    -0.070
-192.857    -925.182    -0.070
-193.308    -925.398    -0.070
-193.759    -925.615    -0.070
-194.210    -925.830    -0.070
-194.661    -926.046    -0.070
-195.112    -926.261    -0.070
-195.934    -926.627    -0.071
-196.395    -926.819    -0.071
-196.857    -927.011    -0.071
-197.318    -927.202    -0.071
-197.688    -927.356    -0.071
-198.242    -927.587    -0.071
-198.703    -927.779    -0.071
-199.165    -927.971    -0.071
-199.626    -928.163    -0.071
-199.996    -928.317    -0.071
-200.549    -928.548    -0.071
-201.011    -928.740    -0.071
-201.380    -928.893    -0.071
-201.934    -929.124    -0.071
-202.396    -929.316    -0.071
-202.857    -929.508    -0.071
-203.227    -929.662    -0.071
-203.688    -929.854    -0.071
-204.242    -930.085    -0.071
-204.704    -930.277    -0.071
-205.071    -930.434    -0.071
-205.437    -930.595    -0.071
-205.896    -930.795    -0.071
-206.538    -931.073    -0.072
-207.002    -931.261    -0.072
-207.465    -931.449    -0.072
-207.928    -931.636    -0.072
-208.392    -931.824    -0.072
-208.855    -932.011    -0.072
-209.318    -932.200    -0.072
-209.781    -932.390    -0.072
-210.244    -932.580    -0.072
-210.706    -932.769    -0.072
-211.169    -932.959    -0.072
-211.819    -933.218    -0.072
-212.382    -933.424    -0.072
-212.852    -933.595    -0.072
-213.322    -933.766    -0.072
-213.698    -933.903    -0.072
-214.261    -934.108    -0.072
-214.635    -934.249    -0.072
-215.103    -934.427    -0.072
-215.570    -934.604    -0.072
-216.038    -934.782    -0.072
-216.412    -934.924    -0.072
-216.973    -935.137    -0.072
-217.440    -935.315    -0.072
-217.907    -935.492    -0.073
-218.281    -935.633    -0.073
-218.843    -935.845    -0.073
-219.217    -935.986    -0.073
-219.778    -936.198    -0.073
-220.341    -936.408    -0.073
-220.811    -936.577    -0.073
-221.281    -936.747    -0.073
-221.751    -936.917    -0.073
-222.221    -937.087    -0.073
-222.691    -937.257    -0.073
-223.161    -937.428    -0.073
-223.631    -937.597    -0.073
-224.102    -937.766    -0.073
-224.573    -937.935    -0.073
-225.044    -938.104    -0.073
-225.514    -938.272    -0.073
-225.985    -938.441    -0.073
-226.646    -938.670    -0.073
-227.025    -938.798    -0.073
-227.499    -938.957    -0.073
-227.974    -939.116    -0.073
-228.542    -939.307    -0.073
-229.015    -939.466    -0.074
-229.395    -939.594    -0.074
-230.062    -939.805    -0.074
-230.540    -939.950    -0.074
-231.114    -940.125    -0.074
-231.497    -940.242    -0.074
-231.975    -940.387    -0.074
-232.358    -940.504    -0.074
-232.931    -940.681    -0.074
-233.409    -940.828    -0.074
-233.887    -940.974    -0.074
-234.365    -941.121    -0.074
-234.747    -941.238    -0.074
-235.321    -941.415    -0.074
-235.799    -941.562    -0.074
-236.374    -941.732    -0.074
-236.853    -941.872    -0.074
-237.333    -942.012    -0.074
-237.813    -942.153    -0.074
-238.294    -942.293    -0.074
-238.774    -942.433    -0.074
-239.252    -942.575    -0.074
-239.732    -942.717    -0.074
-240.211    -942.860    -0.074
-240.594    -942.974    -0.074
-241.073    -943.117    -0.074
-241.648    -943.289    -0.075
-242.127    -943.432    -0.075
-242.607    -943.576    -0.075
-242.990    -943.690    -0.075
-243.564    -943.861    -0.075
-244.044    -944.004    -0.075
-244.523    -944.148    -0.075
-244.906    -944.262    -0.075
-245.481    -944.433    -0.075
-245.961    -944.573    -0.075
-246.538    -944.738    -0.075
-246.923    -944.848    -0.075
-247.499    -945.014    -0.075
-247.980    -945.149    -0.075
-248.559    -945.305    -0.075
-248.946    -945.409    -0.075
-249.525    -945.564    -0.075
-249.911    -945.669    -0.075
-250.394    -945.799    -0.075
-250.877    -945.929    -0.075
-251.555    -946.103    -0.075
-252.040    -946.224    -0.075
-252.524    -946.345    -0.075
-253.010    -946.465    -0.075
-253.495    -946.586    -0.075
-253.980    -946.707    -0.076
-254.466    -946.828    -0.076
-254.951    -946.949    -0.076
-255.436    -947.070    -0.076
-255.921    -947.191    -0.076
-256.406    -947.311    -0.076
-256.891    -947.433    -0.076
-257.376    -947.554    -0.076
-257.764    -947.652    -0.076
-258.248    -947.779    -0.076
-258.731    -947.905    -0.076
-259.215    -948.031    -0.076
-259.699    -948.157    -0.076
-260.281    -948.303    -0.076
-260.766    -948.424    -0.076
-261.252    -948.545    -0.076
-261.737    -948.665    -0.076
-262.222    -948.784    -0.076
-262.707    -948.902    -0.076
-263.194    -949.019    -0.076
-263.680    -949.137    -0.076
-264.165    -949.254    -0.076
-264.749    -949.392    -0.076
-265.237    -949.502    -0.076
-265.724    -949.614    -0.076
-266.212    -949.724    -0.076
-266.895    -949.874    -0.077
-267.386    -949.972    -0.077
-267.877    -950.069    -0.077
-268.367    -950.166    -0.077
-268.858    -950.264    -0.077
-269.250    -950.342    -0.077
-269.838    -950.460    -0.077
-270.427    -950.574    -0.077
-270.918    -950.668    -0.077
-271.409    -950.762    -0.077
-271.802    -950.836    -0.077
-272.391    -950.948    -0.077
-272.883    -951.040    -0.077
-273.374    -951.132    -0.077
-273.866    -951.223    -0.077
-274.357    -951.315    -0.077
-274.849    -951.406    -0.077
-275.340    -951.498    -0.077
-275.832    -951.591    -0.077
-276.324    -951.680    -0.077
-276.913    -951.787    -0.077
-277.308    -951.858    -0.077
-277.897    -951.965    -0.077
-278.292    -952.036    -0.077
-278.881    -952.142    -0.077
-279.374    -952.229    -0.077
-279.867    -952.316    -0.077
-280.359    -952.403    -0.077
-280.852    -952.490    -0.078
-281.344    -952.576    -0.078
-282.034    -952.688    -0.078
-282.530    -952.760    -0.078
-283.024    -952.833    -0.078
-283.420    -952.891    -0.078
-283.815    -952.949    -0.078
-284.309    -953.031    -0.078
-284.802    -953.113    -0.078
-285.295    -953.194    -0.078
-285.788    -953.276    -0.078
-286.281    -953.357    -0.078
-286.775    -953.439    -0.078
-287.269    -953.521    -0.078
-287.762    -953.601    -0.078
-288.354    -953.696    -0.078
-288.749    -953.759    -0.078
-289.243    -953.839    -0.078
-289.934    -953.948    -0.078
-290.430    -954.013    -0.078
-291.024    -954.091    -0.078
-291.521    -954.156    -0.078
-292.016    -954.220    -0.078
-292.413    -954.272    -0.078
-292.909    -954.337    -0.078
-293.404    -954.405    -0.078
-293.899    -954.473    -0.078
-294.394    -954.540    -0.078
-294.890    -954.609    -0.078
-295.584    -954.698    -0.079
-296.080    -954.756    -0.079
-296.577    -954.814    -0.079
-297.074    -954.871    -0.079
-297.571    -954.929    -0.079
-298.067    -954.987    -0.079
-298.663    -955.052    -0.079
-299.161    -955.104    -0.079
-299.658    -955.157    -0.079
-300.056    -955.199    -0.079
-300.652    -955.263    -0.079
-301.149    -955.316    -0.079
-301.646    -955.368    -0.079
-302.144    -955.417    -0.079
-302.641    -955.468    -0.079
-303.139    -955.518    -0.079
-303.636    -955.570    -0.079
-304.134    -955.620    -0.079
-304.631    -955.672    -0.079
-305.128    -955.723    -0.079
-305.625    -955.774    -0.079
-306.123    -955.822    -0.079
-306.620    -955.869    -0.079
-307.118    -955.915    -0.079
-307.616    -955.962    -0.079
-308.114    -956.009    -0.079
-308.811    -956.069    -0.079
-309.210    -956.100    -0.079
-309.808    -956.146    -0.079
-310.307    -956.183    -0.079
-310.806    -956.222    -0.079
-311.104    -956.245    -0.079
-311.602    -956.294    -0.080
-312.099    -956.344    -0.080
-312.597    -956.392    -0.080
-313.094    -956.442    -0.080
-313.592    -956.492    -0.080
-314.090    -956.541    -0.080
-314.587    -956.590    -0.080
-315.285    -956.642    -0.080
-315.884    -956.678    -0.080
-316.283    -956.703    -0.080
-316.882    -956.739    -0.080
-317.281    -956.763    -0.080
-317.780    -956.794    -0.080
-318.279    -956.825    -0.080
-319.078    -956.861    -0.080
-319.578    -956.877    -0.080
-320.078    -956.893    -0.080
-320.578    -956.910    -0.080
-320.977    -956.922    -0.080
-321.377    -956.940    -0.080
-321.975    -956.968    -0.080
-322.375    -956.986    -0.080
-322.975    -957.014    -0.080
-323.574    -957.038    -0.080
-323.974    -957.054    -0.080
-324.474    -957.072    -0.080
-325.073    -957.095    -0.080
-325.473    -957.111    -0.080
-326.072    -957.134    -0.080
-326.472    -957.149    -0.080
-327.072    -957.172    -0.080
-327.471    -957.188    -0.080
-327.971    -957.208    -0.080
-328.471    -957.229    -0.080
-328.969    -957.252    -0.081
-329.469    -957.274    -0.081
-329.968    -957.296    -0.081
-330.368    -957.314    -0.081
-330.967    -957.341    -0.081
-331.467    -957.364    -0.081
-331.967    -957.384    -0.081
-332.466    -957.405    -0.081
-332.966    -957.426    -0.081
-333.465    -957.447    -0.081
-333.964    -957.467    -0.081
-334.664    -957.487    -0.081
-335.264    -957.490    -0.081
-335.764    -957.493    -0.081
-336.264    -957.494    -0.081
-336.764    -957.497    -0.081
-337.264    -957.499    -0.081
-337.764    -957.502    -0.081
-338.264    -957.503    -0.081
-338.764    -957.506    -0.081
-339.264    -957.508    -0.081
-339.763    -957.511    -0.081
-340.263    -957.512    -0.081
-340.763    -957.515    -0.081
-341.263    -957.517    -0.081
-341.763    -957.520    -0.081
-342.263    -957.521    -0.081
-342.763    -957.524    -0.081
-343.264    -957.526    -0.081
-343.764    -957.529    -0.081
-344.264    -957.530    -0.081
-344.764    -957.533    -0.081
-345.263    -957.535    -0.081
-345.763    -957.538    -0.081
-346.562    -957.524    -0.081
-347.062    -957.501    -0.082
-347.561    -957.479    -0.082
-348.061    -957.457    -0.082
-348.561    -957.434    -0.082
-349.060    -957.411    -0.082
-349.559    -957.389    -0.082
-350.059    -957.366    -0.082
-350.558    -957.344    -0.082
-351.058    -957.322    -0.082
-351.557    -957.299    -0.082
-352.057    -957.276    -0.082
-352.556    -957.254    -0.082
-353.055    -957.232    -0.082
-353.555    -957.209    -0.082
-354.055    -957.186    -0.082
-354.554    -957.164    -0.082
-355.053    -957.141    -0.082
-355.552    -957.118    -0.082
-356.052    -957.096    -0.082
-356.552    -957.074    -0.082
-357.051    -957.052    -0.082
-357.551    -957.028    -0.082
-358.249    -956.987    -0.082
-358.748    -956.951    -0.082
-359.247    -956.915    -0.082
-359.745    -956.880    -0.082
-360.244    -956.845    -0.082
-360.743    -956.808    -0.082
-361.242    -956.773    -0.082
-361.740    -956.738    -0.082
-362.239    -956.701    -0.082
-362.738    -956.666    -0.082
-363.236    -956.631    -0.082
-363.734    -956.596    -0.082
-364.233    -956.560    -0.082
-364.732    -956.525    -0.082
-365.231    -956.489    -0.082
-365.730    -956.453    -0.082
-366.228    -956.418    -0.082
-366.727    -956.383    -0.082
-367.226    -956.348    -0.082
-367.725    -956.312    -0.082
-368.223    -956.276    -0.083
-368.722    -956.241    -0.083
-369.221    -956.205    -0.083
-369.720    -956.170    -0.083
-370.217    -956.135    -0.083
-370.716    -956.099    -0.083
-371.512    -956.019    -0.083
-372.010    -955.964    -0.083
-372.506    -955.909    -0.083
-373.004    -955.854    -0.083
-373.500    -955.800    -0.083
-373.997    -955.744    -0.083
-374.494    -955.690    -0.083
-374.991    -955.635    -0.083
-375.488    -955.579    -0.083
-375.985    -955.525    -0.083
-376.481    -955.470    -0.083
-376.979    -955.414    -0.083
-377.376    -955.371    -0.083
-377.972    -955.305    -0.083
-378.470    -955.249    -0.083
-378.966    -955.195    -0.083
-379.464    -955.140    -0.083
-379.960    -955.084    -0.083
-380.457    -955.030    -0.083
-380.954    -954.975    -0.083
-381.451    -954.919    -0.083
-381.948    -954.865    -0.083
-382.445    -954.810    -0.083
-382.941    -954.754    -0.083
-383.538    -954.687    -0.083
-384.133    -954.608    -0.083
-384.529    -954.556    -0.083
-385.124    -954.477    -0.083
-385.619    -954.410    -0.083
-386.016    -954.358    -0.083
-386.610    -954.278    -0.083
-387.106    -954.212    -0.083
-387.502    -954.159    -0.083
-388.097    -954.080    -0.083
-388.593    -954.014    -0.083
-388.989    -953.961    -0.083
-389.584    -953.882    -0.083
-390.080    -953.816    -0.083
-390.575    -953.750    -0.083
-390.972    -953.697    -0.083
-391.467    -953.630    -0.084
-392.061    -953.551    -0.084
-392.557    -953.485    -0.084
-393.053    -953.419    -0.084
-393.449    -953.366    -0.084
-394.044    -953.287    -0.084
-394.540    -953.221    -0.084
-394.936    -953.168    -0.084
-395.531    -953.089    -0.084
-396.223    -952.980    -0.084
-396.716    -952.897    -0.084
-397.208    -952.813    -0.084
-397.701    -952.730    -0.084
-398.194    -952.646    -0.084
-398.588    -952.580    -0.084
-399.180    -952.480    -0.084
-399.673    -952.397    -0.084
-400.166    -952.314    -0.084
-400.659    -952.230    -0.084
-401.152    -952.147    -0.084
-401.645    -952.064    -0.084
-402.138    -951.981    -0.084
-402.630    -951.896    -0.084
-403.123    -951.813    -0.084
-403.616    -951.729    -0.084
-404.109    -951.646    -0.084
-404.894    -951.492    -0.084
-405.384    -951.390    -0.084
-405.873    -951.287    -0.084
-406.264    -951.206    -0.084
-406.754    -951.103    -0.084
-407.243    -951.000    -0.084
-407.830    -950.876    -0.084
-408.221    -950.794    -0.084
-408.711    -950.692    -0.084
-409.298    -950.568    -0.084
-409.787    -950.465    -0.084
-410.178    -950.383    -0.084
-410.668    -950.281    -0.084
-411.157    -950.177    -0.084
-411.744    -950.054    -0.084
-412.234    -949.952    -0.084
-412.625    -949.870    -0.084
-413.114    -949.767    -0.084
-413.604    -949.664    -0.084
-414.191    -949.540    -0.084
-414.680    -949.438    -0.084
-415.071    -949.356    -0.084
-415.754    -949.201    -0.084
-416.338    -949.062    -0.084
-416.727    -948.969    -0.084
-417.310    -948.830    -0.084
-417.699    -948.737    -0.084
-418.186    -948.621    -0.084
-418.770    -948.482    -0.084
-419.159    -948.389    -0.084
-419.742    -948.250    -0.084
-420.131    -948.157    -0.085
-420.715    -948.017    -0.085
-421.103    -947.925    -0.085
-421.688    -947.785    -0.085
-422.076    -947.692    -0.085
-422.660    -947.553    -0.085
-423.048    -947.460    -0.085
-423.632    -947.321    -0.085
-424.021    -947.228    -0.085
-424.605    -947.089    -0.085
-424.994    -946.996    -0.085
-425.481    -946.880    -0.085
-426.064    -946.741    -0.085
-426.453    -946.648    -0.085
-426.939    -946.532    -0.085
-427.523    -946.393    -0.085
-428.009    -946.277    -0.085
-428.398    -946.185    -0.085
-428.884    -946.068    -0.085
-429.468    -945.929    -0.085
-430.145    -945.749    -0.085
-430.722    -945.585    -0.085
-431.106    -945.475    -0.085
-431.683    -945.311    -0.085
-432.164    -945.173    -0.085
-432.549    -945.063    -0.085
-433.125    -944.898    -0.085
-433.606    -944.761    -0.085
-433.991    -944.651    -0.085
-434.568    -944.486    -0.085
-435.048    -944.348    -0.085
-435.528    -944.211    -0.085
-436.010    -944.073    -0.085
-436.394    -943.963    -0.085
-436.970    -943.798    -0.085
-437.452    -943.661    -0.085
-437.932    -943.523    -0.085
-438.317    -943.413    -0.085
-438.894    -943.249    -0.085
-439.374    -943.111    -0.085
-439.758    -943.001    -0.085
-440.335    -942.836    -0.085
-440.816    -942.699    -0.085
-441.200    -942.589    -0.085
-441.777    -942.424    -0.085
-442.259    -942.286    -0.085
-442.642    -942.176    -0.085
-443.407    -941.940    -0.085
-443.882    -941.785    -0.085
-444.452    -941.599    -0.085
-444.832    -941.475    -0.085
-445.308    -941.320    -0.085
-445.784    -941.165    -0.085
-446.259    -941.010    -0.085
-446.734    -940.855    -0.085
-447.210    -940.700    -0.085
-447.685    -940.546    -0.085
-448.160    -940.391    -0.085
-448.635    -940.236    -0.085
-449.206    -940.049    -0.085
-449.587    -939.925    -0.085
-450.061    -939.770    -0.085
-450.537    -939.615    -0.085
-451.012    -939.460    -0.085
-451.488    -939.306    -0.085
-451.963    -939.151    -0.085
-452.438    -938.996    -0.085
-452.914    -938.841    -0.085
-453.388    -938.686    -0.085
-453.959    -938.500    -0.085
-454.435    -938.345    -0.085
-454.815    -938.221    -0.085
-455.290    -938.066    -0.085
-455.765    -937.911    -0.085
-456.241    -937.756    -0.085
-456.717    -937.601    -0.085
-457.468    -937.330    -0.085
-457.937    -937.157    -0.085
-458.406    -936.984    -0.085
-458.876    -936.811    -0.085
-459.345    -936.638    -0.086
-459.814    -936.465    -0.086
-460.189    -936.326    -0.086
-460.658    -936.153    -0.086
-461.221    -935.947    -0.086
-461.691    -935.774    -0.086
-462.160    -935.601    -0.086
-462.629    -935.428    -0.086
-463.004    -935.289    -0.086
-463.567    -935.083    -0.086
-464.036    -934.910    -0.086
-464.505    -934.737    -0.086
-464.975    -934.564    -0.086
-465.444    -934.391    -0.086
-465.913    -934.217    -0.086
-466.288    -934.079    -0.086
-466.757    -933.906    -0.086
-467.320    -933.699    -0.086
-467.790    -933.526    -0.086
-468.259    -933.353    -0.086
-468.728    -933.180    -0.086
-469.103    -933.042    -0.086
-469.941    -932.715    -0.086
-470.401    -932.520    -0.086
-470.861    -932.324    -0.086
-471.322    -932.129    -0.086
-471.782    -931.935    -0.086
-472.242    -931.740    -0.086
-472.703    -931.544    -0.086
-473.163    -931.349    -0.086
-473.623    -931.154    -0.086
-474.176    -930.920    -0.086
-474.545    -930.765    -0.086
-475.004    -930.569    -0.086
-475.465    -930.374    -0.086
-475.926    -930.179    -0.086
-476.385    -929.985    -0.086
-476.846    -929.789    -0.086
-477.307    -929.594    -0.086
-477.766    -929.400    -0.086
-478.227    -929.205    -0.086
-478.688    -929.010    -0.086
-479.148    -928.814    -0.086
-479.700    -928.580    -0.086
-480.069    -928.425    -0.086
-480.529    -928.230    -0.086
-480.989    -928.034    -0.086
-481.450    -927.839    -0.086
-482.002    -927.605    -0.086
-482.370    -927.450    -0.086
-482.831    -927.255    -0.086
-483.291    -927.059    -0.086
-483.752    -926.865    -0.086
-484.212    -926.670    -0.086
-484.853    -926.388    -0.086
-485.306    -926.177    -0.086
-485.851    -925.924    -0.086
-486.213    -925.756    -0.086
-486.757    -925.503    -0.086
-487.211    -925.292    -0.086
-487.573    -925.124    -0.086
-488.117    -924.871    -0.086
-488.571    -924.660    -0.086
-488.933    -924.491    -0.086
-489.477    -924.239    -0.086
-489.931    -924.028    -0.086
-490.293    -923.859    -0.086
-490.837    -923.607    -0.086
-491.200    -923.438    -0.086
-491.744    -923.185    -0.086
-492.282    -922.920    -0.086
-492.819    -922.652    -0.086
-493.177    -922.474    -0.086
-493.624    -922.251    -0.086
-494.072    -922.028    -0.086
-494.519    -921.805    -0.086
-494.966    -921.582    -0.086
-495.415    -921.358    -0.086
-495.951    -921.091    -0.086
-496.309    -920.912    -0.086
-496.846    -920.645    -0.086
-497.293    -920.421    -0.086
-497.651    -920.242    -0.086
-498.188    -919.975    -0.086
-498.546    -919.796    -0.086
-498.993    -919.574    -0.086
-499.441    -919.350    -0.086
-499.888    -919.128    -0.086
-500.335    -918.904    -0.086
-500.784    -918.681    -0.086
-501.320    -918.413    -0.086
-501.678    -918.235    -0.086
-502.215    -917.967    -0.086
-502.662    -917.744    -0.086
-503.020    -917.566    -0.086
-503.641    -917.241    -0.086
-504.082    -917.006    -0.086
-504.610    -916.722    -0.086
-504.963    -916.533    -0.086
-505.404    -916.298    -0.086
-505.844    -916.061    -0.086
-506.285    -915.825    -0.086
-506.725    -915.589    -0.086
-507.166    -915.353    -0.086
-507.695    -915.069    -0.086
-508.047    -914.881    -0.086
-508.488    -914.645    -0.086
-509.018    -914.361    -0.086
-509.370    -914.172    -0.086
-509.811    -913.937    -0.086
-510.340    -913.653    -0.086
-510.692    -913.464    -0.086
-511.133    -913.229    -0.086
-511.573    -912.993    -0.086
-512.103    -912.709    -0.086
-512.456    -912.521    -0.086
-513.315    -912.011    -0.086
-513.824    -911.695    -0.086
-514.164    -911.484    -0.086
-514.590    -911.221    -0.086
-515.015    -910.957    -0.086
-515.524    -910.641    -0.086
-515.864    -910.431    -0.086
-516.290    -910.167    -0.086
-516.715    -909.904    -0.086
-517.140    -909.641    -0.086
-517.565    -909.378    -0.086
-517.990    -909.115    -0.086
-518.415    -908.852    -0.086
-518.840    -908.589    -0.086
-519.266    -908.325    -0.086
-519.691    -908.062    -0.086
-520.115    -907.799    -0.086
-520.540    -907.536    -0.086
-520.966    -907.273    -0.086
-521.391    -907.008    -0.086
-521.815    -906.745    -0.086
-522.323    -906.425    -0.086
-522.661    -906.211    -0.086
-523.083    -905.944    -0.086
-523.590    -905.623    -0.086
-523.928    -905.409    -0.086
-524.350    -905.142    -0.086
-524.858    -904.820    -0.086
-525.280    -904.553    -0.086
-525.618    -904.339    -0.086
-526.041    -904.072    -0.086
-526.463    -903.805    -0.086
-526.970    -903.484    -0.086
-527.308    -903.270    -0.086
-527.730    -903.003    -0.086
-528.237    -902.681    -0.086
-528.659    -902.414    -0.086
-528.997    -902.200    -0.086
-529.420    -901.933    -0.086
-529.927    -901.612    -0.086
-530.350    -901.345    -0.086
-530.688    -901.131    -0.086
-531.110    -900.864    -0.086
-531.617    -900.542    -0.086
-532.039    -900.275    -0.086
-532.377    -900.061    -0.086
-532.547    -899.955    -0.086
-532.898    -899.764    -0.086
-533.250    -899.574    -0.086
-533.778    -899.288    -0.086
-534.217    -899.050    -0.086
-534.569    -898.859    -0.086
-535.690    -898.207    -0.086
-536.103    -897.924    -0.086
-536.516    -897.642    -0.086
-536.929    -897.360    -0.086
-537.341    -897.078    -0.086
-537.754    -896.796    -0.086
-538.167    -896.514    -0.086
-538.579    -896.231    -0.086
-538.992    -895.949    -0.086
-539.405    -895.666    -0.086
-539.817    -895.385    -0.086
-540.230    -895.103    -0.086
-540.643    -894.820    -0.086
-541.056    -894.538    -0.086
-541.468    -894.256    -0.086
-541.881    -893.973    -0.086
-542.294    -893.692    -0.086
-542.706    -893.410    -0.086
-543.119    -893.127    -0.086
-543.532    -892.845    -0.086
-543.945    -892.562    -0.086
-544.357    -892.280    -0.086
-544.770    -891.999    -0.086
-545.183    -891.716    -0.086
-545.678    -891.377    -0.086
-546.008    -891.152    -0.086
-546.421    -890.869    -0.086
-547.224    -890.274    -0.086
-547.616    -889.964    -0.086
-548.010    -889.655    -0.086
-548.402    -889.346    -0.086
-548.794    -889.037    -0.086
-549.188    -888.727    -0.086
-549.580    -888.418    -0.086
-549.973    -888.108    -0.086
-550.366    -887.799    -0.086
-550.758    -887.490    -0.086
-551.151    -887.181    -0.086
-551.544    -886.871    -0.086
-551.937    -886.562    -0.086
-552.251    -886.314    -0.086
-552.723    -885.943    -0.086
-553.116    -885.635    -0.086
-553.508    -885.325    -0.086
-553.902    -885.016    -0.086
-554.294    -884.707    -0.086
-554.686    -884.397    -0.086
-555.080    -884.088    -0.086
-555.472    -883.779    -0.086
-555.865    -883.470    -0.086
-556.258    -883.160    -0.086
-556.651    -882.851    -0.086
-557.044    -882.541    -0.086
-557.437    -882.232    -0.086
-557.829    -881.923    -0.086
-558.223    -881.614    -0.086
-558.615    -881.304    -0.086
-559.008    -880.995    -0.085
-559.401    -880.685    -0.085
-559.793    -880.376    -0.085
-560.186    -880.067    -0.085
-560.579    -879.758    -0.085
-560.971    -879.448    -0.085
-561.364    -879.139    -0.085
-561.757    -878.829    -0.085
-562.150    -878.520    -0.085
-562.542    -878.211    -0.085
-562.936    -877.902    -0.085
-563.328    -877.592    -0.085
-563.721    -877.283    -0.085
-564.114    -876.974    -0.085
-564.507    -876.664    -0.085
-564.899    -876.356    -0.085
-565.293    -876.047    -0.085
-565.685    -875.737    -0.085
-566.078    -875.427    -0.085
-566.768    -874.851    -0.085
-567.143    -874.520    -0.085
-567.518    -874.189    -0.085
-567.893    -873.857    -0.085
-568.266    -873.526    -0.085
-568.641    -873.195    -0.085
-569.015    -872.864    -0.085
-569.390    -872.532    -0.085
-569.765    -872.201    -0.085
-570.140    -871.870    -0.085
-570.515    -871.540    -0.085
-570.889    -871.208    -0.085
-571.263    -870.877    -0.085
-571.638    -870.546    -0.085
-572.012    -870.215    -0.085
-572.387    -869.884    -0.085
-572.762    -869.553    -0.085
-573.137    -869.222    -0.085
-573.511    -868.890    -0.085
-573.885    -868.559    -0.085
-574.260    -868.229    -0.085
-574.635    -867.898    -0.085
-575.010    -867.566    -0.085
-575.385    -867.235    -0.085
-575.759    -866.904    -0.085
-576.133    -866.573    -0.085
-576.508    -866.241    -0.085
-576.882    -865.910    -0.085
-577.257    -865.579    -0.085
-577.631    -865.248    -0.085
-578.006    -864.917    -0.085
-578.380    -864.586    -0.085
-578.755    -864.255    -0.085
-579.129    -863.923    -0.085
-579.504    -863.592    -0.085
-579.879    -863.261    -0.085
-580.254    -862.930    -0.085
-580.628    -862.599    -0.085
-581.002    -862.268    -0.085
-581.664    -861.658    -0.085
-582.017    -861.305    -0.085
-582.442    -860.881    -0.085
-582.726    -860.598    -0.085
-583.079    -860.246    -0.085
-583.504    -859.821    -0.085
-583.788    -859.539    -0.085
-584.141    -859.186    -0.085
-584.496    -858.834    -0.085
-584.921    -858.409    -0.085
-585.203    -858.128    -0.085
-585.558    -857.774    -0.085
-585.912    -857.422    -0.085
-586.266    -857.069    -0.085
-586.620    -856.715    -0.085
-586.974    -856.362    -0.085
-587.328    -856.010    -0.085
-587.753    -855.585    -0.085
-588.036    -855.303    -0.085
-588.390    -854.950    -0.085
-588.744    -854.598    -0.085
-589.169    -854.173    -0.085
-589.452    -853.891    -0.085
-589.806    -853.538    -0.085
-590.161    -853.186    -0.085
-590.586    -852.761    -0.084
-590.868    -852.480    -0.084
-591.223    -852.126    -0.084
-591.577    -851.774    -0.084
-591.931    -851.421    -0.084
-592.355    -850.997    -0.084
-592.710    -850.644    -0.084
-592.993    -850.362    -0.084
-593.348    -850.009    -0.084
-593.701    -849.656    -0.084
-594.126    -849.232    -0.084
-594.409    -848.950    -0.084
-594.763    -848.597    -0.084
-595.188    -848.173    -0.084
-595.471    -847.890    -0.084
-595.825    -847.538    -0.084
-596.180    -847.185    -0.084
-596.796    -846.530    -0.084
-597.194    -846.080    -0.084
-597.525    -845.706    -0.084
-597.856    -845.331    -0.084
-598.120    -845.031    -0.084
-598.517    -844.581    -0.084
-598.848    -844.207    -0.084
-599.179    -843.833    -0.084
-599.511    -843.457    -0.084
-599.775    -843.157    -0.084
-600.173    -842.708    -0.084
-600.437    -842.408    -0.084
-600.834    -841.959    -0.084
-601.165    -841.584    -0.084
-601.496    -841.210    -0.084
-601.761    -840.910    -0.084
-602.159    -840.460    -0.084
-602.490    -840.086    -0.084
-602.821    -839.710    -0.084
-603.085    -839.411    -0.084
-603.482    -838.961    -0.084
-603.813    -838.586    -0.084
-604.144    -838.212    -0.084
-604.476    -837.837    -0.084
-604.740    -837.537    -0.084
-605.138    -837.087    -0.084
-605.402    -836.787    -0.084
-605.799    -836.339    -0.084
-606.130    -835.963    -0.084
-606.462    -835.589    -0.084
-606.726    -835.289    -0.084
-607.124    -834.840    -0.084
-607.455    -834.465    -0.084
-607.786    -834.090    -0.084
-608.050    -833.790    -0.084
-608.447    -833.340    -0.084
-608.778    -832.966    -0.084
-609.109    -832.592    -0.084
-609.620    -831.976    -0.084
-609.933    -831.586    -0.084
-610.308    -831.118    -0.083
-610.621    -830.728    -0.083
-610.871    -830.417    -0.083
-611.185    -830.026    -0.083
-611.498    -829.636    -0.083
-611.811    -829.247    -0.083
-612.124    -828.858    -0.083
-612.438    -828.468    -0.083
-612.751    -828.078    -0.083
-613.064    -827.689    -0.083
-613.377    -827.299    -0.083
-613.690    -826.909    -0.083
-614.004    -826.520    -0.083
-614.317    -826.130    -0.083
-614.630    -825.740    -0.083
-614.943    -825.350    -0.083
-615.256    -824.961    -0.083
-615.570    -824.571    -0.083
-615.883    -824.181    -0.083
-616.196    -823.790    -0.083
-616.509    -823.401    -0.083
-616.822    -823.011    -0.083
-617.136    -822.622    -0.083
-617.622    -821.988    -0.083
-617.917    -821.584    -0.083
-618.213    -821.180    -0.083
-618.508    -820.777    -0.083
-618.804    -820.374    -0.083
-619.099    -819.971    -0.083
-619.395    -819.568    -0.083
-619.690    -819.165    -0.083
-619.987    -818.762    -0.083
-620.283    -818.358    -0.083
-620.578    -817.955    -0.083
-620.874    -817.552    -0.083
-621.169    -817.149    -0.083
-621.465    -816.746    -0.083
-621.760    -816.342    -0.083
-622.056    -815.939    -0.083
-622.351    -815.535    -0.083
-622.647    -815.132    -0.083
-622.943    -814.729    -0.083
-623.239    -814.326    -0.083
-623.534    -813.923    -0.083
-623.830    -813.520    -0.083
-624.125    -813.117    -0.082
-624.421    -812.714    -0.082
-624.716    -812.310    -0.082
-625.012    -811.907    -0.082
-625.308    -811.504    -0.082
-625.603    -811.101    -0.082
-625.899    -810.697    -0.082
-626.194    -810.294    -0.082
-626.490    -809.891    -0.082
-626.785    -809.487    -0.082
-627.081    -809.084    -0.082
-627.376    -808.681    -0.082
-627.672    -808.278    -0.082
-627.967    -807.875    -0.082
-628.263    -807.472    -0.082
-628.559    -807.068    -0.082
-628.855    -806.665    -0.082
-629.150    -806.261    -0.082
-629.446    -805.858    -0.082
-629.741    -805.455    -0.082
-630.037    -805.052    -0.082
-630.334    -804.649    -0.082
-630.629    -804.246    -0.082
-630.981    -803.760    -0.082
-631.269    -803.352    -0.082
-631.557    -802.943    -0.082
-631.846    -802.535    -0.082
-632.134    -802.127    -0.082
-632.422    -801.718    -0.082
-632.710    -801.310    -0.082
-632.999    -800.902    -0.082
-633.288    -800.493    -0.082
-633.576    -800.084    -0.082
-633.922    -799.594    -0.082
-634.153    -799.268    -0.082
-634.441    -798.859    -0.082
-634.730    -798.451    -0.082
-635.219    -797.696    -0.082
-635.483    -797.271    -0.082
-635.747    -796.847    -0.082
-636.011    -796.423    -0.082
-636.275    -795.998    -0.082
-636.539    -795.573    -0.081
-636.803    -795.149    -0.081
-637.067    -794.724    -0.081
-637.331    -794.299    -0.081
-637.595    -793.875    -0.081
-637.912    -793.366    -0.081
-638.124    -793.027    -0.081
-638.388    -792.602    -0.081
-638.652    -792.177    -0.081
-638.916    -791.753    -0.081
-639.180    -791.328    -0.081
-639.497    -790.819    -0.081
-639.811    -790.308    -0.081
-640.067    -789.879    -0.081
-640.324    -789.450    -0.081
-640.529    -789.106    -0.081
-640.837    -788.591    -0.081
-641.093    -788.161    -0.081
-641.350    -787.732    -0.081
-641.606    -787.303    -0.081
-641.862    -786.874    -0.081
-642.119    -786.445    -0.081
-642.376    -786.016    -0.081
-642.632    -785.587    -0.081
-642.837    -785.244    -0.081
-643.145    -784.728    -0.081
-643.401    -784.299    -0.081
-643.657    -783.870    -0.081
-643.913    -783.441    -0.081
-644.119    -783.098    -0.081
-644.427    -782.582    -0.081
-644.683    -782.153    -0.081
-644.888    -781.809    -0.081
-645.196    -781.295    -0.081
-645.452    -780.865    -0.081
-645.806    -780.262    -0.081
-646.003    -779.913    -0.081
-646.248    -779.478    -0.080
-646.542    -778.955    -0.080
-646.739    -778.606    -0.080
-647.033    -778.083    -0.080
-647.229    -777.735    -0.080
-647.474    -777.299    -0.080
-647.720    -776.863    -0.080
-647.965    -776.428    -0.080
-648.210    -775.992    -0.080
-648.456    -775.556    -0.080
-648.749    -775.034    -0.080
-648.994    -774.597    -0.080
-649.190    -774.249    -0.080
-649.485    -773.726    -0.080
-649.680    -773.377    -0.080
-650.010    -772.761    -0.080
-650.243    -772.318    -0.080
-650.475    -771.876    -0.080
-650.708    -771.433    -0.080
-650.940    -770.990    -0.080
-651.173    -770.547    -0.080
-651.405    -770.104    -0.080
-651.684    -769.574    -0.080
-651.916    -769.131    -0.080
-652.149    -768.688    -0.080
-652.381    -768.246    -0.080
-652.613    -767.803    -0.080
-652.846    -767.361    -0.080
-653.078    -766.917    -0.080
-653.311    -766.474    -0.080
-653.496    -766.121    -0.080
-653.729    -765.678    -0.080
-653.961    -765.235    -0.080
-654.193    -764.793    -0.080
-654.426    -764.350    -0.079
-654.658    -763.907    -0.079
-654.891    -763.465    -0.079
-655.123    -763.022    -0.079
-655.356    -762.580    -0.079
-655.667    -761.953    -0.079
-655.886    -761.503    -0.079
-656.105    -761.053    -0.079
-656.366    -760.514    -0.079
-656.585    -760.064    -0.079
-656.804    -759.614    -0.079
-656.978    -759.254    -0.079
-657.197    -758.805    -0.079
-657.458    -758.265    -0.079
-657.677    -757.815    -0.079
-657.896    -757.365    -0.079
-658.070    -757.006    -0.079
-658.289    -756.556    -0.079
-658.507    -756.106    -0.079
-658.769    -755.566    -0.079
-659.070    -754.935    -0.079
-659.276    -754.479    -0.079
-659.481    -754.023    -0.079
-659.686    -753.568    -0.079
-659.892    -753.111    -0.079
-660.097    -752.655    -0.079
-660.301    -752.200    -0.079
-660.507    -751.744    -0.079
-660.712    -751.287    -0.079
-660.917    -750.832    -0.079
-661.122    -750.376    -0.078
-661.327    -749.919    -0.078
-661.532    -749.464    -0.078
-661.738    -749.008    -0.078
-661.943    -748.553    -0.078
-662.148    -748.096    -0.078
-662.354    -747.640    -0.078
-662.559    -747.185    -0.078
-662.763    -746.729    -0.078
-662.969    -746.272    -0.078
-663.174    -745.816    -0.078
-663.379    -745.361    -0.078
-663.585    -744.904    -0.078
-663.789    -744.448    -0.078
-664.027    -743.898    -0.078
-664.260    -743.345    -0.078
-664.454    -742.885    -0.078
-664.610    -742.516    -0.078
-664.804    -742.056    -0.078
-664.998    -741.594    -0.078
-665.231    -741.041    -0.078
-665.424    -740.581    -0.078
-665.618    -740.120    -0.078
-665.774    -739.751    -0.078
-665.968    -739.290    -0.078
-666.162    -738.830    -0.078
-666.356    -738.369    -0.078
-666.589    -737.816    -0.078
-666.744    -737.447    -0.078
-667.012    -736.800    -0.078
-667.197    -736.336    -0.077
-667.380    -735.871    -0.077
-667.565    -735.407    -0.077
-667.750    -734.942    -0.077
-667.934    -734.478    -0.077
-668.119    -734.013    -0.077
-668.304    -733.548    -0.077
-668.488    -733.083    -0.077
-668.673    -732.619    -0.077
-668.858    -732.154    -0.077
-669.042    -731.690    -0.077
-669.260    -731.131    -0.077
-669.402    -730.756    -0.077
-669.615    -730.196    -0.077
-669.792    -729.728    -0.077
-669.969    -729.260    -0.077
-670.146    -728.794    -0.077
-670.323    -728.326    -0.077
-670.501    -727.859    -0.077
-670.678    -727.391    -0.077
-670.855    -726.924    -0.077
-671.032    -726.456    -0.077
-671.209    -725.988    -0.077
-671.422    -725.427    -0.077
-671.591    -724.957    -0.077
-671.760    -724.487    -0.077
-671.929    -724.015    -0.077
-672.132    -723.451    -0.077
-672.301    -722.981    -0.076
-672.437    -722.604    -0.076
-672.606    -722.134    -0.076
-672.775    -721.664    -0.076
-672.944    -721.193    -0.076
-673.113    -720.723    -0.076
-673.317    -720.158    -0.076
-673.453    -719.781    -0.076
-673.622    -719.311    -0.076
-673.791    -718.841    -0.076
-673.960    -718.370    -0.076
-674.160    -717.805    -0.076
-674.321    -717.331    -0.076
-674.483    -716.858    -0.076
-674.645    -716.385    -0.076
-674.806    -715.913    -0.076
-674.968    -715.439    -0.076
-675.129    -714.966    -0.076
-675.290    -714.493    -0.076
-675.452    -714.019    -0.076
-675.614    -713.546    -0.076
-675.775    -713.073    -0.076
-675.937    -712.600    -0.076
-676.098    -712.127    -0.076
-676.259    -711.654    -0.076
-676.420    -711.181    -0.076
-676.581    -710.707    -0.076
-676.744    -710.234    -0.076
-676.905    -709.761    -0.075
-677.066    -709.287    -0.075
-677.227    -708.814    -0.075
-677.389    -708.341    -0.075
-677.550    -707.868    -0.075
-677.711    -707.395    -0.075
-677.956    -706.634    -0.075
-678.125    -706.058    -0.075
-678.238    -705.674    -0.075
-678.378    -705.194    -0.075
-678.519    -704.715    -0.075
-678.659    -704.235    -0.075
-678.799    -703.755    -0.075
-678.968    -703.179    -0.075
-679.081    -702.795    -0.075
-679.221    -702.316    -0.075
-679.390    -701.739    -0.075
-679.503    -701.356    -0.075
-679.643    -700.876    -0.075
-679.783    -700.396    -0.075
-679.924    -699.917    -0.075
-680.064    -699.437    -0.075
-680.232    -698.861    -0.075
-680.343    -698.476    -0.075
-680.483    -697.996    -0.075
-680.622    -697.516    -0.075
-680.761    -697.036    -0.074
-680.928    -696.460    -0.074
-681.067    -695.980    -0.074
-681.178    -695.595    -0.074
-681.318    -695.114    -0.074
-681.457    -694.635    -0.074
-681.596    -694.155    -0.074
-681.763    -693.579    -0.074
-681.902    -693.098    -0.074
-682.041    -692.618    -0.074
-682.152    -692.234    -0.074
-682.292    -691.754    -0.074
-682.431    -691.273    -0.074
-682.570    -690.793    -0.074
-682.737    -690.217    -0.074
-682.876    -689.737    -0.074
-683.016    -689.256    -0.074
-683.127    -688.873    -0.074
-683.266    -688.392    -0.074
-683.405    -687.912    -0.074
-683.614    -687.140    -0.074
-683.756    -686.557    -0.074
-683.875    -686.072    -0.074
-683.969    -685.683    -0.074
-684.110    -685.100    -0.074
-684.229    -684.614    -0.074
-684.323    -684.225    -0.073
-684.465    -683.642    -0.073
-684.583    -683.157    -0.073
-684.677    -682.768    -0.073
-684.819    -682.185    -0.073
-684.937    -681.699    -0.073
-685.032    -681.310    -0.073
-685.150    -680.825    -0.073
-685.292    -680.242    -0.073
-685.410    -679.756    -0.073
-685.528    -679.270    -0.073
-685.642    -678.783    -0.073
-685.758    -678.297    -0.073
-685.872    -677.810    -0.073
-685.987    -677.324    -0.073
-686.103    -676.837    -0.073
-686.218    -676.351    -0.073
-686.333    -675.865    -0.073
-686.448    -675.377    -0.073
-686.564    -674.891    -0.073
-686.678    -674.404    -0.073
-686.794    -673.918    -0.073
-686.909    -673.432    -0.073
-687.024    -672.945    -0.073
-687.139    -672.459    -0.073
-687.254    -671.971    -0.072
-687.369    -671.485    -0.072
-687.484    -670.999    -0.072
-687.600    -670.512    -0.072
-687.714    -670.026    -0.072
-687.830    -669.540    -0.072
-687.945    -669.053    -0.072
-688.060    -668.567    -0.072
-688.175    -668.079    -0.072
-688.290    -667.593    -0.072
-688.401    -667.105    -0.072
-688.512    -666.618    -0.072
-688.624    -666.131    -0.072
-688.734    -665.643    -0.072
-688.846    -665.157    -0.072
-688.957    -664.669    -0.072
-689.069    -664.182    -0.072
-689.180    -663.694    -0.072
-689.292    -663.207    -0.072
-689.425    -662.622    -0.072
-689.514    -662.232    -0.072
-689.625    -661.744    -0.072
-689.737    -661.257    -0.072
-689.847    -660.769    -0.072
-690.029    -659.888    -0.072
-690.115    -659.395    -0.071
-690.202    -658.903    -0.071
-690.288    -658.411    -0.071
-690.374    -657.918    -0.071
-690.461    -657.426    -0.071
-690.546    -656.933    -0.071
-690.633    -656.441    -0.071
-690.720    -655.949    -0.071
-690.805    -655.456    -0.071
-690.892    -654.964    -0.071
-690.978    -654.472    -0.071
-691.064    -653.978    -0.071
-691.150    -653.486    -0.071
-691.237    -652.993    -0.071
-691.323    -652.501    -0.071
-691.409    -652.009    -0.071
-691.496    -651.516    -0.071
-691.581    -651.024    -0.071
-691.668    -650.531    -0.071
-691.754    -650.039    -0.071
-691.840    -649.546    -0.071
-691.926    -649.054    -0.071
-692.012    -648.562    -0.071
-692.098    -648.069    -0.071
-692.169    -647.675    -0.070
-692.261    -647.183    -0.070
-692.353    -646.692    -0.070
-692.445    -646.201    -0.070
-692.537    -645.710    -0.070
-692.629    -645.219    -0.070
-692.722    -644.727    -0.070
-692.813    -644.236    -0.070
-692.905    -643.744    -0.070
-692.978    -643.350    -0.070
-693.089    -642.761    -0.070
-693.180    -642.270    -0.070
-693.273    -641.778    -0.070
-693.364    -641.287    -0.070
-693.457    -640.795    -0.070
-693.549    -640.304    -0.070
-693.647    -639.712    -0.070
-693.741    -639.120    -0.070
-693.821    -638.626    -0.070
-693.884    -638.231    -0.070
-693.979    -637.639    -0.070
-694.059    -637.146    -0.070
-694.122    -636.750    -0.070
-694.202    -636.257    -0.070
-694.281    -635.763    -0.070
-694.376    -635.171    -0.069
-694.456    -634.677    -0.069
-694.536    -634.183    -0.069
-694.599    -633.789    -0.069
-694.678    -633.295    -0.069
-694.758    -632.801    -0.069
-694.853    -632.209    -0.069
-694.933    -631.715    -0.069
-695.012    -631.222    -0.069
-695.076    -630.827    -0.069
-695.155    -630.333    -0.069
-695.250    -629.741    -0.069
-695.330    -629.247    -0.069
-695.393    -628.852    -0.069
-695.515    -627.961    -0.069
-695.560    -627.564    -0.069
-695.629    -626.968    -0.069
-695.675    -626.571    -0.069
-695.744    -625.974    -0.069
-695.789    -625.577    -0.069
-695.858    -624.981    -0.069
-695.916    -624.485    -0.069
-695.961    -624.087    -0.069
-696.030    -623.491    -0.068
-696.087    -622.995    -0.068
-696.144    -622.498    -0.068
-696.201    -622.001    -0.068
-696.259    -621.504    -0.068
-696.315    -621.008    -0.068
-696.363    -620.611    -0.068
-696.418    -620.214    -0.068
-696.499    -619.620    -0.068
-696.554    -619.224    -0.068
-696.622    -618.728    -0.068
-696.691    -618.233    -0.068
-696.772    -617.639    -0.068
-696.840    -617.143    -0.068
-696.895    -616.747    -0.068
-696.963    -616.252    -0.068
-697.032    -615.756    -0.068
-697.100    -615.262    -0.068
-697.182    -614.667    -0.068
-697.236    -614.271    -0.068
-697.305    -613.775    -0.068
-697.372    -613.280    -0.068
-697.454    -612.686    -0.068
-697.509    -612.290    -0.068
-697.577    -611.794    -0.068
-697.646    -611.299    -0.067
-697.713    -610.803    -0.067
-697.795    -610.209    -0.067
-697.863    -609.714    -0.067
-697.918    -609.318    -0.067
-697.986    -608.822    -0.067
-698.078    -608.128    -0.067
-698.138    -607.633    -0.067
-698.185    -607.236    -0.067
-698.245    -606.739    -0.067
-698.305    -606.242    -0.067
-698.376    -605.647    -0.067
-698.435    -605.150    -0.067
-698.495    -604.654    -0.067
-698.542    -604.257    -0.067
-698.602    -603.761    -0.067
-698.662    -603.264    -0.067
-698.733    -602.669    -0.067
-698.798    -602.072    -0.067
-698.845    -601.574    -0.067
-698.892    -601.076    -0.067
-698.939    -600.579    -0.067
-698.987    -600.081    -0.067
-699.034    -599.583    -0.067
-699.081    -599.085    -0.066
-699.129    -598.588    -0.066
-699.175    -598.090    -0.066
-699.229    -597.492    -0.066
-699.269    -596.994    -0.066
-699.309    -596.496    -0.066
-699.349    -595.998    -0.066
-699.388    -595.499    -0.066
-699.428    -595.001    -0.066
-699.466    -594.502    -0.066
-699.503    -594.004    -0.066
-699.541    -593.505    -0.066
-699.579    -593.007    -0.066
-699.617    -592.509    -0.066
-699.654    -592.009    -0.066
-699.692    -591.511    -0.066
-699.730    -591.013    -0.066
-699.768    -590.514    -0.066
-699.805    -590.016    -0.066
-699.843    -589.517    -0.066
-699.881    -589.018    -0.066
-699.918    -588.520    -0.066
-699.956    -588.022    -0.066
-699.986    -587.622    -0.066
-700.030    -587.124    -0.065
-700.083    -586.527    -0.065
-700.128    -586.029    -0.065
-700.164    -585.631    -0.065
-700.210    -585.133    -0.065
-700.257    -584.635    -0.065
-700.303    -584.137    -0.065
-700.350    -583.639    -0.065
-700.397    -583.041    -0.065
-700.433    -582.543    -0.065
-700.469    -582.044    -0.065
-700.504    -581.545    -0.065
-700.540    -581.047    -0.065
-700.583    -580.448    -0.065
-700.613    -580.050    -0.065
-700.644    -579.650    -0.065
-700.695    -579.053    -0.065
-700.738    -578.555    -0.065
-700.780    -578.057    -0.065
-700.823    -577.558    -0.065
-700.856    -577.160    -0.065
-700.901    -576.662    -0.065
-700.947    -576.164    -0.065
-700.993    -575.667    -0.065
-701.039    -575.169    -0.064
-701.085    -574.671    -0.064
-701.132    -574.173    -0.064
-701.186    -573.576    -0.064
-701.224    -573.077    -0.064
-701.264    -572.578    -0.064
-701.303    -572.080    -0.064
-701.343    -571.582    -0.064
-701.374    -571.183    -0.064
-701.420    -570.685    -0.064
-701.465    -570.188    -0.064
-701.520    -569.590    -0.064
-701.557    -569.192    -0.064
-701.611    -568.594    -0.064
-701.647    -568.196    -0.064
-701.692    -567.698    -0.064
-701.746    -567.101    -0.064
-701.782    -566.701    -0.064
-701.827    -566.204    -0.064
-701.877    -565.405    -0.064
-701.897    -565.006    -0.064
-701.928    -564.407    -0.064
-701.955    -563.908    -0.064
-701.975    -563.508    -0.064
-702.001    -563.009    -0.064
-702.028    -562.610    -0.063
-702.068    -562.011    -0.063
-702.100    -561.513    -0.063
-702.127    -561.113    -0.063
-702.167    -560.514    -0.063
-702.200    -560.016    -0.063
-702.226    -559.617    -0.063
-702.266    -559.018    -0.063
-702.296    -558.619    -0.063
-702.334    -558.121    -0.063
-702.372    -557.623    -0.063
-702.411    -557.123    -0.063
-702.448    -556.625    -0.063
-702.500    -555.827    -0.063
-702.516    -555.327    -0.063
-702.531    -554.828    -0.063
-702.547    -554.328    -0.063
-702.563    -553.828    -0.063
-702.579    -553.329    -0.063
-702.594    -552.829    -0.063
-702.611    -552.529    -0.063
-702.641    -552.031    -0.063
-702.673    -551.531    -0.063
-702.706    -551.032    -0.063
-702.737    -550.534    -0.062
-702.769    -550.034    -0.062
-702.801    -549.536    -0.062
-702.833    -549.037    -0.062
-702.863    -548.537    -0.062
-702.895    -548.039    -0.062
-702.927    -547.540    -0.062
-702.958    -547.041    -0.062
-702.990    -546.542    -0.062
-703.021    -546.043    -0.062
-703.053    -545.544    -0.062
-703.084    -545.045    -0.062
-703.116    -544.547    -0.062
-703.148    -544.047    -0.062
-703.180    -543.548    -0.062
-703.210    -543.049    -0.062
-703.242    -542.550    -0.062
-703.274    -542.051    -0.062
-703.305    -541.552    -0.062
-703.337    -541.053    -0.062
-703.369    -540.555    -0.062
-703.401    -540.055    -0.062
-703.431    -539.556    -0.062
-703.463    -539.058    -0.062
-703.495    -538.558    -0.062
-703.526    -538.060    -0.062
-703.556    -537.561    -0.061
-703.586    -537.061    -0.061
-703.616    -536.563    -0.061
-703.646    -536.063    -0.061
-703.674    -535.564    -0.061
-703.704    -535.065    -0.061
-703.734    -534.566    -0.061
-703.763    -534.067    -0.061
-703.792    -533.568    -0.061
-703.822    -533.069    -0.061
-703.852    -532.569    -0.061
-703.881    -532.070    -0.061
-703.910    -531.572    -0.061
-703.934    -531.072    -0.061
-703.958    -530.573    -0.061
-703.981    -530.073    -0.061
-704.005    -529.574    -0.061
-704.029    -529.074    -0.061
-704.057    -528.476    -0.061
-704.081    -527.976    -0.061
-704.104    -527.476    -0.061
-704.128    -526.977    -0.061
-704.146    -526.577    -0.061
-704.170    -526.078    -0.061
-704.194    -525.578    -0.061
-704.218    -525.080    -0.061
-704.241    -524.580    -0.060
-704.265    -524.081    -0.060
-704.289    -523.581    -0.060
-704.313    -523.081    -0.060
-704.336    -522.582    -0.060
-704.360    -522.082    -0.060
-704.384    -521.584    -0.060
-704.408    -521.084    -0.060
-704.431    -520.585    -0.060
-704.455    -520.085    -0.060
-704.479    -519.586    -0.060
-704.503    -519.086    -0.060
-704.526    -518.587    -0.060
-704.550    -518.088    -0.060
-704.574    -517.589    -0.060
-704.597    -517.089    -0.060
-704.621    -516.589    -0.060
-704.645    -516.090    -0.060
-704.669    -515.590    -0.060
-704.692    -515.092    -0.060
-704.716    -514.592    -0.060
-704.740    -514.093    -0.060
-704.764    -513.593    -0.060
-704.787    -513.094    -0.060
-704.811    -512.594    -0.060
-704.835    -512.095    -0.060
-704.859    -511.596    -0.059
-704.882    -511.097    -0.059
-704.906    -510.597    -0.059
-704.930    -510.097    -0.059
-704.954    -509.598    -0.059
-704.977    -509.098    -0.059
-705.001    -508.599    -0.059
-705.025    -508.100    -0.059
-705.053    -507.501    -0.059
-705.077    -507.001    -0.059
-705.100    -506.502    -0.059
-705.124    -506.002    -0.059
-705.142    -505.603    -0.059
-705.166    -505.103    -0.059
-705.190    -504.605    -0.059
-705.222    -503.905    -0.059
-705.237    -503.505    -0.059
-705.254    -503.006    -0.059
-705.277    -502.406    -0.059
-705.294    -501.906    -0.059
-705.312    -501.407    -0.059
-705.330    -500.907    -0.059
-705.344    -500.507    -0.059
-705.366    -499.908    -0.059
-705.384    -499.408    -0.059
-705.398    -499.008    -0.059
-705.420    -498.409    -0.058
-705.438    -497.909    -0.058
-705.453    -497.509    -0.058
-705.475    -496.910    -0.058
-705.492    -496.410    -0.058
-705.507    -496.010    -0.058
-705.529    -495.411    -0.058
-705.547    -494.911    -0.058
-705.561    -494.511    -0.058
-705.583    -493.912    -0.058
-705.601    -493.413    -0.058
-705.619    -492.913    -0.058
-705.636    -492.414    -0.058
-705.654    -491.914    -0.058
-705.669    -491.514    -0.058
-705.691    -490.915    -0.058
-705.708    -490.415    -0.058
-705.723    -490.015    -0.058
-705.745    -489.416    -0.058
-705.763    -488.916    -0.058
-705.777    -488.516    -0.058
-705.799    -487.917    -0.058
-705.817    -487.417    -0.058
-705.831    -487.017    -0.058
-705.853    -486.418    -0.058
-705.871    -485.918    -0.058
-705.885    -485.518    -0.058
-705.903    -485.018    -0.058
-705.925    -484.419    -0.057
-705.943    -483.919    -0.057
-705.961    -483.420    -0.057
-705.978    -482.920    -0.057
-705.993    -482.520    -0.057
-706.015    -481.921    -0.057
-706.033    -481.421    -0.057
-706.047    -481.021    -0.057
-706.069    -480.423    -0.057
-706.087    -479.923    -0.057
-706.101    -479.523    -0.057
-706.123    -478.923    -0.057
-706.141    -478.424    -0.057
-706.156    -478.024    -0.057
-706.178    -477.424    -0.057
-706.195    -476.925    -0.057
-706.210    -476.525    -0.057
-706.228    -476.025    -0.057
-706.250    -475.426    -0.057
-706.267    -474.926    -0.057
-706.285    -474.426    -0.057
-706.303    -473.927    -0.057
-706.317    -473.527    -0.057
-706.339    -472.927    -0.057
-706.357    -472.428    -0.057
-706.371    -472.028    -0.057
-706.394    -471.428    -0.057
-706.411    -470.929    -0.057
-706.430    -470.429    -0.056
-706.447    -469.929    -0.056
-706.463    -469.430    -0.056
-706.478    -468.930    -0.056
-706.494    -468.430    -0.056
-706.510    -467.930    -0.056
-706.525    -467.431    -0.056
-706.541    -466.931    -0.056
-706.557    -466.431    -0.056
-706.573    -465.932    -0.056
-706.588    -465.433    -0.056
-706.604    -464.933    -0.056
-706.621    -464.433    -0.056
-706.637    -463.934    -0.056
-706.652    -463.434    -0.056
-706.668    -462.934    -0.056
-706.684    -462.434    -0.056
-706.700    -461.935    -0.056
-706.715    -461.435    -0.056
-706.731    -460.935    -0.056
-706.747    -460.436    -0.056
-706.763    -459.936    -0.056
-706.778    -459.436    -0.056
-706.794    -458.936    -0.056
-706.810    -458.437    -0.056
-706.826    -457.937    -0.056
-706.841    -457.437    -0.056
-706.857    -456.937    -0.056
-706.873    -456.438    -0.056
-706.890    -455.938    -0.055
-706.905    -455.438    -0.055
-706.921    -454.939    -0.055
-706.937    -454.439    -0.055
-706.953    -453.939    -0.055
-706.968    -453.439    -0.055
-706.984    -452.940    -0.055
-707.000    -452.440    -0.055
-707.016    -451.940    -0.055
-707.031    -451.441    -0.055
-707.047    -450.941    -0.055
-707.063    -450.441    -0.055
-707.079    -449.941    -0.055
-707.095    -449.442    -0.055
-707.111    -448.942    -0.055
-707.127    -448.442    -0.055
-707.142    -447.942    -0.055
-707.158    -447.443    -0.055
-707.174    -446.943    -0.055
-707.190    -446.443    -0.055
-707.205    -445.944    -0.055
-707.221    -445.444    -0.055
-707.237    -444.944    -0.055
-707.253    -444.444    -0.055
-707.268    -443.945    -0.055
-707.285    -443.445    -0.055
-707.301    -442.945    -0.055
-707.317    -442.445    -0.055
-707.332    -441.946    -0.055
-707.347    -441.446    -0.054
-707.363    -440.946    -0.054
-707.379    -440.447    -0.054
-707.393    -439.947    -0.054
-707.409    -439.447    -0.054
-707.425    -438.947    -0.054
-707.441    -438.448    -0.054
-707.455    -437.948    -0.054
-707.471    -437.448    -0.054
-707.487    -436.948    -0.054
-707.503    -436.449    -0.054
-707.518    -435.949    -0.054
-707.533    -435.449    -0.054
-707.549    -434.949    -0.054
-707.565    -434.451    -0.054
-707.579    -433.951    -0.054
-707.595    -433.451    -0.054
-707.611    -432.952    -0.054
-707.626    -432.452    -0.054
-707.641    -431.952    -0.054
-707.657    -431.452    -0.054
-707.673    -430.953    -0.054
-707.688    -430.453    -0.054
-707.704    -429.953    -0.054
-707.719    -429.453    -0.054
-707.735    -428.954    -0.054
-707.750    -428.454    -0.054
-707.765    -427.954    -0.054
-707.781    -427.454    -0.054
-707.797    -426.955    -0.054
-707.812    -426.455    -0.054
-707.827    -425.955    -0.053
-707.843    -425.456    -0.053
-707.859    -424.956    -0.053
-707.874    -424.456    -0.053
-707.890    -423.956    -0.053
-707.905    -423.457    -0.053
-707.921    -422.957    -0.053
-707.936    -422.457    -0.053
-707.951    -421.957    -0.053
-707.967    -421.458    -0.053
-707.983    -420.958    -0.053
-707.997    -420.458    -0.053
-708.013    -419.959    -0.053
-708.029    -419.459    -0.053
-708.045    -418.959    -0.053
-708.060    -418.459    -0.053
-708.076    -417.960    -0.053
-708.091    -417.460    -0.053
-708.107    -416.960    -0.053
-708.122    -416.460    -0.053
-708.137    -415.961    -0.053
-708.153    -415.461    -0.053
-708.169    -414.961    -0.053
-708.184    -414.461    -0.053
-708.199    -413.962    -0.053
-708.215    -413.462    -0.053
-708.230    -412.962    -0.053
-708.246    -412.463    -0.053
-708.262    -411.963    -0.053
-708.277    -411.463    -0.053
-708.292    -410.963    -0.053
-708.308    -410.464    -0.053
-708.323    -409.964    -0.052
-708.339    -409.464    -0.052
-708.352    -408.964    -0.052
-708.366    -408.465    -0.052
-708.380    -407.965    -0.052
-708.393    -407.465    -0.052
-708.406    -406.965    -0.052
-708.420    -406.465    -0.052
-708.433    -405.966    -0.052
-708.447    -405.466    -0.052
-708.460    -404.966    -0.052
-708.473    -404.466    -0.052
-708.487    -403.967    -0.052
-708.501    -403.467    -0.052
-708.514    -402.967    -0.052
-708.528    -402.467    -0.052
-708.542    -401.967    -0.052
-708.555    -401.468    -0.052
-708.568    -400.968    -0.052
-708.582    -400.468    -0.052
-708.595    -399.968    -0.052
-708.609    -399.469    -0.052
-708.622    -398.969    -0.052
-708.635    -398.469    -0.052
-708.649    -397.969    -0.052
-708.663    -397.469    -0.052
-708.675    -396.970    -0.052
-708.689    -396.470    -0.052
-708.703    -395.970    -0.052
-708.716    -395.470    -0.052
-708.729    -394.971    -0.052
-708.743    -394.471    -0.052
-708.757    -393.971    -0.052
-708.771    -393.471    -0.052
-708.784    -392.971    -0.051
-708.797    -392.472    -0.051
-708.811    -391.972    -0.051
-708.824    -391.472    -0.051
-708.837    -390.972    -0.051
-708.850    -390.472    -0.051
-708.864    -389.973    -0.051
-708.877    -389.473    -0.051
-708.891    -388.973    -0.051
-708.905    -388.473    -0.051
-708.918    -387.974    -0.051
-708.931    -387.474    -0.051
-708.945    -386.974    -0.051
-708.959    -386.474    -0.051
-708.972    -385.974    -0.051
-708.985    -385.475    -0.051
-708.999    -384.975    -0.051
-709.012    -384.475    -0.051
-709.026    -383.975    -0.051
-709.039    -383.476    -0.051
-709.052    -382.976    -0.051
-709.066    -382.476    -0.051
-709.080    -381.976    -0.051
-709.092    -381.476    -0.051
-709.106    -380.977    -0.051
-709.120    -380.477    -0.051
-709.133    -379.977    -0.051
-709.146    -379.477    -0.051
-709.160    -378.978    -0.051
-709.174    -378.478    -0.051
-709.189    -377.978    -0.051
-709.204    -377.478    -0.051
-709.219    -376.979    -0.051
-709.235    -376.479    -0.051
-709.251    -375.979    -0.051
-709.266    -375.479    -0.050
-709.282    -374.980    -0.050
-709.297    -374.481    -0.050
-709.313    -373.981    -0.050
-709.328    -373.481    -0.050
-709.343    -372.982    -0.050
-709.359    -372.482    -0.050
-709.375    -371.982    -0.050
-709.390    -371.482    -0.050
-709.405    -370.983    -0.050
-709.421    -370.483    -0.050
-709.436    -369.983    -0.050
-709.452    -369.484    -0.050
-709.468    -368.984    -0.050
-709.483    -368.484    -0.050
-709.498    -367.984    -0.050
-709.514    -367.485    -0.050
-709.529    -366.985    -0.050
-709.545    -366.485    -0.050
-709.560    -365.985    -0.050
-709.575    -365.486    -0.050
-709.591    -364.986    -0.050
-709.607    -364.486    -0.050
-709.621    -363.986    -0.050
-709.637    -363.487    -0.050
-709.653    -362.987    -0.050
-709.669    -362.487    -0.050
-709.683    -361.988    -0.050
-709.699    -361.488    -0.050
-709.715    -360.988    -0.050
-709.731    -360.488    -0.050
-709.746    -359.989    -0.050
-709.761    -359.489    -0.050
-709.777    -358.989    -0.050
-709.793    -358.489    -0.050
-709.807    -357.990    -0.050
-709.823    -357.490    -0.049
-709.839    -356.990    -0.049
-709.855    -356.491    -0.049
-709.869    -355.991    -0.049
-709.885    -355.491    -0.049
-709.901    -354.991    -0.049
-709.917    -354.492    -0.049
-709.932    -353.992    -0.049
-709.947    -353.492    -0.049
-709.963    -352.992    -0.049
-709.979    -352.493    -0.049
-709.993    -351.993    -0.049
-710.008    -351.493    -0.049
-710.023    -350.993    -0.049
-710.037    -350.494    -0.049
-710.052    -349.994    -0.049
-710.067    -349.494    -0.049
-710.082    -348.994    -0.049
-710.096    -348.495    -0.049
-710.111    -347.995    -0.049
-710.126    -347.495    -0.049
-710.141    -346.995    -0.049
-710.155    -346.496    -0.049
-710.170    -345.996    -0.049
-710.185    -345.496    -0.049
-710.200    -344.996    -0.049
-710.214    -344.497    -0.049
-710.229    -343.997    -0.049
-710.244    -343.497    -0.049
-710.259    -342.997    -0.049
-710.273    -342.498    -0.049
-710.288    -341.998    -0.049
-710.303    -341.498    -0.049
-710.318    -340.998    -0.049
-710.332    -340.499    -0.049
-710.347    -339.999    -0.049
-710.362    -339.499    -0.049
-710.377    -338.999    -0.049
-710.391    -338.500    -0.049
-710.406    -338.000    -0.048
-710.421    -337.500    -0.048
-710.436    -337.000    -0.048
-710.450    -336.501    -0.048
-710.465    -336.001    -0.048
-710.480    -335.501    -0.048
-710.495    -335.001    -0.048
-710.509    -334.502    -0.048
-710.524    -334.002    -0.048
-710.539    -333.502    -0.048
-710.554    -333.002    -0.048
-710.568    -332.503    -0.048
-710.583    -332.003    -0.048
-710.598    -331.503    -0.048
-710.612    -331.003    -0.048
-710.624    -330.505    -0.048
-710.638    -330.005    -0.048
-710.652    -329.505    -0.048
-710.665    -329.005    -0.048
-710.679    -328.505    -0.048
-710.693    -328.006    -0.048
-710.706    -327.506    -0.048
-710.719    -327.006    -0.048
-710.733    -326.506    -0.048
-710.747    -326.007    -0.048
-710.761    -325.507    -0.048
-710.774    -325.007    -0.048
-710.787    -324.507    -0.048
-710.801    -324.007    -0.048
-710.815    -323.508    -0.048
-710.828    -323.008    -0.048
-710.842    -322.508    -0.048
-710.856    -322.008    -0.048
-710.869    -321.509    -0.048
-710.882    -321.009    -0.048
-710.896    -320.509    -0.048
-710.910    -320.009    -0.048
-710.924    -319.509    -0.048
-710.937    -319.010    -0.048
-710.950    -318.510    -0.048
-710.964    -318.010    -0.048
-710.978    -317.510    -0.048
-710.991    -317.011    -0.047
-711.005    -316.511    -0.047
-711.019    -316.011    -0.047
-711.032    -315.511    -0.047
-711.045    -315.011    -0.047
-711.059    -314.512    -0.047
-711.073    -314.012    -0.047
-711.087    -313.512    -0.047
-711.100    -313.012    -0.047
-711.113    -312.513    -0.047
-711.127    -312.013    -0.047
-711.141    -311.513    -0.047
-711.154    -311.013    -0.047
-711.168    -310.513    -0.047
-711.182    -310.014    -0.047
-711.195    -309.514    -0.047
-711.208    -309.014    -0.047
-711.222    -308.514    -0.047
-711.236    -308.015    -0.047
-711.249    -307.515    -0.047
-711.263    -307.015    -0.047
-711.276    -306.515    -0.047
-711.290    -306.015    -0.047
-711.303    -305.516    -0.047
-711.317    -305.016    -0.047
-711.331    -304.516    -0.047
-711.344    -304.016    -0.047
-711.357    -303.517    -0.047
-711.371    -303.017    -0.047
-711.384    -302.517    -0.047
-711.398    -302.017    -0.047
-711.411    -301.517    -0.047
-711.425    -301.018    -0.047
-711.438    -300.518    -0.047
-711.452    -300.018    -0.047
-711.465    -299.518    -0.047
-711.479    -299.019    -0.047
-711.493    -298.519    -0.047
-711.507    -298.019    -0.047
-711.520    -297.519    -0.047
-711.534    -297.019    -0.047
-711.548    -296.520    -0.047
-711.562    -296.020    -0.047
-711.574    -295.520    -0.047
-711.588    -295.020    -0.046
-711.602    -294.521    -0.046
-711.616    -294.021    -0.046
-711.630    -293.521    -0.046
-711.646    -293.021    -0.046
-711.662    -292.522    -0.046
-711.678    -292.022    -0.046
-711.692    -291.522    -0.046
-711.708    -291.022    -0.046
-711.724    -290.523    -0.046
-711.740    -290.023    -0.046
-711.755    -289.523    -0.046
-711.771    -289.024    -0.046
-711.787    -288.524    -0.046
-711.803    -288.024    -0.046
-711.818    -287.524    -0.046
-711.834    -287.025    -0.046
-711.850    -286.525    -0.046
-711.865    -286.025    -0.046
-711.881    -285.525    -0.046
-711.897    -285.026    -0.046
-711.913    -284.526    -0.046
-711.928    -284.026    -0.046
-711.944    -283.527    -0.046
-711.960    -283.027    -0.046
-711.975    -282.527    -0.046
-711.990    -282.027    -0.046
-712.006    -281.528    -0.046
-712.022    -281.028    -0.046
-712.038    -280.528    -0.046
-712.053    -280.028    -0.046
-712.069    -279.529    -0.046
-712.085    -279.029    -0.046
-712.101    -278.529    -0.046
-712.116    -278.030    -0.046
-712.132    -277.530    -0.046
-712.148    -277.030    -0.046
-712.164    -276.530    -0.046
-712.179    -276.031    -0.046
-712.195    -275.531    -0.046
-712.211    -275.031    -0.046
-712.227    -274.531    -0.046
-712.242    -274.032    -0.046
-712.258    -273.532    -0.046
-712.274    -273.032    -0.046
-712.290    -272.533    -0.046
-712.305    -272.033    -0.046
-712.320    -271.533    -0.046
-712.336    -271.033    -0.046
-712.352    -270.534    -0.045
-712.367    -270.034    -0.045
-712.383    -269.535    -0.045
-712.399    -269.035    -0.045
-712.415    -268.536    -0.045
-712.430    -268.036    -0.045
-712.446    -267.536    -0.045
-712.462    -267.036    -0.045
-712.477    -266.537    -0.045
-712.493    -266.037    -0.045
-712.509    -265.537    -0.045
-712.525    -265.038    -0.045
-712.540    -264.538    -0.045
-712.556    -264.038    -0.045
-712.572    -263.538    -0.045
-712.588    -263.039    -0.045
-712.602    -262.539    -0.045
-712.618    -262.039    -0.045
-712.634    -261.539    -0.045
-712.650    -261.040    -0.045
-712.665    -260.540    -0.045
-712.681    -260.040    -0.045
-712.697    -259.541    -0.045
-712.713    -259.041    -0.045
-712.728    -258.541    -0.045
-712.743    -258.041    -0.045
-712.758    -257.542    -0.045
-712.773    -257.042    -0.045
-712.787    -256.542    -0.045
-712.802    -256.042    -0.045
-712.817    -255.543    -0.045
-712.832    -255.043    -0.045
-712.846    -254.543    -0.045
-712.861    -254.043    -0.045
-712.876    -253.544    -0.045
-712.891    -253.044    -0.045
-712.905    -252.544    -0.045
-712.920    -252.044    -0.045
-712.935    -251.545    -0.045
-712.950    -251.045    -0.045
-712.964    -250.545    -0.045
-712.979    -250.045    -0.045
-712.994    -249.546    -0.045
-713.009    -249.046    -0.045
-713.023    -248.546    -0.045
-713.038    -248.046    -0.045
-713.053    -247.547    -0.045
-713.068    -247.047    -0.045
-713.082    -246.547    -0.045
-713.097    -246.047    -0.045
-713.112    -245.548    -0.045
-713.126    -245.048    -0.045
-713.141    -244.548    -0.045
-713.156    -244.048    -0.045
-713.171    -243.549    -0.044
-713.185    -243.049    -0.044
-713.200    -242.549    -0.044
-713.215    -242.049    -0.044
-713.230    -241.550    -0.044
-713.244    -241.050    -0.044
-713.259    -240.550    -0.044
-713.274    -240.050    -0.044
-713.289    -239.551    -0.044
-713.303    -239.051    -0.044
-713.318    -238.551    -0.044
-713.333    -238.051    -0.044
-713.348    -237.552    -0.044
-713.362    -237.052    -0.044
-713.377    -236.552    -0.044
-713.392    -236.052    -0.044
-713.407    -235.553    -0.044
-713.421    -235.053    -0.044
-713.436    -234.553    -0.044
-713.451    -234.053    -0.044
-713.466    -233.554    -0.044
-713.480    -233.054    -0.044
-713.495    -232.554    -0.044
-713.510    -232.054    -0.044
-713.525    -231.555    -0.044
-713.539    -231.055    -0.044
-713.554    -230.555    -0.044
-713.569    -230.055    -0.044
-713.584    -229.556    -0.044
-713.598    -229.056    -0.044
-713.613    -228.556    -0.044
-713.628    -228.056    -0.044
-713.643    -227.557    -0.044
-713.657    -227.057    -0.044
-713.672    -226.557    -0.044
-713.687    -226.057    -0.044
-713.702    -225.558    -0.044
-713.716    -225.058    -0.044
-713.731    -224.558    -0.044
-713.746    -224.058    -0.044
-713.760    -223.559    -0.044
-713.775    -223.059    -0.044
-713.790    -222.559    -0.044
-713.805    -222.059    -0.044
-713.819    -221.561    -0.044
-713.834    -221.061    -0.044
-713.849    -220.561    -0.044
-713.864    -220.061    -0.044
-713.878    -219.562    -0.044
-713.893    -219.062    -0.044
-713.907    -218.562    -0.044
-713.922    -218.062    -0.044
-713.936    -217.563    -0.044
-713.951    -217.063    -0.044
-713.965    -216.563    -0.044
-713.980    -216.063    -0.044
-713.993    -215.564    -0.044
-714.008    -215.064    -0.044
-714.022    -214.564    -0.044
-714.037    -214.064    -0.044
-714.051    -213.565    -0.044
-714.065    -213.065    -0.043
-714.079    -212.565    -0.043
-714.094    -212.065    -0.043
-714.107    -211.565    -0.043
-714.122    -211.066    -0.043
-714.137    -210.566    -0.043
-714.151    -210.066    -0.043
-714.164    -209.566    -0.043
-714.179    -209.067    -0.043
-714.193    -208.567    -0.043
-714.208    -208.067    -0.043
-714.221    -207.567    -0.043
-714.236    -207.068    -0.043
-714.250    -206.568    -0.043
-714.265    -206.068    -0.043
-714.278    -205.568    -0.043
-714.293    -205.069    -0.043
-714.308    -204.569    -0.043
-714.322    -204.069    -0.043
-714.335    -203.569    -0.043
-714.350    -203.070    -0.043
-714.364    -202.570    -0.043
-714.378    -202.070    -0.043
-714.392    -201.570    -0.043
-714.407    -201.070    -0.043
-714.421    -200.571    -0.043
-714.435    -200.071    -0.043
-714.449    -199.571    -0.043
-714.464    -199.071    -0.043
-714.478    -198.572    -0.043
-714.492    -198.072    -0.043
-714.506    -197.572    -0.043
-714.521    -197.072    -0.043
-714.535    -196.573    -0.043
-714.549    -196.073    -0.043
-714.563    -195.573    -0.043
-714.578    -195.073    -0.043
-714.592    -194.574    -0.043
-714.606    -194.074    -0.043
-714.620    -193.574    -0.043
-714.635    -193.074    -0.043
-714.649    -192.574    -0.043
-714.663    -192.075    -0.043
-714.677    -191.575    -0.043
-714.692    -191.075    -0.043
-714.706    -190.575    -0.043
-714.719    -190.076    -0.043
-714.734    -189.576    -0.043
-714.748    -189.076    -0.043
-714.762    -188.576    -0.043
-714.776    -188.077    -0.043
-714.790    -187.577    -0.043
-714.805    -187.077    -0.043
-714.819    -186.577    -0.043
-714.833    -186.078    -0.043
-714.847    -185.578    -0.043
-714.862    -185.078    -0.043
-714.876    -184.578    -0.043
-714.890    -184.079    -0.043
-714.904    -183.579    -0.043
-714.919    -183.079    -0.043
-714.933    -182.579    -0.043
-714.947    -182.079    -0.043
-714.961    -181.580    -0.043
-714.976    -181.080    -0.043
-714.991    -180.580    -0.043
-715.004    -180.080    -0.043
-715.018    -179.581    -0.043
-715.033    -179.081    -0.043
-715.046    -178.581    -0.043
-715.061    -178.081    -0.043
-715.075    -177.582    -0.043
-715.090    -177.082    -0.043
-715.103    -176.582    -0.042
-715.118    -176.082    -0.042
-715.132    -175.583    -0.042
-715.147    -175.083    -0.042
-715.160    -174.583    -0.042
-715.175    -174.083    -0.042
-715.189    -173.584    -0.042
-715.203    -173.084    -0.042
-715.215    -172.584    -0.042
-715.229    -172.084    -0.042
-715.242    -171.584    -0.042
-715.256    -171.085    -0.042
-715.269    -170.585    -0.042
-715.282    -170.085    -0.042
-715.296    -169.585    -0.042
-715.309    -169.085    -0.042
-715.322    -168.586    -0.042
-715.335    -168.086    -0.042
-715.349    -167.586    -0.042
-715.362    -167.086    -0.042
-715.374    -166.587    -0.042
-715.388    -166.087    -0.042
-715.401    -165.587    -0.042
-715.415    -165.087    -0.042
-715.428    -164.587    -0.042
-715.441    -164.088    -0.042
-715.454    -163.588    -0.042
-715.468    -163.088    -0.042
-715.480    -162.588    -0.042
-715.494    -162.088    -0.042
-715.508    -161.589    -0.042
-715.521    -161.089    -0.042
-715.533    -160.589    -0.042
-715.547    -160.089    -0.042
-715.560    -159.590    -0.042
-715.574    -159.090    -0.042
-715.587    -158.590    -0.042
-715.600    -158.090    -0.042
-715.613    -157.590    -0.042
-715.627    -157.091    -0.042
-715.639    -156.591    -0.042
-715.653    -156.091    -0.042
-715.667    -155.591    -0.042
-715.680    -155.091    -0.042
-715.692    -154.592    -0.042
-715.706    -154.092    -0.042
-715.719    -153.592    -0.042
-715.732    -153.092    -0.042
-715.746    -152.593    -0.042
-715.759    -152.093    -0.042
-715.773    -151.593    -0.042
-715.785    -151.093    -0.042
-715.799    -150.593    -0.042
-715.812    -150.094    -0.042
-715.826    -149.594    -0.042
-715.838    -149.094    -0.042
-715.852    -148.594    -0.042
-715.865    -148.094    -0.042
-715.879    -147.595    -0.042
-715.891    -147.095    -0.042
-715.905    -146.595    -0.042
-715.918    -146.095    -0.042
-715.931    -145.596    -0.042
-715.944    -145.096    -0.042
-715.957    -144.596    -0.042
-715.971    -144.096    -0.042
-715.985    -143.596    -0.042
-715.997    -143.097    -0.042
-716.011    -142.597    -0.042
-716.024    -142.097    -0.042
-716.038    -141.597    -0.042
-716.050    -141.097    -0.042
-716.064    -140.598    -0.042
-716.077    -140.098    -0.042
-716.090    -139.598    -0.042
-716.103    -139.098    -0.042
-716.116    -138.599    -0.042
-716.130    -138.099    -0.042
-716.144    -137.599    -0.042
-716.156    -137.099    -0.042
-716.170    -136.599    -0.042
-716.183    -136.100    -0.042
-716.197    -135.600    -0.042
-716.209    -135.100    -0.042
-716.223    -134.600    -0.042
-716.236    -134.100    -0.042
-716.249    -133.601    -0.042
-716.262    -133.101    -0.042
-716.275    -132.601    -0.042
-716.288    -132.101    -0.042
-716.303    -131.602    -0.042
-716.317    -131.102    -0.042
-716.333    -130.602    -0.042
-716.348    -130.102    -0.042
-716.363    -129.603    -0.042
-716.378    -129.103    -0.041
-716.393    -128.603    -0.041
-716.408    -128.103    -0.041
-716.422    -127.604    -0.041
-716.437    -127.104    -0.041
-716.452    -126.604    -0.041
-716.468    -126.104    -0.041
-716.482    -125.605    -0.041
-716.497    -125.105    -0.041
-716.512    -124.605    -0.041
-716.527    -124.105    -0.041
-716.541    -123.606    -0.041
-716.557    -123.106    -0.041
-716.572    -122.607    -0.041
-716.587    -122.107    -0.041
-716.601    -121.608    -0.041
-716.616    -121.108    -0.041
-716.631    -120.608    -0.041
-716.647    -120.108    -0.041
-716.661    -119.609    -0.041
-716.676    -119.109    -0.041
-716.692    -118.609    -0.041
-716.707    -118.109    -0.041
-716.721    -117.610    -0.041
-716.736    -117.110    -0.041
-716.751    -116.610    -0.041
-716.766    -116.110    -0.041
-716.781    -115.611    -0.041
-716.796    -115.111    -0.041
-716.811    -114.611    -0.041
-716.826    -114.111    -0.041
-716.840    -113.612    -0.041
-716.855    -113.112    -0.041
-716.871    -112.612    -0.041
-716.886    -112.113    -0.041
-716.900    -111.613    -0.041
-716.916    -111.113    -0.041
-716.931    -110.613    -0.041
-716.946    -110.114    -0.041
-716.960    -109.614    -0.041
-716.975    -109.114    -0.041
-716.990    -108.614    -0.041
-717.005    -108.115    -0.041
-717.020    -107.615    -0.041
-717.035    -107.115    -0.041
-717.050    -106.615    -0.041
-717.064    -106.116    -0.041
-717.079    -105.616    -0.041
-717.095    -105.116    -0.041
-717.110    -104.616    -0.041
-717.123    -104.117    -0.041
-717.137    -103.617    -0.041
-717.151    -103.117    -0.041
-717.165    -102.617    -0.041
-717.178    -102.117    -0.041
-717.192    -101.618    -0.041
-717.206    -101.118    -0.041
-717.220    -100.618    -0.041
-717.233    -100.118    -0.041
-717.248    -99.619    -0.041
-717.262    -99.119    -0.041
-717.276    -98.619    -0.041
-717.289    -98.119    -0.041
-717.303    -97.620    -0.041
-717.317    -97.120    -0.041
-717.331    -96.620    -0.041
-717.344    -96.120    -0.041
-717.358    -95.620    -0.041
-717.372    -95.121    -0.041
-717.386    -94.621    -0.041
-717.399    -94.121    -0.041
-717.414    -93.621    -0.041
-717.428    -93.122    -0.041
-717.442    -92.622    -0.041
-717.455    -92.122    -0.041
-717.469    -91.622    -0.041
-717.483    -91.122    -0.041
-717.497    -90.623    -0.041
-717.510    -90.123    -0.041
-717.524    -89.623    -0.041
-717.538    -89.123    -0.041
-717.552    -88.624    -0.041
-717.565    -88.124    -0.041
-717.580    -87.624    -0.041
-717.594    -87.124    -0.041
-717.608    -86.625    -0.041
-717.621    -86.125    -0.041
-717.635    -85.625    -0.041
-717.649    -85.125    -0.041
-717.664    -84.625    -0.041
-717.677    -84.126    -0.041
-717.691    -83.626    -0.041
-717.705    -83.126    -0.041
-717.718    -82.626    -0.041
-717.732    -82.127    -0.041
-717.746    -81.627    -0.041
-717.760    -81.127    -0.041
-717.773    -80.627    -0.041
-717.787    -80.128    -0.041
-717.801    -79.628    -0.041
-717.815    -79.128    -0.041
-717.829    -78.628    -0.041
-717.843    -78.128    -0.041
-717.857    -77.629    -0.041
-717.871    -77.129    -0.041
-717.884    -76.629    -0.041
-717.898    -76.129    -0.041
-717.912    -75.630    -0.041
-717.926    -75.130    -0.041
-717.939    -74.630    -0.041
-717.953    -74.130    -0.041
-717.967    -73.630    -0.041
-717.981    -73.131    -0.041
-717.995    -72.631    -0.041
-718.009    -72.131    -0.041
-718.023    -71.631    -0.041
-718.037    -71.132    -0.041
-718.050    -70.632    -0.041
-718.064    -70.132    -0.041
-718.079    -69.632    -0.041
-718.093    -69.133    -0.041
-718.107    -68.633    -0.041
-718.121    -68.133    -0.041
-718.136    -67.633    -0.041
-718.150    -67.134    -0.041
-718.164    -66.634    -0.041
-718.178    -66.134    -0.041
-718.193    -65.634    -0.041
-718.207    -65.134    -0.041
-718.221    -64.635    -0.041
-718.235    -64.135    -0.041
-718.250    -63.635    -0.041
-718.264    -63.135    -0.041
-718.278    -62.636    -0.041
-718.292    -62.136    -0.041
-718.307    -61.636    -0.041
-718.321    -61.136    -0.041
-718.335    -60.637    -0.041
-718.349    -60.137    -0.041
-718.364    -59.637    -0.041
-718.378    -59.137    -0.041
-718.392    -58.638    -0.041
-718.406    -58.138    -0.041
-718.421    -57.638    -0.041
-718.434    -57.138    -0.041
-718.449    -56.639    -0.041
-718.464    -56.139    -0.041
-718.478    -55.639    -0.041
-718.492    -55.139    -0.041
-718.507    -54.640    -0.041
-718.521    -54.140    -0.041
-718.536    -53.640    -0.041
-718.549    -53.140    -0.041
-718.564    -52.640    -0.041
-718.578    -52.141    -0.041
-718.593    -51.641    -0.041
-718.606    -51.141    -0.041
-718.621    -50.641    -0.041
-718.635    -50.142    -0.041
-718.650    -49.642    -0.041
-718.663    -49.142    -0.041
-718.678    -48.642    -0.041
-718.692    -48.143    -0.041
-718.707    -47.643    -0.041
-718.720    -47.143    -0.041
-718.735    -46.643    -0.041
-718.749    -46.144    -0.041
-718.764    -45.644    -0.041
-718.777    -45.144    -0.041
-718.792    -44.645    -0.041
-718.806    -44.146    -0.041
-718.821    -43.646    -0.041
-718.834    -43.146    -0.041
-718.849    -42.646    -0.041
-718.863    -42.146    -0.041
-718.878    -41.647    -0.041
-718.891    -41.147    -0.041
-718.906    -40.647    -0.041
-718.920    -40.147    -0.041
-718.935    -39.648    -0.041
-718.949    -39.148    -0.041
-718.963    -38.648    -0.041
-718.978    -38.148    -0.041
-718.992    -37.649    -0.041
-719.005    -37.149    -0.041
-719.020    -36.649    -0.041
-719.034    -36.149    -0.041
-719.048    -35.650    -0.041
-719.062    -35.150    -0.041
-719.076    -34.650    -0.041
-719.090    -34.150    -0.041
-719.104    -33.650    -0.041
-719.118    -33.151    -0.041
-719.132    -32.651    -0.041
-719.147    -32.151    -0.041
-719.160    -31.651    -0.041
-719.174    -31.152    -0.041
-719.189    -30.652    -0.041
-719.203    -30.152    -0.041
-719.216    -29.652    -0.041
-719.231    -29.153    -0.041
-719.245    -28.653    -0.041
-719.259    -28.153    -0.041
-719.273    -27.653    -0.041
-719.287    -27.154    -0.041
-719.301    -26.654    -0.041
-719.316    -26.154    -0.041
-719.329    -25.654    -0.041
-719.344    -25.154    -0.041
-719.358    -24.655    -0.041
-719.373    -24.155    -0.041
-719.386    -23.655    -0.041
-719.401    -23.155    -0.041
-719.415    -22.656    -0.041
-719.429    -22.156    -0.041
-719.443    -21.656    -0.041
-719.457    -21.156    -0.041
-719.471    -20.657    -0.041
-719.486    -20.157    -0.041
-719.499    -19.657    -0.041
-719.513    -19.157    -0.041
-719.528    -18.658    -0.041
-719.542    -18.158    -0.041
-719.555    -17.658    -0.041
-719.570    -17.158    -0.041
-719.584    -16.658    -0.041
-719.598    -16.159    -0.041
-719.612    -15.659    -0.041
-719.626    -15.159    -0.041
-719.640    -14.659    -0.041
-719.655    -14.160    -0.041
-719.668    -13.660    -0.041
-719.682    -13.160    -0.041
-719.697    -12.660    -0.041
-719.711    -12.161    -0.041
-719.724    -11.661    -0.041
-719.739    -11.161    -0.041
-719.753    -10.661    -0.041
-719.767    -10.162    -0.041
-719.781    -9.662    -0.041
-719.795    -9.162    -0.041
-719.809    -8.662    -0.041
-719.823    -8.162    -0.041
-719.837    -7.663    -0.041
-719.852    -7.163    -0.041
-719.866    -6.663    -0.041
-719.880    -6.163    -0.041
-719.894    -5.664    -0.041
-719.908    -5.164    -0.041
-719.922    -4.664    -0.041
-719.936    -4.164    -0.041
-719.951    -3.665    -0.041
-719.965    -3.165    -0.041
-719.980    -2.665    -0.041
-719.994    -2.165    -0.041
-720.008    -1.666    -0.041
-720.023    -1.166    -0.041
-720.037    -0.666    -0.041
-720.051    -0.166    -0.041
-720.065    0.333    -0.041
-720.080    0.833    -0.041
-720.094    1.333    -0.041
-720.108    1.833    -0.041
-720.123    2.333    -0.041
-720.137    2.832    -0.041
-720.152    3.332    -0.041
-720.166    3.832    -0.041
-720.180    4.332    -0.041
-720.195    4.831    -0.041
-720.209    5.331    -0.041
-720.223    5.831    -0.041
-720.237    6.331    -0.041
-720.252    6.830    -0.041
-720.266    7.330    -0.041
-720.280    7.830    -0.041
-720.295    8.330    -0.041
-720.309    8.829    -0.041
-720.324    9.329    -0.041
-720.338    9.829    -0.041
-720.352    10.329    -0.041
-720.367    10.828    -0.041
-720.381    11.328    -0.041
-720.395    11.828    -0.041
-720.409    12.328    -0.041
-720.424    12.827    -0.041
-720.438    13.327    -0.041
-720.452    13.827    -0.041
-720.467    14.327    -0.041
-720.481    14.827    -0.041
-720.496    15.326    -0.041
-720.510    15.826    -0.041
-720.524    16.326    -0.041
-720.539    16.826    -0.041
-720.552    17.325    -0.041
-720.567    17.825    -0.041
-720.581    18.325    -0.041
-720.596    18.825    -0.041
-720.610    19.324    -0.041
-720.624    19.824    -0.041
-720.639    20.324    -0.041
-720.654    20.824    -0.041
-720.667    21.323    -0.041
-720.682    21.823    -0.041
-720.696    22.323    -0.041
-720.711    22.823    -0.041
-720.724    23.322    -0.041
-720.739    23.822    -0.041
-720.753    24.322    -0.041
-720.768    24.822    -0.041
-720.781    25.321    -0.041
-720.796    25.821    -0.041
-720.811    26.321    -0.041
-720.825    26.821    -0.041
-720.839    27.321    -0.041
-720.854    27.820    -0.041
-720.868    28.320    -0.041
-720.883    28.820    -0.041
-720.897    29.320    -0.041
-720.911    29.819    -0.041
-720.926    30.319    -0.041
-720.940    30.819    -0.041
-720.952    31.319    -0.041
-720.965    31.818    -0.041
-720.978    32.318    -0.041
-720.991    32.818    -0.041
-721.002    33.318    -0.041
-721.015    33.818    -0.041
-721.028    34.317    -0.041
-721.041    34.817    -0.041
-721.053    35.317    -0.041
-721.066    35.817    -0.041
-721.079    36.317    -0.041
-721.092    36.816    -0.041
-721.104    37.316    -0.041
-721.117    37.816    -0.041
-721.130    38.316    -0.041
-721.143    38.816    -0.041
-721.155    39.315    -0.041
-721.168    39.815    -0.041
-721.181    40.315    -0.041
-721.194    40.815    -0.041
-721.206    41.315    -0.041
-721.219    41.814    -0.041
-721.232    42.314    -0.041
-721.245    42.814    -0.041
-721.257    43.314    -0.041
-721.270    43.814    -0.041
-721.283    44.313    -0.041
-721.295    44.813    -0.041
-721.308    45.313    -0.041
-721.321    45.813    -0.041
-721.334    46.313    -0.041
-721.346    46.812    -0.041
-721.359    47.312    -0.041
-721.372    47.812    -0.041
-721.384    48.312    -0.041
-721.396    48.812    -0.041
-721.409    49.311    -0.041
-721.422    49.811    -0.041
-721.435    50.311    -0.041
-721.447    50.811    -0.041
-721.460    51.311    -0.041
-721.473    51.810    -0.041
-721.486    52.310    -0.041
-721.498    52.810    -0.041
-721.511    53.310    -0.041
-721.524    53.810    -0.041
-721.537    54.309    -0.041
-721.549    54.809    -0.041
-721.562    55.309    -0.041
-721.575    55.809    -0.041
-721.588    56.309    -0.041
-721.600    56.808    -0.041
-721.613    57.308    -0.041
-721.626    57.808    -0.041
-721.639    58.308    -0.041
-721.651    58.808    -0.041
-721.664    59.307    -0.041
-721.677    59.807    -0.041
-721.690    60.307    -0.041
-721.702    60.807    -0.041
-721.715    61.307    -0.041
-721.728    61.806    -0.041
-721.741    62.306    -0.041
-721.753    62.806    -0.041
-721.765    63.306    -0.041
-721.778    63.806    -0.041
-721.791    64.305    -0.041
-721.803    64.805    -0.041
-721.816    65.304    -0.041
-721.829    65.804    -0.041
-721.842    66.303    -0.041
-721.854    66.803    -0.041
-721.867    67.303    -0.041
-721.881    67.803    -0.041
-721.895    68.303    -0.041
-721.911    68.802    -0.041
-721.927    69.302    -0.041
-721.943    69.802    -0.041
-721.958    70.302    -0.041
-721.974    70.801    -0.041
-721.991    71.301    -0.041
-722.007    71.801    -0.041
-722.022    72.300    -0.041
-722.038    72.800    -0.041
-722.054    73.300    -0.041
-722.070    73.800    -0.041
-722.086    74.299    -0.041
-722.102    74.799    -0.041
-722.118    75.299    -0.041
-722.134    75.798    -0.041
-722.149    76.298    -0.041
-722.165    76.798    -0.041
-722.182    77.298    -0.041
-722.198    77.797    -0.041
-722.213    78.297    -0.041
-722.229    78.797    -0.041
-722.245    79.297    -0.041
-722.262    79.796    -0.041
-722.277    80.296    -0.041
-722.293    80.796    -0.041
-722.310    81.295    -0.041
-722.326    81.795    -0.041
-722.341    82.295    -0.041
-722.357    82.795    -0.041
-722.374    83.294    -0.041
-722.390    83.794    -0.041
-722.405    84.294    -0.041
-722.421    84.793    -0.041
-722.437    85.293    -0.041
-722.453    85.793    -0.041
-722.469    86.293    -0.041
-722.485    86.792    -0.041
-722.501    87.292    -0.041
-722.517    87.792    -0.041
-722.532    88.292    -0.041
-722.548    88.791    -0.041
-722.565    89.291    -0.042
-722.581    89.791    -0.042
-722.596    90.290    -0.042
-722.612    90.790    -0.042
-722.628    91.290    -0.042
-722.643    91.790    -0.042
-722.657    92.289    -0.042
-722.672    92.789    -0.042
-722.687    93.289    -0.042
-722.702    93.789    -0.042
-722.716    94.288    -0.042
-722.731    94.788    -0.042
-722.746    95.288    -0.042
-722.760    95.788    -0.042
-722.775    96.287    -0.042
-722.790    96.787    -0.042
-722.805    97.287    -0.042
-722.819    97.787    -0.042
-722.834    98.286    -0.042
-722.849    98.786    -0.042
-722.864    99.286    -0.042
-722.878    99.786    -0.042
-722.893    100.285    -0.042
-722.908    100.785    -0.042
-722.922    101.284    -0.042
-722.936    101.784    -0.042
-722.951    102.283    -0.042
-722.966    102.783    -0.042
-722.981    103.283    -0.042
-722.995    103.783    -0.042
-723.010    104.282    -0.042
-723.025    104.782    -0.042
-723.040    105.282    -0.042
-723.054    105.782    -0.042
-723.069    106.281    -0.042
-723.084    106.781    -0.042
-723.099    107.281    -0.042
-723.113    107.781    -0.042
-723.128    108.280    -0.042
-723.143    108.780    -0.042
-723.158    109.280    -0.042
-723.172    109.780    -0.042
-723.187    110.279    -0.042
-723.202    110.779    -0.042
-723.217    111.279    -0.042
-723.231    111.779    -0.042
-723.246    112.278    -0.042
-723.261    112.778    -0.042
-723.276    113.278    -0.042
-723.290    113.778    -0.042
-723.305    114.277    -0.042
-723.320    114.777    -0.042
-723.335    115.277    -0.042
-723.349    115.777    -0.042
-723.364    116.276    -0.042
-723.379    116.776    -0.042
-723.394    117.276    -0.042
-723.408    117.776    -0.042
-723.423    118.275    -0.042
-723.438    118.775    -0.042
-723.451    119.275    -0.042
-723.466    119.775    -0.042
-723.481    120.274    -0.042
-723.496    120.774    -0.042
-723.510    121.274    -0.042
-723.525    121.774    -0.042
-723.540    122.273    -0.042
-723.555    122.773    -0.042
-723.569    123.273    -0.042
-723.584    123.773    -0.042
-723.599    124.272    -0.042
-723.614    124.772    -0.042
-723.628    125.272    -0.042
-723.643    125.772    -0.042
-723.658    126.271    -0.042
-723.673    126.771    -0.042
-723.687    127.271    -0.042
-723.701    127.771    -0.042
-723.716    128.270    -0.042
-723.731    128.770    -0.042
-723.745    129.270    -0.042
-723.760    129.770    -0.042
-723.775    130.269    -0.042
-723.790    130.769    -0.042
-723.804    131.269    -0.042
-723.819    131.769    -0.042
-723.834    132.268    -0.042
-723.849    132.768    -0.042
-723.863    133.268    -0.042
-723.877    133.768    -0.042
-723.892    134.267    -0.042
-723.907    134.767    -0.042
-723.921    135.267    -0.042
-723.936    135.767    -0.042
-723.951    136.266    -0.042
-723.966    136.766    -0.043
-723.980    137.266    -0.043
-723.995    137.766    -0.043
-724.010    138.265    -0.043
-724.025    138.765    -0.043
-724.039    139.265    -0.043
-724.053    139.765    -0.043
-724.068    140.264    -0.043
-724.083    140.764    -0.043
-724.097    141.264    -0.043
-724.112    141.764    -0.043
-724.127    142.263    -0.043
-724.141    142.763    -0.043
-724.155    143.263    -0.043
-724.170    143.763    -0.043
-724.185    144.262    -0.043
-724.199    144.762    -0.043
-724.214    145.262    -0.043
-724.229    145.762    -0.043
-724.244    146.261    -0.043
-724.258    146.761    -0.043
-724.273    147.261    -0.043
-724.288    147.761    -0.043
-724.303    148.260    -0.043
-724.316    148.760    -0.043
-724.331    149.260    -0.043
-724.346    149.760    -0.043
-724.361    150.260    -0.043
-724.375    150.759    -0.043
-724.390    151.259    -0.043
-724.405    151.759    -0.043
-724.420    152.259    -0.043
-724.434    152.758    -0.043
-724.449    153.258    -0.043
-724.464    153.758    -0.043
-724.479    154.258    -0.043
-724.492    154.757    -0.043
-724.507    155.257    -0.043
-724.522    155.757    -0.043
-724.537    156.257    -0.043
-724.551    156.756    -0.043
-724.566    157.256    -0.043
-724.580    157.756    -0.043
-724.595    158.256    -0.043
-724.609    158.755    -0.043
-724.624    159.255    -0.043
-724.639    159.754    -0.043
-724.654    160.254    -0.043
-724.668    160.753    -0.043
-724.683    161.253    -0.043
-724.698    161.753    -0.043
-724.713    162.253    -0.043
-724.727    162.752    -0.043
-724.742    163.252    -0.043
-724.756    163.752    -0.043
-724.771    164.252    -0.043
-724.785    164.751    -0.043
-724.800    165.251    -0.043
-724.815    165.751    -0.043
-724.830    166.251    -0.043
-724.844    166.750    -0.043
-724.859    167.250    -0.043
-724.874    167.750    -0.043
-724.889    168.250    -0.043
-724.903    168.749    -0.043
-724.918    169.249    -0.043
-724.932    169.749    -0.043
-724.946    170.249    -0.043
-724.961    170.748    -0.043
-724.976    171.248    -0.043
-724.991    171.748    -0.043
-725.005    172.248    -0.043
-725.020    172.747    -0.044
-725.035    173.247    -0.044
-725.050    173.747    -0.044
-725.064    174.247    -0.044
-725.079    174.746    -0.044
-725.094    175.246    -0.044
-725.108    175.746    -0.044
-725.122    176.246    -0.044
-725.137    176.745    -0.044
-725.152    177.245    -0.044
-725.167    177.745    -0.044
-725.181    178.245    -0.044
-725.195    178.744    -0.044
-725.210    179.244    -0.044
-725.225    179.744    -0.044
-725.239    180.244    -0.044
-725.254    180.743    -0.044
-725.269    181.243    -0.044
-725.284    181.743    -0.044
-725.298    182.243    -0.044
-725.313    182.742    -0.044
-725.328    183.242    -0.044
-725.343    183.742    -0.044
-725.357    184.242    -0.044
-725.371    184.741    -0.044
-725.386    185.241    -0.044
-725.401    185.741    -0.044
-725.415    186.241    -0.044
-725.430    186.740    -0.044
-725.445    187.240    -0.044
-725.460    187.740    -0.044
-725.474    188.240    -0.044
-725.489    188.739    -0.044
-725.504    189.239    -0.044
-725.519    189.739    -0.044
-725.533    190.239    -0.044
-725.547    190.738    -0.044
-725.562    191.238    -0.044
-725.577    191.738    -0.044
-725.591    192.238    -0.044
-725.606    192.737    -0.044
-725.621    193.237    -0.044
-725.635    193.737    -0.044
-725.649    194.237    -0.044
-725.664    194.736    -0.044
-725.679    195.236    -0.044
-725.694    195.736    -0.044
-725.708    196.236    -0.044
-725.723    196.735    -0.044
-725.738    197.235    -0.044
-725.752    197.735    -0.044
-725.767    198.235    -0.044
-725.782    198.734    -0.044
-725.797    199.234    -0.044
-725.810    199.734    -0.044
-725.825    200.234    -0.044
-725.840    200.734    -0.044
-725.855    201.233    -0.044
-725.869    201.733    -0.044
-725.884    202.233    -0.044
-725.899    202.733    -0.044
-725.914    203.232    -0.045
-725.928    203.732    -0.045
-725.943    204.232    -0.045
-725.958    204.732    -0.045
-725.973    205.231    -0.045
-725.986    205.731    -0.045
-726.001    206.231    -0.045
-726.016    206.731    -0.045
-726.031    207.230    -0.045
-726.045    207.730    -0.045
-726.060    208.230    -0.045
-726.074    208.730    -0.045
-726.089    209.229    -0.045
-726.102    209.729    -0.045
-726.116    210.229    -0.045
-726.130    210.729    -0.045
-726.144    211.228    -0.045
-726.157    211.728    -0.045
-726.171    212.228    -0.045
-726.184    212.728    -0.045
-726.198    213.228    -0.045
-726.211    213.727    -0.045
-726.224    214.227    -0.045
-726.238    214.727    -0.045
-726.252    215.227    -0.045
-726.265    215.726    -0.045
-726.279    216.226    -0.045
-726.292    216.726    -0.045
-726.306    217.226    -0.045
-726.319    217.726    -0.045
-726.333    218.225    -0.045
-726.347    218.725    -0.045
-726.361    219.225    -0.045
-726.373    219.725    -0.045
-726.387    220.224    -0.045
-726.401    220.724    -0.045
-726.415    221.224    -0.045
-726.427    221.724    -0.045
-726.441    222.224    -0.045
-726.455    222.723    -0.045
-726.468    223.223    -0.045
-726.481    223.723    -0.045
-726.495    224.223    -0.045
-726.509    224.722    -0.045
-726.523    225.222    -0.045
-726.535    225.722    -0.045
-726.549    226.222    -0.045
-726.563    226.722    -0.045
-726.576    227.221    -0.045
-726.589    227.721    -0.045
-726.603    228.221    -0.045
-726.617    228.721    -0.045
-726.629    229.220    -0.045
-726.643    229.720    -0.045
-726.657    230.220    -0.046
-726.671    230.720    -0.046
-726.684    231.220    -0.046
-726.697    231.719    -0.046
-726.711    232.219    -0.046
-726.725    232.719    -0.046
-726.738    233.219    -0.046
-726.752    233.718    -0.046
-726.766    234.218    -0.046
-726.779    234.717    -0.046
-726.792    235.217    -0.046
-726.806    235.717    -0.046
-726.820    236.216    -0.046
-726.833    236.716    -0.046
-726.846    237.216    -0.046
-726.860    237.716    -0.046
-726.873    238.215    -0.046
-726.887    238.715    -0.046
-726.900    239.215    -0.046
-726.914    239.715    -0.046
-726.927    240.215    -0.046
-726.941    240.714    -0.046
-726.954    241.214    -0.046
-726.968    241.714    -0.046
-726.982    242.214    -0.046
-726.995    242.713    -0.046
-727.008    243.213    -0.046
-727.022    243.713    -0.046
-727.035    244.213    -0.046
-727.049    244.713    -0.046
-727.062    245.212    -0.046
-727.075    245.712    -0.046
-727.089    246.212    -0.046
-727.103    246.712    -0.046
-727.116    247.211    -0.046
-727.130    247.711    -0.046
-727.144    248.211    -0.046
-727.157    248.711    -0.046
-727.170    249.211    -0.046
-727.184    249.710    -0.046
-727.197    250.210    -0.046
-727.211    250.710    -0.046
-727.224    251.210    -0.046
-727.238    251.710    -0.046
-727.252    252.209    -0.046
-727.266    252.709    -0.046
-727.278    253.209    -0.046
-727.292    253.709    -0.046
-727.306    254.208    -0.046
-727.319    254.708    -0.047
-727.333    255.208    -0.047
-727.347    255.708    -0.047
-727.360    256.208    -0.047
-727.373    256.707    -0.047
-727.387    257.207    -0.047
-727.401    257.707    -0.047
-727.415    258.207    -0.047
-727.428    258.706    -0.047
-727.442    259.206    -0.047
-727.455    259.706    -0.047
-727.469    260.206    -0.047
-727.482    260.705    -0.047
-727.496    261.205    -0.047
-727.510    261.705    -0.047
-727.524    262.205    -0.047
-727.537    262.705    -0.047
-727.550    263.204    -0.047
-727.564    263.704    -0.047
-727.578    264.204    -0.047
-727.591    264.704    -0.047
-727.605    265.203    -0.047
-727.619    265.703    -0.047
-727.633    266.203    -0.047
-727.646    266.703    -0.047
-727.660    267.203    -0.047
-727.674    267.702    -0.047
-727.688    268.202    -0.047
-727.701    268.702    -0.047
-727.715    269.202    -0.047
-727.729    269.701    -0.047
-727.743    270.201    -0.047
-727.756    270.701    -0.047
-727.770    271.201    -0.047
-727.784    271.701    -0.047
-727.798    272.200    -0.047
-727.811    272.700    -0.047
-727.825    273.200    -0.047
-727.840    273.700    -0.047
-727.854    274.199    -0.047
-727.867    274.699    -0.047
-727.882    275.199    -0.047
-727.896    275.699    -0.047
-727.910    276.198    -0.047
-727.924    276.698    -0.048
-727.938    277.198    -0.048
-727.952    277.698    -0.048
-727.966    278.198    -0.048
-727.980    278.697    -0.048
-727.994    279.197    -0.048
-728.008    279.697    -0.048
-728.022    280.197    -0.048
-728.036    280.696    -0.048
-728.050    281.196    -0.048
-728.064    281.696    -0.048
-728.079    282.196    -0.048
-728.092    282.695    -0.048
-728.107    283.195    -0.048
-728.121    283.695    -0.048
-728.135    284.195    -0.048
-728.149    284.694    -0.048
-728.163    285.194    -0.048
-728.177    285.694    -0.048
-728.190    286.194    -0.048
-728.206    286.694    -0.048
-728.221    287.193    -0.048
-728.236    287.693    -0.048
-728.251    288.193    -0.048
-728.266    288.692    -0.048
-728.281    289.192    -0.048
-728.297    289.692    -0.048
-728.311    290.192    -0.048
-728.327    290.691    -0.048
-728.342    291.191    -0.048
-728.358    291.691    -0.048
-728.372    292.191    -0.048
-728.387    292.690    -0.048
-728.402    293.190    -0.048
-728.417    293.690    -0.048
-728.431    294.190    -0.048
-728.446    294.689    -0.048
-728.461    295.189    -0.048
-728.475    295.689    -0.048
-728.489    296.189    -0.048
-728.504    296.688    -0.048
-728.519    297.188    -0.048
-728.533    297.688    -0.049
-728.547    298.188    -0.049
-728.562    298.687    -0.049
-728.577    299.187    -0.049
-728.592    299.687    -0.049
-728.605    300.187    -0.049
-728.620    300.686    -0.049
-728.635    301.186    -0.049
-728.650    301.686    -0.049
-728.663    302.186    -0.049
-728.678    302.686    -0.049
-728.693    303.185    -0.049
-728.708    303.685    -0.049
-728.721    304.185    -0.049
-728.736    304.685    -0.049
-728.751    305.184    -0.049
-728.766    305.684    -0.049
-728.779    306.184    -0.049
-728.794    306.684    -0.049
-728.808    307.183    -0.049
-728.823    307.683    -0.049
-728.837    308.183    -0.049
-728.851    308.683    -0.049
-728.866    309.182    -0.049
-728.880    309.682    -0.049
-728.894    310.182    -0.049
-728.909    310.682    -0.049
-728.923    311.181    -0.049
-728.938    311.681    -0.049
-728.951    312.181    -0.049
-728.966    312.681    -0.049
-728.981    313.180    -0.049
-728.995    313.680    -0.049
-729.008    314.180    -0.049
-729.022    314.680    -0.049
-729.036    315.180    -0.049
-729.049    315.679    -0.049
-729.062    316.179    -0.049
-729.076    316.679    -0.050
-729.090    317.179    -0.050
-729.102    317.678    -0.050
-729.116    318.178    -0.050
-729.130    318.678    -0.050
-729.143    319.178    -0.050
-729.156    319.678    -0.050
-729.170    320.177    -0.050
-729.183    320.677    -0.050
-729.197    321.177    -0.050
-729.210    321.677    -0.050
-729.223    322.176    -0.050
-729.237    322.676    -0.050
-729.251    323.176    -0.050
-729.263    323.676    -0.050
-729.277    324.176    -0.050
-729.291    324.675    -0.050
-729.304    325.175    -0.050
-729.317    325.675    -0.050
-729.333    326.175    -0.050
-729.349    326.674    -0.050
-729.365    327.174    -0.050
-729.380    327.674    -0.050
-729.396    328.173    -0.050
-729.413    328.672    -0.050
-729.429    329.172    -0.050
-729.444    329.672    -0.050
-729.460    330.171    -0.050
-729.476    330.671    -0.050
-729.492    331.171    -0.050
-729.508    331.671    -0.050
-729.524    332.170    -0.050
-729.540    332.670    -0.050
-729.556    333.170    -0.050
-729.571    333.670    -0.050
-729.585    334.169    -0.050
-729.600    334.669    -0.050
-729.614    335.169    -0.051
-729.627    335.669    -0.051
-729.641    336.168    -0.051
-729.655    336.668    -0.051
-729.669    337.168    -0.051
-729.682    337.668    -0.051
-729.696    338.167    -0.051
-729.710    338.667    -0.051
-729.724    339.167    -0.051
-729.737    339.667    -0.051
-729.752    340.167    -0.051
-729.766    340.666    -0.051
-729.780    341.166    -0.051
-729.793    341.666    -0.051
-729.807    342.166    -0.051
-729.822    342.665    -0.051
-729.835    343.165    -0.051
-729.849    343.665    -0.051
-729.863    344.165    -0.051
-729.877    344.664    -0.051
-729.890    345.164    -0.051
-729.903    345.664    -0.051
-729.916    346.164    -0.051
-729.928    346.664    -0.051
-729.939    347.163    -0.051
-729.952    347.663    -0.051
-729.964    348.163    -0.051
-729.976    348.663    -0.051
-729.988    349.163    -0.051
-730.000    349.663    -0.051
-730.013    350.162    -0.051
-730.025    350.662    -0.051
-730.036    351.162    -0.051
-730.048    351.662    -0.051
-730.061    352.162    -0.051
-730.073    352.661    -0.052
-730.084    353.161    -0.052
-730.097    353.661    -0.052
-730.113    354.161    -0.052
-730.128    354.660    -0.052
-730.143    355.160    -0.052
-730.159    355.660    -0.052
-730.174    356.160    -0.052
-730.190    356.659    -0.052
-730.204    357.159    -0.052
-730.219    357.659    -0.052
-730.235    358.159    -0.052
-730.250    358.658    -0.052
-730.265    359.158    -0.052
-730.280    359.658    -0.052
-730.296    360.158    -0.052
-730.312    360.657    -0.052
-730.326    361.157    -0.052
-730.342    361.657    -0.052
-730.357    362.157    -0.052
-730.372    362.656    -0.052
-730.387    363.156    -0.052
-730.402    363.656    -0.052
-730.418    364.156    -0.052
-730.433    364.655    -0.052
-730.448    365.155    -0.052
-730.464    365.655    -0.052
-730.478    366.154    -0.052
-730.491    366.654    -0.052
-730.503    367.154    -0.052
-730.516    367.654    -0.052
-730.529    368.154    -0.052
-730.542    368.653    -0.052
-730.554    369.153    -0.053
-730.568    369.653    -0.053
-730.581    370.153    -0.053
-730.594    370.653    -0.053
-730.606    371.152    -0.053
-730.619    371.652    -0.053
-730.632    372.152    -0.053
-730.645    372.652    -0.053
-730.657    373.152    -0.053
-730.670    373.651    -0.053
-730.686    374.151    -0.053
-730.700    374.651    -0.053
-730.716    375.151    -0.053
-730.731    375.650    -0.053
-730.747    376.150    -0.053
-730.761    376.650    -0.053
-730.776    377.150    -0.053
-730.791    377.649    -0.053
-730.807    378.149    -0.053
-730.821    378.649    -0.053
-730.837    379.149    -0.053
-730.852    379.648    -0.053
-730.868    380.148    -0.053
-730.882    380.648    -0.053
-730.897    381.148    -0.053
-730.913    381.647    -0.053
-730.928    382.147    -0.053
-730.943    382.647    -0.053
-730.958    383.146    -0.053
-730.973    383.646    -0.053
-730.989    384.146    -0.053
-731.003    384.646    -0.053
-731.019    385.145    -0.054
-731.031    385.645    -0.054
-731.043    386.145    -0.054
-731.056    386.745    -0.054
-731.065    387.145    -0.054
-731.077    387.645    -0.054
-731.089    388.144    -0.054
-731.100    388.644    -0.054
-731.112    389.144    -0.054
-731.124    389.644    -0.054
-731.136    390.144    -0.054
-731.147    390.643    -0.054
-731.159    391.143    -0.054
-731.171    391.643    -0.054
-731.184    392.243    -0.054
-731.193    392.643    -0.054
-731.205    393.143    -0.054
-731.219    393.642    -0.054
-731.238    394.142    -0.054
-731.255    394.641    -0.054
-731.274    395.140    -0.054
-731.292    395.640    -0.054
-731.306    396.040    -0.054
-731.328    396.639    -0.054
-731.343    397.039    -0.054
-731.365    397.639    -0.054
-731.383    398.138    -0.054
-731.401    398.638    -0.054
-731.419    399.138    -0.054
-731.433    399.537    -0.054
-731.456    400.137    -0.054
-731.470    400.537    -0.055
-731.492    401.136    -0.055
-731.510    401.636    -0.055
-731.528    402.136    -0.055
-731.546    402.635    -0.055
-731.561    403.035    -0.055
-731.583    403.635    -0.055
-731.597    404.034    -0.055
-731.619    404.634    -0.055
-731.637    405.134    -0.055
-731.654    405.633    -0.055
-731.666    406.133    -0.055
-731.678    406.633    -0.055
-731.691    407.133    -0.055
-731.704    407.633    -0.055
-731.715    408.133    -0.055
-731.728    408.632    -0.055
-731.740    409.132    -0.055
-731.753    409.632    -0.055
-731.764    410.132    -0.055
-731.777    410.632    -0.055
-731.790    411.131    -0.055
-731.802    411.631    -0.055
-731.814    412.131    -0.055
-731.826    412.631    -0.055
-731.839    413.131    -0.055
-731.852    413.630    -0.055
-731.866    414.130    -0.055
-731.880    414.630    -0.055
-731.894    415.130    -0.055
-731.909    415.629    -0.056
-731.922    416.129    -0.056
-731.936    416.629    -0.056
-731.950    417.129    -0.056
-731.964    417.629    -0.056
-731.977    418.128    -0.056
-731.991    418.628    -0.056
-732.006    419.128    -0.056
-732.020    419.628    -0.056
-732.033    420.127    -0.056
-732.047    420.627    -0.056
-732.062    421.127    -0.056
-732.076    421.627    -0.056
-732.089    422.126    -0.056
-732.103    422.625    -0.056
-732.117    423.125    -0.056
-732.131    423.625    -0.056
-732.144    424.125    -0.056
-732.159    424.624    -0.056
-732.173    425.124    -0.056
-732.187    425.624    -0.056
-732.201    426.124    -0.056
-732.215    426.623    -0.056
-732.229    427.123    -0.056
-732.243    427.623    -0.056
-732.256    428.123    -0.056
-732.271    428.622    -0.056
-732.285    429.122    -0.056
-732.299    429.622    -0.057
-732.312    430.122    -0.057
-732.327    430.621    -0.057
-732.341    431.121    -0.057
-732.354    431.621    -0.057
-732.368    432.121    -0.057
-732.382    432.621    -0.057
-732.396    433.120    -0.057
-732.409    433.620    -0.057
-732.424    434.120    -0.057
-732.439    434.620    -0.057
-732.454    435.119    -0.057
-732.468    435.619    -0.057
-732.483    436.119    -0.057
-732.498    436.619    -0.057
-732.513    437.118    -0.057
-732.527    437.618    -0.057
-732.543    438.118    -0.057
-732.557    438.618    -0.057
-732.572    439.117    -0.057
-732.586    439.617    -0.057
-732.601    440.117    -0.057
-732.616    440.617    -0.057
-732.631    441.116    -0.057
-732.645    441.616    -0.057
-732.660    442.116    -0.057
-732.675    442.616    -0.057
-732.690    443.115    -0.057
-732.704    443.615    -0.058
-732.718    444.115    -0.058
-732.733    444.615    -0.058
-732.748    445.114    -0.058
-732.762    445.614    -0.058
-732.776    446.114    -0.058
-732.791    446.614    -0.058
-732.805    447.113    -0.058
-732.819    447.613    -0.058
-732.833    448.113    -0.058
-732.847    448.613    -0.058
-732.862    449.112    -0.058
-732.875    449.612    -0.058
-732.890    450.112    -0.058
-732.904    450.612    -0.058
-732.919    451.112    -0.058
-732.932    451.611    -0.058
-732.946    452.111    -0.058
-732.961    452.611    -0.058
-732.975    453.111    -0.058
-732.988    453.610    -0.058
-733.003    454.110    -0.058
-733.017    454.610    -0.058
-733.031    455.110    -0.058
-733.044    455.609    -0.058
-733.058    456.109    -0.058
-733.072    456.609    -0.058
-733.086    457.109    -0.059
-733.099    457.609    -0.059
-733.113    458.108    -0.059
-733.127    458.608    -0.059
-733.141    459.108    -0.059
-733.154    459.608    -0.059
-733.168    460.107    -0.059
-733.182    460.607    -0.059
-733.197    461.107    -0.059
-733.210    461.607    -0.059
-733.224    462.106    -0.059
-733.238    462.606    -0.059
-733.252    463.106    -0.059
-733.265    463.606    -0.059
-733.279    464.106    -0.059
-733.293    464.605    -0.059
-733.306    465.105    -0.059
-733.320    465.605    -0.059
-733.335    466.105    -0.059
-733.349    466.604    -0.059
-733.362    467.104    -0.059
-733.377    467.604    -0.059
-733.391    468.104    -0.059
-733.405    468.603    -0.059
-733.419    469.103    -0.059
-733.433    469.603    -0.059
-733.447    470.103    -0.059
-733.462    470.603    -0.060
-733.475    471.102    -0.060
-733.490    471.602    -0.060
-733.504    472.102    -0.060
-733.519    472.602    -0.060
-733.532    473.101    -0.060
-733.547    473.601    -0.060
-733.562    474.101    -0.060
-733.578    474.601    -0.060
-733.593    475.100    -0.060
-733.608    475.600    -0.060
-733.624    476.100    -0.060
-733.640    476.600    -0.060
-733.655    477.099    -0.060
-733.670    477.599    -0.060
-733.686    478.099    -0.060
-733.702    478.598    -0.060
-733.716    479.098    -0.060
-733.732    479.598    -0.060
-733.748    480.098    -0.060
-733.764    480.597    -0.060
-733.778    481.097    -0.060
-733.794    481.597    -0.060
-733.810    482.097    -0.060
-733.826    482.596    -0.060
-733.841    483.096    -0.061
-733.856    483.596    -0.061
-733.872    484.096    -0.061
-733.888    484.595    -0.061
-733.903    485.095    -0.061
-733.917    485.595    -0.061
-733.930    486.095    -0.061
-733.942    486.594    -0.061
-733.954    487.094    -0.061
-733.967    487.594    -0.061
-733.980    488.094    -0.061
-733.993    488.594    -0.061
-734.005    489.093    -0.061
-734.018    489.593    -0.061
-734.031    490.093    -0.061
-734.044    490.593    -0.061
-734.055    491.093    -0.061
-734.068    491.592    -0.061
-734.081    492.092    -0.061
-734.094    492.592    -0.061
-734.106    493.092    -0.061
-734.120    493.592    -0.061
-734.133    494.091    -0.061
-734.146    494.591    -0.061
-734.159    495.091    -0.061
-734.172    495.591    -0.062
-734.186    496.090    -0.062
-734.200    496.590    -0.062
-734.212    497.090    -0.062
-734.226    497.590    -0.062
-734.240    498.090    -0.062
-734.254    498.589    -0.062
-734.266    499.089    -0.062
-734.280    499.589    -0.062
-734.294    500.089    -0.062
-734.307    500.588    -0.062
-734.321    501.088    -0.062
-734.334    501.588    -0.062
-734.348    502.088    -0.062
-734.361    502.587    -0.062
-734.375    503.086    -0.062
-734.388    503.586    -0.062
-734.402    504.086    -0.062
-734.414    504.586    -0.062
-734.428    505.085    -0.062
-734.443    505.585    -0.062
-734.459    506.085    -0.062
-734.473    506.585    -0.062
-734.489    507.084    -0.062
-734.505    507.584    -0.062
-734.521    508.084    -0.063
-734.536    508.584    -0.063
-734.552    509.083    -0.063
-734.568    509.583    -0.063
-734.584    510.083    -0.063
-734.600    510.583    -0.063
-734.615    511.082    -0.063
-734.631    511.582    -0.063
-734.647    512.082    -0.063
-734.662    512.581    -0.063
-734.678    513.081    -0.063
-734.692    513.581    -0.063
-734.707    514.081    -0.063
-734.720    514.580    -0.063
-734.734    515.080    -0.063
-734.749    515.580    -0.063
-734.763    516.080    -0.063
-734.777    516.580    -0.063
-734.791    517.079    -0.063
-734.805    517.579    -0.063
-734.820    518.079    -0.063
-734.833    518.579    -0.063
-734.847    519.078    -0.063
-734.862    519.578    -0.064
-734.876    520.078    -0.064
-734.890    520.578    -0.064
-734.904    521.077    -0.064
-734.918    521.577    -0.064
-734.933    522.077    -0.064
-734.946    522.577    -0.064
-734.960    523.076    -0.064
-734.975    523.576    -0.064
-734.989    524.076    -0.064
-735.003    524.576    -0.064
-735.017    525.076    -0.064
-735.031    525.575    -0.064
-735.046    526.075    -0.064
-735.059    526.575    -0.064
-735.073    527.075    -0.064
-735.088    527.574    -0.064
-735.101    528.074    -0.064
-735.111    528.574    -0.064
-735.123    529.074    -0.064
-735.135    529.574    -0.064
-735.146    530.073    -0.064
-735.159    530.673    -0.064
-735.168    531.073    -0.064
-735.179    531.573    -0.065
-735.190    532.073    -0.065
-735.201    532.573    -0.065
-735.215    533.072    -0.065
-735.228    533.572    -0.065
-735.241    534.072    -0.065
-735.255    534.572    -0.065
-735.268    535.072    -0.065
-735.282    535.571    -0.065
-735.295    536.071    -0.065
-735.308    536.571    -0.065
-735.322    537.071    -0.065
-735.336    537.570    -0.065
-735.348    538.070    -0.065
-735.362    538.570    -0.065
-735.376    539.070    -0.065
-735.390    539.570    -0.065
-735.402    540.069    -0.065
-735.416    540.569    -0.065
-735.430    541.069    -0.065
-735.443    541.569    -0.065
-735.456    542.068    -0.065
-735.470    542.568    -0.065
-735.483    543.068    -0.066
-735.497    543.568    -0.066
-735.510    544.068    -0.066
-735.523    544.567    -0.066
-735.537    545.067    -0.066
-735.551    545.567    -0.066
-735.563    546.067    -0.066
-735.577    546.567    -0.066
-735.591    547.066    -0.066
-735.604    547.566    -0.066
-735.617    548.066    -0.066
-735.630    548.566    -0.066
-735.644    549.065    -0.066
-735.658    549.565    -0.066
-735.670    550.065    -0.066
-735.684    550.565    -0.066
-735.698    551.065    -0.066
-735.711    551.564    -0.066
-735.724    552.064    -0.066
-735.737    552.564    -0.066
-735.751    553.064    -0.066
-735.765    553.563    -0.066
-735.778    554.063    -0.067
-735.794    554.563    -0.067
-735.809    555.063    -0.067
-735.825    555.562    -0.067
-735.839    556.062    -0.067
-735.854    556.562    -0.067
-735.869    557.062    -0.067
-735.885    557.561    -0.067
-735.899    558.061    -0.067
-735.915    558.561    -0.067
-735.930    559.061    -0.067
-735.946    559.560    -0.067
-735.960    560.063    -0.067
-735.975    560.563    -0.067
-735.991    561.063    -0.067
-736.006    561.562    -0.067
-736.020    562.062    -0.067
-736.035    562.562    -0.067
-736.051    563.062    -0.067
-736.066    563.561    -0.067
-736.080    564.061    -0.067
-736.095    564.561    -0.067
-736.110    565.061    -0.068
-736.125    565.560    -0.068
-736.139    566.060    -0.068
-736.154    566.560    -0.068
-736.170    567.060    -0.068
-736.185    567.559    -0.068
-736.199    568.059    -0.068
-736.214    568.559    -0.068
-736.229    569.059    -0.068
-736.244    569.558    -0.068
-736.258    570.058    -0.068
-736.274    570.558    -0.068
-736.289    571.058    -0.068
-736.304    571.557    -0.068
-736.318    572.057    -0.068
-736.333    572.557    -0.068
-736.348    573.057    -0.068
-736.363    573.556    -0.068
-736.377    574.056    -0.068
-736.393    574.556    -0.068
-736.408    575.055    -0.068
-736.423    575.555    -0.069
-736.437    576.055    -0.069
-736.452    576.555    -0.069
-736.467    577.054    -0.069
-736.481    577.554    -0.069
-736.496    578.054    -0.069
-736.512    578.554    -0.069
-736.527    579.053    -0.069
-736.543    579.553    -0.069
-736.560    580.053    -0.069
-736.578    580.553    -0.069
-736.595    581.052    -0.069
-736.612    581.551    -0.069
-736.629    582.051    -0.069
-736.646    582.550    -0.069
-736.664    583.050    -0.069
-736.681    583.550    -0.069
-736.698    584.049    -0.069
-736.716    584.549    -0.069
-736.733    585.049    -0.069
-736.750    585.548    -0.069
-736.767    586.048    -0.070
-736.785    586.548    -0.070
-736.802    587.048    -0.070
-736.819    587.547    -0.070
-736.836    588.047    -0.070
-736.854    588.547    -0.070
-736.871    589.046    -0.070
-736.888    589.546    -0.070
-736.905    590.046    -0.070
-736.916    590.546    -0.070
-736.927    591.045    -0.070
-736.937    591.545    -0.070
-736.948    592.045    -0.070
-736.959    592.545    -0.070
-736.970    593.045    -0.070
-736.980    593.545    -0.070
-736.993    594.144    -0.070
-737.003    594.544    -0.070
-737.014    595.044    -0.070
-737.024    595.544    -0.070
-737.035    596.044    -0.070
-737.046    596.544    -0.071
-737.057    597.043    -0.071
-737.067    597.543    -0.071
-737.078    598.043    -0.071
-737.091    598.643    -0.071
-737.101    599.043    -0.071
-737.111    599.543    -0.071
-737.122    600.043    -0.071
-737.133    600.542    -0.071
-737.144    601.042    -0.071
-737.154    601.542    -0.071
-737.165    602.042    -0.071
-737.176    602.542    -0.071
-737.189    603.142    -0.071
-737.198    603.541    -0.071
-737.209    604.041    -0.071
-737.220    604.541    -0.071
-737.231    605.041    -0.071
-737.241    605.541    -0.071
-737.252    606.041    -0.071
-737.263    606.540    -0.071
-737.274    607.040    -0.072
-737.287    607.640    -0.072
-737.296    608.040    -0.072
-737.307    608.540    -0.072
-737.318    609.040    -0.072
-737.328    609.540    -0.072
-737.339    610.039    -0.072
-737.350    610.539    -0.072
-737.361    611.039    -0.072
-737.371    611.539    -0.072
-737.384    612.139    -0.072
-737.394    612.539    -0.072
-737.405    613.038    -0.072
-737.415    613.538    -0.072
-737.426    614.038    -0.072
-737.437    614.538    -0.072
-737.448    615.038    -0.072
-737.458    615.538    -0.072
-737.469    616.037    -0.072
-737.482    616.637    -0.072
-737.491    617.037    -0.073
-737.502    617.537    -0.073
-737.513    618.037    -0.073
-737.524    618.537    -0.073
-737.534    619.037    -0.073
-737.545    619.536    -0.073
-737.556    620.036    -0.073
-737.567    620.536    -0.073
-737.580    621.136    -0.073
-737.589    621.536    -0.073
-737.600    622.036    -0.073
-737.611    622.535    -0.073
-737.621    623.035    -0.073
-737.632    623.535    -0.073
-737.643    624.035    -0.073
-737.654    624.535    -0.073
-737.664    625.035    -0.073
-737.678    625.634    -0.073
-737.687    626.034    -0.073
-737.698    626.534    -0.073
-737.708    627.034    -0.074
-737.719    627.534    -0.074
-737.730    628.034    -0.074
-737.741    628.533    -0.074
-737.751    629.033    -0.074
-737.762    629.533    -0.074
-737.775    630.133    -0.074
-737.785    630.533    -0.074
-737.795    631.033    -0.074
-737.806    631.533    -0.074
-737.817    632.032    -0.074
-737.828    632.532    -0.074
-737.838    633.032    -0.074
-737.849    633.532    -0.074
-737.860    634.032    -0.074
-737.873    634.632    -0.074
-737.882    635.031    -0.074
-737.893    635.531    -0.074
-737.904    636.031    -0.074
-737.915    636.531    -0.074
-737.925    637.031    -0.075
-737.936    637.531    -0.075
-737.947    638.030    -0.075
-737.958    638.530    -0.075
-737.971    639.130    -0.075
-737.980    639.530    -0.075
-737.991    640.030    -0.075
-738.002    640.530    -0.075
-738.012    641.030    -0.075
-738.023    641.529    -0.075
-738.034    642.029    -0.075
-738.045    642.529    -0.075
-738.055    643.029    -0.075
-738.068    643.629    -0.075
-738.078    644.029    -0.075
-738.089    644.528    -0.075
-738.099    645.028    -0.075
-738.110    645.528    -0.075
-738.121    646.028    -0.075
-738.132    646.528    -0.076
-738.142    647.028    -0.076
-738.153    647.527    -0.076
-738.166    648.127    -0.076
-738.176    648.527    -0.076
-738.186    649.027    -0.076
-738.197    649.527    -0.076
-738.208    650.027    -0.076
-738.219    650.527    -0.076
-738.229    651.126    -0.076
-738.235    651.526    -0.076
-738.245    652.126    -0.076
-738.253    652.626    -0.076
-738.259    653.026    -0.076
-738.269    653.626    -0.076
-738.277    654.126    -0.076
-738.284    654.526    -0.076
-738.294    655.126    -0.076
-738.301    655.626    -0.076
-738.308    656.025    -0.077
-738.318    656.625    -0.077
-738.326    657.125    -0.077
-738.332    657.525    -0.077
-738.342    658.125    -0.077
-738.350    658.625    -0.077
-738.356    659.025    -0.077
-738.366    659.625    -0.077
-738.374    660.125    -0.077
-738.381    660.525    -0.077
-738.391    661.125    -0.077
-738.398    661.624    -0.077
-738.405    662.024    -0.077
-738.415    662.624    -0.077
-738.423    663.124    -0.077
-738.429    663.524    -0.077
-738.439    664.123    -0.077
-738.447    664.623    -0.077
-738.453    665.023    -0.077
-738.463    665.623    -0.078
-738.471    666.123    -0.078
-738.478    666.523    -0.078
-738.488    667.122    -0.078
-738.495    667.622    -0.078
-738.502    668.022    -0.078
-738.512    668.622    -0.078
-738.520    669.122    -0.078
-738.526    669.522    -0.078
-738.536    670.122    -0.078
-738.544    670.622    -0.078
-738.550    671.022    -0.078
-738.560    671.622    -0.078
-738.568    672.121    -0.078
-738.575    672.521    -0.078
-738.585    673.121    -0.078
-738.592    673.621    -0.078
-738.599    674.021    -0.078
-738.609    674.621    -0.079
-738.617    675.121    -0.079
-738.623    675.521    -0.079
-738.633    676.121    -0.079
-738.637    676.621    -0.079
-738.640    677.121    -0.079
-738.641    677.621    -0.079
-738.644    678.121    -0.079
-738.646    678.621    -0.079
-738.649    679.121    -0.079
-738.650    679.621    -0.079
-738.653    680.120    -0.079
-738.655    680.620    -0.079
-738.657    681.120    -0.079
-738.659    681.620    -0.079
-738.662    682.120    -0.079
-738.664    682.620    -0.079
-738.667    683.120    -0.079
-738.668    683.620    -0.079
-738.671    684.120    -0.080
-738.673    684.620    -0.080
-738.676    685.120    -0.080
-738.677    685.620    -0.080
-738.680    686.120    -0.080
-738.682    686.620    -0.080
-738.685    687.120    -0.080
-738.686    687.620    -0.080
-738.689    688.120    -0.080
-738.691    688.620    -0.080
-738.694    689.120    -0.080
-738.695    689.620    -0.080
-738.698    690.120    -0.080
-738.700    690.620    -0.080
-738.703    691.119    -0.080
-738.704    691.619    -0.080
-738.707    692.119    -0.080
-738.709    692.619    -0.080
-738.711    693.119    -0.081
-738.713    693.619    -0.081
-738.716    694.119    -0.081
-738.718    694.619    -0.081
-738.721    695.119    -0.081
-738.722    695.619    -0.081
-738.725    696.119    -0.081
-738.727    696.618    -0.081
-738.730    697.119    -0.081
-738.728    697.719    -0.081
-738.725    698.119    -0.081
-738.722    698.719    -0.081
-738.720    699.219    -0.081
-738.718    699.718    -0.081
-738.715    700.118    -0.081
-738.712    700.719    -0.081
-738.710    701.219    -0.081
-738.708    701.719    -0.081
-738.705    702.218    -0.081
-738.702    702.718    -0.082
-738.700    703.218    -0.082
-738.698    703.719    -0.082
-738.695    704.219    -0.082
-738.693    704.718    -0.082
-738.691    705.218    -0.082
-738.688    705.718    -0.082
-738.685    706.218    -0.082
-738.683    706.718    -0.082
-738.680    707.218    -0.082
-738.678    707.718    -0.082
-738.675    708.218    -0.082
-738.673    708.718    -0.082
-738.671    709.118    -0.082
-738.668    709.717    -0.082
-738.665    710.218    -0.082
-738.663    710.718    -0.082
-738.661    711.218    -0.082
-738.659    711.718    -0.083
-738.656    712.217    -0.083
-738.654    712.717    -0.083
-738.651    713.217    -0.083
-738.649    713.718    -0.083
-738.646    714.218    -0.083
-738.644    714.717    -0.083
-738.642    715.117    -0.083
-738.639    715.717    -0.083
-738.636    716.217    -0.083
-738.634    716.718    -0.083
-738.628    717.217    -0.083
-738.620    717.717    -0.083
-738.611    718.216    -0.083
-738.603    718.717    -0.083
-738.596    719.217    -0.083
-738.589    719.716    -0.083
-738.580    720.216    -0.083
-738.573    720.716    -0.084
-738.565    721.216    -0.084
-738.557    721.716    -0.084
-738.549    722.216    -0.084
-738.541    722.716    -0.084
-738.534    723.216    -0.084
-738.526    723.715    -0.084
-738.518    724.216    -0.084
-738.510    724.715    -0.084
-738.503    725.215    -0.084
-738.495    725.716    -0.084
-738.486    726.215    -0.084
-738.479    726.715    -0.084
-738.471    727.215    -0.084
-738.463    727.715    -0.084
-738.451    728.315    -0.084
-738.439    728.814    -0.084
-738.430    729.215    -0.085
-738.416    729.814    -0.085
-738.404    730.314    -0.085
-738.394    730.714    -0.085
-738.380    731.313    -0.085
-738.368    731.814    -0.085
-738.358    732.213    -0.085
-738.344    732.813    -0.085
-738.333    733.313    -0.085
-738.323    733.713    -0.085
-738.310    734.313    -0.085
-738.297    734.812    -0.085
-738.285    735.312    -0.085
-738.267    735.912    -0.085
-738.255    736.311    -0.085
-738.240    736.812    -0.085
-738.222    737.411    -0.085
-738.211    737.811    -0.085
-738.195    738.310    -0.086
-738.178    738.911    -0.086
-738.166    739.310    -0.086
-738.151    739.809    -0.086
-738.133    740.410    -0.086
-738.121    740.809    -0.086
-738.106    741.309    -0.086
-738.091    741.808    -0.086
-738.075    742.309    -0.086
-738.059    742.808    -0.086
-738.039    743.408    -0.086
-738.022    743.907    -0.086
-738.008    744.308    -0.086
-737.988    744.907    -0.086
-737.972    745.407    -0.086
-737.959    745.806    -0.086
-737.939    746.406    -0.086
-737.925    746.805    -0.086
-737.905    747.406    -0.087
-737.892    747.805    -0.087
-737.872    748.405    -0.087
-737.858    748.804    -0.087
-737.838    749.404    -0.087
-737.821    749.903    -0.087
-737.807    750.303    -0.087
-737.787    750.903    -0.087
-737.771    751.403    -0.087
-737.745    752.002    -0.087
-737.718    752.501    -0.087
-737.691    753.001    -0.087
-737.669    753.399    -0.087
-737.637    753.999    -0.087
-737.610    754.498    -0.087
-737.583    754.998    -0.087
-737.562    755.396    -0.087
-737.530    755.996    -0.088
-737.508    756.395    -0.088
-737.476    756.995    -0.088
-737.449    757.493    -0.088
-737.423    757.993    -0.088
-737.396    758.492    -0.088
-737.369    758.991    -0.088
-737.342    759.490    -0.088
-737.316    759.990    -0.088
-737.287    760.489    -0.088
-737.259    760.988    -0.088
-737.231    761.487    -0.088
-737.203    761.986    -0.088
-737.174    762.486    -0.088
-737.145    762.984    -0.088
-737.117    763.484    -0.088
-737.089    763.983    -0.088
-737.060    764.482    -0.088
-737.032    764.982    -0.089
-737.004    765.480    -0.089
-736.975    765.980    -0.089
-736.947    766.479    -0.089
-736.919    766.978    -0.089
-736.891    767.477    -0.089
-736.862    767.976    -0.089
-736.834    768.475    -0.089
-736.805    768.975    -0.089
-736.774    769.473    -0.089
-736.731    770.072    -0.089
-736.694    770.571    -0.089
-736.666    770.969    -0.089
-736.623    771.567    -0.089
-736.586    772.066    -0.089
-736.558    772.465    -0.089
-736.521    772.964    -0.089
-736.479    773.562    -0.090
-736.450    773.961    -0.090
-736.414    774.460    -0.090
-736.371    775.058    -0.090
-736.342    775.458    -0.090
-736.299    776.056    -0.090
-736.263    776.555    -0.090
-736.234    776.954    -0.090
-736.191    777.552    -0.090
-736.155    778.051    -0.090
-736.126    778.449    -0.090
-736.083    779.048    -0.090
-736.047    779.546    -0.090
-736.018    779.945    -0.090
-735.973    780.543    -0.090
-735.924    781.142    -0.090
-735.890    781.540    -0.090
-735.840    782.138    -0.090
-735.806    782.537    -0.091
-735.756    783.134    -0.091
-735.723    783.533    -0.091
-735.673    784.131    -0.091
-735.631    784.629    -0.091
-735.589    785.127    -0.091
-735.548    785.625    -0.091
-735.506    786.123    -0.091
-735.472    786.522    -0.091
-735.431    787.020    -0.091
-735.381    787.619    -0.091
-735.338    788.117    -0.091
-735.297    788.615    -0.091
-735.254    789.113    -0.091
-735.203    789.610    -0.091
-735.153    790.108    -0.091
-735.103    790.605    -0.091
-735.052    791.102    -0.092
-735.002    791.599    -0.092
-734.952    792.098    -0.092
-734.901    792.595    -0.092
-734.851    793.092    -0.092
-734.801    793.589    -0.092
-734.740    794.186    -0.092
-734.690    794.683    -0.092
-734.649    795.081    -0.092
-734.599    795.579    -0.092
-734.548    796.077    -0.092
-734.498    796.574    -0.092
-734.448    797.071    -0.092
-734.397    797.569    -0.092
-734.336    798.165    -0.092
-734.286    798.663    -0.092
-734.245    799.061    -0.092
-734.164    799.756    -0.092
-734.099    800.252    -0.093
-734.035    800.748    -0.093
-733.958    801.343    -0.093
-733.907    801.739    -0.093
-733.843    802.235    -0.093
-733.778    802.731    -0.093
-733.714    803.227    -0.093
-733.650    803.722    -0.093
-733.585    804.218    -0.093
-733.521    804.714    -0.093
-733.457    805.210    -0.093
-733.392    805.706    -0.093
-733.328    806.202    -0.093
-733.264    806.697    -0.093
-733.187    807.292    -0.093
-733.136    807.689    -0.093
-733.073    808.185    -0.093
-733.010    808.680    -0.093
-732.947    809.177    -0.094
-732.884    809.673    -0.094
-732.821    810.169    -0.094
-732.759    810.665    -0.094
-732.696    811.161    -0.094
-732.634    811.657    -0.094
-732.571    812.153    -0.094
-732.508    812.649    -0.094
-732.446    813.145    -0.094
-732.383    813.641    -0.094
-732.320    814.137    -0.094
-732.257    814.633    -0.094
-732.195    815.129    -0.094
-732.096    815.822    -0.094
-732.022    816.316    -0.094
-731.949    816.811    -0.094
-731.876    817.306    -0.094
-731.802    817.801    -0.095
-731.730    818.294    -0.095
-731.656    818.789    -0.095
-731.583    819.284    -0.095
-731.510    819.779    -0.095
-731.436    820.273    -0.095
-731.363    820.768    -0.095
-731.289    821.262    -0.095
-731.216    821.756    -0.095
-731.143    822.251    -0.095
-731.069    822.746    -0.095
-731.011    823.141    -0.095
-730.924    823.734    -0.095
-730.850    824.229    -0.095
-730.774    824.723    -0.095
-730.696    825.217    -0.095
-730.620    825.712    -0.095
-730.543    826.206    -0.095
-730.466    826.700    -0.096
-730.390    827.194    -0.096
-730.312    827.688    -0.096
-730.236    828.181    -0.096
-730.159    828.675    -0.096
-730.082    829.170    -0.096
-729.963    829.859    -0.096
-729.873    830.351    -0.096
-729.783    830.843    -0.096
-729.693    831.335    -0.096
-729.602    831.827    -0.096
-729.513    832.318    -0.096
-729.423    832.810    -0.096
-729.332    833.302    -0.096
-729.242    833.794    -0.096
-729.151    834.285    -0.096
-729.062    834.777    -0.096
-728.971    835.269    -0.096
-728.881    835.761    -0.097
-728.790    836.252    -0.097
-728.700    836.744    -0.097
-728.609    837.235    -0.097
-728.519    837.728    -0.097
-728.429    838.219    -0.097
-728.339    838.711    -0.097
-728.248    839.202    -0.097
-728.158    839.694    -0.097
-728.068    840.186    -0.097
-727.977    840.678    -0.097
-727.864    841.267    -0.097
-727.765    841.757    -0.097
-727.667    842.248    -0.097
-727.567    842.737    -0.097
-727.469    843.227    -0.097
-727.370    843.718    -0.097
-727.271    844.207    -0.097
-727.172    844.698    -0.098
-727.074    845.188    -0.098
-726.974    845.677    -0.098
-726.876    846.168    -0.098
-726.777    846.658    -0.098
-726.678    847.148    -0.098
-726.579    847.638    -0.098
-726.480    848.129    -0.098
-726.381    848.618    -0.098
-726.282    849.108    -0.098
-726.183    849.598    -0.098
-726.084    850.088    -0.098
-725.985    850.579    -0.098
-725.886    851.068    -0.098
-725.787    851.558    -0.098
-725.689    852.049    -0.098
-725.589    852.538    -0.098
-725.422    853.320    -0.098
-725.303    853.806    -0.099
-725.160    854.389    -0.099
-725.065    854.778    -0.099
-724.946    855.263    -0.099
-724.828    855.749    -0.099
-724.684    856.331    -0.099
-724.589    856.720    -0.099
-724.471    857.206    -0.099
-724.351    857.691    -0.099
-724.233    858.177    -0.099
-724.114    858.662    -0.099
-723.995    859.148    -0.099
-723.877    859.634    -0.099
-723.758    860.120    -0.099
-723.639    860.605    -0.099
-723.520    861.091    -0.099
-723.401    861.576    -0.099
-723.282    862.062    -0.099
-723.163    862.547    -0.099
-723.045    863.033    -0.099
-722.900    863.616    -0.100
-722.771    864.099    -0.100
-722.643    864.582    -0.100
-722.514    865.065    -0.100
-722.385    865.548    -0.100
-722.257    866.031    -0.100
-722.101    866.611    -0.100
-721.998    866.998    -0.100
-721.870    867.481    -0.100
-721.741    867.964    -0.100
-721.612    868.447    -0.100
-721.484    868.929    -0.100
-721.355    869.412    -0.100
-721.226    869.895    -0.100
-721.098    870.378    -0.100
-720.969    870.861    -0.100
-720.840    871.345    -0.100
-720.684    871.924    -0.100
-720.552    872.407    -0.100
-720.447    872.793    -0.101
-720.316    873.275    -0.101
-720.184    873.757    -0.101
-720.027    874.336    -0.101
-719.895    874.818    -0.101
-719.790    875.204    -0.101
-719.658    875.687    -0.101
-719.501    876.266    -0.101
-719.396    876.652    -0.101
-719.264    877.134    -0.101
-719.076    877.808    -0.101
-718.935    878.288    -0.101
-718.795    878.768    -0.101
-718.655    879.247    -0.101
-718.515    879.728    -0.101
-718.375    880.207    -0.101
-718.234    880.688    -0.101
-718.095    881.167    -0.101
-717.955    881.647    -0.101
-717.814    882.127    -0.102
-717.674    882.607    -0.102
-717.534    883.087    -0.102
-717.394    883.567    -0.102
-717.253    884.046    -0.102
-717.113    884.527    -0.102
-716.973    885.006    -0.102
-716.738    885.771    -0.102
-716.578    886.245    -0.102
-716.418    886.718    -0.102
-716.258    887.191    -0.102
-716.098    887.665    -0.102
-715.938    888.139    -0.102
-715.778    888.613    -0.102
-715.618    889.087    -0.102
-715.458    889.561    -0.102
-715.298    890.034    -0.102
-715.138    890.507    -0.102
-714.978    890.981    -0.102
-714.818    891.455    -0.102
-714.658    891.929    -0.103
-714.498    892.403    -0.103
-714.338    892.876    -0.103
-714.178    893.349    -0.103
-714.017    893.823    -0.103
-713.858    894.297    -0.103
-713.699    894.771    -0.103
-713.539    895.245    -0.103
-713.379    895.718    -0.103
-713.218    896.192    -0.103
-713.058    896.665    -0.103
-712.898    897.139    -0.103
-712.739    897.613    -0.103
-712.579    898.087    -0.103
-712.419    898.560    -0.103
-712.259    899.034    -0.103
-712.100    899.507    -0.103
-711.940    899.981    -0.103
-711.780    900.455    -0.103
-711.505    901.207    -0.103
-711.326    901.673    -0.104
-711.147    902.140    -0.104
-711.004    902.514    -0.104
-710.790    903.074    -0.104
-710.611    903.540    -0.104
-710.432    904.007    -0.104
-710.253    904.474    -0.104
-710.074    904.941    -0.104
-709.895    905.408    -0.104
-709.716    905.875    -0.104
-709.537    906.342    -0.104
-709.358    906.808    -0.104
-709.179    907.276    -0.104
-708.999    907.742    -0.104
-708.821    908.209    -0.104
-708.642    908.675    -0.104
-708.462    909.143    -0.104
-708.283    909.609    -0.104
-708.060    910.165    -0.104
-707.870    910.629    -0.104
-707.681    911.092    -0.104
-707.492    911.554    -0.105
-707.303    912.017    -0.105
-707.113    912.479    -0.105
-706.923    912.942    -0.105
-706.734    913.405    -0.105
-706.545    913.868    -0.105
-706.356    914.330    -0.105
-706.167    914.793    -0.105
-705.977    915.255    -0.105
-705.749    915.811    -0.105
-705.598    916.181    -0.105
-705.409    916.644    -0.105
-705.220    917.107    -0.105
-705.031    917.569    -0.105
-704.841    918.032    -0.105
-704.651    918.495    -0.105
-704.462    918.958    -0.105
-704.273    919.420    -0.105
-704.084    919.883    -0.105
-703.894    920.345    -0.105
-703.704    920.808    -0.105
-703.431    921.452    -0.106
-703.231    921.910    -0.106
-703.031    922.369    -0.106
-702.832    922.827    -0.106
-702.632    923.286    -0.106
-702.431    923.743    -0.106
-702.232    924.202    -0.106
-702.032    924.661    -0.106
-701.832    925.119    -0.106
-701.632    925.577    -0.106
-701.433    926.035    -0.106
-701.191    926.584    -0.106
-700.981    927.038    -0.106
-700.772    927.492    -0.106
-700.562    927.946    -0.106
-700.352    928.400    -0.106
-700.143    928.854    -0.106
-699.934    929.308    -0.106
-699.724    929.762    -0.106
-699.514    930.215    -0.106
-699.304    930.669    -0.106
-699.094    931.123    -0.106
-698.885    931.577    -0.106
-698.675    932.031    -0.107
-698.466    932.485    -0.107
-698.257    932.939    -0.107
-698.047    933.393    -0.107
-697.704    934.115    -0.107
-697.476    934.561    -0.107
-697.249    935.006    -0.107
-697.022    935.452    -0.107
-696.796    935.897    -0.107
-696.568    936.343    -0.107
-696.342    936.788    -0.107
-696.114    937.233    -0.107
-695.887    937.679    -0.107
-695.661    938.124    -0.107
-695.433    938.570    -0.107
-695.206    939.015    -0.107
-694.979    939.460    -0.107
-694.752    939.906    -0.107
-694.525    940.351    -0.107
-694.298    940.797    -0.107
-694.071    941.242    -0.107
-693.844    941.688    -0.107
-693.617    942.133    -0.107
-693.390    942.578    -0.108
-693.163    943.024    -0.108
-692.936    943.469    -0.108
-692.708    943.915    -0.108
-692.482    944.360    -0.108
-692.254    944.806    -0.108
-692.028    945.251    -0.108
-691.800    945.696    -0.108
-691.470    946.313    -0.108
-691.230    946.752    -0.108
-690.990    947.191    -0.108
-690.750    947.629    -0.108
-690.511    948.068    -0.108
-690.271    948.507    -0.108
-690.031    948.946    -0.108
-689.792    949.384    -0.108
-689.553    949.823    -0.108
-689.313    950.263    -0.108
-689.073    950.701    -0.108
-688.833    951.140    -0.108
-688.594    951.579    -0.108
-688.354    952.018    -0.108
-688.114    952.456    -0.108
-687.874    952.895    -0.108
-687.635    953.334    -0.108
-687.443    953.684    -0.109
-687.156    954.211    -0.109
-686.917    954.650    -0.109
-686.677    955.089    -0.109
-686.437    955.527    -0.109
-686.145    956.051    -0.109
-685.897    956.486    -0.109
-685.649    956.920    -0.109
-685.351    957.440    -0.109
-685.152    957.788    -0.109
-684.854    958.308    -0.109
-684.656    958.656    -0.109
-684.408    959.090    -0.109
-684.111    959.611    -0.109
-683.913    959.959    -0.109
-683.665    960.392    -0.109
-683.417    960.826    -0.109
-683.168    961.260    -0.109
-682.920    961.695    -0.109
-682.623    962.215    -0.109
-682.425    962.563    -0.109
-682.176    962.997    -0.109
-681.928    963.431    -0.109
-681.680    963.865    -0.109
-681.431    964.299    -0.109
-681.183    964.734    -0.110
-680.766    965.416    -0.110
-680.502    965.840    -0.110
-680.238    966.264    -0.110
-679.973    966.688    -0.110
-679.709    967.113    -0.110
-679.444    967.537    -0.110
-679.180    967.961    -0.110
-678.916    968.386    -0.110
-678.651    968.810    -0.110
-678.387    969.234    -0.110
-678.123    969.658    -0.110
-677.858    970.083    -0.110
-677.593    970.507    -0.110
-677.329    970.932    -0.110
-677.065    971.357    -0.110
-676.853    971.696    -0.110
-676.536    972.205    -0.110
-676.272    972.630    -0.110
-675.896    973.219    -0.110
-675.620    973.636    -0.110
-675.343    974.053    -0.110
-675.067    974.469    -0.110
-674.791    974.887    -0.110
-674.515    975.303    -0.110
-674.239    975.720    -0.110
-673.963    976.137    -0.110
-673.687    976.554    -0.111
-673.411    976.971    -0.111
-673.135    977.388    -0.111
-672.859    977.805    -0.111
-672.583    978.221    -0.111
-672.307    978.638    -0.111
-672.031    979.055    -0.111
-671.755    979.472    -0.111
-671.365    980.053    -0.111
-671.077    980.462    -0.111
-670.790    980.871    -0.111
-670.502    981.280    -0.111
-670.215    981.690    -0.111
-669.927    982.098    -0.111
-669.640    982.507    -0.111
-669.411    982.835    -0.111
-669.065    983.326    -0.111
-668.778    983.735    -0.111
-668.490    984.144    -0.111
-668.203    984.552    -0.111
-667.915    984.962    -0.111
-667.628    985.371    -0.111
-667.279    985.858    -0.111
-667.046    986.184    -0.111
-666.696    986.671    -0.111
-666.464    986.997    -0.111
-666.114    987.484    -0.111
-665.823    987.891    -0.111
-665.532    988.297    -0.111
-665.299    988.623    -0.112
-664.949    989.110    -0.112
-664.717    989.435    -0.112
-664.367    989.923    -0.112
-664.076    990.330    -0.112
-663.785    990.735    -0.112
-663.552    991.061    -0.112
-663.202    991.548    -0.112
-662.970    991.874    -0.112
-662.559    992.441    -0.112
-662.257    992.840    -0.112
-661.956    993.238    -0.112
-661.654    993.637    -0.112
-661.352    994.035    -0.112
-661.050    994.433    -0.112
-660.688    994.912    -0.112
-660.446    995.231    -0.112
-660.144    995.630    -0.112
-659.843    996.028    -0.112
-659.541    996.427    -0.112
-659.239    996.825    -0.112
-658.938    997.225    -0.112
-658.636    997.623    -0.112
-658.334    998.022    -0.112
-658.033    998.420    -0.112
-657.670    998.898    -0.112
-657.428    999.217    -0.112
-657.127    999.616    -0.112
-656.765    1000.094    -0.112
-656.335    1000.646    -0.112
-656.020    1001.034    -0.112
-655.705    1001.422    -0.113
-655.390    1001.811    -0.113
-655.138    1002.122    -0.113
-654.761    1002.588    -0.113
-654.446    1002.976    -0.113
-654.194    1003.287    -0.113
-653.817    1003.753    -0.113
-653.565    1004.064    -0.113
-653.250    1004.453    -0.113
-652.935    1004.841    -0.113
-652.558    1005.308    -0.113
-652.243    1005.697    -0.113
-651.992    1006.007    -0.113
-651.677    1006.395    -0.113
-651.299    1006.861    -0.113
-651.048    1007.172    -0.113
-650.733    1007.560    -0.113
-650.418    1007.949    -0.113
-650.103    1008.337    -0.113
-649.726    1008.804    -0.113
-649.278    1009.341    -0.113
-648.949    1009.719    -0.113
-648.622    1010.097    -0.113
-648.295    1010.474    -0.113
-647.967    1010.852    -0.113
-647.640    1011.230    -0.113
-647.312    1011.608    -0.113
-646.985    1011.986    -0.113
-646.658    1012.364    -0.113
-646.330    1012.742    -0.113
-646.003    1013.120    -0.113
-645.676    1013.497    -0.113
-645.347    1013.875    -0.113
-645.020    1014.252    -0.113
-644.693    1014.630    -0.113
-644.365    1015.008    -0.114
-643.903    1015.534    -0.114
-643.636    1015.831    -0.114
-643.301    1016.203    -0.114
-642.966    1016.574    -0.114
-642.565    1017.019    -0.114
-642.297    1017.317    -0.114
-641.962    1017.688    -0.114
-641.627    1018.060    -0.114
-641.293    1018.430    -0.114
-640.957    1018.802    -0.114
-640.623    1019.173    -0.114
-640.289    1019.544    -0.114
-639.953    1019.916    -0.114
-639.619    1020.287    -0.114
-639.285    1020.659    -0.114
-638.949    1021.031    -0.114
-638.615    1021.402    -0.114
-638.281    1021.773    -0.114
-637.945    1022.145    -0.114
-637.467    1022.655    -0.114
-637.123    1023.017    -0.114
-636.777    1023.380    -0.114
-636.363    1023.813    -0.114
-636.087    1024.103    -0.114
-635.742    1024.465    -0.114
-635.328    1024.899    -0.114
-635.052    1025.188    -0.114
-634.708    1025.551    -0.114
-634.362    1025.913    -0.114
-634.018    1026.274    -0.114
-633.529    1026.776    -0.114
-633.174    1027.128    -0.114
-632.749    1027.551    -0.114
-632.466    1027.834    -0.114
-632.111    1028.186    -0.114
-631.757    1028.538    -0.114
-631.403    1028.891    -0.114
-631.048    1029.244    -0.114
-630.694    1029.597    -0.114
-630.339    1029.949    -0.115
-629.984    1030.302    -0.115
-629.630    1030.654    -0.115
-629.276    1031.006    -0.115
-628.921    1031.360    -0.115
-628.567    1031.712    -0.115
-628.212    1032.064    -0.115
-627.858    1032.417    -0.115
-627.504    1032.770    -0.115
-627.149    1033.123    -0.115
-626.723    1033.545    -0.115
-626.436    1033.824    -0.115
-626.007    1034.243    -0.115
-625.721    1034.522    -0.115
-625.291    1034.941    -0.115
-624.933    1035.290    -0.115
-624.575    1035.639    -0.115
-624.217    1035.987    -0.115
-623.859    1036.337    -0.115
-623.501    1036.685    -0.115
-623.143    1037.035    -0.115
-622.784    1037.383    -0.115
-622.354    1037.801    -0.115
-622.066    1038.078    -0.115
-621.705    1038.424    -0.115
-621.271    1038.839    -0.115
-620.983    1039.116    -0.115
-620.622    1039.461    -0.115
-620.189    1039.877    -0.115
-619.900    1040.153    -0.115
-619.240    1040.766    -0.115
-618.863    1041.094    -0.115
-618.486    1041.422    -0.115
-618.108    1041.750    -0.115
-617.731    1042.078    -0.115
-617.353    1042.406    -0.115
-616.976    1042.734    -0.115
-616.599    1043.062    -0.115
-616.221    1043.389    -0.115
-615.844    1043.717    -0.115
-615.619    1043.916    -0.115
-615.251    1044.254    -0.115
-614.884    1044.593    -0.115
-614.516    1044.933    -0.115
-614.149    1045.272    -0.115
-613.782    1045.610    -0.115
-613.414    1045.950    -0.115
-613.047    1046.289    -0.116
-612.680    1046.627    -0.116
-612.312    1046.967    -0.116
-611.945    1047.306    -0.116
-611.499    1047.708    -0.116
-611.125    1048.039    -0.116
-610.751    1048.371    -0.116
-610.377    1048.703    -0.116
-609.927    1049.101    -0.116
-609.628    1049.366    -0.116
-609.254    1049.697    -0.116
-608.880    1050.029    -0.116
-608.506    1050.361    -0.116
-608.131    1050.692    -0.116
-607.598    1051.145    -0.116
-607.214    1051.466    -0.116
-606.831    1051.787    -0.116
-606.448    1052.108    -0.116
-606.065    1052.429    -0.116
-605.681    1052.750    -0.116
-605.299    1053.072    -0.116
-604.915    1053.393    -0.116
-604.533    1053.714    -0.116
-604.149    1054.035    -0.116
-603.766    1054.356    -0.116
-603.305    1054.739    -0.116
-602.918    1055.056    -0.116
-602.531    1055.374    -0.116
-602.145    1055.691    -0.116
-601.758    1056.008    -0.116
-601.371    1056.324    -0.116
-600.985    1056.641    -0.116
-600.598    1056.958    -0.116
-600.212    1057.275    -0.116
-599.825    1057.593    -0.116
-599.202    1058.093    -0.116
-598.801    1058.393    -0.116
-598.399    1058.691    -0.116
-597.999    1058.990    -0.116
-597.598    1059.289    -0.116
-597.198    1059.589    -0.116
-596.797    1059.887    -0.116
-596.396    1060.187    -0.116
-595.996    1060.485    -0.116
-595.595    1060.785    -0.116
-595.194    1061.083    -0.116
-594.794    1061.383    -0.116
-594.393    1061.681    -0.116
-594.078    1061.926    -0.116
-593.683    1062.234    -0.116
-593.288    1062.541    -0.116
-592.893    1062.848    -0.116
-592.499    1063.155    -0.116
-592.183    1063.400    -0.116
-591.710    1063.769    -0.116
-591.316    1064.076    -0.116
-590.999    1064.321    -0.116
-590.526    1064.689    -0.116
-590.210    1064.935    -0.116
-589.570    1065.415    -0.116
-589.166    1065.709    -0.116
-588.761    1066.002    -0.116
-588.356    1066.296    -0.117
-587.870    1066.648    -0.117
-587.547    1066.884    -0.117
-587.143    1067.177    -0.117
-586.738    1067.471    -0.117
-586.333    1067.765    -0.117
-585.929    1068.058    -0.117
-585.443    1068.411    -0.117
-585.120    1068.646    -0.117
-584.634    1068.998    -0.117
-584.226    1069.286    -0.117
-583.817    1069.575    -0.117
-583.409    1069.864    -0.117
-583.001    1070.152    -0.117
-582.593    1070.441    -0.117
-582.184    1070.730    -0.117
-581.776    1071.018    -0.117
-581.368    1071.307    -0.117
-580.959    1071.596    -0.117
-580.551    1071.884    -0.117
-580.144    1072.173    -0.117
-579.565    1072.567    -0.117
-579.065    1072.898    -0.117
-578.648    1073.174    -0.117
-578.314    1073.395    -0.117
-577.898    1073.672    -0.117
-577.397    1074.003    -0.117
-576.981    1074.279    -0.117
-576.647    1074.500    -0.117
-576.230    1074.775    -0.117
-575.730    1075.107    -0.117
-575.397    1075.329    -0.117
-574.984    1075.610    -0.117
-574.570    1075.891    -0.117
-574.157    1076.171    -0.117
-573.743    1076.452    -0.117
-573.330    1076.733    -0.117
-572.916    1077.014    -0.117
-572.502    1077.295    -0.117
-572.088    1077.575    -0.117
-571.675    1077.856    -0.117
-571.261    1078.137    -0.117
-570.678    1078.525    -0.117
-570.169    1078.841    -0.117
-569.828    1079.052    -0.117
-569.405    1079.316    -0.117
-568.980    1079.580    -0.117
-568.555    1079.843    -0.117
-568.130    1080.107    -0.117
-567.705    1080.371    -0.117
-567.195    1080.687    -0.117
-566.855    1080.898    -0.117
-566.430    1081.162    -0.117
-565.921    1081.478    -0.117
-565.582    1081.689    -0.117
-565.157    1081.953    -0.117
-564.733    1082.218    -0.117
-564.309    1082.483    -0.117
-563.884    1082.747    -0.117
-563.460    1083.012    -0.117
-563.036    1083.277    -0.117
-562.612    1083.541    -0.117
-562.188    1083.806    -0.117
-561.764    1084.071    -0.117
-561.339    1084.335    -0.117
-560.915    1084.600    -0.117
-560.406    1084.917    -0.117
-559.802    1085.271    -0.117
-559.369    1085.522    -0.117
-558.937    1085.773    -0.117
-558.505    1086.024    -0.117
-558.073    1086.275    -0.117
-557.727    1086.477    -0.117
-557.294    1086.728    -0.117
-556.862    1086.979    -0.117
-556.430    1087.230    -0.117
-555.911    1087.531    -0.117
-555.566    1087.733    -0.117
-555.134    1087.985    -0.117
-554.702    1088.238    -0.117
-554.271    1088.490    -0.117
-553.840    1088.742    -0.117
-553.408    1088.996    -0.117
-552.890    1089.298    -0.117
-552.545    1089.500    -0.117
-552.113    1089.752    -0.117
-551.595    1090.055    -0.117
-551.250    1090.257    -0.117
-550.732    1090.560    -0.117
-550.387    1090.762    -0.117
-549.691    1091.155    -0.117
-549.249    1091.391    -0.117
-548.809    1091.626    -0.117
-548.367    1091.862    -0.117
-547.927    1092.097    -0.117
-547.485    1092.332    -0.117
-547.045    1092.568    -0.117
-546.603    1092.803    -0.117
-546.163    1093.039    -0.117
-545.721    1093.274    -0.117
-545.280    1093.509    -0.117
-544.658    1093.830    -0.117
-544.300    1094.009    -0.117
-543.763    1094.276    -0.117
-543.315    1094.500    -0.117
-542.868    1094.722    -0.117
-542.421    1094.946    -0.117
-541.974    1095.168    -0.117
-541.526    1095.392    -0.117
-541.078    1095.615    -0.117
-540.720    1095.793    -0.117
-540.183    1096.061    -0.117
-539.826    1096.239    -0.117
-539.289    1096.507    -0.117
-538.931    1096.685    -0.117
-538.486    1096.913    -0.117
-538.041    1097.142    -0.117
-537.597    1097.372    -0.117
-537.153    1097.600    -0.117
-536.708    1097.829    -0.117
-536.264    1098.058    -0.117
-535.819    1098.287    -0.117
-535.374    1098.515    -0.117
-534.930    1098.745    -0.117
-534.486    1098.974    -0.117
-534.041    1099.203    -0.117
-533.685    1099.386    -0.117
-533.153    1099.661    -0.117
-532.431    1100.005    -0.117
-531.977    1100.216    -0.117
-531.615    1100.386    -0.117
-531.072    1100.641    -0.117
-530.619    1100.852    -0.117
-530.166    1101.064    -0.117
-529.714    1101.277    -0.117
-529.261    1101.488    -0.117
-528.808    1101.700    -0.117
-528.356    1101.913    -0.117
-527.903    1102.124    -0.117
-527.356    1102.373    -0.117
-526.900    1102.577    -0.117
-526.443    1102.780    -0.117
-525.986    1102.983    -0.117
-525.529    1103.186    -0.117
-525.073    1103.389    -0.117
-524.615    1103.592    -0.117
-524.159    1103.796    -0.117
-523.702    1103.999    -0.117
-523.245    1104.201    -0.117
-522.788    1104.405    -0.117
-522.332    1104.609    -0.117
-521.876    1104.814    -0.117
-521.419    1105.018    -0.117
-520.963    1105.223    -0.117
-520.507    1105.427    -0.117
-520.051    1105.632    -0.117
-519.595    1105.836    -0.117
-519.139    1106.041    -0.117
-518.683    1106.246    -0.117
-518.226    1106.451    -0.117
-517.586    1106.733    -0.117
-517.123    1106.923    -0.117
-516.662    1107.114    -0.117
-516.199    1107.304    -0.117
-515.736    1107.494    -0.117
-515.275    1107.684    -0.117
-514.812    1107.875    -0.117
-514.349    1108.065    -0.117
-513.888    1108.256    -0.117
-513.425    1108.446    -0.117
-512.963    1108.637    -0.117
-512.501    1108.827    -0.117
-512.038    1109.018    -0.117
-511.576    1109.208    -0.117
-511.113    1109.397    -0.117
-510.651    1109.587    -0.117
-510.188    1109.776    -0.117
-509.725    1109.966    -0.117
-509.263    1110.156    -0.117
-508.800    1110.345    -0.117
-508.337    1110.535    -0.117
-507.875    1110.724    -0.117
-507.412    1110.914    -0.117
-506.949    1111.104    -0.117
-506.487    1111.293    -0.117
-505.739    1111.577    -0.117
-505.270    1111.749    -0.117
-504.894    1111.886    -0.117
-504.331    1112.092    -0.117
-503.861    1112.264    -0.117
-503.392    1112.437    -0.117
-502.923    1112.609    -0.117
-502.453    1112.781    -0.117
-501.984    1112.953    -0.117
-501.515    1113.125    -0.117
-501.045    1113.296    -0.117
-500.575    1113.467    -0.117
-500.105    1113.637    -0.117
-499.635    1113.807    -0.117
-499.164    1113.978    -0.117
-498.694    1114.148    -0.117
-498.224    1114.319    -0.117
-497.754    1114.489    -0.117
-497.285    1114.659    -0.117
-496.721    1114.864    -0.117
-496.345    1115.001    -0.117
-495.875    1115.171    -0.117
-495.405    1115.341    -0.117
-494.745    1115.576    -0.117
-494.271    1115.733    -0.117
-493.795    1115.889    -0.117
-493.321    1116.045    -0.117
-492.846    1116.201    -0.117
-492.370    1116.356    -0.117
-491.896    1116.512    -0.117
-491.420    1116.669    -0.117
-490.946    1116.824    -0.117
-490.470    1116.980    -0.117
-489.995    1117.136    -0.117
-489.520    1117.291    -0.117
-489.045    1117.448    -0.117
-488.570    1117.604    -0.117
-488.095    1117.759    -0.117
-487.523    1117.943    -0.117
-486.952    1118.122    -0.117
-486.569    1118.242    -0.117
-486.093    1118.391    -0.117
-485.616    1118.541    -0.117
-485.139    1118.692    -0.117
-484.662    1118.841    -0.117
-484.184    1118.990    -0.117
-483.612    1119.170    -0.117
-483.230    1119.290    -0.117
-482.658    1119.469    -0.117
-482.276    1119.589    -0.117
-481.800    1119.739    -0.117
-481.323    1119.889    -0.117
-480.653    1120.091    -0.117
-480.172    1120.227    -0.117
-479.593    1120.388    -0.117
-479.112    1120.524    -0.117
-478.727    1120.632    -0.117
-478.246    1120.767    -0.117
-477.765    1120.902    -0.117
-477.283    1121.038    -0.117
-476.802    1121.173    -0.117
-476.320    1121.308    -0.117
-475.839    1121.444    -0.117
-475.359    1121.580    -0.117
-474.878    1121.716    -0.117
-474.397    1121.853    -0.117
-473.916    1121.989    -0.117
-473.434    1122.125    -0.117
-472.953    1122.262    -0.117
-472.472    1122.399    -0.117
-471.991    1122.535    -0.117
-471.510    1122.672    -0.117
-471.030    1122.808    -0.117
-470.549    1122.944    -0.116
-470.068    1123.081    -0.116
-469.488    1123.238    -0.116
-469.005    1123.366    -0.116
-468.521    1123.492    -0.116
-468.038    1123.619    -0.116
-467.554    1123.745    -0.116
-466.973    1123.898    -0.116
-466.587    1123.999    -0.116
-466.104    1124.125    -0.116
-465.619    1124.253    -0.116
-465.039    1124.404    -0.116
-464.652    1124.505    -0.116
-463.877    1124.700    -0.116
-463.388    1124.809    -0.116
-462.901    1124.919    -0.116
-462.413    1125.028    -0.116
-461.926    1125.137    -0.116
-461.437    1125.247    -0.116
-460.949    1125.356    -0.116
-460.462    1125.467    -0.116
-459.974    1125.576    -0.116
-459.486    1125.686    -0.116
-458.998    1125.795    -0.116
-458.511    1125.905    -0.116
-458.022    1126.012    -0.116
-457.534    1126.120    -0.116
-457.046    1126.227    -0.116
-456.558    1126.334    -0.116
-456.069    1126.441    -0.116
-455.580    1126.549    -0.116
-455.093    1126.656    -0.116
-454.604    1126.763    -0.116
-454.116    1126.870    -0.116
-453.627    1126.978    -0.116
-453.140    1127.085    -0.116
-452.552    1127.210    -0.116
-452.063    1127.311    -0.116
-451.573    1127.411    -0.116
-450.986    1127.532    -0.116
-450.593    1127.613    -0.116
-450.104    1127.714    -0.116
-449.614    1127.814    -0.116
-449.124    1127.916    -0.116
-448.635    1128.016    -0.116
-448.145    1128.117    -0.116
-447.655    1128.218    -0.116
-447.067    1128.336    -0.116
-446.577    1128.434    -0.116
-446.086    1128.531    -0.116
-445.694    1128.609    -0.116
-445.106    1128.726    -0.116
-444.616    1128.824    -0.116
-444.224    1128.902    -0.116
-443.733    1129.000    -0.116
-443.243    1129.097    -0.116
-442.752    1129.195    -0.116
-442.164    1129.310    -0.116
-441.574    1129.423    -0.116
-441.181    1129.498    -0.116
-440.690    1129.592    -0.116
-440.199    1129.687    -0.116
-439.708    1129.782    -0.116
-439.119    1129.894    -0.115
-438.727    1129.970    -0.115
-438.137    1130.082    -0.115
-437.645    1130.170    -0.115
-437.153    1130.260    -0.115
-436.661    1130.348    -0.115
-436.169    1130.437    -0.115
-435.677    1130.526    -0.115
-435.185    1130.615    -0.115
-434.693    1130.704    -0.115
-434.201    1130.793    -0.115
-433.709    1130.882    -0.115
-433.217    1130.970    -0.115
-432.725    1131.060    -0.115
-432.233    1131.148    -0.115
-431.741    1131.237    -0.115
-431.348    1131.308    -0.115
-430.757    1131.415    -0.115
-430.265    1131.504    -0.115
-429.872    1131.575    -0.115
-429.281    1131.682    -0.115
-428.888    1131.753    -0.115
-428.297    1131.860    -0.115
-427.904    1131.931    -0.115
-427.313    1132.038    -0.115
-426.920    1132.110    -0.115
-426.330    1132.216    -0.115
-425.838    1132.305    -0.115
-425.444    1132.376    -0.115
-424.854    1132.483    -0.115
-424.362    1132.572    -0.115
-423.968    1132.643    -0.115
-423.378    1132.750    -0.115
-422.886    1132.838    -0.115
-422.491    1132.910    -0.115
-421.902    1133.017    -0.115
-420.715    1133.184    -0.115
-420.216    1133.224    -0.115
-419.718    1133.265    -0.115
-419.220    1133.306    -0.115
-418.721    1133.346    -0.115
-418.123    1133.395    -0.115
-417.725    1133.427    -0.115
-417.227    1133.468    -0.115
-416.728    1133.508    -0.115
-416.130    1133.556    -0.115
-415.731    1133.589    -0.115
-415.233    1133.629    -0.115
-414.635    1133.678    -0.115
-414.237    1133.710    -0.114
-413.739    1133.751    -0.114
-413.240    1133.791    -0.114
-412.741    1133.832    -0.114
-412.243    1133.873    -0.114
-411.645    1133.921    -0.114
-411.247    1133.953    -0.114
-410.749    1133.994    -0.114
-410.251    1134.035    -0.114
-409.751    1134.075    -0.114
-409.153    1134.123    -0.114
-408.755    1134.156    -0.114
-408.257    1134.197    -0.114
-407.759    1134.237    -0.114
-407.261    1134.278    -0.114
-406.762    1134.319    -0.114
-406.164    1134.367    -0.114
-405.765    1134.399    -0.114
-405.267    1134.440    -0.114
-404.369    1134.494    -0.114
-403.969    1134.509    -0.114
-403.370    1134.532    -0.114
-402.870    1134.551    -0.114
-402.471    1134.567    -0.114
-401.871    1134.590    -0.114
-401.371    1134.608    -0.114
-400.972    1134.624    -0.114
-400.372    1134.647    -0.114
-399.872    1134.666    -0.114
-399.473    1134.681    -0.114
-398.873    1134.704    -0.114
-398.373    1134.723    -0.114
-397.974    1134.738    -0.114
-397.374    1134.761    -0.114
-396.875    1134.780    -0.114
-396.476    1134.796    -0.114
-395.876    1134.819    -0.114
-395.377    1134.837    -0.114
-394.977    1134.853    -0.113
-394.377    1134.876    -0.113
-393.677    1134.883    -0.113
-393.177    1134.885    -0.113
-392.677    1134.887    -0.113
-392.177    1134.889    -0.113
-391.677    1134.890    -0.113
-391.177    1134.892    -0.113
-390.678    1134.894    -0.113
-390.178    1134.896    -0.113
-389.678    1134.897    -0.113
-389.178    1134.898    -0.113
-388.678    1134.900    -0.113
-388.178    1134.902    -0.113
-387.678    1134.903    -0.113
-387.178    1134.905    -0.113
-386.677    1134.907    -0.113
-386.177    1134.909    -0.113
-385.678    1134.910    -0.113
-385.178    1134.912    -0.113
-384.678    1134.914    -0.113
-384.178    1134.916    -0.113
-383.678    1134.917    -0.113
-383.178    1134.919    -0.113
-382.678    1134.921    -0.113
-382.178    1134.923    -0.113
-381.678    1134.924    -0.113
-381.178    1134.926    -0.113
-380.679    1134.928    -0.113
-380.179    1134.929    -0.113
-379.679    1134.930    -0.113
-379.179    1134.932    -0.113
-378.679    1134.934    -0.113
-378.178    1134.936    -0.112
-377.678    1134.937    -0.112
-377.178    1134.939    -0.112
-376.578    1134.940    -0.112
-376.079    1134.933    -0.112
-375.579    1134.925    -0.112
-375.079    1134.917    -0.112
-374.579    1134.910    -0.112
-374.079    1134.902    -0.112
-373.580    1134.895    -0.112
-373.079    1134.887    -0.112
-372.579    1134.880    -0.112
-372.080    1134.873    -0.112
-371.580    1134.866    -0.112
-371.079    1134.857    -0.112
-370.580    1134.850    -0.112
-370.080    1134.843    -0.112
-369.580    1134.835    -0.112
-369.080    1134.827    -0.112
-368.580    1134.820    -0.112
-368.081    1134.813    -0.112
-367.580    1134.806    -0.112
-367.080    1134.798    -0.112
-366.581    1134.790    -0.112
-366.081    1134.783    -0.112
-365.581    1134.776    -0.112
-365.081    1134.767    -0.112
-364.581    1134.760    -0.112
-363.782    1134.727    -0.112
-363.283    1134.696    -0.112
-362.784    1134.664    -0.112
-362.285    1134.633    -0.112
-361.686    1134.595    -0.111
-361.187    1134.564    -0.111
-360.689    1134.533    -0.111
-360.289    1134.507    -0.111
-359.690    1134.469    -0.111
-359.191    1134.438    -0.111
-358.692    1134.406    -0.111
-358.193    1134.375    -0.111
-357.795    1134.350    -0.111
-357.295    1134.318    -0.111
-356.697    1134.280    -0.111
-356.198    1134.249    -0.111
-355.798    1134.223    -0.111
-355.300    1134.192    -0.111
-354.801    1134.161    -0.111
-354.302    1134.130    -0.111
-353.703    1134.092    -0.111
-353.204    1134.060    -0.111
-352.705    1134.029    -0.111
-352.205    1133.998    -0.111
-351.807    1133.972    -0.111
-351.109    1133.916    -0.111
-350.611    1133.870    -0.111
-350.113    1133.825    -0.111
-349.516    1133.771    -0.111
-349.018    1133.726    -0.111
-348.619    1133.690    -0.111
-348.121    1133.645    -0.111
-347.624    1133.599    -0.111
-347.126    1133.554    -0.110
-346.628    1133.509    -0.110
-346.130    1133.463    -0.110
-345.532    1133.410    -0.110
-345.134    1133.374    -0.110
-344.636    1133.329    -0.110
-344.138    1133.283    -0.110
-343.641    1133.238    -0.110
-343.143    1133.193    -0.110
-342.545    1133.139    -0.110
-342.146    1133.103    -0.110
-341.648    1133.058    -0.110
-341.151    1133.012    -0.110
-340.554    1132.958    -0.110
-340.055    1132.913    -0.110
-339.657    1132.877    -0.110
-339.159    1132.832    -0.110
-338.168    1132.705    -0.110
-337.674    1132.627    -0.110
-337.082    1132.532    -0.110
-336.588    1132.454    -0.110
-336.193    1132.390    -0.110
-335.700    1132.311    -0.110
-335.107    1132.217    -0.110
-334.613    1132.138    -0.110
-334.119    1132.059    -0.110
-333.725    1131.997    -0.109
-333.132    1131.902    -0.109
-332.638    1131.823    -0.109
-332.144    1131.745    -0.109
-331.750    1131.681    -0.109
-331.256    1131.603    -0.109
-330.664    1131.509    -0.109
-330.170    1131.429    -0.109
-329.676    1131.350    -0.109
-329.183    1131.271    -0.109
-328.689    1131.192    -0.109
-328.195    1131.114    -0.109
-327.800    1131.051    -0.109
-327.306    1130.971    -0.109
-326.714    1130.877    -0.109
-326.220    1130.799    -0.109
-325.826    1130.735    -0.109
-325.332    1130.657    -0.109
-324.739    1130.563    -0.109
-324.245    1130.483    -0.109
-323.751    1130.404    -0.109
-323.357    1130.341    -0.109
-322.764    1130.246    -0.109
-322.270    1130.168    -0.109
-321.876    1130.105    -0.109
-321.382    1130.025    -0.108
-320.790    1129.931    -0.108
-320.296    1129.853    -0.108
-319.802    1129.774    -0.108
-319.407    1129.711    -0.108
-318.815    1129.617    -0.108
-318.321    1129.537    -0.108
-317.827    1129.459    -0.108
-317.432    1129.395    -0.108
-316.840    1129.301    -0.108
-316.346    1129.222    -0.108
-315.852    1129.143    -0.108
-315.458    1129.079    -0.108
-314.865    1128.985    -0.108
-314.371    1128.907    -0.108
-313.877    1128.828    -0.108
-313.483    1128.765    -0.108
-312.402    1128.565    -0.108
-311.915    1128.450    -0.108
-311.428    1128.335    -0.108
-310.942    1128.220    -0.108
-310.455    1128.106    -0.108
-309.968    1127.991    -0.108
-309.482    1127.877    -0.108
-308.995    1127.762    -0.107
-308.509    1127.646    -0.107
-308.022    1127.532    -0.107
-307.535    1127.417    -0.107
-307.049    1127.303    -0.107
-306.562    1127.188    -0.107
-306.076    1127.074    -0.107
-305.589    1126.958    -0.107
-305.102    1126.843    -0.107
-304.615    1126.729    -0.107
-304.129    1126.614    -0.107
-303.643    1126.500    -0.107
-303.156    1126.385    -0.107
-302.669    1126.270    -0.107
-302.182    1126.156    -0.107
-301.696    1126.041    -0.107
-301.210    1125.927    -0.107
-300.723    1125.812    -0.107
-300.236    1125.697    -0.107
-299.749    1125.582    -0.107
-299.263    1125.467    -0.107
-298.776    1125.353    -0.107
-298.290    1125.238    -0.107
-297.803    1125.123    -0.106
-297.316    1125.008    -0.106
-296.830    1124.893    -0.106
-296.343    1124.779    -0.106
-295.857    1124.664    -0.106
-295.370    1124.550    -0.106
-294.883    1124.435    -0.106
-294.397    1124.320    -0.106
-293.910    1124.206    -0.106
-293.423    1124.091    -0.106
-292.840    1123.953    -0.106
-292.450    1123.861    -0.106
-291.964    1123.747    -0.106
-291.477    1123.632    -0.106
-290.990    1123.517    -0.106
-290.503    1123.403    -0.106
-289.920    1123.264    -0.106
-289.531    1123.173    -0.106
-289.044    1123.058    -0.106
-288.557    1122.943    -0.106
-288.070    1122.829    -0.106
-287.584    1122.714    -0.106
-286.623    1122.441    -0.105
-286.145    1122.291    -0.105
-285.669    1122.141    -0.105
-285.192    1121.991    -0.105
-284.714    1121.842    -0.105
-284.238    1121.692    -0.105
-283.761    1121.542    -0.105
-283.189    1121.361    -0.105
-282.807    1121.241    -0.105
-282.330    1121.091    -0.105
-281.758    1120.911    -0.105
-281.281    1120.761    -0.105
-280.900    1120.641    -0.105
-280.423    1120.491    -0.105
-279.945    1120.341    -0.105
-279.469    1120.192    -0.105
-278.992    1120.042    -0.105
-278.514    1119.892    -0.105
-278.038    1119.742    -0.105
-277.465    1119.561    -0.105
-277.084    1119.441    -0.105
-276.607    1119.292    -0.105
-276.130    1119.142    -0.104
-275.653    1118.992    -0.104
-275.176    1118.842    -0.104
-274.700    1118.692    -0.104
-274.222    1118.543    -0.104
-273.745    1118.393    -0.104
-273.173    1118.212    -0.104
-272.791    1118.092    -0.104
-272.314    1117.942    -0.104
-271.838    1117.792    -0.104
-271.360    1117.643    -0.104
-270.884    1117.493    -0.104
-270.407    1117.343    -0.104
-269.835    1117.162    -0.104
-269.453    1117.042    -0.104
-268.976    1116.892    -0.104
-268.498    1116.743    -0.104
-268.022    1116.593    -0.104
-267.450    1116.412    -0.104
-267.069    1116.292    -0.104
-266.591    1116.142    -0.104
-266.114    1115.993    -0.103
-265.638    1115.843    -0.103
-265.160    1115.693    -0.103
-264.684    1115.543    -0.103
-264.111    1115.362    -0.103
-263.635    1115.213    -0.103
-263.253    1115.093    -0.103
-262.776    1114.943    -0.103
-261.830    1114.618    -0.103
-261.366    1114.434    -0.103
-260.901    1114.249    -0.103
-260.437    1114.065    -0.103
-259.972    1113.880    -0.103
-259.507    1113.695    -0.103
-259.043    1113.511    -0.103
-258.577    1113.327    -0.103
-258.113    1113.143    -0.103
-257.648    1112.959    -0.103
-257.090    1112.737    -0.103
-256.719    1112.590    -0.102
-256.254    1112.406    -0.102
-255.790    1112.220    -0.102
-255.324    1112.036    -0.102
-254.860    1111.852    -0.102
-254.395    1111.667    -0.102
-253.931    1111.483    -0.102
-253.466    1111.299    -0.102
-253.001    1111.114    -0.102
-252.537    1110.930    -0.102
-252.072    1110.746    -0.102
-251.607    1110.560    -0.102
-251.142    1110.376    -0.102
-250.678    1110.192    -0.102
-250.120    1109.970    -0.102
-249.748    1109.823    -0.102
-249.284    1109.639    -0.102
-248.819    1109.454    -0.102
-248.354    1109.270    -0.102
-247.889    1109.085    -0.102
-247.425    1108.900    -0.101
-246.961    1108.716    -0.101
-246.495    1108.532    -0.101
-246.031    1108.347    -0.101
-245.566    1108.163    -0.101
-245.102    1107.979    -0.101
-244.637    1107.794    -0.101
-244.172    1107.610    -0.101
-243.708    1107.425    -0.101
-243.149    1107.204    -0.101
-242.778    1107.056    -0.101
-242.313    1106.872    -0.101
-241.849    1106.688    -0.101
-241.384    1106.503    -0.101
-240.919    1106.319    -0.101
-240.455    1106.134    -0.101
-239.990    1105.950    -0.101
-239.525    1105.765    -0.101
-239.060    1105.580    -0.101
-238.596    1105.396    -0.101
-238.132    1105.212    -0.100
-237.130    1104.760    -0.100
-236.680    1104.541    -0.100
-236.229    1104.324    -0.100
-235.779    1104.105    -0.100
-235.420    1103.931    -0.100
-234.880    1103.669    -0.100
-234.519    1103.495    -0.100
-234.069    1103.277    -0.100
-233.530    1103.016    -0.100
-233.170    1102.841    -0.100
-232.630    1102.580    -0.100
-232.269    1102.405    -0.100
-231.730    1102.144    -0.100
-231.370    1101.969    -0.100
-230.830    1101.708    -0.100
-230.470    1101.533    -0.100
-229.930    1101.272    -0.100
-229.480    1101.055    -0.099
-229.120    1100.880    -0.099
-228.580    1100.619    -0.099
-228.130    1100.401    -0.099
-227.770    1100.227    -0.099
-227.230    1099.965    -0.099
-226.780    1099.747    -0.099
-226.330    1099.529    -0.099
-225.880    1099.311    -0.099
-225.430    1099.093    -0.099
-225.070    1098.919    -0.099
-224.620    1098.701    -0.099
-224.080    1098.440    -0.099
-223.630    1098.221    -0.099
-223.270    1098.047    -0.099
-222.730    1097.786    -0.099
-222.371    1097.611    -0.099
-221.831    1097.350    -0.099
-221.380    1097.132    -0.098
-221.020    1096.958    -0.098
-220.481    1096.696    -0.098
-220.121    1096.522    -0.098
-219.581    1096.260    -0.098
-219.220    1096.086    -0.098
-218.681    1095.824    -0.098
-218.231    1095.607    -0.098
-217.781    1095.388    -0.098
-217.331    1095.171    -0.098
-216.881    1094.952    -0.098
-216.431    1094.735    -0.098
-216.071    1094.560    -0.098
-215.531    1094.299    -0.098
-215.170    1094.125    -0.098
-214.631    1093.863    -0.098
-213.746    1093.399    -0.098
-213.313    1093.149    -0.098
-212.880    1092.898    -0.097
-212.447    1092.648    -0.097
-212.015    1092.398    -0.097
-211.582    1092.147    -0.097
-211.149    1091.898    -0.097
-210.716    1091.648    -0.097
-210.283    1091.397    -0.097
-209.850    1091.147    -0.097
-209.418    1090.897    -0.097
-208.985    1090.646    -0.097
-208.552    1090.396    -0.097
-208.120    1090.146    -0.097
-207.687    1089.896    -0.097
-207.254    1089.646    -0.097
-206.821    1089.396    -0.097
-206.388    1089.145    -0.097
-205.955    1088.895    -0.097
-205.522    1088.645    -0.096
-205.089    1088.394    -0.096
-204.657    1088.144    -0.096
-204.224    1087.895    -0.096
-203.791    1087.644    -0.096
-203.358    1087.394    -0.096
-202.925    1087.144    -0.096
-202.579    1086.943    -0.096
-202.146    1086.693    -0.096
-201.713    1086.443    -0.096
-201.194    1086.142    -0.096
-200.761    1085.893    -0.096
-200.328    1085.643    -0.096
-199.895    1085.392    -0.096
-199.462    1085.142    -0.096
-199.117    1084.942    -0.096
-198.597    1084.641    -0.096
-198.164    1084.390    -0.096
-197.731    1084.140    -0.095
-197.386    1083.940    -0.095
-196.953    1083.690    -0.095
-196.520    1083.440    -0.095
-196.001    1083.139    -0.095
-195.568    1082.889    -0.095
-195.135    1082.639    -0.095
-194.702    1082.388    -0.095
-194.269    1082.138    -0.095
-193.923    1081.938    -0.095
-193.490    1081.688    -0.095
-193.057    1081.438    -0.095
-192.538    1081.138    -0.095
-192.105    1080.888    -0.095
-191.672    1080.637    -0.095
-191.155    1080.333    -0.095
-190.726    1080.075    -0.095
-190.297    1079.818    -0.095
-189.954    1079.612    -0.094
-189.198    1079.126    -0.094
-188.780    1078.851    -0.094
-188.363    1078.575    -0.094
-187.946    1078.299    -0.094
-187.529    1078.024    -0.094
-187.111    1077.749    -0.094
-186.694    1077.473    -0.094
-186.277    1077.198    -0.094
-185.859    1076.923    -0.094
-185.442    1076.647    -0.094
-185.025    1076.371    -0.094
-184.608    1076.096    -0.094
-184.190    1075.821    -0.094
-183.774    1075.546    -0.094
-183.356    1075.269    -0.094
-182.939    1074.994    -0.093
-182.522    1074.719    -0.093
-182.024    1074.385    -0.093
-181.609    1074.104    -0.093
-181.196    1073.824    -0.093
-180.782    1073.543    -0.093
-180.368    1073.262    -0.093
-179.955    1072.982    -0.093
-179.541    1072.701    -0.093
-179.127    1072.420    -0.093
-178.713    1072.140    -0.093
-178.299    1071.860    -0.093
-177.885    1071.579    -0.093
-177.472    1071.298    -0.093
-177.058    1071.018    -0.093
-176.643    1070.737    -0.093
-176.230    1070.457    -0.093
-175.577    1069.995    -0.092
-175.177    1069.696    -0.092
-174.776    1069.396    -0.092
-174.376    1069.096    -0.092
-173.976    1068.797    -0.092
-173.576    1068.497    -0.092
-173.176    1068.196    -0.092
-172.696    1067.837    -0.092
-172.296    1067.537    -0.092
-171.896    1067.237    -0.092
-171.496    1066.938    -0.092
-171.176    1066.697    -0.092
-170.776    1066.397    -0.092
-170.376    1066.098    -0.092
-169.976    1065.798    -0.092
-169.576    1065.498    -0.092
-169.096    1065.138    -0.091
-168.697    1064.836    -0.091
-168.298    1064.535    -0.091
-167.979    1064.294    -0.091
-167.501    1063.932    -0.091
-167.101    1063.631    -0.091
-166.702    1063.330    -0.091
-166.303    1063.028    -0.091
-165.984    1062.787    -0.091
-165.585    1062.486    -0.091
-165.107    1062.125    -0.091
-164.707    1061.823    -0.091
-164.389    1061.582    -0.091
-163.910    1061.220    -0.091
-163.511    1060.919    -0.091
-162.955    1060.493    -0.091
-162.567    1060.178    -0.090
-162.179    1059.862    -0.090
-161.791    1059.547    -0.090
-161.404    1059.231    -0.090
-161.015    1058.916    -0.090
-160.628    1058.600    -0.090
-160.239    1058.285    -0.090
-159.852    1057.969    -0.090
-159.464    1057.655    -0.090
-159.076    1057.340    -0.090
-158.688    1057.024    -0.090
-158.300    1056.709    -0.090
-157.913    1056.393    -0.090
-157.524    1056.078    -0.090
-157.136    1055.764    -0.090
-156.824    1055.513    -0.090
-156.356    1055.137    -0.089
-155.966    1054.824    -0.089
-155.654    1054.573    -0.089
-155.186    1054.198    -0.089
-154.797    1053.884    -0.089
-154.485    1053.634    -0.089
-154.096    1053.321    -0.089
-153.628    1052.946    -0.089
-153.237    1052.632    -0.089
-152.848    1052.319    -0.089
-152.458    1052.006    -0.089
-152.146    1051.755    -0.089
-151.528    1051.248    -0.089
-151.149    1050.923    -0.089
-150.769    1050.597    -0.089
-150.388    1050.272    -0.089
-150.085    1050.012    -0.088
-149.629    1049.623    -0.088
-149.249    1049.298    -0.088
-148.869    1048.973    -0.088
-148.490    1048.648    -0.088
-148.110    1048.323    -0.088
-147.729    1047.997    -0.088
-147.350    1047.672    -0.088
-146.970    1047.348    -0.088
-146.666    1047.087    -0.088
-146.209    1046.698    -0.088
-145.830    1046.373    -0.088
-145.450    1046.048    -0.088
-145.070    1045.722    -0.088
-144.546    1045.259    -0.088
-144.102    1044.856    -0.087
-143.804    1044.587    -0.087
-143.434    1044.252    -0.087
-142.990    1043.849    -0.087
-142.693    1043.581    -0.087
-142.249    1043.177    -0.087
-141.953    1042.909    -0.087
-141.582    1042.573    -0.087
-141.212    1042.237    -0.087
-140.767    1041.835    -0.087
-140.471    1041.566    -0.087
-140.026    1041.163    -0.087
-139.730    1040.895    -0.087
-139.285    1040.491    -0.087
-138.989    1040.223    -0.087
-138.343    1039.596    -0.086
-137.989    1039.245    -0.086
-137.633    1038.892    -0.086
-137.350    1038.610    -0.086
-136.924    1038.188    -0.086
-136.568    1037.836    -0.086
-136.285    1037.554    -0.086
-135.859    1037.132    -0.086
-135.503    1036.780    -0.086
-135.220    1036.498    -0.086
-134.794    1036.076    -0.086
-134.438    1035.723    -0.086
-134.155    1035.442    -0.086
-133.729    1035.020    -0.086
-133.443    1034.740    -0.086
-133.085    1034.390    -0.086
-132.727    1034.041    -0.085
-132.369    1033.693    -0.085
-132.011    1033.344    -0.085
-131.653    1032.995    -0.085
-131.294    1032.646    -0.085
-130.936    1032.297    -0.085
-130.578    1031.948    -0.085
-130.220    1031.600    -0.085
-129.862    1031.250    -0.085
-129.504    1030.901    -0.085
-129.146    1030.553    -0.085
-128.788    1030.203    -0.085
-128.220    1029.640    -0.085
-127.877    1029.276    -0.085
-127.534    1028.913    -0.085
-127.190    1028.550    -0.084
-126.847    1028.186    -0.084
-126.503    1027.823    -0.084
-126.159    1027.460    -0.084
-125.816    1027.097    -0.084
-125.472    1026.734    -0.084
-125.129    1026.370    -0.084
-124.785    1026.007    -0.084
-124.441    1025.644    -0.084
-124.098    1025.281    -0.084
-123.754    1024.918    -0.084
-123.411    1024.554    -0.084
-123.067    1024.191    -0.084
-122.723    1023.828    -0.084
-122.380    1023.465    -0.084
-122.036    1023.101    -0.083
-121.694    1022.738    -0.083
-121.350    1022.375    -0.083
-121.006    1022.012    -0.083
-120.731    1021.722    -0.083
-120.316    1021.288    -0.083
-119.970    1020.927    -0.083
-119.693    1020.639    -0.083
-119.346    1020.278    -0.083
-119.001    1019.918    -0.083
-118.585    1019.485    -0.083
-118.309    1019.196    -0.083
-117.893    1018.763    -0.083
-117.617    1018.474    -0.083
-117.270    1018.113    -0.083
-116.923    1017.752    -0.083
-116.578    1017.392    -0.082
-116.163    1016.959    -0.082
-115.816    1016.598    -0.082
-115.219    1015.926    -0.082
-114.898    1015.543    -0.082
-114.577    1015.159    -0.082
-114.256    1014.777    -0.082
-113.935    1014.393    -0.082
-113.613    1014.010    -0.082
-113.292    1013.627    -0.082
-112.971    1013.243    -0.082
-112.586    1012.783    -0.082
-112.329    1012.477    -0.082
-112.007    1012.094    -0.082
-111.686    1011.711    -0.081
-111.365    1011.328    -0.081
-111.044    1010.944    -0.081
-110.722    1010.562    -0.081
-110.401    1010.178    -0.081
-110.080    1009.796    -0.081
-109.759    1009.412    -0.081
-109.438    1009.029    -0.081
-109.117    1008.646    -0.081
-108.796    1008.263    -0.081
-108.475    1007.880    -0.081
-108.154    1007.497    -0.081
-107.833    1007.113    -0.081
-107.447    1006.653    -0.081
-107.189    1006.347    -0.081
-106.868    1005.963    -0.080
-106.373    1005.336    -0.080
-106.068    1004.940    -0.080
-105.763    1004.544    -0.080
-105.457    1004.147    -0.080
-105.153    1003.751    -0.080
-104.848    1003.355    -0.080
-104.542    1002.959    -0.080
-104.237    1002.564    -0.080
-103.932    1002.168    -0.080
-103.688    1001.850    -0.080
-103.322    1001.376    -0.080
-103.016    1000.979    -0.080
-102.711    1000.583    -0.080
-102.407    1000.187    -0.079
-102.101    999.791    -0.079
-101.796    999.395    -0.079
-101.491    998.999    -0.079
-101.247    998.682    -0.079
-100.881    998.208    -0.079
-100.576    997.811    -0.079
-100.270    997.415    -0.079
-99.965    997.019    -0.079
-99.659    996.623    -0.079
-99.354    996.227    -0.079
-99.049    995.831    -0.079
-98.629    995.271    -0.079
-98.393    994.949    -0.079
-98.096    994.546    -0.079
-97.800    994.144    -0.078
-97.444    993.660    -0.078
-97.148    993.258    -0.078
-96.851    992.855    -0.078
-96.555    992.453    -0.078
-96.258    992.050    -0.078
-95.962    991.648    -0.078
-95.665    991.245    -0.078
-95.369    990.843    -0.078
-95.072    990.440    -0.078
-94.776    990.037    -0.078
-94.479    989.635    -0.078
-94.183    989.232    -0.078
-93.886    988.830    -0.078
-93.590    988.427    -0.078
-93.293    988.025    -0.077
-92.997    987.622    -0.077
-92.700    987.220    -0.077
-92.462    986.897    -0.077
-92.107    986.414    -0.077
-91.811    986.012    -0.077
-91.574    985.690    -0.077
-91.277    985.287    -0.077
-90.922    984.804    -0.077
-90.520    984.230    -0.077
-90.237    983.819    -0.077
-89.952    983.408    -0.077
-89.668    982.996    -0.077
-89.384    982.585    -0.077
-89.100    982.173    -0.076
-88.872    981.845    -0.076
-88.587    981.433    -0.076
-88.304    981.022    -0.076
-87.963    980.529    -0.076
-87.678    980.117    -0.076
-87.394    979.706    -0.076
-87.110    979.295    -0.076
-86.826    978.883    -0.076
-86.541    978.472    -0.076
-86.258    978.060    -0.076
-86.030    977.732    -0.076
-85.745    977.320    -0.076
-85.241    976.575    -0.076
-85.028    976.237    -0.076
-84.707    975.730    -0.075
-84.493    975.392    -0.075
-84.172    974.886    -0.075
-83.958    974.548    -0.075
-83.637    974.041    -0.075
-83.423    973.703    -0.075
-83.155    973.280    -0.075
-82.834    972.774    -0.075
-82.620    972.436    -0.075
-82.352    972.014    -0.075
-82.031    971.507    -0.075
-81.817    971.169    -0.075
-81.549    970.747    -0.075
-81.228    970.240    -0.075
-81.014    969.902    -0.074
-80.746    969.480    -0.074
-80.425    968.974    -0.074
-80.211    968.636    -0.074
-79.943    968.213    -0.074
-79.622    967.706    -0.074
-79.408    967.368    -0.074
-79.140    966.946    -0.074
-78.819    966.440    -0.074
-78.605    966.102    -0.074
-78.184    965.422    -0.074
-77.932    964.989    -0.074
-77.681    964.557    -0.074
-77.429    964.126    -0.074
-77.127    963.607    -0.073
-76.876    963.175    -0.073
-76.675    962.830    -0.073
-76.373    962.311    -0.073
-76.121    961.878    -0.073
-75.920    961.533    -0.073
-75.668    961.101    -0.073
-75.417    960.669    -0.073
-75.166    960.236    -0.073
-74.913    959.804    -0.073
-74.612    959.286    -0.073
-74.361    958.854    -0.073
-74.109    958.422    -0.073
-73.857    957.990    -0.073
-73.656    957.644    -0.073
-73.404    957.212    -0.072
-73.153    956.780    -0.072
-72.902    956.348    -0.072
-72.650    955.916    -0.072
-72.398    955.484    -0.072
-72.001    954.790    -0.072
-71.767    954.348    -0.072
-71.532    953.907    -0.072
-71.297    953.465    -0.072
-71.062    953.024    -0.072
-70.828    952.583    -0.072
-70.593    952.141    -0.072
-70.358    951.700    -0.072
-70.124    951.258    -0.072
-69.888    950.817    -0.071
-69.654    950.375    -0.071
-69.419    949.934    -0.071
-69.184    949.493    -0.071
-68.949    949.051    -0.071
-68.715    948.610    -0.071
-68.480    948.168    -0.071
-68.245    947.727    -0.071
-68.011    947.286    -0.071
-67.775    946.845    -0.071
-67.541    946.403    -0.071
-67.307    945.961    -0.071
-67.026    945.431    -0.071
-66.841    945.076    -0.071
-66.608    944.634    -0.071
-66.330    944.102    -0.070
-66.144    943.748    -0.070
-65.866    943.217    -0.070
-65.633    942.774    -0.070
-65.447    942.419    -0.070
-65.215    941.977    -0.070
-64.937    941.445    -0.070
-64.752    941.091    -0.070
-64.473    940.560    -0.070
-64.241    940.117    -0.070
-64.054    939.763    -0.070
-63.823    939.320    -0.070
-63.544    938.788    -0.070
-63.312    938.346    -0.070
-63.079    937.903    -0.069
-62.894    937.549    -0.069
-62.662    937.107    -0.069
-62.383    936.575    -0.069
-62.197    936.221    -0.069
-61.794    935.417    -0.069
-61.582    934.964    -0.069
-61.371    934.511    -0.069
-61.160    934.057    -0.069
-60.949    933.604    -0.069
-60.737    933.151    -0.069
-60.527    932.698    -0.069
-60.315    932.245    -0.069
-60.104    931.792    -0.069
-59.892    931.339    -0.068
-59.682    930.886    -0.068
-59.470    930.432    -0.068
-59.259    929.979    -0.068
-59.048    929.526    -0.068
-58.836    929.073    -0.068
-58.625    928.620    -0.068
-58.415    928.166    -0.068
-58.203    927.713    -0.068
-57.992    927.260    -0.068
-57.781    926.806    -0.068
-57.570    926.353    -0.068
-57.358    925.900    -0.068
-57.147    925.447    -0.068
-56.936    924.994    -0.068
-56.725    924.541    -0.067
-56.513    924.088    -0.067
-56.303    923.635    -0.067
-56.091    923.181    -0.067
-55.880    922.728    -0.067
-55.518    921.905    -0.067
-55.366    921.534    -0.067
-55.139    920.979    -0.067
-54.987    920.609    -0.067
-54.798    920.146    -0.067
-54.610    919.684    -0.067
-54.421    919.221    -0.067
-54.232    918.757    -0.067
-54.005    918.203    -0.067
-53.853    917.832    -0.066
-53.664    917.369    -0.066
-53.475    916.907    -0.066
-53.248    916.351    -0.066
-53.059    915.888    -0.066
-52.907    915.518    -0.066
-52.718    915.055    -0.066
-52.529    914.592    -0.066
-52.341    914.130    -0.066
-52.113    913.574    -0.066
-51.925    913.111    -0.066
-51.773    912.741    -0.066
-51.584    912.278    -0.066
-51.328    911.627    -0.066
-51.150    911.160    -0.065
-50.935    910.599    -0.065
-50.793    910.226    -0.065
-50.614    909.760    -0.065
-50.434    909.292    -0.065
-50.255    908.825    -0.065
-50.077    908.358    -0.065
-49.898    907.891    -0.065
-49.719    907.424    -0.065
-49.541    906.957    -0.065
-49.362    906.490    -0.065
-49.184    906.023    -0.065
-49.005    905.557    -0.065
-48.826    905.090    -0.065
-48.648    904.623    -0.065
-48.469    904.156    -0.064
-48.290    903.689    -0.064
-48.112    903.222    -0.064
-47.933    902.755    -0.064
-47.719    902.194    -0.064
-47.543    901.726    -0.064
-47.372    901.257    -0.064
-47.201    900.787    -0.064
-47.031    900.317    -0.064
-46.860    899.847    -0.064
-46.689    899.378    -0.064
-46.518    898.908    -0.064
-46.347    898.438    -0.064
-46.176    897.968    -0.064
-46.005    897.498    -0.064
-45.834    897.028    -0.063
-45.663    896.558    -0.063
-45.492    896.088    -0.063
-45.321    895.618    -0.063
-45.150    895.149    -0.063
-44.980    894.679    -0.063
-44.809    894.209    -0.063
-44.638    893.739    -0.063
-44.434    893.176    -0.063
-44.297    892.800    -0.063
-44.126    892.330    -0.063
-43.848    891.474    -0.063
-43.729    891.092    -0.063
-43.580    890.614    -0.063
-43.402    890.042    -0.062
-43.283    889.660    -0.062
-43.104    889.087    -0.062
-42.955    888.609    -0.062
-42.836    888.228    -0.062
-42.657    887.655    -0.062
-42.538    887.273    -0.062
-42.360    886.701    -0.062
-42.241    886.319    -0.062
-42.062    885.746    -0.062
-41.944    885.364    -0.062
-41.794    884.887    -0.062
-41.616    884.314    -0.062
-41.497    883.933    -0.062
-41.348    883.455    -0.062
-41.169    882.882    -0.061
-41.050    882.501    -0.061
-40.901    882.023    -0.061
-40.722    881.450    -0.061
-40.603    881.069    -0.061
-40.400    880.399    -0.061
-40.264    879.918    -0.061
-40.130    879.436    -0.061
-39.968    878.859    -0.061
-39.860    878.473    -0.061
-39.699    877.896    -0.061
-39.590    877.510    -0.061
-39.456    877.029    -0.061
-39.295    876.451    -0.061
-39.186    876.066    -0.060
-39.052    875.585    -0.060
-38.891    875.007    -0.060
-38.782    874.622    -0.060
-38.648    874.140    -0.060
-38.486    873.562    -0.060
-38.378    873.177    -0.060
-38.244    872.696    -0.060
-38.082    872.118    -0.060
-37.974    871.733    -0.060
-37.840    871.251    -0.060
-37.678    870.674    -0.060
-37.570    870.288    -0.060
-37.435    869.807    -0.060
-37.276    869.228    -0.060
-37.121    868.650    -0.059
-37.017    868.263    -0.059
-36.861    867.683    -0.059
-36.757    867.297    -0.059
-36.601    866.717    -0.059
-36.497    866.332    -0.059
-36.367    865.849    -0.059
-36.211    865.269    -0.059
-36.082    864.787    -0.059
-35.978    864.401    -0.059
-35.848    863.918    -0.059
-35.718    863.434    -0.059
-35.589    862.952    -0.059
-35.458    862.469    -0.059
-35.329    861.986    -0.059
-35.198    861.503    -0.058
-35.043    860.924    -0.058
-34.939    860.538    -0.058
-34.808    860.055    -0.058
-34.653    859.476    -0.058
-34.523    858.993    -0.058
-34.419    858.607    -0.058
-34.290    858.124    -0.058
-34.159    857.641    -0.058
-34.029    857.159    -0.058
-33.900    856.676    -0.058
-33.769    856.193    -0.058
-33.639    855.710    -0.058
-33.431    854.836    -0.058
-33.330    854.346    -0.057
-33.228    853.856    -0.057
-33.127    853.366    -0.057
-33.025    852.877    -0.057
-32.924    852.387    -0.057
-32.822    851.898    -0.057
-32.701    851.310    -0.057
-32.620    850.919    -0.057
-32.519    850.429    -0.057
-32.417    849.939    -0.057
-32.316    849.450    -0.057
-32.214    848.960    -0.057
-32.114    848.470    -0.057
-32.012    847.982    -0.057
-31.911    847.492    -0.057
-31.809    847.002    -0.056
-31.707    846.512    -0.056
-31.606    846.023    -0.056
-31.504    845.533    -0.056
-31.404    845.043    -0.056
-31.302    844.555    -0.056
-31.201    844.065    -0.056
-31.099    843.575    -0.056
-30.998    843.085    -0.056
-30.897    842.596    -0.056
-30.796    842.106    -0.056
-30.694    841.616    -0.056
-30.593    841.127    -0.056
-30.491    840.638    -0.056
-30.390    840.148    -0.056
-30.289    839.658    -0.056
-30.188    839.169    -0.055
-30.086    838.679    -0.055
-29.985    838.189    -0.055
-29.883    837.700    -0.055
-29.782    837.211    -0.055
-29.661    836.623    -0.055
-29.579    836.231    -0.055
-29.478    835.742    -0.055
-29.376    835.252    -0.055
-29.275    834.762    -0.055
-29.173    834.273    -0.055
-29.072    833.784    -0.055
-28.970    833.294    -0.055
-28.869    832.804    -0.055
-28.768    832.315    -0.055
-28.667    831.825    -0.054
-28.565    831.335    -0.054
-28.449    830.747    -0.054
-28.353    830.256    -0.054
-28.256    829.766    -0.054
-28.161    829.275    -0.054
-28.064    828.785    -0.054
-27.968    828.294    -0.054
-27.872    827.803    -0.054
-27.776    827.313    -0.054
-27.679    826.822    -0.054
-27.583    826.331    -0.054
-27.487    825.841    -0.054
-27.390    825.350    -0.054
-27.266    824.661    -0.054
-27.197    824.268    -0.053
-27.110    823.775    -0.053
-27.025    823.283    -0.053
-26.938    822.790    -0.053
-26.852    822.298    -0.053
-26.766    821.805    -0.053
-26.680    821.313    -0.053
-26.594    820.821    -0.053
-26.508    820.327    -0.053
-26.422    819.835    -0.053
-26.336    819.342    -0.053
-26.249    818.850    -0.053
-26.163    818.358    -0.053
-26.077    817.865    -0.053
-25.991    817.373    -0.053
-25.872    816.683    -0.052
-25.793    816.189    -0.052
-25.729    815.795    -0.052
-25.650    815.301    -0.052
-25.555    814.709    -0.052
-25.475    814.215    -0.052
-25.412    813.820    -0.052
-25.332    813.327    -0.052
-25.253    812.832    -0.052
-25.173    812.339    -0.052
-25.078    811.747    -0.052
-24.999    811.253    -0.052
-24.935    810.859    -0.052
-24.840    810.266    -0.052
-24.761    809.772    -0.052
-24.697    809.378    -0.052
-24.618    808.884    -0.051
-24.538    808.390    -0.051
-24.435    807.698    -0.051
-24.380    807.302    -0.051
-24.310    806.806    -0.051
-24.240    806.312    -0.051
-24.171    805.817    -0.051
-24.087    805.222    -0.051
-24.017    804.728    -0.051
-23.947    804.232    -0.051
-23.878    803.737    -0.051
-23.808    803.243    -0.051
-23.738    802.747    -0.051
-23.669    802.252    -0.051
-23.599    801.757    -0.051
-23.541    801.361    -0.051
-23.468    800.867    -0.050
-23.396    800.372    -0.050
-23.322    799.877    -0.050
-23.249    799.383    -0.050
-23.177    798.889    -0.050
-23.104    798.393    -0.050
-23.031    797.899    -0.050
-22.959    797.404    -0.050
-22.885    796.910    -0.050
-22.812    796.415    -0.050
-22.740    795.920    -0.050
-22.656    795.226    -0.050
-22.590    794.629    -0.050
-22.546    794.231    -0.050
-22.491    793.735    -0.050
-22.436    793.238    -0.050
-22.381    792.741    -0.049
-22.315    792.144    -0.049
-22.271    791.747    -0.049
-22.216    791.251    -0.049
-22.150    790.654    -0.049
-22.106    790.256    -0.049
-22.059    789.859    -0.049
-21.999    789.362    -0.049
-21.926    788.767    -0.049
-21.877    788.370    -0.049
-21.803    787.775    -0.049
-21.755    787.378    -0.049
-21.682    786.782    -0.049
-21.621    786.287    -0.049
-21.561    785.790    -0.049
-21.500    785.293    -0.049
-21.450    784.896    -0.048
-21.377    784.301    -0.048
-21.329    783.904    -0.048
-21.256    783.309    -0.048
-21.195    782.812    -0.048
-21.147    782.415    -0.048
-21.073    781.720    -0.048
-21.023    781.222    -0.048
-20.973    780.725    -0.048
-20.925    780.227    -0.048
-20.875    779.730    -0.048
-20.825    779.232    -0.048
-20.777    778.734    -0.048
-20.727    778.237    -0.048
-20.678    777.739    -0.048
-20.628    777.242    -0.048
-20.580    776.744    -0.047
-20.530    776.246    -0.047
-20.481    775.749    -0.047
-20.432    775.251    -0.047
-20.382    774.754    -0.047
-20.333    774.256    -0.047
-20.284    773.760    -0.047
-20.235    773.262    -0.047
-20.185    772.764    -0.047
-20.136    772.267    -0.047
-20.087    771.769    -0.047
-20.038    771.272    -0.047
-19.988    770.774    -0.047
-19.939    770.276    -0.047
-19.890    769.779    -0.047
-19.840    769.281    -0.047
-19.791    768.784    -0.047
-19.742    768.286    -0.046
-19.690    767.688    -0.046
-19.648    767.190    -0.046
-19.606    766.692    -0.046
-19.565    766.194    -0.046
-19.523    765.696    -0.046
-19.481    765.198    -0.046
-19.439    764.700    -0.046
-19.398    764.201    -0.046
-19.356    763.702    -0.046
-19.314    763.204    -0.046
-19.273    762.706    -0.046
-19.231    762.208    -0.046
-19.189    761.710    -0.046
-19.147    761.212    -0.046
-19.106    760.714    -0.046
-19.064    760.216    -0.045
-19.022    759.717    -0.045
-18.981    759.219    -0.045
-18.939    758.720    -0.045
-18.897    758.222    -0.045
-18.855    757.724    -0.045
-18.815    757.226    -0.045
-18.773    756.728    -0.045
-18.731    756.230    -0.045
-18.690    755.731    -0.045
-18.648    755.233    -0.045
-18.606    754.735    -0.045
-18.564    754.237    -0.045
-18.523    753.738    -0.045
-18.481    753.240    -0.045
-18.439    752.742    -0.045
-18.398    752.244    -0.045
-18.356    751.746    -0.044
-18.314    751.247    -0.044
-18.272    750.749    -0.044
-18.231    750.251    -0.044
-18.189    749.753    -0.044
-18.147    749.255    -0.044
-18.106    748.756    -0.044
-18.064    748.258    -0.044
-18.022    747.760    -0.044
-17.980    747.261    -0.044
-17.939    746.763    -0.044
-17.897    746.265    -0.044
-17.855    745.767    -0.044
-17.815    745.269    -0.044
-17.773    744.771    -0.044
-17.731    744.272    -0.044
-17.689    743.774    -0.044
-17.637    743.076    -0.043
-17.613    742.677    -0.043
-17.583    742.178    -0.043
-17.553    741.678    -0.043
-17.523    741.180    -0.043
-17.487    740.581    -0.043
-17.458    740.081    -0.043
-17.433    739.683    -0.043
-17.403    739.183    -0.043
-17.374    738.684    -0.043
-17.344    738.186    -0.043
-17.308    737.586    -0.043
-17.285    737.187    -0.043
-17.249    736.589    -0.043
-17.226    736.189    -0.043
-17.191    735.590    -0.043
-17.168    735.190    -0.043
-17.133    734.592    -0.042
-17.109    734.192    -0.042
-17.074    733.593    -0.042
-17.044    733.095    -0.042
-17.021    732.695    -0.042
-16.986    732.096    -0.042
-16.956    731.597    -0.042
-16.933    731.198    -0.042
-16.898    730.599    -0.042
-16.868    730.100    -0.042
-16.845    729.701    -0.042
-16.809    729.101    -0.042
-16.786    728.703    -0.042
-16.751    728.104    -0.042
-16.728    727.704    -0.042
-16.692    727.105    -0.042
-16.669    726.706    -0.042
-16.634    726.107    -0.041
-16.604    725.608    -0.041
-16.581    725.209    -0.041
-16.546    724.610    -0.041
-16.522    724.210    -0.041
-16.487    723.612    -0.041
-16.464    723.212    -0.041
-16.429    722.613    -0.041
-16.406    722.215    -0.041
-16.370    721.615    -0.041
-16.341    721.116    -0.041
-16.317    720.716    -0.041
-16.282    720.118    -0.041
-16.252    719.619    -0.041
-16.229    719.219    -0.041
-16.194    718.621    -0.041
-16.164    718.121    -0.041
-16.141    717.722    -0.041
-16.106    717.124    -0.040
-16.082    716.724    -0.040
-16.047    716.125    -0.040
-16.024    715.726    -0.040
-15.989    715.127    -0.040
-15.965    714.727    -0.040
-15.930    714.129    -0.040
-15.901    713.630    -0.040
-15.877    713.230    -0.040
-15.842    712.631    -0.040
-15.819    712.232    -0.040
-15.784    711.633    -0.040
-15.760    711.234    -0.040
-15.725    710.635    -0.040
-15.702    710.236    -0.040
-15.667    709.636    -0.040
-15.637    709.138    -0.040
-15.614    708.738    -0.040
-15.579    708.139    -0.039
-15.549    707.641    -0.039
-15.525    707.241    -0.039
-15.490    706.642    -0.039
-15.467    706.242    -0.039
-15.432    705.644    -0.039
-15.409    705.245    -0.039
-15.373    704.645    -0.039
-15.350    704.247    -0.039
-15.315    703.648    -0.039
-15.285    703.148    -0.039
-15.262    702.750    -0.039
-15.227    702.150    -0.039
-15.197    701.651    -0.039
-15.174    701.252    -0.039
-15.139    700.653    -0.039
-15.115    700.254    -0.039
-15.080    699.654    -0.039
-15.057    699.256    -0.038
-15.022    698.656    -0.038
-14.998    698.257    -0.038
-14.963    697.659    -0.038
-14.933    697.159    -0.038
-14.910    696.760    -0.038
-14.875    696.161    -0.038
-14.845    695.662    -0.038
-14.822    695.262    -0.038
-14.787    694.664    -0.038
-14.760    694.065    -0.038
-14.739    693.565    -0.038
-14.723    693.165    -0.038
-14.702    692.666    -0.038
-14.681    692.166    -0.038
-14.659    691.667    -0.038
-14.639    691.167    -0.038
-14.618    690.667    -0.038
-14.597    690.168    -0.037
-14.576    689.668    -0.037
-14.556    689.170    -0.037
-14.535    688.670    -0.037
-14.514    688.170    -0.037
-14.493    687.671    -0.037
-14.473    687.171    -0.037
-14.452    686.671    -0.037
-14.431    686.172    -0.037
-14.409    685.672    -0.037
-14.389    685.173    -0.037
-14.368    684.673    -0.037
-14.347    684.173    -0.037
-14.326    683.674    -0.037
-14.306    683.175    -0.037
-14.281    682.576    -0.037
-14.263    682.176    -0.037
-14.242    681.676    -0.037
-14.222    681.177    -0.037
-14.201    680.677    -0.036
-14.180    680.178    -0.036
-14.159    679.678    -0.036
-14.139    679.178    -0.036
-14.118    678.679    -0.036
-14.097    678.179    -0.036
-14.077    677.680    -0.036
-14.056    677.181    -0.036
-14.031    676.581    -0.036
-14.013    676.182    -0.036
-13.993    675.682    -0.036
-13.972    675.182    -0.036
-13.951    674.683    -0.036
-13.930    674.183    -0.036
-13.910    673.684    -0.036
-13.889    673.184    -0.036
-13.868    672.684    -0.036
-13.847    672.185    -0.036
-13.827    671.685    -0.035
-13.803    671.087    -0.035
-13.785    670.587    -0.035
-13.770    670.187    -0.035
-13.748    669.588    -0.035
-13.731    669.088    -0.035
-13.716    668.688    -0.035
-13.694    668.089    -0.035
-13.675    667.589    -0.035
-13.661    667.189    -0.035
-13.639    666.590    -0.035
-13.621    666.090    -0.035
-13.607    665.690    -0.035
-13.585    665.091    -0.035
-13.567    664.591    -0.035
-13.552    664.191    -0.035
-13.530    663.592    -0.035
-13.513    663.092    -0.035
-13.498    662.692    -0.035
-13.476    662.093    -0.034
-13.458    661.593    -0.034
-13.444    661.193    -0.034
-13.422    660.594    -0.034
-13.407    660.194    -0.034
-13.385    659.594    -0.034
-13.371    659.195    -0.034
-13.349    658.596    -0.034
-13.335    658.196    -0.034
-13.312    657.597    -0.034
-13.295    657.097    -0.034
-13.280    656.697    -0.034
-13.258    656.097    -0.034
-13.240    655.598    -0.034
-13.226    655.198    -0.034
-13.208    654.598    -0.034
-13.193    654.099    -0.034
-13.178    653.599    -0.034
-13.164    653.099    -0.034
-13.149    652.599    -0.034
-13.134    652.100    -0.033
-13.119    651.600    -0.033
-13.105    651.100    -0.033
-13.090    650.600    -0.033
-13.075    650.101    -0.033
-13.060    649.601    -0.033
-13.046    649.101    -0.033
-13.031    648.601    -0.033
-13.016    648.102    -0.033
-13.002    647.602    -0.033
-12.987    647.102    -0.033
-12.972    646.602    -0.033
-12.957    646.103    -0.033
-12.943    645.603    -0.033
-12.928    645.103    -0.033
-12.913    644.603    -0.033
-12.898    644.104    -0.033
-12.884    643.604    -0.033
-12.869    643.104    -0.033
-12.854    642.604    -0.032
-12.839    642.105    -0.032
-12.825    641.605    -0.032
-12.810    641.105    -0.032
-12.795    640.605    -0.032
-12.780    640.106    -0.032
-12.766    639.606    -0.032
-12.751    639.106    -0.032
-12.734    638.606    -0.032
-12.717    638.107    -0.032
-12.701    637.607    -0.032
-12.684    637.107    -0.032
-12.667    636.608    -0.032
-12.650    636.108    -0.032
-12.634    635.608    -0.032
-12.617    635.108    -0.032
-12.600    634.609    -0.032
-12.582    634.109    -0.032
-12.566    633.609    -0.032
-12.549    633.110    -0.032
-12.532    632.610    -0.031
-12.515    632.110    -0.031
-12.499    631.612    -0.031
-12.482    631.112    -0.031
-12.465    630.612    -0.031
-12.448    630.112    -0.031
-12.432    629.613    -0.031
-12.415    629.113    -0.031
-12.398    628.613    -0.031
-12.381    628.114    -0.031
-12.365    627.614    -0.031
-12.348    627.114    -0.031
-12.331    626.614    -0.031
-12.314    626.115    -0.031
-12.298    625.615    -0.031
-12.280    625.115    -0.031
-12.263    624.616    -0.031
-12.246    624.116    -0.031
-12.230    623.616    -0.031
-12.213    623.117    -0.031
-12.196    622.617    -0.030
-12.179    622.117    -0.030
-12.163    621.617    -0.030
-12.146    621.118    -0.030
-12.129    620.618    -0.030
-12.113    620.118    -0.030
-12.099    619.619    -0.030
-12.084    619.119    -0.030
-12.069    618.619    -0.030
-12.055    618.119    -0.030
-12.040    617.620    -0.030
-12.025    617.120    -0.030
-12.010    616.620    -0.030
-11.996    616.120    -0.030
-11.981    615.621    -0.030
-11.966    615.121    -0.030
-11.951    614.621    -0.030
-11.937    614.121    -0.030
-11.922    613.622    -0.030
-11.907    613.122    -0.030
-11.892    612.622    -0.030
-11.878    612.122    -0.029
-11.863    611.623    -0.029
-11.847    611.123    -0.029
-11.832    610.623    -0.029
-11.818    610.123    -0.029
-11.803    609.624    -0.029
-11.788    609.124    -0.029
-11.773    608.624    -0.029
-11.759    608.124    -0.029
-11.744    607.625    -0.029
-11.729    607.125    -0.029
-11.714    606.625    -0.029
-11.700    606.125    -0.029
-11.685    605.626    -0.029
-11.670    605.126    -0.029
-11.655    604.626    -0.029
-11.641    604.126    -0.029
-11.626    603.627    -0.029
-11.611    603.127    -0.029
-11.598    602.727    -0.029
-11.576    602.127    -0.029
-11.558    601.629    -0.028
-11.540    601.129    -0.028
-11.522    600.629    -0.028
-11.505    600.130    -0.028
-11.490    599.730    -0.028
-11.468    599.130    -0.028
-11.450    598.631    -0.028
-11.433    598.131    -0.028
-11.415    597.631    -0.028
-11.397    597.132    -0.028
-11.379    596.632    -0.028
-11.362    596.132    -0.028
-11.344    595.633    -0.028
-11.326    595.133    -0.028
-11.308    594.633    -0.028
-11.291    594.134    -0.028
-11.273    593.634    -0.028
-11.255    593.134    -0.028
-11.237    592.634    -0.028
-11.220    592.135    -0.028
-11.202    591.635    -0.028
-11.184    591.135    -0.027
-11.170    590.736    -0.027
-11.148    590.136    -0.027
-11.130    589.636    -0.027
-11.112    589.137    -0.027
-11.095    588.637    -0.027
-11.077    588.138    -0.027
-11.059    587.639    -0.027
-11.041    587.139    -0.027
-11.024    586.639    -0.027
-11.006    586.140    -0.027
-10.988    585.640    -0.027
-10.970    585.140    -0.027
-10.953    584.641    -0.027
-10.941    584.141    -0.027
-10.932    583.641    -0.027
-10.921    583.041    -0.027
-10.912    582.541    -0.027
-10.905    582.141    -0.027
-10.896    581.641    -0.027
-10.886    581.041    -0.027
-10.880    580.642    -0.027
-10.870    580.042    -0.026
-10.862    579.542    -0.026
-10.855    579.142    -0.026
-10.845    578.542    -0.026
-10.839    578.042    -0.026
-10.831    577.642    -0.026
-10.820    577.142    -0.026
-10.810    576.642    -0.026
-10.799    576.143    -0.026
-10.788    575.643    -0.026
-10.774    575.143    -0.026
-10.760    574.643    -0.026
-10.745    574.143    -0.026
-10.730    573.644    -0.026
-10.715    573.144    -0.026
-10.701    572.644    -0.026
-10.687    572.144    -0.026
-10.672    571.645    -0.026
-10.657    571.145    -0.026
-10.644    570.645    -0.026
-10.629    570.145    -0.026
-10.614    569.646    -0.026
-10.599    569.146    -0.025
-10.585    568.646    -0.025
-10.570    568.146    -0.025
-10.556    567.647    -0.025
-10.541    567.147    -0.025
-10.528    566.647    -0.025
-10.513    566.147    -0.025
-10.498    565.648    -0.025
-10.483    565.148    -0.025
-10.470    564.648    -0.025
-10.455    564.148    -0.025
-10.440    563.649    -0.025
-10.425    563.149    -0.025
-10.411    562.649    -0.025
-10.397    562.149    -0.025
-10.382    561.649    -0.025
-10.367    561.150    -0.025
-10.354    560.650    -0.025
-10.339    560.150    -0.025
-10.324    559.650    -0.025
-10.309    559.151    -0.025
-10.296    558.651    -0.025
-10.281    558.151    -0.025
-10.266    557.651    -0.024
-10.251    557.152    -0.024
-10.238    556.652    -0.024
-10.223    556.152    -0.024
-10.208    555.652    -0.024
-10.195    555.153    -0.024
-10.180    554.653    -0.024
-10.165    554.153    -0.024
-10.150    553.653    -0.024
-10.136    553.154    -0.024
-10.122    552.654    -0.024
-10.107    552.154    -0.024
-10.092    551.654    -0.024
-10.078    551.155    -0.024
-10.064    550.655    -0.024
-10.049    550.155    -0.024
-10.034    549.655    -0.024
-10.020    549.156    -0.024
-10.004    548.656    -0.024
-9.989    548.156    -0.024
-9.974    547.656    -0.024
-9.959    547.157    -0.024
-9.944    546.657    -0.024
-9.928    546.157    -0.023
-9.913    545.657    -0.023
-9.898    545.158    -0.023
-9.883    544.658    -0.023
-9.868    544.158    -0.023
-9.852    543.658    -0.023
-9.838    543.159    -0.023
-9.823    542.659    -0.023
-9.807    542.159    -0.023
-9.792    541.660    -0.023
-9.778    541.161    -0.023
-9.762    540.661    -0.023
-9.747    540.161    -0.023
-9.732    539.661    -0.023
-9.717    539.162    -0.023
-9.702    538.662    -0.023
-9.686    538.162    -0.023
-9.671    537.662    -0.023
-9.656    537.163    -0.023
-9.641    536.663    -0.023
-9.625    536.163    -0.023
-9.610    535.664    -0.023
-9.596    535.164    -0.023
-9.580    534.664    -0.022
-9.565    534.164    -0.022
-9.550    533.665    -0.022
-9.535    533.165    -0.022
-9.520    532.665    -0.022
-9.505    532.165    -0.022
-9.489    531.666    -0.022
-9.475    531.166    -0.022
-9.460    530.666    -0.022
-9.444    530.166    -0.022
-9.429    529.667    -0.022
-9.414    529.167    -0.022
-9.399    528.667    -0.022
-9.383    528.167    -0.022
-9.368    527.668    -0.022
-9.353    527.168    -0.022
-9.338    526.668    -0.022
-9.323    526.168    -0.022
-9.308    525.669    -0.022
-9.293    525.169    -0.022
-9.278    524.669    -0.022
-9.263    524.169    -0.022
-9.248    523.670    -0.022
-9.233    523.170    -0.022
-9.217    522.670    -0.021
-9.202    522.170    -0.021
-9.188    521.671    -0.021
-9.172    521.171    -0.021
-9.157    520.671    -0.021
-9.141    520.172    -0.021
-9.127    519.672    -0.021
-9.111    519.172    -0.021
-9.096    518.672    -0.021
-9.080    518.173    -0.021
-9.066    517.673    -0.021
-9.051    517.173    -0.021
-9.035    516.673    -0.021
-9.020    516.174    -0.021
-9.005    515.674    -0.021
-8.990    515.174    -0.021
-8.974    514.674    -0.021
-8.959    514.175    -0.021
-8.945    513.675    -0.021
-8.930    513.175    -0.021
-8.914    512.675    -0.021
-8.899    512.176    -0.021
-8.885    511.676    -0.021
-8.871    511.176    -0.021
-8.856    510.676    -0.021
-8.842    510.177    -0.020
-8.828    509.677    -0.020
-8.814    509.177    -0.020
-8.799    508.677    -0.020
-8.785    508.178    -0.020
-8.771    507.678    -0.020
-8.757    507.178    -0.020
-8.742    506.678    -0.020
-8.728    506.178    -0.020
-8.714    505.679    -0.020
-8.700    505.179    -0.020
-8.686    504.679    -0.020
-8.671    504.179    -0.020
-8.658    503.680    -0.020
-8.644    503.180    -0.020
-8.629    502.680    -0.020
-8.615    502.180    -0.020
-8.601    501.681    -0.020
-8.587    501.181    -0.020
-8.572    500.681    -0.020
-8.558    500.181    -0.020
-8.544    499.682    -0.020
-8.530    499.182    -0.020
-8.515    498.682    -0.020
-8.501    498.182    -0.020
-8.487    497.682    -0.019
-8.473    497.183    -0.019
-8.458    496.683    -0.019
-8.444    496.183    -0.019
-8.430    495.683    -0.019
-8.416    495.184    -0.019
-8.401    494.684    -0.019
-8.387    494.184    -0.019
-8.373    493.684    -0.019
-8.359    493.185    -0.019
-8.344    492.685    -0.019
-8.331    492.185    -0.019
-8.317    491.685    -0.019
-8.302    491.186    -0.019
-8.288    490.686    -0.019
-8.274    490.186    -0.019
-8.260    489.686    -0.019
-8.245    489.186    -0.019
-8.231    488.687    -0.019
-8.217    488.187    -0.019
-8.203    487.687    -0.019
-8.188    487.187    -0.019
-8.174    486.688    -0.019
-8.160    486.189    -0.019
-8.146    485.689    -0.019
-8.131    485.189    -0.019
-8.117    484.690    -0.018
-8.103    484.190    -0.018
-8.089    483.690    -0.018
-8.074    483.190    -0.018
-8.060    482.691    -0.018
-8.046    482.191    -0.018
-8.032    481.691    -0.018
-8.018    481.191    -0.018
-8.003    480.691    -0.018
-7.990    480.192    -0.018
-7.976    479.692    -0.018
-7.961    479.192    -0.018
-7.947    478.692    -0.018
-7.933    478.193    -0.018
-7.919    477.693    -0.018
-7.904    477.193    -0.018
-7.890    476.693    -0.018
-7.876    476.194    -0.018
-7.862    475.694    -0.018
-7.847    475.194    -0.018
-7.833    474.694    -0.018
-7.819    474.195    -0.018
-7.805    473.695    -0.018
-7.790    473.195    -0.018
-7.776    472.695    -0.018
-7.762    472.195    -0.018
-7.748    471.696    -0.017
-7.733    471.196    -0.017
-7.719    470.696    -0.017
-7.705    470.196    -0.017
-7.691    469.697    -0.017
-7.676    469.197    -0.017
-7.662    468.697    -0.017
-7.649    468.197    -0.017
-7.634    467.698    -0.017
-7.620    467.198    -0.017
-7.606    466.698    -0.017
-7.592    466.198    -0.017
-7.578    465.699    -0.017
-7.563    465.199    -0.017
-7.549    464.699    -0.017
-7.535    464.199    -0.017
-7.521    463.699    -0.017
-7.506    463.200    -0.017
-7.493    462.700    -0.017
-7.478    462.200    -0.017
-7.463    461.700    -0.017
-7.449    461.201    -0.017
-7.435    460.701    -0.017
-7.421    460.201    -0.017
-7.406    459.701    -0.017
-7.392    459.202    -0.017
-7.378    458.702    -0.017
-7.364    458.202    -0.017
-7.350    457.702    -0.016
-7.335    457.203    -0.016
-7.322    456.703    -0.016
-7.308    456.203    -0.016
-7.293    455.703    -0.016
-7.279    455.203    -0.016
-7.265    454.704    -0.016
-7.251    454.204    -0.016
-7.236    453.704    -0.016
-7.222    453.204    -0.016
-7.208    452.705    -0.016
-7.194    452.205    -0.016
-7.179    451.705    -0.016
-7.165    451.205    -0.016
-7.151    450.706    -0.016
-7.137    450.206    -0.016
-7.122    449.706    -0.016
-7.108    449.206    -0.016
-7.094    448.707    -0.016
-7.080    448.207    -0.016
-7.065    447.707    -0.016
-7.051    447.207    -0.016
-7.037    446.708    -0.016
-7.023    446.208    -0.016
-7.008    445.708    -0.016
-6.994    445.208    -0.016
-6.981    444.708    -0.016
-6.966    444.209    -0.016
-6.952    443.709    -0.015
-6.938    443.209    -0.015
-6.924    442.709    -0.015
-6.910    442.210    -0.015
-6.895    441.710    -0.015
-6.881    441.210    -0.015
-6.867    440.710    -0.015
-6.853    440.211    -0.015
-6.838    439.711    -0.015
-6.824    439.211    -0.015
-6.810    438.711    -0.015
-6.796    438.211    -0.015
-6.781    437.712    -0.015
-6.767    437.212    -0.015
-6.753    436.712    -0.015
-6.739    436.212    -0.015
-6.724    435.713    -0.015
-6.710    435.213    -0.015
-6.696    434.713    -0.015
-6.682    434.213    -0.015
-6.667    433.714    -0.015
-6.653    433.214    -0.015
-6.640    432.714    -0.015
-6.625    432.214    -0.015
-6.611    431.715    -0.015
-6.596    431.215    -0.015
-6.583    430.715    -0.015
-6.568    430.215    -0.015
-6.554    429.716    -0.015
-6.540    429.216    -0.014
-6.526    428.716    -0.014
-6.511    428.216    -0.014
-6.497    427.716    -0.014
-6.483    427.217    -0.014
-6.469    426.717    -0.014
-6.454    426.217    -0.014
-6.440    425.717    -0.014
-6.426    425.218    -0.014
-6.412    424.718    -0.014
-6.397    424.218    -0.014
-6.383    423.718    -0.014
-6.369    423.219    -0.014
-6.355    422.719    -0.014
-6.340    422.219    -0.014
-6.326    421.719    -0.014
-6.313    421.220    -0.014
-6.298    420.720    -0.014
-6.284    420.220    -0.014
-6.270    419.720    -0.014
-6.256    419.220    -0.014
-6.242    418.721    -0.014
-6.227    418.221    -0.014
-6.213    417.721    -0.014
-6.199    417.221    -0.014
-6.185    416.722    -0.014
-6.170    416.222    -0.014
-6.156    415.722    -0.014
-6.142    415.222    -0.014
-6.128    414.723    -0.014
-6.113    414.223    -0.013
-6.099    413.723    -0.013
-6.085    413.223    -0.013
-6.071    412.724    -0.013
-6.056    412.224    -0.013
-6.042    411.724    -0.013
-6.028    411.224    -0.013
-6.014    410.724    -0.013
-5.999    410.225    -0.013
-5.985    409.725    -0.013
-5.972    409.225    -0.013
-5.957    408.725    -0.013
-5.943    408.226    -0.013
-5.928    407.726    -0.013
-5.915    407.226    -0.013
-5.901    406.726    -0.013
-5.886    406.227    -0.013
-5.872    405.727    -0.013
-5.858    405.227    -0.013
-5.844    404.727    -0.013
-5.829    404.229    -0.013
-5.815    403.729    -0.013
-5.801    403.229    -0.013
-5.787    402.729    -0.013
-5.772    402.229    -0.013
-5.757    401.730    -0.013
-5.744    401.230    -0.013
-5.729    400.730    -0.013
-5.715    400.230    -0.013
-5.701    399.731    -0.013
-5.687    399.231    -0.013
-5.672    398.731    -0.013
-5.658    398.231    -0.012
-5.645    397.732    -0.012
-5.630    397.232    -0.012
-5.616    396.732    -0.012
-5.602    396.232    -0.012
-5.588    395.733    -0.012
-5.574    395.233    -0.012
-5.559    394.733    -0.012
-5.545    394.233    -0.012
-5.531    393.733    -0.012
-5.517    393.234    -0.012
-5.502    392.734    -0.012
-5.488    392.234    -0.012
-5.474    391.734    -0.012
-5.460    391.235    -0.012
-5.445    390.735    -0.012
-5.431    390.235    -0.012
-5.417    389.735    -0.012
-5.403    389.236    -0.012
-5.388    388.736    -0.012
-5.374    388.236    -0.012
-5.360    387.736    -0.012
-5.346    387.237    -0.012
-5.331    386.737    -0.012
-5.317    386.237    -0.012
-5.303    385.737    -0.012
-5.289    385.237    -0.012
-5.275    384.738    -0.012
-5.260    384.238    -0.012
-5.247    383.738    -0.012
-5.233    383.238    -0.012
-5.218    382.739    -0.012
-5.204    382.239    -0.011
-5.190    381.739    -0.011
-5.176    381.239    -0.011
-5.161    380.740    -0.011
-5.147    380.240    -0.011
-5.133    379.740    -0.011
-5.119    379.240    -0.011
-5.104    378.741    -0.011
-5.090    378.241    -0.011
-5.076    377.741    -0.011
-5.062    377.241    -0.011
-5.047    376.741    -0.011
-5.033    376.242    -0.011
-5.019    375.742    -0.011
-5.005    375.242    -0.011
-4.990    374.742    -0.011
-4.976    374.243    -0.011
-4.962    373.743    -0.011
-4.948    373.243    -0.011
-4.934    372.743    -0.011
-4.919    372.244    -0.011
-4.906    371.744    -0.011
-4.891    371.244    -0.011
-4.877    370.744    -0.011
-4.862    370.245    -0.011
-4.849    369.745    -0.011
-4.834    369.245    -0.011
-4.820    368.745    -0.011
-4.805    368.246    -0.011
-4.792    367.746    -0.011
-4.777    367.246    -0.011
-4.763    366.746    -0.011
-4.749    366.246    -0.011
-4.735    365.747    -0.011
-4.720    365.247    -0.010
-4.706    364.747    -0.010
-4.692    364.247    -0.010
-4.678    363.748    -0.010
-4.663    363.248    -0.010
-4.649    362.748    -0.010
-4.635    362.248    -0.010
-4.621    361.749    -0.010
-4.607    361.249    -0.010
-4.592    360.749    -0.010
-4.579    360.249    -0.010
-4.565    359.749    -0.010
-4.550    359.250    -0.010
-4.536    358.750    -0.010
-4.522    358.250    -0.010
-4.508    357.750    -0.010
-4.493    357.251    -0.010
-4.479    356.751    -0.010
-4.465    356.251    -0.010
-4.451    355.751    -0.010
-4.436    355.252    -0.010
-4.422    354.752    -0.010
-4.408    354.252    -0.010
-4.394    353.752    -0.010
-4.379    353.253    -0.010
-4.365    352.753    -0.010
-4.351    352.253    -0.010
-4.337    351.753    -0.010
-4.322    351.254    -0.010
-4.308    350.754    -0.010
-4.294    350.254    -0.010
-4.280    349.754    -0.010
-4.266    349.254    -0.010
-4.251    348.755    -0.010
-4.238    348.255    -0.010
-4.224    347.755    -0.010
-4.209    347.255    -0.009
-4.195    346.756    -0.009
-4.181    346.256    -0.009
-4.167    345.756    -0.009
-4.152    345.256    -0.009
-4.138    344.757    -0.009
-4.124    344.257    -0.009
-4.109    343.757    -0.009
-4.095    343.257    -0.009
-4.080    342.758    -0.009
-4.067    342.258    -0.009
-4.052    341.758    -0.009
-4.038    341.258    -0.009
-4.024    340.758    -0.009
-4.010    340.259    -0.009
-3.996    339.759    -0.009
-3.982    339.259    -0.009
-3.967    338.759    -0.009
-3.954    338.260    -0.009
-3.939    337.760    -0.009
-3.925    337.260    -0.009
-3.911    336.760    -0.009
-3.897    336.261    -0.009
-3.882    335.761    -0.009
-3.868    335.261    -0.009
-3.854    334.761    -0.009
-3.840    334.262    -0.009
-3.825    333.762    -0.009
-3.811    333.262    -0.009
-3.797    332.762    -0.009
-3.783    332.262    -0.009
-3.768    331.763    -0.009
-3.754    331.263    -0.009
-3.740    330.763    -0.009
-3.726    330.263    -0.009
-3.711    329.764    -0.009
-3.697    329.264    -0.009
-3.684    328.764    -0.008
-3.669    328.264    -0.008
-3.655    327.765    -0.008
-3.641    327.265    -0.008
-3.627    326.765    -0.008
-3.613    326.265    -0.008
-3.598    325.766    -0.008
-3.584    325.266    -0.008
-3.570    324.766    -0.008
-3.556    324.266    -0.008
-3.541    323.766    -0.008
-3.527    323.267    -0.008
-3.513    322.767    -0.008
-3.499    322.267    -0.008
-3.484    321.768    -0.008
-3.470    321.269    -0.008
-3.456    320.769    -0.008
-3.442    320.269    -0.008
-3.427    319.769    -0.008
-3.413    319.270    -0.008
-3.399    318.770    -0.008
-3.385    318.270    -0.008
-3.370    317.770    -0.008
-3.356    317.271    -0.008
-3.342    316.771    -0.008
-3.328    316.271    -0.008
-3.314    315.771    -0.008
-3.299    315.271    -0.008
-3.286    314.772    -0.008
-3.271    314.272    -0.008
-3.257    313.772    -0.008
-3.242    313.272    -0.008
-3.229    312.773    -0.008
-3.214    312.273    -0.008
-3.200    311.773    -0.008
-3.185    311.273    -0.008
-3.172    310.774    -0.008
-3.157    310.274    -0.008
-3.143    309.774    -0.008
-3.128    309.274    -0.008
-3.115    308.775    -0.007
-3.100    308.275    -0.007
-3.086    307.775    -0.007
-3.072    307.275    -0.007
-3.058    306.775    -0.007
-3.043    306.276    -0.007
-3.029    305.776    -0.007
-3.016    305.276    -0.007
-3.001    304.776    -0.007
-2.987    304.277    -0.007
-2.972    303.777    -0.007
-2.959    303.277    -0.007
-2.945    302.777    -0.007
-2.930    302.278    -0.007
-2.916    301.778    -0.007
-2.902    301.278    -0.007
-2.888    300.778    -0.007
-2.873    300.279    -0.007
-2.859    299.779    -0.007
-2.845    299.279    -0.007
-2.831    298.779    -0.007
-2.816    298.279    -0.007
-2.802    297.780    -0.007
-2.788    297.280    -0.007
-2.774    296.780    -0.007
-2.759    296.280    -0.007
-2.745    295.781    -0.007
-2.731    295.281    -0.007
-2.717    294.781    -0.007
-2.702    294.281    -0.007
-2.688    293.782    -0.007
-2.674    293.282    -0.007
-2.660    292.782    -0.007
-2.646    292.282    -0.007
-2.631    291.783    -0.007
-2.618    291.283    -0.007
-2.604    290.783    -0.007
-2.589    290.283    -0.007
-2.575    289.783    -0.007
-2.561    289.284    -0.007
-2.547    288.784    -0.007
-2.532    288.284    -0.007
-2.518    287.784    -0.007
-2.504    287.285    -0.006
-2.490    286.785    -0.006
-2.475    286.285    -0.006
-2.461    285.785    -0.006
-2.447    285.286    -0.006
-2.432    284.786    -0.006
-2.418    284.286    -0.006
-2.403    283.786    -0.006
-2.390    283.287    -0.006
-2.375    282.787    -0.006
-2.361    282.287    -0.006
-2.346    281.787    -0.006
-2.333    281.288    -0.006
-2.319    280.788    -0.006
-2.304    280.288    -0.006
-2.290    279.788    -0.006
-2.277    279.288    -0.006
-2.262    278.789    -0.006
-2.248    278.289    -0.006
-2.234    277.789    -0.006
-2.220    277.289    -0.006
-2.205    276.790    -0.006
-2.191    276.290    -0.006
-2.177    275.790    -0.006
-2.163    275.290    -0.006
-2.148    274.791    -0.006
-2.134    274.291    -0.006
-2.120    273.791    -0.006
-2.106    273.291    -0.006
-2.091    272.792    -0.006
-2.077    272.292    -0.006
-2.063    271.792    -0.006
-2.049    271.292    -0.006
-2.034    270.792    -0.006
-2.020    270.293    -0.006
-2.006    269.793    -0.006
-1.992    269.293    -0.006
-1.978    268.793    -0.006
-1.963    268.294    -0.006
-1.950    267.794    -0.006
-1.936    267.294    -0.006
-1.921    266.794    -0.006
-1.907    266.295    -0.006
-1.893    265.795    -0.006
-1.879    265.295    -0.006
-1.864    264.795    -0.006
-1.850    264.295    -0.005
-1.836    263.796    -0.005
-1.822    263.296    -0.005
-1.807    262.796    -0.005
-1.793    262.296    -0.005
-1.779    261.797    -0.005
-1.765    261.297    -0.005
-1.750    260.797    -0.005
-1.736    260.297    -0.005
-1.722    259.798    -0.005
-1.708    259.298    -0.005
-1.693    258.798    -0.005
-1.679    258.298    -0.005
-1.665    257.799    -0.005
-1.651    257.299    -0.005
-1.636    256.799    -0.005
-1.622    256.299    -0.005
-1.609    255.800    -0.005
-1.594    255.300    -0.005
-1.580    254.800    -0.005
-1.565    254.300    -0.005
-1.552    253.800    -0.005
-1.537    253.301    -0.005
-1.523    252.801    -0.005
-1.508    252.301    -0.005
-1.495    251.801    -0.005
-1.480    251.302    -0.005
-1.466    250.802    -0.005
-1.451    250.302    -0.005
-1.438    249.802    -0.005
-1.423    249.303    -0.005
-1.409    248.803    -0.005
-1.395    248.303    -0.005
-1.381    247.803    -0.005
-1.366    247.304    -0.005
-1.352    246.804    -0.005
-1.338    246.304    -0.005
-1.324    245.804    -0.005
-1.310    245.304    -0.005
-1.295    244.805    -0.005
-1.282    244.305    -0.005
-1.268    243.805    -0.005
-1.253    243.305    -0.005
-1.239    242.806    -0.005
-1.225    242.306    -0.005
-1.211    241.806    -0.005
-1.196    241.306    -0.005
-1.182    240.807    -0.005
-1.168    240.307    -0.005
-1.154    239.808    -0.005
-1.139    239.308    -0.005
-1.125    238.809    -0.004
-1.111    238.309    -0.004
-1.097    237.809    -0.004
-1.082    237.309    -0.004
-1.068    236.809    -0.004
-1.054    236.310    -0.004
-1.040    235.810    -0.004
-1.025    235.310    -0.004
-1.011    234.810    -0.004
-0.997    234.311    -0.004
-0.983    233.811    -0.004
-0.968    233.311    -0.004
-0.954    232.811    -0.004
-0.941    232.312    -0.004
-0.926    231.812    -0.004
-0.912    231.312    -0.004
-0.898    230.812    -0.004
-0.884    230.313    -0.004
-0.870    229.813    -0.004
-0.855    229.313    -0.004
-0.840    228.813    -0.004
-0.827    228.313    -0.004
-0.812    227.814    -0.004
-0.798    227.314    -0.004
-0.783    226.814    -0.004
-0.770    226.314    -0.004
-0.755    225.815    -0.004
-0.741    225.315    -0.004
-0.726    224.815    -0.004
-0.713    224.315    -0.004
-0.699    223.816    -0.004
-0.684    223.316    -0.004
-0.670    222.816    -0.004
-0.656    222.316    -0.004
-0.642    221.817    -0.004
-0.627    221.317    -0.004
-0.614    220.817    -0.004
-0.599    220.317    -0.004
-0.585    219.817    -0.004
-0.570    219.318    -0.004
-0.557    218.818    -0.004
-0.542    218.318    -0.004
-0.528    217.818    -0.004
-0.513    217.319    -0.004
-0.500    216.819    -0.004
-0.485    216.319    -0.004
-0.471    215.819    -0.004
-0.456    215.320    -0.004
-0.443    214.820    -0.004
-0.429    214.320    -0.004
-0.414    213.820    -0.004
-0.400    213.321    -0.004
-0.386    212.821    -0.004
-0.372    212.321    -0.004
-0.357    211.821    -0.004
-0.343    211.321    -0.004
-0.329    210.822    -0.003
-0.315    210.322    -0.003
-0.300    209.822    -0.003
-0.286    209.322    -0.003
-0.272    208.823    -0.003
-0.258    208.323    -0.003
-0.243    207.823    -0.003
-0.229    207.323    -0.003
-0.215    206.824    -0.003
-0.201    206.324    -0.003
-0.187    205.824    -0.003
-0.172    205.324    -0.003
-0.159    204.825    -0.003
-0.144    204.325    -0.003
-0.130    203.825    -0.003
-0.115    203.325    -0.003
-0.102    202.825    -0.003
-0.087    202.326    -0.003
-0.073    201.826    -0.003
-0.058    201.326    -0.003
-0.045    200.826    -0.003
-0.031    200.327    -0.003
-0.016    199.827    -0.003
-0.002    199.327    -0.003
0.012    198.827    -0.003
0.026    198.328    -0.003
0.041    197.828    -0.003
0.055    197.328    -0.003
0.069    196.828    -0.003
0.083    196.329    -0.003
0.098    195.829    -0.003
0.112    195.329    -0.003
0.126    194.829    -0.003
0.140    194.330    -0.003
0.155    193.830    -0.003
0.168    193.330    -0.003
0.183    192.830    -0.003
0.197    192.330    -0.003
0.212    191.831    -0.003
0.225    191.331    -0.003
0.239    190.831    -0.003
0.254    190.331    -0.003
0.268    189.832    -0.003
0.282    189.332    -0.003
0.296    188.832    -0.003
0.311    188.332    -0.003
0.325    187.833    -0.003
0.339    187.333    -0.003
0.353    186.833    -0.003
0.368    186.333    -0.003
0.382    185.834    -0.003
0.396    185.334    -0.003
0.410    184.834    -0.003
0.425    184.334    -0.003
0.439    183.834    -0.003
0.453    183.335    -0.003
0.467    182.835    -0.003
0.482    182.335    -0.003
0.496    181.835    -0.003
0.509    181.336    -0.003
0.524    180.836    -0.003
0.538    180.336    -0.003
0.553    179.836    -0.003
0.566    179.337    -0.003
0.581    178.837    -0.003
0.595    178.337    -0.003
0.610    177.837    -0.002
0.623    177.338    -0.002
0.638    176.838    -0.002
0.652    176.338    -0.002
0.667    175.838    -0.002
0.680    175.338    -0.002
0.695    174.839    -0.002
0.709    174.339    -0.002
0.724    173.839    -0.002
0.737    173.339    -0.002
0.751    172.840    -0.002
0.766    172.340    -0.002
0.780    171.840    -0.002
0.794    171.340    -0.002
0.808    170.841    -0.002
0.823    170.341    -0.002
0.837    169.841    -0.002
0.851    169.341    -0.002
0.865    168.842    -0.002
0.880    168.342    -0.002
0.894    167.842    -0.002
0.908    167.342    -0.002
0.922    166.842    -0.002
0.937    166.343    -0.002
0.951    165.843    -0.002
0.965    165.343    -0.002
0.979    164.843    -0.002
0.994    164.344    -0.002
1.007    163.844    -0.002
1.021    163.344    -0.002
1.036    162.844    -0.002
1.050    162.345    -0.002
1.064    161.845    -0.002
1.078    161.345    -0.002
1.093    160.845    -0.002
1.107    160.346    -0.002
1.121    159.846    -0.002
1.135    159.346    -0.002
1.150    158.846    -0.002
1.164    158.346    -0.002
1.177    157.848    -0.002
1.192    157.348    -0.002
1.206    156.848    -0.002
1.221    156.348    -0.002
1.234    155.849    -0.002
1.249    155.349    -0.002
1.263    154.849    -0.002
1.278    154.349    -0.002
1.291    153.850    -0.002
1.306    153.350    -0.002
1.320    152.850    -0.002
1.335    152.350    -0.002
1.348    151.851    -0.002
1.363    151.351    -0.002
1.377    150.851    -0.002
1.392    150.351    -0.002
1.405    149.851    -0.002
1.419    149.352    -0.002
1.434    148.852    -0.002
1.448    148.352    -0.002
1.462    147.852    -0.002
1.476    147.353    -0.002
1.491    146.853    -0.002
1.505    146.353    -0.002
1.519    145.853    -0.002
1.533    145.354    -0.002
1.548    144.854    -0.002
1.562    144.354    -0.002
1.576    143.854    -0.002
1.590    143.355    -0.002
1.605    142.855    -0.002
1.620    142.355    -0.002
1.633    141.855    -0.002
1.647    141.355    -0.002
1.662    140.856    -0.002
1.676    140.356    -0.002
1.689    139.856    -0.002
1.704    139.356    -0.002
1.718    138.857    -0.002
1.732    138.357    -0.002
1.746    137.857    -0.001
1.761    137.357    -0.001
1.775    136.858    -0.001
1.789    136.358    -0.001
1.803    135.858    -0.001
1.818    135.358    -0.001
1.832    134.859    -0.001
1.846    134.359    -0.001
1.861    133.859    -0.001
1.875    133.359    -0.001
1.889    132.860    -0.001
1.903    132.360    -0.001
1.917    131.860    -0.001
1.932    131.360    -0.001
1.946    130.860    -0.001
1.959    130.361    -0.001
1.974    129.861    -0.001
1.988    129.361    -0.001
2.003    128.861    -0.001
2.016    128.362    -0.001
2.031    127.862    -0.001
2.045    127.362    -0.001
2.060    126.862    -0.001
2.074    126.363    -0.001
2.088    125.863    -0.001
2.103    125.363    -0.001
2.117    124.863    -0.001
2.131    124.364    -0.001
2.145    123.864    -0.001
2.159    123.364    -0.001
2.174    122.864    -0.001
2.187    122.364    -0.001
2.201    121.865    -0.001
2.216    121.365    -0.001
2.230    120.865    -0.001
2.244    120.365    -0.001
2.258    119.866    -0.001
2.273    119.366    -0.001
2.287    118.866    -0.001
2.301    118.366    -0.001
2.315    117.867    -0.001
2.330    117.367    -0.001
2.344    116.867    -0.001
2.357    116.367    -0.001
2.372    115.868    -0.001
2.386    115.368    -0.001
2.401    114.868    -0.001
2.414    114.368    -0.001
2.429    113.868    -0.001
2.443    113.369    -0.001
2.458    112.869    -0.001
2.471    112.369    -0.001
2.486    111.869    -0.001
2.500    111.370    -0.001
2.514    110.870    -0.001
2.529    110.370    -0.001
2.543    109.870    -0.001
2.557    109.371    -0.001
2.571    108.871    -0.001
2.585    108.371    -0.001
2.600    107.871    -0.001
2.614    107.372    -0.001
2.627    106.872    -0.001
2.642    106.372    -0.001
2.656    105.872    -0.001
2.671    105.372    -0.001
2.684    104.873    -0.001
2.699    104.373    -0.001
2.713    103.873    -0.001
2.728    103.373    -0.001
2.742    102.874    -0.001
2.756    102.374    -0.001
2.771    101.874    -0.001
2.785    101.374    -0.001
2.799    100.875    -0.001
2.813    100.375    -0.001
2.827    99.875    -0.001
2.842    99.375    -0.001
2.855    98.876    -0.001
2.869    98.376    -0.001
2.884    97.876    -0.001
2.898    97.376    -0.001
2.912    96.876    -0.001
2.926    96.377    -0.001
2.941    95.877    -0.001
2.955    95.377    -0.001
2.969    94.877    -0.001
2.984    94.378    -0.001
2.998    93.878    -0.001
3.013    93.378    -0.001
3.026    92.878    -0.001
3.041    92.379    -0.001
3.055    91.879    -0.001
3.070    91.379    -0.001
3.083    90.879    -0.001
3.097    90.380    -0.001
3.112    89.880    -0.001
3.126    89.380    -0.001
3.139    88.880    -0.001
3.154    88.380    -0.001
3.168    87.881    -0.001
3.183    87.381    -0.001
3.197    86.881    -0.001
3.211    86.381    -0.001
3.226    85.882    -0.001
3.240    85.382    -0.001
3.254    84.882    -0.001
3.268    84.382    -0.001
3.283    83.883    -0.001
3.296    83.383    -0.001
3.311    82.883    -0.001
3.325    82.383    -0.001
3.339    81.884    -0.001
3.353    81.384    -0.001
3.367    80.884    -0.001
3.382    80.384    -0.001
3.396    79.884    -0.001
3.409    79.385    -0.000
3.424    78.885    -0.000
3.439    78.385    -0.000
3.453    77.885    -0.000
3.467    77.386    -0.000
3.481    76.886    -0.000
3.496    76.387    -0.000
3.510    75.887    -0.000
3.524    75.388    -0.000
3.538    74.888    -0.000
3.553    74.388    -0.000
3.567    73.888    -0.000
3.581    73.389    -0.000
3.595    72.889    -0.000
3.609    72.389    -0.000
3.624    71.889    -0.000
3.637    71.390    -0.000
3.652    70.890    -0.000
3.666    70.390    -0.000
3.681    69.890    -0.000
3.694    69.390    -0.000
3.709    68.891    -0.000
3.723    68.391    -0.000
3.738    67.891    -0.000
3.751    67.391    -0.000
3.765    66.892    -0.000
3.780    66.392    -0.000
3.794    65.892    -0.000
3.807    65.392    -0.000
3.822    64.893    -0.000
3.836    64.393    -0.000
3.851    63.893    -0.000
3.864    63.393    -0.000
3.879    62.894    -0.000
3.894    62.394    -0.000
3.908    61.894    -0.000
3.922    61.394    -0.000
3.936    60.894    -0.000
3.951    60.395    -0.000
3.964    59.895    -0.000
3.979    59.395    -0.000
3.993    58.895    -0.000
4.007    58.396    -0.000
4.021    57.896    -0.000
4.035    57.396    -0.000
4.050    56.896    -0.000
4.064    56.397    -0.000
4.077    55.897    -0.000
4.092    55.397    -0.000
4.107    54.897    -0.000
4.121    54.398    -0.000
4.135    53.898    -0.000
4.149    53.398    -0.000
4.164    52.898    -0.000
4.178    52.398    -0.000
4.192    51.899    -0.000
4.206    51.399    -0.000
4.221    50.899    -0.000
4.235    50.399    -0.000
4.249    49.900    -0.000
4.263    49.400    -0.000
4.277    48.900    -0.000
4.292    48.400    -0.000
4.305    47.901    -0.000
4.320    47.401    -0.000
4.334    46.901    -0.000
4.349    46.401    -0.000
4.362    45.902    -0.000
4.377    45.402    -0.000
4.391    44.902    -0.000
4.406    44.402    -0.000
4.419    43.902    -0.000
4.434    43.403    -0.000
4.448    42.903    -0.000
4.463    42.403    -0.000
4.476    41.903    -0.000
4.491    41.404    -0.000
4.505    40.904    -0.000
4.520    40.404    -0.000
4.533    39.904    -0.000
4.547    39.405    -0.000
4.562    38.905    -0.000
4.576    38.405    -0.000
4.590    37.905    -0.000
4.604    37.406    -0.000
4.619    36.906    -0.000
4.633    36.406    -0.000
4.647    35.906    -0.000
4.661    35.406    -0.000
4.676    34.907    -0.000
4.690    34.407    -0.000
4.704    33.907    -0.000
4.718    33.407    -0.000
4.733    32.908    -0.000
4.746    32.408    -0.000
4.761    31.908    -0.000
4.775    31.408    -0.000
4.789    30.909    -0.000
4.803    30.409    -0.000
4.817    29.909    -0.000
4.832    29.409    -0.000
4.846    28.910    -0.000
4.860    28.410    -0.000
4.874    27.910    -0.000
4.889    27.410    -0.000
4.903    26.910    -0.000
4.917    26.411    -0.000
4.931    25.911    -0.000
4.945    25.411    -0.000
4.960    24.911    -0.000
4.973    24.412    -0.000
4.988    23.912    -0.000
5.002    23.412    -0.000
5.017    22.912    -0.000
5.030    22.413    -0.000
5.045    21.913    -0.000
5.059    21.413    -0.000
5.074    20.913    -0.000
5.087    20.414    -0.000
5.102    19.914    -0.000
5.116    19.414    -0.000
5.131    18.914    -0.000
5.144    18.414    -0.000
5.159    17.915    -0.000
5.173    17.415    -0.000
5.188    16.915    -0.000
5.201    16.415    -0.000
5.215    15.916    -0.000
5.230    15.416    -0.000
5.244    14.916    -0.000
5.258    14.416    -0.000
5.272    13.917    -0.000
5.287    13.417    -0.000
5.301    12.917    -0.000
5.315    12.417    -0.000
5.329    11.918    -0.000
5.344    11.418    -0.000
5.358    10.918    -0.000
5.372    10.418    -0.000
5.386    9.918    -0.000
5.401    9.419    -0.000
5.415    8.919    -0.000
5.429    8.419    -0.000
5.443    7.919    -0.000
5.457    7.420    -0.000
5.471    6.920    -0.000
5.485    6.420    -0.000
5.500    5.920    -0.000
5.514    5.421    -0.000
5.528    4.921    -0.000
5.542    4.421    -0.000
5.557    3.921    -0.000
5.571    3.422    -0.000
5.585    2.922    -0.000
5.599    2.422    -0.000
5.614    1.922    -0.000
5.628    1.423    -0.000
5.642    0.923    -0.000
5.656    0.423    -0.000
