1.992    0.037    -0.000
2.005    -0.463    -0.000
2.020    -0.963    -0.000
2.034    -1.463    -0.000
2.049    -1.962    -0.000
2.062    -2.462    -0.000
2.077    -2.962    -0.000
2.091    -3.462    -0.000
2.105    -3.961    -0.000
2.119    -4.461    -0.000
2.134    -4.961    -0.000
2.148    -5.461    -0.000
2.162    -5.960    -0.000
2.176    -6.460    -0.000
2.191    -6.960    -0.000
2.205    -7.460    -0.000
2.218    -7.959    -0.000
2.233    -8.459    -0.000
2.248    -8.959    -0.000
2.262    -9.459    -0.000
2.276    -9.958    -0.000
2.290    -10.458    -0.000
2.305    -10.958    -0.000
2.319    -11.458    -0.000
2.333    -11.958    -0.000
2.348    -12.457    -0.000
2.362    -12.957    -0.000
2.377    -13.457    -0.000
2.390    -13.957    -0.000
2.405    -14.456    -0.000
2.419    -14.956    -0.000
2.433    -15.456    -0.000
2.447    -15.956    -0.000
2.461    -16.455    -0.000
2.476    -16.955    -0.000
2.490    -17.455    -0.000
2.504    -17.955    -0.000
2.519    -18.454    -0.000
2.533    -18.954    -0.000
2.548    -19.454    -0.000
2.561    -19.954    -0.000
2.575    -20.454    -0.000
2.590    -20.953    -0.000
2.604    -21.453    -0.000
2.618    -21.953    -0.000
2.633    -22.453    -0.000
2.647    -22.952    -0.000
2.662    -23.452    -0.000
2.676    -23.952    -0.000
2.690    -24.452    -0.000
2.705    -24.951    -0.000
2.720    -25.451    -0.000
2.734    -25.951    -0.000
2.748    -26.451    -0.000
2.763    -26.950    -0.000
2.778    -27.450    -0.000
2.792    -27.950    -0.000
2.806    -28.450    -0.000
2.821    -28.949    -0.000
2.835    -29.449    -0.000
2.850    -29.949    -0.000
2.865    -30.449    -0.000
2.880    -30.948    -0.000
2.893    -31.448    -0.000
2.908    -31.948    -0.000
2.923    -32.448    -0.000
2.937    -32.947    -0.000
2.951    -33.447    -0.000
2.966    -33.947    -0.000
2.981    -34.447    -0.000
2.995    -34.947    -0.000
3.009    -35.446    -0.000
3.024    -35.946    -0.000
3.038    -36.446    -0.000
3.053    -36.946    -0.000
3.067    -37.445    -0.000
3.082    -37.945    -0.000
3.096    -38.445    -0.000
3.111    -38.945    -0.000
3.125    -39.444    -0.000
3.139    -39.944    -0.000
3.154    -40.444    -0.000
3.169    -40.944    -0.000
3.182    -41.443    -0.000
3.197    -41.943    -0.000
3.212    -42.443    -0.000
3.227    -42.943    -0.000
3.240    -43.442    -0.000
3.255    -43.942    -0.000
3.270    -44.442    -0.000
3.284    -44.942    -0.000
3.298    -45.441    -0.000
3.313    -45.941    -0.000
3.328    -46.441    -0.000
3.342    -46.941    -0.000
3.356    -47.440    -0.000
3.371    -47.940    -0.000
3.385    -48.440    -0.000
3.400    -48.940    -0.000
3.414    -49.439    -0.000
3.429    -49.939    -0.000
3.443    -50.438    -0.000
3.457    -50.938    -0.000
3.472    -51.438    -0.000
3.487    -51.937    -0.000
3.501    -52.437    -0.000
3.515    -52.937    -0.000
3.530    -53.437    -0.000
3.545    -53.936    -0.000
3.560    -54.436    -0.000
3.574    -54.936    -0.000
3.588    -55.436    -0.000
3.603    -55.935    -0.000
3.618    -56.435    -0.000
3.631    -56.935    -0.000
3.646    -57.435    -0.000
3.661    -57.934    -0.000
3.676    -58.434    -0.000
3.689    -58.934    -0.000
3.704    -59.434    -0.000
3.719    -59.933    -0.000
3.733    -60.433    -0.000
3.747    -60.933    -0.000
3.762    -61.433    -0.000
3.777    -61.932    -0.000
3.791    -62.432    -0.000
3.805    -62.932    -0.000
3.820    -63.432    -0.000
3.834    -63.931    -0.000
3.849    -64.431    -0.000
3.863    -64.931    -0.000
3.877    -65.431    -0.000
3.892    -65.931    -0.000
3.907    -66.430    -0.000
3.921    -66.930    -0.000
3.935    -67.430    -0.000
3.950    -67.930    -0.000
3.965    -68.429    -0.000
3.978    -68.929    -0.000
3.993    -69.429    -0.000
4.008    -69.929    -0.000
4.023    -70.428    -0.000
4.036    -70.928    -0.000
4.051    -71.428    -0.000
4.066    -71.928    -0.000
4.080    -72.427    -0.000
4.094    -72.927    -0.000
4.109    -73.427    -0.000
4.123    -73.927    -0.000
4.138    -74.426    -0.000
4.152    -74.926    -0.000
4.167    -75.426    -0.000
4.182    -75.926    -0.000
4.196    -76.425    -0.000
4.210    -76.925    -0.000
4.225    -77.425    -0.000
4.240    -77.925    -0.000
4.254    -78.424    -0.000
4.269    -78.924    -0.000
4.283    -79.424    -0.000
4.298    -79.924    -0.001
4.312    -80.423    -0.001
4.326    -80.923    -0.001
4.341    -81.423    -0.001
4.356    -81.923    -0.001
4.370    -82.423    -0.001
4.384    -82.922    -0.001
4.399    -83.422    -0.001
4.414    -83.922    -0.001
4.427    -84.422    -0.001
4.442    -84.921    -0.001
4.457    -85.421    -0.001
4.471    -85.921    -0.001
4.485    -86.421    -0.001
4.500    -86.920    -0.001
4.515    -87.420    -0.001
4.529    -87.920    -0.001
4.543    -88.420    -0.001
4.558    -88.919    -0.001
4.572    -89.419    -0.001
4.587    -89.919    -0.001
4.601    -90.419    -0.001
4.616    -90.918    -0.001
4.630    -91.418    -0.001
4.645    -91.918    -0.001
4.659    -92.418    -0.001
4.673    -92.917    -0.001
4.688    -93.417    -0.001
4.703    -93.917    -0.001
4.717    -94.417    -0.001
4.731    -94.917    -0.001
4.746    -95.416    -0.001
4.761    -95.916    -0.001
4.774    -96.416    -0.001
4.789    -96.916    -0.001
4.804    -97.415    -0.001
4.818    -97.915    -0.001
4.832    -98.415    -0.001
4.847    -98.915    -0.001
4.862    -99.414    -0.001
4.876    -99.914    -0.001
4.891    -100.414    -0.001
4.906    -100.914    -0.001
4.920    -101.413    -0.001
4.934    -101.913    -0.001
4.949    -102.413    -0.001
4.964    -102.913    -0.001
4.978    -103.412    -0.001
4.992    -103.912    -0.001
5.007    -104.412    -0.001
5.021    -104.912    -0.001
5.036    -105.411    -0.001
5.050    -105.911    -0.001
5.065    -106.411    -0.001
5.079    -106.911    -0.001
5.094    -107.410    -0.001
5.108    -107.910    -0.001
5.122    -108.410    -0.001
5.137    -108.910    -0.001
5.152    -109.409    -0.001
5.165    -109.909    -0.001
5.180    -110.409    -0.001
5.195    -110.909    -0.001
5.210    -111.409    -0.001
5.223    -111.908    -0.001
5.238    -112.408    -0.001
5.253    -112.908    -0.001
5.267    -113.408    -0.001
5.281    -113.907    -0.001
5.296    -114.407    -0.001
5.311    -114.907    -0.001
5.325    -115.407    -0.001
5.339    -115.906    -0.001
5.354    -116.406    -0.001
5.368    -116.906    -0.001
5.383    -117.406    -0.001
5.396    -117.904    -0.001
5.411    -118.404    -0.001
5.425    -118.904    -0.001
5.440    -119.404    -0.001
5.454    -119.903    -0.001
5.468    -120.403    -0.001
5.483    -120.903    -0.001
5.496    -121.403    -0.001
5.511    -121.902    -0.001
5.525    -122.402    -0.001
5.540    -122.902    -0.001
5.554    -123.402    -0.001
5.568    -123.902    -0.001
5.583    -124.401    -0.001
5.597    -124.901    -0.001
5.611    -125.401    -0.001
5.625    -125.901    -0.001
5.640    -126.400    -0.001
5.655    -126.900    -0.001
5.668    -127.400    -0.001
5.683    -127.900    -0.001
5.697    -128.399    -0.001
5.712    -128.899    -0.001
5.725    -129.399    -0.001
5.740    -129.899    -0.001
5.755    -130.398    -0.001
5.769    -130.898    -0.001
5.783    -131.398    -0.001
5.797    -131.898    -0.001
5.812    -132.397    -0.001
5.826    -132.897    -0.001
5.840    -133.397    -0.001
5.855    -133.897    -0.001
5.869    -134.397    -0.001
5.884    -134.896    -0.001
5.897    -135.396    -0.001
5.912    -135.896    -0.001
5.926    -136.396    -0.001
5.941    -136.895    -0.001
5.955    -137.395    -0.001
5.969    -137.895    -0.001
5.984    -138.395    -0.002
5.998    -138.894    -0.002
6.012    -139.394    -0.002
6.026    -139.894    -0.002
6.041    -140.394    -0.002
6.056    -140.893    -0.002
6.069    -141.393    -0.002
6.084    -141.893    -0.002
6.098    -142.393    -0.002
6.113    -142.892    -0.002
6.126    -143.392    -0.002
6.140    -143.892    -0.002
6.155    -144.392    -0.002
6.169    -144.892    -0.002
6.182    -145.391    -0.002
6.197    -145.891    -0.002
6.211    -146.391    -0.002
6.225    -146.891    -0.002
6.239    -147.390    -0.002
6.254    -147.890    -0.002
6.268    -148.390    -0.002
6.282    -148.890    -0.002
6.296    -149.389    -0.002
6.310    -149.889    -0.002
6.325    -150.389    -0.002
6.338    -150.889    -0.002
6.352    -151.389    -0.002
6.367    -151.888    -0.002
6.381    -152.388    -0.002
6.395    -152.888    -0.002
6.409    -153.388    -0.002
6.424    -153.887    -0.002
6.438    -154.387    -0.002
6.452    -154.887    -0.002
6.466    -155.387    -0.002
6.481    -155.886    -0.002
6.495    -156.386    -0.002
6.509    -156.886    -0.002
6.523    -157.386    -0.002
6.537    -157.885    -0.002
6.552    -158.385    -0.002
6.565    -158.885    -0.002
6.579    -159.385    -0.002
6.594    -159.885    -0.002
6.608    -160.384    -0.002
6.622    -160.884    -0.002
6.636    -161.384    -0.002
6.651    -161.884    -0.002
6.665    -162.383    -0.002
6.679    -162.883    -0.002
6.693    -163.383    -0.002
6.707    -163.883    -0.002
6.722    -164.382    -0.002
6.735    -164.882    -0.002
6.749    -165.382    -0.002
6.764    -165.882    -0.002
6.778    -166.381    -0.002
6.792    -166.881    -0.002
6.806    -167.381    -0.002
6.821    -167.881    -0.002
6.835    -168.381    -0.002
6.849    -168.880    -0.002
6.863    -169.380    -0.002
6.877    -169.880    -0.002
6.891    -170.380    -0.002
6.905    -170.879    -0.002
6.919    -171.379    -0.002
6.934    -171.879    -0.002
6.947    -172.379    -0.002
6.962    -172.878    -0.002
6.976    -173.378    -0.002
6.991    -173.878    -0.002
7.004    -174.378    -0.002
7.019    -174.877    -0.002
7.033    -175.377    -0.002
7.048    -175.877    -0.002
7.061    -176.377    -0.002
7.076    -176.877    -0.002
7.090    -177.376    -0.002
7.104    -177.876    -0.002
7.118    -178.376    -0.003
7.132    -178.876    -0.003
7.146    -179.375    -0.003
7.161    -179.875    -0.003
7.174    -180.375    -0.003
7.188    -180.875    -0.003
7.202    -181.374    -0.003
7.216    -181.874    -0.003
7.229    -182.374    -0.003
7.243    -182.874    -0.003
7.257    -183.374    -0.003
7.271    -183.901    -0.003
7.285    -184.401    -0.003
7.299    -184.901    -0.003
7.312    -185.401    -0.003
7.326    -185.900    -0.003
7.340    -186.400    -0.003
7.354    -186.900    -0.003
7.367    -187.400    -0.003
7.381    -187.900    -0.003
7.392    -188.299    -0.003
7.405    -188.799    -0.003
7.419    -189.299    -0.003
7.433    -189.799    -0.003
7.447    -190.298    -0.003
7.460    -190.798    -0.003
7.477    -191.398    -0.003
7.491    -191.898    -0.003
7.505    -192.397    -0.003
7.515    -192.797    -0.003
7.529    -193.297    -0.003
7.543    -193.797    -0.003
7.557    -194.297    -0.003
7.573    -194.896    -0.003
7.586    -195.396    -0.003
7.600    -195.896    -0.003
7.612    -196.296    -0.003
7.625    -196.796    -0.003
7.639    -197.295    -0.003
7.653    -197.795    -0.003
7.667    -198.295    -0.003
7.680    -198.795    -0.003
7.696    -199.394    -0.003
7.710    -199.894    -0.003
7.724    -200.394    -0.003
7.738    -200.894    -0.003
7.751    -201.393    -0.003
7.765    -201.893    -0.003
7.779    -202.393    -0.003
7.793    -202.893    -0.003
7.806    -203.393    -0.003
7.820    -203.892    -0.003
7.834    -204.392    -0.003
7.848    -204.892    -0.003
7.861    -205.392    -0.003
7.875    -205.891    -0.003
7.885    -206.291    -0.003
7.899    -206.791    -0.003
7.913    -207.291    -0.003
7.930    -207.891    -0.003
7.944    -208.390    -0.003
7.958    -208.890    -0.003
7.971    -209.390    -0.003
7.985    -209.890    -0.003
7.999    -210.389    -0.003
8.012    -210.889    -0.004
8.026    -211.389    -0.004
8.040    -211.889    -0.004
8.054    -212.389    -0.004
8.067    -212.888    -0.004
8.081    -213.388    -0.004
8.095    -213.888    -0.004
8.109    -214.388    -0.004
8.122    -214.887    -0.004
8.133    -215.287    -0.004
8.150    -215.887    -0.004
8.164    -216.387    -0.004
8.177    -216.887    -0.004
8.191    -217.386    -0.004
8.205    -217.886    -0.004
8.219    -218.386    -0.004
8.232    -218.886    -0.004
8.246    -219.385    -0.004
8.257    -219.785    -0.004
8.270    -220.285    -0.004
8.284    -220.785    -0.004
8.298    -221.285    -0.004
8.315    -221.884    -0.004
8.329    -222.384    -0.004
8.340    -222.784    -0.004
8.357    -223.384    -0.004
8.371    -223.883    -0.004
8.382    -224.283    -0.004
8.399    -224.883    -0.004
8.413    -225.383    -0.004
8.424    -225.782    -0.004
8.442    -226.382    -0.004
8.455    -226.882    -0.004
8.467    -227.282    -0.004
8.484    -227.881    -0.004
8.498    -228.381    -0.004
8.509    -228.781    -0.004
8.526    -229.381    -0.004
8.540    -229.881    -0.004
8.551    -230.280    -0.004
8.568    -230.880    -0.004
8.580    -231.280    -0.004
8.593    -231.780    -0.004
8.611    -232.379    -0.004
8.622    -232.779    -0.004
8.636    -233.279    -0.004
8.653    -233.879    -0.004
8.664    -234.278    -0.004
8.678    -234.778    -0.004
8.695    -235.378    -0.004
8.706    -235.778    -0.004
8.720    -236.278    -0.004
8.737    -236.877    -0.004
8.749    -237.277    -0.004
8.762    -237.777    -0.004
8.779    -238.377    -0.004
8.791    -238.776    -0.004
8.808    -239.376    -0.005
8.822    -239.875    -0.005
8.833    -240.275    -0.005
8.850    -240.874    -0.005
8.864    -241.374    -0.005
8.875    -241.774    -0.005
8.892    -242.374    -0.005
8.906    -242.874    -0.005
8.918    -243.273    -0.005
8.935    -243.873    -0.005
8.948    -244.373    -0.005
8.960    -244.773    -0.005
8.977    -245.372    -0.005
8.991    -245.872    -0.005
9.002    -246.272    -0.005
9.019    -246.872    -0.005
9.033    -247.371    -0.005
9.044    -247.771    -0.005
9.061    -248.371    -0.005
9.075    -248.871    -0.005
9.086    -249.271    -0.005
9.104    -249.870    -0.005
9.117    -250.370    -0.005
9.129    -250.770    -0.005
9.146    -251.370    -0.005
9.157    -251.769    -0.005
9.171    -252.269    -0.005
9.188    -252.869    -0.005
9.199    -253.269    -0.005
9.213    -253.768    -0.005
9.230    -254.368    -0.005
9.242    -254.768    -0.005
9.255    -255.268    -0.005
9.272    -255.867    -0.005
9.284    -256.267    -0.005
9.298    -256.767    -0.005
9.315    -257.367    -0.005
9.326    -257.767    -0.005
9.343    -258.366    -0.005
9.357    -258.866    -0.005
9.368    -259.266    -0.005
9.385    -259.866    -0.005
9.399    -260.365    -0.005
9.413    -260.865    -0.005
9.424    -261.265    -0.005
9.438    -261.765    -0.005
9.455    -262.364    -0.005
9.469    -262.864    -0.005
9.483    -263.364    -0.005
9.494    -263.764    -0.005
9.511    -264.364    -0.006
9.525    -264.863    -0.006
9.536    -265.263    -0.006
9.553    -265.863    -0.006
9.567    -266.363    -0.006
9.579    -266.762    -0.006
9.596    -267.362    -0.006
9.609    -267.862    -0.006
9.621    -268.262    -0.006
9.638    -268.861    -0.006
9.652    -269.361    -0.006
9.663    -269.761    -0.006
9.680    -270.361    -0.006
9.691    -270.761    -0.006
9.705    -271.260    -0.006
9.722    -271.860    -0.006
9.734    -272.260    -0.006
9.747    -272.760    -0.006
9.765    -273.359    -0.006
9.776    -273.759    -0.006
9.790    -274.259    -0.006
9.807    -274.859    -0.006
9.818    -275.258    -0.006
9.832    -275.758    -0.006
9.849    -276.358    -0.006
9.860    -276.758    -0.006
9.874    -277.258    -0.006
9.891    -277.857    -0.006
9.903    -278.257    -0.006
9.920    -278.857    -0.006
9.933    -279.357    -0.006
9.945    -279.756    -0.006
9.962    -280.356    -0.006
9.976    -280.856    -0.006
9.987    -281.256    -0.006
10.004    -281.855    -0.006
10.018    -282.355    -0.006
10.029    -282.755    -0.006
10.046    -283.355    -0.006
10.060    -283.854    -0.006
10.072    -284.254    -0.006
10.089    -284.854    -0.006
10.102    -285.354    -0.006
10.114    -285.754    -0.006
10.131    -286.353    -0.006
10.145    -286.853    -0.006
10.156    -287.253    -0.006
10.173    -287.853    -0.007
10.187    -288.352    -0.007
10.198    -288.752    -0.007
10.215    -289.352    -0.007
10.227    -289.752    -0.007
10.241    -290.251    -0.007
10.258    -290.851    -0.007
10.269    -291.251    -0.007
10.283    -291.751    -0.007
10.300    -292.350    -0.007
10.311    -292.750    -0.007
10.325    -293.250    -0.007
10.342    -293.850    -0.007
10.353    -294.250    -0.007
10.367    -294.749    -0.007
10.384    -295.349    -0.007
10.396    -295.749    -0.007
10.409    -296.249    -0.007
10.427    -296.848    -0.007
10.438    -297.248    -0.007
10.455    -297.848    -0.007
10.469    -298.348    -0.007
10.480    -298.748    -0.007
10.497    -299.347    -0.007
10.511    -299.847    -0.007
10.522    -300.247    -0.007
10.539    -300.847    -0.007
10.553    -301.346    -0.007
10.565    -301.746    -0.007
10.582    -302.346    -0.007
10.595    -302.846    -0.007
10.607    -303.245    -0.007
10.624    -303.845    -0.007
10.638    -304.345    -0.007
10.649    -304.745    -0.007
10.666    -305.344    -0.007
10.680    -305.844    -0.007
10.691    -306.244    -0.007
10.708    -306.844    -0.007
10.722    -307.344    -0.007
10.734    -307.743    -0.007
10.751    -308.343    -0.007
10.764    -308.843    -0.008
10.776    -309.243    -0.008
10.793    -309.842    -0.008
10.804    -310.242    -0.008
10.818    -310.742    -0.008
10.835    -311.342    -0.008
10.847    -311.741    -0.008
10.860    -312.241    -0.008
10.877    -312.841    -0.008
10.889    -313.241    -0.008
10.902    -313.741    -0.008
10.920    -314.340    -0.008
10.931    -314.740    -0.008
10.945    -315.240    -0.008
10.962    -315.840    -0.008
10.973    -316.239    -0.008
10.987    -316.739    -0.008
11.004    -317.339    -0.008
11.015    -317.739    -0.008
11.033    -318.338    -0.008
11.046    -318.838    -0.008
11.058    -319.238    -0.008
11.075    -319.838    -0.008
11.089    -320.337    -0.008
11.102    -320.837    -0.008
11.114    -321.237    -0.008
11.127    -321.737    -0.008
11.141    -322.237    -0.008
11.158    -322.836    -0.008
11.172    -323.336    -0.008
11.183    -323.736    -0.008
11.200    -324.336    -0.008
11.214    -324.835    -0.008
11.226    -325.235    -0.008
11.243    -325.835    -0.008
11.256    -326.335    -0.008
11.268    -326.735    -0.008
11.285    -327.334    -0.008
11.299    -327.834    -0.008
11.310    -328.234    -0.008
11.327    -328.834    -0.009
11.339    -329.233    -0.009
11.352    -329.733    -0.009
11.369    -330.333    -0.009
11.381    -330.733    -0.009
11.395    -331.232    -0.009
11.412    -331.831    -0.009
11.423    -332.231    -0.009
11.437    -332.731    -0.009
11.454    -333.330    -0.009
11.465    -333.730    -0.009
11.479    -334.230    -0.009
11.496    -334.830    -0.009
11.507    -335.230    -0.009
11.521    -335.729    -0.009
11.538    -336.329    -0.009
11.550    -336.729    -0.009
11.567    -337.329    -0.009
11.581    -337.828    -0.009
11.592    -338.228    -0.009
11.609    -338.828    -0.009
11.623    -339.328    -0.009
11.634    -339.727    -0.009
11.651    -340.327    -0.009
11.665    -340.827    -0.009
11.676    -341.227    -0.009
11.690    -341.727    -0.009
11.707    -342.326    -0.009
11.721    -342.826    -0.009
11.732    -343.226    -0.009
11.746    -343.726    -0.009
11.760    -344.225    -0.009
11.777    -344.825    -0.009
11.791    -345.325    -0.009
11.804    -345.825    -0.009
11.818    -346.324    -0.009
11.832    -346.824    -0.009
11.846    -347.324    -0.009
11.859    -347.824    -0.010
11.873    -348.324    -0.010
11.885    -348.723    -0.010
11.898    -349.223    -0.010
11.912    -349.723    -0.010
11.929    -350.323    -0.010
11.943    -350.822    -0.010
11.954    -351.222    -0.010
11.968    -351.722    -0.010
11.985    -352.322    -0.010
11.999    -352.821    -0.010
12.013    -353.321    -0.010
12.026    -353.821    -0.010
12.040    -354.321    -0.010
12.054    -354.821    -0.010
12.065    -355.220    -0.010
12.079    -355.720    -0.010
12.096    -356.320    -0.010
12.110    -356.820    -0.010
12.121    -357.219    -0.010
12.135    -357.719    -0.010
12.152    -358.319    -0.010
12.166    -358.819    -0.010
12.180    -359.318    -0.010
12.193    -359.818    -0.010
12.207    -360.318    -0.010
12.221    -360.818    -0.010
12.232    -361.218    -0.010
12.246    -361.717    -0.010
12.263    -362.317    -0.010
12.277    -362.817    -0.010
12.288    -363.217    -0.010
12.302    -363.716    -0.010
12.316    -364.216    -0.010
12.333    -364.816    -0.010
12.346    -365.316    -0.011
12.360    -365.816    -0.011
12.374    -366.315    -0.011
12.388    -366.815    -0.011
12.401    -367.315    -0.011
12.415    -367.815    -0.011
12.429    -368.314    -0.011
12.440    -368.714    -0.011
12.454    -369.214    -0.011
12.468    -369.714    -0.011
12.485    -370.313    -0.011
12.499    -370.813    -0.011
12.510    -371.213    -0.011
12.524    -371.713    -0.011
12.541    -372.313    -0.011
12.555    -372.812    -0.011
12.568    -373.312    -0.011
12.582    -373.812    -0.011
12.596    -374.312    -0.011
12.610    -374.811    -0.011
12.621    -375.211    -0.011
12.637    -375.711    -0.011
12.654    -376.211    -0.011
12.670    -376.710    -0.011
12.688    -377.210    -0.011
12.705    -377.710    -0.011
12.721    -378.209    -0.011
12.738    -378.709    -0.011
12.755    -379.209    -0.011
12.772    -379.709    -0.011
12.788    -380.208    -0.011
12.805    -380.708    -0.011
12.822    -381.208    -0.011
12.839    -381.707    -0.011
12.855    -382.207    -0.011
12.872    -382.707    -0.012
12.890    -383.206    -0.012
12.907    -383.706    -0.012
12.923    -384.206    -0.012
12.940    -384.706    -0.012
12.957    -385.205    -0.012
12.974    -385.705    -0.012
12.990    -386.205    -0.012
13.007    -386.703    -0.012
13.024    -387.203    -0.012
13.041    -387.703    -0.012
13.057    -388.203    -0.012
13.074    -388.702    -0.012
13.092    -389.202    -0.012
13.109    -389.702    -0.012
13.125    -390.201    -0.012
13.142    -390.701    -0.012
13.159    -391.201    -0.012
13.176    -391.700    -0.012
13.192    -392.200    -0.012
13.209    -392.700    -0.012
13.226    -393.200    -0.012
13.243    -393.699    -0.012
13.260    -394.199    -0.012
13.277    -394.699    -0.012
13.295    -395.198    -0.012
13.312    -395.698    -0.012
13.329    -396.198    -0.012
13.347    -396.697    -0.012
13.365    -397.197    -0.012
13.381    -397.697    -0.012
13.399    -398.196    -0.012
13.417    -398.696    -0.013
13.434    -399.196    -0.013
13.451    -399.696    -0.013
13.468    -400.195    -0.013
13.486    -400.695    -0.013
13.504    -401.195    -0.013
13.520    -401.694    -0.013
13.538    -402.194    -0.013
13.556    -402.694    -0.013
13.573    -403.193    -0.013
13.590    -403.692    -0.013
13.607    -404.192    -0.013
13.625    -404.691    -0.013
13.643    -405.191    -0.013
13.659    -405.691    -0.013
13.677    -406.191    -0.013
13.695    -406.690    -0.013
13.712    -407.190    -0.013
13.729    -407.690    -0.013
13.746    -408.189    -0.013
13.764    -408.689    -0.013
13.781    -409.189    -0.013
13.797    -409.688    -0.013
13.815    -410.188    -0.013
13.833    -410.688    -0.013
13.849    -411.187    -0.013
13.867    -411.687    -0.013
13.885    -412.187    -0.013
13.902    -412.687    -0.013
13.919    -413.186    -0.013
13.937    -413.686    -0.013
13.954    -414.186    -0.014
13.972    -414.685    -0.014
13.989    -415.285    -0.014
14.001    -415.785    -0.014
14.012    -416.285    -0.014
14.025    -416.784    -0.014
14.037    -417.284    -0.014
14.049    -417.784    -0.014
14.060    -418.284    -0.014
14.072    -418.784    -0.014
14.084    -419.284    -0.014
14.095    -419.783    -0.014
14.107    -420.283    -0.014
14.119    -420.783    -0.014
14.131    -421.283    -0.014
14.142    -421.783    -0.014
14.154    -422.282    -0.014
14.166    -422.782    -0.014
14.178    -423.282    -0.014
14.189    -423.782    -0.014
14.201    -424.282    -0.014
14.214    -424.782    -0.014
14.226    -425.281    -0.014
14.237    -425.781    -0.014
14.249    -426.281    -0.014
14.261    -426.781    -0.014
14.273    -427.281    -0.014
14.284    -427.780    -0.014
14.296    -428.280    -0.014
14.308    -428.780    -0.014
14.320    -429.280    -0.015
14.331    -429.780    -0.015
14.344    -430.280    -0.015
14.356    -430.779    -0.015
14.368    -431.279    -0.015
14.379    -431.779    -0.015
14.391    -432.279    -0.015
14.403    -432.779    -0.015
14.415    -433.279    -0.015
14.426    -433.778    -0.015
14.438    -434.278    -0.015
14.450    -434.778    -0.015
14.462    -435.278    -0.015
14.473    -435.778    -0.015
14.485    -436.277    -0.015
14.497    -436.777    -0.015
14.506    -437.177    -0.015
14.521    -437.777    -0.015
14.534    -438.277    -0.015
14.543    -438.677    -0.015
14.559    -439.276    -0.015
14.568    -439.676    -0.015
14.583    -440.276    -0.015
14.595    -440.776    -0.015
14.608    -441.276    -0.015
14.619    -441.775    -0.015
14.632    -442.275    -0.015
14.644    -442.775    -0.015
14.657    -443.275    -0.015
14.668    -443.775    -0.016
14.681    -444.274    -0.016
14.693    -444.774    -0.016
14.705    -445.274    -0.016
14.718    -445.774    -0.016
14.730    -446.274    -0.016
14.743    -446.773    -0.016
14.754    -447.273    -0.016
14.766    -447.773    -0.016
14.779    -448.273    -0.016
14.791    -448.773    -0.016
14.803    -449.273    -0.016
14.815    -449.772    -0.016
14.828    -450.272    -0.016
14.837    -450.672    -0.016
14.852    -451.272    -0.016
14.865    -451.772    -0.016
14.877    -452.271    -0.016
14.890    -452.771    -0.016
14.901    -453.271    -0.016
14.914    -453.771    -0.016
14.926    -454.271    -0.016
14.939    -454.770    -0.016
14.950    -455.270    -0.016
14.962    -455.770    -0.016
14.975    -456.270    -0.016
14.986    -456.770    -0.016
14.994    -457.270    -0.016
15.004    -457.769    -0.016
15.014    -458.269    -0.017
15.024    -458.769    -0.017
15.033    -459.269    -0.017
15.043    -459.769    -0.017
15.053    -460.269    -0.017
15.062    -460.769    -0.017
15.071    -461.269    -0.017
15.081    -461.768    -0.017
15.090    -462.268    -0.017
15.100    -462.768    -0.017
15.109    -463.268    -0.017
15.119    -463.768    -0.017
15.129    -464.268    -0.017
15.139    -464.768    -0.017
15.148    -465.268    -0.017
15.158    -465.767    -0.017
15.167    -466.267    -0.017
15.177    -466.767    -0.017
15.186    -467.267    -0.017
15.195    -467.767    -0.017
15.205    -468.267    -0.017
15.215    -468.767    -0.017
15.224    -469.267    -0.017
15.234    -469.766    -0.017
15.244    -470.266    -0.017
15.253    -470.766    -0.017
15.263    -471.266    -0.017
15.272    -471.766    -0.018
15.282    -472.266    -0.018
15.291    -472.766    -0.018
15.300    -473.266    -0.018
15.309    -473.765    -0.018
15.314    -474.265    -0.018
15.317    -474.765    -0.018
15.322    -475.264    -0.018
15.327    -475.764    -0.018
15.332    -476.264    -0.018
15.336    -476.764    -0.018
15.341    -477.264    -0.018
15.346    -477.764    -0.018
15.351    -478.264    -0.018
15.355    -478.764    -0.018
15.360    -479.264    -0.018
15.365    -479.764    -0.018
15.370    -480.264    -0.018
15.374    -480.764    -0.018
15.379    -481.264    -0.018
15.384    -481.764    -0.018
15.389    -482.264    -0.018
15.393    -482.764    -0.018
15.398    -483.264    -0.018
15.403    -483.764    -0.018
15.408    -484.264    -0.018
15.412    -484.764    -0.018
15.417    -485.263    -0.019
15.422    -485.763    -0.019
15.427    -486.263    -0.019
15.431    -486.763    -0.019
15.436    -487.263    -0.019
15.440    -487.763    -0.019
15.445    -488.263    -0.019
15.449    -488.763    -0.019
15.454    -489.263    -0.019
15.459    -489.763    -0.019
15.464    -490.263    -0.019
15.468    -490.763    -0.019
15.472    -491.263    -0.019
15.477    -491.763    -0.019
15.482    -492.263    -0.019
15.486    -492.763    -0.019
15.491    -493.263    -0.019
15.496    -493.763    -0.019
15.501    -494.263    -0.019
15.505    -494.763    -0.019
15.510    -495.262    -0.019
15.513    -495.762    -0.019
15.515    -496.262    -0.019
15.517    -496.762    -0.019
15.519    -497.262    -0.019
15.522    -497.762    -0.020
15.524    -498.262    -0.020
15.525    -498.762    -0.020
15.528    -499.262    -0.020
15.530    -499.762    -0.020
15.533    -500.262    -0.020
15.534    -500.761    -0.020
15.536    -501.262    -0.020
15.539    -501.762    -0.020
15.540    -502.262    -0.020
15.542    -502.762    -0.020
15.545    -503.262    -0.020
15.547    -503.762    -0.020
15.549    -504.262    -0.020
15.551    -504.762    -0.020
15.554    -505.262    -0.020
15.556    -505.762    -0.020
15.558    -506.261    -0.020
15.560    -506.761    -0.020
15.562    -507.261    -0.020
15.565    -507.761    -0.020
15.566    -508.261    -0.020
15.569    -508.761    -0.020
15.571    -509.261    -0.020
15.573    -509.761    -0.020
15.575    -510.261    -0.020
15.577    -510.761    -0.021
15.580    -511.261    -0.021
15.583    -511.761    -0.021
15.584    -512.261    -0.021
15.586    -512.761    -0.021
15.589    -513.261    -0.021
15.591    -513.761    -0.021
15.592    -514.261    -0.021
15.595    -514.761    -0.021
15.597    -515.261    -0.021
15.599    -515.761    -0.021
15.598    -516.261    -0.021
15.595    -516.760    -0.021
15.592    -517.260    -0.021
15.590    -517.761    -0.021
15.586    -518.261    -0.021
15.583    -518.760    -0.021
15.580    -519.260    -0.021
15.577    -519.760    -0.021
15.573    -520.260    -0.021
15.570    -520.761    -0.021
15.567    -521.260    -0.021
15.564    -521.760    -0.021
15.560    -522.260    -0.021
15.557    -522.760    -0.022
15.554    -523.259    -0.022
15.551    -523.760    -0.022
15.547    -524.260    -0.022
15.544    -524.760    -0.022
15.541    -525.260    -0.022
15.539    -525.759    -0.022
15.535    -526.259    -0.022
15.532    -526.760    -0.022
15.529    -527.260    -0.022
15.525    -527.759    -0.022
15.522    -528.259    -0.022
15.519    -528.759    -0.022
15.516    -529.260    -0.022
15.512    -529.760    -0.022
15.509    -530.259    -0.022
15.506    -530.759    -0.022
15.503    -531.259    -0.022
15.499    -531.759    -0.022
15.496    -532.259    -0.022
15.493    -532.759    -0.022
15.479    -533.359    -0.022
15.467    -533.859    -0.022
15.455    -534.358    -0.022
15.444    -534.758    -0.023
15.429    -535.358    -0.023
15.417    -535.858    -0.023
15.404    -536.358    -0.023
15.394    -536.758    -0.023
15.379    -537.357    -0.023
15.367    -537.857    -0.023
15.354    -538.357    -0.023
15.344    -538.756    -0.023
15.329    -539.356    -0.023
15.317    -539.856    -0.023
15.304    -540.356    -0.023
15.294    -540.756    -0.023
15.279    -541.355    -0.023
15.267    -541.856    -0.023
15.253    -542.355    -0.023
15.241    -542.855    -0.023
15.230    -543.255    -0.023
15.216    -543.854    -0.023
15.203    -544.355    -0.023
15.191    -544.854    -0.023
15.178    -545.354    -0.023
15.166    -545.854    -0.023
15.153    -546.353    -0.023
15.141    -546.854    -0.024
15.128    -547.353    -0.024
15.115    -547.853    -0.024
15.103    -548.353    -0.024
15.091    -548.852    -0.024
15.078    -549.353    -0.024
15.065    -549.852    -0.024
15.053    -550.352    -0.024
15.041    -550.852    -0.024
15.028    -551.351    -0.024
15.015    -551.852    -0.024
15.003    -552.351    -0.024
14.990    -552.852    -0.024
14.978    -553.351    -0.024
14.965    -553.850    -0.024
14.952    -554.351    -0.024
14.940    -554.850    -0.024
14.929    -555.250    -0.024
14.914    -555.850    -0.024
14.902    -556.349    -0.024
14.890    -556.850    -0.024
14.879    -557.249    -0.024
14.860    -557.849    -0.024
14.841    -558.348    -0.025
14.823    -558.848    -0.025
14.803    -559.348    -0.025
14.785    -559.848    -0.025
14.766    -560.347    -0.025
14.748    -560.847    -0.025
14.728    -561.346    -0.025
14.709    -561.846    -0.025
14.691    -562.345    -0.025
14.672    -562.845    -0.025
14.653    -563.344    -0.025
14.634    -563.844    -0.025
14.615    -564.344    -0.025
14.596    -564.843    -0.025
14.577    -565.343    -0.025
14.558    -565.842    -0.025
14.540    -566.342    -0.025
14.520    -566.841    -0.025
14.502    -567.342    -0.025
14.483    -567.841    -0.025
14.464    -568.341    -0.025
14.444    -568.840    -0.025
14.426    -569.340    -0.026
14.407    -569.840    -0.026
14.387    -570.339    -0.026
14.359    -570.838    -0.026
14.332    -571.338    -0.026
14.305    -571.836    -0.026
14.278    -572.336    -0.026
14.250    -572.835    -0.026
14.222    -573.335    -0.026
14.195    -573.833    -0.026
14.167    -574.333    -0.026
14.140    -574.832    -0.026
14.113    -575.331    -0.026
14.086    -575.830    -0.026
14.058    -576.329    -0.026
14.031    -576.829    -0.026
14.003    -577.328    -0.026
13.975    -577.827    -0.026
13.946    -578.326    -0.026
13.915    -578.825    -0.026
13.884    -579.324    -0.026
13.851    -579.824    -0.026
13.820    -580.322    -0.026
13.789    -580.821    -0.027
13.757    -581.320    -0.027
13.726    -581.819    -0.027
13.695    -582.318    -0.027
13.664    -582.817    -0.027
13.632    -583.316    -0.027
13.601    -583.815    -0.027
13.571    -584.314    -0.027
13.539    -584.813    -0.027
13.508    -585.312    -0.027
13.478    -585.811    -0.027
13.446    -586.310    -0.027
13.414    -586.809    -0.027
13.383    -587.308    -0.027
13.352    -587.807    -0.027
13.321    -588.306    -0.027
13.290    -588.805    -0.027
13.258    -589.303    -0.027
13.227    -589.803    -0.027
13.194    -590.302    -0.027
13.149    -590.900    -0.027
13.112    -591.398    -0.028
13.074    -591.897    -0.028
13.037    -592.395    -0.028
12.999    -592.894    -0.028
12.961    -593.392    -0.028
12.924    -593.891    -0.028
12.886    -594.390    -0.028
12.848    -594.888    -0.028
12.811    -595.387    -0.028
12.773    -595.885    -0.028
12.735    -596.384    -0.028
12.698    -596.882    -0.028
12.661    -597.381    -0.028
12.622    -597.879    -0.028
12.585    -598.378    -0.028
12.539    -598.876    -0.028
12.491    -599.373    -0.028
12.445    -599.872    -0.028
12.399    -600.369    -0.028
12.352    -600.867    -0.028
12.306    -601.365    -0.028
12.260    -601.862    -0.028
12.212    -602.360    -0.029
12.166    -602.858    -0.029
12.120    -603.356    -0.029
12.074    -603.854    -0.029
12.027    -604.351    -0.029
11.981    -604.849    -0.029
11.935    -605.348    -0.029
11.888    -605.845    -0.029
11.841    -606.343    -0.029
11.795    -606.840    -0.029
11.748    -607.338    -0.029
11.702    -607.837    -0.029
11.655    -608.334    -0.029
11.608    -608.832    -0.029
11.562    -609.329    -0.029
11.516    -609.827    -0.029
11.469    -610.326    -0.029
11.419    -610.823    -0.029
11.369    -611.320    -0.029
11.318    -611.817    -0.029
11.268    -612.315    -0.029
11.218    -612.812    -0.030
11.167    -613.309    -0.030
11.117    -613.807    -0.030
11.067    -614.305    -0.030
11.017    -614.802    -0.030
10.966    -615.299    -0.030
10.915    -615.797    -0.030
10.865    -616.294    -0.030
10.814    -616.791    -0.030
10.764    -617.288    -0.030
10.714    -617.787    -0.030
10.651    -618.383    -0.030
10.603    -618.780    -0.030
10.543    -619.276    -0.030
10.482    -619.773    -0.030
10.422    -620.269    -0.030
10.350    -620.865    -0.030
10.289    -621.361    -0.030
10.242    -621.758    -0.030
10.181    -622.254    -0.030
10.121    -622.751    -0.031
10.061    -623.247    -0.031
10.000    -623.744    -0.031
9.928    -624.338    -0.031
9.881    -624.736    -0.031
9.820    -625.232    -0.031
9.748    -625.828    -0.031
9.701    -626.225    -0.031
9.640    -626.722    -0.031
9.568    -627.317    -0.031
9.508    -627.813    -0.031
9.460    -628.210    -0.031
9.400    -628.707    -0.031
9.340    -629.203    -0.031
9.279    -629.700    -0.031
9.205    -630.295    -0.031
9.135    -630.789    -0.031
9.063    -631.284    -0.031
8.992    -631.779    -0.031
8.922    -632.274    -0.031
8.850    -632.769    -0.031
8.779    -633.264    -0.032
8.708    -633.759    -0.032
8.637    -634.254    -0.032
8.567    -634.749    -0.032
8.495    -635.243    -0.032
8.425    -635.738    -0.032
8.353    -636.234    -0.032
8.283    -636.729    -0.032
8.212    -637.223    -0.032
8.140    -637.718    -0.032
8.070    -638.213    -0.032
7.999    -638.708    -0.032
7.921    -639.202    -0.032
7.841    -639.696    -0.032
7.761    -640.188    -0.032
7.681    -640.682    -0.032
7.600    -641.175    -0.032
7.521    -641.669    -0.032
7.441    -642.162    -0.032
7.361    -642.656    -0.032
7.281    -643.149    -0.033
7.201    -643.643    -0.033
7.121    -644.137    -0.033
7.041    -644.630    -0.033
6.961    -645.124    -0.033
6.881    -645.617    -0.033
6.801    -646.111    -0.033
6.721    -646.604    -0.033
6.641    -647.098    -0.033
6.562    -647.591    -0.033
6.482    -648.085    -0.033
6.401    -648.579    -0.033
6.322    -649.072    -0.033
6.241    -649.566    -0.033
6.161    -650.059    -0.033
6.081    -650.553    -0.033
5.977    -651.144    -0.033
5.886    -651.635    -0.033
5.794    -652.126    -0.033
5.703    -652.618    -0.033
5.610    -653.110    -0.034
5.519    -653.601    -0.034
5.427    -654.092    -0.034
5.336    -654.584    -0.034
5.245    -655.076    -0.034
5.153    -655.567    -0.034
5.061    -656.058    -0.034
4.969    -656.550    -0.034
4.878    -657.042    -0.034
4.786    -657.533    -0.034
4.695    -658.024    -0.034
4.603    -658.516    -0.034
4.511    -659.008    -0.034
4.411    -659.497    -0.034
4.310    -659.986    -0.034
4.209    -660.477    -0.034
4.108    -660.966    -0.034
4.007    -661.456    -0.034
3.906    -661.945    -0.034
3.805    -662.435    -0.035
3.704    -662.924    -0.035
3.603    -663.415    -0.035
3.503    -663.904    -0.035
3.401    -664.394    -0.035
3.300    -664.883    -0.035
3.199    -665.373    -0.035
3.098    -665.863    -0.035
2.997    -666.353    -0.035
2.896    -666.842    -0.035
2.795    -667.331    -0.035
2.694    -667.821    -0.035
2.594    -668.311    -0.035
2.492    -668.801    -0.035
2.392    -669.290    -0.035
2.290    -669.780    -0.035
2.190    -670.269    -0.035
2.088    -670.759    -0.035
1.988    -671.249    -0.035
1.858    -671.834    -0.035
1.747    -672.322    -0.036
1.636    -672.810    -0.036
1.525    -673.298    -0.036
1.414    -673.785    -0.036
1.304    -674.272    -0.036
1.193    -674.760    -0.036
1.083    -675.247    -0.036
0.972    -675.735    -0.036
0.861    -676.223    -0.036
0.751    -676.710    -0.036
0.640    -677.198    -0.036
0.530    -677.686    -0.036
0.419    -678.173    -0.036
0.309    -678.660    -0.036
0.198    -679.148    -0.036
0.078    -679.634    -0.036
-0.045    -680.118    -0.036
-0.170    -680.602    -0.036
-0.295    -681.086    -0.036
-0.419    -681.571    -0.037
-0.544    -682.055    -0.037
-0.668    -682.539    -0.037
-0.793    -683.023    -0.037
-0.918    -683.507    -0.037
-1.042    -683.991    -0.037
-1.167    -684.475    -0.037
-1.292    -684.960    -0.037
-1.416    -685.444    -0.037
-1.541    -685.928    -0.037
-1.666    -686.412    -0.037
-1.790    -686.896    -0.037
-1.915    -687.380    -0.037
-2.040    -687.864    -0.037
-2.164    -688.349    -0.037
-2.290    -688.833    -0.037
-2.415    -689.317    -0.037
-2.539    -689.801    -0.037
-2.664    -690.285    -0.037
-2.789    -690.769    -0.038
-2.913    -691.253    -0.038
-3.075    -691.831    -0.038
-3.212    -692.312    -0.038
-3.350    -692.793    -0.038
-3.488    -693.273    -0.038
-3.626    -693.754    -0.038
-3.763    -694.235    -0.038
-3.901    -694.715    -0.038
-4.039    -695.196    -0.038
-4.177    -695.676    -0.038
-4.314    -696.157    -0.038
-4.452    -696.638    -0.038
-4.590    -697.118    -0.038
-4.727    -697.599    -0.038
-4.865    -698.079    -0.038
-5.004    -698.560    -0.038
-5.142    -699.040    -0.038
-5.283    -699.520    -0.038
-5.430    -699.998    -0.039
-5.577    -700.476    -0.039
-5.724    -700.953    -0.039
-5.871    -701.432    -0.039
-6.017    -701.909    -0.039
-6.164    -702.387    -0.039
-6.311    -702.865    -0.039
-6.458    -703.343    -0.039
-6.606    -703.821    -0.039
-6.752    -704.299    -0.039
-6.899    -704.777    -0.039
-7.046    -705.254    -0.039
-7.193    -705.733    -0.039
-7.340    -706.210    -0.039
-7.486    -706.688    -0.039
-7.633    -707.166    -0.039
-7.781    -707.644    -0.039
-7.928    -708.121    -0.039
-8.075    -708.600    -0.039
-8.221    -709.078    -0.040
-8.368    -709.555    -0.040
-8.515    -710.034    -0.040
-8.662    -710.511    -0.040
-8.809    -710.990    -0.040
-8.990    -711.561    -0.040
-9.148    -712.036    -0.040
-9.306    -712.510    -0.040
-9.463    -712.984    -0.040
-9.589    -713.364    -0.040
-9.778    -713.934    -0.040
-9.904    -714.313    -0.040
-10.092    -714.883    -0.040
-10.250    -715.357    -0.040
-10.426    -715.825    -0.040
-10.604    -716.292    -0.040
-10.773    -716.762    -0.040
-10.938    -717.235    -0.040
-11.103    -717.707    -0.041
-11.268    -718.179    -0.041
-11.432    -718.651    -0.041
-11.597    -719.123    -0.041
-11.762    -719.595    -0.041
-11.926    -720.067    -0.041
-12.090    -720.540    -0.041
-12.254    -721.012    -0.041
-12.419    -721.484    -0.041
-12.583    -721.955    -0.041
-12.748    -722.428    -0.041
-12.912    -722.900    -0.041
-13.126    -723.461    -0.041
-13.308    -723.926    -0.041
-13.454    -724.298    -0.041
-13.672    -724.858    -0.041
-13.854    -725.323    -0.041
-14.036    -725.788    -0.041
-14.182    -726.161    -0.041
-14.400    -726.720    -0.042
-14.583    -727.186    -0.042
-14.765    -727.651    -0.042
-14.911    -728.023    -0.042
-15.082    -728.493    -0.042
-15.253    -728.964    -0.042
-15.423    -729.434    -0.042
-15.593    -729.904    -0.042
-15.764    -730.374    -0.042
-15.970    -730.937    -0.042
-16.161    -731.398    -0.042
-16.352    -731.861    -0.042
-16.542    -732.324    -0.042
-16.733    -732.785    -0.042
-16.923    -733.248    -0.042
-17.115    -733.709    -0.042
-17.305    -734.172    -0.042
-17.495    -734.634    -0.042
-17.686    -735.096    -0.043
-17.876    -735.559    -0.043
-18.067    -736.021    -0.043
-18.258    -736.483    -0.043
-18.448    -736.945    -0.043
-18.639    -737.408    -0.043
-18.829    -737.869    -0.043
-19.020    -738.332    -0.043
-19.211    -738.793    -0.043
-19.408    -739.253    -0.043
-19.607    -739.712    -0.043
-19.806    -740.171    -0.043
-20.006    -740.629    -0.043
-20.205    -741.087    -0.043
-20.404    -741.546    -0.043
-20.603    -742.005    -0.043
-20.803    -742.464    -0.043
-21.002    -742.921    -0.043
-21.201    -743.380    -0.043
-21.400    -743.839    -0.044
-21.600    -744.298    -0.044
-21.799    -744.755    -0.044
-21.998    -745.214    -0.044
-22.198    -745.673    -0.044
-22.397    -746.132    -0.044
-22.596    -746.590    -0.044
-22.795    -747.048    -0.044
-22.995    -747.507    -0.044
-23.194    -747.966    -0.044
-23.392    -748.425    -0.044
-23.591    -748.882    -0.044
-23.791    -749.341    -0.044
-23.990    -749.800    -0.044
-24.246    -750.343    -0.044
-24.462    -750.793    -0.044
-24.678    -751.244    -0.044
-24.894    -751.696    -0.044
-25.110    -752.147    -0.045
-25.325    -752.597    -0.045
-25.541    -753.048    -0.045
-25.757    -753.499    -0.045
-25.973    -753.950    -0.045
-26.189    -754.402    -0.045
-26.405    -754.853    -0.045
-26.620    -755.303    -0.045
-26.837    -755.754    -0.045
-27.052    -756.205    -0.045
-27.267    -756.656    -0.045
-27.484    -757.106    -0.045
-27.754    -757.642    -0.045
-27.980    -758.088    -0.045
-28.206    -758.535    -0.045
-28.432    -758.981    -0.045
-28.658    -759.426    -0.045
-28.883    -759.873    -0.045
-29.109    -760.319    -0.046
-29.334    -760.766    -0.046
-29.560    -761.212    -0.046
-29.786    -761.657    -0.046
-30.011    -762.104    -0.046
-30.237    -762.550    -0.046
-30.461    -762.997    -0.046
-30.687    -763.443    -0.046
-30.867    -763.799    -0.046
-31.138    -764.335    -0.046
-31.363    -764.781    -0.046
-31.589    -765.227    -0.046
-31.816    -765.674    -0.046
-32.041    -766.119    -0.046
-32.267    -766.566    -0.046
-32.492    -767.012    -0.046
-32.717    -767.458    -0.046
-32.946    -767.903    -0.046
-33.189    -768.340    -0.047
-33.431    -768.777    -0.047
-33.674    -769.214    -0.047
-33.917    -769.651    -0.047
-34.159    -770.088    -0.047
-34.402    -770.526    -0.047
-34.645    -770.962    -0.047
-34.888    -771.400    -0.047
-35.129    -771.837    -0.047
-35.372    -772.274    -0.047
-35.615    -772.712    -0.047
-35.858    -773.148    -0.047
-36.101    -773.585    -0.047
-36.343    -774.023    -0.047
-36.585    -774.460    -0.047
-36.880    -774.983    -0.047
-37.131    -775.416    -0.047
-37.381    -775.848    -0.047
-37.632    -776.281    -0.047
-37.881    -776.714    -0.048
-38.132    -777.147    -0.048
-38.382    -777.578    -0.048
-38.633    -778.011    -0.048
-38.884    -778.444    -0.048
-39.134    -778.877    -0.048
-39.385    -779.309    -0.048
-39.635    -779.742    -0.048
-39.885    -780.175    -0.048
-40.135    -780.607    -0.048
-40.386    -781.040    -0.048
-40.637    -781.473    -0.048
-40.887    -781.906    -0.048
-41.137    -782.339    -0.048
-41.388    -782.772    -0.048
-41.638    -783.204    -0.048
-41.889    -783.637    -0.048
-42.139    -784.070    -0.048
-42.389    -784.502    -0.049
-42.639    -784.935    -0.049
-42.898    -785.363    -0.049
-43.162    -785.787    -0.049
-43.425    -786.213    -0.049
-43.689    -786.637    -0.049
-43.952    -787.062    -0.049
-44.217    -787.487    -0.049
-44.480    -787.912    -0.049
-44.744    -788.337    -0.049
-45.007    -788.761    -0.049
-45.270    -789.187    -0.049
-45.534    -789.612    -0.049
-45.798    -790.036    -0.049
-46.061    -790.461    -0.049
-46.325    -790.886    -0.049
-46.588    -791.311    -0.049
-46.852    -791.735    -0.049
-47.172    -792.243    -0.050
-47.448    -792.660    -0.050
-47.723    -793.077    -0.050
-47.999    -793.495    -0.050
-48.274    -793.912    -0.050
-48.550    -794.329    -0.050
-48.825    -794.746    -0.050
-49.101    -795.163    -0.050
-49.376    -795.580    -0.050
-49.652    -795.998    -0.050
-49.927    -796.415    -0.050
-50.202    -796.832    -0.050
-50.478    -797.250    -0.050
-50.754    -797.666    -0.050
-51.029    -798.084    -0.050
-51.305    -798.501    -0.050
-51.580    -798.918    -0.050
-51.856    -799.335    -0.050
-52.132    -799.752    -0.051
-52.407    -800.169    -0.051
-52.682    -800.587    -0.051
-52.958    -801.003    -0.051
-53.234    -801.421    -0.051
-53.509    -801.839    -0.051
-53.855    -802.329    -0.051
-54.147    -802.734    -0.051
-54.441    -803.139    -0.051
-54.733    -803.544    -0.051
-55.027    -803.949    -0.051
-55.319    -804.354    -0.051
-55.613    -804.760    -0.051
-55.906    -805.165    -0.051
-56.199    -805.570    -0.051
-56.492    -805.974    -0.051
-56.785    -806.379    -0.051
-57.078    -806.784    -0.051
-57.370    -807.190    -0.051
-57.664    -807.595    -0.052
-57.956    -808.000    -0.052
-58.249    -808.405    -0.052
-58.549    -808.805    -0.052
-58.848    -809.206    -0.052
-59.147    -809.608    -0.052
-59.446    -810.008    -0.052
-59.745    -810.408    -0.052
-60.045    -810.809    -0.052
-60.344    -811.209    -0.052
-60.643    -811.609    -0.052
-60.943    -812.010    -0.052
-61.242    -812.410    -0.052
-61.541    -812.810    -0.052
-61.841    -813.212    -0.052
-62.140    -813.612    -0.052
-62.439    -814.012    -0.052
-62.739    -814.413    -0.052
-63.038    -814.813    -0.053
-63.337    -815.213    -0.053
-63.637    -815.614    -0.053
-63.936    -816.014    -0.053
-64.235    -816.414    -0.053
-64.535    -816.816    -0.053
-64.834    -817.216    -0.053
-65.133    -817.616    -0.053
-65.433    -818.017    -0.053
-65.802    -818.489    -0.053
-66.112    -818.882    -0.053
-66.360    -819.196    -0.053
-66.731    -819.667    -0.053
-67.041    -820.059    -0.053
-67.351    -820.451    -0.053
-67.661    -820.845    -0.053
-67.908    -821.159    -0.053
-68.218    -821.551    -0.053
-68.589    -822.022    -0.054
-68.899    -822.414    -0.054
-69.209    -822.807    -0.054
-69.519    -823.200    -0.054
-69.766    -823.514    -0.054
-70.137    -823.985    -0.054
-70.448    -824.376    -0.054
-70.768    -824.760    -0.054
-71.089    -825.143    -0.054
-71.410    -825.527    -0.054
-71.730    -825.910    -0.054
-72.051    -826.294    -0.054
-72.372    -826.678    -0.054
-72.692    -827.061    -0.054
-73.014    -827.445    -0.054
-73.335    -827.828    -0.054
-73.655    -828.212    -0.054
-73.976    -828.596    -0.054
-74.297    -828.978    -0.054
-74.618    -829.362    -0.055
-74.939    -829.746    -0.055
-75.260    -830.128    -0.055
-75.580    -830.512    -0.055
-75.901    -830.895    -0.055
-76.222    -831.279    -0.055
-76.542    -831.663    -0.055
-76.863    -832.046    -0.055
-77.184    -832.430    -0.055
-77.504    -832.813    -0.055
-77.825    -833.197    -0.055
-78.213    -833.655    -0.055
-78.546    -834.027    -0.055
-78.880    -834.400    -0.055
-79.214    -834.772    -0.055
-79.548    -835.144    -0.055
-79.881    -835.517    -0.055
-80.215    -835.889    -0.055
-80.549    -836.261    -0.055
-80.882    -836.633    -0.056
-81.217    -837.005    -0.056
-81.550    -837.377    -0.056
-81.884    -837.749    -0.056
-82.217    -838.122    -0.056
-82.552    -838.494    -0.056
-82.885    -838.867    -0.056
-83.218    -839.239    -0.056
-83.554    -839.610    -0.056
-83.895    -839.975    -0.056
-84.237    -840.340    -0.056
-84.579    -840.705    -0.056
-84.921    -841.070    -0.056
-85.262    -841.434    -0.056
-85.604    -841.799    -0.056
-85.946    -842.165    -0.056
-86.288    -842.530    -0.056
-86.629    -842.895    -0.056
-86.971    -843.260    -0.057
-87.312    -843.625    -0.057
-87.654    -843.990    -0.057
-87.995    -844.355    -0.057
-88.337    -844.720    -0.057
-88.679    -845.085    -0.057
-89.021    -845.449    -0.057
-89.362    -845.814    -0.057
-89.704    -846.180    -0.057
-90.045    -846.545    -0.057
-90.388    -846.910    -0.057
-90.729    -847.275    -0.057
-91.071    -847.640    -0.057
-91.412    -848.005    -0.057
-91.903    -848.504    -0.057
-92.269    -848.844    -0.057
-92.634    -849.186    -0.057
-92.999    -849.528    -0.057
-93.364    -849.869    -0.057
-93.648    -850.150    -0.058
-94.001    -850.504    -0.058
-94.353    -850.860    -0.058
-94.705    -851.215    -0.058
-95.057    -851.569    -0.058
-95.409    -851.925    -0.058
-95.762    -852.280    -0.058
-96.113    -852.634    -0.058
-96.466    -852.990    -0.058
-96.818    -853.344    -0.058
-97.170    -853.698    -0.058
-97.603    -854.114    -0.058
-97.968    -854.455    -0.058
-98.333    -854.798    -0.058
-98.698    -855.140    -0.058
-99.063    -855.481    -0.058
-99.427    -855.823    -0.058
-99.792    -856.165    -0.058
-100.157    -856.507    -0.058
-100.522    -856.849    -0.059
-100.887    -857.190    -0.059
-101.252    -857.532    -0.059
-101.616    -857.874    -0.059
-101.981    -858.215    -0.059
-102.346    -858.558    -0.059
-102.711    -858.900    -0.059
-103.076    -859.241    -0.059
-103.441    -859.583    -0.059
-103.806    -859.925    -0.059
-104.171    -860.266    -0.059
-104.536    -860.609    -0.059
-104.901    -860.950    -0.059
-105.266    -861.292    -0.059
-105.630    -861.634    -0.059
-105.995    -861.975    -0.059
-106.369    -862.307    -0.059
-106.743    -862.639    -0.059
-107.117    -862.971    -0.059
-107.491    -863.303    -0.060
-107.865    -863.635    -0.060
-108.239    -863.966    -0.060
-108.614    -864.297    -0.060
-108.988    -864.629    -0.060
-109.361    -864.961    -0.060
-109.736    -865.293    -0.060
-110.110    -865.624    -0.060
-110.484    -865.956    -0.060
-110.858    -866.287    -0.060
-111.233    -866.619    -0.060
-111.606    -866.951    -0.060
-111.980    -867.283    -0.060
-112.436    -867.672    -0.060
-112.820    -867.993    -0.060
-113.203    -868.314    -0.060
-113.588    -868.634    -0.060
-113.971    -868.955    -0.060
-114.355    -869.275    -0.060
-114.738    -869.596    -0.060
-115.122    -869.917    -0.061
-115.506    -870.237    -0.061
-115.889    -870.558    -0.061
-116.272    -870.880    -0.061
-116.655    -871.200    -0.061
-117.040    -871.521    -0.061
-117.423    -871.841    -0.061
-117.807    -872.162    -0.061
-118.190    -872.483    -0.061
-118.574    -872.803    -0.061
-118.957    -873.124    -0.061
-119.341    -873.444    -0.061
-119.725    -873.765    -0.061
-120.108    -874.086    -0.061
-120.492    -874.406    -0.061
-120.875    -874.727    -0.061
-121.259    -875.049    -0.061
-121.648    -875.362    -0.061
-122.039    -875.673    -0.061
-122.430    -875.984    -0.062
-122.822    -876.295    -0.062
-123.212    -876.607    -0.062
-123.604    -876.918    -0.062
-123.995    -877.230    -0.062
-124.386    -877.541    -0.062
-124.777    -877.853    -0.062
-125.168    -878.164    -0.062
-125.560    -878.475    -0.062
-125.951    -878.786    -0.062
-126.342    -879.098    -0.062
-126.733    -879.409    -0.062
-127.124    -879.721    -0.062
-127.595    -880.092    -0.062
-127.994    -880.394    -0.062
-128.393    -880.694    -0.062
-128.792    -880.996    -0.062
-129.191    -881.297    -0.062
-129.590    -881.598    -0.062
-129.990    -881.899    -0.062
-130.389    -882.199    -0.063
-130.788    -882.501    -0.063
-131.187    -882.802    -0.063
-131.586    -883.103    -0.063
-131.985    -883.404    -0.063
-132.384    -883.706    -0.063
-132.785    -884.006    -0.063
-133.183    -884.307    -0.063
-133.583    -884.608    -0.063
-133.982    -884.909    -0.063
-134.381    -885.210    -0.063
-134.781    -885.511    -0.063
-135.180    -885.813    -0.063
-135.579    -886.113    -0.063
-135.978    -886.415    -0.063
-136.377    -886.715    -0.063
-136.776    -887.016    -0.063
-137.260    -887.371    -0.063
-137.672    -887.655    -0.063
-138.082    -887.939    -0.063
-138.494    -888.224    -0.064
-138.822    -888.451    -0.064
-139.315    -888.793    -0.064
-139.727    -889.078    -0.064
-140.137    -889.363    -0.064
-140.548    -889.648    -0.064
-140.960    -889.932    -0.064
-141.370    -890.217    -0.064
-141.782    -890.502    -0.064
-142.192    -890.786    -0.064
-142.603    -891.071    -0.064
-143.015    -891.356    -0.064
-143.425    -891.640    -0.064
-143.839    -891.921    -0.064
-144.256    -892.197    -0.064
-144.673    -892.472    -0.064
-145.091    -892.748    -0.064
-145.508    -893.023    -0.064
-145.925    -893.299    -0.064
-146.342    -893.573    -0.064
-146.760    -893.849    -0.065
-147.178    -894.124    -0.065
-147.594    -894.400    -0.065
-148.012    -894.675    -0.065
-148.428    -894.951    -0.065
-148.846    -895.227    -0.065
-149.264    -895.501    -0.065
-149.680    -895.777    -0.065
-150.098    -896.052    -0.065
-150.516    -896.328    -0.065
-150.932    -896.603    -0.065
-151.350    -896.879    -0.065
-151.767    -897.154    -0.065
-152.184    -897.429    -0.065
-152.602    -897.704    -0.065
-153.019    -897.980    -0.065
-153.436    -898.255    -0.065
-153.941    -898.579    -0.065
-154.366    -898.843    -0.065
-154.791    -899.106    -0.065
-155.216    -899.370    -0.065
-155.641    -899.633    -0.066
-156.066    -899.897    -0.066
-156.491    -900.161    -0.066
-156.916    -900.424    -0.066
-157.340    -900.687    -0.066
-157.765    -900.951    -0.066
-158.190    -901.214    -0.066
-158.615    -901.478    -0.066
-159.040    -901.741    -0.066
-159.465    -902.005    -0.066
-159.890    -902.268    -0.066
-160.315    -902.532    -0.066
-160.744    -902.789    -0.066
-161.176    -903.039    -0.066
-161.608    -903.290    -0.066
-162.041    -903.540    -0.066
-162.474    -903.790    -0.066
-162.907    -904.042    -0.066
-163.339    -904.292    -0.066
-163.772    -904.543    -0.066
-164.204    -904.793    -0.066
-164.638    -905.043    -0.067
-165.070    -905.294    -0.067
-165.503    -905.545    -0.067
-165.935    -905.795    -0.067
-166.367    -906.045    -0.067
-166.801    -906.296    -0.067
-167.233    -906.547    -0.067
-167.666    -906.798    -0.067
-168.098    -907.048    -0.067
-168.531    -907.298    -0.067
-168.964    -907.550    -0.067
-169.396    -907.800    -0.067
-169.829    -908.050    -0.067
-170.261    -908.300    -0.067
-170.694    -908.551    -0.067
-171.219    -908.842    -0.067
-171.658    -909.081    -0.067
-172.098    -909.320    -0.067
-172.536    -909.559    -0.067
-172.975    -909.798    -0.067
-173.415    -910.037    -0.067
-173.853    -910.276    -0.068
-174.293    -910.515    -0.068
-174.732    -910.754    -0.068
-175.171    -910.993    -0.068
-175.610    -911.232    -0.068
-176.050    -911.471    -0.068
-176.488    -911.710    -0.068
-176.928    -911.949    -0.068
-177.367    -912.188    -0.068
-177.806    -912.427    -0.068
-178.252    -912.652    -0.068
-178.699    -912.876    -0.068
-179.235    -913.145    -0.068
-179.593    -913.324    -0.068
-180.040    -913.549    -0.068
-180.487    -913.773    -0.068
-180.933    -913.998    -0.068
-181.380    -914.223    -0.068
-181.827    -914.447    -0.068
-182.363    -914.716    -0.068
-182.721    -914.895    -0.068
-183.167    -915.120    -0.068
-183.614    -915.344    -0.069
-184.150    -915.613    -0.069
-184.508    -915.792    -0.069
-184.955    -916.017    -0.069
-185.402    -916.241    -0.069
-185.848    -916.466    -0.069
-186.295    -916.690    -0.069
-186.741    -916.915    -0.069
-187.278    -917.184    -0.069
-187.635    -917.363    -0.069
-188.081    -917.588    -0.069
-188.620    -917.851    -0.069
-189.071    -918.067    -0.069
-189.523    -918.283    -0.069
-189.974    -918.498    -0.069
-190.425    -918.713    -0.069
-190.876    -918.929    -0.069
-191.328    -919.144    -0.069
-191.779    -919.359    -0.069
-192.231    -919.574    -0.069
-192.683    -919.786    -0.069
-193.139    -919.992    -0.069
-193.594    -920.198    -0.070
-194.050    -920.403    -0.070
-194.506    -920.609    -0.070
-194.961    -920.815    -0.070
-195.417    -921.021    -0.070
-195.966    -921.265    -0.070
-196.424    -921.463    -0.070
-196.882    -921.662    -0.070
-197.341    -921.861    -0.070
-197.800    -922.060    -0.070
-198.259    -922.259    -0.070
-198.717    -922.457    -0.070
-199.177    -922.656    -0.070
-199.543    -922.816    -0.070
-200.001    -923.015    -0.070
-200.461    -923.214    -0.070
-200.919    -923.412    -0.070
-201.378    -923.611    -0.070
-201.928    -923.850    -0.070
-202.386    -924.049    -0.070
-202.846    -924.248    -0.070
-203.212    -924.407    -0.070
-203.671    -924.606    -0.070
-204.221    -924.845    -0.071
-204.681    -925.044    -0.071
-205.139    -925.243    -0.071
-205.597    -925.442    -0.071
-206.057    -925.640    -0.071
-206.515    -925.839    -0.071
-206.974    -926.038    -0.071
-207.437    -926.226    -0.071
-207.901    -926.414    -0.071
-208.364    -926.602    -0.071
-208.827    -926.790    -0.071
-209.291    -926.978    -0.071
-209.754    -927.165    -0.071
-210.217    -927.353    -0.071
-210.681    -927.540    -0.071
-211.144    -927.728    -0.071
-211.607    -927.916    -0.071
-212.071    -928.104    -0.071
-212.534    -928.292    -0.071
-212.997    -928.480    -0.071
-213.461    -928.667    -0.071
-213.924    -928.855    -0.071
-214.483    -929.074    -0.071
-214.952    -929.246    -0.072
-215.421    -929.419    -0.072
-215.890    -929.592    -0.072
-216.266    -929.730    -0.072
-216.735    -929.903    -0.072
-217.298    -930.110    -0.072
-217.767    -930.284    -0.072
-218.236    -930.457    -0.072
-218.705    -930.631    -0.072
-219.174    -930.804    -0.072
-219.643    -930.977    -0.072
-220.112    -931.149    -0.072
-220.581    -931.322    -0.072
-221.050    -931.495    -0.072
-221.519    -931.668    -0.072
-221.988    -931.841    -0.072
-222.457    -932.014    -0.072
-222.833    -932.152    -0.072
-223.302    -932.325    -0.072
-223.864    -932.532    -0.072
-224.333    -932.705    -0.072
-224.802    -932.878    -0.072
-225.271    -933.051    -0.072
-225.743    -933.219    -0.072
-226.216    -933.381    -0.073
-226.690    -933.541    -0.073
-227.164    -933.701    -0.073
-227.637    -933.861    -0.073
-228.110    -934.021    -0.073
-228.584    -934.181    -0.073
-229.058    -934.341    -0.073
-229.531    -934.503    -0.073
-230.005    -934.663    -0.073
-230.478    -934.823    -0.073
-230.952    -934.983    -0.073
-231.425    -935.144    -0.073
-231.899    -935.304    -0.073
-232.372    -935.465    -0.073
-232.845    -935.625    -0.073
-233.417    -935.807    -0.073
-233.896    -935.951    -0.073
-234.375    -936.095    -0.073
-234.853    -936.239    -0.073
-235.333    -936.382    -0.073
-235.812    -936.527    -0.073
-236.291    -936.670    -0.073
-236.769    -936.814    -0.073
-237.248    -936.957    -0.073
-237.727    -937.102    -0.073
-238.205    -937.246    -0.074
-238.684    -937.390    -0.074
-239.163    -937.533    -0.074
-239.642    -937.678    -0.074
-240.120    -937.821    -0.074
-240.600    -937.965    -0.074
-241.079    -938.110    -0.074
-241.557    -938.253    -0.074
-242.036    -938.397    -0.074
-242.515    -938.541    -0.074
-242.994    -938.685    -0.074
-243.472    -938.829    -0.074
-243.951    -938.973    -0.074
-244.430    -939.118    -0.074
-244.910    -939.257    -0.074
-245.391    -939.389    -0.074
-245.873    -939.523    -0.074
-246.355    -939.656    -0.074
-246.837    -939.788    -0.074
-247.319    -939.922    -0.074
-247.801    -940.055    -0.074
-248.283    -940.188    -0.074
-248.765    -940.322    -0.074
-249.247    -940.454    -0.074
-249.729    -940.587    -0.074
-250.211    -940.721    -0.074
-250.693    -940.853    -0.075
-251.175    -940.986    -0.075
-251.657    -941.120    -0.075
-252.139    -941.252    -0.075
-252.722    -941.396    -0.075
-253.207    -941.513    -0.075
-253.693    -941.631    -0.075
-254.180    -941.748    -0.075
-254.665    -941.865    -0.075
-255.151    -941.983    -0.075
-255.637    -942.100    -0.075
-256.123    -942.218    -0.075
-256.609    -942.335    -0.075
-257.095    -942.453    -0.075
-257.581    -942.570    -0.075
-258.067    -942.688    -0.075
-258.553    -942.805    -0.075
-259.039    -942.922    -0.075
-259.525    -943.040    -0.075
-260.011    -943.157    -0.075
-260.497    -943.275    -0.075
-260.982    -943.392    -0.075
-261.469    -943.510    -0.075
-261.955    -943.627    -0.075
-262.441    -943.745    -0.075
-262.927    -943.862    -0.075
-263.413    -943.979    -0.076
-263.899    -944.097    -0.076
-264.388    -944.200    -0.076
-264.974    -944.324    -0.076
-265.464    -944.428    -0.076
-265.953    -944.531    -0.076
-266.442    -944.635    -0.076
-266.834    -944.717    -0.076
-267.323    -944.820    -0.076
-267.812    -944.924    -0.076
-268.399    -945.048    -0.076
-268.888    -945.151    -0.076
-269.377    -945.255    -0.076
-269.769    -945.337    -0.076
-270.258    -945.440    -0.076
-270.747    -945.544    -0.076
-271.334    -945.668    -0.076
-271.825    -945.761    -0.076
-272.318    -945.847    -0.076
-272.810    -945.933    -0.076
-273.302    -946.019    -0.076
-273.795    -946.105    -0.076
-274.287    -946.191    -0.076
-274.780    -946.278    -0.076
-275.272    -946.363    -0.076
-275.765    -946.450    -0.076
-276.258    -946.536    -0.076
-276.750    -946.622    -0.076
-277.243    -946.708    -0.076
-277.735    -946.793    -0.077
-278.228    -946.880    -0.077
-278.720    -946.966    -0.077
-279.212    -947.052    -0.077
-279.705    -947.138    -0.077
-280.197    -947.224    -0.077
-280.690    -947.311    -0.077
-281.182    -947.396    -0.077
-281.674    -947.483    -0.077
-282.168    -947.569    -0.077
-282.660    -947.655    -0.077
-283.153    -947.742    -0.077
-283.645    -947.827    -0.077
-284.238    -947.922    -0.077
-284.632    -947.984    -0.077
-285.225    -948.077    -0.077
-285.719    -948.154    -0.077
-286.213    -948.231    -0.077
-286.707    -948.308    -0.077
-287.201    -948.385    -0.077
-287.695    -948.463    -0.077
-288.189    -948.539    -0.077
-288.683    -948.616    -0.077
-289.176    -948.694    -0.077
-289.671    -948.770    -0.077
-290.165    -948.848    -0.077
-290.659    -948.924    -0.077
-291.153    -949.002    -0.077
-291.648    -949.066    -0.077
-292.145    -949.128    -0.078
-292.640    -949.190    -0.078
-293.137    -949.252    -0.078
-293.633    -949.314    -0.078
-294.129    -949.376    -0.078
-294.625    -949.438    -0.078
-295.122    -949.499    -0.078
-295.617    -949.561    -0.078
-296.114    -949.623    -0.078
-296.610    -949.685    -0.078
-297.106    -949.747    -0.078
-297.602    -949.809    -0.078
-298.099    -949.870    -0.078
-298.594    -949.933    -0.078
-299.091    -949.995    -0.078
-299.586    -950.056    -0.078
-300.082    -950.118    -0.078
-300.579    -950.180    -0.078
-301.074    -950.242    -0.078
-301.571    -950.304    -0.078
-302.067    -950.366    -0.078
-302.563    -950.428    -0.078
-303.059    -950.490    -0.078
-303.655    -950.560    -0.078
-304.152    -950.607    -0.078
-304.650    -950.653    -0.078
-305.148    -950.700    -0.078
-305.646    -950.747    -0.078
-306.143    -950.794    -0.078
-306.641    -950.841    -0.078
-307.139    -950.888    -0.078
-307.637    -950.935    -0.079
-308.134    -950.981    -0.079
-308.632    -951.028    -0.079
-309.130    -951.075    -0.079
-309.628    -951.121    -0.079
-310.126    -951.168    -0.079
-310.623    -951.215    -0.079
-311.121    -951.262    -0.079
-311.721    -951.301    -0.079
-312.219    -951.330    -0.079
-312.619    -951.354    -0.079
-313.218    -951.389    -0.079
-313.716    -951.419    -0.079
-314.116    -951.442    -0.079
-314.715    -951.477    -0.079
-315.213    -951.507    -0.079
-315.613    -951.530    -0.079
-316.212    -951.565    -0.079
-316.711    -951.595    -0.079
-317.110    -951.618    -0.079
-317.709    -951.653    -0.079
-318.208    -951.683    -0.079
-318.607    -951.706    -0.079
-319.207    -951.742    -0.079
-319.706    -951.771    -0.079
-320.105    -951.795    -0.079
-320.704    -951.830    -0.079
-321.203    -951.860    -0.079
-321.602    -951.883    -0.079
-322.201    -951.918    -0.079
-322.701    -951.948    -0.079
-323.099    -951.971    -0.079
-323.699    -951.994    -0.079
-324.198    -952.011    -0.079
-324.698    -952.028    -0.080
-325.198    -952.043    -0.080
-325.697    -952.060    -0.080
-326.197    -952.077    -0.080
-326.697    -952.094    -0.080
-327.197    -952.110    -0.080
-327.696    -952.126    -0.080
-328.196    -952.143    -0.080
-328.696    -952.160    -0.080
-329.195    -952.176    -0.080
-329.695    -952.192    -0.080
-330.195    -952.209    -0.080
-330.695    -952.226    -0.080
-331.194    -952.241    -0.080
-331.694    -952.254    -0.080
-332.194    -952.264    -0.080
-332.694    -952.274    -0.080
-333.194    -952.283    -0.080
-333.694    -952.293    -0.080
-334.193    -952.302    -0.080
-334.693    -952.311    -0.080
-335.193    -952.321    -0.080
-335.693    -952.331    -0.080
-336.193    -952.341    -0.080
-336.693    -952.350    -0.080
-337.193    -952.360    -0.080
-337.693    -952.370    -0.080
-338.192    -952.380    -0.080
-338.692    -952.389    -0.080
-339.192    -952.398    -0.080
-339.692    -952.408    -0.080
-340.192    -952.418    -0.080
-340.692    -952.427    -0.080
-341.192    -952.437    -0.080
-341.692    -952.447    -0.080
-342.191    -952.457    -0.081
-342.691    -952.466    -0.081
-343.191    -952.476    -0.081
-343.791    -952.463    -0.081
-344.290    -952.447    -0.081
-344.790    -952.432    -0.081
-345.290    -952.416    -0.081
-345.789    -952.401    -0.081
-346.289    -952.385    -0.081
-346.789    -952.370    -0.081
-347.289    -952.354    -0.081
-347.788    -952.339    -0.081
-348.288    -952.324    -0.081
-348.788    -952.309    -0.081
-349.288    -952.292    -0.081
-349.787    -952.277    -0.081
-350.287    -952.262    -0.081
-350.787    -952.246    -0.081
-351.387    -952.224    -0.081
-351.885    -952.199    -0.081
-352.385    -952.176    -0.081
-352.885    -952.153    -0.081
-353.384    -952.129    -0.081
-353.883    -952.105    -0.081
-354.383    -952.081    -0.081
-354.882    -952.058    -0.081
-355.382    -952.033    -0.081
-355.881    -952.010    -0.081
-356.380    -951.986    -0.081
-356.880    -951.963    -0.081
-357.380    -951.938    -0.081
-357.878    -951.915    -0.081
-358.378    -951.892    -0.081
-358.877    -951.868    -0.081
-359.377    -951.844    -0.081
-359.876    -951.821    -0.081
-360.375    -951.797    -0.081
-360.875    -951.773    -0.081
-361.374    -951.749    -0.081
-361.873    -951.725    -0.081
-362.373    -951.702    -0.082
-362.873    -951.678    -0.082
-363.372    -951.645    -0.082
-363.870    -951.607    -0.082
-364.369    -951.568    -0.082
-364.867    -951.530    -0.082
-365.366    -951.492    -0.082
-365.864    -951.454    -0.082
-366.363    -951.415    -0.082
-366.861    -951.377    -0.082
-367.360    -951.339    -0.082
-367.858    -951.300    -0.082
-368.357    -951.262    -0.082
-368.855    -951.224    -0.082
-369.354    -951.185    -0.082
-369.852    -951.147    -0.082
-370.351    -951.109    -0.082
-370.849    -951.071    -0.082
-371.446    -951.019    -0.082
-371.943    -950.968    -0.082
-372.441    -950.918    -0.082
-372.939    -950.867    -0.082
-373.436    -950.816    -0.082
-373.933    -950.766    -0.082
-374.431    -950.716    -0.082
-374.928    -950.665    -0.082
-375.425    -950.615    -0.082
-375.922    -950.564    -0.082
-376.420    -950.513    -0.082
-376.918    -950.463    -0.082
-377.415    -950.412    -0.082
-377.913    -950.361    -0.082
-378.410    -950.311    -0.082
-378.907    -950.261    -0.082
-379.404    -950.210    -0.082
-379.902    -950.159    -0.082
-380.399    -950.109    -0.082
-380.897    -950.058    -0.082
-381.395    -950.008    -0.082
-381.892    -949.957    -0.082
-382.389    -949.906    -0.082
-382.886    -949.855    -0.082
-383.383    -949.798    -0.082
-383.879    -949.729    -0.082
-384.373    -949.661    -0.082
-384.869    -949.593    -0.083
-385.364    -949.523    -0.083
-385.859    -949.455    -0.083
-386.354    -949.386    -0.083
-386.850    -949.317    -0.083
-387.345    -949.249    -0.083
-387.840    -949.180    -0.083
-388.335    -949.111    -0.083
-388.831    -949.043    -0.083
-389.325    -948.974    -0.083
-389.821    -948.905    -0.083
-390.316    -948.836    -0.083
-390.811    -948.768    -0.083
-391.405    -948.678    -0.083
-391.898    -948.597    -0.083
-392.391    -948.515    -0.083
-392.884    -948.434    -0.083
-393.378    -948.352    -0.083
-393.871    -948.271    -0.083
-394.364    -948.188    -0.083
-394.857    -948.107    -0.083
-395.351    -948.026    -0.083
-395.844    -947.944    -0.083
-396.337    -947.863    -0.083
-396.830    -947.781    -0.083
-397.324    -947.700    -0.083
-397.817    -947.617    -0.083
-398.310    -947.536    -0.083
-398.803    -947.455    -0.083
-399.297    -947.373    -0.083
-399.790    -947.292    -0.083
-400.283    -947.210    -0.083
-400.776    -947.128    -0.083
-401.270    -947.046    -0.083
-401.763    -946.965    -0.083
-402.256    -946.884    -0.083
-402.749    -946.802    -0.083
-403.339    -946.688    -0.083
-403.829    -946.591    -0.083
-404.320    -946.494    -0.083
-404.711    -946.416    -0.083
-405.300    -946.300    -0.083
-405.692    -946.222    -0.083
-406.281    -946.106    -0.083
-406.673    -946.028    -0.083
-407.262    -945.912    -0.083
-407.752    -945.815    -0.083
-408.243    -945.718    -0.083
-408.733    -945.620    -0.083
-409.223    -945.523    -0.083
-409.715    -945.426    -0.083
-410.205    -945.330    -0.083
-410.597    -945.252    -0.083
-411.182    -945.121    -0.083
-411.670    -945.009    -0.083
-412.158    -944.898    -0.084
-412.644    -944.787    -0.084
-413.132    -944.676    -0.084
-413.620    -944.564    -0.084
-414.106    -944.452    -0.084
-414.594    -944.341    -0.084
-415.082    -944.229    -0.084
-415.569    -944.118    -0.084
-416.056    -944.006    -0.084
-416.544    -943.895    -0.084
-417.031    -943.784    -0.084
-417.518    -943.672    -0.084
-418.006    -943.561    -0.084
-418.493    -943.449    -0.084
-418.981    -943.338    -0.084
-419.468    -943.226    -0.084
-419.955    -943.116    -0.084
-420.443    -943.004    -0.084
-420.930    -942.892    -0.084
-421.417    -942.781    -0.084
-421.905    -942.669    -0.084
-422.393    -942.558    -0.084
-422.973    -942.409    -0.084
-423.457    -942.285    -0.084
-423.941    -942.160    -0.084
-424.426    -942.034    -0.084
-424.910    -941.910    -0.084
-425.394    -941.785    -0.084
-425.878    -941.659    -0.084
-426.362    -941.535    -0.084
-426.846    -941.410    -0.084
-427.330    -941.285    -0.084
-427.814    -941.160    -0.084
-428.298    -941.034    -0.084
-428.782    -940.910    -0.084
-429.267    -940.785    -0.084
-429.751    -940.659    -0.084
-430.235    -940.534    -0.084
-430.715    -940.395    -0.084
-431.195    -940.256    -0.084
-431.676    -940.117    -0.084
-432.156    -939.979    -0.084
-432.636    -939.841    -0.084
-433.117    -939.702    -0.084
-433.597    -939.563    -0.084
-434.077    -939.425    -0.084
-434.558    -939.287    -0.084
-435.038    -939.148    -0.084
-435.518    -939.009    -0.084
-435.999    -938.872    -0.084
-436.479    -938.733    -0.084
-436.959    -938.594    -0.084
-437.440    -938.455    -0.084
-437.920    -938.318    -0.084
-438.401    -938.179    -0.084
-438.882    -938.040    -0.084
-439.362    -937.901    -0.084
-439.843    -937.764    -0.084
-440.323    -937.625    -0.084
-440.803    -937.486    -0.084
-441.284    -937.348    -0.084
-441.859    -937.179    -0.084
-442.334    -937.023    -0.084
-442.809    -936.867    -0.084
-443.284    -936.711    -0.084
-443.759    -936.556    -0.084
-444.234    -936.400    -0.084
-444.709    -936.244    -0.084
-445.184    -936.088    -0.084
-445.660    -935.932    -0.084
-446.134    -935.776    -0.084
-446.609    -935.620    -0.084
-447.084    -935.464    -0.084
-447.560    -935.309    -0.084
-448.034    -935.153    -0.084
-448.509    -934.997    -0.084
-448.985    -934.841    -0.085
-449.459    -934.681    -0.085
-449.931    -934.516    -0.085
-450.402    -934.351    -0.085
-450.969    -934.152    -0.085
-451.440    -933.987    -0.085
-451.818    -933.855    -0.085
-452.290    -933.690    -0.085
-452.762    -933.525    -0.085
-453.234    -933.360    -0.085
-453.800    -933.162    -0.085
-454.272    -932.997    -0.085
-454.649    -932.865    -0.085
-455.121    -932.700    -0.085
-455.593    -932.535    -0.085
-456.065    -932.370    -0.085
-456.537    -932.205    -0.085
-457.103    -932.006    -0.085
-457.575    -931.841    -0.085
-457.953    -931.709    -0.085
-458.425    -931.544    -0.085
-458.897    -931.379    -0.085
-459.368    -931.214    -0.085
-459.840    -931.049    -0.085
-460.407    -930.850    -0.085
-460.877    -930.683    -0.085
-461.345    -930.507    -0.085
-461.814    -930.331    -0.085
-462.283    -930.156    -0.085
-462.751    -929.981    -0.085
-463.219    -929.806    -0.085
-463.687    -929.630    -0.085
-464.155    -929.455    -0.085
-464.623    -929.279    -0.085
-465.091    -929.104    -0.085
-465.559    -928.928    -0.085
-466.027    -928.753    -0.085
-466.496    -928.577    -0.085
-466.964    -928.402    -0.085
-467.432    -928.227    -0.085
-467.900    -928.051    -0.085
-468.459    -927.835    -0.085
-468.921    -927.643    -0.085
-469.291    -927.490    -0.085
-469.752    -927.298    -0.085
-470.307    -927.068    -0.085
-470.768    -926.877    -0.085
-471.138    -926.724    -0.085
-471.600    -926.533    -0.085
-472.154    -926.303    -0.085
-472.616    -926.110    -0.085
-473.077    -925.918    -0.085
-473.446    -925.764    -0.085
-473.999    -925.533    -0.085
-474.461    -925.341    -0.085
-474.831    -925.186    -0.085
-475.384    -924.955    -0.085
-475.846    -924.763    -0.085
-476.307    -924.571    -0.085
-476.676    -924.416    -0.085
-477.138    -924.224    -0.085
-477.599    -924.032    -0.085
-478.153    -923.801    -0.085
-478.615    -923.609    -0.085
-478.983    -923.454    -0.085
-479.533    -923.214    -0.085
-479.988    -923.006    -0.085
-480.442    -922.798    -0.085
-480.897    -922.589    -0.085
-481.351    -922.382    -0.085
-481.806    -922.174    -0.085
-482.261    -921.965    -0.085
-482.715    -921.758    -0.085
-483.170    -921.549    -0.085
-483.625    -921.341    -0.085
-484.079    -921.134    -0.085
-484.534    -920.925    -0.085
-484.988    -920.717    -0.085
-485.443    -920.509    -0.085
-485.897    -920.300    -0.085
-486.352    -920.092    -0.085
-486.806    -919.884    -0.085
-487.260    -919.674    -0.085
-487.714    -919.465    -0.085
-488.168    -919.255    -0.085
-488.622    -919.046    -0.085
-489.076    -918.837    -0.085
-489.531    -918.628    -0.085
-489.985    -918.419    -0.085
-490.439    -918.210    -0.085
-490.893    -918.000    -0.085
-491.347    -917.791    -0.085
-491.801    -917.581    -0.085
-492.337    -917.312    -0.085
-492.782    -917.084    -0.085
-493.227    -916.857    -0.085
-493.672    -916.629    -0.085
-494.117    -916.402    -0.085
-494.562    -916.174    -0.085
-495.008    -915.946    -0.085
-495.452    -915.719    -0.085
-495.898    -915.490    -0.085
-496.342    -915.263    -0.085
-496.788    -915.035    -0.085
-497.233    -914.807    -0.085
-497.677    -914.580    -0.085
-498.123    -914.351    -0.085
-498.567    -914.124    -0.085
-499.013    -913.895    -0.085
-499.457    -913.668    -0.085
-499.903    -913.440    -0.085
-500.347    -913.211    -0.085
-500.793    -912.983    -0.085
-501.237    -912.755    -0.085
-501.681    -912.527    -0.085
-502.127    -912.299    -0.085
-502.571    -912.070    -0.085
-503.017    -911.842    -0.085
-503.461    -911.614    -0.085
-503.907    -911.387    -0.085
-504.438    -911.109    -0.085
-504.874    -910.865    -0.085
-505.311    -910.620    -0.085
-505.747    -910.376    -0.085
-506.183    -910.132    -0.085
-506.619    -909.887    -0.085
-507.055    -909.642    -0.085
-507.491    -909.398    -0.085
-507.928    -909.154    -0.085
-508.364    -908.910    -0.085
-508.799    -908.665    -0.085
-509.236    -908.421    -0.085
-509.672    -908.176    -0.085
-510.108    -907.933    -0.085
-510.545    -907.688    -0.085
-510.981    -907.444    -0.085
-511.417    -907.199    -0.085
-511.853    -906.955    -0.085
-512.290    -906.711    -0.085
-512.726    -906.467    -0.085
-513.162    -906.222    -0.085
-513.599    -905.978    -0.085
-514.034    -905.733    -0.085
-514.470    -905.490    -0.085
-514.991    -905.193    -0.085
-515.420    -904.936    -0.085
-515.763    -904.730    -0.085
-516.192    -904.473    -0.085
-516.622    -904.216    -0.085
-517.136    -903.908    -0.085
-517.565    -903.651    -0.085
-517.994    -903.394    -0.085
-518.423    -903.137    -0.085
-518.766    -902.932    -0.085
-519.195    -902.675    -0.085
-519.624    -902.418    -0.085
-520.139    -902.110    -0.085
-520.568    -901.853    -0.085
-520.997    -901.597    -0.085
-521.340    -901.391    -0.085
-521.852    -901.079    -0.085
-522.274    -900.809    -0.085
-522.694    -900.540    -0.085
-523.115    -900.270    -0.085
-523.536    -900.001    -0.085
-523.957    -899.730    -0.085
-524.378    -899.460    -0.085
-524.799    -899.191    -0.085
-525.220    -898.921    -0.085
-525.641    -898.652    -0.085
-526.061    -898.382    -0.085
-526.483    -898.111    -0.085
-526.903    -897.841    -0.085
-527.325    -897.572    -0.085
-527.745    -897.302    -0.085
-528.167    -897.032    -0.085
-528.587    -896.763    -0.085
-529.008    -896.492    -0.085
-529.429    -896.223    -0.085
-529.850    -895.953    -0.085
-530.271    -895.683    -0.085
-530.692    -895.414    -0.085
-531.112    -895.144    -0.085
-531.534    -894.874    -0.085
-532.035    -894.544    -0.085
-532.448    -894.263    -0.085
-532.862    -893.982    -0.085
-533.276    -893.702    -0.085
-533.689    -893.422    -0.085
-534.103    -893.140    -0.085
-534.517    -892.860    -0.085
-534.930    -892.580    -0.085
-535.345    -892.298    -0.085
-535.759    -892.018    -0.085
-536.172    -891.738    -0.085
-536.586    -891.456    -0.085
-537.000    -891.176    -0.085
-537.413    -890.896    -0.085
-537.827    -890.614    -0.085
-538.241    -890.334    -0.085
-538.650    -890.047    -0.085
-539.056    -889.755    -0.085
-539.462    -889.463    -0.085
-539.867    -889.171    -0.085
-540.273    -888.880    -0.085
-540.679    -888.588    -0.085
-541.085    -888.295    -0.085
-541.491    -888.004    -0.085
-541.898    -887.712    -0.085
-542.304    -887.421    -0.085
-542.710    -887.128    -0.085
-543.116    -886.837    -0.085
-543.522    -886.545    -0.085
-543.928    -886.254    -0.085
-544.334    -885.961    -0.085
-544.740    -885.670    -0.085
-545.146    -885.378    -0.085
-545.552    -885.087    -0.085
-545.957    -884.794    -0.085
-546.363    -884.503    -0.085
-546.769    -884.211    -0.085
-547.175    -883.919    -0.085
-547.581    -883.627    -0.085
-547.988    -883.336    -0.085
-548.465    -882.973    -0.085
-548.860    -882.666    -0.085
-549.254    -882.358    -0.085
-549.649    -882.051    -0.085
-550.043    -881.745    -0.085
-550.438    -881.438    -0.085
-550.832    -881.130    -0.085
-551.227    -880.823    -0.085
-551.621    -880.516    -0.085
-552.016    -880.209    -0.085
-552.411    -879.902    -0.085
-552.805    -879.595    -0.085
-553.199    -879.287    -0.085
-553.594    -878.981    -0.085
-553.989    -878.674    -0.085
-554.383    -878.366    -0.085
-554.774    -878.054    -0.085
-555.163    -877.740    -0.085
-555.551    -877.426    -0.085
-555.941    -877.112    -0.085
-556.329    -876.797    -0.085
-556.719    -876.483    -0.085
-557.107    -876.170    -0.085
-557.497    -875.856    -0.085
-557.886    -875.542    -0.085
-558.275    -875.228    -0.085
-558.663    -874.913    -0.085
-559.052    -874.599    -0.085
-559.441    -874.285    -0.085
-559.830    -873.971    -0.085
-560.219    -873.657    -0.085
-560.608    -873.342    -0.085
-560.997    -873.028    -0.085
-561.386    -872.714    -0.085
-561.775    -872.400    -0.085
-562.164    -872.087    -0.085
-562.553    -871.772    -0.085
-562.942    -871.458    -0.085
-563.330    -871.144    -0.085
-563.796    -870.767    -0.085
-564.175    -870.438    -0.084
-564.553    -870.111    -0.084
-564.931    -869.784    -0.084
-565.309    -869.457    -0.084
-565.686    -869.130    -0.084
-566.064    -868.802    -0.084
-566.442    -868.474    -0.084
-566.820    -868.147    -0.084
-567.197    -867.820    -0.084
-567.575    -867.492    -0.084
-567.953    -867.165    -0.084
-568.332    -866.837    -0.084
-568.709    -866.510    -0.084
-569.087    -866.183    -0.084
-569.465    -865.856    -0.084
-569.843    -865.528    -0.084
-570.285    -865.124    -0.084
-570.653    -864.785    -0.084
-571.021    -864.446    -0.084
-571.389    -864.108    -0.084
-571.756    -863.768    -0.084
-572.124    -863.430    -0.084
-572.492    -863.091    -0.084
-572.860    -862.753    -0.084
-573.228    -862.415    -0.084
-573.596    -862.075    -0.084
-573.964    -861.737    -0.084
-574.332    -861.398    -0.084
-574.700    -861.060    -0.084
-575.067    -860.720    -0.084
-575.435    -860.382    -0.084
-575.803    -860.044    -0.084
-576.170    -859.704    -0.084
-576.538    -859.366    -0.084
-576.906    -859.027    -0.084
-577.274    -858.689    -0.084
-577.641    -858.350    -0.084
-578.009    -858.011    -0.084
-578.377    -857.673    -0.084
-578.743    -857.333    -0.084
-579.105    -856.988    -0.084
-579.466    -856.642    -0.084
-579.827    -856.296    -0.084
-580.190    -855.951    -0.084
-580.551    -855.606    -0.084
-580.912    -855.261    -0.084
-581.274    -854.915    -0.084
-581.635    -854.570    -0.084
-581.997    -854.224    -0.084
-582.358    -853.879    -0.084
-582.720    -853.534    -0.084
-583.081    -853.188    -0.084
-583.442    -852.843    -0.084
-583.804    -852.497    -0.084
-584.166    -852.152    -0.084
-584.595    -851.733    -0.084
-584.943    -851.374    -0.084
-585.292    -851.016    -0.084
-585.640    -850.658    -0.084
-585.989    -850.299    -0.084
-586.338    -849.941    -0.084
-586.687    -849.582    -0.084
-587.035    -849.224    -0.084
-587.384    -848.867    -0.084
-587.733    -848.508    -0.084
-588.081    -848.150    -0.084
-588.430    -847.791    -0.084
-588.778    -847.433    -0.084
-589.127    -847.075    -0.084
-589.476    -846.716    -0.084
-589.825    -846.358    -0.084
-590.173    -845.999    -0.084
-590.522    -845.642    -0.084
-590.871    -845.284    -0.084
-591.220    -844.925    -0.084
-591.568    -844.567    -0.083
-591.917    -844.209    -0.083
-592.266    -843.850    -0.083
-592.615    -843.492    -0.083
-592.958    -843.129    -0.083
-593.295    -842.760    -0.083
-593.632    -842.390    -0.083
-593.972    -842.023    -0.083
-594.312    -841.657    -0.083
-594.653    -841.292    -0.083
-594.993    -840.926    -0.083
-595.334    -840.560    -0.083
-595.675    -840.194    -0.083
-596.015    -839.828    -0.083
-596.356    -839.461    -0.083
-596.697    -839.096    -0.083
-597.037    -838.730    -0.083
-597.379    -838.364    -0.083
-597.720    -837.998    -0.083
-598.060    -837.633    -0.083
-598.460    -837.186    -0.083
-598.786    -836.807    -0.083
-599.112    -836.428    -0.083
-599.438    -836.049    -0.083
-599.764    -835.670    -0.083
-600.091    -835.290    -0.083
-600.417    -834.912    -0.083
-600.743    -834.533    -0.083
-601.069    -834.154    -0.083
-601.395    -833.775    -0.083
-601.721    -833.395    -0.083
-602.047    -833.017    -0.083
-602.373    -832.637    -0.083
-602.699    -832.258    -0.083
-603.025    -831.880    -0.083
-603.351    -831.500    -0.083
-603.676    -831.122    -0.083
-604.003    -830.742    -0.083
-604.329    -830.363    -0.083
-604.655    -829.985    -0.083
-604.981    -829.605    -0.083
-605.307    -829.226    -0.083
-605.633    -828.847    -0.083
-605.959    -828.468    -0.083
-606.342    -828.007    -0.083
-606.596    -827.697    -0.083
-606.975    -827.233    -0.083
-607.292    -826.846    -0.083
-607.545    -826.536    -0.083
-607.861    -826.149    -0.083
-608.177    -825.761    -0.083
-608.493    -825.374    -0.083
-608.873    -824.910    -0.083
-609.127    -824.601    -0.083
-609.443    -824.213    -0.082
-609.759    -823.826    -0.082
-610.075    -823.439    -0.082
-610.391    -823.051    -0.082
-610.771    -822.587    -0.082
-611.025    -822.278    -0.082
-611.396    -821.806    -0.082
-611.701    -821.410    -0.082
-612.008    -821.015    -0.082
-612.313    -820.619    -0.082
-612.618    -820.224    -0.082
-612.925    -819.828    -0.082
-613.230    -819.432    -0.082
-613.536    -819.037    -0.082
-613.842    -818.641    -0.082
-614.148    -818.246    -0.082
-614.453    -817.850    -0.082
-614.760    -817.455    -0.082
-615.065    -817.060    -0.082
-615.370    -816.664    -0.082
-615.677    -816.268    -0.082
-615.982    -815.873    -0.082
-616.287    -815.477    -0.082
-616.594    -815.081    -0.082
-616.899    -814.685    -0.082
-617.206    -814.290    -0.082
-617.511    -813.894    -0.082
-617.817    -813.500    -0.082
-618.123    -813.104    -0.082
-618.429    -812.708    -0.082
-618.728    -812.309    -0.082
-619.084    -811.825    -0.082
-619.320    -811.503    -0.082
-619.676    -811.019    -0.082
-619.912    -810.696    -0.082
-620.268    -810.214    -0.082
-620.563    -809.810    -0.082
-620.860    -809.407    -0.082
-621.155    -809.004    -0.082
-621.452    -808.602    -0.082
-621.689    -808.280    -0.082
-622.044    -807.796    -0.082
-622.281    -807.473    -0.082
-622.636    -806.991    -0.082
-622.873    -806.668    -0.082
-623.228    -806.184    -0.082
-623.516    -805.776    -0.081
-623.798    -805.364    -0.081
-624.081    -804.951    -0.081
-624.364    -804.539    -0.081
-624.647    -804.126    -0.081
-624.929    -803.714    -0.081
-625.212    -803.301    -0.081
-625.495    -802.889    -0.081
-625.778    -802.476    -0.081
-626.059    -802.064    -0.081
-626.342    -801.652    -0.081
-626.625    -801.239    -0.081
-626.908    -800.827    -0.081
-627.190    -800.414    -0.081
-627.473    -800.003    -0.081
-627.756    -799.590    -0.081
-628.040    -799.178    -0.081
-628.322    -798.766    -0.081
-628.604    -798.353    -0.081
-628.887    -797.941    -0.081
-629.170    -797.528    -0.081
-629.452    -797.116    -0.081
-629.735    -796.703    -0.081
-630.072    -796.207    -0.081
-630.342    -795.786    -0.081
-630.613    -795.366    -0.081
-630.883    -794.945    -0.081
-631.154    -794.525    -0.081
-631.423    -794.104    -0.081
-631.694    -793.684    -0.081
-631.964    -793.263    -0.081
-632.235    -792.842    -0.081
-632.505    -792.423    -0.081
-632.776    -792.002    -0.081
-633.046    -791.581    -0.081
-633.317    -791.160    -0.081
-633.587    -790.740    -0.081
-633.857    -790.319    -0.081
-634.128    -789.899    -0.081
-634.397    -789.477    -0.081
-634.657    -789.050    -0.080
-634.917    -788.623    -0.080
-635.177    -788.197    -0.080
-635.437    -787.770    -0.080
-635.697    -787.343    -0.080
-635.957    -786.916    -0.080
-636.216    -786.489    -0.080
-636.476    -786.062    -0.080
-636.736    -785.635    -0.080
-636.997    -785.208    -0.080
-637.257    -784.781    -0.080
-637.517    -784.354    -0.080
-637.777    -783.926    -0.080
-638.037    -783.499    -0.080
-638.297    -783.072    -0.080
-638.557    -782.645    -0.080
-638.817    -782.218    -0.080
-639.077    -781.791    -0.080
-639.336    -781.364    -0.080
-639.596    -780.937    -0.080
-639.856    -780.510    -0.080
-640.117    -780.083    -0.080
-640.377    -779.655    -0.080
-640.685    -779.141    -0.080
-640.932    -778.707    -0.080
-641.179    -778.272    -0.080
-641.427    -777.837    -0.080
-641.674    -777.403    -0.080
-641.920    -776.968    -0.080
-642.167    -776.533    -0.080
-642.414    -776.098    -0.080
-642.661    -775.663    -0.080
-642.907    -775.229    -0.080
-643.154    -774.793    -0.080
-643.401    -774.359    -0.080
-643.648    -773.924    -0.080
-643.894    -773.489    -0.080
-644.141    -773.055    -0.079
-644.389    -772.620    -0.079
-644.633    -772.185    -0.079
-644.865    -771.741    -0.079
-645.098    -771.298    -0.079
-645.375    -770.767    -0.079
-645.608    -770.324    -0.079
-645.793    -769.969    -0.079
-646.025    -769.527    -0.079
-646.303    -768.995    -0.079
-646.489    -768.641    -0.079
-646.721    -768.198    -0.079
-646.952    -767.755    -0.079
-647.231    -767.224    -0.079
-647.416    -766.869    -0.079
-647.649    -766.426    -0.079
-647.927    -765.895    -0.079
-648.159    -765.452    -0.079
-648.391    -765.009    -0.079
-648.577    -764.655    -0.079
-648.808    -764.212    -0.079
-649.087    -763.681    -0.079
-649.272    -763.326    -0.079
-649.551    -762.794    -0.079
-649.782    -762.352    -0.079
-649.968    -761.997    -0.079
-650.243    -761.464    -0.079
-650.466    -761.016    -0.079
-650.689    -760.570    -0.079
-650.912    -760.122    -0.079
-651.135    -759.674    -0.079
-651.358    -759.226    -0.079
-651.580    -758.779    -0.079
-651.803    -758.331    -0.078
-652.025    -757.883    -0.078
-652.248    -757.437    -0.078
-652.470    -756.989    -0.078
-652.693    -756.541    -0.078
-652.916    -756.093    -0.078
-653.138    -755.645    -0.078
-653.361    -755.197    -0.078
-653.583    -754.750    -0.078
-653.800    -754.299    -0.078
-654.050    -753.754    -0.078
-654.216    -753.390    -0.078
-654.466    -752.845    -0.078
-654.633    -752.482    -0.078
-654.883    -751.935    -0.078
-655.049    -751.572    -0.078
-655.299    -751.027    -0.078
-655.466    -750.663    -0.078
-655.674    -750.209    -0.078
-655.924    -749.663    -0.078
-656.091    -749.299    -0.078
-656.341    -748.754    -0.078
-656.549    -748.300    -0.078
-656.716    -747.937    -0.078
-656.966    -747.390    -0.078
-657.175    -746.936    -0.078
-657.341    -746.573    -0.078
-657.591    -746.028    -0.078
-657.758    -745.664    -0.078
-657.965    -745.210    -0.078
-658.215    -744.663    -0.078
-658.424    -744.209    -0.077
-658.590    -743.846    -0.077
-658.835    -743.298    -0.077
-659.033    -742.839    -0.077
-659.231    -742.380    -0.077
-659.429    -741.920    -0.077
-659.627    -741.461    -0.077
-659.824    -741.002    -0.077
-660.021    -740.543    -0.077
-660.219    -740.084    -0.077
-660.417    -739.624    -0.077
-660.615    -739.166    -0.077
-660.813    -738.706    -0.077
-661.010    -738.247    -0.077
-661.208    -737.787    -0.077
-661.406    -737.329    -0.077
-661.604    -736.869    -0.077
-661.802    -736.410    -0.077
-661.995    -735.949    -0.077
-662.180    -735.485    -0.077
-662.364    -735.020    -0.077
-662.549    -734.555    -0.077
-662.772    -733.998    -0.077
-662.957    -733.534    -0.077
-663.141    -733.070    -0.077
-663.326    -732.605    -0.077
-663.474    -732.233    -0.077
-663.659    -731.769    -0.077
-663.844    -731.304    -0.077
-664.065    -730.746    -0.077
-664.245    -730.280    -0.076
-664.425    -729.813    -0.076
-664.604    -729.346    -0.076
-664.784    -728.881    -0.076
-664.964    -728.414    -0.076
-665.143    -727.947    -0.076
-665.323    -727.481    -0.076
-665.503    -727.014    -0.076
-665.682    -726.547    -0.076
-665.862    -726.080    -0.076
-666.041    -725.614    -0.076
-666.221    -725.148    -0.076
-666.398    -724.680    -0.076
-666.573    -724.212    -0.076
-666.748    -723.744    -0.076
-666.923    -723.275    -0.076
-667.098    -722.807    -0.076
-667.273    -722.339    -0.076
-667.448    -721.871    -0.076
-667.624    -721.402    -0.076
-667.799    -720.934    -0.076
-667.974    -720.466    -0.076
-668.150    -719.997    -0.076
-668.325    -719.529    -0.076
-668.500    -719.061    -0.076
-668.675    -718.592    -0.076
-668.850    -718.124    -0.076
-669.025    -717.656    -0.076
-669.190    -717.184    -0.076
-669.382    -716.615    -0.075
-669.543    -716.142    -0.075
-669.671    -715.763    -0.075
-669.831    -715.290    -0.075
-669.992    -714.816    -0.075
-670.184    -714.248    -0.075
-670.345    -713.774    -0.075
-670.473    -713.395    -0.075
-670.633    -712.922    -0.075
-670.826    -712.353    -0.075
-670.986    -711.880    -0.075
-671.115    -711.501    -0.075
-671.275    -711.028    -0.075
-671.435    -710.554    -0.075
-671.627    -709.986    -0.075
-671.788    -709.512    -0.075
-671.915    -709.133    -0.075
-672.108    -708.566    -0.075
-672.269    -708.091    -0.075
-672.429    -707.618    -0.075
-672.557    -707.239    -0.075
-672.717    -706.766    -0.075
-672.907    -706.197    -0.075
-673.057    -705.719    -0.075
-673.206    -705.243    -0.075
-673.356    -704.765    -0.075
-673.506    -704.289    -0.075
-673.655    -703.811    -0.074
-673.805    -703.335    -0.074
-673.954    -702.857    -0.074
-674.104    -702.380    -0.074
-674.254    -701.903    -0.074
-674.403    -701.426    -0.074
-674.553    -700.949    -0.074
-674.702    -700.472    -0.074
-674.853    -699.996    -0.074
-675.002    -699.518    -0.074
-675.152    -699.041    -0.074
-675.298    -698.563    -0.074
-675.437    -698.083    -0.074
-675.576    -697.602    -0.074
-675.742    -697.026    -0.074
-675.853    -696.641    -0.074
-676.019    -696.065    -0.074
-676.130    -695.681    -0.074
-676.296    -695.104    -0.074
-676.407    -694.720    -0.074
-676.545    -694.240    -0.074
-676.712    -693.663    -0.074
-676.850    -693.183    -0.074
-676.988    -692.702    -0.074
-677.100    -692.318    -0.074
-677.265    -691.742    -0.074
-677.403    -691.261    -0.074
-677.514    -690.877    -0.073
-677.653    -690.396    -0.073
-677.819    -689.820    -0.073
-677.930    -689.436    -0.073
-678.069    -688.956    -0.073
-678.235    -688.379    -0.073
-678.346    -687.995    -0.073
-678.485    -687.514    -0.073
-678.648    -686.937    -0.073
-678.777    -686.454    -0.073
-678.904    -685.971    -0.073
-679.031    -685.487    -0.073
-679.160    -685.004    -0.073
-679.287    -684.521    -0.073
-679.414    -684.037    -0.073
-679.543    -683.554    -0.073
-679.670    -683.070    -0.073
-679.798    -682.587    -0.073
-679.926    -682.103    -0.073
-680.053    -681.620    -0.073
-680.181    -681.137    -0.073
-680.309    -680.653    -0.073
-680.437    -680.170    -0.073
-680.564    -679.687    -0.073
-680.690    -679.203    -0.073
-680.806    -678.716    -0.073
-680.921    -678.230    -0.072
-681.037    -677.744    -0.072
-681.152    -677.257    -0.072
-681.268    -676.771    -0.072
-681.383    -676.284    -0.072
-681.521    -675.700    -0.072
-681.613    -675.312    -0.072
-681.728    -674.824    -0.072
-681.844    -674.338    -0.072
-681.959    -673.851    -0.072
-682.075    -673.365    -0.072
-682.190    -672.879    -0.072
-682.328    -672.295    -0.072
-682.420    -671.906    -0.072
-682.536    -671.420    -0.072
-682.651    -670.933    -0.072
-682.766    -670.447    -0.072
-682.882    -669.960    -0.072
-682.997    -669.474    -0.072
-683.113    -668.987    -0.072
-683.228    -668.500    -0.072
-683.344    -668.014    -0.072
-683.479    -667.430    -0.072
-683.588    -666.941    -0.072
-683.695    -666.454    -0.072
-683.803    -665.965    -0.071
-683.910    -665.477    -0.071
-684.019    -664.989    -0.071
-684.126    -664.501    -0.071
-684.234    -664.012    -0.071
-684.342    -663.524    -0.071
-684.450    -663.036    -0.071
-684.557    -662.548    -0.071
-684.665    -662.060    -0.071
-684.773    -661.571    -0.071
-684.881    -661.084    -0.071
-684.988    -660.595    -0.071
-685.096    -660.106    -0.071
-685.196    -659.617    -0.071
-685.293    -659.127    -0.071
-685.390    -658.636    -0.071
-685.487    -658.145    -0.071
-685.583    -657.655    -0.071
-685.681    -657.165    -0.071
-685.778    -656.674    -0.071
-685.874    -656.184    -0.071
-685.972    -655.693    -0.071
-686.068    -655.202    -0.071
-686.165    -654.713    -0.071
-686.262    -654.222    -0.071
-686.359    -653.731    -0.070
-686.455    -653.241    -0.070
-686.553    -652.750    -0.070
-686.649    -652.259    -0.070
-686.746    -651.770    -0.070
-686.844    -651.279    -0.070
-686.940    -650.788    -0.070
-687.037    -650.298    -0.070
-687.134    -649.807    -0.070
-687.231    -649.317    -0.070
-687.328    -648.827    -0.070
-687.425    -648.336    -0.070
-687.522    -647.845    -0.070
-687.616    -647.354    -0.070
-687.707    -646.863    -0.070
-687.816    -646.273    -0.070
-687.890    -645.879    -0.070
-687.981    -645.388    -0.070
-688.072    -644.896    -0.070
-688.163    -644.406    -0.070
-688.255    -643.914    -0.070
-688.346    -643.422    -0.070
-688.438    -642.931    -0.070
-688.530    -642.439    -0.070
-688.620    -641.948    -0.070
-688.712    -641.456    -0.069
-688.803    -640.964    -0.069
-688.912    -640.374    -0.069
-688.996    -639.881    -0.069
-689.072    -639.388    -0.069
-689.149    -638.894    -0.069
-689.226    -638.399    -0.069
-689.302    -637.905    -0.069
-689.379    -637.412    -0.069
-689.455    -636.917    -0.069
-689.532    -636.423    -0.069
-689.610    -635.929    -0.069
-689.686    -635.436    -0.069
-689.763    -634.941    -0.069
-689.840    -634.447    -0.069
-689.916    -633.953    -0.069
-689.993    -633.459    -0.069
-690.070    -632.965    -0.069
-690.147    -632.471    -0.069
-690.224    -631.977    -0.069
-690.300    -631.483    -0.069
-690.377    -630.989    -0.069
-690.453    -630.495    -0.069
-690.530    -630.000    -0.069
-690.607    -629.507    -0.069
-690.683    -629.013    -0.068
-690.760    -628.518    -0.068
-690.836    -628.024    -0.068
-690.910    -627.530    -0.068
-690.986    -627.035    -0.068
-691.060    -626.541    -0.068
-691.136    -626.047    -0.068
-691.211    -625.553    -0.068
-691.286    -625.059    -0.068
-691.362    -624.565    -0.068
-691.437    -624.070    -0.068
-691.512    -623.576    -0.068
-691.588    -623.082    -0.068
-691.662    -622.587    -0.068
-691.738    -622.093    -0.068
-691.813    -621.599    -0.068
-691.888    -621.105    -0.068
-691.963    -620.610    -0.068
-692.035    -620.116    -0.068
-692.103    -619.620    -0.068
-692.172    -619.125    -0.068
-692.242    -618.630    -0.068
-692.310    -618.135    -0.068
-692.379    -617.639    -0.068
-692.448    -617.144    -0.067
-692.516    -616.649    -0.067
-692.585    -616.154    -0.067
-692.653    -615.658    -0.067
-692.722    -615.163    -0.067
-692.792    -614.668    -0.067
-692.860    -614.173    -0.067
-692.929    -613.678    -0.067
-692.998    -613.183    -0.067
-693.066    -612.688    -0.067
-693.135    -612.192    -0.067
-693.205    -611.697    -0.067
-693.273    -611.202    -0.067
-693.342    -610.707    -0.067
-693.411    -610.211    -0.067
-693.479    -609.717    -0.067
-693.548    -609.221    -0.067
-693.617    -608.726    -0.067
-693.695    -608.131    -0.067
-693.754    -607.635    -0.067
-693.812    -607.138    -0.067
-693.870    -606.641    -0.067
-693.928    -606.145    -0.067
-693.986    -605.648    -0.067
-694.044    -605.152    -0.067
-694.101    -604.655    -0.066
-694.159    -604.159    -0.066
-694.217    -603.662    -0.066
-694.275    -603.165    -0.066
-694.333    -602.668    -0.066
-694.391    -602.172    -0.066
-694.448    -601.675    -0.066
-694.506    -601.179    -0.066
-694.564    -600.682    -0.066
-694.616    -600.185    -0.066
-694.669    -599.688    -0.066
-694.722    -599.191    -0.066
-694.774    -598.693    -0.066
-694.827    -598.196    -0.066
-694.880    -597.699    -0.066
-694.933    -597.201    -0.066
-694.985    -596.705    -0.066
-695.038    -596.208    -0.066
-695.092    -595.711    -0.066
-695.144    -595.213    -0.066
-695.197    -594.716    -0.066
-695.250    -594.219    -0.066
-695.302    -593.721    -0.066
-695.355    -593.225    -0.066
-695.408    -592.728    -0.065
-695.460    -592.230    -0.065
-695.513    -591.733    -0.065
-695.566    -591.236    -0.065
-695.618    -590.738    -0.065
-695.671    -590.241    -0.065
-695.724    -589.745    -0.065
-695.777    -589.247    -0.065
-695.829    -588.750    -0.065
-695.882    -588.253    -0.065
-695.935    -587.756    -0.065
-695.987    -587.258    -0.065
-696.040    -586.761    -0.065
-696.093    -586.265    -0.065
-696.145    -585.767    -0.065
-696.198    -585.270    -0.065
-696.248    -584.772    -0.065
-696.291    -584.274    -0.065
-696.336    -583.776    -0.065
-696.380    -583.279    -0.065
-696.425    -582.781    -0.065
-696.468    -582.283    -0.065
-696.513    -581.785    -0.065
-696.557    -581.287    -0.065
-696.601    -580.788    -0.065
-696.645    -580.290    -0.064
-696.690    -579.792    -0.064
-696.734    -579.294    -0.064
-696.778    -578.796    -0.064
-696.822    -578.298    -0.064
-696.867    -577.800    -0.064
-696.910    -577.302    -0.064
-696.955    -576.804    -0.064
-697.000    -576.306    -0.064
-697.044    -575.808    -0.064
-697.087    -575.310    -0.064
-697.132    -574.813    -0.064
-697.176    -574.315    -0.064
-697.220    -573.817    -0.064
-697.264    -573.319    -0.064
-697.309    -572.821    -0.064
-697.352    -572.322    -0.064
-697.397    -571.824    -0.064
-697.441    -571.326    -0.064
-697.486    -570.828    -0.064
-697.529    -570.330    -0.064
-697.574    -569.832    -0.064
-697.618    -569.334    -0.064
-697.662    -568.836    -0.064
-697.712    -568.238    -0.064
-697.745    -567.840    -0.063
-697.785    -567.342    -0.063
-697.825    -566.844    -0.063
-697.865    -566.344    -0.063
-697.905    -565.846    -0.063
-697.944    -565.348    -0.063
-697.992    -564.750    -0.063
-698.032    -564.252    -0.063
-698.065    -563.853    -0.063
-698.104    -563.354    -0.063
-698.152    -562.756    -0.063
-698.185    -562.358    -0.063
-698.224    -561.860    -0.063
-698.272    -561.262    -0.063
-698.305    -560.863    -0.063
-698.345    -560.364    -0.063
-698.393    -559.766    -0.063
-698.425    -559.368    -0.063
-698.465    -558.869    -0.063
-698.513    -558.271    -0.063
-698.545    -557.873    -0.063
-698.585    -557.375    -0.063
-698.633    -556.777    -0.063
-698.665    -556.377    -0.063
-698.705    -555.879    -0.063
-698.753    -555.281    -0.062
-698.785    -554.883    -0.062
-698.825    -554.385    -0.062
-698.873    -553.787    -0.062
-698.906    -553.387    -0.062
-698.945    -552.889    -0.062
-698.993    -552.291    -0.062
-699.026    -551.893    -0.062
-699.073    -551.295    -0.062
-699.113    -550.796    -0.062
-699.144    -550.397    -0.062
-699.184    -549.899    -0.062
-699.223    -549.401    -0.062
-699.257    -548.802    -0.062
-699.282    -548.302    -0.062
-699.306    -547.803    -0.062
-699.330    -547.303    -0.062
-699.354    -546.805    -0.062
-699.378    -546.305    -0.062
-699.402    -545.805    -0.062
-699.427    -545.306    -0.062
-699.450    -544.806    -0.062
-699.475    -544.307    -0.062
-699.499    -543.807    -0.062
-699.523    -543.309    -0.062
-699.547    -542.809    -0.061
-699.572    -542.310    -0.061
-699.596    -541.810    -0.061
-699.620    -541.311    -0.061
-699.644    -540.811    -0.061
-699.669    -540.313    -0.061
-699.693    -539.813    -0.061
-699.717    -539.314    -0.061
-699.741    -538.814    -0.061
-699.766    -538.315    -0.061
-699.790    -537.815    -0.061
-699.814    -537.316    -0.061
-699.838    -536.817    -0.061
-699.863    -536.317    -0.061
-699.887    -535.818    -0.061
-699.911    -535.318    -0.061
-699.935    -534.819    -0.061
-699.960    -534.319    -0.061
-699.983    -533.821    -0.061
-700.008    -533.321    -0.061
-700.032    -532.822    -0.061
-700.056    -532.322    -0.061
-700.080    -531.823    -0.061
-700.100    -531.323    -0.061
-700.129    -530.825    -0.061
-700.157    -530.325    -0.060
-700.185    -529.826    -0.060
-700.214    -529.326    -0.060
-700.242    -528.828    -0.060
-700.271    -528.329    -0.060
-700.299    -527.829    -0.060
-700.327    -527.330    -0.060
-700.356    -526.831    -0.060
-700.384    -526.332    -0.060
-700.412    -525.832    -0.060
-700.441    -525.334    -0.060
-700.469    -524.835    -0.060
-700.497    -524.335    -0.060
-700.525    -523.836    -0.060
-700.554    -523.337    -0.060
-700.583    -522.838    -0.060
-700.610    -522.338    -0.060
-700.639    -521.840    -0.060
-700.667    -521.340    -0.060
-700.696    -520.841    -0.060
-700.724    -520.342    -0.060
-700.752    -519.843    -0.060
-700.781    -519.344    -0.060
-700.809    -518.844    -0.060
-700.837    -518.345    -0.060
-700.866    -517.846    -0.060
-700.894    -517.347    -0.060
-700.922    -516.848    -0.059
-700.950    -516.349    -0.059
-700.979    -515.850    -0.059
-701.008    -515.350    -0.059
-701.035    -514.851    -0.059
-701.064    -514.352    -0.059
-701.092    -513.853    -0.059
-701.121    -513.354    -0.059
-701.149    -512.854    -0.059
-701.177    -512.356    -0.059
-701.206    -511.856    -0.059
-701.233    -511.357    -0.059
-701.262    -510.858    -0.059
-701.291    -510.359    -0.059
-701.319    -509.860    -0.059
-701.347    -509.360    -0.059
-701.375    -508.862    -0.059
-701.404    -508.362    -0.059
-701.433    -507.863    -0.059
-701.460    -507.364    -0.059
-701.489    -506.865    -0.059
-701.517    -506.366    -0.059
-701.546    -505.866    -0.059
-701.574    -505.368    -0.059
-701.598    -504.868    -0.059
-701.617    -504.369    -0.059
-701.635    -503.869    -0.059
-701.654    -503.369    -0.058
-701.674    -502.870    -0.058
-701.693    -502.370    -0.058
-701.711    -501.870    -0.058
-701.730    -501.371    -0.058
-701.749    -500.871    -0.058
-701.768    -500.371    -0.058
-701.786    -499.872    -0.058
-701.805    -499.372    -0.058
-701.824    -498.872    -0.058
-701.843    -498.373    -0.058
-701.861    -497.873    -0.058
-701.880    -497.374    -0.058
-701.899    -496.875    -0.058
-701.918    -496.375    -0.058
-701.936    -495.875    -0.058
-701.955    -495.376    -0.058
-701.975    -494.876    -0.058
-701.994    -494.376    -0.058
-702.012    -493.877    -0.058
-702.030    -493.377    -0.058
-702.049    -492.877    -0.058
-702.068    -492.378    -0.058
-702.086    -491.878    -0.058
-702.105    -491.378    -0.058
-702.124    -490.879    -0.058
-702.144    -490.379    -0.058
-702.162    -489.880    -0.057
-702.181    -489.380    -0.057
-702.200    -488.880    -0.057
-702.218    -488.381    -0.057
-702.237    -487.881    -0.057
-702.256    -487.382    -0.057
-702.275    -486.883    -0.057
-702.292    -486.383    -0.057
-702.309    -485.883    -0.057
-702.328    -485.284    -0.057
-702.342    -484.884    -0.057
-702.358    -484.384    -0.057
-702.374    -483.884    -0.057
-702.391    -483.385    -0.057
-702.407    -482.885    -0.057
-702.423    -482.385    -0.057
-702.439    -481.886    -0.057
-702.456    -481.386    -0.057
-702.472    -480.886    -0.057
-702.491    -480.286    -0.057
-702.504    -479.887    -0.057
-702.521    -479.387    -0.057
-702.537    -478.887    -0.057
-702.553    -478.388    -0.057
-702.572    -477.788    -0.057
-702.586    -477.388    -0.057
-702.605    -476.788    -0.057
-702.618    -476.389    -0.056
-702.634    -475.889    -0.056
-702.651    -475.389    -0.056
-702.667    -474.889    -0.056
-702.683    -474.390    -0.056
-702.699    -473.890    -0.056
-702.718    -473.290    -0.056
-702.731    -472.891    -0.056
-702.747    -472.391    -0.056
-702.764    -471.891    -0.056
-702.780    -471.391    -0.056
-702.796    -470.892    -0.056
-702.816    -470.292    -0.056
-702.829    -469.892    -0.056
-702.846    -469.393    -0.056
-702.861    -468.893    -0.056
-702.878    -468.393    -0.056
-702.894    -467.893    -0.056
-702.911    -467.394    -0.056
-702.926    -466.894    -0.056
-702.945    -466.294    -0.056
-702.959    -465.895    -0.056
-702.975    -465.395    -0.056
-702.991    -464.896    -0.056
-703.007    -464.396    -0.056
-703.024    -463.897    -0.056
-703.040    -463.397    -0.056
-703.059    -462.797    -0.056
-703.072    -462.398    -0.056
-703.089    -461.898    -0.055
-703.105    -461.398    -0.055
-703.121    -460.898    -0.055
-703.140    -460.299    -0.055
-703.154    -459.899    -0.055
-703.173    -459.299    -0.055
-703.186    -458.900    -0.055
-703.202    -458.400    -0.055
-703.219    -457.900    -0.055
-703.235    -457.400    -0.055
-703.251    -456.901    -0.055
-703.267    -456.401    -0.055
-703.286    -455.801    -0.055
-703.299    -455.402    -0.055
-703.315    -454.902    -0.055
-703.332    -454.402    -0.055
-703.348    -453.902    -0.055
-703.364    -453.403    -0.055
-703.384    -452.803    -0.055
-703.397    -452.403    -0.055
-703.414    -451.904    -0.055
-703.429    -451.404    -0.055
-703.445    -450.904    -0.055
-703.463    -450.304    -0.055
-703.476    -449.905    -0.055
-703.494    -449.305    -0.055
-703.506    -448.905    -0.055
-703.521    -448.405    -0.055
-703.537    -447.906    -0.055
-703.555    -447.306    -0.054
-703.567    -446.906    -0.054
-703.583    -446.407    -0.054
-703.598    -445.907    -0.054
-703.613    -445.407    -0.054
-703.628    -444.907    -0.054
-703.644    -444.408    -0.054
-703.659    -443.908    -0.054
-703.677    -443.308    -0.054
-703.689    -442.908    -0.054
-703.707    -442.309    -0.054
-703.720    -441.909    -0.054
-703.735    -441.409    -0.054
-703.753    -440.809    -0.054
-703.766    -440.410    -0.054
-703.784    -439.810    -0.054
-703.796    -439.410    -0.054
-703.814    -438.810    -0.054
-703.827    -438.411    -0.054
-703.845    -437.811    -0.054
-703.857    -437.411    -0.054
-703.872    -436.911    -0.054
-703.888    -436.412    -0.054
-703.906    -435.812    -0.054
-703.918    -435.412    -0.054
-703.934    -434.913    -0.054
-703.949    -434.413    -0.054
-703.964    -433.913    -0.054
-703.983    -433.314    -0.054
-703.995    -432.915    -0.054
-704.010    -432.415    -0.054
-704.025    -431.915    -0.053
-704.040    -431.415    -0.053
-704.058    -430.816    -0.053
-704.071    -430.416    -0.053
-704.086    -429.916    -0.053
-704.104    -429.316    -0.053
-704.117    -428.917    -0.053
-704.133    -428.417    -0.053
-704.147    -427.917    -0.053
-704.163    -427.417    -0.053
-704.181    -426.818    -0.053
-704.194    -426.418    -0.053
-704.209    -425.918    -0.053
-704.224    -425.419    -0.053
-704.240    -424.919    -0.053
-704.255    -424.419    -0.053
-704.270    -423.919    -0.053
-704.285    -423.420    -0.053
-704.303    -422.820    -0.053
-704.316    -422.420    -0.053
-704.334    -421.820    -0.053
-704.346    -421.421    -0.053
-704.362    -420.921    -0.053
-704.380    -420.321    -0.053
-704.392    -419.921    -0.053
-704.410    -419.322    -0.053
-704.423    -418.922    -0.053
-704.441    -418.322    -0.053
-704.453    -417.922    -0.053
-704.471    -417.323    -0.053
-704.484    -416.923    -0.053
-704.498    -416.423    -0.052
-704.514    -415.924    -0.052
-704.532    -415.324    -0.052
-704.545    -414.924    -0.052
-704.560    -414.424    -0.052
-704.575    -413.925    -0.052
-704.591    -413.425    -0.052
-704.609    -412.825    -0.052
-704.621    -412.425    -0.052
-704.636    -411.926    -0.052
-704.652    -411.426    -0.052
-704.667    -410.926    -0.052
-704.685    -410.326    -0.052
-704.697    -409.927    -0.052
-704.713    -409.427    -0.052
-704.731    -408.827    -0.052
-704.743    -408.427    -0.052
-704.759    -407.928    -0.052
-704.774    -407.428    -0.052
-704.792    -406.828    -0.052
-704.804    -406.429    -0.052
-704.822    -405.829    -0.052
-704.835    -405.429    -0.052
-704.853    -404.829    -0.052
-704.865    -404.430    -0.052
-704.883    -403.830    -0.052
-704.896    -403.430    -0.052
-704.912    -402.930    -0.052
-704.930    -402.331    -0.052
-704.942    -401.931    -0.052
-704.960    -401.331    -0.052
-704.973    -400.931    -0.052
-704.987    -400.432    -0.052
-705.003    -399.932    -0.051
-705.018    -399.432    -0.051
-705.036    -398.832    -0.051
-705.048    -398.433    -0.051
-705.064    -397.933    -0.051
-705.082    -397.333    -0.051
-705.094    -396.933    -0.051
-705.110    -396.434    -0.051
-705.125    -395.934    -0.051
-705.141    -395.434    -0.051
-705.155    -394.935    -0.051
-705.174    -394.335    -0.051
-705.186    -393.935    -0.051
-705.204    -393.335    -0.051
-705.216    -392.937    -0.051
-705.234    -392.337    -0.051
-705.247    -391.937    -0.051
-705.263    -391.437    -0.051
-705.281    -390.838    -0.051
-705.293    -390.438    -0.051
-705.310    -389.938    -0.051
-705.327    -389.438    -0.051
-705.343    -388.939    -0.051
-705.360    -388.439    -0.051
-705.377    -387.939    -0.051
-705.394    -387.440    -0.051
-705.410    -386.940    -0.051
-705.427    -386.440    -0.051
-705.444    -385.941    -0.051
-705.461    -385.441    -0.051
-705.477    -384.941    -0.051
-705.494    -384.441    -0.051
-705.511    -383.942    -0.051
-705.526    -383.442    -0.051
-705.540    -382.942    -0.051
-705.558    -382.343    -0.050
-705.571    -381.943    -0.050
-705.585    -381.443    -0.050
-705.604    -380.843    -0.050
-705.616    -380.444    -0.050
-705.631    -379.944    -0.050
-705.649    -379.344    -0.050
-705.661    -378.944    -0.050
-705.676    -378.445    -0.050
-705.694    -377.845    -0.050
-705.706    -377.445    -0.050
-705.721    -376.945    -0.050
-705.739    -376.346    -0.050
-705.752    -375.946    -0.050
-705.766    -375.446    -0.050
-705.785    -374.846    -0.050
-705.797    -374.447    -0.050
-705.814    -373.847    -0.050
-705.828    -373.347    -0.050
-705.838    -372.947    -0.050
-705.854    -372.348    -0.050
-705.868    -371.848    -0.050
-705.882    -371.348    -0.050
-705.895    -370.848    -0.050
-705.906    -370.448    -0.050
-705.920    -369.949    -0.050
-705.936    -369.349    -0.050
-705.949    -368.849    -0.050
-705.963    -368.349    -0.050
-705.974    -367.950    -0.050
-705.987    -367.450    -0.050
-706.003    -366.850    -0.050
-706.017    -366.350    -0.050
-706.031    -365.850    -0.050
-706.045    -365.351    -0.050
-706.058    -364.851    -0.049
-706.072    -364.351    -0.049
-706.086    -363.851    -0.049
-706.100    -363.352    -0.049
-706.113    -362.852    -0.049
-706.127    -362.352    -0.049
-706.141    -361.852    -0.049
-706.155    -361.353    -0.049
-706.168    -360.853    -0.049
-706.182    -360.353    -0.049
-706.193    -359.953    -0.049
-706.210    -359.353    -0.049
-706.223    -358.854    -0.049
-706.237    -358.354    -0.049
-706.251    -357.854    -0.049
-706.265    -357.354    -0.049
-706.278    -356.855    -0.049
-706.292    -356.355    -0.049
-706.306    -355.855    -0.049
-706.316    -355.455    -0.049
-706.330    -354.955    -0.049
-706.344    -354.456    -0.049
-706.357    -353.956    -0.049
-706.374    -353.356    -0.049
-706.387    -352.856    -0.049
-706.401    -352.357    -0.049
-706.415    -351.857    -0.049
-706.429    -351.357    -0.049
-706.442    -350.857    -0.049
-706.456    -350.357    -0.049
-706.470    -349.858    -0.049
-706.483    -349.358    -0.049
-706.497    -348.858    -0.049
-706.511    -348.358    -0.049
-706.525    -347.859    -0.049
-706.538    -347.359    -0.049
-706.552    -346.859    -0.049
-706.566    -346.359    -0.049
-706.576    -345.959    -0.049
-706.590    -345.460    -0.048
-706.604    -344.960    -0.048
-706.618    -344.460    -0.048
-706.634    -343.860    -0.048
-706.647    -343.361    -0.048
-706.661    -342.861    -0.048
-706.675    -342.361    -0.048
-706.689    -341.861    -0.048
-706.702    -341.362    -0.048
-706.716    -340.862    -0.048
-706.730    -340.362    -0.048
-706.741    -339.962    -0.048
-706.757    -339.362    -0.048
-706.771    -338.863    -0.048
-706.785    -338.363    -0.048
-706.799    -337.863    -0.048
-706.812    -337.363    -0.048
-706.826    -336.864    -0.048
-706.837    -336.464    -0.048
-706.856    -335.864    -0.048
-706.870    -335.364    -0.048
-706.883    -334.965    -0.048
-706.897    -334.465    -0.048
-706.912    -333.965    -0.048
-706.927    -333.465    -0.048
-706.942    -332.966    -0.048
-706.956    -332.466    -0.048
-706.971    -331.966    -0.048
-706.989    -331.366    -0.048
-707.004    -330.868    -0.048
-707.019    -330.368    -0.048
-707.031    -329.968    -0.048
-707.046    -329.468    -0.048
-707.061    -328.969    -0.048
-707.075    -328.469    -0.048
-707.093    -327.869    -0.048
-707.108    -327.369    -0.048
-707.123    -326.870    -0.048
-707.138    -326.370    -0.048
-707.152    -325.870    -0.048
-707.167    -325.370    -0.047
-707.182    -324.871    -0.047
-707.194    -324.471    -0.047
-707.209    -323.971    -0.047
-707.224    -323.471    -0.047
-707.242    -322.872    -0.047
-707.257    -322.372    -0.047
-707.269    -321.972    -0.047
-707.284    -321.472    -0.047
-707.299    -320.973    -0.047
-707.317    -320.373    -0.047
-707.331    -319.873    -0.047
-707.344    -319.473    -0.047
-707.359    -318.974    -0.047
-707.373    -318.474    -0.047
-707.388    -317.974    -0.047
-707.403    -317.474    -0.047
-707.417    -316.975    -0.047
-707.432    -316.475    -0.047
-707.447    -315.975    -0.047
-707.462    -315.475    -0.047
-707.480    -314.876    -0.047
-707.495    -314.376    -0.047
-707.507    -313.976    -0.047
-707.522    -313.476    -0.047
-707.536    -312.977    -0.047
-707.551    -312.477    -0.047
-707.566    -311.977    -0.047
-707.581    -311.477    -0.047
-707.595    -310.978    -0.047
-707.610    -310.478    -0.047
-707.628    -309.878    -0.047
-707.643    -309.378    -0.047
-707.655    -308.979    -0.047
-707.670    -308.479    -0.047
-707.685    -307.979    -0.047
-707.700    -307.479    -0.047
-707.718    -306.880    -0.047
-707.732    -306.380    -0.047
-707.747    -305.880    -0.047
-707.762    -305.380    -0.047
-707.777    -304.881    -0.047
-707.791    -304.381    -0.047
-707.806    -303.881    -0.046
-707.819    -303.481    -0.046
-707.833    -302.982    -0.046
-707.848    -302.482    -0.046
-707.866    -301.882    -0.046
-707.881    -301.383    -0.046
-707.893    -300.983    -0.046
-707.908    -300.483    -0.046
-707.923    -299.983    -0.046
-707.938    -299.483    -0.046
-707.952    -298.984    -0.046
-707.967    -298.484    -0.046
-707.982    -297.984    -0.046
-707.997    -297.484    -0.046
-708.011    -296.985    -0.046
-708.029    -296.385    -0.046
-708.042    -295.985    -0.046
-708.056    -295.485    -0.046
-708.071    -294.986    -0.046
-708.086    -294.486    -0.046
-708.101    -293.986    -0.046
-708.115    -293.486    -0.046
-708.130    -292.987    -0.046
-708.145    -292.487    -0.046
-708.160    -291.987    -0.046
-708.178    -291.388    -0.046
-708.193    -290.888    -0.046
-708.205    -290.488    -0.046
-708.220    -289.988    -0.046
-708.234    -289.489    -0.046
-708.253    -288.889    -0.046
-708.267    -288.389    -0.046
-708.280    -287.989    -0.046
-708.294    -287.490    -0.046
-708.309    -286.990    -0.046
-708.327    -286.390    -0.046
-708.342    -285.890    -0.046
-708.357    -285.391    -0.046
-708.371    -284.891    -0.046
-708.386    -284.391    -0.046
-708.401    -283.891    -0.046
-708.416    -283.392    -0.046
-708.430    -282.892    -0.046
-708.442    -282.492    -0.046
-708.457    -281.992    -0.046
-708.471    -281.493    -0.046
-708.488    -280.893    -0.046
-708.503    -280.393    -0.045
-708.518    -279.893    -0.045
-708.529    -279.494    -0.045
-708.544    -278.994    -0.045
-708.559    -278.495    -0.045
-708.576    -277.895    -0.045
-708.587    -277.495    -0.045
-708.604    -276.896    -0.045
-708.619    -276.396    -0.045
-708.630    -275.996    -0.045
-708.648    -275.396    -0.045
-708.662    -274.897    -0.045
-708.674    -274.497    -0.045
-708.688    -273.997    -0.045
-708.706    -273.397    -0.045
-708.720    -272.898    -0.045
-708.732    -272.498    -0.045
-708.746    -271.998    -0.045
-708.764    -271.398    -0.045
-708.778    -270.899    -0.045
-708.790    -270.499    -0.045
-708.804    -269.999    -0.045
-708.822    -269.399    -0.045
-708.836    -268.900    -0.045
-708.848    -268.500    -0.045
-708.862    -268.000    -0.045
-708.877    -267.500    -0.045
-708.894    -266.901    -0.045
-708.906    -266.501    -0.045
-708.920    -266.001    -0.045
-708.935    -265.501    -0.045
-708.952    -264.902    -0.045
-708.967    -264.402    -0.045
-708.978    -264.002    -0.045
-708.993    -263.502    -0.045
-709.010    -262.903    -0.045
-709.025    -262.403    -0.045
-709.036    -262.003    -0.045
-709.051    -261.503    -0.045
-709.068    -260.904    -0.045
-709.083    -260.404    -0.045
-709.094    -260.004    -0.045
-709.109    -259.504    -0.045
-709.126    -258.905    -0.045
-709.141    -258.405    -0.045
-709.152    -258.005    -0.045
-709.167    -257.505    -0.045
-709.184    -256.906    -0.045
-709.199    -256.406    -0.045
-709.210    -256.006    -0.045
-709.225    -255.506    -0.045
-709.242    -254.907    -0.044
-709.257    -254.407    -0.044
-709.268    -254.007    -0.044
-709.283    -253.507    -0.044
-709.300    -252.907    -0.044
-709.315    -252.408    -0.044
-709.330    -251.908    -0.044
-709.344    -251.408    -0.044
-709.359    -250.908    -0.044
-709.370    -250.509    -0.044
-709.385    -250.009    -0.044
-709.400    -249.509    -0.044
-709.415    -249.009    -0.044
-709.432    -248.410    -0.044
-709.447    -247.910    -0.044
-709.458    -247.510    -0.044
-709.473    -247.010    -0.044
-709.490    -246.411    -0.044
-709.505    -245.911    -0.044
-709.516    -245.511    -0.044
-709.531    -245.011    -0.044
-709.548    -244.412    -0.044
-709.562    -243.912    -0.044
-709.574    -243.512    -0.044
-709.589    -243.012    -0.044
-709.606    -242.413    -0.044
-709.620    -241.913    -0.044
-709.632    -241.513    -0.044
-709.647    -241.013    -0.044
-709.664    -240.414    -0.044
-709.678    -239.914    -0.044
-709.690    -239.514    -0.044
-709.705    -239.014    -0.044
-709.722    -238.415    -0.044
-709.736    -237.915    -0.044
-709.748    -237.515    -0.044
-709.763    -237.015    -0.044
-709.780    -236.416    -0.044
-709.794    -235.916    -0.044
-709.806    -235.516    -0.044
-709.821    -235.016    -0.044
-709.835    -234.517    -0.044
-709.852    -233.917    -0.044
-709.864    -233.517    -0.044
-709.879    -233.017    -0.044
-709.893    -232.517    -0.044
-709.910    -231.918    -0.044
-709.925    -231.418    -0.044
-709.936    -231.018    -0.044
-709.951    -230.518    -0.044
-709.968    -229.919    -0.044
-709.983    -229.419    -0.044
-709.994    -229.019    -0.044
-710.009    -228.519    -0.044
-710.026    -227.920    -0.044
-710.041    -227.420    -0.044
-710.052    -227.020    -0.044
-710.067    -226.520    -0.044
-710.084    -225.921    -0.043
-710.099    -225.421    -0.043
-710.110    -225.021    -0.043
-710.125    -224.521    -0.043
-710.142    -223.922    -0.043
-710.157    -223.422    -0.043
-710.168    -223.022    -0.043
-710.183    -222.522    -0.043
-710.200    -221.923    -0.043
-710.215    -221.423    -0.043
-710.226    -221.023    -0.043
-710.241    -220.523    -0.043
-710.256    -220.024    -0.043
-710.273    -219.424    -0.043
-710.284    -219.024    -0.043
-710.299    -218.524    -0.043
-710.314    -218.025    -0.043
-710.331    -217.425    -0.043
-710.342    -217.025    -0.043
-710.357    -216.525    -0.043
-710.372    -216.026    -0.043
-710.389    -215.426    -0.043
-710.404    -214.926    -0.043
-710.415    -214.526    -0.043
-710.430    -214.027    -0.043
-710.447    -213.427    -0.043
-710.462    -212.928    -0.043
-710.473    -212.528    -0.043
-710.488    -212.028    -0.043
-710.505    -211.429    -0.043
-710.520    -210.929    -0.043
-710.531    -210.529    -0.043
-710.546    -210.029    -0.043
-710.563    -209.430    -0.043
-710.578    -208.930    -0.043
-710.589    -208.530    -0.043
-710.604    -208.030    -0.043
-710.621    -207.431    -0.043
-710.636    -206.931    -0.043
-710.647    -206.531    -0.043
-710.662    -206.031    -0.043
-710.679    -205.432    -0.043
-710.694    -204.932    -0.043
-710.705    -204.532    -0.043
-710.720    -204.032    -0.043
-710.734    -203.533    -0.043
-710.752    -202.933    -0.043
-710.763    -202.533    -0.043
-710.778    -202.033    -0.043
-710.792    -201.534    -0.043
-710.809    -200.934    -0.043
-710.824    -200.434    -0.043
-710.838    -199.934    -0.043
-710.852    -199.435    -0.043
-710.863    -199.035    -0.043
-710.877    -198.535    -0.043
-710.894    -197.935    -0.043
-710.908    -197.436    -0.043
-710.921    -196.936    -0.043
-710.933    -196.536    -0.043
-710.947    -196.036    -0.043
-710.964    -195.436    -0.043
-710.977    -194.937    -0.043
-710.991    -194.437    -0.043
-711.003    -194.037    -0.043
-711.016    -193.537    -0.043
-711.033    -192.938    -0.043
-711.047    -192.438    -0.042
-711.061    -191.938    -0.042
-711.072    -191.538    -0.042
-711.086    -191.038    -0.042
-711.103    -190.439    -0.042
-711.117    -189.939    -0.042
-711.131    -189.439    -0.042
-711.142    -189.039    -0.042
-711.156    -188.540    -0.042
-711.173    -187.940    -0.042
-711.187    -187.440    -0.042
-711.200    -186.940    -0.042
-711.212    -186.541    -0.042
-711.225    -186.041    -0.042
-711.243    -185.441    -0.042
-711.256    -184.941    -0.042
-711.268    -184.542    -0.042
-711.285    -183.942    -0.042
-711.296    -183.542    -0.042
-711.310    -183.042    -0.042
-711.327    -182.442    -0.042
-711.341    -181.943    -0.042
-711.352    -181.543    -0.042
-711.366    -181.043    -0.042
-711.383    -180.443    -0.042
-711.397    -179.944    -0.042
-711.411    -179.444    -0.042
-711.422    -179.044    -0.042
-711.436    -178.544    -0.042
-711.453    -177.945    -0.042
-711.466    -177.445    -0.042
-711.480    -176.945    -0.042
-711.492    -176.545    -0.042
-711.505    -176.045    -0.042
-711.522    -175.446    -0.042
-711.536    -174.946    -0.042
-711.550    -174.446    -0.042
-711.561    -174.046    -0.042
-711.575    -173.547    -0.042
-711.592    -172.947    -0.042
-711.606    -172.447    -0.042
-711.620    -171.947    -0.042
-711.631    -171.548    -0.042
-711.645    -171.048    -0.042
-711.662    -170.448    -0.042
-711.676    -169.948    -0.042
-711.689    -169.449    -0.042
-711.701    -169.049    -0.042
-711.715    -168.549    -0.042
-711.732    -167.949    -0.042
-711.745    -167.449    -0.042
-711.759    -166.950    -0.042
-711.771    -166.550    -0.042
-711.784    -166.050    -0.042
-711.801    -165.450    -0.042
-711.815    -164.951    -0.042
-711.829    -164.451    -0.042
-711.840    -164.051    -0.042
-711.854    -163.551    -0.042
-711.868    -163.051    -0.042
-711.885    -162.452    -0.042
-711.899    -161.952    -0.042
-711.910    -161.552    -0.042
-711.924    -161.052    -0.042
-711.937    -160.553    -0.042
-711.955    -159.953    -0.042
-711.968    -159.453    -0.042
-711.980    -159.053    -0.042
-711.993    -158.554    -0.042
-712.011    -157.954    -0.042
-712.022    -157.554    -0.042
-712.039    -156.954    -0.042
-712.053    -156.455    -0.042
-712.064    -156.055    -0.042
-712.078    -155.555    -0.042
-712.095    -154.955    -0.042
-712.109    -154.455    -0.042
-712.120    -154.056    -0.042
-712.134    -153.556    -0.042
-712.148    -153.056    -0.042
-712.165    -152.456    -0.042
-712.178    -151.957    -0.042
-712.192    -151.457    -0.042
-712.204    -151.057    -0.042
-712.217    -150.557    -0.041
-712.234    -149.958    -0.041
-712.248    -149.458    -0.041
-712.262    -148.958    -0.041
-712.273    -148.558    -0.041
-712.287    -148.058    -0.041
-712.304    -147.459    -0.041
-712.318    -146.959    -0.041
-712.332    -146.459    -0.041
-712.343    -146.059    -0.041
-712.357    -145.560    -0.041
-712.374    -144.960    -0.041
-712.388    -144.460    -0.041
-712.401    -143.960    -0.041
-712.413    -143.560    -0.041
-712.427    -143.061    -0.041
-712.444    -142.461    -0.041
-712.457    -141.961    -0.041
-712.471    -141.461    -0.041
-712.483    -141.062    -0.041
-712.496    -140.562    -0.041
-712.513    -139.962    -0.041
-712.527    -139.462    -0.041
-712.541    -138.963    -0.041
-712.552    -138.563    -0.041
-712.566    -138.063    -0.041
-712.583    -137.463    -0.041
-712.597    -136.964    -0.041
-712.611    -136.464    -0.041
-712.622    -136.064    -0.041
-712.636    -135.564    -0.041
-712.653    -134.964    -0.041
-712.667    -134.465    -0.041
-712.680    -133.965    -0.041
-712.692    -133.565    -0.041
-712.705    -133.065    -0.041
-712.723    -132.466    -0.041
-712.736    -131.966    -0.041
-712.748    -131.566    -0.041
-712.765    -130.966    -0.041
-712.776    -130.567    -0.041
-712.790    -130.067    -0.041
-712.807    -129.467    -0.041
-712.821    -128.967    -0.041
-712.832    -128.567    -0.041
-712.846    -128.068    -0.041
-712.863    -127.468    -0.041
-712.877    -126.968    -0.041
-712.890    -126.468    -0.041
-712.902    -126.069    -0.041
-712.916    -125.569    -0.041
-712.933    -124.969    -0.041
-712.946    -124.469    -0.041
-712.960    -123.970    -0.041
-712.972    -123.570    -0.041
-712.985    -123.070    -0.041
-713.002    -122.470    -0.041
-713.016    -121.971    -0.041
-713.030    -121.471    -0.041
-713.041    -121.071    -0.041
-713.055    -120.571    -0.041
-713.072    -119.971    -0.041
-713.086    -119.472    -0.041
-713.100    -118.972    -0.041
-713.111    -118.573    -0.041
-713.125    -118.073    -0.041
-713.142    -117.474    -0.041
-713.156    -116.974    -0.041
-713.169    -116.474    -0.041
-713.181    -116.074    -0.041
-713.194    -115.574    -0.041
-713.212    -114.975    -0.041
-713.225    -114.475    -0.041
-713.239    -113.975    -0.041
-713.250    -113.575    -0.041
-713.264    -113.076    -0.041
-713.281    -112.476    -0.041
-713.295    -111.976    -0.041
-713.309    -111.476    -0.041
-713.320    -111.077    -0.041
-713.334    -110.577    -0.041
-713.351    -109.977    -0.041
-713.365    -109.477    -0.041
-713.379    -108.978    -0.041
-713.390    -108.578    -0.041
-713.407    -107.978    -0.041
-713.421    -107.478    -0.041
-713.432    -107.078    -0.041
-713.449    -106.479    -0.041
-713.461    -106.079    -0.041
-713.474    -105.579    -0.041
-713.491    -104.979    -0.041
-713.505    -104.480    -0.041
-713.519    -103.980    -0.041
-713.530    -103.580    -0.041
-713.544    -103.080    -0.041
-713.558    -102.580    -0.041
-713.575    -101.981    -0.041
-713.589    -101.481    -0.041
-713.600    -101.081    -0.041
-713.614    -100.581    -0.041
-713.628    -100.082    -0.041
-713.645    -99.482    -0.041
-713.658    -98.982    -0.041
-713.670    -98.582    -0.041
-713.684    -98.083    -0.041
-713.697    -97.583    -0.041
-713.714    -96.983    -0.041
-713.728    -96.483    -0.041
-713.742    -95.984    -0.041
-713.753    -95.584    -0.041
-713.767    -95.084    -0.041
-713.784    -94.484    -0.041
-713.798    -93.984    -0.041
-713.812    -93.485    -0.041
-713.825    -92.985    -0.041
-713.837    -92.585    -0.041
-713.851    -92.085    -0.041
-713.868    -91.486    -0.041
-713.881    -90.986    -0.041
-713.893    -90.586    -0.041
-713.906    -90.086    -0.041
-713.924    -89.487    -0.041
-713.935    -89.087    -0.041
-713.949    -88.587    -0.041
-713.966    -87.987    -0.041
-713.980    -87.487    -0.041
-713.991    -87.088    -0.041
-714.005    -86.588    -0.041
-714.018    -86.088    -0.041
-714.036    -85.488    -0.040
-714.049    -84.989    -0.040
-714.063    -84.489    -0.040
-714.074    -84.089    -0.040
-714.088    -83.589    -0.040
-714.105    -82.990    -0.040
-714.119    -82.490    -0.040
-714.133    -81.990    -0.040
-714.144    -81.590    -0.040
-714.161    -80.990    -0.040
-714.175    -80.491    -0.040
-714.186    -80.091    -0.040
-714.203    -79.491    -0.040
-714.217    -78.991    -0.040
-714.231    -78.492    -0.040
-714.242    -78.092    -0.040
-714.256    -77.592    -0.040
-714.273    -76.992    -0.040
-714.287    -76.493    -0.040
-714.301    -75.993    -0.040
-714.312    -75.593    -0.040
-714.326    -75.093    -0.040
-714.340    -74.593    -0.040
-714.357    -73.994    -0.040
-714.370    -73.494    -0.040
-714.384    -72.994    -0.040
-714.396    -72.594    -0.040
-714.409    -72.095    -0.040
-714.423    -71.595    -0.040
-714.440    -70.995    -0.040
-714.454    -70.495    -0.040
-714.468    -69.996    -0.040
-714.479    -69.596    -0.040
-714.496    -68.996    -0.040
-714.510    -68.496    -0.040
-714.521    -68.096    -0.040
-714.538    -67.497    -0.040
-714.552    -66.997    -0.040
-714.564    -66.597    -0.040
-714.577    -66.097    -0.040
-714.594    -65.498    -0.040
-714.608    -64.998    -0.040
-714.622    -64.498    -0.040
-714.636    -63.998    -0.040
-714.647    -63.599    -0.040
-714.661    -63.099    -0.040
-714.678    -62.499    -0.040
-714.692    -61.999    -0.040
-714.705    -61.500    -0.040
-714.717    -61.100    -0.040
-714.730    -60.600    -0.040
-714.744    -60.100    -0.040
-714.761    -59.500    -0.040
-714.775    -59.001    -0.040
-714.789    -58.501    -0.040
-714.800    -58.101    -0.040
-714.814    -57.601    -0.040
-714.831    -57.002    -0.040
-714.842    -56.602    -0.040
-714.856    -56.102    -0.040
-714.873    -55.502    -0.040
-714.885    -55.102    -0.040
-714.898    -54.603    -0.040
-714.912    -54.103    -0.040
-714.929    -53.503    -0.040
-714.943    -53.003    -0.040
-714.957    -52.504    -0.040
-714.968    -52.104    -0.040
-714.982    -51.604    -0.040
-714.999    -51.004    -0.040
-715.013    -50.505    -0.040
-715.026    -50.005    -0.040
-715.040    -49.505    -0.040
-715.052    -49.105    -0.040
-715.069    -48.506    -0.040
-715.082    -48.006    -0.040
-715.094    -47.606    -0.040
-715.111    -47.006    -0.040
-715.125    -46.506    -0.040
-715.136    -46.107    -0.040
-715.150    -45.607    -0.040
-715.167    -45.007    -0.040
-715.181    -44.507    -0.040
-715.194    -44.008    -0.040
-715.206    -43.608    -0.040
-715.220    -43.108    -0.040
-715.233    -42.608    -0.040
-715.250    -42.009    -0.040
-715.264    -41.509    -0.040
-715.278    -41.009    -0.040
-715.289    -40.609    -0.040
-715.303    -40.109    -0.040
-715.317    -39.610    -0.040
-715.334    -39.010    -0.040
-715.348    -38.510    -0.040
-715.361    -38.010    -0.040
-715.373    -37.611    -0.040
-715.386    -37.111    -0.040
-715.404    -36.511    -0.040
-715.415    -36.111    -0.040
-715.429    -35.612    -0.040
-715.446    -35.012    -0.040
-715.457    -34.612    -0.040
-715.471    -34.112    -0.040
-715.488    -33.513    -0.040
-715.502    -33.013    -0.040
-715.516    -32.513    -0.040
-715.527    -32.113    -0.040
-715.541    -31.613    -0.040
-715.554    -31.114    -0.040
-715.571    -30.514    -0.040
-715.585    -30.014    -0.040
-715.599    -29.514    -0.040
-715.610    -29.115    -0.040
-715.624    -28.615    -0.040
-715.638    -28.115    -0.040
-715.655    -27.515    -0.040
-715.669    -27.015    -0.040
-715.682    -26.516    -0.040
-715.694    -26.116    -0.040
-715.708    -25.616    -0.040
-715.725    -25.016    -0.040
-715.738    -24.517    -0.040
-715.750    -24.117    -0.040
-715.767    -23.517    -0.040
-715.781    -23.017    -0.040
-715.792    -22.618    -0.040
-715.809    -22.018    -0.040
-715.824    -21.518    -0.040
-715.839    -21.018    -0.040
-715.853    -20.519    -0.040
-715.868    -20.019    -0.040
-715.883    -19.520    -0.040
-715.898    -19.020    -0.040
-715.912    -18.521    -0.040
-715.927    -18.021    -0.040
-715.942    -17.521    -0.040
-715.957    -17.021    -0.040
-715.971    -16.522    -0.040
-715.986    -16.022    -0.040
-716.001    -15.522    -0.040
-716.016    -15.022    -0.040
-716.030    -14.523    -0.040
-716.042    -14.123    -0.040
-716.056    -13.623    -0.040
-716.071    -13.123    -0.040
-716.086    -12.624    -0.040
-716.101    -12.124    -0.040
-716.115    -11.624    -0.040
-716.130    -11.124    -0.040
-716.145    -10.625    -0.040
-716.160    -10.125    -0.040
-716.174    -9.625    -0.040
-716.189    -9.125    -0.040
-716.204    -8.626    -0.040
-716.219    -8.126    -0.040
-716.233    -7.626    -0.040
-716.248    -7.126    -0.040
-716.263    -6.627    -0.040
-716.278    -6.127    -0.040
-716.292    -5.627    -0.040
-716.307    -5.127    -0.040
-716.322    -4.628    -0.040
-716.337    -4.128    -0.040
-716.351    -3.628    -0.040
-716.366    -3.128    -0.040
-716.381    -2.629    -0.040
-716.396    -2.129    -0.040
-716.410    -1.629    -0.040
-716.425    -1.129    -0.040
-716.440    -0.630    -0.040
-716.455    -0.130    -0.040
-716.469    0.370    -0.040
-716.484    0.870    -0.040
-716.499    1.369    -0.040
-716.514    1.869    -0.040
-716.528    2.369    -0.040
-716.543    2.869    -0.040
-716.558    3.368    -0.040
-716.573    3.868    -0.040
-716.587    4.368    -0.040
-716.602    4.868    -0.040
-716.617    5.367    -0.040
-716.632    5.867    -0.040
-716.646    6.367    -0.040
-716.661    6.867    -0.040
-716.676    7.366    -0.040
-716.690    7.866    -0.040
-716.705    8.366    -0.040
-716.720    8.866    -0.040
-716.735    9.365    -0.040
-716.749    9.865    -0.040
-716.764    10.365    -0.040
-716.781    10.965    -0.040
-716.796    11.464    -0.040
-716.811    11.964    -0.040
-716.826    12.464    -0.040
-716.840    12.964    -0.040
-716.855    13.463    -0.040
-716.870    13.963    -0.040
-716.885    14.463    -0.040
-716.899    14.963    -0.040
-716.911    15.363    -0.040
-716.928    15.962    -0.040
-716.939    16.362    -0.040
-716.956    16.962    -0.040
-716.968    17.362    -0.040
-716.985    17.961    -0.040
-716.996    18.361    -0.040
-717.013    18.961    -0.040
-717.025    19.361    -0.040
-717.042    19.960    -0.040
-717.053    20.360    -0.040
-717.070    20.960    -0.040
-717.082    21.360    -0.040
-717.099    21.959    -0.040
-717.112    22.459    -0.040
-717.124    22.859    -0.040
-717.141    23.459    -0.040
-717.152    23.858    -0.040
-717.169    24.458    -0.040
-717.181    24.858    -0.040
-717.198    25.458    -0.040
-717.209    25.858    -0.040
-717.226    26.457    -0.040
-717.238    26.857    -0.040
-717.255    27.457    -0.040
-717.266    27.857    -0.040
-717.283    28.456    -0.040
-717.295    28.856    -0.040
-717.312    29.456    -0.040
-717.323    29.856    -0.040
-717.340    30.455    -0.040
-717.352    30.855    -0.040
-717.367    31.355    -0.040
-717.384    31.955    -0.040
-717.395    32.354    -0.040
-717.412    32.954    -0.040
-717.423    33.354    -0.040
-717.441    33.954    -0.040
-717.452    34.353    -0.040
-717.469    34.953    -0.040
-717.480    35.353    -0.040
-717.498    35.953    -0.040
-717.509    36.353    -0.040
-717.523    36.852    -0.040
-717.540    37.452    -0.040
-717.551    37.852    -0.040
-717.565    38.352    -0.040
-717.582    38.951    -0.040
-717.597    39.451    -0.040
-717.608    39.851    -0.040
-717.625    40.451    -0.040
-717.637    40.850    -0.040
-717.654    41.450    -0.040
-717.665    41.850    -0.040
-717.682    42.450    -0.040
-717.694    42.849    -0.040
-717.711    43.449    -0.040
-717.722    43.849    -0.040
-717.739    44.449    -0.040
-717.751    44.848    -0.040
-717.768    45.448    -0.041
-717.779    45.847    -0.041
-717.796    46.447    -0.041
-717.808    46.847    -0.041
-717.822    47.346    -0.041
-717.839    47.946    -0.041
-717.851    48.346    -0.041
-717.868    48.946    -0.041
-717.879    49.345    -0.041
-717.896    49.945    -0.041
-717.908    50.345    -0.041
-717.925    50.945    -0.041
-717.939    51.444    -0.041
-717.950    51.844    -0.041
-717.967    52.444    -0.041
-717.981    52.944    -0.041
-717.992    53.343    -0.041
-718.009    53.943    -0.041
-718.021    54.343    -0.041
-718.038    54.943    -0.041
-718.049    55.342    -0.041
-718.064    55.842    -0.041
-718.081    56.442    -0.041
-718.092    56.842    -0.041
-718.110    57.441    -0.041
-718.121    57.841    -0.041
-718.138    58.441    -0.041
-718.149    58.841    -0.041
-718.167    59.441    -0.041
-718.178    59.840    -0.041
-718.195    60.440    -0.041
-718.206    60.840    -0.041
-718.224    61.440    -0.041
-718.235    61.839    -0.041
-718.252    62.439    -0.041
-718.263    62.839    -0.041
-718.281    63.439    -0.041
-718.295    63.938    -0.041
-718.307    64.338    -0.041
-718.324    64.938    -0.041
-718.335    65.338    -0.041
-718.349    65.837    -0.041
-718.366    66.437    -0.041
-718.377    66.837    -0.041
-718.391    67.337    -0.041
-718.408    67.936    -0.041
-718.420    68.336    -0.041
-718.437    68.936    -0.041
-718.448    69.336    -0.041
-718.465    69.936    -0.041
-718.477    70.335    -0.041
-718.494    70.935    -0.041
-718.505    71.335    -0.041
-718.520    71.835    -0.041
-718.537    72.434    -0.041
-718.548    72.834    -0.041
-718.565    73.434    -0.041
-718.577    73.834    -0.041
-718.594    74.433    -0.041
-718.605    74.833    -0.041
-718.622    75.433    -0.041
-718.634    75.833    -0.041
-718.651    76.432    -0.041
-718.662    76.832    -0.041
-718.679    77.432    -0.041
-718.691    77.832    -0.041
-718.708    78.431    -0.041
-718.719    78.831    -0.041
-718.736    79.431    -0.041
-718.751    79.931    -0.041
-718.763    80.331    -0.041
-718.780    80.930    -0.041
-718.791    81.330    -0.041
-718.808    81.930    -0.041
-718.820    82.330    -0.041
-718.837    82.929    -0.041
-718.848    83.329    -0.041
-718.862    83.829    -0.041
-718.879    84.429    -0.041
-718.890    84.828    -0.041
-718.907    85.428    -0.041
-718.921    85.928    -0.041
-718.932    86.328    -0.041
-718.950    86.927    -0.041
-718.961    87.327    -0.041
-718.976    87.827    -0.041
-718.993    88.427    -0.041
-719.004    88.827    -0.041
-719.021    89.426    -0.041
-719.033    89.826    -0.041
-719.050    90.426    -0.041
-719.061    90.826    -0.041
-719.078    91.425    -0.041
-719.090    91.825    -0.041
-719.107    92.425    -0.041
-719.118    92.825    -0.041
-719.135    93.424    -0.041
-719.147    93.824    -0.041
-719.164    94.424    -0.041
-719.175    94.824    -0.041
-719.192    95.423    -0.041
-719.207    95.923    -0.041
-719.218    96.323    -0.041
-719.235    96.923    -0.041
-719.247    97.322    -0.041
-719.264    97.922    -0.041
-719.278    98.422    -0.041
-719.289    98.822    -0.041
-719.306    99.421    -0.041
-719.318    99.821    -0.041
-719.331    100.321    -0.041
-719.348    100.921    -0.041
-719.360    101.321    -0.041
-719.377    101.920    -0.041
-719.388    102.320    -0.041
-719.405    102.920    -0.041
-719.417    103.320    -0.041
-719.432    103.819    -0.041
-719.449    104.419    -0.041
-719.460    104.819    -0.041
-719.477    105.419    -0.041
-719.489    105.818    -0.041
-719.506    106.418    -0.041
-719.517    106.818    -0.041
-719.534    107.418    -0.041
-719.546    107.817    -0.041
-719.563    108.417    -0.041
-719.574    108.817    -0.041
-719.591    109.417    -0.041
-719.603    109.817    -0.041
-719.620    110.416    -0.042
-719.631    110.816    -0.042
-719.648    111.416    -0.042
-719.659    111.816    -0.042
-719.674    112.315    -0.042
-719.688    112.815    -0.042
-719.705    113.415    -0.042
-719.716    113.815    -0.042
-719.734    114.414    -0.042
-719.747    114.914    -0.042
-719.759    115.314    -0.042
-719.776    115.914    -0.042
-719.787    116.313    -0.042
-719.804    116.913    -0.042
-719.816    117.313    -0.042
-719.833    117.913    -0.042
-719.844    118.312    -0.042
-719.861    118.912    -0.042
-719.873    119.312    -0.042
-719.890    119.912    -0.042
-719.905    120.411    -0.042
-719.916    120.811    -0.042
-719.933    121.411    -0.042
-719.944    121.811    -0.042
-719.961    122.411    -0.042
-719.973    122.810    -0.042
-719.990    123.410    -0.042
-720.001    123.810    -0.042
-720.018    124.410    -0.042
-720.030    124.809    -0.042
-720.047    125.409    -0.042
-720.058    125.808    -0.042
-720.075    126.408    -0.042
-720.087    126.807    -0.042
-720.102    127.307    -0.042
-720.119    127.907    -0.042
-720.130    128.307    -0.042
-720.147    128.906    -0.042
-720.159    129.306    -0.042
-720.176    129.906    -0.042
-720.187    130.306    -0.042
-720.204    130.905    -0.042
-720.216    131.305    -0.042
-720.233    131.905    -0.042
-720.244    132.305    -0.042
-720.261    132.904    -0.042
-720.276    133.404    -0.042
-720.287    133.804    -0.042
-720.304    134.404    -0.042
-720.316    134.804    -0.042
-720.333    135.403    -0.042
-720.344    135.803    -0.042
-720.361    136.403    -0.042
-720.373    136.803    -0.042
-720.390    137.402    -0.042
-720.401    137.802    -0.042
-720.418    138.402    -0.042
-720.430    138.802    -0.042
-720.444    139.301    -0.042
-720.462    139.901    -0.042
-720.473    140.301    -0.042
-720.490    140.901    -0.042
-720.501    141.300    -0.042
-720.519    141.900    -0.042
-720.530    142.300    -0.042
-720.545    142.800    -0.042
-720.562    143.399    -0.042
-720.573    143.799    -0.042
-720.588    144.299    -0.042
-720.605    144.899    -0.042
-720.620    145.398    -0.042
-720.631    145.798    -0.042
-720.648    146.398    -0.042
-720.660    146.798    -0.042
-720.677    147.398    -0.042
-720.688    147.797    -0.042
-720.705    148.397    -0.042
-720.717    148.797    -0.042
-720.734    149.397    -0.042
-720.745    149.796    -0.042
-720.762    150.396    -0.042
-720.774    150.796    -0.042
-720.788    151.296    -0.042
-720.805    151.895    -0.042
-720.817    152.295    -0.043
-720.834    152.895    -0.043
-720.845    153.295    -0.043
-720.862    153.894    -0.043
-720.874    154.294    -0.043
-720.891    154.894    -0.043
-720.902    155.294    -0.043
-720.919    155.893    -0.043
-720.931    156.293    -0.043
-720.948    156.893    -0.043
-720.963    157.393    -0.043
-720.974    157.793    -0.043
-720.991    158.392    -0.043
-721.003    158.792    -0.043
-721.020    159.392    -0.043
-721.031    159.792    -0.043
-721.048    160.391    -0.043
-721.060    160.791    -0.043
-721.077    161.391    -0.043
-721.088    161.791    -0.043
-721.105    162.390    -0.043
-721.116    162.790    -0.043
-721.131    163.290    -0.043
-721.148    163.890    -0.043
-721.160    164.289    -0.043
-721.177    164.889    -0.043
-721.188    165.289    -0.043
-721.205    165.889    -0.043
-721.217    166.288    -0.043
-721.234    166.888    -0.043
-721.245    167.288    -0.043
-721.262    167.888    -0.043
-721.274    168.288    -0.043
-721.288    168.787    -0.043
-721.306    169.387    -0.043
-721.317    169.787    -0.043
-721.332    170.287    -0.043
-721.349    170.886    -0.043
-721.364    171.386    -0.043
-721.375    171.786    -0.043
-721.392    172.386    -0.043
-721.403    172.785    -0.043
-721.421    173.385    -0.043
-721.432    173.785    -0.043
-721.449    174.385    -0.043
-721.460    174.784    -0.043
-721.475    175.284    -0.043
-721.492    175.884    -0.043
-721.504    176.284    -0.043
-721.521    176.883    -0.043
-721.532    177.283    -0.043
-721.549    177.883    -0.043
-721.561    178.283    -0.043
-721.578    178.882    -0.043
-721.589    179.282    -0.043
-721.606    179.882    -0.043
-721.618    180.282    -0.043
-721.635    180.881    -0.043
-721.646    181.281    -0.043
-721.661    181.781    -0.043
-721.678    182.381    -0.043
-721.689    182.781    -0.043
-721.706    183.380    -0.043
-721.718    183.780    -0.043
-721.735    184.380    -0.043
-721.746    184.780    -0.043
-721.763    185.379    -0.043
-721.775    185.779    -0.044
-721.792    186.379    -0.044
-721.803    186.779    -0.044
-721.820    187.378    -0.044
-721.835    187.878    -0.044
-721.847    188.278    -0.044
-721.864    188.878    -0.044
-721.875    189.277    -0.044
-721.892    189.877    -0.044
-721.904    190.277    -0.044
-721.921    190.877    -0.044
-721.932    191.277    -0.044
-721.949    191.876    -0.044
-721.960    192.276    -0.044
-721.978    192.876    -0.044
-721.989    193.276    -0.044
-722.004    193.775    -0.044
-722.021    194.375    -0.044
-722.032    194.775    -0.044
-722.049    195.375    -0.044
-722.061    195.774    -0.044
-722.075    196.274    -0.044
-722.093    196.874    -0.044
-722.107    197.374    -0.044
-722.119    197.773    -0.044
-722.136    198.373    -0.044
-722.147    198.773    -0.044
-722.164    199.373    -0.044
-722.179    199.872    -0.044
-722.190    200.272    -0.044
-722.208    200.872    -0.044
-722.219    201.272    -0.044
-722.236    201.870    -0.044
-722.247    202.270    -0.044
-722.264    202.870    -0.044
-722.276    203.270    -0.044
-722.293    203.869    -0.044
-722.304    204.269    -0.044
-722.321    204.869    -0.044
-722.333    205.269    -0.044
-722.348    205.769    -0.044
-722.365    206.368    -0.044
-722.376    206.768    -0.044
-722.393    207.368    -0.044
-722.405    207.768    -0.044
-722.422    208.367    -0.044
-722.433    208.767    -0.044
-722.450    209.367    -0.044
-722.462    209.767    -0.044
-722.479    210.366    -0.044
-722.490    210.766    -0.044
-722.507    211.366    -0.044
-722.522    211.866    -0.044
-722.533    212.265    -0.044
-722.550    212.865    -0.044
-722.562    213.265    -0.044
-722.579    213.865    -0.044
-722.590    214.264    -0.044
-722.607    214.864    -0.045
-722.619    215.264    -0.045
-722.636    215.864    -0.045
-722.647    216.264    -0.045
-722.664    216.863    -0.045
-722.676    217.263    -0.045
-722.690    217.763    -0.045
-722.708    218.363    -0.045
-722.719    218.762    -0.045
-722.736    219.362    -0.045
-722.747    219.762    -0.045
-722.765    220.362    -0.045
-722.776    220.761    -0.045
-722.793    221.361    -0.045
-722.804    221.761    -0.045
-722.819    222.261    -0.045
-722.836    222.860    -0.045
-722.851    223.360    -0.045
-722.862    223.760    -0.045
-722.880    224.360    -0.045
-722.894    224.859    -0.045
-722.906    225.259    -0.045
-722.923    225.859    -0.045
-722.934    226.259    -0.045
-722.951    226.858    -0.045
-722.963    227.258    -0.045
-722.980    227.858    -0.045
-722.991    228.258    -0.045
-723.008    228.857    -0.045
-723.020    229.257    -0.045
-723.034    229.757    -0.045
-723.051    230.357    -0.045
-723.063    230.757    -0.045
-723.080    231.356    -0.045
-723.091    231.756    -0.045
-723.108    232.356    -0.045
-723.120    232.756    -0.045
-723.137    233.355    -0.045
-723.148    233.755    -0.045
-723.165    234.355    -0.045
-723.177    234.755    -0.045
-723.194    235.354    -0.045
-723.209    235.854    -0.045
-723.220    236.254    -0.045
-723.237    236.854    -0.045
-723.249    237.253    -0.045
-723.266    237.853    -0.045
-723.277    238.253    -0.045
-723.294    238.853    -0.045
-723.306    239.252    -0.045
-723.323    239.852    -0.045
-723.334    240.252    -0.046
-723.351    240.852    -0.046
-723.363    241.252    -0.046
-723.380    241.851    -0.046
-723.391    242.251    -0.046
-723.406    242.751    -0.046
-723.423    243.351    -0.046
-723.438    243.850    -0.046
-723.449    244.250    -0.046
-723.466    244.850    -0.046
-723.481    245.350    -0.046
-723.492    245.749    -0.046
-723.509    246.349    -0.046
-723.521    246.749    -0.046
-723.538    247.349    -0.046
-723.549    247.748    -0.046
-723.566    248.348    -0.046
-723.578    248.748    -0.046
-723.595    249.348    -0.046
-723.606    249.747    -0.046
-723.623    250.347    -0.046
-723.635    250.747    -0.046
-723.652    251.347    -0.046
-723.667    251.846    -0.046
-723.678    252.246    -0.046
-723.695    252.846    -0.046
-723.706    253.246    -0.046
-723.724    253.845    -0.046
-723.735    254.245    -0.046
-723.752    254.845    -0.046
-723.763    255.245    -0.046
-723.781    255.845    -0.046
-723.792    256.244    -0.046
-723.809    256.844    -0.046
-723.820    257.244    -0.046
-723.835    257.744    -0.046
-723.852    258.343    -0.046
-723.864    258.743    -0.046
-723.878    259.243    -0.046
-723.895    259.843    -0.046
-723.907    260.242    -0.046
-723.922    260.742    -0.046
-723.939    261.342    -0.046
-723.950    261.742    -0.046
-723.967    262.341    -0.046
-723.979    262.741    -0.046
-723.996    263.341    -0.046
-724.007    263.741    -0.047
-724.024    264.340    -0.047
-724.036    264.740    -0.047
-724.053    265.340    -0.047
-724.064    265.740    -0.047
-724.081    266.340    -0.047
-724.093    266.739    -0.047
-724.110    267.339    -0.047
-724.121    267.739    -0.047
-724.138    268.339    -0.047
-724.150    268.738    -0.047
-724.167    269.338    -0.047
-724.181    269.838    -0.047
-724.193    270.238    -0.047
-724.210    270.837    -0.047
-724.221    271.237    -0.047
-724.238    271.837    -0.047
-724.250    272.237    -0.047
-724.267    272.836    -0.047
-724.278    273.236    -0.047
-724.295    273.836    -0.047
-724.307    274.236    -0.047
-724.324    274.835    -0.047
-724.335    275.235    -0.047
-724.350    275.735    -0.047
-724.367    276.335    -0.047
-724.378    276.735    -0.047
-724.393    277.234    -0.047
-724.410    277.834    -0.047
-724.422    278.233    -0.047
-724.436    278.733    -0.047
-724.454    279.332    -0.047
-724.465    279.732    -0.047
-724.482    280.332    -0.047
-724.493    280.732    -0.047
-724.511    281.331    -0.047
-724.522    281.731    -0.047
-724.539    282.331    -0.047
-724.550    282.731    -0.047
-724.568    283.330    -0.047
-724.579    283.730    -0.047
-724.596    284.330    -0.047
-724.607    284.730    -0.047
-724.624    285.329    -0.048
-724.636    285.729    -0.048
-724.653    286.329    -0.048
-724.664    286.729    -0.048
-724.681    287.328    -0.048
-724.696    287.828    -0.048
-724.708    288.228    -0.048
-724.725    288.828    -0.048
-724.736    289.228    -0.048
-724.753    289.827    -0.048
-724.765    290.227    -0.048
-724.779    290.727    -0.048
-724.796    291.327    -0.048
-724.808    291.726    -0.048
-724.823    292.226    -0.048
-724.840    292.826    -0.048
-724.851    293.226    -0.048
-724.868    293.825    -0.048
-724.880    294.225    -0.048
-724.897    294.825    -0.048
-724.908    295.225    -0.048
-724.925    295.824    -0.048
-724.937    296.224    -0.048
-724.951    296.724    -0.048
-724.968    297.324    -0.048
-724.980    297.723    -0.048
-724.997    298.323    -0.048
-725.008    298.723    -0.048
-725.025    299.323    -0.048
-725.037    299.722    -0.048
-725.054    300.322    -0.048
-725.065    300.722    -0.048
-725.082    301.322    -0.048
-725.094    301.722    -0.048
-725.111    302.321    -0.048
-725.122    302.721    -0.048
-725.139    303.321    -0.048
-725.151    303.721    -0.048
-725.168    304.320    -0.048
-725.179    304.720    -0.048
-725.194    305.220    -0.049
-725.211    305.820    -0.049
-725.226    306.319    -0.049
-725.237    306.719    -0.049
-725.252    307.219    -0.049
-725.269    307.819    -0.049
-725.280    308.218    -0.049
-725.298    308.818    -0.049
-725.309    309.218    -0.049
-725.326    309.818    -0.049
-725.337    310.217    -0.049
-725.355    310.817    -0.049
-725.366    311.217    -0.049
-725.383    311.817    -0.049
-725.397    312.316    -0.049
-725.408    312.716    -0.049
-725.425    313.316    -0.049
-725.437    313.716    -0.049
-725.454    314.316    -0.049
-725.465    314.715    -0.049
-725.482    315.315    -0.049
-725.494    315.715    -0.049
-725.508    316.215    -0.049
-725.525    316.814    -0.049
-725.539    317.314    -0.049
-725.551    317.714    -0.049
-725.568    318.314    -0.049
-725.579    318.713    -0.049
-725.596    319.313    -0.049
-725.608    319.713    -0.049
-725.625    320.313    -0.049
-725.636    320.712    -0.049
-725.653    321.312    -0.049
-725.665    321.712    -0.049
-725.682    322.312    -0.049
-725.693    322.712    -0.049
-725.710    323.311    -0.049
-725.722    323.711    -0.049
-725.739    324.311    -0.050
-725.752    324.811    -0.050
-725.764    325.210    -0.050
-725.781    325.810    -0.050
-725.792    326.210    -0.050
-725.807    326.710    -0.050
-725.824    327.309    -0.050
-725.836    327.709    -0.050
-725.853    328.309    -0.050
-725.864    328.709    -0.050
-725.878    329.208    -0.050
-725.895    329.808    -0.050
-725.906    330.208    -0.050
-725.923    330.808    -0.050
-725.935    331.207    -0.050
-725.952    331.807    -0.050
-725.963    332.207    -0.050
-725.980    332.807    -0.050
-725.992    333.207    -0.050
-726.006    333.706    -0.050
-726.020    334.206    -0.050
-726.037    334.806    -0.050
-726.049    335.206    -0.050
-726.066    335.805    -0.050
-726.077    336.205    -0.050
-726.091    336.705    -0.050
-726.106    337.205    -0.050
-726.123    337.804    -0.050
-726.134    338.204    -0.050
-726.151    338.804    -0.050
-726.163    339.204    -0.050
-726.180    339.803    -0.050
-726.191    340.203    -0.050
-726.208    340.803    -0.050
-726.223    341.303    -0.050
-726.234    341.702    -0.050
-726.252    342.302    -0.051
-726.263    342.702    -0.051
-726.280    343.302    -0.051
-726.291    343.702    -0.051
-726.305    344.201    -0.051
-726.322    344.801    -0.051
-726.334    345.201    -0.051
-726.351    345.801    -0.051
-726.362    346.200    -0.051
-726.379    346.800    -0.051
-726.391    347.200    -0.051
-726.408    347.800    -0.051
-726.422    348.299    -0.051
-726.436    348.799    -0.051
-726.448    349.199    -0.051
-726.465    349.799    -0.051
-726.476    350.198    -0.051
-726.493    350.798    -0.051
-726.507    351.298    -0.051
-726.522    351.798    -0.051
-726.533    352.197    -0.051
-726.550    352.797    -0.051
-726.562    353.197    -0.051
-726.579    353.797    -0.051
-726.590    354.197    -0.051
-726.607    354.796    -0.051
-726.619    355.196    -0.051
-726.636    355.796    -0.051
-726.649    356.296    -0.051
-726.661    356.695    -0.051
-726.678    357.294    -0.051
-726.689    357.694    -0.051
-726.706    358.294    -0.051
-726.718    358.693    -0.051
-726.733    359.193    -0.051
-726.750    359.793    -0.052
-726.761    360.193    -0.052
-726.778    360.792    -0.052
-726.792    361.292    -0.052
-726.803    361.692    -0.052
-726.820    362.292    -0.052
-726.832    362.691    -0.052
-726.849    363.291    -0.052
-726.860    363.691    -0.052
-726.877    364.291    -0.052
-726.889    364.691    -0.052
-726.906    365.290    -0.052
-726.917    365.690    -0.052
-726.934    366.290    -0.052
-726.946    366.690    -0.052
-726.963    367.289    -0.052
-726.974    367.689    -0.052
-726.991    368.289    -0.052
-727.005    368.789    -0.052
-727.016    369.188    -0.052
-727.031    369.688    -0.052
-727.048    370.288    -0.052
-727.060    370.688    -0.052
-727.077    371.287    -0.052
-727.088    371.687    -0.052
-727.105    372.287    -0.052
-727.117    372.687    -0.052
-727.134    373.286    -0.052
-727.147    373.786    -0.052
-727.159    374.186    -0.052
-727.176    374.786    -0.052
-727.187    375.186    -0.052
-727.204    375.785    -0.053
-727.216    376.185    -0.053
-727.233    376.785    -0.053
-727.248    377.285    -0.053
-727.259    377.684    -0.053
-727.276    378.284    -0.053
-727.290    378.784    -0.053
-727.301    379.184    -0.053
-727.318    379.783    -0.053
-727.330    380.183    -0.053
-727.347    380.783    -0.053
-727.361    381.283    -0.053
-727.372    381.682    -0.053
-727.389    382.282    -0.053
-727.401    382.682    -0.053
-727.418    383.282    -0.053
-727.429    383.682    -0.053
-727.446    384.281    -0.053
-727.458    384.681    -0.053
-727.472    385.181    -0.053
-727.489    385.780    -0.053
-727.501    386.180    -0.053
-727.518    386.780    -0.053
-727.529    387.180    -0.053
-727.546    387.780    -0.053
-727.558    388.179    -0.053
-727.572    388.679    -0.053
-727.589    389.279    -0.053
-727.600    389.679    -0.053
-727.617    390.278    -0.053
-727.629    390.678    -0.053
-727.646    391.278    -0.053
-727.657    391.678    -0.054
-727.674    392.277    -0.054
-727.685    392.677    -0.054
-727.703    393.277    -0.054
-727.714    393.677    -0.054
-727.729    394.176    -0.054
-727.746    394.776    -0.054
-727.757    395.176    -0.054
-727.774    395.776    -0.054
-727.786    396.176    -0.054
-727.799    396.675    -0.054
-727.817    397.275    -0.054
-727.828    397.675    -0.054
-727.845    398.275    -0.054
-727.856    398.674    -0.054
-727.874    399.274    -0.054
-727.885    399.674    -0.054
-727.902    400.274    -0.054
-727.916    400.773    -0.054
-727.931    401.273    -0.054
-727.942    401.673    -0.054
-727.959    402.273    -0.054
-727.970    402.672    -0.054
-727.985    403.172    -0.054
-727.999    403.672    -0.054
-728.015    404.272    -0.054
-728.029    404.771    -0.054
-728.039    405.171    -0.054
-728.053    405.671    -0.054
-728.069    406.271    -0.054
-728.083    406.771    -0.055
-728.093    407.170    -0.055
-728.107    407.670    -0.055
-728.121    408.170    -0.055
-728.137    408.770    -0.055
-728.150    409.269    -0.055
-728.164    409.769    -0.055
-728.175    410.169    -0.055
-728.191    410.769    -0.055
-728.204    411.269    -0.055
-728.218    411.768    -0.055
-728.229    412.168    -0.055
-728.245    412.768    -0.055
-728.258    413.268    -0.055
-728.272    413.768    -0.055
-728.286    414.267    -0.055
-728.296    414.667    -0.055
-728.310    415.167    -0.055
-728.326    415.767    -0.055
-728.340    416.266    -0.055
-728.350    416.666    -0.055
-728.366    417.266    -0.055
-728.380    417.766    -0.055
-728.394    418.266    -0.055
-728.404    418.665    -0.055
-728.418    419.165    -0.055
-728.434    419.765    -0.055
-728.448    420.265    -0.055
-728.462    420.764    -0.055
-728.475    421.264    -0.056
-728.489    421.764    -0.056
-728.500    422.164    -0.056
-728.513    422.664    -0.056
-728.529    423.263    -0.056
-728.543    423.763    -0.056
-728.557    424.263    -0.056
-728.571    424.763    -0.056
-728.581    425.162    -0.056
-728.597    425.762    -0.056
-728.611    426.262    -0.056
-728.621    426.662    -0.056
-728.637    427.262    -0.056
-728.651    427.761    -0.056
-728.665    428.261    -0.056
-728.679    428.761    -0.056
-728.689    429.161    -0.056
-728.703    429.660    -0.056
-728.716    430.160    -0.056
-728.733    430.760    -0.056
-728.746    431.260    -0.056
-728.757    431.660    -0.056
-728.773    432.259    -0.056
-728.787    432.759    -0.056
-728.797    433.159    -0.056
-728.811    433.659    -0.056
-728.827    434.258    -0.056
-728.841    434.758    -0.056
-728.854    435.258    -0.056
-728.868    435.758    -0.057
-728.882    436.258    -0.057
-728.892    436.657    -0.057
-728.906    437.157    -0.057
-728.922    437.757    -0.057
-728.936    438.257    -0.057
-728.950    438.756    -0.057
-728.963    439.256    -0.057
-728.977    439.756    -0.057
-728.991    440.256    -0.057
-729.004    440.756    -0.057
-729.018    441.255    -0.057
-729.032    441.755    -0.057
-729.046    442.255    -0.057
-729.059    442.755    -0.057
-729.070    443.154    -0.057
-729.084    443.654    -0.057
-729.097    444.154    -0.057
-729.113    444.754    -0.057
-729.127    445.253    -0.057
-729.141    445.753    -0.057
-729.155    446.253    -0.057
-729.165    446.653    -0.057
-729.179    447.153    -0.057
-729.195    447.752    -0.057
-729.209    448.252    -0.057
-729.222    448.752    -0.057
-729.236    449.252    -0.058
-729.250    449.751    -0.058
-729.264    450.251    -0.058
-729.277    450.751    -0.058
-729.291    451.251    -0.058
-729.305    451.751    -0.058
-729.319    452.250    -0.058
-729.332    452.750    -0.058
-729.343    453.150    -0.058
-729.357    453.650    -0.058
-729.373    454.249    -0.058
-729.386    454.749    -0.058
-729.400    455.249    -0.058
-729.414    455.749    -0.058
-729.424    456.149    -0.058
-729.438    456.648    -0.058
-729.452    457.148    -0.058
-729.466    457.648    -0.058
-729.479    458.148    -0.058
-729.493    458.647    -0.058
-729.507    459.147    -0.058
-729.521    459.647    -0.058
-729.534    460.147    -0.058
-729.550    460.747    -0.058
-729.564    461.246    -0.058
-729.574    461.646    -0.058
-729.591    462.246    -0.058
-729.604    462.746    -0.059
-729.618    463.245    -0.059
-729.628    463.645    -0.059
-729.642    464.145    -0.059
-729.656    464.645    -0.059
-729.672    465.245    -0.059
-729.686    465.743    -0.059
-729.700    466.243    -0.059
-729.710    466.643    -0.059
-729.726    467.243    -0.059
-729.740    467.742    -0.059
-729.754    468.242    -0.059
-729.764    468.642    -0.059
-729.780    469.242    -0.059
-729.794    469.742    -0.059
-729.808    470.241    -0.059
-729.821    470.741    -0.059
-729.835    471.241    -0.059
-729.845    471.641    -0.059
-729.859    472.140    -0.059
-729.875    472.740    -0.059
-729.889    473.240    -0.059
-729.899    473.640    -0.059
-729.915    474.240    -0.059
-729.929    474.739    -0.059
-729.943    475.239    -0.059
-729.957    475.739    -0.060
-729.967    476.139    -0.060
-729.981    476.638    -0.060
-729.995    477.138    -0.060
-730.011    477.738    -0.060
-730.024    478.238    -0.060
-730.035    478.638    -0.060
-730.051    479.237    -0.060
-730.065    479.737    -0.060
-730.078    480.237    -0.060
-730.089    480.637    -0.060
-730.103    481.137    -0.060
-730.119    481.736    -0.060
-730.132    482.236    -0.060
-730.146    482.736    -0.060
-730.160    483.236    -0.060
-730.171    483.635    -0.060
-730.185    484.135    -0.060
-730.202    484.735    -0.060
-730.214    485.135    -0.060
-730.231    485.734    -0.060
-730.242    486.134    -0.060
-730.256    486.634    -0.060
-730.273    487.234    -0.060
-730.287    487.733    -0.060
-730.298    488.133    -0.060
-730.312    488.633    -0.061
-730.329    489.233    -0.061
-730.343    489.733    -0.061
-730.354    490.132    -0.061
-730.371    490.732    -0.061
-730.383    491.132    -0.061
-730.400    491.732    -0.061
-730.411    492.131    -0.061
-730.425    492.631    -0.061
-730.442    493.231    -0.061
-730.453    493.631    -0.061
-730.470    494.230    -0.061
-730.482    494.630    -0.061
-730.495    495.130    -0.061
-730.513    495.730    -0.061
-730.526    496.229    -0.061
-730.538    496.629    -0.061
-730.551    497.129    -0.061
-730.569    497.729    -0.061
-730.582    498.229    -0.061
-730.594    498.628    -0.061
-730.611    499.228    -0.061
-730.622    499.628    -0.061
-730.639    500.228    -0.061
-730.651    500.627    -0.062
-730.664    501.127    -0.062
-730.682    501.727    -0.062
-730.693    502.127    -0.062
-730.710    502.726    -0.062
-730.721    503.126    -0.062
-730.735    503.626    -0.062
-730.752    504.226    -0.062
-730.764    504.626    -0.062
-730.781    505.225    -0.062
-730.792    505.625    -0.062
-730.809    506.225    -0.062
-730.823    506.725    -0.062
-730.834    507.124    -0.062
-730.848    507.624    -0.062
-730.865    508.224    -0.062
-730.879    508.724    -0.062
-730.890    509.123    -0.062
-730.904    509.623    -0.062
-730.921    510.223    -0.062
-730.933    510.623    -0.062
-730.950    511.222    -0.062
-730.961    511.622    -0.062
-730.975    512.122    -0.062
-730.992    512.722    -0.063
-731.003    513.122    -0.063
-731.020    513.721    -0.063
-731.032    514.121    -0.063
-731.049    514.721    -0.063
-731.063    515.221    -0.063
-731.074    515.620    -0.063
-731.088    516.120    -0.063
-731.105    516.720    -0.063
-731.119    517.220    -0.063
-731.130    517.619    -0.063
-731.144    518.119    -0.063
-731.161    518.719    -0.063
-731.172    519.119    -0.063
-731.189    519.718    -0.063
-731.201    520.118    -0.063
-731.215    520.618    -0.063
-731.232    521.218    -0.063
-731.243    521.618    -0.063
-731.260    522.217    -0.063
-731.272    522.617    -0.063
-731.289    523.217    -0.063
-731.302    523.717    -0.063
-731.314    524.116    -0.063
-731.331    524.716    -0.064
-731.342    525.116    -0.064
-731.359    525.716    -0.064
-731.373    526.215    -0.064
-731.385    526.615    -0.064
-731.402    527.215    -0.064
-731.415    527.715    -0.064
-731.427    528.114    -0.064
-731.440    528.614    -0.064
-731.458    529.214    -0.064
-731.471    529.714    -0.064
-731.483    530.114    -0.064
-731.500    530.713    -0.064
-731.514    531.213    -0.064
-731.525    531.613    -0.064
-731.542    532.213    -0.064
-731.553    532.612    -0.064
-731.571    533.212    -0.064
-731.584    533.712    -0.064
-731.596    534.112    -0.064
-731.613    534.711    -0.064
-731.624    535.111    -0.064
-731.641    535.711    -0.064
-731.655    536.211    -0.065
-731.666    536.610    -0.065
-731.684    537.210    -0.065
-731.695    537.610    -0.065
-731.712    538.210    -0.065
-731.726    538.709    -0.065
-731.737    539.109    -0.065
-731.754    539.709    -0.065
-731.766    540.109    -0.065
-731.783    540.709    -0.065
-731.797    541.208    -0.065
-731.808    541.608    -0.065
-731.825    542.208    -0.065
-731.836    542.608    -0.065
-731.853    543.207    -0.065
-731.867    543.707    -0.065
-731.879    544.107    -0.065
-731.896    544.707    -0.065
-731.909    545.206    -0.065
-731.921    545.606    -0.065
-731.935    546.106    -0.065
-731.952    546.706    -0.065
-731.965    547.205    -0.065
-731.977    547.605    -0.066
-731.994    548.205    -0.066
-732.008    548.705    -0.066
-732.019    549.105    -0.066
-732.036    549.704    -0.066
-732.048    550.104    -0.066
-732.065    550.704    -0.066
-732.078    551.204    -0.066
-732.090    551.603    -0.066
-732.107    552.203    -0.066
-732.118    552.603    -0.066
-732.135    553.203    -0.066
-732.149    553.702    -0.066
-732.161    554.102    -0.066
-732.178    554.702    -0.066
-732.189    555.102    -0.066
-732.206    555.701    -0.066
-732.220    556.201    -0.066
-732.233    556.701    -0.066
-732.245    557.201    -0.066
-732.258    557.701    -0.066
-732.271    558.200    -0.066
-732.284    558.700    -0.067
-732.296    559.200    -0.067
-732.309    559.700    -0.067
-732.322    560.200    -0.067
-732.335    560.699    -0.067
-732.345    561.099    -0.067
-732.358    561.599    -0.067
-732.374    562.199    -0.067
-732.387    562.699    -0.067
-732.399    563.198    -0.067
-732.412    563.698    -0.067
-732.425    564.198    -0.067
-732.438    564.698    -0.067
-732.450    565.198    -0.067
-732.463    565.697    -0.067
-732.476    566.197    -0.067
-732.486    566.597    -0.067
-732.499    567.097    -0.067
-732.515    567.697    -0.067
-732.528    568.196    -0.067
-732.541    568.696    -0.067
-732.553    569.196    -0.067
-732.566    569.696    -0.068
-732.579    570.196    -0.068
-732.592    570.695    -0.068
-732.604    571.195    -0.068
-732.617    571.695    -0.068
-732.627    572.095    -0.068
-732.640    572.595    -0.068
-732.656    573.194    -0.068
-732.669    573.694    -0.068
-732.682    574.194    -0.068
-732.695    574.694    -0.068
-732.705    575.094    -0.068
-732.721    575.693    -0.068
-732.734    576.193    -0.068
-732.747    576.693    -0.068
-732.759    577.193    -0.068
-732.772    577.692    -0.068
-732.782    578.092    -0.068
-732.795    578.592    -0.068
-732.808    579.092    -0.068
-732.821    579.592    -0.068
-732.833    580.091    -0.069
-732.846    580.591    -0.069
-732.862    581.191    -0.069
-732.875    581.691    -0.069
-732.888    582.191    -0.069
-732.900    582.690    -0.069
-732.913    583.190    -0.069
-732.924    583.590    -0.069
-732.940    584.190    -0.069
-732.952    584.690    -0.069
-732.965    585.188    -0.069
-732.978    585.688    -0.069
-732.991    586.188    -0.069
-733.003    586.688    -0.069
-733.016    587.188    -0.069
-733.029    587.687    -0.069
-733.042    588.187    -0.069
-733.054    588.687    -0.069
-733.065    589.087    -0.069
-733.081    589.686    -0.069
-733.094    590.186    -0.069
-733.106    590.686    -0.070
-733.119    591.186    -0.070
-733.132    591.686    -0.070
-733.145    592.185    -0.070
-733.157    592.685    -0.070
-733.170    593.185    -0.070
-733.183    593.685    -0.070
-733.196    594.185    -0.070
-733.206    594.584    -0.070
-733.222    595.184    -0.070
-733.235    595.684    -0.070
-733.248    596.184    -0.070
-733.260    596.684    -0.070
-733.273    597.183    -0.070
-733.286    597.683    -0.070
-733.299    598.183    -0.070
-733.311    598.683    -0.070
-733.324    599.183    -0.070
-733.337    599.682    -0.070
-733.347    600.082    -0.070
-733.363    600.682    -0.070
-733.376    601.182    -0.071
-733.389    601.682    -0.071
-733.402    602.181    -0.071
-733.412    602.581    -0.071
-733.425    603.081    -0.071
-733.441    603.681    -0.071
-733.454    604.181    -0.071
-733.466    604.680    -0.071
-733.479    605.180    -0.071
-733.492    605.680    -0.071
-733.505    606.180    -0.071
-733.517    606.680    -0.071
-733.530    607.179    -0.071
-733.543    607.679    -0.071
-733.556    608.179    -0.071
-733.566    608.579    -0.071
-733.582    609.178    -0.071
-733.595    609.678    -0.071
-733.608    610.178    -0.071
-733.620    610.678    -0.071
-733.633    611.178    -0.072
-733.646    611.677    -0.072
-733.659    612.177    -0.072
-733.671    612.677    -0.072
-733.684    613.177    -0.072
-733.697    613.677    -0.072
-733.707    614.076    -0.072
-733.723    614.676    -0.072
-733.736    615.176    -0.072
-733.749    615.676    -0.072
-733.762    616.176    -0.072
-733.774    616.675    -0.072
-733.785    617.075    -0.072
-733.797    617.575    -0.072
-733.810    618.075    -0.072
-733.823    618.575    -0.072
-733.836    619.074    -0.072
-733.848    619.574    -0.072
-733.865    620.174    -0.072
-733.877    620.674    -0.072
-733.890    621.174    -0.073
-733.903    621.673    -0.073
-733.913    622.073    -0.073
-733.926    622.573    -0.073
-733.942    623.173    -0.073
-733.955    623.673    -0.073
-733.967    624.172    -0.073
-733.980    624.672    -0.073
-733.991    625.072    -0.073
-734.003    625.572    -0.073
-734.019    626.171    -0.073
-734.032    626.671    -0.073
-734.045    627.171    -0.073
-734.058    627.671    -0.073
-734.070    628.171    -0.073
-734.083    628.670    -0.073
-734.096    629.170    -0.073
-734.109    629.670    -0.073
-734.121    630.170    -0.073
-734.132    630.570    -0.073
-734.148    631.169    -0.074
-734.160    631.669    -0.074
-734.171    632.169    -0.074
-734.183    632.669    -0.074
-734.194    633.169    -0.074
-734.206    633.669    -0.074
-734.217    634.168    -0.074
-734.229    634.668    -0.074
-734.241    635.168    -0.074
-734.253    635.668    -0.074
-734.263    636.168    -0.074
-734.275    636.668    -0.074
-734.287    637.167    -0.074
-734.299    637.667    -0.074
-734.310    638.167    -0.074
-734.322    638.667    -0.074
-734.334    639.167    -0.074
-734.346    639.666    -0.074
-734.357    640.166    -0.074
-734.369    640.666    -0.074
-734.381    641.166    -0.075
-734.392    641.666    -0.075
-734.403    642.166    -0.075
-734.415    642.665    -0.075
-734.427    643.165    -0.075
-734.439    643.665    -0.075
-734.450    644.165    -0.075
-734.461    644.665    -0.075
-734.473    645.164    -0.075
-734.485    645.664    -0.075
-734.496    646.164    -0.075
-734.508    646.664    -0.075
-734.520    647.164    -0.075
-734.532    647.664    -0.075
-734.543    648.163    -0.075
-734.555    648.663    -0.075
-734.567    649.163    -0.075
-734.579    649.663    -0.075
-734.590    650.163    -0.075
-734.601    650.663    -0.076
-734.613    651.162    -0.076
-734.625    651.662    -0.076
-734.636    652.162    -0.076
-734.648    652.662    -0.076
-734.660    653.162    -0.076
-734.671    653.661    -0.076
-734.682    654.161    -0.076
-734.694    654.661    -0.076
-734.706    655.161    -0.076
-734.718    655.661    -0.076
-734.728    656.161    -0.076
-734.740    656.660    -0.076
-734.752    657.160    -0.076
-734.764    657.660    -0.076
-734.775    658.160    -0.076
-734.787    658.660    -0.076
-734.799    659.160    -0.076
-734.811    659.659    -0.076
-734.822    660.159    -0.077
-734.834    660.659    -0.077
-734.846    661.159    -0.077
-734.858    661.659    -0.077
-734.868    662.158    -0.077
-734.880    662.658    -0.077
-734.892    663.158    -0.077
-734.904    663.658    -0.077
-734.915    664.158    -0.077
-734.927    664.658    -0.077
-734.938    665.157    -0.077
-734.950    665.657    -0.077
-734.961    666.157    -0.077
-734.973    666.657    -0.077
-734.985    667.157    -0.077
-734.997    667.657    -0.077
-735.008    668.156    -0.077
-735.020    668.656    -0.077
-735.031    669.156    -0.078
-735.033    669.656    -0.078
-735.035    670.156    -0.078
-735.038    670.656    -0.078
-735.040    671.156    -0.078
-735.043    671.656    -0.078
-735.044    672.156    -0.078
-735.047    672.656    -0.078
-735.050    673.156    -0.078
-735.052    673.656    -0.078
-735.054    674.155    -0.078
-735.057    674.655    -0.078
-735.060    675.156    -0.078
-735.062    675.656    -0.078
-735.064    676.156    -0.078
-735.067    676.656    -0.078
-735.070    677.156    -0.078
-735.073    677.656    -0.078
-735.074    678.156    -0.078
-735.077    678.656    -0.079
-735.080    679.156    -0.079
-735.082    679.656    -0.079
-735.084    680.155    -0.079
-735.087    680.655    -0.079
-735.089    681.155    -0.079
-735.091    681.655    -0.079
-735.093    682.155    -0.079
-735.096    682.655    -0.079
-735.099    683.155    -0.079
-735.102    683.655    -0.079
-735.104    684.155    -0.079
-735.106    684.655    -0.079
-735.109    685.155    -0.079
-735.112    685.655    -0.079
-735.114    686.154    -0.079
-735.116    686.654    -0.079
-735.119    687.154    -0.079
-735.121    687.654    -0.079
-735.123    688.155    -0.080
-735.126    688.655    -0.080
-735.129    689.155    -0.080
-735.130    689.655    -0.080
-735.133    690.155    -0.080
-735.135    690.655    -0.080
-735.138    691.155    -0.080
-735.140    691.654    -0.080
-735.143    692.154    -0.080
-735.146    692.654    -0.080
-735.149    693.154    -0.080
-735.148    693.754    -0.080
-735.139    694.254    -0.080
-735.129    694.754    -0.080
-735.123    695.154    -0.080
-735.113    695.653    -0.080
-735.104    696.154    -0.080
-735.095    696.653    -0.080
-735.086    697.153    -0.081
-735.076    697.653    -0.081
-735.067    698.153    -0.081
-735.058    698.653    -0.081
-735.049    699.152    -0.081
-735.038    699.753    -0.081
-735.031    700.152    -0.081
-735.022    700.652    -0.081
-735.013    701.153    -0.081
-735.002    701.752    -0.081
-734.995    702.152    -0.081
-734.986    702.652    -0.081
-734.977    703.152    -0.081
-734.967    703.651    -0.081
-734.958    704.151    -0.081
-734.949    704.652    -0.081
-734.940    705.151    -0.081
-734.930    705.651    -0.081
-734.921    706.151    -0.081
-734.912    706.651    -0.082
-734.901    707.250    -0.082
-734.892    707.751    -0.082
-734.885    708.150    -0.082
-734.876    708.650    -0.082
-734.867    709.151    -0.082
-734.856    709.750    -0.082
-734.849    710.150    -0.082
-734.840    710.650    -0.082
-734.831    711.150    -0.082
-734.821    711.649    -0.082
-734.812    712.149    -0.082
-734.803    712.650    -0.082
-734.794    713.149    -0.082
-734.783    713.749    -0.082
-734.773    714.249    -0.082
-734.764    714.749    -0.082
-734.758    715.148    -0.082
-734.748    715.649    -0.083
-734.739    716.148    -0.083
-734.730    716.648    -0.083
-734.721    717.149    -0.083
-734.711    717.648    -0.083
-734.702    718.148    -0.083
-734.693    718.648    -0.083
-734.683    719.148    -0.083
-734.674    719.647    -0.083
-734.666    720.147    -0.083
-734.657    720.648    -0.083
-734.647    721.147    -0.083
-734.638    721.647    -0.083
-734.630    722.147    -0.083
-734.621    722.647    -0.083
-734.611    723.146    -0.083
-734.602    723.647    -0.083
-734.593    724.147    -0.083
-734.584    724.646    -0.084
-734.574    725.147    -0.084
-734.565    725.646    -0.084
-734.556    726.146    -0.084
-734.547    726.646    -0.084
-734.537    727.146    -0.084
-734.526    727.745    -0.084
-734.520    728.145    -0.084
-734.511    728.646    -0.084
-734.501    729.145    -0.084
-734.492    729.645    -0.084
-734.484    730.145    -0.084
-734.475    730.645    -0.084
-734.465    731.144    -0.084
-734.456    731.645    -0.084
-734.447    732.145    -0.084
-734.438    732.644    -0.084
-734.428    733.145    -0.084
-734.419    733.644    -0.085
-734.398    734.243    -0.085
-734.378    734.743    -0.085
-734.359    735.243    -0.085
-734.338    735.742    -0.085
-734.319    736.242    -0.085
-734.299    736.741    -0.085
-734.279    737.241    -0.085
-734.257    737.740    -0.085
-734.235    738.240    -0.085
-734.213    738.740    -0.085
-734.190    739.239    -0.085
-734.167    739.738    -0.085
-734.145    740.238    -0.085
-734.122    740.737    -0.085
-734.099    741.237    -0.085
-734.076    741.736    -0.085
-734.054    742.235    -0.086
-734.031    742.735    -0.086
-734.008    743.234    -0.086
-733.985    743.734    -0.086
-733.963    744.234    -0.086
-733.940    744.732    -0.086
-733.917    745.232    -0.086
-733.895    745.732    -0.086
-733.873    746.231    -0.086
-733.850    746.731    -0.086
-733.824    747.229    -0.086
-733.800    747.729    -0.086
-733.776    748.229    -0.086
-733.751    748.728    -0.086
-733.727    749.227    -0.086
-733.703    749.727    -0.086
-733.679    750.226    -0.086
-733.654    750.725    -0.086
-733.630    751.225    -0.087
-733.606    751.724    -0.087
-733.582    752.223    -0.087
-733.557    752.723    -0.087
-733.533    753.222    -0.087
-733.508    753.721    -0.087
-733.477    754.221    -0.087
-733.446    754.720    -0.087
-733.415    755.219    -0.087
-733.385    755.717    -0.087
-733.354    756.216    -0.087
-733.323    756.716    -0.087
-733.293    757.215    -0.087
-733.261    757.714    -0.087
-733.230    758.213    -0.087
-733.200    758.711    -0.087
-733.169    759.210    -0.087
-733.137    759.710    -0.087
-733.107    760.209    -0.088
-733.077    760.708    -0.088
-733.046    761.206    -0.088
-733.015    761.705    -0.088
-732.984    762.205    -0.088
-732.953    762.704    -0.088
-732.922    763.203    -0.088
-732.891    763.702    -0.088
-732.860    764.200    -0.088
-732.830    764.700    -0.088
-732.798    765.199    -0.088
-732.767    765.698    -0.088
-732.734    766.197    -0.088
-732.700    766.696    -0.088
-732.666    767.195    -0.088
-732.633    767.693    -0.088
-732.599    768.192    -0.088
-732.565    768.690    -0.088
-732.531    769.189    -0.089
-732.498    769.688    -0.089
-732.463    770.187    -0.089
-732.429    770.686    -0.089
-732.396    771.185    -0.089
-732.362    771.684    -0.089
-732.327    772.182    -0.089
-732.294    772.681    -0.089
-732.251    773.279    -0.089
-732.209    773.778    -0.089
-732.166    774.276    -0.089
-732.123    774.774    -0.089
-732.081    775.272    -0.089
-732.039    775.770    -0.089
-731.995    776.268    -0.089
-731.953    776.766    -0.089
-731.911    777.264    -0.089
-731.867    777.762    -0.090
-731.825    778.260    -0.090
-731.783    778.760    -0.090
-731.740    779.258    -0.090
-731.698    779.756    -0.090
-731.656    780.254    -0.090
-731.614    780.752    -0.090
-731.570    781.250    -0.090
-731.528    781.748    -0.090
-731.485    782.246    -0.090
-731.442    782.744    -0.090
-731.400    783.242    -0.090
-731.358    783.740    -0.090
-731.315    784.239    -0.090
-731.272    784.737    -0.090
-731.230    785.235    -0.090
-731.188    785.733    -0.090
-731.141    786.231    -0.090
-731.089    786.728    -0.091
-731.037    787.226    -0.091
-730.983    787.722    -0.091
-730.931    788.219    -0.091
-730.879    788.717    -0.091
-730.826    789.214    -0.091
-730.774    789.711    -0.091
-730.722    790.209    -0.091
-730.668    790.706    -0.091
-730.616    791.203    -0.091
-730.564    791.700    -0.091
-730.511    792.197    -0.091
-730.459    792.694    -0.091
-730.407    793.192    -0.091
-730.354    793.689    -0.091
-730.301    794.186    -0.091
-730.243    794.683    -0.091
-730.184    795.179    -0.091
-730.126    795.676    -0.092
-730.068    796.172    -0.092
-730.008    796.669    -0.092
-729.950    797.165    -0.092
-729.892    797.662    -0.092
-729.833    798.158    -0.092
-729.762    798.754    -0.092
-729.716    799.151    -0.092
-729.657    799.648    -0.092
-729.586    800.243    -0.092
-729.540    800.640    -0.092
-729.481    801.137    -0.092
-729.423    801.633    -0.092
-729.364    802.130    -0.092
-729.306    802.626    -0.092
-729.247    803.124    -0.092
-729.188    803.620    -0.092
-729.130    804.117    -0.092
-729.071    804.613    -0.093
-729.012    805.110    -0.093
-728.954    805.606    -0.093
-728.895    806.103    -0.093
-728.815    806.697    -0.093
-728.746    807.192    -0.093
-728.678    807.687    -0.093
-728.610    808.183    -0.093
-728.541    808.678    -0.093
-728.473    809.173    -0.093
-728.404    809.669    -0.093
-728.336    810.164    -0.093
-728.269    810.659    -0.093
-728.200    811.154    -0.093
-728.132    811.650    -0.093
-728.058    812.145    -0.093
-727.982    812.638    -0.093
-727.907    813.132    -0.093
-727.832    813.627    -0.094
-727.757    814.121    -0.094
-727.682    814.615    -0.094
-727.606    815.110    -0.094
-727.531    815.604    -0.094
-727.455    816.098    -0.094
-727.380    816.592    -0.094
-727.305    817.086    -0.094
-727.228    817.581    -0.094
-727.153    818.075    -0.094
-727.077    818.569    -0.094
-727.002    819.064    -0.094
-726.927    819.558    -0.094
-726.851    820.052    -0.094
-726.776    820.546    -0.094
-726.700    821.040    -0.094
-726.625    821.535    -0.094
-726.550    822.029    -0.094
-726.474    822.523    -0.095
-726.399    823.018    -0.095
-726.324    823.511    -0.095
-726.249    824.006    -0.095
-726.174    824.500    -0.095
-726.098    824.994    -0.095
-726.003    825.586    -0.095
-725.912    826.079    -0.095
-725.821    826.570    -0.095
-725.731    827.062    -0.095
-725.640    827.553    -0.095
-725.550    828.046    -0.095
-725.459    828.537    -0.095
-725.369    829.028    -0.095
-725.278    829.520    -0.095
-725.187    830.011    -0.095
-725.096    830.504    -0.095
-725.006    830.995    -0.095
-724.916    831.487    -0.096
-724.824    831.978    -0.096
-724.734    832.471    -0.096
-724.643    832.962    -0.096
-724.551    833.453    -0.096
-724.455    833.943    -0.096
-724.360    834.435    -0.096
-724.264    834.925    -0.096
-724.169    835.416    -0.096
-724.073    835.907    -0.096
-723.978    836.398    -0.096
-723.882    836.888    -0.096
-723.787    837.379    -0.096
-723.691    837.870    -0.096
-723.596    838.360    -0.096
-723.500    838.852    -0.096
-723.406    839.342    -0.096
-723.310    839.833    -0.096
-723.215    840.324    -0.096
-723.119    840.814    -0.097
-723.024    841.305    -0.097
-722.928    841.796    -0.097
-722.833    842.287    -0.097
-722.734    842.777    -0.097
-722.634    843.267    -0.097
-722.534    843.756    -0.097
-722.434    844.247    -0.097
-722.334    844.736    -0.097
-722.234    845.226    -0.097
-722.130    845.715    -0.097
-722.025    846.204    -0.097
-721.920    846.692    -0.097
-721.815    847.182    -0.097
-721.689    847.768    -0.097
-721.605    848.159    -0.097
-721.500    848.648    -0.097
-721.395    849.137    -0.097
-721.268    849.723    -0.098
-721.185    850.114    -0.098
-721.080    850.603    -0.098
-720.974    851.092    -0.098
-720.848    851.679    -0.098
-720.764    852.070    -0.098
-720.636    852.656    -0.098
-720.519    853.142    -0.098
-720.400    853.627    -0.098
-720.281    854.113    -0.098
-720.164    854.599    -0.098
-720.045    855.085    -0.098
-719.927    855.570    -0.098
-719.809    856.056    -0.098
-719.690    856.542    -0.098
-719.573    857.028    -0.098
-719.454    857.513    -0.098
-719.336    857.999    -0.098
-719.218    858.485    -0.098
-719.100    858.971    -0.099
-718.982    859.457    -0.099
-718.863    859.943    -0.099
-718.745    860.429    -0.099
-718.627    860.915    -0.099
-718.508    861.399    -0.099
-718.391    861.885    -0.099
-718.272    862.371    -0.099
-718.154    862.857    -0.099
-718.036    863.343    -0.099
-717.918    863.829    -0.099
-717.800    864.315    -0.099
-717.650    864.895    -0.099
-717.511    865.376    -0.099
-717.372    865.856    -0.099
-717.232    866.336    -0.099
-717.093    866.816    -0.099
-716.954    867.296    -0.099
-716.814    867.777    -0.099
-716.675    868.257    -0.099
-716.535    868.736    -0.100
-716.396    869.217    -0.100
-716.256    869.697    -0.100
-716.117    870.177    -0.100
-715.977    870.657    -0.100
-715.839    871.137    -0.100
-715.699    871.617    -0.100
-715.559    872.098    -0.100
-715.418    872.577    -0.100
-715.279    873.058    -0.100
-715.139    873.537    -0.100
-714.999    874.017    -0.100
-714.859    874.498    -0.100
-714.719    874.977    -0.100
-714.579    875.458    -0.100
-714.439    875.937    -0.100
-714.299    876.417    -0.100
-714.160    876.897    -0.100
-714.020    877.377    -0.100
-713.879    877.857    -0.100
-713.739    878.337    -0.101
-713.600    878.817    -0.101
-713.460    879.297    -0.101
-713.320    879.777    -0.101
-713.179    880.257    -0.101
-713.040    880.737    -0.101
-712.900    881.217    -0.101
-712.760    881.696    -0.101
-712.619    882.177    -0.101
-712.480    882.656    -0.101
-712.340    883.137    -0.101
-712.200    883.617    -0.101
-712.025    884.190    -0.101
-711.861    884.662    -0.101
-711.697    885.135    -0.101
-711.533    885.607    -0.101
-711.369    886.080    -0.101
-711.205    886.552    -0.101
-711.041    887.024    -0.101
-710.878    887.497    -0.102
-710.714    887.969    -0.102
-710.550    888.442    -0.102
-710.386    888.914    -0.102
-710.222    889.387    -0.102
-710.058    889.859    -0.102
-709.894    890.330    -0.102
-709.731    890.803    -0.102
-709.568    891.275    -0.102
-709.404    891.748    -0.102
-709.240    892.220    -0.102
-709.076    892.693    -0.102
-708.912    893.165    -0.102
-708.748    893.637    -0.102
-708.584    894.110    -0.102
-708.420    894.582    -0.102
-708.256    895.055    -0.102
-708.093    895.527    -0.102
-707.929    895.999    -0.102
-707.765    896.472    -0.102
-707.601    896.944    -0.102
-707.438    897.417    -0.103
-707.274    897.889    -0.103
-707.110    898.360    -0.103
-706.946    898.833    -0.103
-706.782    899.305    -0.103
-706.618    899.778    -0.103
-706.454    900.250    -0.103
-706.291    900.722    -0.103
-706.127    901.195    -0.103
-705.963    901.667    -0.103
-705.799    902.140    -0.103
-705.635    902.612    -0.103
-705.471    903.085    -0.103
-705.251    903.642    -0.103
-705.064    904.106    -0.103
-704.877    904.570    -0.103
-704.690    905.034    -0.103
-704.504    905.497    -0.103
-704.317    905.961    -0.103
-704.130    906.424    -0.103
-703.942    906.889    -0.103
-703.755    907.352    -0.104
-703.568    907.816    -0.104
-703.381    908.279    -0.104
-703.194    908.742    -0.104
-703.007    909.206    -0.104
-702.820    909.669    -0.104
-702.632    910.134    -0.104
-702.445    910.597    -0.104
-702.259    911.061    -0.104
-702.072    911.524    -0.104
-701.885    911.988    -0.104
-701.698    912.452    -0.104
-701.511    912.916    -0.104
-701.323    913.379    -0.104
-701.136    913.843    -0.104
-700.949    914.306    -0.104
-700.763    914.770    -0.104
-700.576    915.234    -0.104
-700.389    915.698    -0.104
-700.202    916.161    -0.104
-700.014    916.625    -0.104
-699.827    917.088    -0.104
-699.640    917.552    -0.105
-699.453    918.016    -0.105
-699.266    918.480    -0.105
-699.079    918.943    -0.105
-698.893    919.407    -0.105
-698.706    919.871    -0.105
-698.518    920.335    -0.105
-698.331    920.798    -0.105
-698.144    921.262    -0.105
-697.903    921.810    -0.105
-697.688    922.261    -0.105
-697.474    922.714    -0.105
-697.260    923.165    -0.105
-697.044    923.617    -0.105
-696.830    924.068    -0.105
-696.615    924.520    -0.105
-696.401    924.971    -0.105
-696.187    925.423    -0.105
-695.971    925.875    -0.105
-695.757    926.326    -0.105
-695.542    926.778    -0.105
-695.328    927.229    -0.105
-695.114    927.681    -0.106
-694.959    928.050    -0.106
-694.764    928.510    -0.106
-694.569    928.970    -0.106
-694.315    929.514    -0.106
-694.097    929.964    -0.106
-693.879    930.414    -0.106
-693.661    930.864    -0.106
-693.442    931.314    -0.106
-693.225    931.763    -0.106
-693.006    932.213    -0.106
-692.788    932.663    -0.106
-692.570    933.113    -0.106
-692.352    933.563    -0.106
-692.134    934.012    -0.106
-691.915    934.463    -0.106
-691.697    934.912    -0.106
-691.479    935.362    -0.106
-691.261    935.812    -0.106
-691.042    936.261    -0.106
-690.825    936.712    -0.106
-690.606    937.162    -0.106
-690.388    937.611    -0.106
-690.169    938.061    -0.106
-689.952    938.510    -0.107
-689.733    938.961    -0.107
-689.515    939.410    -0.107
-689.250    939.948    -0.107
-689.014    940.390    -0.107
-688.779    940.830    -0.107
-688.544    941.272    -0.107
-688.310    941.714    -0.107
-688.074    942.154    -0.107
-687.839    942.596    -0.107
-687.604    943.038    -0.107
-687.369    943.478    -0.107
-687.134    943.920    -0.107
-686.899    944.361    -0.107
-686.664    944.802    -0.107
-686.429    945.244    -0.107
-686.194    945.685    -0.107
-685.959    946.126    -0.107
-685.722    946.566    -0.107
-685.479    947.003    -0.107
-685.234    947.439    -0.107
-684.990    947.876    -0.107
-684.746    948.312    -0.107
-684.502    948.748    -0.107
-684.258    949.184    -0.108
-684.014    949.621    -0.108
-683.769    950.057    -0.108
-683.525    950.493    -0.108
-683.280    950.930    -0.108
-683.037    951.365    -0.108
-682.792    951.801    -0.108
-682.548    952.238    -0.108
-682.304    952.674    -0.108
-682.059    953.111    -0.108
-681.816    953.547    -0.108
-681.572    953.983    -0.108
-681.327    954.419    -0.108
-681.083    954.856    -0.108
-680.838    955.292    -0.108
-680.595    955.729    -0.108
-680.351    956.164    -0.108
-680.107    956.601    -0.108
-679.862    957.037    -0.108
-679.556    957.553    -0.108
-679.298    957.982    -0.108
-679.041    958.410    -0.108
-678.783    958.839    -0.108
-678.525    959.267    -0.108
-678.268    959.695    -0.108
-678.010    960.124    -0.108
-677.752    960.552    -0.109
-677.495    960.981    -0.109
-677.238    961.410    -0.109
-676.980    961.838    -0.109
-676.723    962.266    -0.109
-676.465    962.695    -0.109
-676.207    963.123    -0.109
-675.950    963.551    -0.109
-675.687    963.977    -0.109
-675.366    964.484    -0.109
-675.153    964.823    -0.109
-674.887    965.246    -0.109
-674.567    965.753    -0.109
-674.354    966.092    -0.109
-674.088    966.516    -0.109
-673.822    966.938    -0.109
-673.555    967.361    -0.109
-673.289    967.785    -0.109
-673.022    968.207    -0.109
-672.755    968.630    -0.109
-672.489    969.054    -0.109
-672.223    969.476    -0.109
-671.956    969.899    -0.109
-671.689    970.323    -0.109
-671.423    970.745    -0.109
-671.156    971.168    -0.109
-670.890    971.591    -0.109
-670.569    972.098    -0.110
-670.356    972.438    -0.110
-670.090    972.860    -0.110
-669.770    973.367    -0.110
-669.557    973.707    -0.110
-669.291    974.129    -0.110
-668.963    974.632    -0.110
-668.675    975.041    -0.110
-668.388    975.449    -0.110
-668.100    975.859    -0.110
-667.813    976.268    -0.110
-667.526    976.677    -0.110
-667.181    977.168    -0.110
-666.952    977.496    -0.110
-666.664    977.904    -0.110
-666.377    978.314    -0.110
-666.089    978.723    -0.110
-665.802    979.132    -0.110
-665.514    979.541    -0.110
-665.227    979.951    -0.110
-664.939    980.359    -0.110
-664.594    980.850    -0.110
-664.303    981.256    -0.110
-664.013    981.663    -0.110
-663.721    982.070    -0.110
-663.431    982.476    -0.110
-663.140    982.883    -0.110
-662.850    983.290    -0.110
-662.559    983.697    -0.110
-662.269    984.104    -0.110
-661.978    984.511    -0.111
-661.688    984.918    -0.111
-661.397    985.325    -0.111
-661.107    985.731    -0.111
-660.816    986.138    -0.111
-660.525    986.545    -0.111
-660.234    986.951    -0.111
-659.944    987.358    -0.111
-659.653    987.765    -0.111
-659.363    988.172    -0.111
-659.073    988.579    -0.111
-658.782    988.986    -0.111
-658.491    989.393    -0.111
-658.200    989.800    -0.111
-657.910    990.206    -0.111
-657.618    990.612    -0.111
-657.313    991.009    -0.111
-657.010    991.406    -0.111
-656.705    991.802    -0.111
-656.400    992.198    -0.111
-656.096    992.596    -0.111
-655.792    992.992    -0.111
-655.487    993.388    -0.111
-655.183    993.785    -0.111
-654.878    994.181    -0.111
-654.574    994.579    -0.111
-654.270    994.975    -0.111
-653.965    995.371    -0.111
-653.660    995.768    -0.111
-653.357    996.165    -0.111
-653.052    996.562    -0.111
-652.678    997.031    -0.112
-652.364    997.420    -0.112
-652.051    997.809    -0.112
-651.737    998.198    -0.112
-651.423    998.588    -0.112
-651.109    998.977    -0.112
-650.795    999.366    -0.112
-650.482    999.756    -0.112
-650.169    1000.144    -0.112
-649.855    1000.534    -0.112
-649.541    1000.923    -0.112
-649.227    1001.313    -0.112
-648.913    1001.702    -0.112
-648.599    1002.091    -0.112
-648.285    1002.480    -0.112
-647.971    1002.869    -0.112
-647.657    1003.258    -0.112
-647.343    1003.647    -0.112
-647.029    1004.037    -0.112
-646.717    1004.426    -0.112
-646.403    1004.816    -0.112
-646.089    1005.205    -0.112
-645.775    1005.594    -0.112
-645.461    1005.983    -0.112
-645.074    1006.441    -0.112
-644.745    1006.818    -0.112
-644.417    1007.196    -0.112
-644.155    1007.497    -0.112
-643.827    1007.875    -0.112
-643.499    1008.252    -0.112
-643.171    1008.629    -0.112
-642.777    1009.082    -0.112
-642.449    1009.460    -0.112
-642.187    1009.761    -0.112
-641.859    1010.139    -0.112
-641.531    1010.515    -0.113
-641.202    1010.893    -0.113
-640.874    1011.270    -0.113
-640.481    1011.723    -0.113
-640.153    1012.100    -0.113
-639.819    1012.472    -0.113
-639.484    1012.843    -0.113
-639.149    1013.214    -0.113
-638.813    1013.585    -0.113
-638.478    1013.956    -0.113
-638.143    1014.327    -0.113
-637.807    1014.698    -0.113
-637.472    1015.069    -0.113
-637.137    1015.440    -0.113
-636.801    1015.810    -0.113
-636.467    1016.181    -0.113
-636.131    1016.551    -0.113
-635.796    1016.922    -0.113
-635.461    1017.294    -0.113
-635.125    1017.665    -0.113
-634.790    1018.036    -0.113
-634.456    1018.407    -0.113
-634.120    1018.777    -0.113
-633.785    1019.148    -0.113
-633.450    1019.519    -0.113
-633.114    1019.890    -0.113
-632.779    1020.261    -0.113
-632.444    1020.632    -0.113
-632.108    1021.003    -0.113
-631.698    1021.441    -0.113
-631.349    1021.799    -0.113
-631.000    1022.156    -0.113
-630.651    1022.514    -0.113
-630.302    1022.873    -0.113
-629.953    1023.230    -0.113
-629.604    1023.588    -0.113
-629.255    1023.945    -0.113
-628.905    1024.304    -0.113
-628.557    1024.662    -0.113
-628.207    1025.019    -0.114
-627.858    1025.378    -0.114
-627.509    1025.736    -0.114
-627.160    1026.093    -0.114
-626.811    1026.451    -0.114
-626.459    1026.806    -0.114
-626.100    1027.154    -0.114
-625.741    1027.503    -0.114
-625.383    1027.850    -0.114
-625.024    1028.199    -0.114
-624.665    1028.547    -0.114
-624.306    1028.896    -0.114
-623.947    1029.244    -0.114
-623.589    1029.592    -0.114
-623.231    1029.940    -0.114
-622.872    1030.289    -0.114
-622.513    1030.637    -0.114
-622.154    1030.986    -0.114
-621.796    1031.333    -0.114
-621.437    1031.682    -0.114
-621.078    1032.030    -0.114
-620.719    1032.379    -0.114
-620.362    1032.727    -0.114
-620.003    1033.076    -0.114
-619.644    1033.424    -0.114
-619.285    1033.772    -0.114
-618.926    1034.120    -0.114
-618.567    1034.469    -0.114
-618.209    1034.816    -0.114
-617.850    1035.165    -0.114
-617.417    1035.580    -0.114
-617.050    1035.920    -0.114
-616.682    1036.258    -0.114
-616.315    1036.597    -0.114
-615.948    1036.936    -0.114
-615.579    1037.274    -0.114
-615.212    1037.614    -0.114
-614.844    1037.953    -0.114
-614.477    1038.291    -0.114
-614.109    1038.630    -0.114
-613.741    1038.969    -0.114
-613.374    1039.308    -0.114
-613.006    1039.646    -0.114
-612.639    1039.985    -0.114
-612.270    1040.324    -0.114
-611.903    1040.662    -0.114
-611.525    1040.989    -0.114
-611.070    1041.381    -0.115
-610.767    1041.642    -0.115
-610.389    1041.969    -0.115
-610.010    1042.295    -0.115
-609.556    1042.687    -0.115
-609.253    1042.949    -0.115
-608.874    1043.275    -0.115
-608.496    1043.602    -0.115
-608.117    1043.928    -0.115
-607.738    1044.254    -0.115
-607.360    1044.581    -0.115
-606.981    1044.907    -0.115
-606.602    1045.234    -0.115
-606.223    1045.560    -0.115
-605.845    1045.887    -0.115
-605.467    1046.214    -0.115
-605.088    1046.540    -0.115
-604.709    1046.867    -0.115
-604.330    1047.193    -0.115
-603.952    1047.519    -0.115
-603.573    1047.846    -0.115
-603.194    1048.172    -0.115
-602.816    1048.499    -0.115
-602.357    1048.884    -0.115
-601.971    1049.204    -0.115
-601.586    1049.522    -0.115
-601.201    1049.841    -0.115
-600.815    1050.159    -0.115
-600.431    1050.478    -0.115
-600.045    1050.796    -0.115
-599.660    1051.115    -0.115
-599.274    1051.433    -0.115
-598.889    1051.752    -0.115
-598.504    1052.071    -0.115
-598.118    1052.390    -0.115
-597.734    1052.708    -0.115
-597.348    1053.027    -0.115
-596.963    1053.345    -0.115
-596.569    1053.652    -0.115
-596.174    1053.961    -0.115
-595.780    1054.268    -0.115
-595.386    1054.575    -0.115
-594.991    1054.883    -0.115
-594.597    1055.190    -0.115
-594.204    1055.497    -0.115
-593.809    1055.806    -0.115
-593.415    1056.113    -0.115
-593.021    1056.420    -0.115
-592.548    1056.789    -0.115
-592.232    1057.036    -0.115
-591.839    1057.343    -0.115
-591.445    1057.651    -0.115
-591.050    1057.959    -0.115
-590.656    1058.266    -0.115
-590.262    1058.573    -0.115
-589.867    1058.881    -0.115
-589.473    1059.188    -0.115
-589.079    1059.495    -0.115
-588.685    1059.804    -0.115
-588.211    1060.172    -0.115
-587.896    1060.418    -0.115
-587.502    1060.726    -0.115
-587.026    1061.090    -0.116
-586.620    1061.383    -0.116
-586.215    1061.675    -0.116
-585.809    1061.968    -0.116
-585.404    1062.260    -0.116
-584.999    1062.553    -0.116
-584.593    1062.846    -0.116
-584.188    1063.138    -0.116
-583.782    1063.431    -0.116
-583.377    1063.723    -0.116
-582.972    1064.017    -0.116
-582.566    1064.309    -0.116
-582.161    1064.602    -0.116
-581.756    1064.895    -0.116
-581.350    1065.187    -0.116
-580.945    1065.480    -0.116
-580.449    1065.819    -0.116
-580.036    1066.099    -0.116
-579.622    1066.379    -0.116
-579.208    1066.660    -0.116
-578.795    1066.941    -0.116
-578.381    1067.221    -0.116
-577.968    1067.502    -0.116
-577.554    1067.783    -0.116
-577.140    1068.064    -0.116
-576.726    1068.345    -0.116
-576.313    1068.625    -0.116
-575.899    1068.906    -0.116
-575.486    1069.187    -0.116
-575.072    1069.468    -0.116
-574.658    1069.748    -0.116
-574.244    1070.029    -0.116
-573.831    1070.310    -0.116
-573.416    1070.591    -0.116
-573.003    1070.871    -0.116
-572.589    1071.152    -0.116
-572.176    1071.433    -0.116
-571.762    1071.714    -0.116
-571.348    1071.995    -0.116
-570.934    1072.275    -0.116
-570.521    1072.556    -0.116
-570.105    1072.834    -0.116
-569.688    1073.109    -0.116
-569.270    1073.384    -0.116
-568.852    1073.659    -0.116
-568.435    1073.933    -0.116
-568.017    1074.208    -0.116
-567.600    1074.483    -0.116
-567.182    1074.758    -0.116
-566.764    1075.033    -0.116
-566.347    1075.308    -0.116
-565.929    1075.583    -0.116
-565.512    1075.858    -0.116
-565.094    1076.132    -0.116
-564.676    1076.407    -0.116
-564.259    1076.682    -0.116
-563.749    1076.999    -0.116
-563.321    1077.255    -0.116
-562.892    1077.512    -0.116
-562.463    1077.770    -0.116
-562.033    1078.026    -0.116
-561.604    1078.282    -0.116
-561.175    1078.539    -0.116
-560.746    1078.795    -0.116
-560.318    1079.052    -0.116
-559.889    1079.309    -0.116
-559.459    1079.565    -0.116
-559.030    1079.823    -0.116
-558.601    1080.079    -0.116
-558.172    1080.336    -0.116
-557.743    1080.592    -0.116
-557.314    1080.849    -0.116
-556.885    1081.105    -0.116
-556.456    1081.362    -0.116
-556.027    1081.620    -0.116
-555.598    1081.876    -0.116
-555.169    1082.133    -0.116
-554.740    1082.389    -0.116
-554.311    1082.646    -0.116
-553.882    1082.902    -0.116
-553.451    1083.155    -0.116
-553.016    1083.405    -0.116
-552.583    1083.653    -0.116
-552.150    1083.902    -0.116
-551.716    1084.151    -0.116
-551.283    1084.401    -0.116
-550.849    1084.650    -0.116
-550.416    1084.899    -0.116
-549.982    1085.148    -0.116
-549.549    1085.397    -0.116
-549.115    1085.646    -0.116
-548.681    1085.895    -0.116
-548.248    1086.143    -0.116
-547.815    1086.392    -0.116
-547.380    1086.642    -0.116
-546.854    1086.928    -0.116
-546.411    1087.162    -0.116
-545.970    1087.395    -0.116
-545.527    1087.628    -0.116
-545.086    1087.862    -0.116
-544.643    1088.095    -0.116
-544.201    1088.329    -0.116
-543.759    1088.562    -0.116
-543.316    1088.796    -0.116
-542.875    1089.029    -0.116
-542.432    1089.263    -0.116
-541.990    1089.496    -0.116
-541.549    1089.729    -0.116
-541.106    1089.963    -0.116
-540.664    1090.196    -0.116
-540.222    1090.429    -0.116
-539.779    1090.662    -0.116
-539.338    1090.896    -0.116
-538.895    1091.130    -0.116
-538.454    1091.362    -0.116
-538.011    1091.596    -0.116
-537.568    1091.829    -0.116
-537.127    1092.063    -0.116
-536.684    1092.296    -0.116
-536.241    1092.526    -0.116
-535.791    1092.744    -0.116
-535.252    1093.006    -0.116
-534.802    1093.225    -0.116
-534.352    1093.443    -0.116
-533.992    1093.618    -0.116
-533.542    1093.836    -0.116
-533.003    1094.098    -0.116
-532.553    1094.317    -0.116
-532.103    1094.535    -0.116
-531.654    1094.754    -0.116
-531.204    1094.972    -0.116
-530.844    1095.147    -0.116
-530.304    1095.409    -0.116
-529.854    1095.627    -0.116
-529.405    1095.846    -0.116
-528.955    1096.065    -0.116
-528.502    1096.275    -0.116
-528.047    1096.483    -0.116
-527.593    1096.691    -0.116
-527.138    1096.898    -0.116
-526.683    1097.106    -0.116
-526.228    1097.315    -0.116
-525.774    1097.523    -0.116
-525.319    1097.730    -0.116
-524.865    1097.938    -0.116
-524.409    1098.146    -0.116
-523.955    1098.354    -0.116
-523.500    1098.562    -0.116
-523.046    1098.770    -0.116
-522.591    1098.978    -0.116
-522.136    1099.185    -0.116
-521.681    1099.393    -0.116
-521.227    1099.601    -0.116
-520.772    1099.810    -0.116
-520.318    1100.017    -0.116
-519.862    1100.225    -0.116
-519.408    1100.433    -0.116
-518.953    1100.641    -0.116
-518.499    1100.848    -0.116
-518.041    1101.050    -0.116
-517.490    1101.286    -0.116
-517.030    1101.483    -0.116
-516.570    1101.680    -0.116
-516.110    1101.877    -0.116
-515.651    1102.072    -0.116
-515.191    1102.269    -0.116
-514.823    1102.427    -0.116
-514.271    1102.662    -0.116
-513.812    1102.859    -0.116
-513.353    1103.056    -0.116
-512.892    1103.251    -0.116
-512.433    1103.448    -0.116
-511.973    1103.645    -0.116
-511.513    1103.839    -0.116
-511.047    1104.022    -0.116
-510.582    1104.204    -0.116
-510.116    1104.387    -0.116
-509.650    1104.570    -0.116
-509.186    1104.752    -0.116
-508.720    1104.935    -0.116
-508.255    1105.118    -0.116
-507.789    1105.300    -0.116
-507.323    1105.483    -0.116
-506.859    1105.665    -0.116
-506.393    1105.848    -0.116
-505.927    1106.031    -0.116
-505.462    1106.213    -0.116
-504.996    1106.396    -0.116
-504.532    1106.578    -0.116
-504.066    1106.761    -0.116
-503.600    1106.943    -0.116
-503.135    1107.126    -0.116
-502.669    1107.308    -0.116
-502.204    1107.490    -0.116
-501.739    1107.673    -0.116
-501.273    1107.856    -0.116
-500.808    1108.038    -0.116
-500.342    1108.221    -0.116
-499.877    1108.404    -0.116
-499.314    1108.612    -0.116
-498.842    1108.778    -0.116
-498.371    1108.944    -0.116
-497.899    1109.109    -0.116
-497.428    1109.275    -0.116
-496.956    1109.441    -0.116
-496.484    1109.607    -0.116
-496.013    1109.773    -0.116
-495.541    1109.940    -0.116
-495.070    1110.106    -0.116
-494.598    1110.271    -0.116
-494.126    1110.437    -0.116
-493.655    1110.603    -0.116
-493.183    1110.769    -0.116
-492.712    1110.935    -0.116
-492.241    1111.101    -0.116
-491.673    1111.296    -0.116
-491.291    1111.415    -0.116
-490.718    1111.593    -0.116
-490.240    1111.742    -0.116
-489.764    1111.891    -0.116
-489.381    1112.010    -0.116
-488.808    1112.188    -0.116
-488.427    1112.307    -0.116
-487.854    1112.486    -0.116
-487.472    1112.605    -0.116
-486.899    1112.783    -0.116
-486.518    1112.902    -0.116
-485.945    1113.081    -0.116
-485.563    1113.200    -0.116
-484.990    1113.378    -0.116
-484.513    1113.526    -0.116
-484.035    1113.676    -0.116
-483.558    1113.825    -0.116
-483.081    1113.973    -0.116
-482.604    1114.121    -0.116
-482.221    1114.240    -0.116
-481.648    1114.419    -0.116
-481.267    1114.538    -0.116
-480.790    1114.687    -0.116
-480.216    1114.863    -0.116
-479.737    1115.007    -0.116
-479.258    1115.151    -0.116
-478.780    1115.295    -0.116
-478.302    1115.441    -0.116
-477.823    1115.585    -0.116
-477.344    1115.730    -0.116
-476.866    1115.875    -0.116
-476.387    1116.020    -0.116
-475.908    1116.164    -0.116
-475.431    1116.309    -0.116
-474.952    1116.454    -0.116
-474.473    1116.599    -0.116
-473.995    1116.743    -0.116
-473.516    1116.888    -0.116
-473.037    1117.031    -0.116
-472.554    1117.159    -0.116
-471.974    1117.314    -0.116
-471.491    1117.442    -0.116
-471.105    1117.545    -0.116
-470.622    1117.674    -0.116
-470.138    1117.803    -0.116
-469.655    1117.931    -0.116
-469.172    1118.060    -0.116
-468.592    1118.214    -0.116
-468.205    1118.318    -0.116
-467.722    1118.447    -0.115
-467.239    1118.575    -0.115
-466.756    1118.704    -0.115
-466.273    1118.832    -0.115
-465.790    1118.960    -0.115
-465.307    1119.089    -0.115
-464.728    1119.244    -0.115
-464.244    1119.372    -0.115
-463.858    1119.475    -0.115
-463.375    1119.603    -0.115
-462.794    1119.758    -0.115
-462.409    1119.861    -0.115
-461.926    1119.989    -0.115
-461.343    1120.135    -0.115
-460.855    1120.243    -0.115
-460.367    1120.350    -0.115
-459.878    1120.459    -0.115
-459.391    1120.566    -0.115
-458.902    1120.675    -0.115
-458.414    1120.782    -0.115
-457.926    1120.890    -0.115
-457.437    1120.998    -0.115
-456.950    1121.106    -0.115
-456.461    1121.213    -0.115
-455.973    1121.322    -0.115
-455.485    1121.429    -0.115
-454.997    1121.538    -0.115
-454.509    1121.645    -0.115
-454.020    1121.754    -0.115
-453.433    1121.875    -0.115
-452.942    1121.972    -0.115
-452.452    1122.069    -0.115
-451.962    1122.166    -0.115
-451.471    1122.263    -0.115
-450.980    1122.359    -0.115
-450.490    1122.456    -0.115
-449.999    1122.552    -0.115
-449.509    1122.649    -0.115
-449.019    1122.745    -0.115
-448.528    1122.843    -0.115
-448.037    1122.939    -0.115
-447.547    1123.036    -0.115
-447.056    1123.133    -0.115
-446.566    1123.230    -0.115
-446.076    1123.327    -0.115
-445.585    1123.423    -0.115
-445.094    1123.520    -0.115
-444.603    1123.616    -0.115
-444.114    1123.713    -0.115
-443.623    1123.810    -0.115
-443.132    1123.907    -0.115
-442.642    1124.003    -0.115
-442.151    1124.101    -0.115
-441.660    1124.198    -0.115
-441.171    1124.297    -0.115
-440.681    1124.399    -0.115
-440.191    1124.499    -0.115
-439.702    1124.600    -0.115
-439.212    1124.701    -0.115
-438.722    1124.802    -0.115
-438.233    1124.902    -0.115
-437.744    1125.004    -0.115
-437.152    1125.101    -0.114
-436.656    1125.170    -0.114
-436.162    1125.242    -0.114
-435.667    1125.313    -0.114
-435.172    1125.383    -0.114
-434.677    1125.454    -0.114
-434.182    1125.525    -0.114
-433.687    1125.595    -0.114
-433.192    1125.666    -0.114
-432.697    1125.737    -0.114
-432.202    1125.807    -0.114
-431.707    1125.878    -0.114
-431.213    1125.948    -0.114
-430.717    1126.019    -0.114
-430.223    1126.090    -0.114
-429.727    1126.160    -0.114
-429.233    1126.231    -0.114
-428.737    1126.302    -0.114
-428.243    1126.372    -0.114
-427.748    1126.443    -0.114
-427.253    1126.514    -0.114
-426.758    1126.584    -0.114
-426.263    1126.655    -0.114
-425.768    1126.726    -0.114
-425.273    1126.796    -0.114
-424.778    1126.867    -0.114
-424.283    1126.937    -0.114
-423.788    1127.008    -0.114
-423.294    1127.079    -0.114
-422.798    1127.149    -0.114
-422.303    1127.220    -0.114
-421.807    1127.283    -0.114
-421.310    1127.337    -0.114
-420.813    1127.392    -0.114
-420.217    1127.458    -0.114
-419.720    1127.513    -0.114
-419.322    1127.557    -0.114
-418.825    1127.612    -0.114
-418.328    1127.667    -0.114
-417.832    1127.721    -0.114
-417.235    1127.787    -0.114
-416.738    1127.842    -0.114
-416.241    1127.897    -0.114
-415.745    1127.951    -0.114
-415.347    1127.996    -0.114
-414.850    1128.050    -0.114
-414.253    1128.106    -0.114
-413.755    1128.146    -0.113
-413.256    1128.186    -0.113
-412.758    1128.226    -0.113
-412.259    1128.265    -0.113
-411.761    1128.305    -0.113
-411.262    1128.345    -0.113
-410.764    1128.385    -0.113
-410.266    1128.424    -0.113
-409.768    1128.464    -0.113
-409.269    1128.503    -0.113
-408.770    1128.542    -0.113
-408.272    1128.582    -0.113
-407.774    1128.622    -0.113
-407.276    1128.662    -0.113
-406.777    1128.701    -0.113
-406.278    1128.741    -0.113
-405.780    1128.781    -0.113
-405.282    1128.820    -0.113
-404.784    1128.859    -0.113
-404.285    1128.899    -0.113
-403.787    1128.939    -0.113
-403.288    1128.978    -0.113
-402.790    1129.018    -0.113
-402.291    1129.058    -0.113
-401.693    1129.095    -0.113
-401.193    1129.123    -0.113
-400.794    1129.145    -0.113
-400.195    1129.179    -0.113
-399.696    1129.207    -0.113
-399.197    1129.235    -0.113
-398.698    1129.262    -0.113
-398.199    1129.290    -0.113
-397.699    1129.318    -0.113
-397.200    1129.345    -0.113
-396.701    1129.373    -0.113
-396.202    1129.401    -0.113
-395.702    1129.429    -0.113
-395.303    1129.451    -0.113
-394.804    1129.479    -0.113
-394.205    1129.506    -0.112
-393.705    1129.521    -0.112
-393.205    1129.535    -0.112
-392.706    1129.550    -0.112
-392.206    1129.565    -0.112
-391.706    1129.580    -0.112
-391.206    1129.594    -0.112
-390.707    1129.609    -0.112
-390.207    1129.624    -0.112
-389.707    1129.639    -0.112
-389.207    1129.653    -0.112
-388.708    1129.668    -0.112
-388.208    1129.683    -0.112
-387.708    1129.698    -0.112
-387.208    1129.712    -0.112
-386.709    1129.727    -0.112
-386.209    1129.742    -0.112
-385.709    1129.757    -0.112
-385.209    1129.771    -0.112
-384.710    1129.786    -0.112
-384.210    1129.801    -0.112
-383.710    1129.816    -0.112
-383.210    1129.830    -0.112
-382.711    1129.845    -0.112
-382.211    1129.860    -0.112
-381.611    1129.856    -0.112
-381.112    1129.852    -0.112
-380.611    1129.846    -0.112
-380.111    1129.842    -0.112
-379.611    1129.838    -0.112
-379.112    1129.833    -0.112
-378.612    1129.828    -0.112
-378.111    1129.823    -0.112
-377.611    1129.819    -0.112
-377.112    1129.814    -0.112
-376.612    1129.808    -0.111
-376.111    1129.804    -0.111
-375.612    1129.799    -0.111
-375.112    1129.795    -0.111
-374.612    1129.789    -0.111
-374.112    1129.779    -0.111
-373.612    1129.763    -0.111
-373.113    1129.747    -0.111
-372.613    1129.730    -0.111
-372.114    1129.714    -0.111
-371.614    1129.698    -0.111
-371.114    1129.682    -0.111
-370.614    1129.665    -0.111
-370.115    1129.649    -0.111
-369.615    1129.633    -0.111
-369.115    1129.616    -0.111
-368.615    1129.599    -0.111
-368.116    1129.583    -0.111
-367.616    1129.567    -0.111
-367.117    1129.550    -0.111
-366.616    1129.534    -0.111
-366.117    1129.518    -0.111
-365.617    1129.501    -0.111
-365.118    1129.484    -0.111
-364.618    1129.468    -0.111
-364.118    1129.452    -0.111
-363.618    1129.436    -0.111
-363.119    1129.419    -0.111
-362.619    1129.402    -0.111
-362.120    1129.386    -0.111
-361.619    1129.370    -0.111
-361.120    1129.353    -0.110
-360.521    1129.318    -0.110
-360.022    1129.284    -0.110
-359.524    1129.249    -0.110
-359.025    1129.215    -0.110
-358.526    1129.180    -0.110
-358.027    1129.145    -0.110
-357.529    1129.111    -0.110
-357.030    1129.075    -0.110
-356.532    1129.041    -0.110
-356.033    1129.006    -0.110
-355.534    1128.972    -0.110
-355.035    1128.936    -0.110
-354.537    1128.897    -0.110
-354.038    1128.859    -0.110
-353.540    1128.819    -0.110
-353.041    1128.781    -0.110
-352.543    1128.743    -0.110
-352.044    1128.704    -0.110
-351.546    1128.664    -0.110
-351.048    1128.626    -0.110
-350.549    1128.587    -0.110
-350.051    1128.547    -0.110
-349.552    1128.509    -0.110
-349.054    1128.470    -0.110
-348.555    1128.431    -0.110
-348.057    1128.392    -0.110
-347.559    1128.353    -0.110
-347.060    1128.314    -0.110
-346.562    1128.275    -0.110
-346.063    1128.236    -0.109
-345.565    1128.197    -0.109
-345.066    1128.158    -0.109
-344.568    1128.119    -0.109
-344.069    1128.081    -0.109
-343.571    1128.043    -0.109
-343.073    1128.003    -0.109
-342.574    1127.964    -0.109
-341.976    1127.908    -0.109
-341.482    1127.843    -0.109
-340.986    1127.776    -0.109
-340.490    1127.710    -0.109
-339.995    1127.645    -0.109
-339.499    1127.578    -0.109
-339.003    1127.513    -0.109
-338.508    1127.447    -0.109
-338.012    1127.381    -0.109
-337.516    1127.315    -0.109
-336.922    1127.233    -0.109
-336.429    1127.149    -0.109
-335.936    1127.065    -0.109
-335.443    1126.980    -0.109
-334.951    1126.896    -0.109
-334.458    1126.811    -0.109
-333.965    1126.727    -0.109
-333.473    1126.643    -0.109
-332.980    1126.558    -0.108
-332.487    1126.474    -0.108
-331.994    1126.389    -0.108
-331.502    1126.306    -0.108
-331.008    1126.221    -0.108
-330.515    1126.137    -0.108
-330.023    1126.053    -0.108
-329.530    1125.968    -0.108
-329.037    1125.884    -0.108
-328.544    1125.799    -0.108
-328.052    1125.716    -0.108
-327.559    1125.631    -0.108
-327.066    1125.547    -0.108
-326.574    1125.463    -0.108
-326.081    1125.378    -0.108
-325.588    1125.294    -0.108
-325.095    1125.209    -0.108
-324.602    1125.125    -0.108
-324.109    1125.040    -0.108
-323.616    1124.956    -0.108
-323.124    1124.871    -0.108
-322.631    1124.788    -0.108
-322.138    1124.704    -0.108
-321.645    1124.619    -0.108
-321.153    1124.535    -0.108
-320.660    1124.450    -0.107
-320.167    1124.366    -0.107
-319.674    1124.281    -0.107
-319.182    1124.198    -0.107
-318.689    1124.114    -0.107
-318.195    1124.029    -0.107
-317.703    1123.945    -0.107
-317.210    1123.860    -0.107
-316.717    1123.776    -0.107
-316.224    1123.691    -0.107
-315.732    1123.607    -0.107
-315.239    1123.523    -0.107
-314.746    1123.438    -0.107
-314.254    1123.354    -0.107
-313.761    1123.270    -0.107
-313.268    1123.186    -0.107
-312.775    1123.101    -0.107
-312.282    1123.017    -0.107
-311.789    1122.932    -0.107
-311.296    1122.848    -0.107
-310.804    1122.764    -0.107
-310.311    1122.679    -0.107
-309.818    1122.595    -0.107
-309.325    1122.510    -0.107
-308.833    1122.426    -0.107
-308.247    1122.299    -0.106
-307.763    1122.175    -0.106
-307.278    1122.051    -0.106
-306.794    1121.928    -0.106
-306.309    1121.804    -0.106
-305.825    1121.680    -0.106
-305.340    1121.557    -0.106
-304.856    1121.433    -0.106
-304.372    1121.309    -0.106
-303.887    1121.186    -0.106
-303.403    1121.062    -0.106
-302.919    1120.938    -0.106
-302.434    1120.814    -0.106
-301.950    1120.690    -0.106
-301.465    1120.567    -0.106
-300.981    1120.443    -0.106
-300.496    1120.319    -0.106
-300.012    1120.196    -0.106
-299.528    1120.072    -0.106
-299.043    1119.948    -0.106
-298.559    1119.825    -0.106
-298.074    1119.701    -0.106
-297.590    1119.578    -0.105
-297.105    1119.454    -0.105
-296.621    1119.330    -0.105
-296.137    1119.207    -0.105
-295.652    1119.083    -0.105
-295.168    1118.959    -0.105
-294.683    1118.836    -0.105
-294.199    1118.712    -0.105
-293.714    1118.588    -0.105
-293.230    1118.465    -0.105
-292.746    1118.341    -0.105
-292.261    1118.218    -0.105
-291.777    1118.094    -0.105
-291.195    1117.944    -0.105
-290.808    1117.846    -0.105
-290.324    1117.722    -0.105
-289.839    1117.598    -0.105
-289.355    1117.475    -0.105
-288.870    1117.351    -0.105
-288.386    1117.227    -0.105
-287.902    1117.104    -0.105
-287.417    1116.980    -0.105
-286.933    1116.856    -0.105
-286.448    1116.733    -0.104
-285.964    1116.609    -0.104
-285.479    1116.486    -0.104
-284.995    1116.362    -0.104
-284.511    1116.238    -0.104
-284.026    1116.115    -0.104
-283.542    1115.991    -0.104
-283.057    1115.867    -0.104
-282.573    1115.744    -0.104
-282.089    1115.620    -0.104
-281.604    1115.495    -0.104
-281.120    1115.372    -0.104
-280.446    1115.184    -0.104
-279.973    1115.022    -0.104
-279.500    1114.859    -0.104
-279.027    1114.697    -0.104
-278.555    1114.535    -0.104
-278.082    1114.373    -0.104
-277.609    1114.210    -0.104
-277.136    1114.048    -0.104
-276.663    1113.886    -0.104
-276.190    1113.723    -0.104
-275.717    1113.561    -0.103
-275.244    1113.399    -0.103
-274.771    1113.237    -0.103
-274.298    1113.075    -0.103
-273.826    1112.913    -0.103
-273.353    1112.750    -0.103
-272.880    1112.588    -0.103
-272.407    1112.426    -0.103
-271.934    1112.263    -0.103
-271.461    1112.101    -0.103
-270.988    1111.939    -0.103
-270.515    1111.776    -0.103
-270.042    1111.614    -0.103
-269.569    1111.452    -0.103
-269.096    1111.290    -0.103
-268.624    1111.128    -0.103
-268.151    1110.966    -0.103
-267.678    1110.803    -0.103
-267.205    1110.641    -0.103
-266.732    1110.479    -0.103
-266.259    1110.316    -0.102
-265.786    1110.154    -0.102
-265.313    1109.992    -0.102
-264.840    1109.829    -0.102
-264.367    1109.667    -0.102
-263.894    1109.505    -0.102
-263.422    1109.343    -0.102
-262.949    1109.181    -0.102
-262.476    1109.019    -0.102
-262.003    1108.856    -0.102
-261.530    1108.694    -0.102
-261.057    1108.532    -0.102
-260.584    1108.370    -0.102
-260.111    1108.208    -0.102
-259.638    1108.045    -0.102
-259.165    1107.883    -0.102
-258.693    1107.721    -0.102
-258.220    1107.559    -0.102
-257.747    1107.397    -0.102
-257.274    1107.235    -0.102
-256.801    1107.073    -0.102
-256.328    1106.910    -0.101
-255.855    1106.748    -0.101
-255.382    1106.586    -0.101
-254.909    1106.423    -0.101
-254.436    1106.261    -0.101
-253.964    1106.099    -0.101
-253.491    1105.936    -0.101
-252.936    1105.707    -0.101
-252.386    1105.467    -0.101
-252.020    1105.308    -0.101
-251.561    1105.108    -0.101
-251.103    1104.908    -0.101
-250.644    1104.709    -0.101
-250.186    1104.509    -0.101
-249.637    1104.268    -0.101
-249.270    1104.109    -0.101
-248.720    1103.869    -0.101
-248.353    1103.710    -0.101
-247.802    1103.469    -0.101
-247.437    1103.310    -0.101
-246.886    1103.070    -0.100
-246.520    1102.910    -0.100
-245.969    1102.670    -0.100
-245.604    1102.511    -0.100
-245.145    1102.311    -0.100
-244.687    1102.111    -0.100
-244.228    1101.911    -0.100
-243.769    1101.712    -0.100
-243.312    1101.512    -0.100
-242.853    1101.312    -0.100
-242.395    1101.113    -0.100
-241.936    1100.913    -0.100
-241.478    1100.714    -0.100
-241.020    1100.513    -0.100
-240.562    1100.314    -0.100
-240.103    1100.114    -0.100
-239.645    1099.914    -0.100
-239.187    1099.714    -0.100
-238.729    1099.515    -0.100
-238.270    1099.315    -0.099
-237.811    1099.115    -0.099
-237.353    1098.915    -0.099
-236.895    1098.716    -0.099
-236.437    1098.517    -0.099
-235.978    1098.316    -0.099
-235.520    1098.117    -0.099
-235.062    1097.917    -0.099
-234.603    1097.718    -0.099
-234.145    1097.517    -0.099
-233.686    1097.318    -0.099
-233.228    1097.118    -0.099
-232.770    1096.918    -0.099
-232.312    1096.718    -0.099
-231.853    1096.519    -0.099
-231.395    1096.319    -0.099
-230.936    1096.119    -0.099
-230.479    1095.919    -0.099
-230.020    1095.720    -0.099
-229.561    1095.521    -0.098
-229.103    1095.320    -0.098
-228.645    1095.121    -0.098
-228.187    1094.921    -0.098
-227.728    1094.722    -0.098
-227.270    1094.521    -0.098
-226.640    1094.218    -0.098
-226.199    1093.982    -0.098
-225.758    1093.747    -0.098
-225.317    1093.511    -0.098
-224.876    1093.274    -0.098
-224.436    1093.039    -0.098
-223.995    1092.803    -0.098
-223.555    1092.566    -0.098
-223.114    1092.330    -0.098
-222.673    1092.095    -0.098
-222.232    1091.859    -0.098
-221.791    1091.623    -0.098
-221.350    1091.388    -0.097
-220.910    1091.151    -0.097
-220.468    1090.915    -0.097
-220.027    1090.680    -0.097
-219.587    1090.443    -0.097
-219.146    1090.207    -0.097
-218.706    1089.972    -0.097
-218.265    1089.735    -0.097
-217.824    1089.499    -0.097
-217.384    1089.264    -0.097
-216.942    1089.028    -0.097
-216.501    1088.791    -0.097
-216.061    1088.555    -0.097
-215.620    1088.320    -0.097
-215.180    1088.084    -0.097
-214.739    1087.847    -0.097
-214.298    1087.612    -0.097
-213.857    1087.376    -0.097
-213.416    1087.139    -0.096
-212.975    1086.904    -0.096
-212.535    1086.668    -0.096
-212.094    1086.431    -0.096
-211.653    1086.196    -0.096
-211.213    1085.960    -0.096
-210.772    1085.724    -0.096
-210.331    1085.488    -0.096
-209.890    1085.252    -0.096
-209.449    1085.016    -0.096
-209.009    1084.780    -0.096
-208.568    1084.544    -0.096
-208.127    1084.308    -0.096
-207.686    1084.072    -0.096
-207.245    1083.836    -0.096
-206.805    1083.600    -0.096
-206.364    1083.364    -0.096
-205.923    1083.129    -0.096
-205.483    1082.893    -0.096
-205.042    1082.656    -0.095
-204.600    1082.421    -0.095
-204.160    1082.185    -0.095
-203.719    1081.949    -0.095
-203.278    1081.714    -0.095
-202.838    1081.477    -0.095
-202.397    1081.241    -0.095
-201.956    1081.006    -0.095
-201.429    1080.719    -0.095
-200.999    1080.464    -0.095
-200.569    1080.210    -0.095
-200.138    1079.955    -0.095
-199.712    1079.692    -0.095
-199.290    1079.425    -0.095
-198.868    1079.159    -0.095
-198.360    1078.838    -0.095
-198.022    1078.624    -0.095
-197.600    1078.357    -0.094
-197.176    1078.090    -0.094
-196.754    1077.823    -0.094
-196.331    1077.557    -0.094
-195.824    1077.236    -0.094
-195.401    1076.969    -0.094
-195.062    1076.756    -0.094
-194.640    1076.489    -0.094
-194.218    1076.221    -0.094
-193.794    1075.954    -0.094
-193.288    1075.634    -0.094
-192.950    1075.421    -0.094
-192.526    1075.154    -0.094
-192.104    1074.887    -0.094
-191.596    1074.567    -0.094
-191.174    1074.300    -0.094
-190.836    1074.086    -0.094
-190.412    1073.819    -0.094
-189.990    1073.552    -0.093
-189.568    1073.285    -0.093
-189.060    1072.965    -0.093
-188.638    1072.698    -0.093
-188.223    1072.418    -0.093
-187.809    1072.137    -0.093
-187.396    1071.856    -0.093
-186.982    1071.576    -0.093
-186.568    1071.294    -0.093
-186.155    1071.014    -0.093
-185.742    1070.733    -0.093
-185.328    1070.452    -0.093
-184.915    1070.171    -0.093
-184.501    1069.891    -0.093
-184.087    1069.609    -0.093
-183.674    1069.329    -0.093
-183.260    1069.048    -0.092
-182.846    1068.767    -0.092
-182.355    1068.423    -0.092
-181.947    1068.133    -0.092
-181.539    1067.844    -0.092
-181.132    1067.554    -0.092
-180.725    1067.265    -0.092
-180.398    1067.032    -0.092
-179.910    1066.685    -0.092
-179.502    1066.395    -0.092
-179.095    1066.106    -0.092
-178.687    1065.816    -0.092
-178.279    1065.526    -0.092
-177.872    1065.236    -0.092
-177.464    1064.947    -0.092
-177.058    1064.657    -0.092
-176.650    1064.368    -0.092
-176.242    1064.078    -0.091
-175.916    1063.846    -0.091
-175.427    1063.499    -0.091
-175.019    1063.209    -0.091
-174.612    1062.920    -0.091
-174.204    1062.630    -0.091
-173.796    1062.341    -0.091
-173.390    1062.051    -0.091
-172.982    1061.762    -0.091
-172.656    1061.529    -0.091
-172.167    1061.182    -0.091
-171.759    1060.892    -0.091
-171.356    1060.598    -0.091
-170.959    1060.293    -0.091
-170.563    1059.989    -0.091
-170.165    1059.684    -0.091
-169.768    1059.381    -0.091
-169.372    1059.076    -0.090
-168.976    1058.772    -0.090
-168.578    1058.467    -0.090
-168.182    1058.164    -0.090
-167.785    1057.859    -0.090
-167.388    1057.555    -0.090
-166.991    1057.252    -0.090
-166.594    1056.947    -0.090
-166.119    1056.582    -0.090
-165.731    1056.266    -0.090
-165.344    1055.950    -0.090
-164.956    1055.634    -0.090
-164.569    1055.318    -0.090
-164.181    1055.002    -0.090
-163.793    1054.687    -0.090
-163.405    1054.371    -0.090
-163.018    1054.055    -0.089
-162.630    1053.739    -0.089
-162.243    1053.423    -0.089
-161.855    1053.107    -0.089
-161.468    1052.792    -0.089
-161.080    1052.477    -0.089
-160.693    1052.161    -0.089
-160.305    1051.845    -0.089
-159.918    1051.529    -0.089
-159.530    1051.213    -0.089
-159.143    1050.897    -0.089
-158.754    1050.581    -0.089
-158.367    1050.265    -0.089
-157.979    1049.950    -0.089
-157.592    1049.634    -0.089
-157.204    1049.318    -0.089
-156.817    1049.002    -0.088
-156.429    1048.686    -0.088
-156.042    1048.370    -0.088
-155.654    1048.055    -0.088
-155.270    1047.734    -0.088
-154.887    1047.413    -0.088
-154.504    1047.092    -0.088
-154.121    1046.770    -0.088
-153.738    1046.449    -0.088
-153.354    1046.128    -0.088
-152.972    1045.807    -0.088
-152.589    1045.485    -0.088
-152.206    1045.164    -0.088
-151.823    1044.843    -0.088
-151.439    1044.522    -0.088
-151.057    1044.199    -0.088
-150.673    1043.878    -0.087
-150.290    1043.557    -0.087
-149.907    1043.236    -0.087
-149.376    1042.781    -0.087
-149.008    1042.442    -0.087
-148.640    1042.104    -0.087
-148.272    1041.765    -0.087
-147.905    1041.427    -0.087
-147.537    1041.089    -0.087
-147.169    1040.750    -0.087
-146.801    1040.412    -0.087
-146.506    1040.141    -0.087
-146.138    1039.802    -0.087
-145.770    1039.464    -0.087
-145.402    1039.125    -0.087
-145.034    1038.787    -0.086
-144.666    1038.449    -0.086
-144.298    1038.110    -0.086
-143.930    1037.772    -0.086
-143.562    1037.433    -0.086
-143.194    1037.095    -0.086
-142.826    1036.756    -0.086
-142.458    1036.418    -0.086
-142.090    1036.080    -0.086
-141.721    1035.741    -0.086
-141.353    1035.403    -0.086
-140.985    1035.064    -0.086
-140.543    1034.659    -0.086
-140.176    1034.320    -0.086
-139.814    1033.975    -0.086
-139.453    1033.629    -0.086
-139.092    1033.284    -0.085
-138.730    1032.938    -0.085
-138.368    1032.593    -0.085
-138.007    1032.248    -0.085
-137.646    1031.902    -0.085
-137.285    1031.557    -0.085
-136.923    1031.211    -0.085
-136.561    1030.865    -0.085
-136.200    1030.520    -0.085
-135.838    1030.175    -0.085
-135.477    1029.830    -0.085
-135.116    1029.484    -0.085
-134.754    1029.140    -0.085
-134.324    1028.722    -0.085
-133.980    1028.358    -0.085
-133.637    1027.994    -0.084
-133.294    1027.631    -0.084
-132.951    1027.267    -0.084
-132.609    1026.903    -0.084
-132.265    1026.540    -0.084
-131.922    1026.176    -0.084
-131.579    1025.812    -0.084
-131.236    1025.448    -0.084
-130.893    1025.085    -0.084
-130.550    1024.721    -0.084
-130.206    1024.357    -0.084
-129.864    1023.994    -0.084
-129.520    1023.630    -0.084
-129.177    1023.267    -0.084
-128.834    1022.903    -0.084
-128.491    1022.539    -0.084
-128.149    1022.175    -0.083
-127.805    1021.812    -0.083
-127.462    1021.447    -0.083
-127.119    1021.083    -0.083
-126.776    1020.720    -0.083
-126.432    1020.356    -0.083
-126.090    1019.992    -0.083
-125.747    1019.629    -0.083
-125.404    1019.265    -0.083
-125.061    1018.901    -0.083
-124.717    1018.538    -0.083
-124.372    1018.176    -0.083
-124.026    1017.816    -0.083
-123.682    1017.454    -0.083
-123.336    1017.092    -0.083
-122.992    1016.730    -0.082
-122.646    1016.368    -0.082
-122.301    1016.007    -0.082
-121.890    1015.570    -0.082
-121.560    1015.194    -0.082
-121.230    1014.819    -0.082
-120.900    1014.442    -0.082
-120.571    1014.067    -0.082
-120.241    1013.691    -0.082
-119.915    1013.312    -0.082
-119.590    1012.932    -0.082
-119.265    1012.552    -0.082
-118.939    1012.173    -0.082
-118.614    1011.794    -0.082
-118.289    1011.413    -0.082
-117.964    1011.034    -0.081
-117.638    1010.654    -0.081
-117.313    1010.275    -0.081
-116.988    1009.894    -0.081
-116.663    1009.515    -0.081
-116.338    1009.136    -0.081
-116.012    1008.755    -0.081
-115.687    1008.376    -0.081
-115.362    1007.996    -0.081
-115.037    1007.616    -0.081
-114.711    1007.236    -0.081
-114.386    1006.857    -0.081
-114.061    1006.476    -0.081
-113.736    1006.097    -0.081
-113.411    1005.718    -0.081
-113.085    1005.338    -0.080
-112.760    1004.958    -0.080
-112.435    1004.578    -0.080
-112.109    1004.199    -0.080
-111.721    1003.742    -0.080
-111.409    1003.351    -0.080
-111.098    1002.960    -0.080
-110.785    1002.570    -0.080
-110.473    1002.179    -0.080
-110.162    1001.787    -0.080
-109.850    1001.396    -0.080
-109.538    1001.006    -0.080
-109.226    1000.615    -0.080
-108.915    1000.224    -0.080
-108.603    999.833    -0.080
-108.290    999.443    -0.079
-107.979    999.052    -0.079
-107.667    998.661    -0.079
-107.355    998.270    -0.079
-107.043    997.880    -0.079
-106.738    997.484    -0.079
-106.435    997.087    -0.079
-106.130    996.690    -0.079
-105.827    996.293    -0.079
-105.524    995.895    -0.079
-105.219    995.498    -0.079
-104.916    995.101    -0.079
-104.611    994.704    -0.079
-104.308    994.307    -0.079
-104.005    993.909    -0.079
-103.700    993.512    -0.078
-103.397    993.115    -0.078
-103.093    992.719    -0.078
-102.789    992.322    -0.078
-102.486    991.925    -0.078
-102.182    991.527    -0.078
-101.879    991.130    -0.078
-101.574    990.733    -0.078
-101.271    990.336    -0.078
-100.967    989.939    -0.078
-100.663    989.541    -0.078
-100.360    989.144    -0.078
-100.056    988.747    -0.078
-99.752    988.350    -0.078
-99.449    987.953    -0.078
-99.144    987.556    -0.077
-98.784    987.077    -0.077
-98.489    986.673    -0.077
-98.196    986.268    -0.077
-97.901    985.863    -0.077
-97.608    985.459    -0.077
-97.313    985.055    -0.077
-97.020    984.651    -0.077
-96.726    984.247    -0.077
-96.431    983.841    -0.077
-96.138    983.437    -0.077
-95.843    983.033    -0.077
-95.549    982.629    -0.077
-95.255    982.225    -0.077
-94.961    981.821    -0.077
-94.667    981.416    -0.076
-94.387    981.001    -0.076
-94.110    980.586    -0.076
-93.831    980.171    -0.076
-93.552    979.756    -0.076
-93.273    979.341    -0.076
-92.994    978.926    -0.076
-92.715    978.511    -0.076
-92.382    978.012    -0.076
-92.103    977.598    -0.076
-91.880    977.265    -0.076
-91.601    976.850    -0.076
-91.322    976.435    -0.076
-91.044    976.020    -0.076
-90.765    975.605    -0.075
-90.486    975.190    -0.075
-90.207    974.775    -0.075
-89.873    974.277    -0.075
-89.595    973.862    -0.075
-89.372    973.529    -0.075
-89.093    973.115    -0.075
-88.814    972.699    -0.075
-88.480    972.201    -0.075
-88.257    971.869    -0.075
-87.979    971.454    -0.075
-87.700    971.039    -0.075
-87.421    970.625    -0.075
-87.099    970.118    -0.075
-86.837    969.692    -0.075
-86.574    969.266    -0.074
-86.312    968.841    -0.074
-86.049    968.415    -0.074
-85.787    967.990    -0.074
-85.524    967.564    -0.074
-85.262    967.140    -0.074
-84.999    966.714    -0.074
-84.737    966.288    -0.074
-84.475    965.863    -0.074
-84.212    965.437    -0.074
-83.950    965.012    -0.074
-83.686    964.586    -0.074
-83.373    964.074    -0.074
-83.123    963.642    -0.074
-82.873    963.209    -0.073
-82.623    962.776    -0.073
-82.371    962.344    -0.073
-82.121    961.910    -0.073
-81.871    961.478    -0.073
-81.621    961.045    -0.073
-81.371    960.613    -0.073
-81.120    960.180    -0.073
-80.870    959.746    -0.073
-80.620    959.314    -0.073
-80.370    958.881    -0.073
-80.119    958.448    -0.073
-79.869    958.016    -0.073
-79.619    957.582    -0.073
-79.368    957.150    -0.073
-79.118    956.717    -0.072
-78.867    956.285    -0.072
-78.617    955.852    -0.072
-78.367    955.419    -0.072
-78.117    954.986    -0.072
-77.867    954.553    -0.072
-77.616    954.121    -0.072
-77.366    953.687    -0.072
-77.116    953.254    -0.072
-76.866    952.822    -0.072
-76.614    952.389    -0.072
-76.364    951.957    -0.072
-76.114    951.523    -0.072
-75.864    951.091    -0.072
-75.614    950.658    -0.072
-75.364    950.225    -0.071
-75.114    949.792    -0.071
-74.865    949.358    -0.071
-74.615    948.925    -0.071
-74.365    948.492    -0.071
-74.115    948.059    -0.071
-73.866    947.626    -0.071
-73.616    947.193    -0.071
-73.366    946.760    -0.071
-73.116    946.327    -0.071
-72.867    945.894    -0.071
-72.578    945.368    -0.071
-72.352    944.922    -0.071
-72.127    944.476    -0.071
-71.901    944.029    -0.070
-71.676    943.583    -0.070
-71.450    943.137    -0.070
-71.224    942.692    -0.070
-70.999    942.245    -0.070
-70.772    941.799    -0.070
-70.547    941.352    -0.070
-70.321    940.907    -0.070
-70.097    940.461    -0.070
-69.871    940.014    -0.070
-69.646    939.568    -0.070
-69.420    939.121    -0.070
-69.195    938.676    -0.070
-68.969    938.229    -0.070
-68.744    937.783    -0.070
-68.518    937.337    -0.069
-68.293    936.890    -0.069
-68.066    936.445    -0.069
-67.840    935.998    -0.069
-67.615    935.552    -0.069
-67.389    935.106    -0.069
-67.164    934.659    -0.069
-66.938    934.214    -0.069
-66.713    933.768    -0.069
-66.489    933.320    -0.069
-66.275    932.869    -0.069
-66.060    932.417    -0.069
-65.845    931.966    -0.069
-65.631    931.514    -0.069
-65.416    931.063    -0.068
-65.201    930.611    -0.068
-64.987    930.160    -0.068
-64.772    929.708    -0.068
-64.556    929.257    -0.068
-64.342    928.806    -0.068
-64.127    928.354    -0.068
-63.912    927.903    -0.068
-63.698    927.451    -0.068
-63.448    926.905    -0.068
-63.248    926.447    -0.068
-63.047    925.990    -0.068
-62.848    925.531    -0.068
-62.648    925.073    -0.068
-62.447    924.614    -0.068
-62.246    924.157    -0.067
-62.046    923.699    -0.067
-61.847    923.240    -0.067
-61.646    922.783    -0.067
-61.446    922.324    -0.067
-61.245    921.866    -0.067
-61.045    921.408    -0.067
-60.844    920.950    -0.067
-60.645    920.492    -0.067
-60.444    920.034    -0.067
-60.244    919.576    -0.067
-60.044    919.118    -0.067
-59.843    918.659    -0.067
-59.644    918.201    -0.067
-59.443    917.744    -0.067
-59.242    917.285    -0.066
-59.042    916.827    -0.066
-58.842    916.369    -0.066
-58.642    915.911    -0.066
-58.442    915.453    -0.066
-58.241    914.994    -0.066
-58.041    914.537    -0.066
-57.846    914.076    -0.066
-57.652    913.615    -0.066
-57.420    913.062    -0.066
-57.266    912.694    -0.066
-57.034    912.140    -0.066
-56.879    911.772    -0.066
-56.685    911.310    -0.066
-56.453    910.758    -0.065
-56.298    910.388    -0.065
-56.106    909.928    -0.065
-55.873    909.374    -0.065
-55.719    909.005    -0.065
-55.525    908.544    -0.065
-55.297    907.989    -0.065
-55.122    907.521    -0.065
-54.947    907.052    -0.065
-54.771    906.584    -0.065
-54.596    906.116    -0.065
-54.421    905.648    -0.065
-54.246    905.180    -0.065
-54.070    904.711    -0.065
-53.895    904.243    -0.065
-53.719    903.775    -0.064
-53.544    903.307    -0.064
-53.368    902.838    -0.064
-53.193    902.370    -0.064
-53.018    901.902    -0.064
-52.843    901.434    -0.064
-52.667    900.966    -0.064
-52.492    900.498    -0.064
-52.317    900.030    -0.064
-52.142    899.562    -0.064
-51.966    899.093    -0.064
-51.791    898.625    -0.064
-51.616    898.157    -0.064
-51.440    897.689    -0.064
-51.265    897.220    -0.064
-51.090    896.752    -0.063
-50.914    896.284    -0.063
-50.709    895.721    -0.063
-50.548    895.246    -0.063
-50.388    894.773    -0.063
-50.228    894.300    -0.063
-50.067    893.826    -0.063
-49.907    893.353    -0.063
-49.747    892.879    -0.063
-49.585    892.405    -0.063
-49.425    891.932    -0.063
-49.265    891.459    -0.063
-49.104    890.985    -0.063
-48.944    890.512    -0.063
-48.784    890.038    -0.062
-48.624    889.564    -0.062
-48.463    889.091    -0.062
-48.303    888.617    -0.062
-48.148    888.141    -0.062
-47.994    887.666    -0.062
-47.839    887.190    -0.062
-47.684    886.715    -0.062
-47.530    886.239    -0.062
-47.375    885.764    -0.062
-47.221    885.288    -0.062
-47.067    884.813    -0.062
-46.911    884.338    -0.062
-46.757    883.862    -0.062
-46.603    883.387    -0.062
-46.448    882.911    -0.061
-46.293    882.437    -0.061
-46.138    881.961    -0.061
-45.983    881.486    -0.061
-45.829    881.010    -0.061
-45.675    880.535    -0.061
-45.520    880.059    -0.061
-45.365    879.584    -0.061
-45.211    879.108    -0.061
-45.056    878.632    -0.061
-44.902    878.157    -0.061
-44.747    877.681    -0.061
-44.592    877.206    -0.061
-44.438    876.730    -0.061
-44.258    876.158    -0.061
-44.118    875.678    -0.060
-43.979    875.199    -0.060
-43.839    874.718    -0.060
-43.699    874.238    -0.060
-43.560    873.758    -0.060
-43.420    873.278    -0.060
-43.280    872.798    -0.060
-43.141    872.318    -0.060
-43.002    871.838    -0.060
-42.863    871.357    -0.060
-42.723    870.877    -0.060
-42.583    870.398    -0.060
-42.444    869.918    -0.060
-42.304    869.437    -0.060
-42.164    868.957    -0.060
-42.032    868.475    -0.059
-41.876    867.896    -0.059
-41.772    867.510    -0.059
-41.643    867.027    -0.059
-41.512    866.544    -0.059
-41.383    866.061    -0.059
-41.252    865.579    -0.059
-41.123    865.096    -0.059
-40.993    864.613    -0.059
-40.863    864.130    -0.059
-40.708    863.550    -0.059
-40.604    863.165    -0.059
-40.448    862.585    -0.059
-40.344    862.199    -0.059
-40.213    861.715    -0.059
-40.084    861.233    -0.058
-39.928    860.654    -0.058
-39.824    860.267    -0.058
-39.695    859.784    -0.058
-39.539    859.205    -0.058
-39.435    858.819    -0.058
-39.306    858.336    -0.058
-39.175    857.853    -0.058
-39.046    857.370    -0.058
-38.916    856.888    -0.058
-38.760    856.309    -0.058
-38.656    855.922    -0.058
-38.513    855.339    -0.058
-38.399    854.853    -0.058
-38.285    854.366    -0.058
-38.171    853.879    -0.057
-38.057    853.393    -0.057
-37.943    852.905    -0.057
-37.829    852.419    -0.057
-37.715    851.932    -0.057
-37.602    851.445    -0.057
-37.488    850.958    -0.057
-37.374    850.471    -0.057
-37.260    849.985    -0.057
-37.147    849.498    -0.057
-37.033    849.011    -0.057
-36.921    848.523    -0.057
-36.809    848.037    -0.057
-36.697    847.549    -0.057
-36.584    847.062    -0.057
-36.472    846.574    -0.056
-36.359    846.088    -0.056
-36.248    845.601    -0.056
-36.135    845.113    -0.056
-36.023    844.626    -0.056
-35.911    844.139    -0.056
-35.799    843.652    -0.056
-35.687    843.164    -0.056
-35.574    842.677    -0.056
-35.463    842.190    -0.056
-35.350    841.703    -0.056
-35.238    841.215    -0.056
-35.125    840.728    -0.056
-35.013    840.241    -0.056
-34.901    839.754    -0.056
-34.789    839.267    -0.055
-34.676    838.779    -0.055
-34.564    838.293    -0.055
-34.452    837.805    -0.055
-34.340    837.318    -0.055
-34.227    836.830    -0.055
-34.116    836.344    -0.055
-33.985    835.758    -0.055
-33.885    835.268    -0.055
-33.785    834.778    -0.055
-33.686    834.289    -0.055
-33.585    833.799    -0.055
-33.486    833.309    -0.055
-33.386    832.818    -0.055
-33.285    832.329    -0.055
-33.186    831.839    -0.054
-33.086    831.349    -0.054
-32.986    830.859    -0.054
-32.894    830.367    -0.054
-32.805    829.875    -0.054
-32.716    829.384    -0.054
-32.627    828.892    -0.054
-32.537    828.400    -0.054
-32.448    827.908    -0.054
-32.359    827.416    -0.054
-32.269    826.924    -0.054
-32.181    826.432    -0.054
-32.091    825.940    -0.054
-32.002    825.448    -0.054
-31.913    824.956    -0.054
-31.823    824.464    -0.054
-31.735    823.972    -0.053
-31.645    823.480    -0.053
-31.556    822.988    -0.053
-31.467    822.496    -0.053
-31.377    822.004    -0.053
-31.289    821.513    -0.053
-31.199    821.021    -0.053
-31.111    820.529    -0.053
-31.021    820.037    -0.053
-30.932    819.545    -0.053
-30.843    819.053    -0.053
-30.753    818.561    -0.053
-30.664    818.069    -0.053
-30.575    817.577    -0.053
-30.486    817.085    -0.053
-30.396    816.593    -0.053
-30.308    816.101    -0.052
-30.218    815.609    -0.052
-30.129    815.117    -0.052
-30.040    814.625    -0.052
-29.950    814.133    -0.052
-29.862    813.641    -0.052
-29.772    813.150    -0.052
-29.684    812.658    -0.052
-29.594    812.166    -0.052
-29.505    811.674    -0.052
-29.416    811.182    -0.052
-29.326    810.690    -0.052
-29.238    810.198    -0.052
-29.148    809.706    -0.052
-29.048    809.115    -0.052
-28.972    808.620    -0.051
-28.896    808.127    -0.051
-28.820    807.633    -0.051
-28.744    807.138    -0.051
-28.668    806.644    -0.051
-28.591    806.150    -0.051
-28.516    805.655    -0.051
-28.439    805.162    -0.051
-28.363    804.668    -0.051
-28.288    804.173    -0.051
-28.211    803.679    -0.051
-28.136    803.185    -0.051
-28.060    802.690    -0.051
-27.983    802.197    -0.051
-27.908    801.703    -0.051
-27.832    801.209    -0.051
-27.755    800.714    -0.050
-27.680    800.220    -0.050
-27.603    799.726    -0.050
-27.527    799.232    -0.050
-27.451    798.738    -0.050
-27.375    798.244    -0.050
-27.299    797.749    -0.050
-27.223    797.255    -0.050
-27.147    796.761    -0.050
-27.071    796.267    -0.050
-26.995    795.773    -0.050
-26.920    795.279    -0.050
-26.843    794.785    -0.050
-26.767    794.290    -0.050
-26.691    793.796    -0.050
-26.614    793.303    -0.050
-26.539    792.808    -0.049
-26.467    792.313    -0.049
-26.394    791.819    -0.049
-26.321    791.324    -0.049
-26.249    790.830    -0.049
-26.176    790.334    -0.049
-26.104    789.840    -0.049
-26.031    789.346    -0.049
-25.958    788.851    -0.049
-25.886    788.356    -0.049
-25.813    787.861    -0.049
-25.733    787.267    -0.049
-25.684    786.769    -0.049
-25.635    786.272    -0.049
-25.585    785.774    -0.049
-25.535    785.276    -0.049
-25.487    784.779    -0.048
-25.437    784.282    -0.048
-25.388    783.785    -0.048
-25.338    783.287    -0.048
-25.289    782.790    -0.048
-25.240    782.292    -0.048
-25.190    781.794    -0.048
-25.142    781.297    -0.048
-25.092    780.799    -0.048
-25.042    780.302    -0.048
-24.994    779.804    -0.048
-24.944    779.306    -0.048
-24.894    778.809    -0.048
-24.844    778.311    -0.048
-24.796    777.814    -0.048
-24.746    777.316    -0.048
-24.696    776.819    -0.047
-24.647    776.322    -0.047
-24.598    775.824    -0.047
-24.548    775.327    -0.047
-24.499    774.829    -0.047
-24.450    774.332    -0.047
-24.400    773.834    -0.047
-24.350    773.337    -0.047
-24.301    772.839    -0.047
-24.252    772.341    -0.047
-24.202    771.844    -0.047
-24.153    771.346    -0.047
-24.104    770.849    -0.047
-24.054    770.351    -0.047
-24.005    769.854    -0.047
-23.955    769.356    -0.047
-23.906    768.858    -0.047
-23.856    768.362    -0.046
-23.807    767.864    -0.046
-23.757    767.367    -0.046
-23.707    766.869    -0.046
-23.657    766.372    -0.046
-23.606    765.874    -0.046
-23.556    765.377    -0.046
-23.505    764.879    -0.046
-23.455    764.382    -0.046
-23.405    763.884    -0.046
-23.354    763.387    -0.046
-23.305    762.889    -0.046
-23.254    762.393    -0.046
-23.203    761.895    -0.046
-23.154    761.398    -0.046
-23.103    760.900    -0.046
-23.053    760.403    -0.046
-23.003    759.905    -0.045
-22.952    759.408    -0.045
-22.902    758.910    -0.045
-22.851    758.413    -0.045
-22.801    757.915    -0.045
-22.751    757.418    -0.045
-22.700    756.920    -0.045
-22.651    756.424    -0.045
-22.600    755.926    -0.045
-22.549    755.429    -0.045
-22.500    754.931    -0.045
-22.449    754.434    -0.045
-22.398    753.936    -0.045
-22.348    753.438    -0.045
-22.298    752.941    -0.045
-22.248    752.443    -0.045
-22.197    751.946    -0.044
-22.147    751.448    -0.044
-22.097    750.951    -0.044
-22.046    750.454    -0.044
-21.996    749.957    -0.044
-21.946    749.459    -0.044
-21.899    748.962    -0.044
-21.857    748.363    -0.044
-21.829    747.964    -0.044
-21.793    747.465    -0.044
-21.757    746.967    -0.044
-21.715    746.369    -0.044
-21.687    745.969    -0.044
-21.651    745.471    -0.044
-21.616    744.972    -0.044
-21.581    744.473    -0.044
-21.546    743.974    -0.044
-21.510    743.476    -0.044
-21.474    742.977    -0.043
-21.440    742.478    -0.043
-21.398    741.880    -0.043
-21.369    741.481    -0.043
-21.327    740.883    -0.043
-21.299    740.483    -0.043
-21.263    739.985    -0.043
-21.228    739.486    -0.043
-21.193    738.987    -0.043
-21.158    738.488    -0.043
-21.122    737.990    -0.043
-21.080    737.392    -0.043
-21.052    736.992    -0.043
-21.016    736.494    -0.043
-20.980    735.995    -0.043
-20.946    735.496    -0.043
-20.910    734.997    -0.043
-20.874    734.499    -0.042
-20.839    734.000    -0.042
-20.804    733.501    -0.042
-20.769    733.003    -0.042
-20.733    732.504    -0.042
-20.691    731.906    -0.042
-20.663    731.506    -0.042
-20.621    730.908    -0.042
-20.592    730.509    -0.042
-20.557    730.011    -0.042
-20.522    729.511    -0.042
-20.486    729.013    -0.042
-20.451    728.515    -0.042
-20.416    728.015    -0.042
-20.381    727.517    -0.042
-20.345    727.018    -0.042
-20.309    726.520    -0.042
-20.275    726.020    -0.041
-20.243    725.522    -0.041
-20.212    725.023    -0.041
-20.182    724.523    -0.041
-20.145    723.925    -0.041
-20.121    723.525    -0.041
-20.090    723.026    -0.041
-20.060    722.528    -0.041
-20.023    721.928    -0.041
-19.999    721.530    -0.041
-19.968    721.031    -0.041
-19.938    720.531    -0.041
-19.902    719.933    -0.041
-19.877    719.533    -0.041
-19.846    719.034    -0.041
-19.816    718.536    -0.041
-19.785    718.036    -0.041
-19.749    717.437    -0.041
-19.718    716.939    -0.040
-19.687    716.439    -0.040
-19.663    716.040    -0.040
-19.627    715.442    -0.040
-19.603    715.042    -0.040
-19.572    714.543    -0.040
-19.535    713.944    -0.040
-19.505    713.445    -0.040
-19.474    712.947    -0.040
-19.450    712.547    -0.040
-19.419    712.048    -0.040
-19.383    711.449    -0.040
-19.359    711.050    -0.040
-19.328    710.551    -0.040
-19.297    710.052    -0.040
-19.261    709.453    -0.040
-19.232    708.954    -0.040
-19.209    708.455    -0.039
-19.185    707.955    -0.039
-19.161    707.456    -0.039
-19.136    706.956    -0.039
-19.113    706.457    -0.039
-19.089    705.957    -0.039
-19.065    705.458    -0.039
-19.041    704.959    -0.039
-19.017    704.460    -0.039
-18.993    703.960    -0.039
-18.968    703.461    -0.039
-18.945    702.961    -0.039
-18.921    702.462    -0.039
-18.897    701.962    -0.039
-18.873    701.463    -0.039
-18.850    700.964    -0.039
-18.826    700.464    -0.039
-18.802    699.965    -0.039
-18.777    699.465    -0.038
-18.754    698.966    -0.038
-18.730    698.466    -0.038
-18.706    697.968    -0.038
-18.682    697.468    -0.038
-18.659    696.969    -0.038
-18.635    696.469    -0.038
-18.610    695.970    -0.038
-18.586    695.470    -0.038
-18.563    694.971    -0.038
-18.539    694.472    -0.038
-18.515    693.972    -0.038
-18.492    693.473    -0.038
-18.468    692.973    -0.038
-18.444    692.474    -0.038
-18.419    691.974    -0.038
-18.396    691.476    -0.038
-18.372    690.976    -0.038
-18.348    690.477    -0.038
-18.324    689.977    -0.037
-18.301    689.478    -0.037
-18.277    688.978    -0.037
-18.252    688.479    -0.037
-18.228    687.980    -0.037
-18.205    687.480    -0.037
-18.181    686.981    -0.037
-18.157    686.481    -0.037
-18.132    685.982    -0.037
-18.109    685.482    -0.037
-18.085    684.983    -0.037
-18.061    684.484    -0.037
-18.036    683.985    -0.037
-18.013    683.485    -0.037
-17.989    682.986    -0.037
-17.965    682.486    -0.037
-17.941    681.987    -0.037
-17.918    681.488    -0.037
-17.893    680.988    -0.036
-17.869    680.489    -0.036
-17.846    679.989    -0.036
-17.822    679.490    -0.036
-17.798    678.990    -0.036
-17.774    678.491    -0.036
-17.751    677.992    -0.036
-17.726    677.493    -0.036
-17.702    676.993    -0.036
-17.678    676.494    -0.036
-17.655    675.994    -0.036
-17.631    675.495    -0.036
-17.607    674.995    -0.036
-17.583    674.496    -0.036
-17.560    673.997    -0.036
-17.535    673.497    -0.036
-17.511    672.998    -0.036
-17.487    672.498    -0.036
-17.464    671.999    -0.036
-17.440    671.499    -0.035
-17.416    671.001    -0.035
-17.392    670.501    -0.035
-17.368    670.002    -0.035
-17.344    669.502    -0.035
-17.320    669.003    -0.035
-17.297    668.503    -0.035
-17.273    668.003    -0.035
-17.249    667.505    -0.035
-17.226    667.005    -0.035
-17.207    666.506    -0.035
-17.187    666.006    -0.035
-17.167    665.506    -0.035
-17.147    665.007    -0.035
-17.128    664.507    -0.035
-17.108    664.008    -0.035
-17.088    663.508    -0.035
-17.068    663.008    -0.035
-17.049    662.509    -0.035
-17.029    662.009    -0.034
-17.009    661.509    -0.034
-16.989    661.011    -0.034
-16.970    660.511    -0.034
-16.950    660.012    -0.034
-16.930    659.512    -0.034
-16.910    659.012    -0.034
-16.891    658.513    -0.034
-16.871    658.013    -0.034
-16.851    657.513    -0.034
-16.831    657.014    -0.034
-16.812    656.514    -0.034
-16.792    656.014    -0.034
-16.772    655.515    -0.034
-16.752    655.015    -0.034
-16.733    654.516    -0.034
-16.713    654.016    -0.034
-16.693    653.516    -0.034
-16.672    653.018    -0.034
-16.653    652.518    -0.034
-16.633    652.018    -0.033
-16.613    651.519    -0.033
-16.594    651.019    -0.033
-16.574    650.519    -0.033
-16.554    650.020    -0.033
-16.534    649.520    -0.033
-16.515    649.021    -0.033
-16.495    648.521    -0.033
-16.475    648.021    -0.033
-16.455    647.522    -0.033
-16.436    647.022    -0.033
-16.416    646.522    -0.033
-16.398    646.023    -0.033
-16.383    645.523    -0.033
-16.369    645.023    -0.033
-16.355    644.523    -0.033
-16.340    644.024    -0.033
-16.325    643.524    -0.033
-16.311    643.024    -0.033
-16.296    642.524    -0.032
-16.281    642.025    -0.032
-16.266    641.526    -0.032
-16.253    641.026    -0.032
-16.238    640.526    -0.032
-16.223    640.027    -0.032
-16.208    639.527    -0.032
-16.195    639.027    -0.032
-16.180    638.527    -0.032
-16.165    638.028    -0.032
-16.151    637.528    -0.032
-16.137    637.028    -0.032
-16.122    636.528    -0.032
-16.107    636.029    -0.032
-16.092    635.529    -0.032
-16.078    635.029    -0.032
-16.064    634.529    -0.032
-16.049    634.030    -0.032
-16.034    633.530    -0.032
-16.020    633.030    -0.032
-16.005    632.530    -0.031
-15.990    632.031    -0.031
-15.975    631.531    -0.031
-15.962    631.031    -0.031
-15.947    630.531    -0.031
-15.932    630.032    -0.031
-15.918    629.532    -0.031
-15.904    629.032    -0.031
-15.889    628.532    -0.031
-15.874    628.033    -0.031
-15.860    627.533    -0.031
-15.846    627.033    -0.031
-15.831    626.533    -0.031
-15.816    626.033    -0.031
-15.801    625.534    -0.031
-15.787    625.034    -0.031
-15.773    624.534    -0.031
-15.758    624.034    -0.031
-15.743    623.535    -0.031
-15.730    623.035    -0.031
-15.715    622.535    -0.030
-15.700    622.035    -0.030
-15.686    621.536    -0.030
-15.672    621.036    -0.030
-15.657    620.536    -0.030
-15.642    620.036    -0.030
-15.628    619.537    -0.030
-15.613    619.037    -0.030
-15.598    618.537    -0.030
-15.583    618.037    -0.030
-15.570    617.538    -0.030
-15.555    617.038    -0.030
-15.540    616.538    -0.030
-15.525    616.038    -0.030
-15.512    615.539    -0.030
-15.497    615.039    -0.030
-15.482    614.539    -0.030
-15.467    614.039    -0.030
-15.454    613.540    -0.030
-15.439    613.040    -0.030
-15.424    612.540    -0.030
-15.409    612.040    -0.029
-15.395    611.541    -0.029
-15.381    611.041    -0.029
-15.366    610.541    -0.029
-15.351    610.041    -0.029
-15.337    609.541    -0.029
-15.322    609.042    -0.029
-15.307    608.542    -0.029
-15.292    608.042    -0.029
-15.279    607.542    -0.029
-15.264    607.043    -0.029
-15.249    606.543    -0.029
-15.235    606.043    -0.029
-15.221    605.543    -0.029
-15.206    605.044    -0.029
-15.191    604.544    -0.029
-15.177    604.044    -0.029
-15.163    603.544    -0.029
-15.148    603.045    -0.029
-15.133    602.545    -0.029
-15.118    602.045    -0.029
-15.104    601.545    -0.028
-15.090    601.046    -0.028
-15.075    600.546    -0.028
-15.060    600.046    -0.028
-15.046    599.546    -0.028
-15.032    599.047    -0.028
-15.017    598.547    -0.028
-15.002    598.047    -0.028
-14.988    597.547    -0.028
-14.973    597.048    -0.028
-14.959    596.548    -0.028
-14.944    596.048    -0.028
-14.930    595.548    -0.028
-14.915    595.049    -0.028
-14.900    594.549    -0.028
-14.886    594.049    -0.028
-14.872    593.549    -0.028
-14.857    593.050    -0.028
-14.843    592.550    -0.028
-14.828    592.050    -0.028
-14.814    591.550    -0.028
-14.799    591.050    -0.027
-14.785    590.551    -0.027
-14.770    590.051    -0.027
-14.756    589.551    -0.027
-14.741    589.051    -0.027
-14.727    588.552    -0.027
-14.712    588.052    -0.027
-14.698    587.552    -0.027
-14.683    587.052    -0.027
-14.668    586.553    -0.027
-14.654    586.053    -0.027
-14.640    585.553    -0.027
-14.625    585.053    -0.027
-14.610    584.554    -0.027
-14.597    584.054    -0.027
-14.582    583.554    -0.027
-14.567    583.054    -0.027
-14.552    582.555    -0.027
-14.538    582.055    -0.027
-14.523    581.555    -0.027
-14.508    581.055    -0.027
-14.494    580.556    -0.027
-14.480    580.056    -0.026
-14.465    579.556    -0.026
-14.450    579.056    -0.026
-14.436    578.557    -0.026
-14.422    578.057    -0.026
-14.408    577.557    -0.026
-14.393    577.057    -0.026
-14.379    576.559    -0.026
-14.366    576.059    -0.026
-14.352    575.559    -0.026
-14.337    575.059    -0.026
-14.323    574.559    -0.026
-14.310    574.060    -0.026
-14.295    573.560    -0.026
-14.281    573.060    -0.026
-14.267    572.560    -0.026
-14.254    572.061    -0.026
-14.239    571.561    -0.026
-14.225    571.061    -0.026
-14.211    570.561    -0.026
-14.198    570.061    -0.026
-14.183    569.562    -0.026
-14.169    569.062    -0.025
-14.155    568.562    -0.025
-14.141    568.062    -0.025
-14.127    567.563    -0.025
-14.112    567.063    -0.025
-14.098    566.563    -0.025
-14.084    566.063    -0.025
-14.070    565.564    -0.025
-14.056    565.064    -0.025
-14.042    564.564    -0.025
-14.028    564.064    -0.025
-14.014    563.565    -0.025
-14.000    563.065    -0.025
-13.986    562.565    -0.025
-13.972    562.065    -0.025
-13.958    561.565    -0.025
-13.944    561.066    -0.025
-13.929    560.566    -0.025
-13.916    560.066    -0.025
-13.902    559.566    -0.025
-13.888    559.067    -0.025
-13.873    558.567    -0.025
-13.860    558.067    -0.025
-13.846    557.567    -0.024
-13.832    557.068    -0.024
-13.817    556.568    -0.024
-13.804    556.068    -0.024
-13.790    555.568    -0.024
-13.776    555.068    -0.024
-13.761    554.569    -0.024
-13.748    554.069    -0.024
-13.734    553.569    -0.024
-13.719    553.069    -0.024
-13.706    552.570    -0.024
-13.692    552.070    -0.024
-13.678    551.570    -0.024
-13.663    551.070    -0.024
-13.650    550.571    -0.024
-13.636    550.071    -0.024
-13.622    549.571    -0.024
-13.607    549.071    -0.024
-13.594    548.571    -0.024
-13.580    548.072    -0.024
-13.565    547.572    -0.024
-13.551    547.072    -0.024
-13.538    546.572    -0.024
-13.524    546.073    -0.023
-13.509    545.573    -0.023
-13.495    545.073    -0.023
-13.482    544.573    -0.023
-13.468    544.074    -0.023
-13.453    543.574    -0.023
-13.439    543.074    -0.023
-13.426    542.574    -0.023
-13.412    542.074    -0.023
-13.397    541.575    -0.023
-13.383    541.075    -0.023
-13.370    540.575    -0.023
-13.355    540.075    -0.023
-13.341    539.576    -0.023
-13.326    539.076    -0.023
-13.313    538.576    -0.023
-13.298    538.076    -0.023
-13.284    537.577    -0.023
-13.270    537.077    -0.023
-13.257    536.577    -0.023
-13.242    536.077    -0.023
-13.228    535.577    -0.023
-13.214    535.078    -0.023
-13.200    534.578    -0.022
-13.186    534.078    -0.022
-13.172    533.578    -0.022
-13.158    533.079    -0.022
-13.144    532.579    -0.022
-13.130    532.079    -0.022
-13.116    531.579    -0.022
-13.102    531.080    -0.022
-13.088    530.580    -0.022
-13.074    530.080    -0.022
-13.060    529.580    -0.022
-13.046    529.080    -0.022
-13.032    528.581    -0.022
-13.018    528.081    -0.022
-13.004    527.581    -0.022
-12.989    527.081    -0.022
-12.976    526.582    -0.022
-12.962    526.082    -0.022
-12.948    525.582    -0.022
-12.933    525.082    -0.022
-12.920    524.583    -0.022
-12.906    524.083    -0.022
-12.892    523.583    -0.022
-12.877    523.083    -0.022
-12.864    522.584    -0.021
-12.850    522.084    -0.021
-12.836    521.584    -0.021
-12.821    521.084    -0.021
-12.808    520.584    -0.021
-12.794    520.085    -0.021
-12.779    519.585    -0.021
-12.765    519.085    -0.021
-12.752    518.585    -0.021
-12.738    518.086    -0.021
-12.724    517.586    -0.021
-12.712    517.086    -0.021
-12.699    516.586    -0.021
-12.686    516.086    -0.021
-12.673    515.587    -0.021
-12.661    515.087    -0.021
-12.649    514.587    -0.021
-12.636    514.087    -0.021
-12.623    513.587    -0.021
-12.612    513.088    -0.021
-12.599    512.588    -0.021
-12.586    512.088    -0.021
-12.573    511.588    -0.021
-12.561    511.088    -0.021
-12.549    510.589    -0.021
-12.536    510.089    -0.020
-12.523    509.589    -0.020
-12.511    509.089    -0.020
-12.498    508.589    -0.020
-12.485    508.090    -0.020
-12.472    507.590    -0.020
-12.460    507.090    -0.020
-12.448    506.590    -0.020
-12.435    506.090    -0.020
-12.422    505.591    -0.020
-12.410    505.091    -0.020
-12.398    504.591    -0.020
-12.385    504.091    -0.020
-12.372    503.591    -0.020
-12.360    503.092    -0.020
-12.348    502.592    -0.020
-12.335    502.092    -0.020
-12.322    501.592    -0.020
-12.310    501.092    -0.020
-12.297    500.593    -0.020
-12.284    500.093    -0.020
-12.271    499.593    -0.020
-12.259    499.093    -0.020
-12.247    498.593    -0.020
-12.234    498.093    -0.020
-12.221    497.594    -0.019
-12.209    497.094    -0.019
-12.196    496.594    -0.019
-12.184    496.094    -0.019
-12.171    495.594    -0.019
-12.159    495.095    -0.019
-12.147    494.595    -0.019
-12.134    494.095    -0.019
-12.121    493.595    -0.019
-12.109    493.095    -0.019
-12.096    492.596    -0.019
-12.083    492.096    -0.019
-12.070    491.596    -0.019
-12.058    491.096    -0.019
-12.046    490.596    -0.019
-12.033    490.097    -0.019
-12.020    489.597    -0.019
-12.008    489.097    -0.019
-11.995    488.597    -0.019
-11.983    488.097    -0.019
-11.970    487.598    -0.019
-11.958    487.098    -0.019
-11.945    486.598    -0.019
-11.933    486.098    -0.019
-11.920    485.598    -0.019
-11.908    485.099    -0.019
-11.895    484.599    -0.018
-11.882    484.099    -0.018
-11.869    483.599    -0.018
-11.857    483.099    -0.018
-11.844    482.600    -0.018
-11.832    482.100    -0.018
-11.819    481.600    -0.018
-11.807    481.100    -0.018
-11.794    480.600    -0.018
-11.781    480.101    -0.018
-11.769    479.601    -0.018
-11.757    479.101    -0.018
-11.744    478.601    -0.018
-11.732    478.101    -0.018
-11.718    477.602    -0.018
-11.703    477.102    -0.018
-11.687    476.602    -0.018
-11.672    476.102    -0.018
-11.657    475.603    -0.018
-11.641    475.103    -0.018
-11.626    474.603    -0.018
-11.610    474.103    -0.018
-11.595    473.604    -0.018
-11.580    473.104    -0.018
-11.564    472.604    -0.018
-11.548    472.104    -0.018
-11.534    471.605    -0.017
-11.518    471.105    -0.017
-11.502    470.605    -0.017
-11.487    470.106    -0.017
-11.472    469.606    -0.017
-11.456    469.106    -0.017
-11.441    468.606    -0.017
-11.425    468.107    -0.017
-11.410    467.607    -0.017
-11.395    467.107    -0.017
-11.379    466.607    -0.017
-11.363    466.108    -0.017
-11.349    465.608    -0.017
-11.333    465.109    -0.017
-11.317    464.609    -0.017
-11.302    464.110    -0.017
-11.287    463.610    -0.017
-11.271    463.110    -0.017
-11.256    462.610    -0.017
-11.240    462.111    -0.017
-11.225    461.611    -0.017
-11.210    461.111    -0.017
-11.194    460.612    -0.017
-11.178    460.112    -0.017
-11.164    459.612    -0.017
-11.148    459.112    -0.017
-11.132    458.613    -0.017
-11.117    458.113    -0.017
-11.102    457.613    -0.016
-11.086    457.113    -0.016
-11.071    456.614    -0.016
-11.055    456.114    -0.016
-11.040    455.614    -0.016
-11.025    455.114    -0.016
-11.009    454.615    -0.016
-10.993    454.115    -0.016
-10.979    453.615    -0.016
-10.963    453.116    -0.016
-10.947    452.616    -0.016
-10.932    452.116    -0.016
-10.917    451.616    -0.016
-10.901    451.117    -0.016
-10.886    450.617    -0.016
-10.870    450.117    -0.016
-10.855    449.617    -0.016
-10.840    449.118    -0.016
-10.824    448.618    -0.016
-10.809    448.118    -0.016
-10.794    447.618    -0.016
-10.778    447.119    -0.016
-10.762    446.619    -0.016
-10.748    446.119    -0.016
-10.732    445.619    -0.016
-10.716    445.120    -0.016
-10.701    444.620    -0.016
-10.686    444.120    -0.016
-10.670    443.621    -0.015
-10.655    443.121    -0.015
-10.639    442.621    -0.015
-10.624    442.121    -0.015
-10.609    441.622    -0.015
-10.593    441.122    -0.015
-10.577    440.622    -0.015
-10.563    440.122    -0.015
-10.547    439.623    -0.015
-10.531    439.123    -0.015
-10.516    438.623    -0.015
-10.501    438.123    -0.015
-10.485    437.624    -0.015
-10.469    437.124    -0.015
-10.454    436.624    -0.015
-10.439    436.124    -0.015
-10.423    435.625    -0.015
-10.408    435.125    -0.015
-10.392    434.625    -0.015
-10.377    434.126    -0.015
-10.362    433.626    -0.015
-10.346    433.126    -0.015
-10.330    432.626    -0.015
-10.316    432.127    -0.015
-10.300    431.627    -0.015
-10.284    431.127    -0.015
-10.269    430.627    -0.015
-10.254    430.128    -0.015
-10.238    429.628    -0.015
-10.223    429.128    -0.014
-10.207    428.628    -0.014
-10.192    428.130    -0.014
-10.177    427.630    -0.014
-10.161    427.130    -0.014
-10.145    426.631    -0.014
-10.131    426.131    -0.014
-10.115    425.631    -0.014
-10.099    425.131    -0.014
-10.084    424.632    -0.014
-10.069    424.132    -0.014
-10.053    423.632    -0.014
-10.038    423.132    -0.014
-10.022    422.633    -0.014
-10.007    422.133    -0.014
-9.992    421.633    -0.014
-9.976    421.133    -0.014
-9.961    420.634    -0.014
-9.946    420.134    -0.014
-9.930    419.634    -0.014
-9.914    419.134    -0.014
-9.900    418.635    -0.014
-9.884    418.135    -0.014
-9.869    417.635    -0.014
-9.854    417.135    -0.014
-9.841    416.636    -0.014
-9.826    416.136    -0.014
-9.812    415.636    -0.014
-9.797    415.136    -0.014
-9.784    414.637    -0.014
-9.769    414.137    -0.013
-9.755    413.637    -0.013
-9.740    413.137    -0.013
-9.727    412.638    -0.013
-9.713    412.138    -0.013
-9.698    411.638    -0.013
-9.684    411.138    -0.013
-9.670    410.639    -0.013
-9.656    410.139    -0.013
-9.641    409.639    -0.013
-9.626    409.139    -0.013
-9.613    408.639    -0.013
-9.599    408.140    -0.013
-9.584    407.640    -0.013
-9.570    407.140    -0.013
-9.556    406.640    -0.013
-9.542    406.141    -0.013
-9.528    405.641    -0.013
-9.513    405.141    -0.013
-9.499    404.641    -0.013
-9.485    404.142    -0.013
-9.470    403.642    -0.013
-9.456    403.142    -0.013
-9.442    402.642    -0.013
-9.428    402.143    -0.013
-9.414    401.643    -0.013
-9.399    401.143    -0.013
-9.386    400.643    -0.013
-9.372    400.143    -0.013
-9.357    399.644    -0.013
-9.343    399.144    -0.013
-9.329    398.644    -0.013
-9.315    398.144    -0.012
-9.301    397.645    -0.012
-9.286    397.145    -0.012
-9.273    396.645    -0.012
-9.258    396.145    -0.012
-9.243    395.646    -0.012
-9.229    395.146    -0.012
-9.215    394.646    -0.012
-9.201    394.146    -0.012
-9.187    393.647    -0.012
-9.172    393.147    -0.012
-9.159    392.647    -0.012
-9.144    392.147    -0.012
-9.130    391.647    -0.012
-9.115    391.148    -0.012
-9.102    390.648    -0.012
-9.087    390.148    -0.012
-9.073    389.648    -0.012
-9.059    389.149    -0.012
-9.045    388.649    -0.012
-9.030    388.149    -0.012
-9.016    387.649    -0.012
-9.003    387.150    -0.012
-8.988    386.650    -0.012
-8.974    386.150    -0.012
-8.959    385.650    -0.012
-8.946    385.151    -0.012
-8.931    384.651    -0.012
-8.917    384.151    -0.012
-8.902    383.651    -0.012
-8.889    383.151    -0.012
-8.874    382.652    -0.012
-8.860    382.152    -0.011
-8.845    381.652    -0.011
-8.832    381.152    -0.011
-8.818    380.653    -0.011
-8.803    380.153    -0.011
-8.789    379.653    -0.011
-8.775    379.153    -0.011
-8.761    378.654    -0.011
-8.746    378.154    -0.011
-8.732    377.654    -0.011
-8.718    377.154    -0.011
-8.703    376.655    -0.011
-8.689    376.155    -0.011
-8.675    375.655    -0.011
-8.661    375.155    -0.011
-8.647    374.655    -0.011
-8.633    374.156    -0.011
-8.618    373.656    -0.011
-8.605    373.156    -0.011
-8.590    372.656    -0.011
-8.575    372.157    -0.011
-8.561    371.657    -0.011
-8.547    371.157    -0.011
-8.533    370.657    -0.011
-8.518    370.158    -0.011
-8.504    369.658    -0.011
-8.491    369.158    -0.011
-8.476    368.658    -0.011
-8.462    368.159    -0.011
-8.447    367.659    -0.011
-8.434    367.159    -0.011
-8.419    366.659    -0.011
-8.405    366.160    -0.011
-8.390    365.660    -0.011
-8.377    365.160    -0.010
-8.362    364.660    -0.010
-8.348    364.160    -0.010
-8.333    363.661    -0.010
-8.320    363.161    -0.010
-8.306    362.661    -0.010
-8.291    362.161    -0.010
-8.277    361.662    -0.010
-8.264    361.162    -0.010
-8.249    360.662    -0.010
-8.235    360.162    -0.010
-8.220    359.663    -0.010
-8.207    359.163    -0.010
-8.192    358.664    -0.010
-8.178    358.164    -0.010
-8.164    357.665    -0.010
-8.150    357.165    -0.010
-8.135    356.665    -0.010
-8.121    356.165    -0.010
-8.107    355.665    -0.010
-8.093    355.166    -0.010
-8.079    354.666    -0.010
-8.064    354.166    -0.010
-8.051    353.666    -0.010
-8.036    353.167    -0.010
-8.022    352.667    -0.010
-8.007    352.167    -0.010
-7.994    351.667    -0.010
-7.979    351.168    -0.010
-7.965    350.668    -0.010
-7.950    350.168    -0.010
-7.937    349.668    -0.010
-7.922    349.169    -0.010
-7.908    348.669    -0.010
-7.894    348.169    -0.010
-7.880    347.669    -0.010
-7.866    347.169    -0.009
-7.851    346.670    -0.009
-7.837    346.170    -0.009
-7.823    345.670    -0.009
-7.808    345.170    -0.009
-7.794    344.671    -0.009
-7.779    344.171    -0.009
-7.766    343.671    -0.009
-7.752    343.171    -0.009
-7.737    342.672    -0.009
-7.723    342.172    -0.009
-7.710    341.672    -0.009
-7.695    341.172    -0.009
-7.681    340.673    -0.009
-7.666    340.173    -0.009
-7.653    339.673    -0.009
-7.638    339.173    -0.009
-7.624    338.673    -0.009
-7.609    338.174    -0.009
-7.596    337.674    -0.009
-7.581    337.174    -0.009
-7.567    336.674    -0.009
-7.553    336.175    -0.009
-7.539    335.675    -0.009
-7.525    335.175    -0.009
-7.511    334.675    -0.009
-7.496    334.176    -0.009
-7.483    333.676    -0.009
-7.469    333.176    -0.009
-7.454    332.676    -0.009
-7.440    332.176    -0.009
-7.426    331.677    -0.009
-7.412    331.177    -0.009
-7.397    330.677    -0.009
-7.384    330.177    -0.009
-7.369    329.678    -0.009
-7.355    329.178    -0.009
-7.341    328.678    -0.008
-7.327    328.178    -0.008
-7.313    327.679    -0.008
-7.299    327.179    -0.008
-7.284    326.679    -0.008
-7.271    326.179    -0.008
-7.257    325.680    -0.008
-7.242    325.180    -0.008
-7.228    324.680    -0.008
-7.215    324.180    -0.008
-7.200    323.680    -0.008
-7.186    323.181    -0.008
-7.172    322.681    -0.008
-7.158    322.181    -0.008
-7.144    321.681    -0.008
-7.130    321.182    -0.008
-7.115    320.682    -0.008
-7.102    320.182    -0.008
-7.087    319.682    -0.008
-7.073    319.183    -0.008
-7.058    318.683    -0.008
-7.045    318.183    -0.008
-7.030    317.683    -0.008
-7.016    317.184    -0.008
-7.002    316.684    -0.008
-6.988    316.184    -0.008
-6.974    315.684    -0.008
-6.960    315.184    -0.008
-6.945    314.685    -0.008
-6.932    314.185    -0.008
-6.918    313.685    -0.008
-6.903    313.185    -0.008
-6.889    312.686    -0.008
-6.876    312.186    -0.008
-6.861    311.686    -0.008
-6.847    311.186    -0.008
-6.832    310.687    -0.008
-6.819    310.187    -0.008
-6.804    309.687    -0.008
-6.790    309.187    -0.008
-6.775    308.688    -0.007
-6.762    308.188    -0.007
-6.747    307.688    -0.007
-6.733    307.188    -0.007
-6.719    306.688    -0.007
-6.705    306.189    -0.007
-6.691    305.689    -0.007
-6.677    305.189    -0.007
-6.662    304.689    -0.007
-6.649    304.190    -0.007
-6.635    303.690    -0.007
-6.620    303.190    -0.007
-6.606    302.690    -0.007
-6.593    302.191    -0.007
-6.578    301.691    -0.007
-6.564    301.191    -0.007
-6.549    300.691    -0.007
-6.536    300.191    -0.007
-6.521    299.692    -0.007
-6.507    299.192    -0.007
-6.493    298.692    -0.007
-6.479    298.192    -0.007
-6.465    297.693    -0.007
-6.450    297.193    -0.007
-6.437    296.693    -0.007
-6.423    296.193    -0.007
-6.408    295.694    -0.007
-6.394    295.194    -0.007
-6.381    294.694    -0.007
-6.366    294.194    -0.007
-6.352    293.695    -0.007
-6.337    293.195    -0.007
-6.324    292.695    -0.007
-6.309    292.195    -0.007
-6.295    291.695    -0.007
-6.280    291.196    -0.007
-6.267    290.696    -0.007
-6.253    290.196    -0.007
-6.238    289.696    -0.007
-6.224    289.197    -0.007
-6.211    288.697    -0.007
-6.196    288.197    -0.007
-6.182    287.697    -0.007
-6.168    287.198    -0.006
-6.154    286.698    -0.006
-6.140    286.198    -0.006
-6.126    285.698    -0.006
-6.111    285.198    -0.006
-6.098    284.699    -0.006
-6.083    284.199    -0.006
-6.069    283.699    -0.006
-6.054    283.199    -0.006
-6.041    282.700    -0.006
-6.026    282.200    -0.006
-6.012    281.700    -0.006
-5.997    281.200    -0.006
-5.984    280.701    -0.006
-5.970    280.201    -0.006
-5.955    279.701    -0.006
-5.941    279.201    -0.006
-5.928    278.702    -0.006
-5.913    278.202    -0.006
-5.899    277.702    -0.006
-5.885    277.202    -0.006
-5.871    276.702    -0.006
-5.857    276.203    -0.006
-5.843    275.703    -0.006
-5.828    275.203    -0.006
-5.815    274.703    -0.006
-5.800    274.204    -0.006
-5.786    273.704    -0.006
-5.771    273.204    -0.006
-5.758    272.705    -0.006
-5.743    272.206    -0.006
-5.729    271.706    -0.006
-5.716    271.206    -0.006
-5.701    270.706    -0.006
-5.687    270.207    -0.006
-5.673    269.707    -0.006
-5.659    269.207    -0.006
-5.645    268.707    -0.006
-5.631    268.207    -0.006
-5.616    267.708    -0.006
-5.603    267.208    -0.006
-5.589    266.708    -0.006
-5.574    266.208    -0.006
-5.560    265.709    -0.006
-5.546    265.209    -0.006
-5.532    264.709    -0.006
-5.517    264.209    -0.005
-5.503    263.710    -0.005
-5.489    263.210    -0.005
-5.475    262.710    -0.005
-5.461    262.210    -0.005
-5.446    261.710    -0.005
-5.433    261.211    -0.005
-5.419    260.711    -0.005
-5.404    260.211    -0.005
-5.390    259.711    -0.005
-5.377    259.212    -0.005
-5.362    258.712    -0.005
-5.348    258.212    -0.005
-5.334    257.712    -0.005
-5.320    257.213    -0.005
-5.305    256.713    -0.005
-5.291    256.213    -0.005
-5.276    255.713    -0.005
-5.263    255.214    -0.005
-5.249    254.714    -0.005
-5.234    254.214    -0.005
-5.220    253.714    -0.005
-5.206    253.214    -0.005
-5.192    252.715    -0.005
-5.178    252.215    -0.005
-5.163    251.715    -0.005
-5.150    251.215    -0.005
-5.136    250.716    -0.005
-5.121    250.216    -0.005
-5.107    249.716    -0.005
-5.094    249.216    -0.005
-5.079    248.717    -0.005
-5.065    248.217    -0.005
-5.050    247.717    -0.005
-5.037    247.217    -0.005
-5.022    246.718    -0.005
-5.008    246.218    -0.005
-4.993    245.718    -0.005
-4.980    245.218    -0.005
-4.966    244.718    -0.005
-4.951    244.219    -0.005
-4.937    243.719    -0.005
-4.924    243.219    -0.005
-4.909    242.719    -0.005
-4.895    242.220    -0.005
-4.882    241.720    -0.005
-4.867    241.220    -0.005
-4.853    240.720    -0.005
-4.839    240.221    -0.005
-4.825    239.721    -0.005
-4.811    239.221    -0.005
-4.796    238.721    -0.004
-4.782    238.221    -0.004
-4.768    237.722    -0.004
-4.754    237.222    -0.004
-4.739    236.722    -0.004
-4.725    236.222    -0.004
-4.712    235.723    -0.004
-4.697    235.223    -0.004
-4.683    234.723    -0.004
-4.669    234.223    -0.004
-4.655    233.724    -0.004
-4.641    233.224    -0.004
-4.627    232.724    -0.004
-4.612    232.224    -0.004
-4.599    231.725    -0.004
-4.585    231.225    -0.004
-4.570    230.725    -0.004
-4.556    230.225    -0.004
-4.542    229.725    -0.004
-4.528    229.226    -0.004
-4.513    228.726    -0.004
-4.499    228.226    -0.004
-4.485    227.726    -0.004
-4.471    227.227    -0.004
-4.457    226.727    -0.004
-4.442    226.227    -0.004
-4.429    225.727    -0.004
-4.414    225.228    -0.004
-4.400    224.728    -0.004
-4.386    224.228    -0.004
-4.372    223.728    -0.004
-4.358    223.228    -0.004
-4.344    222.729    -0.004
-4.329    222.229    -0.004
-4.316    221.729    -0.004
-4.302    221.229    -0.004
-4.287    220.730    -0.004
-4.273    220.230    -0.004
-4.259    219.730    -0.004
-4.245    219.230    -0.004
-4.230    218.731    -0.004
-4.216    218.231    -0.004
-4.202    217.731    -0.004
-4.188    217.231    -0.004
-4.174    216.732    -0.004
-4.159    216.232    -0.004
-4.146    215.732    -0.004
-4.132    215.232    -0.004
-4.117    214.732    -0.004
-4.103    214.233    -0.004
-4.090    213.733    -0.004
-4.075    213.233    -0.004
-4.061    212.733    -0.004
-4.047    212.234    -0.004
-4.033    211.734    -0.004
-4.018    211.234    -0.004
-4.004    210.734    -0.003
-3.990    210.235    -0.003
-3.976    209.735    -0.003
-3.962    209.235    -0.003
-3.947    208.735    -0.003
-3.934    208.236    -0.003
-3.920    207.736    -0.003
-3.905    207.236    -0.003
-3.891    206.736    -0.003
-3.878    206.236    -0.003
-3.863    205.737    -0.003
-3.849    205.237    -0.003
-3.835    204.737    -0.003
-3.821    204.237    -0.003
-3.807    203.738    -0.003
-3.792    203.238    -0.003
-3.778    202.738    -0.003
-3.764    202.238    -0.003
-3.750    201.739    -0.003
-3.735    201.239    -0.003
-3.721    200.739    -0.003
-3.708    200.239    -0.003
-3.693    199.740    -0.003
-3.679    199.240    -0.003
-3.665    198.740    -0.003
-3.651    198.240    -0.003
-3.637    197.740    -0.003
-3.622    197.241    -0.003
-3.608    196.741    -0.003
-3.595    196.241    -0.003
-3.580    195.741    -0.003
-3.566    195.242    -0.003
-3.552    194.742    -0.003
-3.538    194.242    -0.003
-3.524    193.742    -0.003
-3.509    193.243    -0.003
-3.495    192.743    -0.003
-3.481    192.243    -0.003
-3.467    191.743    -0.003
-3.452    191.243    -0.003
-3.438    190.744    -0.003
-3.425    190.244    -0.003
-3.410    189.744    -0.003
-3.396    189.244    -0.003
-3.382    188.745    -0.003
-3.368    188.245    -0.003
-3.354    187.745    -0.003
-3.340    187.245    -0.003
-3.325    186.746    -0.003
-3.312    186.246    -0.003
-3.298    185.747    -0.003
-3.283    185.247    -0.003
-3.270    184.748    -0.003
-3.255    184.248    -0.003
-3.241    183.748    -0.003
-3.226    183.248    -0.003
-3.213    182.748    -0.003
-3.198    182.249    -0.003
-3.184    181.749    -0.003
-3.170    181.249    -0.003
-3.156    180.749    -0.003
-3.142    180.250    -0.003
-3.128    179.750    -0.003
-3.113    179.250    -0.003
-3.100    178.750    -0.003
-3.086    178.251    -0.002
-3.071    177.751    -0.002
-3.057    177.251    -0.002
-3.043    176.751    -0.002
-3.029    176.251    -0.002
-3.014    175.752    -0.002
-3.000    175.252    -0.002
-2.986    174.752    -0.002
-2.972    174.252    -0.002
-2.958    173.753    -0.002
-2.943    173.253    -0.002
-2.930    172.753    -0.002
-2.916    172.253    -0.002
-2.901    171.754    -0.002
-2.887    171.254    -0.002
-2.874    170.754    -0.002
-2.859    170.254    -0.002
-2.845    169.755    -0.002
-2.830    169.255    -0.002
-2.817    168.755    -0.002
-2.803    168.255    -0.002
-2.788    167.755    -0.002
-2.774    167.256    -0.002
-2.760    166.756    -0.002
-2.746    166.256    -0.002
-2.731    165.756    -0.002
-2.717    165.257    -0.002
-2.703    164.757    -0.002
-2.689    164.257    -0.002
-2.675    163.757    -0.002
-2.660    163.258    -0.002
-2.647    162.758    -0.002
-2.633    162.258    -0.002
-2.618    161.758    -0.002
-2.604    161.259    -0.002
-2.591    160.759    -0.002
-2.576    160.259    -0.002
-2.562    159.759    -0.002
-2.548    159.259    -0.002
-2.534    158.760    -0.002
-2.520    158.260    -0.002
-2.505    157.760    -0.002
-2.492    157.260    -0.002
-2.477    156.761    -0.002
-2.462    156.261    -0.002
-2.448    155.761    -0.002
-2.434    155.261    -0.002
-2.420    154.762    -0.002
-2.405    154.262    -0.002
-2.391    153.762    -0.002
-2.377    153.262    -0.002
-2.363    152.763    -0.002
-2.348    152.263    -0.002
-2.334    151.763    -0.002
-2.321    151.263    -0.002
-2.306    150.763    -0.002
-2.292    150.264    -0.002
-2.277    149.764    -0.002
-2.264    149.264    -0.002
-2.249    148.764    -0.002
-2.235    148.265    -0.002
-2.220    147.765    -0.002
-2.207    147.265    -0.002
-2.192    146.765    -0.002
-2.178    146.266    -0.002
-2.163    145.766    -0.002
-2.149    145.266    -0.002
-2.135    144.766    -0.002
-2.120    144.267    -0.002
-2.106    143.767    -0.002
-2.092    143.267    -0.002
-2.078    142.767    -0.002
-2.063    142.267    -0.002
-2.049    141.768    -0.002
-2.035    141.268    -0.002
-2.021    140.768    -0.002
-2.006    140.268    -0.002
-1.992    139.769    -0.002
-1.979    139.269    -0.002
-1.964    138.769    -0.002
-1.950    138.269    -0.002
-1.935    137.770    -0.001
-1.922    137.270    -0.001
-1.907    136.770    -0.001
-1.893    136.270    -0.001
-1.878    135.771    -0.001
-1.865    135.271    -0.001
-1.850    134.771    -0.001
-1.836    134.271    -0.001
-1.821    133.772    -0.001
-1.807    133.272    -0.001
-1.793    132.772    -0.001
-1.778    132.272    -0.001
-1.764    131.772    -0.001
-1.750    131.273    -0.001
-1.736    130.773    -0.001
-1.721    130.273    -0.001
-1.708    129.773    -0.001
-1.693    129.274    -0.001
-1.679    128.774    -0.001
-1.664    128.274    -0.001
-1.651    127.774    -0.001
-1.637    127.275    -0.001
-1.622    126.775    -0.001
-1.608    126.275    -0.001
-1.594    125.775    -0.001
-1.580    125.276    -0.001
-1.565    124.776    -0.001
-1.551    124.276    -0.001
-1.537    123.776    -0.001
-1.523    123.276    -0.001
-1.508    122.777    -0.001
-1.493    122.277    -0.001
-1.480    121.777    -0.001
-1.465    121.277    -0.001
-1.451    120.778    -0.001
-1.436    120.278    -0.001
-1.423    119.778    -0.001
-1.408    119.278    -0.001
-1.394    118.779    -0.001
-1.379    118.279    -0.001
-1.366    117.779    -0.001
-1.351    117.279    -0.001
-1.337    116.780    -0.001
-1.322    116.280    -0.001
-1.309    115.780    -0.001
-1.295    115.280    -0.001
-1.280    114.780    -0.001
-1.266    114.281    -0.001
-1.252    113.781    -0.001
-1.238    113.281    -0.001
-1.223    112.781    -0.001
-1.209    112.282    -0.001
-1.195    111.782    -0.001
-1.180    111.282    -0.001
-1.166    110.782    -0.001
-1.151    110.283    -0.001
-1.138    109.783    -0.001
-1.123    109.283    -0.001
-1.109    108.783    -0.001
-1.094    108.284    -0.001
-1.081    107.784    -0.001
-1.066    107.284    -0.001
-1.052    106.784    -0.001
-1.037    106.285    -0.001
-1.024    105.785    -0.001
-1.009    105.285    -0.001
-0.995    104.785    -0.001
-0.980    104.285    -0.001
-0.967    103.787    -0.001
-0.953    103.287    -0.001
-0.938    102.787    -0.001
-0.925    102.287    -0.001
-0.910    101.788    -0.001
-0.896    101.288    -0.001
-0.881    100.788    -0.001
-0.867    100.288    -0.001
-0.853    99.789    -0.001
-0.838    99.289    -0.001
-0.824    98.789    -0.001
-0.810    98.289    -0.001
-0.796    97.790    -0.001
-0.781    97.290    -0.001
-0.767    96.790    -0.001
-0.753    96.290    -0.001
-0.739    95.790    -0.001
-0.724    95.291    -0.001
-0.709    94.791    -0.001
-0.696    94.291    -0.001
-0.682    93.791    -0.001
-0.667    93.292    -0.001
-0.653    92.792    -0.001
-0.639    92.292    -0.001
-0.625    91.792    -0.001
-0.611    91.293    -0.001
-0.596    90.793    -0.001
-0.583    90.293    -0.001
-0.568    89.793    -0.001
-0.553    89.294    -0.001
-0.539    88.794    -0.001
-0.525    88.294    -0.001
-0.511    87.794    -0.001
-0.496    87.295    -0.001
-0.482    86.795    -0.001
-0.468    86.295    -0.001
-0.454    85.795    -0.001
-0.439    85.295    -0.001
-0.425    84.796    -0.001
-0.411    84.296    -0.001
-0.397    83.796    -0.001
-0.382    83.296    -0.001
-0.367    82.797    -0.001
-0.354    82.297    -0.001
-0.339    81.797    -0.001
-0.325    81.297    -0.001
-0.310    80.798    -0.001
-0.297    80.298    -0.001
-0.282    79.798    -0.001
-0.268    79.298    -0.000
-0.254    78.799    -0.000
-0.240    78.299    -0.000
-0.226    77.799    -0.000
-0.211    77.299    -0.000
-0.198    76.799    -0.000
-0.183    76.300    -0.000
-0.169    75.800    -0.000
-0.154    75.300    -0.000
-0.141    74.800    -0.000
-0.126    74.301    -0.000
-0.112    73.801    -0.000
-0.097    73.301    -0.000
-0.084    72.801    -0.000
-0.069    72.302    -0.000
-0.054    71.802    -0.000
-0.040    71.302    -0.000
-0.026    70.802    -0.000
-0.012    70.303    -0.000
0.003    69.803    -0.000
0.017    69.303    -0.000
0.031    68.803    -0.000
0.045    68.303    -0.000
0.060    67.804    -0.000
0.074    67.304    -0.000
0.088    66.804    -0.000
0.102    66.304    -0.000
0.116    65.805    -0.000
0.131    65.305    -0.000
0.144    64.805    -0.000
0.159    64.305    -0.000
0.173    63.806    -0.000
0.188    63.306    -0.000
0.201    62.806    -0.000
0.216    62.306    -0.000
0.230    61.807    -0.000
0.245    61.307    -0.000
0.259    60.807    -0.000
0.273    60.307    -0.000
0.288    59.808    -0.000
0.302    59.308    -0.000
0.316    58.808    -0.000
0.330    58.308    -0.000
0.345    57.808    -0.000
0.359    57.309    -0.000
0.373    56.809    -0.000
0.387    56.309    -0.000
0.402    55.809    -0.000
0.416    55.310    -0.000
0.430    54.810    -0.000
0.444    54.310    -0.000
0.458    53.810    -0.000
0.473    53.311    -0.000
0.486    52.811    -0.000
0.501    52.311    -0.000
0.515    51.811    -0.000
0.529    51.312    -0.000
0.543    50.812    -0.000
0.558    50.312    -0.000
0.573    49.812    -0.000
0.586    49.312    -0.000
0.601    48.813    -0.000
0.615    48.313    -0.000
0.630    47.813    -0.000
0.643    47.313    -0.000
0.658    46.814    -0.000
0.672    46.314    -0.000
0.687    45.814    -0.000
0.700    45.314    -0.000
0.715    44.815    -0.000
0.730    44.315    -0.000
0.744    43.815    -0.000
0.757    43.315    -0.000
0.772    42.816    -0.000
0.786    42.316    -0.000
0.800    41.816    -0.000
0.814    41.316    -0.000
0.828    40.816    -0.000
0.843    40.317    -0.000
0.857    39.817    -0.000
0.871    39.317    -0.000
0.886    38.817    -0.000
0.900    38.318    -0.000
0.915    37.818    -0.000
0.928    37.318    -0.000
0.943    36.818    -0.000
0.957    36.319    -0.000
0.972    35.819    -0.000
0.985    35.319    -0.000
1.000    34.819    -0.000
1.014    34.320    -0.000
1.029    33.820    -0.000
1.043    33.320    -0.000
1.057    32.820    -0.000
1.072    32.321    -0.000
1.086    31.821    -0.000
1.099    31.321    -0.000
1.114    30.821    -0.000
1.128    30.321    -0.000
1.142    29.822    -0.000
1.156    29.322    -0.000
1.170    28.822    -0.000
1.185    28.322    -0.000
1.200    27.823    -0.000
1.213    27.323    -0.000
1.228    26.823    -0.000
1.242    26.323    -0.000
1.256    25.824    -0.000
1.270    25.324    -0.000
1.285    24.824    -0.000
1.299    24.324    -0.000
1.313    23.826    -0.000
1.327    23.326    -0.000
1.342    22.826    -0.000
1.356    22.326    -0.000
1.370    21.826    -0.000
1.385    21.327    -0.000
1.399    20.827    -0.000
1.414    20.327    -0.000
1.427    19.827    -0.000
1.441    19.328    -0.000
1.456    18.828    -0.000
1.470    18.328    -0.000
1.483    17.828    -0.000
1.498    17.329    -0.000
1.512    16.829    -0.000
1.527    16.329    -0.000
1.541    15.829    -0.000
1.555    15.330    -0.000
1.570    14.830    -0.000
1.584    14.330    -0.000
1.598    13.830    -0.000
1.612    13.330    -0.000
1.627    12.831    -0.000
1.641    12.331    -0.000
1.655    11.831    -0.000
1.669    11.331    -0.000
1.684    10.832    -0.000
1.699    10.332    -0.000
1.712    9.832    -0.000
1.727    9.332    -0.000
1.741    8.833    -0.000
1.756    8.333    -0.000
1.769    7.833    -0.000
1.783    7.333    -0.000
1.798    6.834    -0.000
1.812    6.334    -0.000
1.825    5.834    -0.000
1.840    5.334    -0.000
1.855    4.835    -0.000
1.869    4.335    -0.000
1.883    3.835    -0.000
1.897    3.335    -0.000
1.912    2.835    -0.000
1.925    2.336    -0.000
1.940    1.836    -0.000
1.954    1.336    -0.000
1.969    0.836    -0.000
1.982    0.337    -0.000
