13.155    0.488    -0.000
13.175    -0.087    -0.000
13.190    -0.587    -0.000
13.207    -1.087    -0.000
13.223    -1.587    -0.000
13.242    -2.186    -0.000
13.256    -2.686    -0.000
13.269    -3.186    -0.000
13.283    -3.686    -0.000
13.295    -4.085    -0.000
13.312    -4.685    -0.000
13.325    -5.185    -0.000
13.339    -5.685    -0.000
13.351    -6.085    -0.000
13.364    -6.584    -0.000
13.381    -7.184    -0.000
13.395    -7.684    -0.000
13.409    -8.184    -0.000
13.423    -8.683    -0.000
13.436    -9.183    -0.000
13.450    -9.683    -0.000
13.462    -10.083    -0.000
13.479    -10.682    -0.000
13.492    -11.182    -0.000
13.506    -11.682    -0.000
13.520    -12.182    -0.000
13.534    -12.682    -0.000
13.545    -13.081    -0.000
13.562    -13.681    -0.000
13.576    -14.181    -0.000
13.590    -14.681    -0.000
13.603    -15.180    -0.000
13.616    -15.680    -0.000
13.626    -16.080    -0.000
13.643    -16.680    -0.000
13.655    -17.180    -0.000
13.668    -17.679    -0.000
13.681    -18.179    -0.000
13.694    -18.679    -0.000
13.704    -19.079    -0.000
13.720    -19.679    -0.000
13.733    -20.178    -0.000
13.743    -20.578    -0.000
13.759    -21.178    -0.000
13.772    -21.678    -0.000
13.785    -22.177    -0.000
13.798    -22.677    -0.000
13.810    -23.177    -0.000
13.821    -23.577    -0.000
13.837    -24.177    -0.000
13.850    -24.676    -0.000
13.862    -25.176    -0.000
13.875    -25.676    -0.000
13.888    -26.076    -0.000
13.905    -26.576    -0.000
13.922    -27.075    -0.000
13.939    -27.575    -0.000
13.955    -28.075    -0.000
13.971    -28.574    -0.000
13.988    -29.074    -0.000
14.005    -29.574    -0.000
14.021    -30.073    -0.000
14.038    -30.573    -0.000
14.054    -31.072    -0.000
14.071    -31.572    -0.000
14.087    -32.071    -0.000
14.103    -32.571    -0.000
14.120    -33.071    -0.000
14.137    -33.570    -0.000
14.153    -34.070    -0.000
14.169    -34.570    -0.000
14.186    -35.070    -0.000
14.203    -35.569    -0.000
14.219    -36.069    -0.000
14.236    -36.569    -0.000
14.253    -37.068    -0.000
14.267    -37.568    -0.000
14.285    -38.168    -0.000
14.296    -38.568    -0.000
14.311    -39.067    -0.000
14.325    -39.567    -0.000
14.340    -40.067    -0.000
14.355    -40.567    -0.000
14.372    -41.166    -0.000
14.383    -41.566    -0.000
14.398    -42.066    -0.000
14.413    -42.566    -0.000
14.428    -43.065    -0.000
14.442    -43.565    -0.000
14.457    -44.065    -0.000
14.474    -44.665    -0.000
14.489    -45.164    -0.000
14.504    -45.664    -0.000
14.515    -46.064    -0.000
14.530    -46.564    -0.000
14.547    -47.163    -0.000
14.562    -47.663    -0.000
14.574    -48.163    -0.000
14.587    -48.663    -0.000
14.600    -49.163    -0.000
14.613    -49.662    -0.000
14.623    -50.062    -0.000
14.639    -50.662    -0.000
14.652    -51.162    -0.000
14.662    -51.562    -0.000
14.678    -52.161    -0.000
14.691    -52.661    -0.000
14.702    -53.061    -0.000
14.718    -53.661    -0.000
14.730    -54.161    -0.000
14.743    -54.660    -0.000
14.756    -55.160    -0.000
14.769    -55.660    -0.000
14.779    -56.060    -0.000
14.795    -56.660    -0.000
14.808    -57.159    -0.000
14.822    -57.659    -0.000
14.835    -58.159    -0.000
14.847    -58.559    -0.000
14.861    -59.058    -0.000
14.874    -59.558    -0.000
14.891    -60.158    -0.000
14.905    -60.658    -0.000
14.917    -61.058    -0.000
14.934    -61.657    -0.000
14.947    -62.157    -0.000
14.959    -62.557    -0.000
14.976    -63.157    -0.000
14.990    -63.656    -0.000
15.001    -64.056    -0.000
15.015    -64.556    -0.000
15.032    -65.156    -0.000
15.046    -65.655    -0.000
15.059    -66.155    -0.000
15.072    -66.655    -0.000
15.082    -67.055    -0.000
15.099    -67.655    -0.000
15.111    -68.154    -0.000
15.122    -68.554    -0.000
15.138    -69.154    -0.000
15.151    -69.654    -0.000
15.161    -70.054    -0.000
15.177    -70.653    -0.000
15.190    -71.153    -0.000
15.200    -71.553    -0.000
15.216    -72.153    -0.000
15.227    -72.553    -0.000
15.243    -73.152    -0.000
15.253    -73.552    -0.000
15.269    -74.152    -0.000
15.282    -74.652    -0.000
15.294    -75.151    -0.000
15.305    -75.651    -0.000
15.317    -76.151    -0.000
15.329    -76.651    -0.000
15.341    -77.151    -0.000
15.352    -77.651    -0.000
15.364    -78.150    -0.000
15.377    -78.650    -0.001
15.389    -79.150    -0.001
15.400    -79.650    -0.001
15.412    -80.150    -0.001
15.424    -80.649    -0.001
15.436    -81.149    -0.001
15.447    -81.649    -0.001
15.459    -82.149    -0.001
15.471    -82.649    -0.001
15.483    -83.149    -0.001
15.494    -83.648    -0.001
15.506    -84.048    -0.001
15.524    -84.648    -0.001
15.536    -85.048    -0.001
15.551    -85.547    -0.001
15.566    -86.047    -0.001
15.581    -86.547    -0.001
15.595    -87.047    -0.001
15.610    -87.546    -0.001
15.625    -88.046    -0.001
15.643    -88.646    -0.001
15.658    -89.146    -0.001
15.670    -89.545    -0.001
15.685    -90.045    -0.001
15.699    -90.545    -0.001
15.714    -91.045    -0.001
15.729    -91.544    -0.001
15.744    -92.044    -0.001
15.758    -92.544    -0.001
15.773    -93.044    -0.001
15.788    -93.543    -0.001
15.800    -93.943    -0.001
15.823    -94.543    -0.001
15.843    -95.042    -0.001
15.859    -95.442    -0.001
15.882    -96.041    -0.001
15.901    -96.540    -0.001
15.917    -96.940    -0.001
15.940    -97.540    -0.001
15.955    -97.939    -0.001
15.978    -98.539    -0.001
15.994    -98.939    -0.001
16.017    -99.538    -0.001
16.032    -99.938    -0.001
16.054    -100.538    -0.001
16.071    -101.037    -0.001
16.088    -101.537    -0.001
16.105    -102.037    -0.001
16.120    -102.536    -0.001
16.137    -103.036    -0.001
16.154    -103.536    -0.001
16.171    -104.036    -0.001
16.187    -104.535    -0.001
16.204    -105.035    -0.001
16.221    -105.535    -0.001
16.238    -106.034    -0.001
16.254    -106.534    -0.001
16.270    -107.034    -0.001
16.287    -107.533    -0.001
16.306    -108.133    -0.001
16.319    -108.533    -0.001
16.335    -109.033    -0.001
16.351    -109.532    -0.001
16.366    -110.032    -0.001
16.382    -110.532    -0.001
16.398    -111.031    -0.001
16.417    -111.630    -0.001
16.430    -112.030    -0.001
16.446    -112.530    -0.001
16.462    -113.029    -0.001
16.478    -113.529    -0.001
16.493    -114.029    -0.001
16.509    -114.529    -0.001
16.524    -115.028    -0.001
16.541    -115.628    -0.001
16.552    -116.028    -0.001
16.566    -116.528    -0.001
16.583    -117.127    -0.001
16.595    -117.527    -0.001
16.608    -118.027    -0.001
16.625    -118.627    -0.001
16.639    -119.126    -0.001
16.651    -119.526    -0.001
16.668    -120.126    -0.001
16.681    -120.626    -0.001
16.693    -121.026    -0.001
16.710    -121.625    -0.001
16.724    -122.125    -0.001
16.737    -122.625    -0.001
16.751    -123.125    -0.001
16.765    -123.624    -0.001
16.779    -124.124    -0.001
16.790    -124.524    -0.001
16.804    -125.024    -0.001
16.821    -125.623    -0.001
16.835    -126.123    -0.001
16.848    -126.623    -0.001
16.860    -127.023    -0.001
16.877    -127.623    -0.001
16.891    -128.122    -0.001
16.904    -128.622    -0.001
16.918    -129.122    -0.001
16.932    -129.622    -0.001
16.943    -130.021    -0.001
16.960    -130.621    -0.001
16.974    -131.121    -0.001
16.988    -131.621    -0.001
17.002    -132.121    -0.001
17.015    -132.620    -0.001
17.027    -133.020    -0.001
17.044    -133.620    -0.001
17.058    -134.120    -0.001
17.071    -134.619    -0.001
17.085    -135.119    -0.001
17.099    -135.619    -0.001
17.113    -136.119    -0.001
17.126    -136.618    -0.001
17.140    -137.118    -0.002
17.151    -137.518    -0.002
17.169    -138.118    -0.002
17.182    -138.618    -0.002
17.196    -139.117    -0.002
17.210    -139.617    -0.002
17.223    -140.117    -0.002
17.235    -140.517    -0.002
17.252    -141.116    -0.002
17.266    -141.616    -0.002
17.279    -142.116    -0.002
17.291    -142.516    -0.002
17.305    -143.016    -0.002
17.322    -143.615    -0.002
17.335    -144.115    -0.002
17.350    -144.615    -0.002
17.362    -145.015    -0.002
17.379    -145.614    -0.002
17.393    -146.114    -0.002
17.405    -146.514    -0.002
17.422    -147.114    -0.002
17.437    -147.613    -0.002
17.448    -148.013    -0.002
17.465    -148.613    -0.002
17.480    -149.113    -0.002
17.491    -149.512    -0.002
17.508    -150.112    -0.002
17.523    -150.612    -0.002
17.535    -151.012    -0.002
17.552    -151.611    -0.002
17.566    -152.111    -0.002
17.578    -152.511    -0.002
17.595    -153.111    -0.002
17.610    -153.610    -0.002
17.621    -154.010    -0.002
17.638    -154.610    -0.002
17.653    -155.110    -0.002
17.664    -155.510    -0.002
17.679    -156.009    -0.002
17.694    -156.509    -0.002
17.708    -157.009    -0.002
17.726    -157.609    -0.002
17.740    -158.108    -0.002
17.752    -158.508    -0.002
17.769    -159.108    -0.002
17.784    -159.608    -0.002
17.795    -160.007    -0.002
17.812    -160.607    -0.002
17.827    -161.107    -0.002
17.838    -161.507    -0.002
17.855    -162.106    -0.002
17.870    -162.606    -0.002
17.881    -163.006    -0.002
17.899    -163.606    -0.002
17.913    -164.105    -0.002
17.925    -164.505    -0.002
17.942    -165.105    -0.002
17.953    -165.505    -0.002
17.970    -166.104    -0.002
17.985    -166.604    -0.002
17.996    -167.004    -0.002
18.012    -167.504    -0.002
18.030    -168.103    -0.002
18.043    -168.503    -0.002
18.057    -169.003    -0.002
18.075    -169.603    -0.002
18.088    -170.002    -0.002
18.106    -170.602    -0.002
18.118    -171.002    -0.002
18.136    -171.602    -0.002
18.149    -172.001    -0.002
18.167    -172.601    -0.002
18.179    -173.001    -0.002
18.194    -173.501    -0.002
18.212    -174.100    -0.002
18.225    -174.500    -0.002
18.240    -175.000    -0.002
18.258    -175.600    -0.002
18.271    -175.999    -0.002
18.286    -176.499    -0.002
18.304    -177.099    -0.002
18.316    -177.499    -0.003
18.332    -177.997    -0.003
18.350    -178.597    -0.003
18.362    -178.997    -0.003
18.377    -179.497    -0.003
18.395    -180.096    -0.003
18.407    -180.496    -0.003
18.422    -180.996    -0.003
18.440    -181.595    -0.003
18.453    -181.995    -0.003
18.468    -182.495    -0.003
18.487    -183.095    -0.003
18.499    -183.494    -0.003
18.514    -183.994    -0.003
18.532    -184.594    -0.003
18.544    -184.994    -0.003
18.562    -185.593    -0.003
18.575    -185.993    -0.003
18.593    -186.593    -0.003
18.605    -186.993    -0.003
18.623    -187.592    -0.003
18.636    -187.992    -0.003
18.654    -188.592    -0.003
18.666    -188.992    -0.003
18.681    -189.491    -0.003
18.697    -189.991    -0.003
18.711    -190.491    -0.003
18.728    -191.091    -0.003
18.742    -191.590    -0.003
18.754    -191.990    -0.003
18.771    -192.590    -0.003
18.784    -193.090    -0.003
18.796    -193.489    -0.003
18.813    -194.089    -0.003
18.827    -194.589    -0.003
18.838    -194.989    -0.003
18.855    -195.588    -0.003
18.869    -196.088    -0.003
18.880    -196.488    -0.003
18.897    -197.088    -0.003
18.911    -197.588    -0.003
18.922    -197.987    -0.003
18.940    -198.587    -0.003
18.953    -199.087    -0.003
18.965    -199.487    -0.003
18.982    -200.086    -0.003
18.996    -200.586    -0.003
19.007    -200.986    -0.003
19.024    -201.586    -0.003
19.038    -202.085    -0.003
19.049    -202.485    -0.003
19.066    -203.085    -0.003
19.080    -203.585    -0.003
19.091    -203.985    -0.003
19.109    -204.584    -0.003
19.122    -205.084    -0.003
19.134    -205.484    -0.003
19.151    -206.084    -0.003
19.165    -206.583    -0.003
19.176    -206.983    -0.003
19.193    -207.583    -0.003
19.207    -208.083    -0.003
19.218    -208.482    -0.003
19.235    -209.082    -0.003
19.249    -209.582    -0.003
19.260    -209.982    -0.003
19.277    -210.581    -0.004
19.291    -211.081    -0.004
19.303    -211.481    -0.004
19.320    -212.081    -0.004
19.331    -212.481    -0.004
19.348    -213.080    -0.004
19.360    -213.480    -0.004
19.376    -214.080    -0.004
19.386    -214.480    -0.004
19.402    -215.079    -0.004
19.415    -215.579    -0.004
19.428    -216.079    -0.004
19.440    -216.579    -0.004
19.451    -216.979    -0.004
19.467    -217.578    -0.004
19.480    -218.078    -0.004
19.492    -218.578    -0.004
19.505    -219.078    -0.004
19.518    -219.578    -0.004
19.528    -219.977    -0.004
19.544    -220.577    -0.004
19.557    -221.077    -0.004
19.568    -221.477    -0.004
19.584    -222.077    -0.004
19.596    -222.576    -0.004
19.609    -223.076    -0.004
19.622    -223.576    -0.004
19.635    -224.076    -0.004
19.645    -224.476    -0.004
19.661    -225.075    -0.004
19.674    -225.575    -0.004
19.684    -225.975    -0.004
19.700    -226.575    -0.004
19.713    -227.074    -0.004
19.723    -227.474    -0.004
19.740    -228.074    -0.004
19.752    -228.574    -0.004
19.765    -229.074    -0.004
19.778    -229.573    -0.004
19.791    -230.073    -0.004
19.801    -230.473    -0.004
19.817    -231.073    -0.004
19.830    -231.573    -0.004
19.840    -231.972    -0.004
19.856    -232.572    -0.004
19.869    -233.072    -0.004
19.879    -233.472    -0.004
19.895    -234.072    -0.004
19.908    -234.571    -0.004
19.922    -235.071    -0.004
19.933    -235.471    -0.004
19.950    -236.071    -0.004
19.962    -236.470    -0.004
19.979    -237.070    -0.004
19.990    -237.470    -0.004
20.007    -238.070    -0.004
20.019    -238.470    -0.005
20.034    -238.969    -0.005
20.051    -239.569    -0.005
20.062    -239.969    -0.005
20.077    -240.469    -0.005
20.094    -241.068    -0.005
20.109    -241.568    -0.005
20.120    -241.968    -0.005
20.137    -242.568    -0.005
20.152    -243.067    -0.005
20.163    -243.467    -0.005
20.178    -243.967    -0.005
20.195    -244.567    -0.005
20.207    -244.966    -0.005
20.221    -245.466    -0.005
20.238    -246.066    -0.005
20.250    -246.466    -0.005
20.264    -246.965    -0.005
20.282    -247.565    -0.005
20.293    -247.965    -0.005
20.310    -248.565    -0.005
20.321    -248.964    -0.005
20.339    -249.564    -0.005
20.350    -249.964    -0.005
20.365    -250.464    -0.005
20.382    -251.063    -0.005
20.393    -251.463    -0.005
20.408    -251.963    -0.005
20.425    -252.563    -0.005
20.436    -252.963    -0.005
20.451    -253.462    -0.005
20.468    -254.062    -0.005
20.483    -254.562    -0.005
20.494    -254.962    -0.005
20.511    -255.561    -0.005
20.526    -256.061    -0.005
20.538    -256.461    -0.005
20.552    -256.961    -0.005
20.569    -257.560    -0.005
20.581    -257.960    -0.005
20.596    -258.460    -0.005
20.613    -259.060    -0.005
20.624    -259.459    -0.005
20.639    -259.959    -0.005
20.656    -260.559    -0.005
20.667    -260.959    -0.005
20.682    -261.457    -0.005
20.699    -262.057    -0.005
20.711    -262.457    -0.005
20.728    -263.057    -0.005
20.739    -263.457    -0.005
20.756    -264.056    -0.006
20.768    -264.456    -0.006
20.782    -264.956    -0.006
20.799    -265.556    -0.006
20.811    -265.955    -0.006
20.825    -266.455    -0.006
20.843    -267.055    -0.006
20.854    -267.455    -0.006
20.869    -267.954    -0.006
20.886    -268.554    -0.006
20.901    -269.054    -0.006
20.912    -269.454    -0.006
20.929    -270.053    -0.006
20.944    -270.553    -0.006
20.955    -270.953    -0.006
20.970    -271.453    -0.006
20.987    -272.052    -0.006
20.998    -272.452    -0.006
21.013    -272.952    -0.006
21.030    -273.552    -0.006
21.042    -273.951    -0.006
21.059    -274.551    -0.006
21.070    -274.951    -0.006
21.087    -275.551    -0.006
21.099    -275.951    -0.006
21.116    -276.550    -0.006
21.130    -277.050    -0.006
21.142    -277.450    -0.006
21.157    -277.950    -0.006
21.174    -278.549    -0.006
21.185    -278.949    -0.006
21.200    -279.449    -0.006
21.217    -280.049    -0.006
21.228    -280.448    -0.006
21.243    -280.948    -0.006
21.260    -281.548    -0.006
21.275    -282.048    -0.006
21.286    -282.447    -0.006
21.303    -283.047    -0.006
21.318    -283.547    -0.006
21.330    -283.947    -0.006
21.344    -284.446    -0.006
21.361    -285.046    -0.006
21.373    -285.446    -0.006
21.388    -285.946    -0.006
21.405    -286.545    -0.006
21.416    -286.945    -0.007
21.431    -287.445    -0.007
21.448    -288.045    -0.007
21.459    -288.445    -0.007
21.474    -288.944    -0.007
21.491    -289.544    -0.007
21.502    -289.944    -0.007
21.520    -290.544    -0.007
21.531    -290.943    -0.007
21.545    -291.443    -0.007
21.562    -292.043    -0.007
21.576    -292.543    -0.007
21.589    -293.042    -0.007
21.603    -293.542    -0.007
21.617    -294.042    -0.007
21.631    -294.542    -0.007
21.641    -294.942    -0.007
21.655    -295.441    -0.007
21.671    -296.041    -0.007
21.685    -296.541    -0.007
21.698    -297.041    -0.007
21.712    -297.540    -0.007
21.726    -298.040    -0.007
21.739    -298.540    -0.007
21.753    -299.040    -0.007
21.767    -299.539    -0.007
21.781    -300.039    -0.007
21.794    -300.539    -0.007
21.808    -301.039    -0.007
21.819    -301.439    -0.007
21.832    -301.938    -0.007
21.846    -302.438    -0.007
21.862    -303.038    -0.007
21.876    -303.538    -0.007
21.890    -304.037    -0.007
21.903    -304.537    -0.007
21.917    -305.037    -0.007
21.931    -305.537    -0.007
21.945    -306.037    -0.007
21.958    -306.536    -0.007
21.972    -307.036    -0.007
21.986    -307.536    -0.007
22.000    -308.036    -0.007
22.010    -308.436    -0.008
22.024    -308.935    -0.008
22.038    -309.435    -0.008
22.051    -309.935    -0.008
22.065    -310.435    -0.008
22.079    -310.934    -0.008
22.093    -311.434    -0.008
22.106    -311.934    -0.008
22.120    -312.434    -0.008
22.136    -313.033    -0.008
22.150    -313.533    -0.008
22.164    -314.033    -0.008
22.177    -314.533    -0.008
22.188    -314.933    -0.008
22.201    -315.432    -0.008
22.215    -315.932    -0.008
22.231    -316.532    -0.008
22.245    -317.032    -0.008
22.259    -317.531    -0.008
22.273    -318.031    -0.008
22.286    -318.531    -0.008
22.300    -319.031    -0.008
22.314    -319.531    -0.008
22.328    -320.030    -0.008
22.341    -320.530    -0.008
22.355    -321.030    -0.008
22.369    -321.530    -0.008
22.379    -321.930    -0.008
22.393    -322.429    -0.008
22.409    -323.029    -0.008
22.423    -323.529    -0.008
22.436    -324.029    -0.008
22.450    -324.528    -0.008
22.464    -325.028    -0.008
22.478    -325.528    -0.008
22.491    -326.028    -0.008
22.505    -326.527    -0.008
22.519    -327.027    -0.008
22.533    -327.527    -0.008
22.546    -328.027    -0.009
22.557    -328.427    -0.009
22.571    -328.926    -0.009
22.587    -329.526    -0.009
22.598    -329.926    -0.009
22.615    -330.526    -0.009
22.630    -331.025    -0.009
22.645    -331.525    -0.009
22.659    -332.025    -0.009
22.671    -332.425    -0.009
22.686    -332.924    -0.009
22.700    -333.424    -0.009
22.717    -334.024    -0.009
22.729    -334.424    -0.009
22.743    -334.923    -0.009
22.761    -335.523    -0.009
22.775    -336.023    -0.009
22.787    -336.423    -0.009
22.801    -336.923    -0.009
22.819    -337.522    -0.009
22.830    -337.922    -0.009
22.845    -338.422    -0.009
22.859    -338.922    -0.009
22.874    -339.421    -0.009
22.889    -339.921    -0.009
22.906    -340.521    -0.009
22.921    -341.021    -0.009
22.936    -341.520    -0.009
22.947    -341.920    -0.009
22.964    -342.520    -0.009
22.979    -343.020    -0.009
22.990    -343.419    -0.009
23.005    -343.919    -0.009
23.020    -344.419    -0.009
23.034    -344.919    -0.009
23.051    -345.518    -0.009
23.066    -346.018    -0.009
23.081    -346.518    -0.009
23.092    -346.918    -0.010
23.107    -347.417    -0.010
23.124    -348.017    -0.010
23.139    -348.516    -0.010
23.150    -348.916    -0.010
23.165    -349.415    -0.010
23.180    -349.915    -0.010
23.197    -350.515    -0.010
23.212    -351.015    -0.010
23.226    -351.514    -0.010
23.241    -352.014    -0.010
23.253    -352.414    -0.010
23.267    -352.914    -0.010
23.284    -353.513    -0.010
23.296    -353.913    -0.010
23.310    -354.413    -0.010
23.328    -355.013    -0.010
23.342    -355.512    -0.010
23.354    -355.912    -0.010
23.368    -356.412    -0.010
23.386    -357.012    -0.010
23.397    -357.412    -0.010
23.412    -357.911    -0.010
23.426    -358.411    -0.010
23.441    -358.911    -0.010
23.456    -359.411    -0.010
23.471    -359.910    -0.010
23.488    -360.510    -0.010
23.503    -361.010    -0.010
23.514    -361.410    -0.010
23.531    -362.009    -0.010
23.546    -362.509    -0.010
23.557    -362.909    -0.010
23.572    -363.409    -0.010
23.587    -363.908    -0.010
23.601    -364.408    -0.010
23.616    -364.908    -0.011
23.631    -365.408    -0.011
23.649    -366.007    -0.011
23.664    -366.507    -0.011
23.678    -367.007    -0.011
23.693    -367.507    -0.011
23.708    -368.006    -0.011
23.720    -368.406    -0.011
23.735    -368.906    -0.011
23.753    -369.506    -0.011
23.768    -370.005    -0.011
23.780    -370.405    -0.011
23.795    -370.905    -0.011
23.813    -371.505    -0.011
23.826    -371.904    -0.011
23.840    -372.404    -0.011
23.858    -373.004    -0.011
23.871    -373.404    -0.011
23.886    -373.903    -0.011
23.904    -374.503    -0.011
23.918    -375.003    -0.011
23.931    -375.403    -0.011
23.945    -375.902    -0.011
23.964    -376.502    -0.011
23.976    -376.902    -0.011
23.991    -377.402    -0.011
24.005    -377.901    -0.011
24.020    -378.401    -0.011
24.035    -378.901    -0.011
24.053    -379.500    -0.011
24.068    -380.000    -0.011
24.080    -380.400    -0.011
24.095    -380.900    -0.011
24.113    -381.499    -0.011
24.125    -381.899    -0.012
24.140    -382.399    -0.012
24.158    -382.999    -0.012
24.171    -383.399    -0.012
24.185    -383.898    -0.012
24.203    -384.498    -0.012
24.218    -384.998    -0.012
24.231    -385.397    -0.012
24.245    -385.897    -0.012
24.263    -386.497    -0.012
24.276    -386.897    -0.012
24.291    -387.396    -0.012
24.309    -387.996    -0.012
24.323    -388.496    -0.012
24.336    -388.896    -0.012
24.351    -389.395    -0.012
24.365    -389.895    -0.012
24.380    -390.395    -0.012
24.395    -390.895    -0.012
24.413    -391.494    -0.012
24.425    -391.894    -0.012
24.440    -392.394    -0.012
24.458    -392.994    -0.012
24.471    -393.393    -0.012
24.485    -393.893    -0.012
24.503    -394.493    -0.012
24.518    -394.993    -0.012
24.531    -395.392    -0.012
24.545    -395.892    -0.012
24.563    -396.492    -0.012
24.576    -396.892    -0.012
24.590    -397.391    -0.012
24.609    -397.991    -0.013
24.621    -398.391    -0.013
24.636    -398.891    -0.013
24.654    -399.490    -0.013
24.669    -399.989    -0.013
24.683    -400.489    -0.013
24.696    -400.889    -0.013
24.710    -401.388    -0.013
24.725    -401.888    -0.013
24.740    -402.388    -0.013
24.758    -402.988    -0.013
24.770    -403.387    -0.013
24.785    -403.887    -0.013
24.803    -404.487    -0.013
24.818    -404.987    -0.013
24.830    -405.386    -0.013
24.845    -405.886    -0.013
24.863    -406.486    -0.013
24.876    -406.886    -0.013
24.890    -407.385    -0.013
24.908    -407.985    -0.013
24.921    -408.385    -0.013
24.936    -408.885    -0.013
24.954    -409.484    -0.013
24.966    -409.884    -0.013
24.981    -410.384    -0.013
24.996    -410.884    -0.013
25.014    -411.483    -0.013
25.026    -411.883    -0.013
25.041    -412.383    -0.013
25.059    -412.982    -0.013
25.071    -413.382    -0.013
25.086    -413.882    -0.014
25.101    -414.382    -0.014
25.119    -414.981    -0.014
25.134    -415.481    -0.014
25.148    -415.981    -0.014
25.161    -416.381    -0.014
25.175    -416.880    -0.014
25.190    -417.380    -0.014
25.208    -417.980    -0.014
25.221    -418.380    -0.014
25.235    -418.879    -0.014
25.254    -419.479    -0.014
25.266    -419.879    -0.014
25.281    -420.379    -0.014
25.295    -420.878    -0.014
25.314    -421.478    -0.014
25.326    -421.878    -0.014
25.341    -422.378    -0.014
25.359    -422.977    -0.014
25.371    -423.377    -0.014
25.386    -423.877    -0.014
25.404    -424.477    -0.014
25.416    -424.876    -0.014
25.431    -425.376    -0.014
25.446    -425.876    -0.014
25.461    -426.376    -0.014
25.479    -426.975    -0.014
25.493    -427.475    -0.014
25.508    -427.975    -0.014
25.521    -428.375    -0.014
25.535    -428.874    -0.015
25.553    -429.474    -0.015
25.566    -429.874    -0.015
25.581    -430.374    -0.015
25.595    -430.873    -0.015
25.610    -431.373    -0.015
25.624    -431.873    -0.015
25.638    -432.373    -0.015
25.651    -432.872    -0.015
25.667    -433.472    -0.015
25.681    -433.972    -0.015
25.695    -434.472    -0.015
25.709    -434.972    -0.015
25.720    -435.371    -0.015
25.734    -435.871    -0.015
25.747    -436.371    -0.015
25.761    -436.871    -0.015
25.775    -437.370    -0.015
25.789    -437.870    -0.015
25.802    -438.370    -0.015
25.819    -438.970    -0.015
25.832    -439.469    -0.015
25.846    -439.969    -0.015
25.860    -440.469    -0.015
25.874    -440.969    -0.015
25.887    -441.469    -0.015
25.901    -441.968    -0.015
25.911    -442.368    -0.015
25.925    -442.868    -0.015
25.939    -443.368    -0.016
25.953    -443.868    -0.016
25.966    -444.367    -0.016
25.982    -444.967    -0.016
25.996    -445.467    -0.016
26.010    -445.967    -0.016
26.024    -446.466    -0.016
26.037    -446.966    -0.016
26.051    -447.466    -0.016
26.065    -447.966    -0.016
26.079    -448.465    -0.016
26.089    -448.865    -0.016
26.103    -449.365    -0.016
26.117    -449.865    -0.016
26.130    -450.365    -0.016
26.144    -450.864    -0.016
26.160    -451.464    -0.016
26.174    -451.964    -0.016
26.188    -452.464    -0.016
26.201    -452.963    -0.016
26.215    -453.463    -0.016
26.229    -453.963    -0.016
26.243    -454.463    -0.016
26.256    -454.963    -0.016
26.270    -455.462    -0.016
26.281    -455.862    -0.016
26.294    -456.362    -0.016
26.308    -456.862    -0.016
26.322    -457.362    -0.017
26.335    -457.861    -0.017
26.352    -458.461    -0.017
26.365    -458.961    -0.017
26.379    -459.461    -0.017
26.393    -459.960    -0.017
26.407    -460.460    -0.017
26.420    -460.960    -0.017
26.434    -461.460    -0.017
26.448    -461.959    -0.017
26.462    -462.459    -0.017
26.472    -462.859    -0.017
26.486    -463.359    -0.017
26.501    -463.959    -0.017
26.513    -464.558    -0.017
26.521    -464.958    -0.017
26.533    -465.558    -0.017
26.542    -465.958    -0.017
26.554    -466.558    -0.017
26.562    -466.958    -0.017
26.572    -467.458    -0.017
26.582    -467.957    -0.017
26.594    -468.557    -0.017
26.602    -468.957    -0.017
26.612    -469.457    -0.017
26.624    -470.057    -0.017
26.632    -470.457    -0.017
26.645    -471.057    -0.018
26.653    -471.457    -0.018
26.665    -472.056    -0.018
26.673    -472.456    -0.018
26.683    -472.956    -0.018
26.695    -473.556    -0.018
26.705    -474.056    -0.018
26.713    -474.456    -0.018
26.723    -474.956    -0.018
26.735    -475.555    -0.018
26.744    -475.955    -0.018
26.756    -476.555    -0.018
26.764    -476.955    -0.018
26.774    -477.455    -0.018
26.785    -477.955    -0.018
26.794    -478.455    -0.018
26.806    -479.054    -0.018
26.816    -479.554    -0.018
26.825    -479.954    -0.018
26.834    -480.453    -0.018
26.846    -481.053    -0.018
26.854    -481.453    -0.018
26.863    -481.953    -0.018
26.871    -482.453    -0.018
26.880    -482.952    -0.018
26.891    -483.552    -0.018
26.900    -484.052    -0.018
26.907    -484.452    -0.019
26.916    -484.952    -0.019
26.927    -485.552    -0.019
26.936    -486.052    -0.019
26.942    -486.452    -0.019
26.952    -487.052    -0.019
26.961    -487.551    -0.019
26.968    -487.951    -0.019
26.978    -488.551    -0.019
26.986    -489.051    -0.019
26.993    -489.451    -0.019
27.003    -490.051    -0.019
27.012    -490.551    -0.019
27.018    -490.951    -0.019
27.028    -491.551    -0.019
27.037    -492.051    -0.019
27.046    -492.550    -0.019
27.052    -492.950    -0.019
27.061    -493.450    -0.019
27.071    -494.050    -0.019
27.080    -494.550    -0.019
27.088    -495.050    -0.019
27.095    -495.450    -0.019
27.105    -496.050    -0.019
27.114    -496.550    -0.019
27.120    -496.950    -0.019
27.130    -497.549    -0.020
27.139    -498.049    -0.020
27.148    -498.549    -0.020
27.156    -499.249    -0.020
27.159    -499.649    -0.020
27.164    -500.249    -0.020
27.168    -500.649    -0.020
27.173    -501.249    -0.020
27.176    -501.649    -0.020
27.181    -502.249    -0.020
27.186    -502.749    -0.020
27.190    -503.149    -0.020
27.195    -503.749    -0.020
27.199    -504.249    -0.020
27.203    -504.649    -0.020
27.208    -505.248    -0.020
27.213    -505.748    -0.020
27.216    -506.148    -0.020
27.221    -506.748    -0.020
27.226    -507.248    -0.020
27.229    -507.648    -0.020
27.234    -508.248    -0.020
27.238    -508.648    -0.020
27.243    -509.248    -0.020
27.246    -509.648    -0.020
27.250    -510.048    -0.021
27.254    -510.548    -0.021
27.263    -510.948    -0.021
27.274    -511.448    -0.021
27.284    -511.948    -0.021
27.295    -512.447    -0.021
27.306    -512.947    -0.021
27.317    -513.447    -0.021
27.327    -513.947    -0.021
27.338    -514.447    -0.021
27.349    -514.947    -0.021
27.360    -515.447    -0.021
27.370    -515.946    -0.021
27.381    -516.446    -0.021
27.392    -516.946    -0.021
27.403    -517.446    -0.021
27.413    -517.946    -0.021
27.424    -518.446    -0.021
27.435    -518.945    -0.021
27.446    -519.445    -0.021
27.456    -519.945    -0.021
27.467    -520.445    -0.021
27.480    -521.045    -0.021
27.490    -521.445    -0.021
27.499    -522.245    -0.022
27.500    -522.745    -0.022
27.501    -523.245    -0.022
27.502    -523.744    -0.022
27.502    -524.244    -0.022
27.503    -524.744    -0.022
27.504    -525.244    -0.022
27.505    -525.744    -0.022
27.506    -526.344    -0.022
27.507    -526.744    -0.022
27.508    -527.244    -0.022
27.508    -527.743    -0.022
27.509    -528.244    -0.022
27.510    -528.744    -0.022
27.511    -529.344    -0.022
27.512    -529.744    -0.022
27.513    -530.244    -0.022
27.514    -530.744    -0.022
27.515    -531.244    -0.022
27.515    -531.743    -0.022
27.516    -532.243    -0.022
27.517    -532.843    -0.022
27.516    -533.343    -0.022
27.515    -533.743    -0.022
27.514    -534.244    -0.023
27.513    -534.844    -0.023
27.512    -535.343    -0.023
27.511    -535.843    -0.023
27.510    -536.343    -0.023
27.508    -536.843    -0.023
27.507    -537.343    -0.023
27.506    -537.844    -0.023
27.504    -538.343    -0.023
27.503    -538.843    -0.023
27.502    -539.343    -0.023
27.501    -539.743    -0.023
27.500    -540.243    -0.023
27.499    -540.843    -0.023
27.498    -541.342    -0.023
27.497    -541.843    -0.023
27.495    -542.343    -0.023
27.495    -542.743    -0.023
27.494    -543.243    -0.023
27.492    -543.743    -0.023
27.491    -544.342    -0.023
27.487    -544.842    -0.023
27.480    -545.343    -0.023
27.473    -545.842    -0.023
27.465    -546.342    -0.024
27.458    -546.842    -0.024
27.451    -547.342    -0.024
27.444    -547.842    -0.024
27.436    -548.342    -0.024
27.429    -548.841    -0.024
27.422    -549.342    -0.024
27.415    -549.842    -0.024
27.406    -550.441    -0.024
27.398    -550.942    -0.024
27.390    -551.541    -0.024
27.382    -552.041    -0.024
27.375    -552.541    -0.024
27.368    -553.041    -0.024
27.363    -553.341    -0.024
27.354    -553.941    -0.024
27.347    -554.441    -0.024
27.345    -554.741    -0.024
27.347    -555.241    -0.024
27.350    -555.741    -0.024
27.352    -556.241    -0.024
27.355    -556.741    -0.024
27.357    -557.241    -0.024
27.357    -557.840    -0.025
27.351    -558.440    -0.025
27.347    -558.840    -0.025
27.341    -559.441    -0.025
27.338    -559.840    -0.025
27.332    -560.440    -0.025
27.328    -560.840    -0.025
27.322    -561.439    -0.025
27.318    -561.840    -0.025
27.313    -562.440    -0.025
27.309    -562.840    -0.025
27.303    -563.439    -0.025
27.293    -564.140    -0.025
27.280    -564.639    -0.025
27.268    -565.139    -0.025
27.257    -565.539    -0.025
27.242    -566.138    -0.025
27.230    -566.639    -0.025
27.218    -567.138    -0.025
27.206    -567.638    -0.025
27.192    -568.138    -0.025
27.180    -568.638    -0.025
27.168    -569.138    -0.026
27.155    -569.637    -0.026
27.142    -570.137    -0.026
27.132    -570.537    -0.026
27.106    -571.337    -0.026
27.085    -571.836    -0.026
27.065    -572.336    -0.026
27.040    -572.935    -0.026
27.020    -573.435    -0.026
27.003    -573.834    -0.026
26.983    -574.334    -0.026
26.963    -574.834    -0.026
26.938    -575.432    -0.026
26.917    -575.932    -0.026
26.901    -576.332    -0.026
26.881    -576.832    -0.026
26.860    -577.331    -0.026
26.840    -577.830    -0.026
26.815    -578.430    -0.026
26.795    -578.929    -0.026
26.778    -579.329    -0.026
26.758    -579.828    -0.026
26.738    -580.328    -0.027
26.713    -580.928    -0.027
26.696    -581.327    -0.027
26.676    -581.827    -0.027
26.651    -582.426    -0.027
26.634    -582.826    -0.027
26.613    -583.325    -0.027
26.592    -583.825    -0.027
26.571    -584.325    -0.027
26.549    -584.824    -0.027
26.528    -585.324    -0.027
26.507    -585.823    -0.027
26.481    -586.422    -0.027
26.460    -586.922    -0.027
26.438    -587.421    -0.027
26.417    -587.921    -0.027
26.399    -588.320    -0.027
26.378    -588.820    -0.027
26.357    -589.320    -0.027
26.336    -589.819    -0.027
26.314    -590.319    -0.027
26.293    -590.818    -0.028
26.272    -591.317    -0.028
26.246    -591.917    -0.028
26.225    -592.416    -0.028
26.203    -592.916    -0.028
26.186    -593.315    -0.028
26.158    -593.915    -0.028
26.135    -594.414    -0.028
26.110    -594.914    -0.028
26.087    -595.413    -0.028
26.063    -595.913    -0.028
26.039    -596.411    -0.028
26.015    -596.911    -0.028
25.992    -597.411    -0.028
25.968    -597.909    -0.028
25.944    -598.409    -0.028
25.920    -598.909    -0.028
25.897    -599.408    -0.028
25.873    -599.907    -0.028
25.849    -600.407    -0.028
25.825    -600.906    -0.028
25.802    -601.406    -0.028
25.777    -601.905    -0.029
25.749    -602.505    -0.029
25.684    -603.502    -0.029
25.642    -604.000    -0.029
25.599    -604.498    -0.029
25.557    -604.997    -0.029
25.515    -605.495    -0.029
25.481    -605.893    -0.029
25.432    -606.491    -0.029
25.399    -606.890    -0.029
25.351    -607.488    -0.029
25.318    -607.887    -0.029
25.269    -608.484    -0.029
25.236    -608.883    -0.029
25.187    -609.481    -0.029
25.146    -609.979    -0.029
25.130    -610.179    -0.029
25.093    -610.678    -0.029
25.049    -611.276    -0.029
25.013    -611.775    -0.029
24.969    -612.373    -0.030
24.933    -612.871    -0.030
24.911    -613.170    -0.030
24.867    -613.768    -0.030
24.791    -614.665    -0.030
24.743    -615.163    -0.030
24.693    -615.661    -0.030
24.645    -616.158    -0.030
24.597    -616.655    -0.030
24.547    -617.154    -0.030
24.499    -617.651    -0.030
24.451    -618.148    -0.030
24.401    -618.646    -0.030
24.353    -619.144    -0.030
24.305    -619.641    -0.030
24.256    -620.139    -0.030
24.207    -620.636    -0.030
24.159    -621.134    -0.030
24.110    -621.632    -0.030
24.014    -622.526    -0.031
23.954    -623.023    -0.031
23.895    -623.519    -0.031
23.835    -624.016    -0.031
23.776    -624.512    -0.031
23.717    -625.009    -0.031
23.657    -625.505    -0.031
23.610    -625.902    -0.031
23.550    -626.398    -0.031
23.491    -626.894    -0.031
23.432    -627.391    -0.031
23.372    -627.887    -0.031
23.313    -628.384    -0.031
23.254    -628.880    -0.031
23.183    -629.476    -0.031
23.136    -629.873    -0.031
23.077    -630.370    -0.031
23.017    -630.866    -0.031
22.958    -631.363    -0.031
22.899    -631.859    -0.031
22.839    -632.356    -0.031
22.780    -632.852    -0.032
22.721    -633.349    -0.032
22.661    -633.845    -0.032
22.602    -634.341    -0.032
22.526    -634.937    -0.032
22.436    -635.631    -0.032
22.398    -635.928    -0.032
22.308    -636.622    -0.032
22.270    -636.920    -0.032
22.181    -637.614    -0.032
22.143    -637.911    -0.032
22.066    -638.506    -0.032
22.015    -638.903    -0.032
21.924    -639.598    -0.032
21.872    -639.994    -0.032
21.794    -640.589    -0.032
21.743    -640.985    -0.032
21.665    -641.580    -0.032
21.613    -641.976    -0.032
21.535    -642.571    -0.033
21.483    -642.969    -0.033
21.432    -643.365    -0.033
21.341    -644.059    -0.033
21.245    -644.753    -0.033
21.202    -645.050    -0.033
21.131    -645.544    -0.033
21.045    -646.138    -0.033
20.973    -646.632    -0.033
20.887    -647.227    -0.033
20.816    -647.721    -0.033
20.773    -648.018    -0.033
20.701    -648.513    -0.033
20.630    -649.008    -0.033
20.509    -649.798    -0.033
20.413    -650.391    -0.033
20.351    -650.786    -0.033
20.271    -651.280    -0.033
20.192    -651.773    -0.033
20.081    -652.464    -0.034
20.034    -652.761    -0.034
19.923    -653.451    -0.034
19.876    -653.748    -0.034
19.765    -654.439    -0.034
19.685    -654.932    -0.034
19.604    -655.425    -0.034
19.521    -655.918    -0.034
19.455    -656.313    -0.034
19.357    -656.905    -0.034
19.292    -657.300    -0.034
19.193    -657.891    -0.034
19.111    -658.384    -0.034
19.027    -658.878    -0.034
18.942    -659.371    -0.034
18.858    -659.863    -0.034
18.773    -660.356    -0.034
18.689    -660.849    -0.034
18.604    -661.341    -0.034
18.520    -661.834    -0.034
18.374    -662.621    -0.035
18.281    -663.112    -0.035
18.187    -663.603    -0.035
18.075    -664.192    -0.035
17.982    -664.683    -0.035
17.907    -665.076    -0.035
17.813    -665.567    -0.035
17.720    -666.059    -0.035
17.627    -666.550    -0.035
17.514    -667.139    -0.035
17.400    -667.728    -0.035
17.304    -668.219    -0.035
17.207    -668.709    -0.035
17.111    -669.200    -0.035
17.014    -669.691    -0.035
16.918    -670.181    -0.035
16.821    -670.672    -0.035
16.725    -671.162    -0.035
16.628    -671.652    -0.035
16.532    -672.143    -0.036
16.435    -672.634    -0.036
16.339    -673.124    -0.036
16.242    -673.615    -0.036
16.121    -674.203    -0.036
16.040    -674.594    -0.036
15.919    -675.182    -0.036
15.838    -675.574    -0.036
15.717    -676.161    -0.036
15.636    -676.553    -0.036
15.536    -677.042    -0.036
15.414    -677.630    -0.036
15.219    -678.509    -0.036
15.129    -678.898    -0.036
14.995    -679.483    -0.036
14.882    -679.970    -0.036
14.792    -680.360    -0.036
14.658    -680.944    -0.036
14.546    -681.431    -0.037
14.433    -681.919    -0.037
14.320    -682.406    -0.037
14.208    -682.893    -0.037
14.186    -682.991    -0.037
14.087    -683.480    -0.037
14.007    -683.872    -0.037
13.907    -684.363    -0.037
13.808    -684.852    -0.037
13.708    -685.343    -0.037
13.396    -686.706    -0.037
13.297    -687.094    -0.037
13.149    -687.675    -0.037
13.024    -688.159    -0.037
12.925    -688.547    -0.037
12.777    -689.128    -0.037
12.652    -689.612    -0.037
12.553    -690.000    -0.037
12.404    -690.581    -0.038
12.331    -690.872    -0.038
12.186    -691.455    -0.038
12.089    -691.842    -0.038
11.968    -692.328    -0.038
11.823    -692.909    -0.038
11.702    -693.394    -0.038
11.605    -693.783    -0.038
11.409    -694.558    -0.038
11.282    -695.042    -0.038
11.179    -695.428    -0.038
11.025    -696.009    -0.038
10.898    -696.492    -0.038
10.770    -696.975    -0.038
10.642    -697.458    -0.038
10.539    -697.845    -0.038
10.386    -698.425    -0.038
10.200    -699.100    -0.038
10.036    -699.677    -0.039
9.900    -700.158    -0.039
9.763    -700.638    -0.039
9.626    -701.120    -0.039
9.517    -701.504    -0.039
9.380    -701.986    -0.039
9.217    -702.563    -0.039
9.080    -703.044    -0.039
8.971    -703.428    -0.039
8.719    -704.293    -0.039
8.634    -704.580    -0.039
8.492    -705.059    -0.039
8.322    -705.634    -0.039
8.180    -706.114    -0.039
8.038    -706.593    -0.039
7.924    -706.977    -0.039
7.754    -707.552    -0.039
7.583    -708.127    -0.039
7.442    -708.606    -0.039
7.356    -708.895    -0.040
7.094    -709.755    -0.040
6.947    -710.232    -0.040
6.799    -710.710    -0.040
6.710    -710.997    -0.040
6.532    -711.570    -0.040
6.354    -712.143    -0.040
6.207    -712.620    -0.040
6.059    -713.098    -0.040
5.969    -713.385    -0.040
5.792    -713.958    -0.040
5.614    -714.531    -0.040
5.496    -714.912    -0.040
5.281    -715.579    -0.040
5.094    -716.149    -0.040
4.939    -716.625    -0.040
4.815    -717.005    -0.040
4.660    -717.481    -0.040
4.506    -717.955    -0.041
4.351    -718.431    -0.041
4.096    -719.189    -0.041
3.933    -719.661    -0.041
3.736    -720.228    -0.041
3.605    -720.606    -0.041
3.408    -721.173    -0.041
3.278    -721.551    -0.041
3.081    -722.118    -0.041
2.950    -722.496    -0.041
2.819    -722.874    -0.041
2.623    -723.441    -0.041
2.426    -724.007    -0.041
2.196    -724.668    -0.041
2.026    -725.139    -0.041
1.857    -725.609    -0.041
1.722    -725.985    -0.041
1.519    -726.550    -0.042
1.350    -727.020    -0.042
1.180    -727.491    -0.042
1.011    -727.961    -0.042
0.841    -728.431    -0.042
0.706    -728.808    -0.042
0.466    -729.465    -0.042
0.291    -729.934    -0.042
0.081    -730.496    -0.042
-0.130    -731.058    -0.042
-0.270    -731.432    -0.042
-0.445    -731.900    -0.042
-0.585    -732.276    -0.042
-0.760    -732.744    -0.042
-0.935    -733.212    -0.042
-1.254    -734.053    -0.042
-1.401    -734.425    -0.042
-1.547    -734.798    -0.042
-1.766    -735.356    -0.043
-1.985    -735.915    -0.043
-2.094    -736.194    -0.043
-2.313    -736.753    -0.043
-2.532    -737.311    -0.043
-2.714    -737.777    -0.043
-2.860    -738.149    -0.043
-3.079    -738.708    -0.043
-3.189    -738.987    -0.043
-3.408    -739.546    -0.043
-3.704    -740.289    -0.043
-3.932    -740.844    -0.043
-4.084    -741.214    -0.043
-4.274    -741.676    -0.043
-4.464    -742.139    -0.043
-4.654    -742.601    -0.043
-4.844    -743.064    -0.043
-5.035    -743.525    -0.043
-5.225    -743.988    -0.044
-5.415    -744.451    -0.044
-5.605    -744.913    -0.044
-5.877    -745.558    -0.044
-6.113    -746.109    -0.044
-6.309    -746.569    -0.044
-6.467    -746.937    -0.044
-6.703    -747.488    -0.044
-6.860    -747.856    -0.044
-7.056    -748.316    -0.044
-7.293    -748.867    -0.044
-7.450    -749.235    -0.044
-7.646    -749.695    -0.044
-7.882    -750.247    -0.044
-8.040    -750.614    -0.044
-8.236    -751.074    -0.044
-8.472    -751.626    -0.044
-8.629    -751.994    -0.044
-8.826    -752.453    -0.045
-9.062    -753.005    -0.045
-9.650    -754.274    -0.045
-9.871    -754.723    -0.045
-10.048    -755.081    -0.045
-10.269    -755.530    -0.045
-10.445    -755.889    -0.045
-10.487    -755.980    -0.045
-10.736    -756.526    -0.045
-10.944    -756.981    -0.045
-11.110    -757.345    -0.045
-11.359    -757.890    -0.045
-11.567    -758.345    -0.045
-11.733    -758.709    -0.045
-11.941    -759.164    -0.045
-12.190    -759.710    -0.045
-12.397    -760.165    -0.045
-12.605    -760.619    -0.046
-13.029    -761.524    -0.046
-13.206    -761.883    -0.046
-13.470    -762.421    -0.046
-13.647    -762.781    -0.046
-13.911    -763.319    -0.046
-14.087    -763.678    -0.046
-14.351    -764.216    -0.046
-14.528    -764.576    -0.046
-14.792    -765.114    -0.046
-14.969    -765.473    -0.046
-15.233    -766.011    -0.046
-15.410    -766.371    -0.046
-15.674    -766.909    -0.046
-15.895    -767.358    -0.046
-16.209    -767.984    -0.046
-16.389    -768.340    -0.046
-16.614    -768.786    -0.046
-16.840    -769.233    -0.047
-17.066    -769.679    -0.047
-17.290    -770.126    -0.047
-17.516    -770.572    -0.047
-17.786    -771.107    -0.047
-18.152    -771.819    -0.047
-18.435    -772.348    -0.047
-18.623    -772.700    -0.047
-18.859    -773.142    -0.047
-19.094    -773.583    -0.047
-19.330    -774.024    -0.047
-19.566    -774.465    -0.047
-19.801    -774.905    -0.047
-19.990    -775.258    -0.047
-20.273    -775.788    -0.047
-20.508    -776.228    -0.047
-20.845    -776.842    -0.047
-21.135    -777.367    -0.048
-21.328    -777.718    -0.048
-21.569    -778.156    -0.048
-21.859    -778.681    -0.048
-22.052    -779.031    -0.048
-22.294    -779.469    -0.048
-22.583    -779.995    -0.048
-22.776    -780.344    -0.048
-23.018    -780.782    -0.048
-23.260    -781.220    -0.048
-23.549    -781.746    -0.048
-23.742    -782.095    -0.048
-23.984    -782.533    -0.048
-24.379    -783.230    -0.048
-24.677    -783.750    -0.048
-24.825    -784.010    -0.048
-25.073    -784.444    -0.048
-25.371    -784.965    -0.049
-25.619    -785.399    -0.049
-25.867    -785.833    -0.049
-26.116    -786.267    -0.049
-26.364    -786.701    -0.049
-26.612    -787.135    -0.049
-26.860    -787.569    -0.049
-27.109    -788.003    -0.049
-27.509    -788.696    -0.049
-27.764    -789.125    -0.049
-28.020    -789.555    -0.049
-28.275    -789.985    -0.049
-28.531    -790.415    -0.049
-28.838    -790.931    -0.049
-29.042    -791.275    -0.049
-29.298    -791.704    -0.049
-29.553    -792.134    -0.049
-29.808    -792.563    -0.049
-30.064    -792.993    -0.050
-30.319    -793.423    -0.050
-30.575    -793.852    -0.050
-30.882    -794.368    -0.050
-31.192    -794.881    -0.050
-31.451    -795.309    -0.050
-31.658    -795.652    -0.050
-31.865    -795.994    -0.050
-32.448    -796.926    -0.050
-32.719    -797.347    -0.050
-32.935    -797.683    -0.050
-33.258    -798.188    -0.050
-33.528    -798.610    -0.050
-33.798    -799.030    -0.050
-34.014    -799.367    -0.050
-34.338    -799.872    -0.050
-34.608    -800.292    -0.050
-34.878    -800.714    -0.051
-35.258    -801.301    -0.051
-35.477    -801.635    -0.051
-35.808    -802.137    -0.051
-36.082    -802.554    -0.051
-36.301    -802.889    -0.051
-36.631    -803.390    -0.051
-36.906    -803.808    -0.051
-37.180    -804.225    -0.051
-37.400    -804.560    -0.051
-37.729    -805.062    -0.051
-38.004    -805.479    -0.051
-38.224    -805.813    -0.051
-38.553    -806.315    -0.051
-38.829    -806.732    -0.051
-39.163    -807.231    -0.051
-39.440    -807.646    -0.051
-39.717    -808.062    -0.051
-39.996    -808.478    -0.052
-40.273    -808.894    -0.052
-40.495    -809.226    -0.052
-40.828    -809.725    -0.052
-41.051    -810.058    -0.052
-41.384    -810.556    -0.052
-41.606    -810.889    -0.052
-41.940    -811.388    -0.052
-42.449    -812.129    -0.052
-42.797    -812.618    -0.052
-43.086    -813.026    -0.052
-43.261    -813.270    -0.052
-43.665    -813.841    -0.052
-43.898    -814.167    -0.052
-44.244    -814.656    -0.052
-44.419    -814.901    -0.052
-44.765    -815.390    -0.052
-45.113    -815.879    -0.053
-45.402    -816.287    -0.053
-45.692    -816.695    -0.053
-45.923    -817.020    -0.053
-46.271    -817.510    -0.053
-46.859    -818.319    -0.053
-47.161    -818.717    -0.053
-47.463    -819.115    -0.053
-47.705    -819.434    -0.053
-48.128    -819.992    -0.053
-48.369    -820.310    -0.053
-48.611    -820.629    -0.053
-48.973    -821.108    -0.053
-49.274    -821.507    -0.053
-49.575    -821.905    -0.053
-49.938    -822.384    -0.053
-50.118    -822.623    -0.053
-50.480    -823.102    -0.053
-50.722    -823.420    -0.054
-51.084    -823.899    -0.054
-51.385    -824.298    -0.054
-51.627    -824.617    -0.054
-51.989    -825.095    -0.054
-52.538    -825.808    -0.054
-52.850    -826.199    -0.054
-53.161    -826.590    -0.054
-53.535    -827.059    -0.054
-53.659    -827.216    -0.054
-53.839    -827.455    -0.054
-54.080    -827.775    -0.054
-54.441    -828.255    -0.054
-54.681    -828.574    -0.054
-54.981    -828.974    -0.054
-55.595    -829.764    -0.054
-55.904    -830.156    -0.054
-56.214    -830.549    -0.054
-56.462    -830.863    -0.055
-56.710    -831.177    -0.055
-57.143    -831.726    -0.055
-57.516    -832.196    -0.055
-57.765    -832.510    -0.055
-58.075    -832.901    -0.055
-58.386    -833.292    -0.055
-58.759    -833.762    -0.055
-59.138    -834.228    -0.055
-59.454    -834.616    -0.055
-59.769    -835.003    -0.055
-60.085    -835.391    -0.055
-60.401    -835.778    -0.055
-60.781    -836.242    -0.055
-61.100    -836.627    -0.055
-61.484    -837.089    -0.055
-61.739    -837.397    -0.055
-62.058    -837.782    -0.055
-62.377    -838.167    -0.056
-62.955    -838.856    -0.056
-63.283    -839.235    -0.056
-63.544    -839.537    -0.056
-63.935    -839.991    -0.056
-64.262    -840.370    -0.056
-64.588    -840.749    -0.056
-64.914    -841.127    -0.056
-65.242    -841.506    -0.056
-65.568    -841.885    -0.056
-65.894    -842.263    -0.056
-66.220    -842.642    -0.056
-66.547    -843.021    -0.056
-66.873    -843.400    -0.056
-67.334    -843.927    -0.056
-67.735    -844.373    -0.056
-68.002    -844.670    -0.056
-68.402    -845.117    -0.057
-68.737    -845.489    -0.057
-69.137    -845.935    -0.057
-69.474    -846.305    -0.057
-69.877    -846.749    -0.057
-70.215    -847.119    -0.057
-70.484    -847.414    -0.057
-70.888    -847.858    -0.057
-71.224    -848.228    -0.057
-71.560    -848.598    -0.057
-71.829    -848.893    -0.057
-72.166    -849.263    -0.057
-72.640    -849.779    -0.057
-72.980    -850.144    -0.057
-73.321    -850.511    -0.057
-73.730    -850.949    -0.057
-74.071    -851.315    -0.057
-74.343    -851.608    -0.057
-74.753    -852.047    -0.058
-75.093    -852.413    -0.058
-75.367    -852.705    -0.058
-75.775    -853.144    -0.058
-76.116    -853.510    -0.058
-76.389    -853.802    -0.058
-76.730    -854.168    -0.058
-77.139    -854.606    -0.058
-77.412    -854.899    -0.058
-77.821    -855.337    -0.058
-78.448    -855.983    -0.058
-78.798    -856.340    -0.058
-79.078    -856.626    -0.058
-79.498    -857.055    -0.058
-79.848    -857.412    -0.058
-80.268    -857.840    -0.058
-80.547    -858.126    -0.058
-80.828    -858.411    -0.058
-81.248    -858.840    -0.059
-81.458    -859.054    -0.059
-81.805    -859.414    -0.059
-82.153    -859.773    -0.059
-82.570    -860.205    -0.059
-82.847    -860.492    -0.059
-83.195    -860.852    -0.059
-83.754    -861.424    -0.059
-84.107    -861.778    -0.059
-84.390    -862.061    -0.059
-84.813    -862.486    -0.059
-85.165    -862.840    -0.059
-85.517    -863.196    -0.059
-85.798    -863.480    -0.059
-86.150    -863.836    -0.059
-86.571    -864.263    -0.059
-86.923    -864.618    -0.059
-87.712    -865.384    -0.059
-88.151    -865.794    -0.060
-88.442    -866.068    -0.060
-88.806    -866.409    -0.060
-89.245    -866.820    -0.060
-89.536    -867.094    -0.060
-89.975    -867.502    -0.060
-90.343    -867.842    -0.060
-90.710    -868.181    -0.060
-91.077    -868.520    -0.060
-91.444    -868.859    -0.060
-91.812    -869.198    -0.060
-92.106    -869.470    -0.060
-92.397    -869.743    -0.060
-92.833    -870.156    -0.060
-93.124    -870.431    -0.060
-93.487    -870.774    -0.060
-93.850    -871.118    -0.060
-94.213    -871.461    -0.060
-94.649    -871.874    -0.060
-95.012    -872.217    -0.061
-95.303    -872.492    -0.061
-96.039    -873.169    -0.061
-96.487    -873.568    -0.061
-96.860    -873.901    -0.061
-97.083    -874.100    -0.061
-97.456    -874.433    -0.061
-97.830    -874.766    -0.061
-98.353    -875.231    -0.061
-98.652    -875.498    -0.061
-99.025    -875.829    -0.061
-99.474    -876.228    -0.061
-99.773    -876.494    -0.061
-100.146    -876.826    -0.061
-100.595    -877.225    -0.061
-100.893    -877.491    -0.061
-101.341    -877.889    -0.061
-101.715    -878.222    -0.061
-102.089    -878.554    -0.062
-103.082    -879.391    -0.062
-103.473    -879.704    -0.062
-103.864    -880.015    -0.062
-104.098    -880.202    -0.062
-104.174    -880.267    -0.062
-104.553    -880.593    -0.062
-104.857    -880.853    -0.062
-105.312    -881.244    -0.062
-105.691    -881.570    -0.062
-106.148    -881.959    -0.062
-106.606    -882.346    -0.062
-106.912    -882.604    -0.062
-107.370    -882.991    -0.062
-107.676    -883.249    -0.062
-108.059    -883.571    -0.062
-108.440    -883.893    -0.062
-108.899    -884.280    -0.062
-109.205    -884.538    -0.062
-109.587    -884.860    -0.063
-110.200    -885.375    -0.063
-110.587    -885.692    -0.063
-110.896    -885.946    -0.063
-111.436    -886.390    -0.063
-111.745    -886.644    -0.063
-112.131    -886.961    -0.063
-112.518    -887.280    -0.063
-112.903    -887.598    -0.063
-113.212    -887.852    -0.063
-114.074    -888.533    -0.063
-114.391    -888.779    -0.063
-114.864    -889.147    -0.063
-115.259    -889.453    -0.063
-115.575    -889.699    -0.063
-116.049    -890.067    -0.063
-116.444    -890.374    -0.063
-116.759    -890.620    -0.063
-117.154    -890.927    -0.063
-117.469    -891.174    -0.064
-117.862    -891.482    -0.064
-118.255    -891.791    -0.064
-118.648    -892.101    -0.064
-119.120    -892.471    -0.064
-119.434    -892.718    -0.064
-120.396    -893.436    -0.064
-120.800    -893.729    -0.064
-121.205    -894.023    -0.064
-121.691    -894.374    -0.064
-122.014    -894.609    -0.064
-122.419    -894.903    -0.064
-122.743    -895.137    -0.064
-122.903    -895.257    -0.064
-123.302    -895.559    -0.064
-123.781    -895.921    -0.064
-124.180    -896.222    -0.064
-124.498    -896.464    -0.064
-124.897    -896.765    -0.064
-125.376    -897.128    -0.065
-125.694    -897.369    -0.065
-126.173    -897.731    -0.065
-127.058    -898.385    -0.065
-127.466    -898.673    -0.065
-127.874    -898.962    -0.065
-128.201    -899.192    -0.065
-128.609    -899.481    -0.065
-129.099    -899.827    -0.065
-129.426    -900.057    -0.065
-129.916    -900.403    -0.065
-130.243    -900.634    -0.065
-130.733    -900.979    -0.065
-131.060    -901.210    -0.065
-131.551    -901.555    -0.065
-131.878    -901.786    -0.065
-132.286    -902.075    -0.065
-132.776    -902.420    -0.065
-133.103    -902.651    -0.065
-133.511    -902.940    -0.066
-133.919    -903.228    -0.066
-134.327    -903.517    -0.066
-135.066    -904.032    -0.066
-135.480    -904.311    -0.066
-135.895    -904.591    -0.066
-136.308    -904.871    -0.066
-136.723    -905.152    -0.066
-136.971    -905.320    -0.066
-137.551    -905.712    -0.066
-137.964    -905.993    -0.066
-138.462    -906.327    -0.066
-138.878    -906.605    -0.066
-139.294    -906.882    -0.066
-139.710    -907.160    -0.066
-140.043    -907.382    -0.066
-140.712    -907.821    -0.066
-141.130    -908.094    -0.066
-141.465    -908.313    -0.066
-141.884    -908.586    -0.066
-142.303    -908.858    -0.067
-142.805    -909.186    -0.067
-143.140    -909.405    -0.067
-143.642    -909.733    -0.067
-144.149    -910.055    -0.067
-144.655    -910.376    -0.067
-145.077    -910.644    -0.067
-145.585    -910.965    -0.067
-145.838    -911.126    -0.067
-146.260    -911.394    -0.067
-146.680    -911.664    -0.067
-147.101    -911.935    -0.067
-147.437    -912.151    -0.067
-147.858    -912.422    -0.067
-148.362    -912.747    -0.067
-148.783    -913.017    -0.067
-149.458    -913.445    -0.067
-149.884    -913.708    -0.067
-150.395    -914.022    -0.067
-150.735    -914.232    -0.068
-151.076    -914.442    -0.068
-151.501    -914.704    -0.068
-152.098    -915.071    -0.068
-152.438    -915.281    -0.068
-153.473    -915.888    -0.068
-153.733    -916.036    -0.068
-154.342    -916.382    -0.068
-154.603    -916.530    -0.068
-155.124    -916.826    -0.068
-155.558    -917.074    -0.068
-155.906    -917.274    -0.068
-156.426    -917.572    -0.068
-156.773    -917.771    -0.068
-157.206    -918.019    -0.068
-157.727    -918.318    -0.068
-157.987    -918.468    -0.068
-158.332    -918.669    -0.068
-158.850    -918.971    -0.068
-159.369    -919.273    -0.068
-159.801    -919.526    -0.068
-160.147    -919.727    -0.069
-160.491    -919.930    -0.069
-160.921    -920.185    -0.069
-161.351    -920.440    -0.069
-161.781    -920.695    -0.069
-162.210    -920.951    -0.069
-163.168    -921.492    -0.069
-163.608    -921.729    -0.069
-164.049    -921.965    -0.069
-164.577    -922.248    -0.069
-165.018    -922.485    -0.069
-165.813    -922.906    -0.069
-166.258    -923.134    -0.069
-166.703    -923.363    -0.069
-167.147    -923.591    -0.069
-167.414    -923.728    -0.069
-167.591    -923.822    -0.069
-168.119    -924.107    -0.069
-168.559    -924.344    -0.069
-168.912    -924.534    -0.069
-169.440    -924.818    -0.070
-169.879    -925.055    -0.070
-170.232    -925.245    -0.070
-170.760    -925.529    -0.070
-171.200    -925.767    -0.070
-171.997    -926.184    -0.070
-172.354    -926.365    -0.070
-172.889    -926.636    -0.070
-173.335    -926.863    -0.070
-173.780    -927.090    -0.070
-174.226    -927.316    -0.070
-174.672    -927.543    -0.070
-175.029    -927.723    -0.070
-175.564    -927.995    -0.070
-176.009    -928.221    -0.070
-176.455    -928.448    -0.070
-176.901    -928.674    -0.070
-177.347    -928.901    -0.070
-177.792    -929.127    -0.070
-178.420    -929.436    -0.070
-178.960    -929.698    -0.070
-179.320    -929.872    -0.071
-179.860    -930.134    -0.071
-180.220    -930.308    -0.071
-180.670    -930.526    -0.071
-181.120    -930.745    -0.071
-181.660    -931.006    -0.071
-182.020    -931.181    -0.071
-182.559    -931.443    -0.071
-182.919    -931.617    -0.071
-183.459    -931.879    -0.071
-183.819    -932.053    -0.071
-184.359    -932.315    -0.071
-184.719    -932.490    -0.071
-185.531    -932.878    -0.071
-185.984    -933.089    -0.071
-186.346    -933.259    -0.071
-186.889    -933.514    -0.071
-187.342    -933.725    -0.071
-187.704    -933.895    -0.071
-188.247    -934.150    -0.071
-188.609    -934.319    -0.071
-188.972    -934.489    -0.071
-189.606    -934.786    -0.072
-189.968    -934.955    -0.072
-190.877    -935.372    -0.072
-191.244    -935.532    -0.072
-191.793    -935.772    -0.072
-192.251    -935.973    -0.072
-192.618    -936.133    -0.072
-193.076    -936.334    -0.072
-193.717    -936.614    -0.072
-193.992    -936.734    -0.072
-194.450    -936.935    -0.072
-195.000    -937.175    -0.072
-195.366    -937.336    -0.072
-195.915    -937.577    -0.072
-196.374    -937.776    -0.072
-196.740    -937.937    -0.072
-197.290    -938.178    -0.072
-197.748    -938.378    -0.072
-198.297    -938.618    -0.072
-198.573    -938.738    -0.072
-199.122    -938.979    -0.072
-199.949    -939.332    -0.073
-200.412    -939.522    -0.073
-200.874    -939.711    -0.073
-201.337    -939.901    -0.073
-201.799    -940.091    -0.073
-202.262    -940.281    -0.073
-202.632    -940.434    -0.073
-203.094    -940.624    -0.073
-203.557    -940.814    -0.073
-204.112    -941.042    -0.073
-204.574    -941.232    -0.073
-205.037    -941.422    -0.073
-205.872    -941.754    -0.073
-206.246    -941.898    -0.073
-206.713    -942.078    -0.073
-207.272    -942.293    -0.073
-207.646    -942.437    -0.073
-208.112    -942.617    -0.073
-208.671    -942.832    -0.073
-209.045    -942.976    -0.073
-209.512    -943.156    -0.073
-210.072    -943.371    -0.073
-210.445    -943.515    -0.073
-210.912    -943.695    -0.074
-211.472    -943.910    -0.074
-211.938    -944.090    -0.074
-212.593    -944.336    -0.074
-213.063    -944.507    -0.074
-213.533    -944.679    -0.074
-214.002    -944.850    -0.074
-214.472    -945.022    -0.074
-214.941    -945.193    -0.074
-215.411    -945.365    -0.074
-215.880    -945.537    -0.074
-216.350    -945.708    -0.074
-216.819    -945.880    -0.074
-217.289    -946.051    -0.074
-217.759    -946.223    -0.074
-218.229    -946.394    -0.074
-218.698    -946.566    -0.074
-219.168    -946.738    -0.074
-220.018    -947.033    -0.074
-220.491    -947.194    -0.074
-220.964    -947.356    -0.074
-221.437    -947.518    -0.074
-221.910    -947.679    -0.074
-222.383    -947.841    -0.075
-222.856    -948.003    -0.075
-223.329    -948.166    -0.075
-223.708    -948.295    -0.075
-224.276    -948.489    -0.075
-224.748    -948.651    -0.075
-225.221    -948.813    -0.075
-225.694    -948.975    -0.075
-226.358    -949.196    -0.075
-226.929    -949.381    -0.075
-227.309    -949.505    -0.075
-227.785    -949.661    -0.075
-228.260    -949.815    -0.075
-228.736    -949.970    -0.075
-229.211    -950.125    -0.075
-229.591    -950.249    -0.075
-230.256    -950.466    -0.075
-230.636    -950.590    -0.075
-231.112    -950.745    -0.075
-231.587    -950.900    -0.075
-232.542    -951.198    -0.075
-233.021    -951.340    -0.075
-233.500    -951.481    -0.075
-233.980    -951.623    -0.075
-234.460    -951.766    -0.076
-234.938    -951.908    -0.076
-235.418    -952.050    -0.076
-235.802    -952.163    -0.076
-236.377    -952.334    -0.076
-236.856    -952.476    -0.076
-237.240    -952.589    -0.076
-237.815    -952.760    -0.076
-238.294    -952.902    -0.076
-238.773    -953.044    -0.076
-239.157    -953.157    -0.076
-239.732    -953.328    -0.076
-240.212    -953.470    -0.076
-240.884    -953.662    -0.076
-241.366    -953.794    -0.076
-241.848    -953.927    -0.076
-242.331    -954.059    -0.076
-242.813    -954.191    -0.076
-243.392    -954.350    -0.076
-243.874    -954.482    -0.076
-244.356    -954.615    -0.076
-244.839    -954.747    -0.076
-245.224    -954.852    -0.076
-245.706    -954.985    -0.076
-246.188    -955.117    -0.076
-246.670    -955.249    -0.077
-247.152    -955.382    -0.077
-248.119    -955.636    -0.077
-248.605    -955.757    -0.077
-249.090    -955.878    -0.077
-249.575    -955.999    -0.077
-250.059    -956.120    -0.077
-250.642    -956.265    -0.077
-251.030    -956.362    -0.077
-251.515    -956.483    -0.077
-252.097    -956.628    -0.077
-252.486    -956.725    -0.077
-252.971    -956.846    -0.077
-253.553    -956.990    -0.077
-253.940    -957.087    -0.077
-254.426    -957.209    -0.077
-254.911    -957.329    -0.077
-255.591    -957.494    -0.077
-256.175    -957.630    -0.077
-256.663    -957.744    -0.077
-257.052    -957.834    -0.077
-257.636    -957.969    -0.077
-258.124    -958.083    -0.077
-258.513    -958.173    -0.077
-259.098    -958.309    -0.077
-259.584    -958.422    -0.078
-260.072    -958.535    -0.078
-260.462    -958.625    -0.078
-261.045    -958.761    -0.078
-261.729    -958.912    -0.078
-262.218    -959.018    -0.078
-262.706    -959.126    -0.078
-263.195    -959.232    -0.078
-263.682    -959.339    -0.078
-264.171    -959.445    -0.078
-264.660    -959.552    -0.078
-265.148    -959.658    -0.078
-265.637    -959.765    -0.078
-266.125    -959.872    -0.078
-266.614    -959.979    -0.078
-267.496    -960.154    -0.078
-268.085    -960.267    -0.078
-268.478    -960.343    -0.078
-268.969    -960.436    -0.078
-269.558    -960.549    -0.078
-270.049    -960.643    -0.078
-270.442    -960.718    -0.078
-271.032    -960.831    -0.078
-271.523    -960.924    -0.078
-271.916    -960.999    -0.078
-272.702    -961.147    -0.078
-273.095    -961.218    -0.078
-273.587    -961.308    -0.079
-274.079    -961.397    -0.079
-274.472    -961.469    -0.079
-275.162    -961.594    -0.079
-275.654    -961.683    -0.079
-276.047    -961.755    -0.079
-276.736    -961.875    -0.079
-277.131    -961.942    -0.079
-277.722    -962.043    -0.079
-278.215    -962.128    -0.079
-278.609    -962.195    -0.079
-279.200    -962.296    -0.079
-279.693    -962.380    -0.079
-280.186    -962.465    -0.079
-280.678    -962.550    -0.079
-281.171    -962.634    -0.079
-281.566    -962.701    -0.079
-282.157    -962.802    -0.079
-282.947    -962.928    -0.079
-283.343    -962.988    -0.079
-283.936    -963.078    -0.079
-284.331    -963.139    -0.079
-285.023    -963.244    -0.079
-285.320    -963.289    -0.079
-286.012    -963.394    -0.079
-286.309    -963.439    -0.079
-287.000    -963.544    -0.079
-287.396    -963.605    -0.079
-287.989    -963.695    -0.080
-288.384    -963.755    -0.080
-288.879    -963.829    -0.080
-289.670    -963.939    -0.080
-290.166    -964.005    -0.080
-290.663    -964.069    -0.080
-291.158    -964.135    -0.080
-291.752    -964.213    -0.080
-292.149    -964.265    -0.080
-292.745    -964.343    -0.080
-293.140    -964.396    -0.080
-293.636    -964.460    -0.080
-294.131    -964.526    -0.080
-294.727    -964.604    -0.080
-295.124    -964.656    -0.080
-295.619    -964.722    -0.080
-296.213    -964.800    -0.080
-296.610    -964.852    -0.080
-297.404    -964.947    -0.080
-297.902    -965.002    -0.080
-298.399    -965.056    -0.080
-298.994    -965.122    -0.080
-299.591    -965.188    -0.080
-299.889    -965.221    -0.080
-300.486    -965.287    -0.080
-300.983    -965.342    -0.080
-301.579    -965.408    -0.080
-302.076    -965.463    -0.080
-302.374    -965.496    -0.080
-302.871    -965.551    -0.080
-303.766    -965.646    -0.081
-304.064    -965.675    -0.081
-304.761    -965.742    -0.081
-305.059    -965.771    -0.081
-305.756    -965.838    -0.081
-306.055    -965.867    -0.081
-306.552    -965.917    -0.081
-306.851    -965.951    -0.081
-307.347    -966.008    -0.081
-307.844    -966.064    -0.081
-308.341    -966.121    -0.081
-308.838    -966.178    -0.081
-310.332    -966.290    -0.081
-310.932    -966.320    -0.081
-311.531    -966.350    -0.081
-311.831    -966.365    -0.081
-311.931    -966.371    -0.081
-312.029    -966.382    -0.081
-312.526    -966.436    -0.081
-312.924    -966.479    -0.081
-313.521    -966.544    -0.081
-313.918    -966.587    -0.081
-315.113    -966.693    -0.081
-315.512    -966.721    -0.081
-316.011    -966.754    -0.081
-316.709    -966.802    -0.081
-317.109    -966.829    -0.081
-318.007    -966.873    -0.081
-318.507    -966.894    -0.081
-319.006    -966.915    -0.081
-319.606    -966.940    -0.082
-320.205    -966.965    -0.082
-320.505    -966.978    -0.082
-320.705    -966.991    -0.082
-321.203    -967.021    -0.082
-321.703    -967.052    -0.082
-322.202    -967.083    -0.082
-322.700    -967.114    -0.082
-323.499    -967.154    -0.082
-323.999    -967.176    -0.082
-324.499    -967.198    -0.082
-324.998    -967.220    -0.082
-325.497    -967.241    -0.082
-325.996    -967.263    -0.082
-326.496    -967.284    -0.082
-326.996    -967.306    -0.082
-327.495    -967.327    -0.082
-327.995    -967.349    -0.082
-328.894    -967.375    -0.082
-329.194    -967.382    -0.082
-329.794    -967.397    -0.082
-330.394    -967.412    -0.082
-331.094    -967.427    -0.082
-331.594    -967.432    -0.082
-332.194    -967.437    -0.082
-332.694    -967.441    -0.082
-333.194    -967.446    -0.082
-333.594    -967.450    -0.082
-334.093    -967.454    -0.082
-334.493    -967.458    -0.082
-334.992    -967.462    -0.082
-335.592    -967.469    -0.082
-335.992    -967.473    -0.082
-336.692    -967.480    -0.082
-336.992    -967.483    -0.082
-337.692    -967.491    -0.083
-337.892    -967.494    -0.083
-338.492    -967.506    -0.083
-338.892    -967.514    -0.083
-339.492    -967.526    -0.083
-339.892    -967.535    -0.083
-340.692    -967.544    -0.083
-341.292    -967.543    -0.083
-341.692    -967.543    -0.083
-342.292    -967.542    -0.083
-343.690    -967.503    -0.083
-344.190    -967.474    -0.083
-344.689    -967.444    -0.083
-345.188    -967.415    -0.083
-345.686    -967.386    -0.083
-345.787    -967.380    -0.083
-345.887    -967.379    -0.083
-345.987    -967.381    -0.083
-346.386    -967.388    -0.083
-346.886    -967.398    -0.083
-347.486    -967.409    -0.083
-347.886    -967.416    -0.083
-349.185    -967.414    -0.083
-349.686    -967.400    -0.083
-350.185    -967.386    -0.083
-350.685    -967.373    -0.083
-351.185    -967.360    -0.083
-351.684    -967.347    -0.083
-352.184    -967.333    -0.083
-353.084    -967.297    -0.083
-353.583    -967.275    -0.083
-353.883    -967.261    -0.083
-354.482    -967.234    -0.083
-355.081    -967.207    -0.083
-355.680    -967.177    -0.083
-356.180    -967.148    -0.083
-356.779    -967.113    -0.084
-357.178    -967.091    -0.084
-357.776    -967.056    -0.084
-358.076    -967.040    -0.084
-358.376    -967.028    -0.084
-358.876    -967.008    -0.084
-359.375    -966.989    -0.084
-359.875    -966.970    -0.084
-360.374    -966.951    -0.084
-361.173    -966.913    -0.084
-361.672    -966.884    -0.084
-362.271    -966.848    -0.084
-362.770    -966.819    -0.084
-363.170    -966.795    -0.084
-364.068    -966.736    -0.084
-364.566    -966.699    -0.084
-365.065    -966.662    -0.084
-365.464    -966.632    -0.084
-365.863    -966.605    -0.084
-366.262    -966.580    -0.084
-366.860    -966.542    -0.084
-367.359    -966.510    -0.084
-367.759    -966.484    -0.084
-368.457    -966.436    -0.084
-368.856    -966.409    -0.084
-369.455    -966.367    -0.084
-369.854    -966.339    -0.084
-370.850    -966.256    -0.084
-371.348    -966.208    -0.084
-371.845    -966.161    -0.084
-372.343    -966.114    -0.084
-372.841    -966.066    -0.084
-373.735    -965.967    -0.084
-374.331    -965.895    -0.084
-374.728    -965.848    -0.084
-375.324    -965.776    -0.084
-375.720    -965.728    -0.084
-376.018    -965.692    -0.084
-376.317    -965.662    -0.084
-376.814    -965.614    -0.084
-377.412    -965.555    -0.084
-377.810    -965.516    -0.084
-378.307    -965.468    -0.084
-378.904    -965.409    -0.085
-379.699    -965.318    -0.085
-380.195    -965.259    -0.085
-380.692    -965.200    -0.085
-381.188    -965.141    -0.085
-381.684    -965.082    -0.085
-382.379    -964.993    -0.085
-382.875    -964.928    -0.085
-383.469    -964.850    -0.085
-383.767    -964.811    -0.085
-384.362    -964.733    -0.085
-384.659    -964.694    -0.085
-384.957    -964.660    -0.085
-385.554    -964.593    -0.085
-386.050    -964.537    -0.085
-386.548    -964.482    -0.085
-387.342    -964.387    -0.085
-387.936    -964.307    -0.085
-388.432    -964.240    -0.085
-388.927    -964.174    -0.085
-389.324    -964.120    -0.085
-389.819    -964.054    -0.085
-390.315    -963.987    -0.085
-390.909    -963.907    -0.085
-391.405    -963.841    -0.085
-391.900    -963.775    -0.085
-392.889    -963.624    -0.085
-393.284    -963.559    -0.085
-393.876    -963.462    -0.085
-394.369    -963.381    -0.085
-394.764    -963.317    -0.085
-394.961    -963.286    -0.085
-395.358    -963.233    -0.085
-395.853    -963.166    -0.085
-396.250    -963.113    -0.085
-396.844    -963.033    -0.085
-398.227    -962.815    -0.085
-398.718    -962.723    -0.085
-399.208    -962.630    -0.085
-399.700    -962.537    -0.085
-400.094    -962.463    -0.085
-400.192    -962.446    -0.085
-400.587    -962.383    -0.085
-401.080    -962.306    -0.085
-401.574    -962.228    -0.085
-402.068    -962.150    -0.085
-403.153    -961.969    -0.085
-403.448    -961.913    -0.086
-403.939    -961.822    -0.086
-404.628    -961.694    -0.086
-404.923    -961.639    -0.086
-405.414    -961.548    -0.086
-406.200    -961.399    -0.086
-406.593    -961.321    -0.086
-407.279    -961.185    -0.086
-407.573    -961.127    -0.086
-408.064    -961.031    -0.086
-408.653    -960.915    -0.086
-409.143    -960.818    -0.086
-409.536    -960.740    -0.086
-410.026    -960.644    -0.086
-410.615    -960.528    -0.086
-411.203    -960.411    -0.086
-411.791    -960.292    -0.086
-412.280    -960.191    -0.086
-412.672    -960.110    -0.086
-413.162    -960.008    -0.086
-413.651    -959.908    -0.086
-413.947    -959.851    -0.086
-414.437    -959.756    -0.086
-415.027    -959.643    -0.086
-415.420    -959.568    -0.086
-417.073    -959.177    -0.086
-417.460    -959.076    -0.086
-418.040    -958.925    -0.086
-418.428    -958.824    -0.086
-418.621    -958.773    -0.086
-418.718    -958.753    -0.086
-419.110    -958.671    -0.086
-419.600    -958.568    -0.086
-420.088    -958.466    -0.086
-420.578    -958.363    -0.086
-421.067    -958.261    -0.086
-421.946    -958.068    -0.086
-422.433    -957.952    -0.086
-423.016    -957.812    -0.086
-423.406    -957.720    -0.086
-423.891    -957.604    -0.086
-424.476    -957.465    -0.086
-424.670    -957.420    -0.086
-424.963    -957.359    -0.086
-425.453    -957.257    -0.086
-425.845    -957.175    -0.086
-426.432    -957.052    -0.086
-427.794    -956.730    -0.086
-428.277    -956.601    -0.086
-428.760    -956.472    -0.086
-429.339    -956.317    -0.086
-429.725    -956.213    -0.086
-430.113    -956.111    -0.086
-430.692    -955.958    -0.086
-431.175    -955.831    -0.086
-431.660    -955.703    -0.086
-432.143    -955.575    -0.086
-432.529    -955.473    -0.086
-432.917    -955.373    -0.086
-433.595    -955.198    -0.086
-433.981    -955.098    -0.086
-434.465    -954.973    -0.086
-434.949    -954.848    -0.087
-435.627    -954.669    -0.087
-436.109    -954.537    -0.087
-436.591    -954.406    -0.087
-437.073    -954.274    -0.087
-437.555    -954.142    -0.087
-438.038    -954.011    -0.087
-438.521    -953.879    -0.087
-439.003    -953.747    -0.087
-439.869    -953.502    -0.087
-440.444    -953.332    -0.087
-440.731    -953.247    -0.087
-441.306    -953.076    -0.087
-441.786    -952.934    -0.087
-442.169    -952.820    -0.087
-442.649    -952.679    -0.087
-443.128    -952.537    -0.087
-443.895    -952.309    -0.087
-444.563    -952.099    -0.087
-444.849    -952.010    -0.087
-445.326    -951.861    -0.087
-445.899    -951.683    -0.087
-446.281    -951.564    -0.087
-446.758    -951.415    -0.087
-447.236    -951.266    -0.087
-447.903    -951.056    -0.087
-448.380    -950.903    -0.087
-448.855    -950.750    -0.087
-449.331    -950.596    -0.087
-449.807    -950.443    -0.087
-450.188    -950.320    -0.087
-450.759    -950.137    -0.087
-451.235    -949.984    -0.087
-451.616    -949.861    -0.087
-452.281    -949.645    -0.087
-452.850    -949.457    -0.087
-453.325    -949.300    -0.087
-453.800    -949.143    -0.087
-454.180    -949.017    -0.087
-454.655    -948.860    -0.087
-455.130    -948.703    -0.087
-455.604    -948.546    -0.087
-456.361    -948.290    -0.087
-456.741    -948.161    -0.087
-457.119    -948.032    -0.087
-457.686    -947.838    -0.087
-458.254    -947.644    -0.087
-458.728    -947.482    -0.087
-459.199    -947.316    -0.087
-459.671    -947.150    -0.087
-460.237    -946.952    -0.087
-460.709    -946.786    -0.087
-461.086    -946.654    -0.087
-461.558    -946.488    -0.087
-462.124    -946.289    -0.087
-462.501    -946.157    -0.087
-462.784    -946.058    -0.087
-463.447    -945.832    -0.087
-463.919    -945.670    -0.087
-464.392    -945.508    -0.087
-464.865    -945.346    -0.087
-465.150    -945.249    -0.087
-465.623    -945.087    -0.087
-466.842    -944.637    -0.087
-467.401    -944.419    -0.087
-467.774    -944.274    -0.087
-468.332    -944.056    -0.087
-468.799    -943.874    -0.087
-469.171    -943.729    -0.087
-469.915    -943.436    -0.087
-470.193    -943.323    -0.087
-470.841    -943.060    -0.087
-471.305    -942.872    -0.087
-471.582    -942.758    -0.087
-472.046    -942.570    -0.087
-472.602    -942.345    -0.087
-472.973    -942.196    -0.087
-473.437    -942.010    -0.087
-473.901    -941.824    -0.087
-474.458    -941.600    -0.087
-474.922    -941.414    -0.087
-475.293    -941.265    -0.087
-475.573    -941.157    -0.087
-476.039    -940.978    -0.087
-476.599    -940.762    -0.087
-477.066    -940.582    -0.087
-477.439    -940.438    -0.087
-478.644    -939.950    -0.087
-479.102    -939.750    -0.087
-479.561    -939.552    -0.087
-480.020    -939.353    -0.087
-480.478    -939.155    -0.087
-480.938    -938.955    -0.087
-481.396    -938.757    -0.087
-481.672    -938.641    -0.087
-482.133    -938.446    -0.087
-482.593    -938.251    -0.087
-483.054    -938.057    -0.087
-483.607    -937.823    -0.087
-483.882    -937.706    -0.087
-484.343    -937.512    -0.087
-484.988    -937.237    -0.087
-485.355    -937.080    -0.087
-485.815    -936.884    -0.087
-486.367    -936.647    -0.088
-486.734    -936.490    -0.088
-487.376    -936.213    -0.088
-487.835    -936.013    -0.088
-488.293    -935.814    -0.088
-489.024    -935.487    -0.088
-489.478    -935.277    -0.088
-490.113    -934.983    -0.088
-490.385    -934.857    -0.088
-490.839    -934.648    -0.088
-491.475    -934.354    -0.088
-491.837    -934.184    -0.088
-492.290    -933.973    -0.088
-492.833    -933.719    -0.088
-493.195    -933.549    -0.088
-493.648    -933.338    -0.088
-494.192    -933.084    -0.088
-494.824    -932.783    -0.088
-495.184    -932.610    -0.088
-495.635    -932.393    -0.088
-496.086    -932.177    -0.088
-496.626    -931.917    -0.088
-497.077    -931.700    -0.088
-497.527    -931.484    -0.088
-497.978    -931.267    -0.088
-498.429    -931.051    -0.088
-498.880    -930.834    -0.088
-499.240    -930.661    -0.088
-499.780    -930.400    -0.088
-500.494    -930.039    -0.088
-501.116    -929.720    -0.088
-501.473    -929.537    -0.088
-501.917    -929.309    -0.088
-502.363    -929.081    -0.088
-502.718    -928.898    -0.088
-503.341    -928.579    -0.088
-503.608    -928.442    -0.088
-503.964    -928.261    -0.088
-504.500    -927.990    -0.088
-504.946    -927.764    -0.088
-505.391    -927.538    -0.088
-505.927    -927.266    -0.088
-506.283    -927.085    -0.088
-506.730    -926.859    -0.088
-507.264    -926.587    -0.088
-507.708    -926.357    -0.088
-508.328    -926.033    -0.088
-508.684    -925.849    -0.088
-509.126    -925.618    -0.088
-509.570    -925.387    -0.088
-510.013    -925.156    -0.088
-510.457    -924.925    -0.088
-510.900    -924.693    -0.088
-511.432    -924.416    -0.088
-512.220    -923.982    -0.088
-512.482    -923.835    -0.088
-513.093    -923.495    -0.088
-513.530    -923.251    -0.088
-513.967    -923.007    -0.088
-514.315    -922.812    -0.088
-514.839    -922.520    -0.088
-515.276    -922.276    -0.088
-515.625    -922.081    -0.088
-516.149    -921.788    -0.088
-516.585    -921.544    -0.088
-517.022    -921.301    -0.088
-517.458    -921.057    -0.088
-517.895    -920.813    -0.088
-518.245    -920.618    -0.088
-518.681    -920.374    -0.088
-519.204    -920.083    -0.088
-519.641    -919.839    -0.088
-520.078    -919.595    -0.088
-520.940    -919.089    -0.088
-521.369    -918.831    -0.088
-521.882    -918.522    -0.088
-522.225    -918.316    -0.088
-522.740    -918.007    -0.088
-523.083    -917.801    -0.088
-523.597    -917.492    -0.088
-523.940    -917.286    -0.088
-524.454    -916.977    -0.088
-524.797    -916.771    -0.088
-525.225    -916.514    -0.088
-525.654    -916.256    -0.088
-526.083    -915.999    -0.088
-526.512    -915.741    -0.088
-526.940    -915.484    -0.088
-527.369    -915.226    -0.088
-527.882    -914.917    -0.088
-528.225    -914.712    -0.088
-528.740    -914.403    -0.088
-529.082    -914.197    -0.088
-529.511    -913.939    -0.088
-530.025    -913.630    -0.088
-530.368    -913.425    -0.088
-530.797    -913.167    -0.088
-531.225    -912.910    -0.088
-531.654    -912.652    -0.088
-532.420    -912.179    -0.088
-532.841    -911.910    -0.088
-533.348    -911.588    -0.088
-533.685    -911.373    -0.088
-534.191    -911.051    -0.088
-534.613    -910.783    -0.088
-534.950    -910.568    -0.088
-535.457    -910.246    -0.088
-535.878    -909.977    -0.088
-536.215    -909.762    -0.088
-536.722    -909.440    -0.088
-537.309    -909.060    -0.088
-537.561    -908.897    -0.088
-538.064    -908.571    -0.088
-538.484    -908.299    -0.088
-538.988    -907.973    -0.088
-539.239    -907.810    -0.088
-539.659    -907.539    -0.088
-540.163    -907.212    -0.088
-540.582    -906.940    -0.088
-541.002    -906.669    -0.088
-541.338    -906.451    -0.088
-542.174    -905.903    -0.088
-542.670    -905.565    -0.088
-543.000    -905.340    -0.088
-543.413    -905.057    -0.088
-543.908    -904.719    -0.088
-544.238    -904.494    -0.088
-544.651    -904.211    -0.088
-545.064    -903.930    -0.088
-545.394    -903.704    -0.088
-545.890    -903.365    -0.088
-546.385    -903.027    -0.087
-546.716    -902.802    -0.087
-547.211    -902.463    -0.087
-547.706    -902.125    -0.087
-548.034    -901.896    -0.087
-548.526    -901.553    -0.087
-548.855    -901.325    -0.087
-549.265    -901.039    -0.087
-549.675    -900.754    -0.087
-550.086    -900.468    -0.087
-550.578    -900.126    -0.087
-550.907    -899.897    -0.087
-551.317    -899.611    -0.087
-551.810    -899.269    -0.087
-552.138    -899.040    -0.087
-552.630    -898.698    -0.087
-553.597    -897.986    -0.087
-553.994    -897.684    -0.087
-554.472    -897.320    -0.087
-554.790    -897.077    -0.087
-555.107    -896.835    -0.087
-555.585    -896.471    -0.087
-555.982    -896.168    -0.087
-556.460    -895.804    -0.087
-556.778    -895.562    -0.087
-557.254    -895.198    -0.087
-557.573    -894.955    -0.087
-558.050    -894.591    -0.087
-558.367    -894.349    -0.087
-558.685    -894.106    -0.087
-559.163    -893.742    -0.087
-559.560    -893.438    -0.087
-560.037    -893.075    -0.087
-560.512    -892.710    -0.087
-560.908    -892.403    -0.087
-561.303    -892.097    -0.087
-561.698    -891.791    -0.087
-562.093    -891.485    -0.087
-562.489    -891.179    -0.087
-562.884    -890.873    -0.087
-563.279    -890.566    -0.087
-563.674    -890.261    -0.087
-564.070    -889.955    -0.087
-564.540    -889.581    -0.087
-565.008    -889.206    -0.087
-565.475    -888.830    -0.087
-565.787    -888.580    -0.087
-566.177    -888.267    -0.087
-566.567    -887.953    -0.087
-566.957    -887.640    -0.087
-567.347    -887.327    -0.087
-567.737    -887.014    -0.087
-568.127    -886.701    -0.087
-568.516    -886.389    -0.087
-568.906    -886.075    -0.087
-569.372    -885.697    -0.087
-569.684    -885.446    -0.087
-570.227    -885.005    -0.087
-570.461    -884.817    -0.087
-570.849    -884.503    -0.087
-571.394    -884.063    -0.087
-571.627    -883.874    -0.087
-572.478    -883.177    -0.087
-572.782    -882.917    -0.087
-573.161    -882.593    -0.087
-573.618    -882.203    -0.087
-573.922    -881.943    -0.087
-574.302    -881.619    -0.087
-574.758    -881.228    -0.087
-575.062    -880.968    -0.087
-575.443    -880.643    -0.087
-575.898    -880.254    -0.087
-576.202    -879.994    -0.087
-576.583    -879.669    -0.087
-577.038    -879.279    -0.087
-577.342    -879.019    -0.087
-577.723    -878.694    -0.087
-578.474    -878.034    -0.087
-578.918    -877.632    -0.087
-579.215    -877.364    -0.087
-579.586    -877.029    -0.087
-579.957    -876.694    -0.087
-580.328    -876.359    -0.087
-580.699    -876.024    -0.087
-581.070    -875.688    -0.087
-581.441    -875.353    -0.087
-581.812    -875.018    -0.087
-582.183    -874.683    -0.087
-582.629    -874.281    -0.087
-582.926    -874.013    -0.087
-583.298    -873.678    -0.087
-583.595    -873.411    -0.087
-584.042    -873.011    -0.087
-584.414    -872.676    -0.087
-584.711    -872.409    -0.087
-585.083    -872.075    -0.087
-585.749    -871.470    -0.087
-586.187    -871.060    -0.087
-586.551    -870.718    -0.087
-586.842    -870.444    -0.087
-587.280    -870.033    -0.087
-587.714    -869.619    -0.087
-588.146    -869.202    -0.086
-588.433    -868.925    -0.086
-588.865    -868.508    -0.086
-589.297    -868.091    -0.086
-589.585    -867.814    -0.086
-590.017    -867.397    -0.086
-590.233    -867.189    -0.086
-590.736    -866.703    -0.086
-591.025    -866.425    -0.086
-591.312    -866.148    -0.086
-591.672    -865.802    -0.086
-592.033    -865.455    -0.086
-592.465    -865.038    -0.086
-593.034    -864.476    -0.086
-593.247    -864.265    -0.086
-593.673    -863.843    -0.086
-594.028    -863.490    -0.086
-594.454    -863.068    -0.086
-594.670    -862.859    -0.086
-594.958    -862.581    -0.086
-595.316    -862.233    -0.086
-595.747    -861.815    -0.086
-596.035    -861.537    -0.086
-596.393    -861.190    -0.086
-596.892    -860.699    -0.086
-597.178    -860.419    -0.086
-597.534    -860.068    -0.086
-598.235    -859.355    -0.086
-598.583    -858.996    -0.086
-598.930    -858.636    -0.086
-599.277    -858.276    -0.086
-599.555    -857.988    -0.086
-599.836    -857.704    -0.086
-600.189    -857.349    -0.086
-600.540    -856.994    -0.086
-600.892    -856.639    -0.086
-601.245    -856.285    -0.086
-601.932    -855.559    -0.086
-602.340    -855.118    -0.086
-602.679    -854.751    -0.086
-603.019    -854.384    -0.086
-603.088    -854.311    -0.086
-603.365    -854.024    -0.086
-603.783    -853.593    -0.086
-604.060    -853.305    -0.086
-604.478    -852.874    -0.086
-604.755    -852.586    -0.086
-605.239    -852.081    -0.086
-605.650    -851.643    -0.086
-605.991    -851.278    -0.086
-606.402    -850.841    -0.086
-606.607    -850.621    -0.086
-607.351    -849.812    -0.086
-607.616    -849.512    -0.086
-608.080    -848.988    -0.086
-608.345    -848.688    -0.086
-608.741    -848.238    -0.086
-609.267    -847.634    -0.086
-609.527    -847.330    -0.086
-609.851    -846.951    -0.086
-610.176    -846.570    -0.086
-610.501    -846.190    -0.085
-610.891    -845.734    -0.085
-611.151    -845.430    -0.085
-611.280    -845.278    -0.085
-611.612    -844.904    -0.085
-611.943    -844.530    -0.085
-612.208    -844.230    -0.085
-612.606    -843.781    -0.085
-613.003    -843.331    -0.085
-613.269    -843.032    -0.085
-613.730    -842.505    -0.085
-614.058    -842.129    -0.085
-614.387    -841.751    -0.085
-614.716    -841.375    -0.085
-615.045    -840.999    -0.085
-615.308    -840.697    -0.085
-615.702    -840.245    -0.085
-616.031    -839.869    -0.085
-616.422    -839.414    -0.085
-616.874    -838.879    -0.085
-617.132    -838.574    -0.085
-617.455    -838.192    -0.085
-617.778    -837.810    -0.085
-617.973    -837.583    -0.085
-618.301    -837.206    -0.085
-618.629    -836.828    -0.085
-619.023    -836.375    -0.085
-619.351    -835.998    -0.085
-619.548    -835.772    -0.085
-620.130    -835.085    -0.085
-620.512    -834.623    -0.085
-620.832    -834.238    -0.085
-621.087    -833.930    -0.085
-621.470    -833.468    -0.085
-622.101    -832.693    -0.085
-622.470    -832.221    -0.085
-622.717    -831.905    -0.085
-623.025    -831.511    -0.085
-623.272    -831.197    -0.085
-623.520    -830.884    -0.085
-623.893    -830.414    -0.085
-624.203    -830.022    -0.085
-624.635    -829.471    -0.085
-624.882    -829.156    -0.085
-625.190    -828.762    -0.085
-625.497    -828.368    -0.085
-625.985    -827.734    -0.085
-626.226    -827.415    -0.085
-626.647    -826.856    -0.085
-626.889    -826.536    -0.084
-627.190    -826.138    -0.084
-627.493    -825.739    -0.084
-627.734    -825.421    -0.084
-628.096    -824.943    -0.084
-628.278    -824.703    -0.084
-628.403    -824.547    -0.084
-628.715    -824.157    -0.084
-628.964    -823.844    -0.084
-629.760    -822.817    -0.084
-630.055    -822.414    -0.084
-630.292    -822.091    -0.084
-630.647    -821.608    -0.084
-630.943    -821.204    -0.084
-631.238    -820.801    -0.084
-631.534    -820.398    -0.084
-631.829    -819.994    -0.084
-632.125    -819.591    -0.084
-632.420    -819.188    -0.084
-632.716    -818.785    -0.084
-633.125    -818.217    -0.084
-633.475    -817.729    -0.084
-633.708    -817.405    -0.084
-634.057    -816.917    -0.084
-634.232    -816.673    -0.084
-634.691    -816.017    -0.084
-634.975    -815.606    -0.084
-635.259    -815.195    -0.084
-635.599    -814.701    -0.084
-635.940    -814.207    -0.084
-636.111    -813.960    -0.084
-636.285    -813.715    -0.084
-636.633    -813.228    -0.084
-636.866    -812.902    -0.084
-637.099    -812.577    -0.084
-637.506    -812.008    -0.084
-637.739    -811.682    -0.084
-638.196    -811.026    -0.084
-638.536    -810.532    -0.084
-638.763    -810.202    -0.084
-639.102    -809.708    -0.084
-639.329    -809.378    -0.084
-639.613    -808.967    -0.083
-639.953    -808.473    -0.083
-640.179    -808.143    -0.083
-640.463    -807.730    -0.083
-640.746    -807.319    -0.083
-641.083    -806.822    -0.083
-641.306    -806.491    -0.083
-641.643    -805.994    -0.083
-641.867    -805.663    -0.083
-642.204    -805.166    -0.083
-642.428    -804.835    -0.083
-642.764    -804.338    -0.083
-643.045    -803.924    -0.083
-643.538    -803.171    -0.083
-643.809    -802.751    -0.083
-644.080    -802.331    -0.083
-644.297    -801.995    -0.083
-644.622    -801.491    -0.083
-645.052    -800.817    -0.083
-645.266    -800.479    -0.083
-645.480    -800.141    -0.083
-645.747    -799.718    -0.083
-646.068    -799.211    -0.083
-646.282    -798.873    -0.083
-646.603    -798.367    -0.083
-646.817    -798.029    -0.083
-647.293    -797.265    -0.083
-647.554    -796.838    -0.083
-647.762    -796.497    -0.083
-648.076    -795.985    -0.083
-648.285    -795.644    -0.083
-648.598    -795.132    -0.083
-648.754    -794.877    -0.083
-649.067    -794.365    -0.083
-649.328    -793.938    -0.083
-649.641    -793.426    -0.083
-649.850    -793.085    -0.083
-650.163    -792.573    -0.082
-650.474    -792.061    -0.082
-650.732    -791.633    -0.082
-650.990    -791.205    -0.082
-651.248    -790.777    -0.082
-651.507    -790.348    -0.082
-651.765    -789.920    -0.082
-652.020    -789.489    -0.082
-652.274    -789.059    -0.082
-652.579    -788.542    -0.082
-652.782    -788.198    -0.082
-653.088    -787.682    -0.082
-653.343    -787.251    -0.082
-653.597    -786.821    -0.082
-653.952    -786.218    -0.082
-654.249    -785.697    -0.082
-654.498    -785.263    -0.082
-654.696    -784.915    -0.082
-654.944    -784.481    -0.082
-655.241    -783.961    -0.082
-655.490    -783.527    -0.082
-655.784    -783.004    -0.082
-656.027    -782.567    -0.082
-656.320    -782.043    -0.082
-656.515    -781.694    -0.082
-656.758    -781.257    -0.082
-657.145    -780.557    -0.082
-657.383    -780.118    -0.082
-657.621    -779.678    -0.082
-657.860    -779.239    -0.082
-658.050    -778.887    -0.082
-658.288    -778.447    -0.082
-658.525    -778.007    -0.082
-658.762    -777.567    -0.082
-659.000    -777.127    -0.081
-659.284    -776.599    -0.081
-659.474    -776.247    -0.081
-659.712    -775.806    -0.081
-659.949    -775.367    -0.081
-660.187    -774.926    -0.081
-660.424    -774.487    -0.081
-660.707    -773.958    -0.081
-660.990    -773.428    -0.081
-661.178    -773.075    -0.081
-661.414    -772.635    -0.081
-661.649    -772.193    -0.081
-661.884    -771.753    -0.081
-662.073    -771.400    -0.081
-662.616    -770.330    -0.081
-662.837    -769.881    -0.081
-663.013    -769.522    -0.081
-663.278    -768.984    -0.081
-663.498    -768.535    -0.081
-663.718    -768.086    -0.081
-663.938    -767.637    -0.081
-664.113    -767.277    -0.081
-664.377    -766.738    -0.081
-664.596    -766.289    -0.081
-664.816    -765.840    -0.081
-665.035    -765.392    -0.081
-665.299    -764.853    -0.081
-665.519    -764.404    -0.081
-665.695    -764.044    -0.081
-665.874    -763.686    -0.081
-666.137    -763.147    -0.081
-666.357    -762.698    -0.081
-666.577    -762.249    -0.080
-666.795    -761.799    -0.080
-667.015    -761.350    -0.080
-667.234    -760.901    -0.080
-667.454    -760.452    -0.080
-667.798    -759.729    -0.080
-668.009    -759.276    -0.080
-668.220    -758.823    -0.080
-668.431    -758.370    -0.080
-668.518    -758.190    -0.080
-668.739    -757.741    -0.080
-668.915    -757.382    -0.080
-669.180    -756.844    -0.080
-669.401    -756.395    -0.080
-669.620    -755.946    -0.080
-669.841    -755.498    -0.080
-670.417    -754.223    -0.080
-670.613    -753.762    -0.080
-670.808    -753.302    -0.080
-671.002    -752.841    -0.080
-671.198    -752.382    -0.080
-671.396    -751.922    -0.080
-671.554    -751.555    -0.080
-671.752    -751.096    -0.080
-671.949    -750.637    -0.080
-672.108    -750.270    -0.080
-672.192    -750.088    -0.080
-672.402    -749.635    -0.080
-672.654    -749.089    -0.080
-672.780    -748.817    -0.080
-673.032    -748.273    -0.079
-673.508    -747.172    -0.079
-673.695    -746.708    -0.079
-673.882    -746.245    -0.079
-674.069    -745.781    -0.079
-674.256    -745.317    -0.079
-674.481    -744.761    -0.079
-674.635    -744.392    -0.079
-674.828    -743.930    -0.079
-674.981    -743.562    -0.079
-675.212    -743.008    -0.079
-675.405    -742.547    -0.079
-675.559    -742.177    -0.079
-675.791    -741.624    -0.079
-676.053    -740.975    -0.079
-676.240    -740.511    -0.079
-676.353    -740.234    -0.079
-676.578    -739.677    -0.079
-676.765    -739.213    -0.079
-676.988    -738.656    -0.079
-677.209    -738.099    -0.079
-677.394    -737.635    -0.079
-677.542    -737.263    -0.079
-677.727    -736.798    -0.079
-677.912    -736.333    -0.079
-678.097    -735.869    -0.079
-678.383    -735.122    -0.079
-678.560    -734.654    -0.078
-678.736    -734.187    -0.078
-678.948    -733.625    -0.078
-679.090    -733.252    -0.078
-679.231    -732.878    -0.078
-679.511    -732.128    -0.078
-679.684    -731.659    -0.078
-679.857    -731.190    -0.078
-679.996    -730.814    -0.078
-680.169    -730.345    -0.078
-680.342    -729.876    -0.078
-680.482    -729.501    -0.078
-680.657    -729.033    -0.078
-680.833    -728.566    -0.078
-681.009    -728.098    -0.078
-681.185    -727.630    -0.078
-681.396    -727.067    -0.078
-681.571    -726.600    -0.078
-681.747    -726.132    -0.078
-682.050    -725.285    -0.078
-682.181    -724.907    -0.078
-682.345    -724.434    -0.078
-682.541    -723.868    -0.078
-682.672    -723.490    -0.078
-682.964    -722.638    -0.078
-683.120    -722.163    -0.078
-683.244    -721.783    -0.078
-683.431    -721.213    -0.077
-683.587    -720.738    -0.077
-683.774    -720.168    -0.077
-683.837    -719.978    -0.077
-683.936    -719.695    -0.077
-684.100    -719.222    -0.077
-684.297    -718.656    -0.077
-684.461    -718.184    -0.077
-684.593    -717.806    -0.077
-684.757    -717.334    -0.077
-684.921    -716.862    -0.077
-685.210    -716.009    -0.077
-685.333    -715.629    -0.077
-685.521    -715.059    -0.077
-685.676    -714.584    -0.077
-685.801    -714.203    -0.077
-685.987    -713.634    -0.077
-686.230    -712.871    -0.077
-686.347    -712.489    -0.077
-686.495    -712.011    -0.077
-686.671    -711.438    -0.077
-686.818    -710.960    -0.077
-686.966    -710.482    -0.077
-687.027    -710.292    -0.077
-687.211    -709.721    -0.077
-687.450    -708.957    -0.077
-687.593    -708.478    -0.076
-687.736    -708.000    -0.076
-687.851    -707.616    -0.076
-688.025    -707.042    -0.076
-688.169    -706.564    -0.076
-688.285    -706.180    -0.076
-688.429    -705.702    -0.076
-688.574    -705.223    -0.076
-688.719    -704.745    -0.076
-688.968    -703.880    -0.076
-689.102    -703.399    -0.076
-689.237    -702.917    -0.076
-689.371    -702.435    -0.076
-689.506    -701.954    -0.076
-689.640    -701.472    -0.076
-689.801    -700.895    -0.076
-689.936    -700.413    -0.076
-690.017    -700.124    -0.076
-690.228    -699.353    -0.076
-690.333    -698.967    -0.076
-690.463    -698.484    -0.076
-690.594    -698.001    -0.076
-690.725    -697.519    -0.076
-690.855    -697.036    -0.076
-691.011    -696.456    -0.076
-691.115    -696.071    -0.075
-691.245    -695.588    -0.075
-691.401    -695.008    -0.075
-691.505    -694.623    -0.075
-691.636    -694.140    -0.075
-691.838    -693.365    -0.075
-691.960    -692.881    -0.075
-692.083    -692.397    -0.075
-692.205    -691.912    -0.075
-692.303    -691.524    -0.075
-692.496    -690.747    -0.075
-692.593    -690.359    -0.075
-692.736    -689.777    -0.075
-692.809    -689.485    -0.075
-692.861    -689.293    -0.075
-693.016    -688.713    -0.075
-693.120    -688.327    -0.075
-693.251    -687.844    -0.075
-693.381    -687.361    -0.075
-693.563    -686.686    -0.075
-693.667    -686.300    -0.075
-693.771    -685.913    -0.075
-693.902    -685.431    -0.075
-694.006    -685.045    -0.075
-694.166    -684.466    -0.075
-694.273    -684.082    -0.075
-694.622    -682.726    -0.074
-694.709    -682.336    -0.074
-694.818    -681.848    -0.074
-694.949    -681.262    -0.074
-695.036    -680.872    -0.074
-695.167    -680.286    -0.074
-695.255    -679.896    -0.074
-695.365    -679.408    -0.074
-695.475    -678.921    -0.074
-695.585    -678.433    -0.074
-695.695    -677.945    -0.074
-695.805    -677.457    -0.074
-695.915    -676.970    -0.074
-696.046    -676.385    -0.074
-696.135    -675.995    -0.074
-696.266    -675.409    -0.074
-696.376    -674.921    -0.074
-696.485    -674.434    -0.074
-696.573    -674.043    -0.074
-696.682    -673.555    -0.074
-696.792    -673.068    -0.074
-696.901    -672.579    -0.074
-697.011    -672.092    -0.074
-697.120    -671.604    -0.074
-697.321    -670.625    -0.073
-697.418    -670.134    -0.073
-697.514    -669.643    -0.073
-697.611    -669.153    -0.073
-697.706    -668.662    -0.073
-697.803    -668.172    -0.073
-697.899    -667.681    -0.073
-697.996    -667.191    -0.073
-698.092    -666.700    -0.073
-698.189    -666.209    -0.073
-698.284    -665.718    -0.073
-698.381    -665.229    -0.073
-698.478    -664.738    -0.073
-698.574    -664.247    -0.073
-698.670    -663.756    -0.073
-698.766    -663.266    -0.073
-698.863    -662.775    -0.073
-698.959    -662.285    -0.073
-699.106    -661.498    -0.073
-699.193    -661.006    -0.073
-699.264    -660.612    -0.073
-699.370    -660.022    -0.073
-699.457    -659.530    -0.073
-699.527    -659.136    -0.072
-699.633    -658.546    -0.072
-699.704    -658.151    -0.072
-699.809    -657.561    -0.072
-699.898    -657.069    -0.072
-699.986    -656.577    -0.072
-700.074    -656.085    -0.072
-700.162    -655.593    -0.072
-700.232    -655.199    -0.072
-700.338    -654.608    -0.072
-700.425    -654.116    -0.072
-700.496    -653.722    -0.072
-700.602    -653.131    -0.072
-700.689    -652.639    -0.072
-700.778    -652.147    -0.072
-700.865    -651.655    -0.072
-700.936    -651.262    -0.072
-701.042    -650.671    -0.072
-701.129    -650.178    -0.072
-701.199    -649.785    -0.072
-701.305    -649.194    -0.072
-701.394    -648.702    -0.072
-701.481    -648.210    -0.072
-701.570    -647.718    -0.072
-701.658    -647.226    -0.071
-701.728    -646.832    -0.071
-701.834    -646.242    -0.071
-701.921    -645.749    -0.071
-702.010    -645.257    -0.071
-702.097    -644.765    -0.071
-702.185    -644.273    -0.071
-702.339    -643.285    -0.071
-702.423    -642.691    -0.071
-702.480    -642.295    -0.071
-702.564    -641.701    -0.071
-702.620    -641.305    -0.071
-702.691    -640.810    -0.071
-702.761    -640.315    -0.071
-702.832    -639.820    -0.071
-702.902    -639.325    -0.071
-702.973    -638.830    -0.071
-703.044    -638.335    -0.071
-703.114    -637.840    -0.071
-703.185    -637.345    -0.071
-703.256    -636.851    -0.071
-703.326    -636.355    -0.071
-703.411    -635.762    -0.071
-703.469    -635.365    -0.070
-703.539    -634.871    -0.070
-703.623    -634.277    -0.070
-703.690    -633.781    -0.070
-703.756    -633.286    -0.070
-703.823    -632.790    -0.070
-703.890    -632.295    -0.070
-703.956    -631.799    -0.070
-704.024    -631.304    -0.070
-704.091    -630.808    -0.070
-704.157    -630.313    -0.070
-704.225    -629.818    -0.070
-704.292    -629.322    -0.070
-704.345    -628.926    -0.070
-704.426    -628.331    -0.070
-704.493    -627.836    -0.070
-704.560    -627.340    -0.070
-704.627    -626.845    -0.070
-704.694    -626.349    -0.070
-704.761    -625.854    -0.070
-704.828    -625.358    -0.070
-704.895    -624.863    -0.070
-704.961    -624.367    -0.070
-705.028    -623.872    -0.070
-705.096    -623.376    -0.069
-705.162    -622.881    -0.069
-705.216    -622.485    -0.069
-705.286    -621.989    -0.069
-705.357    -621.495    -0.069
-705.428    -621.000    -0.069
-705.499    -620.505    -0.069
-705.571    -620.011    -0.069
-705.641    -619.515    -0.069
-705.784    -618.425    -0.069
-705.844    -617.828    -0.069
-705.884    -617.431    -0.069
-705.935    -616.933    -0.069
-705.995    -616.336    -0.069
-706.035    -615.938    -0.069
-706.086    -615.441    -0.069
-706.146    -614.843    -0.069
-706.187    -614.446    -0.069
-706.237    -613.948    -0.069
-706.297    -613.352    -0.069
-706.338    -612.953    -0.069
-706.391    -612.457    -0.069
-706.435    -612.059    -0.069
-706.488    -611.562    -0.068
-706.542    -611.065    -0.068
-706.607    -610.468    -0.068
-706.661    -609.971    -0.068
-706.714    -609.475    -0.068
-706.758    -609.077    -0.068
-706.811    -608.580    -0.068
-706.877    -607.983    -0.068
-706.930    -607.486    -0.068
-706.984    -606.988    -0.068
-707.027    -606.591    -0.068
-707.081    -606.095    -0.068
-707.144    -605.498    -0.068
-707.203    -604.900    -0.068
-707.242    -604.502    -0.068
-707.301    -603.905    -0.068
-707.341    -603.507    -0.068
-707.400    -602.910    -0.068
-707.448    -602.412    -0.068
-707.488    -602.014    -0.068
-707.547    -601.418    -0.068
-707.596    -600.921    -0.068
-707.661    -600.223    -0.068
-707.702    -599.725    -0.067
-707.742    -599.227    -0.067
-707.783    -598.729    -0.067
-707.824    -598.230    -0.067
-707.865    -597.731    -0.067
-707.905    -597.233    -0.067
-707.954    -596.635    -0.067
-707.995    -596.137    -0.067
-708.028    -595.739    -0.067
-708.069    -595.241    -0.067
-708.110    -594.743    -0.067
-708.142    -594.343    -0.067
-708.171    -594.045    -0.067
-708.221    -593.547    -0.067
-708.281    -592.950    -0.067
-708.321    -592.552    -0.067
-708.371    -592.055    -0.067
-708.431    -591.458    -0.067
-708.499    -590.661    -0.067
-708.531    -590.263    -0.067
-708.572    -589.764    -0.067
-708.613    -589.266    -0.067
-708.653    -588.767    -0.067
-708.701    -588.169    -0.067
-708.734    -587.771    -0.066
-708.792    -586.973    -0.066
-708.815    -586.674    -0.066
-708.850    -586.175    -0.066
-708.886    -585.677    -0.066
-708.929    -585.078    -0.066
-708.965    -584.580    -0.066
-709.000    -584.080    -0.066
-709.044    -583.482    -0.066
-709.079    -582.984    -0.066
-709.115    -582.485    -0.066
-709.151    -581.987    -0.066
-709.186    -581.487    -0.066
-709.222    -580.989    -0.066
-709.258    -580.491    -0.066
-709.280    -580.191    -0.066
-709.316    -579.693    -0.066
-709.351    -579.194    -0.066
-709.387    -578.695    -0.066
-709.430    -578.096    -0.066
-709.460    -577.698    -0.066
-709.495    -577.199    -0.066
-709.531    -576.700    -0.066
-709.567    -576.202    -0.066
-709.602    -575.703    -0.065
-709.638    -575.205    -0.065
-709.674    -574.705    -0.065
-709.722    -574.007    -0.065
-709.749    -573.608    -0.065
-709.789    -573.010    -0.065
-709.822    -572.510    -0.065
-709.850    -572.112    -0.065
-709.891    -571.513    -0.065
-709.926    -571.015    -0.065
-709.953    -570.615    -0.065
-709.987    -570.117    -0.065
-710.028    -569.519    -0.065
-710.055    -569.119    -0.065
-710.092    -568.520    -0.065
-710.122    -568.022    -0.065
-710.152    -567.522    -0.065
-710.181    -567.023    -0.065
-710.211    -566.524    -0.065
-710.241    -566.025    -0.065
-710.276    -565.426    -0.065
-710.306    -564.927    -0.065
-710.334    -564.428    -0.065
-710.361    -563.928    -0.065
-710.387    -563.429    -0.064
-710.409    -563.030    -0.064
-710.430    -562.731    -0.064
-710.467    -562.233    -0.064
-710.504    -561.733    -0.064
-710.539    -561.235    -0.064
-710.576    -560.736    -0.064
-710.613    -560.238    -0.064
-710.649    -559.739    -0.064
-710.700    -558.940    -0.064
-710.726    -558.441    -0.064
-710.752    -557.942    -0.064
-710.779    -557.443    -0.064
-710.804    -556.944    -0.064
-710.830    -556.444    -0.064
-710.861    -555.846    -0.064
-710.883    -555.446    -0.064
-710.907    -555.047    -0.064
-710.938    -554.547    -0.064
-710.975    -553.949    -0.064
-711.000    -553.549    -0.064
-711.031    -553.051    -0.064
-711.068    -552.452    -0.064
-711.093    -552.052    -0.064
-711.123    -551.554    -0.064
-711.153    -551.055    -0.063
-711.188    -550.455    -0.063
-711.218    -549.957    -0.063
-711.241    -549.557    -0.063
-711.281    -548.758    -0.063
-711.302    -548.259    -0.063
-711.324    -547.759    -0.063
-711.346    -547.259    -0.063
-711.368    -546.761    -0.063
-711.389    -546.261    -0.063
-711.411    -545.762    -0.063
-711.433    -545.262    -0.063
-711.455    -544.762    -0.063
-711.476    -544.263    -0.063
-711.499    -543.763    -0.063
-711.521    -543.264    -0.063
-711.543    -542.764    -0.063
-711.564    -542.265    -0.063
-711.586    -541.766    -0.063
-711.608    -541.266    -0.063
-711.630    -540.767    -0.063
-711.651    -540.267    -0.063
-711.673    -539.768    -0.063
-711.695    -539.268    -0.063
-711.717    -538.768    -0.062
-711.738    -538.269    -0.062
-711.760    -537.769    -0.062
-711.782    -537.270    -0.062
-711.803    -536.771    -0.062
-711.825    -536.272    -0.062
-711.847    -535.772    -0.062
-711.869    -535.272    -0.062
-711.890    -534.773    -0.062
-711.916    -534.173    -0.062
-711.933    -533.774    -0.062
-711.954    -533.274    -0.062
-711.979    -532.674    -0.062
-711.996    -532.275    -0.062
-712.017    -531.775    -0.062
-712.039    -531.277    -0.062
-712.059    -530.777    -0.062
-712.081    -530.277    -0.062
-712.102    -529.778    -0.062
-712.124    -529.278    -0.062
-712.144    -528.779    -0.062
-712.165    -528.279    -0.062
-712.187    -527.779    -0.062
-712.209    -527.280    -0.062
-712.230    -526.780    -0.062
-712.252    -526.282    -0.061
-712.273    -525.782    -0.061
-712.294    -525.282    -0.061
-712.316    -524.783    -0.061
-712.337    -524.283    -0.061
-712.359    -523.784    -0.061
-712.380    -523.284    -0.061
-712.401    -522.784    -0.061
-712.423    -522.285    -0.061
-712.445    -521.785    -0.061
-712.466    -521.286    -0.061
-712.488    -520.787    -0.061
-712.510    -520.288    -0.061
-712.524    -519.988    -0.061
-712.557    -519.288    -0.061
-712.578    -518.789    -0.061
-712.599    -518.289    -0.061
-712.620    -517.790    -0.061
-712.640    -517.290    -0.061
-712.664    -516.690    -0.061
-712.681    -516.291    -0.061
-712.702    -515.792    -0.061
-712.722    -515.293    -0.061
-712.743    -514.793    -0.061
-712.764    -514.293    -0.061
-712.788    -513.694    -0.061
-712.804    -513.294    -0.060
-712.826    -512.694    -0.060
-712.845    -512.195    -0.060
-712.859    -511.795    -0.060
-712.882    -511.195    -0.060
-712.900    -510.696    -0.060
-712.915    -510.296    -0.060
-712.937    -509.697    -0.060
-712.954    -509.197    -0.060
-712.969    -508.797    -0.060
-712.991    -508.197    -0.060
-713.010    -507.698    -0.060
-713.024    -507.298    -0.060
-713.046    -506.698    -0.060
-713.063    -506.199    -0.060
-713.080    -505.700    -0.060
-713.096    -505.200    -0.060
-713.114    -504.701    -0.060
-713.131    -504.201    -0.060
-713.148    -503.701    -0.060
-713.164    -503.202    -0.060
-713.181    -502.702    -0.060
-713.199    -502.202    -0.060
-713.216    -501.703    -0.060
-713.232    -501.203    -0.060
-713.248    -500.703    -0.060
-713.266    -500.103    -0.059
-713.279    -499.704    -0.059
-713.294    -499.204    -0.059
-713.312    -498.604    -0.059
-713.325    -498.204    -0.059
-713.341    -497.705    -0.059
-713.356    -497.205    -0.059
-713.374    -496.605    -0.059
-713.390    -496.106    -0.059
-713.403    -495.706    -0.059
-713.418    -495.206    -0.059
-713.435    -494.806    -0.059
-713.459    -494.207    -0.059
-713.475    -493.807    -0.059
-713.496    -493.307    -0.059
-713.520    -492.708    -0.059
-713.536    -492.308    -0.059
-713.560    -491.609    -0.059
-713.573    -491.209    -0.059
-713.592    -490.609    -0.059
-713.606    -490.209    -0.059
-713.625    -489.610    -0.059
-713.638    -489.211    -0.059
-713.657    -488.611    -0.059
-713.671    -488.212    -0.059
-713.690    -487.612    -0.059
-713.703    -487.212    -0.059
-713.722    -486.612    -0.059
-713.736    -486.213    -0.058
-713.755    -485.613    -0.058
-713.768    -485.213    -0.058
-713.785    -484.714    -0.058
-713.804    -484.114    -0.058
-713.817    -483.714    -0.058
-713.834    -483.214    -0.058
-713.850    -482.715    -0.058
-713.867    -482.215    -0.058
-713.882    -481.715    -0.058
-713.899    -481.216    -0.058
-713.915    -480.716    -0.058
-713.932    -480.216    -0.058
-713.947    -479.716    -0.058
-713.962    -479.217    -0.058
-713.978    -478.717    -0.058
-713.996    -478.117    -0.058
-714.008    -477.718    -0.058
-714.023    -477.218    -0.058
-714.041    -476.618    -0.058
-714.053    -476.218    -0.058
-714.072    -475.619    -0.058
-714.084    -475.219    -0.058
-714.102    -474.619    -0.058
-714.114    -474.219    -0.058
-714.133    -473.620    -0.058
-714.145    -473.220    -0.058
-714.160    -472.720    -0.058
-714.178    -472.120    -0.057
-714.190    -471.721    -0.057
-714.205    -471.221    -0.057
-714.221    -470.721    -0.057
-714.236    -470.221    -0.057
-714.253    -469.722    -0.057
-714.270    -469.222    -0.057
-714.287    -468.722    -0.057
-714.303    -468.223    -0.057
-714.322    -467.623    -0.057
-714.336    -467.223    -0.057
-714.353    -466.723    -0.057
-714.369    -466.224    -0.057
-714.386    -465.724    -0.057
-714.403    -465.224    -0.057
-714.422    -464.625    -0.057
-714.435    -464.225    -0.057
-714.452    -463.725    -0.057
-714.469    -463.226    -0.057
-714.486    -462.726    -0.057
-714.501    -462.226    -0.057
-714.520    -461.627    -0.057
-714.533    -461.128    -0.057
-714.546    -460.628    -0.057
-714.559    -460.128    -0.057
-714.569    -459.728    -0.057
-714.585    -459.128    -0.057
-714.598    -458.629    -0.057
-714.611    -458.129    -0.056
-714.622    -457.729    -0.056
-714.641    -457.229    -0.056
-714.659    -456.730    -0.056
-714.678    -456.230    -0.056
-714.697    -455.730    -0.056
-714.716    -455.231    -0.056
-714.734    -454.731    -0.056
-714.753    -454.231    -0.056
-714.769    -453.832    -0.056
-714.787    -453.232    -0.056
-714.804    -452.632    -0.056
-714.818    -452.133    -0.056
-714.829    -451.733    -0.056
-714.846    -451.133    -0.056
-714.860    -450.633    -0.056
-714.871    -450.233    -0.056
-714.885    -449.734    -0.056
-714.900    -449.234    -0.056
-714.917    -448.634    -0.056
-714.928    -448.234    -0.056
-714.945    -447.635    -0.056
-714.959    -447.135    -0.056
-714.970    -446.735    -0.056
-714.987    -446.135    -0.056
-714.999    -445.736    -0.056
-715.016    -445.136    -0.056
-715.027    -444.736    -0.056
-715.044    -444.136    -0.056
-715.057    -443.737    -0.056
-715.074    -443.237    -0.055
-715.090    -442.737    -0.055
-715.107    -442.237    -0.055
-715.125    -441.738    -0.055
-715.142    -441.238    -0.055
-715.159    -440.738    -0.055
-715.177    -440.239    -0.055
-715.194    -439.739    -0.055
-715.211    -439.239    -0.055
-715.229    -438.740    -0.055
-715.246    -438.240    -0.055
-715.264    -437.740    -0.055
-715.277    -437.341    -0.055
-715.297    -436.641    -0.055
-715.309    -436.141    -0.055
-715.321    -435.641    -0.055
-715.334    -435.141    -0.055
-715.346    -434.642    -0.055
-715.358    -434.142    -0.055
-715.373    -433.642    -0.055
-715.385    -433.242    -0.055
-715.400    -432.743    -0.055
-715.418    -432.144    -0.055
-715.431    -431.744    -0.055
-715.445    -431.244    -0.055
-715.463    -430.645    -0.055
-715.476    -430.245    -0.055
-715.492    -429.745    -0.055
-715.510    -429.145    -0.055
-715.522    -428.746    -0.055
-715.537    -428.246    -0.055
-715.555    -427.646    -0.054
-715.567    -427.246    -0.054
-715.583    -426.747    -0.054
-715.598    -426.247    -0.054
-715.614    -425.747    -0.054
-715.628    -425.247    -0.054
-715.643    -424.748    -0.054
-715.658    -424.248    -0.054
-715.673    -423.748    -0.054
-715.687    -423.248    -0.054
-715.702    -422.749    -0.054
-715.717    -422.249    -0.054
-715.732    -421.749    -0.054
-715.746    -421.249    -0.054
-715.761    -420.750    -0.054
-715.776    -420.250    -0.054
-715.793    -419.650    -0.054
-715.806    -419.150    -0.054
-715.816    -418.751    -0.054
-715.832    -418.151    -0.054
-715.845    -417.651    -0.054
-715.855    -417.251    -0.054
-715.871    -416.651    -0.054
-715.884    -416.152    -0.054
-715.894    -415.752    -0.054
-715.911    -415.152    -0.054
-715.924    -414.652    -0.054
-715.935    -414.253    -0.054
-715.951    -413.653    -0.054
-715.964    -413.153    -0.054
-715.977    -412.653    -0.054
-715.990    -412.153    -0.053
-716.000    -411.754    -0.053
-716.016    -411.154    -0.053
-716.029    -410.754    -0.053
-716.044    -410.254    -0.053
-716.062    -409.655    -0.053
-716.074    -409.255    -0.053
-716.089    -408.755    -0.053
-716.107    -408.155    -0.053
-716.119    -407.756    -0.053
-716.134    -407.256    -0.053
-716.152    -406.656    -0.053
-716.165    -406.256    -0.053
-716.179    -405.757    -0.053
-716.197    -405.157    -0.053
-716.210    -404.757    -0.053
-716.225    -404.257    -0.053
-716.243    -403.658    -0.053
-716.255    -403.258    -0.053
-716.271    -402.758    -0.053
-716.286    -402.258    -0.053
-716.304    -401.659    -0.053
-716.317    -401.059    -0.053
-716.324    -400.559    -0.053
-716.331    -400.159    -0.053
-716.342    -399.459    -0.053
-716.350    -398.959    -0.053
-716.358    -398.459    -0.053
-716.364    -398.059    -0.053
-716.371    -397.660    -0.053
-716.382    -396.960    -0.053
-716.388    -396.560    -0.053
-716.395    -396.160    -0.053
-716.406    -395.460    -0.052
-716.413    -395.060    -0.052
-716.423    -394.460    -0.052
-716.431    -393.960    -0.052
-716.436    -393.660    -0.052
-716.449    -393.161    -0.052
-716.461    -392.761    -0.052
-716.474    -392.261    -0.052
-716.492    -391.661    -0.052
-716.503    -391.261    -0.052
-716.517    -390.762    -0.052
-716.534    -390.162    -0.052
-716.545    -389.762    -0.052
-716.559    -389.262    -0.052
-716.574    -388.763    -0.052
-716.591    -388.163    -0.052
-716.602    -387.763    -0.052
-716.619    -387.163    -0.052
-716.631    -386.764    -0.052
-716.644    -386.264    -0.052
-716.661    -385.664    -0.052
-716.673    -385.264    -0.052
-716.687    -384.764    -0.052
-716.704    -384.165    -0.052
-716.715    -383.765    -0.052
-716.729    -383.265    -0.052
-716.744    -382.765    -0.052
-716.761    -382.166    -0.052
-716.772    -381.766    -0.052
-716.789    -381.166    -0.052
-716.803    -380.666    -0.052
-716.818    -380.167    -0.052
-716.830    -379.767    -0.052
-716.845    -379.267    -0.052
-716.860    -378.767    -0.052
-716.874    -378.268    -0.051
-716.892    -377.668    -0.051
-716.907    -377.168    -0.051
-716.922    -376.668    -0.051
-716.937    -376.169    -0.051
-716.951    -375.669    -0.051
-716.966    -375.170    -0.051
-716.981    -374.670    -0.051
-716.996    -374.171    -0.051
-717.010    -373.671    -0.051
-717.025    -373.171    -0.051
-717.040    -372.671    -0.051
-717.055    -372.172    -0.051
-717.069    -371.672    -0.051
-717.084    -371.172    -0.051
-717.099    -370.672    -0.051
-717.111    -370.273    -0.051
-717.128    -369.673    -0.051
-717.140    -369.273    -0.051
-717.153    -368.773    -0.051
-717.170    -368.174    -0.051
-717.182    -367.774    -0.051
-717.196    -367.274    -0.051
-717.213    -366.674    -0.051
-717.224    -366.275    -0.051
-717.238    -365.775    -0.051
-717.255    -365.175    -0.051
-717.266    -364.775    -0.051
-717.280    -364.275    -0.051
-717.297    -363.676    -0.051
-717.311    -363.176    -0.051
-717.325    -362.676    -0.051
-717.338    -362.176    -0.051
-717.350    -361.777    -0.051
-717.364    -361.277    -0.051
-717.381    -360.677    -0.051
-717.392    -360.277    -0.051
-717.406    -359.778    -0.050
-717.423    -359.178    -0.050
-717.434    -358.778    -0.050
-717.448    -358.278    -0.050
-717.465    -357.679    -0.050
-717.477    -357.279    -0.050
-717.490    -356.779    -0.050
-717.507    -356.179    -0.050
-717.519    -355.779    -0.050
-717.532    -355.280    -0.050
-717.550    -354.680    -0.050
-717.561    -354.280    -0.050
-717.575    -353.780    -0.050
-717.592    -353.181    -0.050
-717.603    -352.781    -0.050
-717.617    -352.281    -0.050
-717.634    -351.681    -0.050
-717.648    -351.182    -0.050
-717.662    -350.682    -0.050
-717.675    -350.182    -0.050
-717.687    -349.782    -0.050
-717.700    -349.282    -0.050
-717.718    -348.683    -0.050
-717.729    -348.283    -0.050
-717.743    -347.783    -0.050
-717.760    -347.183    -0.050
-717.771    -346.784    -0.050
-717.785    -346.284    -0.050
-717.802    -345.684    -0.050
-717.813    -345.284    -0.050
-717.827    -344.785    -0.050
-717.844    -344.185    -0.050
-717.856    -343.785    -0.050
-717.869    -343.285    -0.050
-717.886    -342.686    -0.050
-717.898    -342.286    -0.050
-717.912    -341.786    -0.050
-717.929    -341.186    -0.050
-717.940    -340.786    -0.049
-717.954    -340.287    -0.049
-717.968    -339.787    -0.049
-717.980    -339.287    -0.049
-717.993    -338.787    -0.049
-718.006    -338.288    -0.049
-718.019    -337.788    -0.049
-718.031    -337.288    -0.049
-718.044    -336.788    -0.049
-718.060    -336.188    -0.049
-718.073    -335.689    -0.049
-718.083    -335.289    -0.049
-718.096    -334.789    -0.049
-718.109    -334.289    -0.049
-718.122    -333.789    -0.049
-718.138    -333.190    -0.049
-718.150    -332.690    -0.049
-718.161    -332.290    -0.049
-718.173    -331.790    -0.049
-718.186    -331.290    -0.049
-718.199    -330.791    -0.049
-718.212    -330.291    -0.049
-718.224    -329.791    -0.049
-718.237    -329.291    -0.049
-718.253    -328.691    -0.049
-718.266    -328.192    -0.049
-718.276    -327.792    -0.049
-718.289    -327.292    -0.049
-718.302    -326.792    -0.049
-718.315    -326.292    -0.049
-718.331    -325.693    -0.049
-718.344    -325.193    -0.049
-718.354    -324.793    -0.049
-718.367    -324.293    -0.049
-718.379    -323.793    -0.049
-718.392    -323.294    -0.049
-718.405    -322.794    -0.049
-718.418    -322.294    -0.049
-718.430    -321.794    -0.049
-718.446    -321.195    -0.049
-718.459    -320.695    -0.049
-718.470    -320.295    -0.048
-718.482    -319.795    -0.048
-718.495    -319.295    -0.048
-718.508    -318.796    -0.048
-718.524    -318.196    -0.048
-718.537    -317.696    -0.048
-718.547    -317.296    -0.048
-718.560    -316.796    -0.048
-718.573    -316.297    -0.048
-718.585    -315.797    -0.048
-718.601    -315.197    -0.048
-718.614    -314.697    -0.048
-718.625    -314.297    -0.048
-718.637    -313.798    -0.048
-718.650    -313.298    -0.048
-718.663    -312.798    -0.048
-718.676    -312.298    -0.048
-718.688    -311.798    -0.048
-718.701    -311.299    -0.048
-718.717    -310.699    -0.048
-718.730    -310.199    -0.048
-718.740    -309.799    -0.048
-718.753    -309.299    -0.048
-718.766    -308.800    -0.048
-718.778    -308.300    -0.048
-718.795    -307.700    -0.048
-718.807    -307.200    -0.048
-718.818    -306.801    -0.048
-718.830    -306.301    -0.048
-718.843    -305.801    -0.048
-718.856    -305.301    -0.048
-718.869    -304.801    -0.048
-718.881    -304.302    -0.048
-718.894    -303.802    -0.048
-718.910    -303.202    -0.048
-718.923    -302.702    -0.048
-718.933    -302.302    -0.048
-718.946    -301.803    -0.048
-718.959    -301.303    -0.048
-718.972    -300.803    -0.048
-718.988    -300.203    -0.048
-719.001    -299.703    -0.048
-719.011    -299.304    -0.048
-719.024    -298.804    -0.047
-719.036    -298.304    -0.047
-719.049    -297.804    -0.047
-719.062    -297.304    -0.047
-719.075    -296.805    -0.047
-719.087    -296.305    -0.047
-719.103    -295.705    -0.047
-719.116    -295.205    -0.047
-719.127    -294.805    -0.047
-719.139    -294.306    -0.047
-719.152    -293.806    -0.047
-719.165    -293.306    -0.047
-719.181    -292.706    -0.047
-719.194    -292.207    -0.047
-719.204    -291.807    -0.047
-719.217    -291.307    -0.047
-719.230    -290.807    -0.047
-719.242    -290.307    -0.047
-719.255    -289.807    -0.047
-719.268    -289.308    -0.047
-719.281    -288.808    -0.047
-719.297    -288.208    -0.047
-719.309    -287.708    -0.047
-719.322    -287.209    -0.047
-719.335    -286.709    -0.047
-719.348    -286.209    -0.047
-719.358    -285.809    -0.047
-719.374    -285.209    -0.047
-719.387    -284.710    -0.047
-719.397    -284.310    -0.047
-719.410    -283.810    -0.047
-719.423    -283.310    -0.047
-719.435    -282.810    -0.047
-719.452    -282.211    -0.047
-719.464    -281.711    -0.047
-719.476    -281.311    -0.047
-719.494    -280.711    -0.047
-719.506    -280.312    -0.047
-719.522    -279.812    -0.047
-719.538    -279.312    -0.047
-719.553    -278.812    -0.047
-719.569    -278.313    -0.047
-719.587    -277.713    -0.047
-719.600    -277.313    -0.047
-719.615    -276.813    -0.047
-719.634    -276.214    -0.047
-719.646    -275.814    -0.047
-719.662    -275.314    -0.047
-719.677    -274.815    -0.046
-719.693    -274.315    -0.046
-719.709    -273.815    -0.046
-719.727    -273.215    -0.046
-719.739    -272.816    -0.046
-719.755    -272.316    -0.046
-719.771    -271.816    -0.046
-719.787    -271.316    -0.046
-719.802    -270.817    -0.046
-719.820    -270.217    -0.046
-719.833    -269.817    -0.046
-719.849    -269.317    -0.046
-719.864    -268.818    -0.046
-719.882    -268.218    -0.046
-719.895    -267.818    -0.046
-719.911    -267.319    -0.046
-719.926    -266.819    -0.046
-719.942    -266.320    -0.046
-719.958    -265.820    -0.046
-719.974    -265.321    -0.046
-719.989    -264.821    -0.046
-720.007    -264.221    -0.046
-720.020    -263.821    -0.046
-720.035    -263.322    -0.046
-720.051    -262.822    -0.046
-720.069    -262.222    -0.046
-720.082    -261.823    -0.046
-720.097    -261.323    -0.046
-720.113    -260.823    -0.046
-720.129    -260.323    -0.046
-720.145    -259.824    -0.046
-720.160    -259.324    -0.046
-720.176    -258.824    -0.046
-720.194    -258.224    -0.046
-720.207    -257.825    -0.046
-720.222    -257.325    -0.046
-720.238    -256.825    -0.046
-720.256    -256.226    -0.046
-720.269    -255.826    -0.046
-720.284    -255.326    -0.046
-720.300    -254.826    -0.046
-720.316    -254.327    -0.046
-720.332    -253.827    -0.046
-720.347    -253.327    -0.046
-720.363    -252.827    -0.046
-720.381    -252.228    -0.046
-720.394    -251.828    -0.046
-720.409    -251.328    -0.046
-720.425    -250.828    -0.046
-720.443    -250.229    -0.046
-720.456    -249.829    -0.046
-720.471    -249.329    -0.046
-720.487    -248.830    -0.046
-720.503    -248.330    -0.045
-720.521    -247.730    -0.045
-720.533    -247.330    -0.045
-720.549    -246.831    -0.045
-720.565    -246.331    -0.045
-720.581    -245.831    -0.045
-720.596    -245.331    -0.045
-720.614    -244.732    -0.045
-720.627    -244.332    -0.045
-720.642    -243.832    -0.045
-720.658    -243.332    -0.045
-720.674    -242.833    -0.045
-720.690    -242.333    -0.045
-720.705    -241.833    -0.045
-720.724    -241.234    -0.045
-720.736    -240.834    -0.045
-720.752    -240.334    -0.045
-720.767    -239.834    -0.045
-720.783    -239.335    -0.045
-720.801    -238.735    -0.045
-720.814    -238.335    -0.045
-720.829    -237.835    -0.045
-720.845    -237.336    -0.045
-720.861    -236.836    -0.045
-720.877    -236.336    -0.045
-720.892    -235.837    -0.045
-720.910    -235.237    -0.045
-720.923    -234.837    -0.045
-720.939    -234.337    -0.045
-720.954    -233.838    -0.045
-720.970    -233.338    -0.045
-720.988    -232.738    -0.045
-721.001    -232.339    -0.045
-721.016    -231.840    -0.045
-721.032    -231.340    -0.045
-721.048    -230.840    -0.045
-721.064    -230.341    -0.045
-721.079    -229.841    -0.045
-721.097    -229.241    -0.045
-721.110    -228.841    -0.045
-721.126    -228.342    -0.045
-721.141    -227.842    -0.045
-721.157    -227.342    -0.045
-721.175    -226.742    -0.045
-721.188    -226.343    -0.045
-721.203    -225.843    -0.045
-721.219    -225.343    -0.045
-721.235    -224.843    -0.045
-721.250    -224.344    -0.045
-721.265    -223.844    -0.045
-721.281    -223.344    -0.045
-721.299    -222.745    -0.045
-721.311    -222.345    -0.045
-721.327    -221.845    -0.045
-721.343    -221.345    -0.045
-721.359    -220.846    -0.045
-721.374    -220.346    -0.045
-721.393    -219.746    -0.045
-721.405    -219.346    -0.045
-721.421    -218.847    -0.045
-721.436    -218.347    -0.044
-721.452    -217.847    -0.044
-721.470    -217.248    -0.044
-721.486    -216.748    -0.044
-721.498    -216.348    -0.044
-721.514    -215.848    -0.044
-721.532    -215.249    -0.044
-721.545    -214.849    -0.044
-721.560    -214.349    -0.044
-721.576    -213.849    -0.044
-721.592    -213.350    -0.044
-721.608    -212.850    -0.044
-721.623    -212.350    -0.044
-721.639    -211.850    -0.044
-721.657    -211.251    -0.044
-721.673    -210.751    -0.044
-721.685    -210.351    -0.044
-721.701    -209.852    -0.044
-721.719    -209.252    -0.044
-721.732    -208.852    -0.044
-721.747    -208.352    -0.044
-721.765    -207.753    -0.044
-721.778    -207.353    -0.044
-721.794    -206.853    -0.044
-721.809    -206.353    -0.044
-721.825    -205.854    -0.044
-721.843    -205.254    -0.044
-721.859    -204.754    -0.044
-721.871    -204.354    -0.044
-721.887    -203.855    -0.044
-721.903    -203.355    -0.044
-721.918    -202.855    -0.044
-721.934    -202.356    -0.044
-721.952    -201.756    -0.044
-721.965    -201.356    -0.044
-721.980    -200.856    -0.044
-721.999    -200.257    -0.044
-722.011    -199.857    -0.044
-722.027    -199.357    -0.044
-722.042    -198.857    -0.044
-722.058    -198.358    -0.044
-722.074    -197.859    -0.044
-722.090    -197.359    -0.044
-722.105    -196.860    -0.044
-722.123    -196.260    -0.044
-722.139    -195.760    -0.044
-722.152    -195.360    -0.044
-722.167    -194.861    -0.044
-722.185    -194.261    -0.044
-722.198    -193.861    -0.044
-722.214    -193.361    -0.044
-722.232    -192.762    -0.044
-722.244    -192.362    -0.044
-722.260    -191.862    -0.044
-722.276    -191.362    -0.044
-722.291    -190.863    -0.044
-722.309    -190.263    -0.044
-722.325    -189.763    -0.044
-722.338    -189.364    -0.044
-722.353    -188.864    -0.044
-722.369    -188.364    -0.044
-722.385    -187.864    -0.044
-722.401    -187.365    -0.044
-722.419    -186.765    -0.044
-722.431    -186.365    -0.044
-722.447    -185.865    -0.044
-722.463    -185.366    -0.044
-722.478    -184.866    -0.044
-722.496    -184.266    -0.044
-722.512    -183.767    -0.044
-722.524    -183.367    -0.044
-722.540    -182.867    -0.044
-722.558    -182.267    -0.043
-722.571    -181.868    -0.043
-722.586    -181.368    -0.043
-722.602    -180.868    -0.043
-722.618    -180.368    -0.043
-722.634    -179.869    -0.043
-722.652    -179.269    -0.043
-722.664    -178.869    -0.043
-722.680    -178.369    -0.043
-722.698    -177.770    -0.043
-722.710    -177.370    -0.043
-722.726    -176.870    -0.043
-722.742    -176.371    -0.043
-722.758    -175.871    -0.043
-722.776    -175.271    -0.043
-722.791    -174.771    -0.043
-722.804    -174.372    -0.043
-722.820    -173.872    -0.043
-722.835    -173.372    -0.043
-722.851    -172.872    -0.043
-722.867    -172.373    -0.043
-722.885    -171.773    -0.043
-722.897    -171.373    -0.043
-722.913    -170.873    -0.043
-722.929    -170.374    -0.043
-722.945    -169.874    -0.043
-722.963    -169.274    -0.043
-722.978    -168.775    -0.043
-722.991    -168.375    -0.043
-723.007    -167.875    -0.043
-723.025    -167.275    -0.043
-723.037    -166.876    -0.043
-723.053    -166.376    -0.043
-723.069    -165.876    -0.043
-723.084    -165.376    -0.043
-723.099    -164.877    -0.043
-723.116    -164.277    -0.043
-723.130    -163.777    -0.043
-723.141    -163.377    -0.043
-723.156    -162.878    -0.043
-723.173    -162.278    -0.043
-723.184    -161.878    -0.043
-723.202    -161.279    -0.043
-723.215    -160.780    -0.043
-723.227    -160.380    -0.043
-723.241    -159.880    -0.043
-723.259    -159.280    -0.043
-723.270    -158.881    -0.043
-723.287    -158.281    -0.043
-723.301    -157.781    -0.043
-723.312    -157.381    -0.043
-723.327    -156.882    -0.043
-723.344    -156.282    -0.043
-723.355    -155.882    -0.043
-723.373    -155.282    -0.043
-723.386    -154.782    -0.043
-723.398    -154.383    -0.043
-723.412    -153.883    -0.043
-723.429    -153.283    -0.043
-723.441    -152.883    -0.043
-723.458    -152.284    -0.043
-723.469    -151.884    -0.043
-723.486    -151.284    -0.043
-723.498    -150.884    -0.043
-723.515    -150.285    -0.043
-723.526    -149.885    -0.043
-723.543    -149.285    -0.043
-723.557    -148.785    -0.043
-723.569    -148.386    -0.043
-723.586    -147.786    -0.043
-723.599    -147.286    -0.043
-723.611    -146.886    -0.043
-723.626    -146.386    -0.043
-723.643    -145.787    -0.043
-723.654    -145.387    -0.043
-723.671    -144.787    -0.043
-723.685    -144.287    -0.043
-723.696    -143.888    -0.043
-723.711    -143.388    -0.043
-723.728    -142.788    -0.043
-723.740    -142.388    -0.043
-723.757    -141.789    -0.043
-723.770    -141.289    -0.043
-723.782    -140.889    -0.043
-723.797    -140.389    -0.043
-723.814    -139.790    -0.043
-723.825    -139.390    -0.043
-723.842    -138.790    -0.043
-723.856    -138.290    -0.043
-723.867    -137.891    -0.043
-723.884    -137.291    -0.043
-723.896    -136.891    -0.043
-723.913    -136.291    -0.042
-723.924    -135.891    -0.042
-723.941    -135.292    -0.042
-723.953    -134.892    -0.042
-723.967    -134.392    -0.042
-723.985    -133.792    -0.042
-723.996    -133.393    -0.042
-724.013    -132.793    -0.042
-724.027    -132.293    -0.042
-724.038    -131.893    -0.042
-724.053    -131.394    -0.042
-724.070    -130.794    -0.042
-724.081    -130.394    -0.042
-724.098    -129.794    -0.042
-724.112    -129.295    -0.042
-724.124    -128.895    -0.042
-724.138    -128.395    -0.042
-724.155    -127.795    -0.042
-724.167    -127.396    -0.042
-724.184    -126.796    -0.042
-724.198    -126.296    -0.042
-724.209    -125.896    -0.042
-724.224    -125.396    -0.042
-724.241    -124.797    -0.042
-724.252    -124.397    -0.042
-724.269    -123.797    -0.042
-724.283    -123.297    -0.042
-724.295    -122.898    -0.042
-724.312    -122.298    -0.042
-724.325    -121.798    -0.042
-724.337    -121.398    -0.042
-724.352    -120.899    -0.042
-724.369    -120.299    -0.042
-724.380    -119.899    -0.042
-724.397    -119.299    -0.042
-724.409    -118.900    -0.042
-724.426    -118.300    -0.042
-724.437    -117.900    -0.042
-724.454    -117.300    -0.042
-724.466    -116.901    -0.042
-724.483    -116.301    -0.042
-724.496    -115.801    -0.042
-724.508    -115.401    -0.042
-724.522    -114.901    -0.042
-724.540    -114.302    -0.042
-724.551    -113.902    -0.042
-724.566    -113.402    -0.042
-724.583    -112.802    -0.042
-724.594    -112.403    -0.042
-724.611    -111.803    -0.042
-724.625    -111.303    -0.042
-724.636    -110.903    -0.042
-724.654    -110.304    -0.042
-724.667    -109.804    -0.042
-724.679    -109.404    -0.042
-724.693    -108.904    -0.042
-724.711    -108.305    -0.042
-724.722    -107.905    -0.042
-724.739    -107.305    -0.042
-724.753    -106.805    -0.042
-724.764    -106.406    -0.042
-724.779    -105.906    -0.042
-724.796    -105.306    -0.042
-724.807    -104.906    -0.042
-724.824    -104.307    -0.042
-724.836    -103.907    -0.042
-724.853    -103.307    -0.042
-724.864    -102.907    -0.042
-724.881    -102.307    -0.042
-724.893    -101.908    -0.042
-724.910    -101.308    -0.042
-724.924    -100.808    -0.042
-724.935    -100.408    -0.042
-724.950    -99.909    -0.042
-724.967    -99.309    -0.042
-724.978    -98.909    -0.042
-724.995    -98.309    -0.042
-725.009    -97.810    -0.042
-725.021    -97.410    -0.042
-725.035    -96.910    -0.042
-725.052    -96.310    -0.042
-725.064    -95.911    -0.042
-725.081    -95.311    -0.042
-725.095    -94.811    -0.042
-725.106    -94.411    -0.042
-725.121    -93.911    -0.042
-725.138    -93.312    -0.042
-725.149    -92.912    -0.042
-725.166    -92.312    -0.042
-725.180    -91.812    -0.042
-725.191    -91.413    -0.042
-725.206    -90.913    -0.042
-725.223    -90.313    -0.042
-725.235    -89.913    -0.042
-725.252    -89.314    -0.042
-725.263    -88.914    -0.042
-725.280    -88.314    -0.042
-725.292    -87.914    -0.042
-725.309    -87.315    -0.042
-725.320    -86.915    -0.042
-725.337    -86.315    -0.042
-725.351    -85.815    -0.042
-725.362    -85.416    -0.042
-725.377    -84.916    -0.042
-725.394    -84.316    -0.042
-725.406    -83.916    -0.042
-725.423    -83.317    -0.042
-725.437    -82.817    -0.042
-725.448    -82.417    -0.042
-725.463    -81.917    -0.042
-725.480    -81.318    -0.042
-725.491    -80.919    -0.042
-725.508    -80.319    -0.042
-725.522    -79.819    -0.042
-725.533    -79.419    -0.042
-725.548    -78.920    -0.042
-725.565    -78.320    -0.042
-725.577    -77.920    -0.042
-725.594    -77.320    -0.042
-725.607    -76.821    -0.042
-725.619    -76.421    -0.042
-725.636    -75.821    -0.042
-725.650    -75.321    -0.042
-725.661    -74.922    -0.042
-725.678    -74.322    -0.042
-725.690    -73.922    -0.042
-725.707    -73.322    -0.042
-725.718    -72.922    -0.042
-725.735    -72.323    -0.042
-725.747    -71.923    -0.042
-725.761    -71.423    -0.042
-725.778    -70.823    -0.042
-725.790    -70.424    -0.042
-725.807    -69.824    -0.042
-725.821    -69.324    -0.042
-725.832    -68.924    -0.042
-725.847    -68.425    -0.042
-725.864    -67.825    -0.042
-725.875    -67.425    -0.042
-725.892    -66.825    -0.042
-725.906    -66.326    -0.042
-725.917    -65.926    -0.042
-725.932    -65.426    -0.042
-725.949    -64.826    -0.042
-725.961    -64.427    -0.042
-725.978    -63.827    -0.042
-725.992    -63.327    -0.042
-726.003    -62.927    -0.042
-726.018    -62.427    -0.042
-726.035    -61.828    -0.042
-726.046    -61.428    -0.042
-726.063    -60.828    -0.042
-726.077    -60.328    -0.042
-726.088    -59.929    -0.042
-726.103    -59.429    -0.042
-726.120    -58.829    -0.042
-726.132    -58.429    -0.042
-726.149    -57.830    -0.042
-726.162    -57.330    -0.042
-726.174    -56.930    -0.042
-726.189    -56.430    -0.042
-726.206    -55.831    -0.042
-726.217    -55.431    -0.042
-726.234    -54.831    -0.042
-726.248    -54.331    -0.042
-726.259    -53.932    -0.042
-726.276    -53.332    -0.042
-726.288    -52.932    -0.042
-726.305    -52.332    -0.042
-726.316    -51.932    -0.042
-726.333    -51.333    -0.042
-726.345    -50.933    -0.042
-726.360    -50.433    -0.042
-726.377    -49.833    -0.042
-726.388    -49.434    -0.042
-726.405    -48.834    -0.042
-726.419    -48.334    -0.041
-726.430    -47.934    -0.041
-726.447    -47.335    -0.041
-726.461    -46.835    -0.041
-726.473    -46.435    -0.041
-726.487    -45.935    -0.041
-726.504    -45.336    -0.041
-726.516    -44.936    -0.041
-726.531    -44.436    -0.041
-726.548    -43.836    -0.041
-726.559    -43.437    -0.041
-726.576    -42.837    -0.041
-726.590    -42.337    -0.041
-726.601    -41.937    -0.041
-726.618    -41.338    -0.041
-726.630    -40.938    -0.041
-726.647    -40.338    -0.041
-726.658    -39.938    -0.041
-726.675    -39.338    -0.041
-726.687    -38.939    -0.041
-726.701    -38.439    -0.041
-726.719    -37.839    -0.041
-726.730    -37.439    -0.041
-726.747    -36.840    -0.041
-726.761    -36.340    -0.041
-726.772    -35.940    -0.041
-726.789    -35.340    -0.041
-726.803    -34.841    -0.041
-726.814    -34.441    -0.041
-726.829    -33.941    -0.041
-726.846    -33.341    -0.041
-726.858    -32.942    -0.041
-726.875    -32.342    -0.041
-726.888    -31.842    -0.041
-726.900    -31.442    -0.041
-726.915    -30.942    -0.041
-726.932    -30.343    -0.041
-726.943    -29.943    -0.041
-726.960    -29.343    -0.041
-726.974    -28.843    -0.041
-726.985    -28.444    -0.041
-727.000    -27.944    -0.041
-727.017    -27.344    -0.041
-727.029    -26.944    -0.041
-727.046    -26.345    -0.041
-727.057    -25.945    -0.041
-727.074    -25.345    -0.041
-727.086    -24.945    -0.041
-727.103    -24.346    -0.041
-727.114    -23.946    -0.041
-727.131    -23.346    -0.041
-727.145    -22.846    -0.041
-727.156    -22.447    -0.041
-727.171    -21.947    -0.041
-727.188    -21.347    -0.041
-727.200    -20.947    -0.041
-727.217    -20.348    -0.041
-727.230    -19.848    -0.041
-727.242    -19.448    -0.041
-727.257    -18.948    -0.041
-727.274    -18.348    -0.041
-727.285    -17.949    -0.041
-727.302    -17.349    -0.041
-727.316    -16.849    -0.041
-727.327    -16.449    -0.041
-727.342    -15.950    -0.041
-727.359    -15.350    -0.041
-727.370    -14.950    -0.041
-727.388    -14.350    -0.041
-727.401    -13.851    -0.041
-727.413    -13.451    -0.041
-727.427    -12.951    -0.041
-727.445    -12.351    -0.041
-727.456    -11.952    -0.041
-727.473    -11.352    -0.041
-727.484    -10.952    -0.041
-727.502    -10.352    -0.041
-727.513    -9.952    -0.041
-727.530    -9.353    -0.041
-727.541    -8.953    -0.041
-727.558    -8.353    -0.041
-727.572    -7.853    -0.041
-727.584    -7.454    -0.041
-727.601    -6.854    -0.041
-727.614    -6.354    -0.041
-727.627    -5.954    -0.041
-727.644    -5.355    -0.041
-727.658    -4.855    -0.041
-727.669    -4.455    -0.041
-727.684    -3.956    -0.041
-727.701    -3.357    -0.041
-727.712    -2.957    -0.041
-727.727    -2.457    -0.041
-727.744    -1.857    -0.041
-727.756    -1.458    -0.041
-727.773    -0.858    -0.041
-727.786    -0.358    -0.041
-727.798    0.042    -0.041
-727.813    0.542    -0.041
-727.830    1.141    -0.041
-727.841    1.541    -0.041
-727.856    2.041    -0.041
-727.873    2.640    -0.041
-727.884    3.040    -0.041
-727.901    3.640    -0.041
-727.913    4.040    -0.041
-727.930    4.640    -0.041
-727.941    5.039    -0.041
-727.958    5.639    -0.041
-727.970    6.039    -0.041
-727.984    6.539    -0.041
-728.002    7.138    -0.042
-728.013    7.538    -0.042
-728.028    8.038    -0.042
-728.045    8.638    -0.042
-728.056    9.037    -0.042
-728.073    9.637    -0.042
-728.087    10.137    -0.042
-728.098    10.537    -0.042
-728.113    11.036    -0.042
-728.130    11.636    -0.042
-728.142    12.036    -0.042
-728.156    12.536    -0.042
-728.174    13.135    -0.042
-728.185    13.535    -0.042
-728.202    14.135    -0.042
-728.216    14.635    -0.042
-728.227    15.035    -0.042
-728.242    15.534    -0.042
-728.259    16.134    -0.042
-728.270    16.534    -0.042
-728.285    17.034    -0.042
-728.302    17.633    -0.042
-728.314    18.033    -0.042
-728.331    18.633    -0.042
-728.342    19.033    -0.042
-728.359    19.632    -0.042
-728.371    20.032    -0.042
-728.388    20.632    -0.042
-728.399    21.032    -0.042
-728.414    21.531    -0.042
-728.431    22.131    -0.042
-728.442    22.531    -0.042
-728.457    23.031    -0.042
-728.474    23.630    -0.042
-728.486    24.030    -0.042
-728.503    24.630    -0.042
-728.516    25.130    -0.042
-728.528    25.530    -0.042
-728.543    26.029    -0.042
-728.560    26.629    -0.042
-728.571    27.029    -0.042
-728.586    27.529    -0.042
-728.603    28.128    -0.042
-728.614    28.528    -0.042
-728.631    29.128    -0.042
-728.645    29.628    -0.042
-728.657    30.027    -0.042
-728.671    30.527    -0.042
-728.688    31.127    -0.042
-728.700    31.527    -0.042
-728.714    32.026    -0.042
-728.732    32.626    -0.042
-728.743    33.026    -0.042
-728.758    33.526    -0.042
-728.775    34.125    -0.042
-728.786    34.525    -0.042
-728.803    35.125    -0.042
-728.817    35.625    -0.042
-728.828    36.024    -0.042
-728.843    36.524    -0.042
-728.860    37.124    -0.042
-728.872    37.524    -0.042
-728.886    38.024    -0.042
-728.904    38.623    -0.042
-728.915    39.023    -0.042
-728.932    39.623    -0.042
-728.946    40.123    -0.042
-728.957    40.522    -0.042
-728.972    41.022    -0.042
-728.989    41.622    -0.042
-729.000    42.022    -0.042
-729.015    42.521    -0.042
-729.032    43.121    -0.042
-729.044    43.521    -0.042
-729.058    44.021    -0.042
-729.075    44.620    -0.042
-729.087    45.020    -0.042
-729.104    45.620    -0.042
-729.118    46.120    -0.042
-729.129    46.519    -0.042
-729.144    47.019    -0.042
-729.161    47.619    -0.042
-729.172    48.019    -0.042
-729.189    48.618    -0.042
-729.201    49.018    -0.042
-729.218    49.618    -0.042
-729.229    50.018    -0.042
-729.246    50.617    -0.042
-729.258    51.017    -0.042
-729.275    51.617    -0.042
-729.290    52.117    -0.042
-729.301    52.517    -0.042
-729.318    53.116    -0.042
-729.330    53.516    -0.042
-729.344    54.016    -0.042
-729.361    54.616    -0.042
-729.375    55.115    -0.042
-729.387    55.515    -0.042
-729.404    56.115    -0.042
-729.415    56.515    -0.042
-729.430    57.014    -0.042
-729.447    57.614    -0.042
-729.461    58.114    -0.042
-729.472    58.514    -0.042
-729.489    59.113    -0.042
-729.500    59.513    -0.042
-729.515    60.013    -0.042
-729.532    60.613    -0.042
-729.546    61.112    -0.042
-729.557    61.512    -0.042
-729.575    62.112    -0.042
-729.586    62.512    -0.042
-729.603    63.112    -0.042
-729.614    63.511    -0.042
-729.632    64.111    -0.042
-729.643    64.511    -0.042
-729.660    65.111    -0.042
-729.674    65.610    -0.042
-729.685    66.010    -0.042
-729.702    66.610    -0.042
-729.714    67.010    -0.042
-729.728    67.509    -0.042
-729.745    68.109    -0.042
-729.759    68.609    -0.042
-729.771    69.009    -0.042
-729.788    69.608    -0.042
-729.799    70.008    -0.042
-729.814    70.508    -0.042
-729.831    71.108    -0.042
-729.845    71.607    -0.042
-729.856    72.007    -0.042
-729.873    72.606    -0.042
-729.885    73.006    -0.042
-729.899    73.506    -0.042
-729.916    74.105    -0.042
-729.930    74.605    -0.042
-729.942    75.005    -0.042
-729.959    75.605    -0.042
-729.970    76.004    -0.042
-729.985    76.504    -0.042
-730.002    77.104    -0.042
-730.016    77.604    -0.042
-730.027    78.003    -0.042
-730.044    78.603    -0.042
-730.056    79.003    -0.042
-730.070    79.503    -0.042
-730.087    80.102    -0.042
-730.101    80.602    -0.042
-730.112    81.002    -0.042
-730.130    81.602    -0.042
-730.143    82.101    -0.042
-730.155    82.501    -0.042
-730.172    83.101    -0.042
-730.183    83.501    -0.042
-730.200    84.101    -0.042
-730.212    84.500    -0.042
-730.229    85.100    -0.042
-730.240    85.500    -0.042
-730.257    86.100    -0.042
-730.269    86.499    -0.042
-730.283    86.999    -0.042
-730.301    87.599    -0.042
-730.314    88.099    -0.042
-730.326    88.498    -0.042
-730.343    89.098    -0.042
-730.354    89.498    -0.042
-730.369    89.998    -0.042
-730.386    90.597    -0.042
-730.400    91.097    -0.042
-730.411    91.497    -0.042
-730.428    92.097    -0.042
-730.440    92.497    -0.042
-730.454    92.996    -0.042
-730.471    93.596    -0.042
-730.485    94.096    -0.042
-730.497    94.496    -0.042
-730.514    95.095    -0.042
-730.525    95.495    -0.043
-730.542    96.095    -0.043
-730.554    96.495    -0.043
-730.571    97.094    -0.043
-730.582    97.494    -0.043
-730.597    97.994    -0.043
-730.615    98.594    -0.043
-730.630    99.093    -0.043
-730.642    99.493    -0.043
-730.657    99.993    -0.043
-730.672    100.493    -0.043
-730.686    100.992    -0.043
-730.701    101.492    -0.043
-730.716    101.992    -0.043
-730.731    102.492    -0.043
-730.745    102.991    -0.043
-730.760    103.491    -0.043
-730.775    103.991    -0.043
-730.790    104.491    -0.043
-730.804    104.990    -0.043
-730.819    105.490    -0.043
-730.834    105.990    -0.043
-730.849    106.490    -0.043
-730.863    106.989    -0.043
-730.881    107.589    -0.043
-730.896    108.089    -0.043
-730.908    108.489    -0.043
-730.923    108.988    -0.043
-730.938    109.488    -0.043
-730.953    109.988    -0.043
-730.967    110.488    -0.043
-730.982    110.987    -0.043
-730.997    111.487    -0.043
-731.012    111.987    -0.043
-731.026    112.487    -0.043
-731.041    112.986    -0.043
-731.056    113.486    -0.043
-731.071    113.986    -0.043
-731.089    114.586    -0.043
-731.101    114.985    -0.043
-731.116    115.485    -0.043
-731.131    115.985    -0.043
-731.145    116.485    -0.043
-731.160    116.984    -0.043
-731.175    117.484    -0.043
-731.190    117.984    -0.043
-731.207    118.584    -0.043
-731.220    119.083    -0.043
-731.234    119.583    -0.043
-731.248    120.083    -0.043
-731.262    120.583    -0.043
-731.275    121.082    -0.043
-731.289    121.582    -0.043
-731.303    122.082    -0.043
-731.314    122.482    -0.043
-731.328    122.982    -0.043
-731.342    123.481    -0.043
-731.356    123.981    -0.043
-731.369    124.481    -0.043
-731.383    124.981    -0.043
-731.397    125.480    -0.043
-731.411    125.980    -0.043
-731.424    126.480    -0.043
-731.438    126.980    -0.043
-731.455    127.579    -0.043
-731.469    128.079    -0.043
-731.483    128.579    -0.043
-731.496    129.079    -0.043
-731.510    129.579    -0.043
-731.524    130.078    -0.043
-731.538    130.578    -0.043
-731.549    130.978    -0.043
-731.563    131.478    -0.043
-731.580    132.077    -0.043
-731.594    132.577    -0.043
-731.607    133.077    -0.043
-731.621    133.577    -0.043
-731.635    134.076    -0.043
-731.649    134.576    -0.043
-731.660    134.976    -0.043
-731.674    135.476    -0.043
-731.687    135.976    -0.043
-731.701    136.475    -0.043
-731.715    136.975    -0.043
-731.729    137.475    -0.043
-731.742    137.975    -0.043
-731.756    138.474    -0.043
-731.770    138.974    -0.043
-731.784    139.474    -0.043
-731.801    140.074    -0.043
-731.815    140.574    -0.043
-731.828    141.073    -0.043
-731.842    141.573    -0.044
-731.856    142.073    -0.044
-731.870    142.573    -0.044
-731.883    143.072    -0.044
-731.897    143.572    -0.044
-731.911    144.072    -0.044
-731.925    144.572    -0.044
-731.938    145.071    -0.044
-731.952    145.571    -0.044
-731.966    146.071    -0.044
-731.979    146.571    -0.044
-731.993    147.071    -0.044
-732.005    147.470    -0.044
-732.018    147.970    -0.044
-732.032    148.470    -0.044
-732.046    148.970    -0.044
-732.060    149.469    -0.044
-732.073    149.969    -0.044
-732.087    150.469    -0.044
-732.101    150.969    -0.044
-732.115    151.469    -0.044
-732.128    151.968    -0.044
-732.142    152.468    -0.044
-732.159    153.067    -0.044
-732.173    153.567    -0.044
-732.187    154.066    -0.044
-732.200    154.566    -0.044
-732.212    154.966    -0.044
-732.226    155.466    -0.044
-732.243    156.065    -0.044
-732.256    156.565    -0.044
-732.270    157.065    -0.044
-732.284    157.565    -0.044
-732.298    158.065    -0.044
-732.311    158.564    -0.044
-732.325    159.064    -0.044
-732.339    159.564    -0.044
-732.353    160.064    -0.044
-732.364    160.463    -0.044
-732.378    160.963    -0.044
-732.391    161.463    -0.044
-732.405    161.963    -0.044
-732.419    162.463    -0.044
-732.433    162.962    -0.044
-732.446    163.462    -0.044
-732.460    163.962    -0.044
-732.474    164.462    -0.044
-732.488    164.961    -0.044
-732.505    165.561    -0.044
-732.519    166.061    -0.044
-732.532    166.561    -0.044
-732.546    167.060    -0.044
-732.560    167.560    -0.044
-732.574    168.060    -0.044
-732.587    168.560    -0.044
-732.601    169.060    -0.044
-732.615    169.559    -0.044
-732.629    170.059    -0.044
-732.642    170.559    -0.044
-732.656    171.059    -0.044
-732.670    171.558    -0.044
-732.683    172.058    -0.044
-732.697    172.558    -0.044
-732.709    172.958    -0.044
-732.722    173.458    -0.044
-732.736    173.957    -0.044
-732.750    174.457    -0.044
-732.764    174.957    -0.044
-732.777    175.457    -0.044
-732.791    175.956    -0.044
-732.805    176.456    -0.044
-732.819    176.956    -0.045
-732.832    177.456    -0.045
-732.849    178.055    -0.045
-732.863    178.555    -0.045
-732.877    179.055    -0.045
-732.891    179.555    -0.045
-732.904    180.055    -0.045
-732.918    180.554    -0.045
-732.930    180.954    -0.045
-732.943    181.454    -0.045
-732.957    181.954    -0.045
-732.974    182.553    -0.045
-732.988    183.053    -0.045
-733.002    183.553    -0.045
-733.015    184.053    -0.045
-733.029    184.552    -0.045
-733.043    185.052    -0.045
-733.054    185.452    -0.045
-733.068    185.952    -0.045
-733.082    186.452    -0.045
-733.096    186.951    -0.045
-733.109    187.451    -0.045
-733.123    187.951    -0.045
-733.137    188.451    -0.045
-733.151    188.950    -0.045
-733.164    189.450    -0.045
-733.178    189.950    -0.045
-733.195    190.550    -0.045
-733.209    191.049    -0.045
-733.223    191.549    -0.045
-733.236    192.049    -0.045
-733.250    192.549    -0.045
-733.264    193.049    -0.045
-733.278    193.548    -0.045
-733.291    194.048    -0.045
-733.305    194.548    -0.045
-733.319    195.048    -0.045
-733.333    195.547    -0.045
-733.346    196.047    -0.045
-733.360    196.547    -0.045
-733.374    197.047    -0.045
-733.388    197.547    -0.045
-733.399    197.946    -0.045
-733.413    198.446    -0.045
-733.426    198.946    -0.045
-733.440    199.446    -0.045
-733.454    199.945    -0.045
-733.468    200.445    -0.045
-733.481    200.945    -0.045
-733.495    201.445    -0.045
-733.509    201.945    -0.045
-733.523    202.444    -0.045
-733.536    202.944    -0.045
-733.553    203.544    -0.045
-733.567    204.044    -0.045
-733.581    204.543    -0.045
-733.595    205.043    -0.045
-733.608    205.543    -0.045
-733.622    206.043    -0.045
-733.636    206.542    -0.045
-733.650    207.042    -0.046
-733.661    207.442    -0.046
-733.675    207.942    -0.046
-733.692    208.542    -0.046
-733.706    209.041    -0.046
-733.719    209.541    -0.046
-733.733    210.041    -0.046
-733.745    210.441    -0.046
-733.758    210.940    -0.046
-733.772    211.440    -0.046
-733.786    211.940    -0.046
-733.800    212.440    -0.046
-733.813    212.940    -0.046
-733.827    213.439    -0.046
-733.841    213.939    -0.046
-733.855    214.439    -0.046
-733.868    214.939    -0.046
-733.882    215.438    -0.046
-733.899    216.038    -0.046
-733.913    216.538    -0.046
-733.927    217.038    -0.046
-733.940    217.537    -0.046
-733.954    218.037    -0.046
-733.968    218.537    -0.046
-733.982    219.037    -0.046
-733.995    219.537    -0.046
-734.009    220.036    -0.046
-734.023    220.536    -0.046
-734.037    221.036    -0.046
-734.050    221.536    -0.046
-734.064    222.035    -0.046
-734.078    222.535    -0.046
-734.092    223.035    -0.046
-734.103    223.435    -0.046
-734.117    223.935    -0.046
-734.130    224.434    -0.046
-734.144    224.934    -0.046
-734.158    225.434    -0.046
-734.172    225.934    -0.046
-734.185    226.433    -0.046
-734.199    226.933    -0.046
-734.213    227.433    -0.046
-734.227    227.933    -0.046
-734.244    228.532    -0.046
-734.258    229.032    -0.046
-734.271    229.532    -0.046
-734.285    230.032    -0.046
-734.296    230.432    -0.046
-734.314    231.031    -0.046
-734.328    231.531    -0.046
-734.342    232.031    -0.046
-734.353    232.431    -0.046
-734.370    233.030    -0.046
-734.384    233.530    -0.047
-734.396    233.930    -0.047
-734.413    234.530    -0.047
-734.426    235.029    -0.047
-734.438    235.429    -0.047
-734.455    236.029    -0.047
-734.469    236.529    -0.047
-734.480    236.928    -0.047
-734.497    237.528    -0.047
-734.511    238.028    -0.047
-734.522    238.428    -0.047
-734.539    239.027    -0.047
-734.553    239.527    -0.047
-734.567    240.027    -0.047
-734.578    240.427    -0.047
-734.595    241.027    -0.047
-734.607    241.426    -0.047
-734.624    242.026    -0.047
-734.638    242.526    -0.047
-734.649    242.926    -0.047
-734.666    243.525    -0.047
-734.680    244.025    -0.047
-734.691    244.425    -0.047
-734.708    245.025    -0.047
-734.720    245.424    -0.047
-734.737    246.024    -0.047
-734.752    246.524    -0.047
-734.765    247.024    -0.047
-734.777    247.424    -0.047
-734.794    248.023    -0.047
-734.808    248.523    -0.047
-734.819    248.923    -0.047
-734.836    249.523    -0.047
-734.850    250.022    -0.047
-734.861    250.422    -0.047
-734.878    251.022    -0.047
-734.892    251.522    -0.047
-734.903    251.921    -0.047
-734.921    252.521    -0.047
-734.934    253.021    -0.047
-734.946    253.421    -0.047
-734.963    254.020    -0.047
-734.977    254.520    -0.047
-734.990    255.020    -0.047
-735.002    255.420    -0.047
-735.019    256.020    -0.047
-735.034    256.519    -0.047
-735.045    256.919    -0.047
-735.062    257.519    -0.048
-735.077    258.019    -0.048
-735.088    258.418    -0.048
-735.105    259.018    -0.048
-735.120    259.518    -0.048
-735.131    259.917    -0.048
-735.148    260.516    -0.048
-735.163    261.016    -0.048
-735.175    261.416    -0.048
-735.192    262.016    -0.048
-735.206    262.515    -0.048
-735.218    262.915    -0.048
-735.235    263.515    -0.048
-735.250    264.015    -0.048
-735.261    264.414    -0.048
-735.278    265.014    -0.048
-735.293    265.514    -0.048
-735.304    265.914    -0.048
-735.321    266.513    -0.048
-735.336    267.013    -0.048
-735.348    267.413    -0.048
-735.365    268.013    -0.048
-735.379    268.512    -0.048
-735.391    268.912    -0.048
-735.408    269.512    -0.048
-735.423    270.012    -0.048
-735.434    270.412    -0.048
-735.451    271.011    -0.048
-735.466    271.511    -0.048
-735.477    271.911    -0.048
-735.494    272.511    -0.048
-735.509    273.010    -0.048
-735.521    273.410    -0.048
-735.538    274.010    -0.048
-735.552    274.510    -0.048
-735.564    274.909    -0.048
-735.581    275.509    -0.048
-735.596    276.009    -0.048
-735.607    276.409    -0.048
-735.624    277.008    -0.048
-735.639    277.508    -0.048
-735.650    277.908    -0.048
-735.667    278.508    -0.048
-735.682    279.007    -0.048
-735.693    279.407    -0.049
-735.711    280.007    -0.049
-735.725    280.507    -0.049
-735.737    280.906    -0.049
-735.754    281.506    -0.049
-735.769    282.006    -0.049
-735.780    282.406    -0.049
-735.797    283.005    -0.049
-735.812    283.505    -0.049
-735.823    283.905    -0.049
-735.840    284.505    -0.049
-735.855    285.004    -0.049
-735.866    285.404    -0.049
-735.884    286.004    -0.049
-735.898    286.504    -0.049
-735.910    286.904    -0.049
-735.927    287.503    -0.049
-735.941    288.003    -0.049
-735.953    288.403    -0.049
-735.970    289.003    -0.049
-735.985    289.502    -0.049
-735.996    289.902    -0.049
-736.013    290.502    -0.049
-736.028    291.002    -0.049
-736.039    291.401    -0.049
-736.056    292.001    -0.049
-736.071    292.501    -0.049
-736.083    292.901    -0.049
-736.100    293.500    -0.049
-736.114    294.000    -0.049
-736.126    294.400    -0.049
-736.143    295.000    -0.049
-736.158    295.499    -0.049
-736.169    295.899    -0.049
-736.186    296.499    -0.049
-736.201    296.999    -0.049
-736.212    297.398    -0.049
-736.229    297.998    -0.049
-736.244    298.498    -0.049
-736.256    298.898    -0.049
-736.273    299.497    -0.049
-736.287    299.997    -0.050
-736.299    300.397    -0.050
-736.316    300.997    -0.050
-736.331    301.496    -0.050
-736.342    301.896    -0.050
-736.359    302.496    -0.050
-736.374    302.996    -0.050
-736.385    303.396    -0.050
-736.402    303.995    -0.050
-736.417    304.495    -0.050
-736.429    304.895    -0.050
-736.446    305.495    -0.050
-736.460    305.994    -0.050
-736.472    306.394    -0.050
-736.486    306.894    -0.050
-736.501    307.394    -0.050
-736.519    307.993    -0.050
-736.532    308.393    -0.050
-736.546    308.893    -0.050
-736.561    309.393    -0.050
-736.576    309.892    -0.050
-736.591    310.392    -0.050
-736.605    310.892    -0.050
-736.624    311.492    -0.050
-736.638    311.991    -0.050
-736.651    312.391    -0.050
-736.665    312.891    -0.050
-736.680    313.391    -0.050
-736.698    313.990    -0.050
-736.711    314.390    -0.050
-736.725    314.890    -0.050
-736.740    315.390    -0.050
-736.755    315.889    -0.050
-736.770    316.389    -0.050
-736.788    316.989    -0.050
-736.800    317.389    -0.050
-736.815    317.888    -0.050
-736.830    318.388    -0.050
-736.844    318.888    -0.051
-736.859    319.388    -0.051
-736.877    319.987    -0.051
-736.890    320.387    -0.051
-736.904    320.887    -0.051
-736.919    321.386    -0.051
-736.934    321.886    -0.051
-736.949    322.386    -0.051
-736.963    322.886    -0.051
-736.981    323.484    -0.051
-736.996    323.984    -0.051
-737.009    324.384    -0.051
-737.023    324.884    -0.051
-737.038    325.383    -0.051
-737.053    325.883    -0.051
-737.068    326.383    -0.051
-737.082    326.883    -0.051
-737.100    327.482    -0.051
-737.113    327.882    -0.051
-737.128    328.382    -0.051
-737.142    328.882    -0.051
-737.160    329.481    -0.051
-737.175    329.981    -0.051
-737.188    330.381    -0.051
-737.202    330.881    -0.051
-737.217    331.380    -0.051
-737.232    331.880    -0.051
-737.246    332.380    -0.051
-737.261    332.880    -0.051
-737.279    333.479    -0.051
-737.292    333.879    -0.051
-737.306    334.379    -0.051
-737.325    334.979    -0.051
-737.337    335.378    -0.051
-737.352    335.878    -0.051
-737.366    336.378    -0.051
-737.381    336.878    -0.051
-737.396    337.377    -0.052
-737.411    337.877    -0.052
-737.429    338.477    -0.052
-737.444    338.977    -0.052
-737.456    339.376    -0.052
-737.471    339.876    -0.052
-737.485    340.376    -0.052
-737.500    340.876    -0.052
-737.515    341.375    -0.052
-737.530    341.875    -0.052
-737.548    342.475    -0.052
-737.560    342.875    -0.052
-737.575    343.374    -0.052
-737.590    343.874    -0.052
-737.604    344.374    -0.052
-737.619    344.874    -0.052
-737.637    345.473    -0.052
-737.650    345.873    -0.052
-737.664    346.373    -0.052
-737.679    346.873    -0.052
-737.694    347.372    -0.052
-737.709    347.872    -0.052
-737.727    348.472    -0.052
-737.739    348.872    -0.052
-737.754    349.371    -0.052
-737.769    349.871    -0.052
-737.787    350.471    -0.052
-737.801    350.970    -0.052
-737.814    351.370    -0.052
-737.829    351.870    -0.052
-737.843    352.370    -0.052
-737.858    352.869    -0.052
-737.873    353.369    -0.052
-737.888    353.869    -0.052
-737.906    354.469    -0.053
-737.918    354.868    -0.053
-737.933    355.368    -0.053
-737.951    355.968    -0.053
-737.966    356.468    -0.053
-737.980    356.967    -0.053
-737.994    357.467    -0.053
-738.006    357.867    -0.053
-738.019    358.367    -0.053
-738.033    358.867    -0.053
-738.050    359.466    -0.053
-738.064    359.966    -0.053
-738.075    360.366    -0.053
-738.089    360.866    -0.053
-738.106    361.465    -0.053
-738.120    361.965    -0.053
-738.134    362.465    -0.053
-738.147    362.965    -0.053
-738.159    363.364    -0.053
-738.172    363.864    -0.053
-738.190    364.464    -0.053
-738.201    364.864    -0.053
-738.215    365.364    -0.053
-738.232    365.963    -0.053
-738.246    366.463    -0.053
-738.259    366.963    -0.053
-738.273    367.463    -0.053
-738.284    367.862    -0.053
-738.298    368.362    -0.053
-738.315    368.962    -0.053
-738.327    369.362    -0.053
-738.340    369.861    -0.053
-738.358    370.461    -0.053
-738.369    370.861    -0.054
-738.383    371.361    -0.054
-738.400    371.960    -0.054
-738.414    372.460    -0.054
-738.427    372.960    -0.054
-738.441    373.460    -0.054
-738.452    373.860    -0.054
-738.466    374.359    -0.054
-738.483    374.959    -0.054
-738.497    375.459    -0.054
-738.508    375.859    -0.054
-738.522    376.358    -0.054
-738.536    376.858    -0.054
-738.553    377.458    -0.054
-738.567    377.958    -0.054
-738.578    378.357    -0.054
-738.592    378.857    -0.054
-738.609    379.457    -0.054
-738.623    379.957    -0.054
-738.634    380.357    -0.054
-738.650    380.956    -0.054
-738.661    381.356    -0.054
-738.677    381.956    -0.054
-738.687    382.356    -0.054
-738.703    382.955    -0.054
-738.717    383.455    -0.054
-738.727    383.855    -0.054
-738.743    384.455    -0.054
-738.757    384.955    -0.054
-738.770    385.454    -0.054
-738.780    385.854    -0.054
-738.796    386.454    -0.054
-738.807    386.854    -0.055
-738.823    387.454    -0.055
-738.837    387.953    -0.055
-738.847    388.353    -0.055
-738.863    388.953    -0.055
-738.877    389.453    -0.055
-738.890    389.952    -0.055
-738.900    390.352    -0.055
-738.916    390.952    -0.055
-738.927    391.352    -0.055
-738.943    391.952    -0.055
-738.956    392.451    -0.055
-738.967    392.851    -0.055
-738.983    393.451    -0.055
-738.997    393.951    -0.055
-739.009    394.450    -0.055
-739.020    394.850    -0.055
-739.036    395.450    -0.055
-739.046    395.850    -0.055
-739.062    396.450    -0.055
-739.076    396.949    -0.055
-739.086    397.349    -0.055
-739.103    397.948    -0.055
-739.116    398.448    -0.055
-739.129    398.948    -0.055
-739.139    399.347    -0.055
-739.156    399.947    -0.055
-739.166    400.347    -0.055
-739.182    400.947    -0.055
-739.196    401.446    -0.055
-739.206    401.846    -0.055
-739.222    402.446    -0.056
-739.236    402.946    -0.056
-739.249    403.446    -0.056
-739.259    403.845    -0.056
-739.275    404.445    -0.056
-739.286    404.845    -0.056
-739.302    405.445    -0.056
-739.315    405.944    -0.056
-739.326    406.344    -0.056
-739.342    406.944    -0.056
-739.356    407.444    -0.056
-739.368    407.944    -0.056
-739.379    408.343    -0.056
-739.395    408.943    -0.056
-739.405    409.343    -0.056
-739.421    409.943    -0.056
-739.435    410.443    -0.056
-739.446    410.842    -0.056
-739.462    411.442    -0.056
-739.475    411.942    -0.056
-739.488    412.442    -0.056
-739.502    412.941    -0.056
-739.517    413.441    -0.056
-739.529    413.841    -0.056
-739.544    414.341    -0.056
-739.562    414.940    -0.056
-739.574    415.340    -0.056
-739.589    415.840    -0.056
-739.607    416.440    -0.056
-739.620    416.839    -0.056
-739.634    417.339    -0.057
-739.652    417.939    -0.057
-739.665    418.339    -0.057
-739.680    418.838    -0.057
-739.698    419.438    -0.057
-739.710    419.838    -0.057
-739.725    420.338    -0.057
-739.743    420.937    -0.057
-739.755    421.337    -0.057
-739.770    421.837    -0.057
-739.786    422.337    -0.057
-739.804    422.936    -0.057
-739.816    423.336    -0.057
-739.834    423.936    -0.057
-739.847    424.336    -0.057
-739.861    424.835    -0.057
-739.880    425.435    -0.057
-739.892    425.835    -0.057
-739.907    426.335    -0.057
-739.925    426.934    -0.057
-739.937    427.334    -0.057
-739.952    427.834    -0.057
-739.970    428.433    -0.057
-739.982    428.833    -0.057
-739.997    429.333    -0.057
-740.015    429.933    -0.057
-740.028    430.332    -0.057
-740.042    430.832    -0.057
-740.061    431.432    -0.058
-740.073    431.832    -0.058
-740.088    432.331    -0.058
-740.103    432.831    -0.058
-740.122    433.431    -0.058
-740.134    433.831    -0.058
-740.152    434.430    -0.058
-740.164    434.830    -0.058
-740.179    435.330    -0.058
-740.197    435.930    -0.058
-740.210    436.329    -0.058
-740.224    436.829    -0.058
-740.242    437.429    -0.058
-740.255    437.829    -0.058
-740.270    438.328    -0.058
-740.288    438.928    -0.058
-740.300    439.328    -0.058
-740.315    439.828    -0.058
-740.333    440.427    -0.058
-740.345    440.827    -0.058
-740.360    441.327    -0.058
-740.378    441.926    -0.058
-740.391    442.326    -0.058
-740.405    442.826    -0.058
-740.423    443.426    -0.058
-740.436    443.825    -0.058
-740.451    444.325    -0.058
-740.466    444.825    -0.058
-740.484    445.425    -0.059
-740.497    445.824    -0.059
-740.515    446.424    -0.059
-740.527    446.824    -0.059
-740.542    447.324    -0.059
-740.560    447.923    -0.059
-740.573    448.323    -0.059
-740.590    448.923    -0.059
-740.603    449.423    -0.059
-740.617    449.922    -0.059
-740.631    450.422    -0.059
-740.642    450.822    -0.059
-740.656    451.322    -0.059
-740.670    451.822    -0.059
-740.684    452.321    -0.059
-740.697    452.821    -0.059
-740.711    453.321    -0.059
-740.725    453.821    -0.059
-740.739    454.320    -0.059
-740.752    454.820    -0.059
-740.766    455.320    -0.059
-740.780    455.820    -0.059
-740.797    456.419    -0.059
-740.811    456.919    -0.059
-740.822    457.319    -0.059
-740.836    457.819    -0.059
-740.849    458.319    -0.059
-740.863    458.818    -0.060
-740.877    459.318    -0.060
-740.891    459.818    -0.060
-740.904    460.318    -0.060
-740.922    460.917    -0.060
-740.935    461.417    -0.060
-740.947    461.816    -0.060
-740.960    462.316    -0.060
-740.974    462.816    -0.060
-740.988    463.315    -0.060
-741.002    463.815    -0.060
-741.015    464.315    -0.060
-741.029    464.815    -0.060
-741.046    465.414    -0.060
-741.060    465.914    -0.060
-741.071    466.314    -0.060
-741.085    466.814    -0.060
-741.099    467.313    -0.060
-741.113    467.813    -0.060
-741.126    468.313    -0.060
-741.140    468.813    -0.060
-741.154    469.313    -0.060
-741.171    469.912    -0.060
-741.185    470.412    -0.060
-741.196    470.812    -0.060
-741.210    471.312    -0.060
-741.224    471.811    -0.061
-741.237    472.311    -0.061
-741.251    472.811    -0.061
-741.265    473.311    -0.061
-741.279    473.810    -0.061
-741.296    474.410    -0.061
-741.309    474.910    -0.061
-741.321    475.310    -0.061
-741.335    475.810    -0.061
-741.348    476.309    -0.061
-741.362    476.809    -0.061
-741.376    477.309    -0.061
-741.390    477.809    -0.061
-741.403    478.308    -0.061
-741.420    478.908    -0.061
-741.434    479.408    -0.061
-741.446    479.808    -0.061
-741.459    480.307    -0.061
-741.473    480.807    -0.061
-741.487    481.307    -0.061
-741.504    481.907    -0.061
-741.518    482.407    -0.061
-741.532    482.906    -0.061
-741.547    483.406    -0.061
-741.560    483.806    -0.061
-741.574    484.306    -0.062
-741.589    484.805    -0.062
-741.604    485.305    -0.062
-741.622    485.905    -0.062
-741.634    486.305    -0.062
-741.649    486.804    -0.062
-741.667    487.404    -0.062
-741.679    487.804    -0.062
-741.694    488.304    -0.062
-741.712    488.903    -0.062
-741.725    489.303    -0.062
-741.739    489.803    -0.062
-741.758    490.402    -0.062
-741.770    490.802    -0.062
-741.785    491.302    -0.062
-741.803    491.902    -0.062
-741.818    492.401    -0.062
-741.830    492.801    -0.062
-741.845    493.301    -0.062
-741.859    493.801    -0.062
-741.874    494.300    -0.062
-741.892    494.900    -0.062
-741.905    495.300    -0.062
-741.919    495.800    -0.062
-741.938    496.399    -0.062
-741.950    496.799    -0.063
-741.965    497.299    -0.063
-741.983    497.899    -0.063
-741.995    498.298    -0.063
-742.010    498.798    -0.063
-742.028    499.398    -0.063
-742.040    499.798    -0.063
-742.055    500.297    -0.063
-742.073    500.897    -0.063
-742.088    501.397    -0.063
-742.100    501.797    -0.063
-742.115    502.296    -0.063
-742.130    502.796    -0.063
-742.145    503.296    -0.063
-742.163    503.896    -0.063
-742.175    504.295    -0.063
-742.190    504.795    -0.063
-742.208    505.395    -0.063
-742.220    505.795    -0.063
-742.235    506.294    -0.063
-742.253    506.894    -0.063
-742.266    507.294    -0.063
-742.280    507.793    -0.063
-742.296    508.293    -0.063
-742.310    508.793    -0.063
-742.323    509.293    -0.064
-742.335    509.793    -0.064
-742.351    510.392    -0.064
-742.364    510.892    -0.064
-742.377    511.392    -0.064
-742.387    511.792    -0.064
-742.400    512.292    -0.064
-742.413    512.791    -0.064
-742.429    513.391    -0.064
-742.442    513.891    -0.064
-742.454    514.391    -0.064
-742.468    514.890    -0.064
-742.481    515.390    -0.064
-742.494    515.890    -0.064
-742.504    516.290    -0.064
-742.517    516.790    -0.064
-742.530    517.289    -0.064
-742.546    517.889    -0.064
-742.558    518.389    -0.064
-742.571    518.889    -0.064
-742.582    519.289    -0.064
-742.594    519.788    -0.064
-742.607    520.288    -0.064
-742.623    520.888    -0.065
-742.636    521.388    -0.065
-742.649    521.888    -0.065
-742.662    522.387    -0.065
-742.675    522.887    -0.065
-742.688    523.387    -0.065
-742.698    523.787    -0.065
-742.711    524.287    -0.065
-742.724    524.786    -0.065
-742.740    525.386    -0.065
-742.753    525.886    -0.065
-742.765    526.386    -0.065
-742.776    526.786    -0.065
-742.792    527.385    -0.065
-742.805    527.885    -0.065
-742.817    528.385    -0.065
-742.828    528.785    -0.065
-742.844    529.484    -0.065
-742.854    529.884    -0.065
-742.864    530.384    -0.065
-742.877    530.984    -0.065
-742.887    531.384    -0.065
-742.898    531.884    -0.065
-742.909    532.383    -0.065
-742.920    532.883    -0.066
-742.933    533.483    -0.066
-742.943    533.883    -0.066
-742.953    534.383    -0.066
-742.964    534.783    -0.066
-742.980    535.282    -0.066
-742.997    535.782    -0.066
-743.014    536.282    -0.066
-743.031    536.781    -0.066
-743.047    537.281    -0.066
-743.064    537.781    -0.066
-743.081    538.281    -0.066
-743.098    538.779    -0.066
-743.114    539.279    -0.066
-743.132    539.779    -0.066
-743.149    540.278    -0.066
-743.166    540.778    -0.066
-743.181    541.378    -0.066
-743.192    541.878    -0.066
-743.204    542.377    -0.066
-743.216    542.877    -0.066
-743.228    543.377    -0.066
-743.239    543.877    -0.067
-743.251    544.377    -0.067
-743.263    544.877    -0.067
-743.275    545.376    -0.067
-743.286    545.876    -0.067
-743.298    546.376    -0.067
-743.310    546.876    -0.067
-743.322    547.376    -0.067
-743.333    547.875    -0.067
-743.344    548.375    -0.067
-743.355    548.875    -0.067
-743.366    549.375    -0.067
-743.376    549.875    -0.067
-743.388    550.475    -0.067
-743.399    550.975    -0.067
-743.408    551.374    -0.067
-743.418    551.874    -0.067
-743.429    552.374    -0.067
-743.440    552.874    -0.067
-743.451    553.374    -0.067
-743.461    553.874    -0.067
-743.470    554.274    -0.067
-743.484    554.773    -0.067
-743.497    555.273    -0.068
-743.511    555.773    -0.068
-743.527    556.373    -0.068
-743.541    556.872    -0.068
-743.551    557.272    -0.068
-743.565    557.772    -0.068
-743.579    558.272    -0.068
-743.595    558.871    -0.068
-743.609    559.371    -0.068
-743.622    559.871    -0.068
-743.633    560.271    -0.068
-743.649    560.871    -0.068
-743.663    561.370    -0.068
-743.673    561.770    -0.068
-743.689    562.370    -0.068
-743.703    562.870    -0.068
-743.713    563.270    -0.068
-743.727    563.769    -0.068
-743.741    564.269    -0.068
-743.755    564.769    -0.068
-743.770    565.269    -0.068
-743.785    565.768    -0.068
-743.800    566.268    -0.069
-743.814    566.768    -0.069
-743.829    567.268    -0.069
-743.844    567.767    -0.069
-743.859    568.267    -0.069
-743.873    568.767    -0.069
-743.888    569.267    -0.069
-743.905    569.866    -0.069
-743.917    570.266    -0.069
-743.931    570.766    -0.069
-743.946    571.266    -0.069
-743.961    571.765    -0.069
-743.976    572.265    -0.069
-743.990    572.765    -0.069
-744.005    573.265    -0.069
-744.020    573.764    -0.069
-744.035    574.264    -0.069
-744.049    574.764    -0.069
-744.064    575.264    -0.069
-744.079    575.763    -0.069
-744.094    576.263    -0.069
-744.108    576.763    -0.070
-744.125    577.363    -0.070
-744.137    577.762    -0.070
-744.152    578.262    -0.070
-744.166    578.762    -0.070
-744.181    579.262    -0.070
-744.196    579.761    -0.070
-744.214    580.461    -0.070
-744.223    580.861    -0.070
-744.233    581.361    -0.070
-744.246    581.961    -0.070
-744.256    582.460    -0.070
-744.267    582.960    -0.070
-744.278    583.460    -0.070
-744.286    583.860    -0.070
-744.297    584.360    -0.070
-744.309    584.960    -0.070
-744.317    585.360    -0.070
-744.328    585.859    -0.070
-744.340    586.359    -0.070
-744.352    586.759    -0.070
-744.367    587.259    -0.071
-744.385    587.859    -0.071
-744.398    588.258    -0.071
-744.412    588.758    -0.071
-744.430    589.358    -0.071
-744.443    589.758    -0.071
-744.461    590.357    -0.071
-744.473    590.757    -0.071
-744.491    591.357    -0.071
-744.504    591.756    -0.071
-744.519    592.256    -0.071
-744.534    592.756    -0.071
-744.550    593.256    -0.071
-744.566    593.755    -0.071
-744.582    594.255    -0.071
-744.597    594.755    -0.071
-744.616    595.355    -0.071
-744.630    595.754    -0.071
-744.645    596.254    -0.071
-744.661    596.754    -0.071
-744.677    597.253    -0.071
-744.693    597.753    -0.072
-744.708    598.253    -0.072
-744.724    598.753    -0.072
-744.740    599.252    -0.072
-744.756    599.752    -0.072
-744.771    600.252    -0.072
-744.787    600.752    -0.072
-744.803    601.251    -0.072
-744.819    601.751    -0.072
-744.834    602.251    -0.072
-744.850    602.749    -0.072
-744.866    603.249    -0.072
-744.882    603.749    -0.072
-744.900    604.349    -0.072
-744.912    604.848    -0.072
-744.923    605.348    -0.072
-744.935    605.848    -0.072
-744.947    606.348    -0.072
-744.958    606.848    -0.072
-744.970    607.348    -0.072
-744.982    607.847    -0.073
-744.994    608.347    -0.073
-745.006    608.847    -0.073
-745.019    609.347    -0.073
-745.032    609.847    -0.073
-745.045    610.346    -0.073
-745.057    610.846    -0.073
-745.070    611.346    -0.073
-745.083    611.846    -0.073
-745.096    612.346    -0.073
-745.108    612.845    -0.073
-745.121    613.345    -0.073
-745.134    613.845    -0.073
-745.147    614.345    -0.073
-745.159    614.845    -0.073
-745.172    615.344    -0.073
-745.185    615.844    -0.073
-745.198    616.344    -0.073
-745.210    616.844    -0.073
-745.223    617.344    -0.073
-745.236    617.843    -0.073
-745.245    618.243    -0.074
-745.260    618.843    -0.074
-745.273    619.343    -0.074
-745.286    619.742    -0.074
-745.301    620.242    -0.074
-745.316    620.742    -0.074
-745.332    621.242    -0.074
-745.348    621.741    -0.074
-745.363    622.241    -0.074
-745.379    622.741    -0.074
-745.395    623.241    -0.074
-745.410    623.740    -0.074
-745.425    624.240    -0.074
-745.441    624.740    -0.074
-745.456    625.240    -0.074
-745.472    625.739    -0.074
-745.487    626.239    -0.074
-745.502    626.739    -0.074
-745.518    627.238    -0.074
-745.534    627.738    -0.075
-745.548    628.238    -0.075
-745.564    628.738    -0.075
-745.580    629.237    -0.075
-745.594    629.737    -0.075
-745.610    630.237    -0.075
-745.626    630.737    -0.075
-745.641    631.236    -0.075
-745.656    631.736    -0.075
-745.672    632.236    -0.075
-745.688    632.736    -0.075
-745.707    633.435    -0.075
-745.716    633.835    -0.075
-745.726    634.335    -0.075
-745.738    634.935    -0.075
-745.746    635.335    -0.075
-745.756    635.835    -0.075
-745.768    636.434    -0.075
-745.776    636.834    -0.075
-745.788    637.434    -0.075
-745.797    637.834    -0.076
-745.809    638.434    -0.076
-745.817    638.834    -0.076
-745.829    639.434    -0.076
-745.838    639.833    -0.076
-745.849    640.333    -0.076
-745.861    640.933    -0.076
-745.869    641.333    -0.076
-745.879    641.833    -0.076
-745.891    642.433    -0.076
-745.899    642.833    -0.076
-745.910    643.332    -0.076
-745.922    643.932    -0.076
-745.931    644.332    -0.076
-745.940    644.832    -0.076
-745.952    645.432    -0.076
-745.961    645.832    -0.076
-745.972    646.332    -0.076
-745.984    646.931    -0.076
-745.992    647.331    -0.077
-746.002    647.831    -0.077
-746.014    648.431    -0.077
-746.022    648.831    -0.077
-746.032    649.331    -0.077
-746.044    649.931    -0.077
-746.053    650.330    -0.077
-746.063    650.830    -0.077
-746.075    651.430    -0.077
-746.084    651.830    -0.077
-746.096    652.430    -0.077
-746.104    652.830    -0.077
-746.116    653.429    -0.077
-746.125    653.829    -0.077
-746.137    654.429    -0.077
-746.147    654.929    -0.077
-746.156    655.429    -0.077
-746.164    655.829    -0.077
-746.173    656.329    -0.077
-746.183    656.829    -0.078
-746.194    657.428    -0.078
-746.204    657.928    -0.078
-746.211    658.328    -0.078
-746.221    658.828    -0.078
-746.232    659.428    -0.078
-746.240    659.828    -0.078
-746.249    660.328    -0.078
-746.261    660.928    -0.078
-746.270    661.427    -0.078
-746.278    661.827    -0.078
-746.287    662.327    -0.078
-746.299    662.927    -0.078
-746.308    663.427    -0.078
-746.316    663.827    -0.078
-746.327    664.327    -0.078
-746.339    664.826    -0.078
-746.351    665.326    -0.078
-746.363    665.826    -0.078
-746.374    666.326    -0.079
-746.386    666.826    -0.079
-746.398    667.326    -0.079
-746.410    667.825    -0.079
-746.421    668.325    -0.079
-746.433    668.825    -0.079
-746.445    669.325    -0.079
-746.457    669.825    -0.079
-746.468    670.324    -0.079
-746.480    670.824    -0.079
-746.492    671.324    -0.079
-746.504    671.824    -0.079
-746.515    672.324    -0.079
-746.527    672.824    -0.079
-746.539    673.323    -0.079
-746.551    673.823    -0.079
-746.562    674.323    -0.079
-746.574    674.823    -0.079
-746.586    675.323    -0.080
-746.598    675.822    -0.080
-746.610    676.322    -0.080
-746.622    676.822    -0.080
-746.633    677.322    -0.080
-746.642    677.822    -0.080
-746.650    678.322    -0.080
-746.659    678.822    -0.080
-746.668    679.322    -0.080
-746.677    679.821    -0.080
-746.685    680.321    -0.080
-746.694    680.821    -0.080
-746.703    681.321    -0.080
-746.712    681.821    -0.080
-746.720    682.321    -0.080
-746.729    682.821    -0.080
-746.738    683.321    -0.080
-746.747    683.821    -0.080
-746.755    684.320    -0.080
-746.764    684.820    -0.081
-746.775    685.420    -0.081
-746.785    685.920    -0.081
-746.792    686.320    -0.081
-746.802    686.820    -0.081
-746.812    687.320    -0.081
-746.822    687.820    -0.081
-746.833    688.419    -0.081
-746.840    689.119    -0.081
-746.843    689.619    -0.081
-746.846    690.118    -0.081
-746.848    690.618    -0.081
-746.851    691.018    -0.081
-746.855    691.619    -0.081
-746.858    692.119    -0.081
-746.860    692.619    -0.081
-746.863    693.119    -0.081
-746.866    693.619    -0.082
-746.869    694.119    -0.082
-746.871    694.619    -0.082
-746.874    695.119    -0.082
-746.877    695.519    -0.082
-746.883    696.019    -0.082
-746.890    696.519    -0.082
-746.896    697.019    -0.082
-746.903    697.518    -0.082
-746.909    698.017    -0.082
-746.915    698.517    -0.082
-746.922    699.017    -0.082
-746.929    699.517    -0.082
-746.935    700.017    -0.082
-746.941    700.517    -0.082
-746.948    701.017    -0.082
-746.953    701.617    -0.082
-746.956    702.117    -0.082
-746.957    702.617    -0.083
-746.959    703.117    -0.083
-746.962    703.617    -0.083
-746.964    704.117    -0.083
-746.965    704.617    -0.083
-746.968    705.117    -0.083
-746.970    705.617    -0.083
-746.972    706.117    -0.083
-746.974    706.617    -0.083
-746.976    707.117    -0.083
-746.978    707.617    -0.083
-746.981    708.117    -0.083
-746.982    708.617    -0.083
-746.985    709.117    -0.083
-746.987    709.617    -0.083
-746.990    710.117    -0.083
-746.991    710.617    -0.083
-746.994    711.116    -0.083
-746.996    711.616    -0.084
-746.999    712.116    -0.084
-747.000    712.616    -0.084
-747.003    713.116    -0.084
-747.005    713.616    -0.084
-747.006    714.216    -0.084
-747.003    714.716    -0.084
-746.999    715.216    -0.084
-746.996    715.716    -0.084
-746.993    716.216    -0.084
-746.990    716.716    -0.084
-746.986    717.216    -0.084
-746.983    717.716    -0.084
-746.980    718.216    -0.084
-746.977    718.716    -0.084
-746.973    719.216    -0.084
-746.970    719.715    -0.084
-746.967    720.215    -0.084
-746.964    720.716    -0.085
-746.959    721.316    -0.085
-746.953    721.815    -0.085
-746.946    722.315    -0.085
-746.940    722.816    -0.085
-746.934    723.315    -0.085
-746.928    723.815    -0.085
-746.921    724.315    -0.085
-746.915    724.815    -0.085
-746.909    725.315    -0.085
-746.903    725.815    -0.085
-746.896    726.314    -0.085
-746.890    726.814    -0.085
-746.884    727.315    -0.085
-746.877    727.814    -0.085
-746.871    728.314    -0.085
-746.865    728.814    -0.085
-746.859    729.314    -0.085
-746.852    729.814    -0.086
-746.846    730.314    -0.086
-746.839    730.913    -0.086
-746.833    731.414    -0.086
-746.827    731.914    -0.086
-746.821    732.413    -0.086
-746.816    732.813    -0.086
-746.810    733.314    -0.086
-746.803    733.814    -0.086
-746.797    734.313    -0.086
-746.791    734.813    -0.086
-746.785    735.314    -0.086
-746.778    735.813    -0.086
-746.772    736.313    -0.086
-746.766    736.813    -0.086
-746.760    737.313    -0.086
-746.753    737.813    -0.086
-746.747    738.313    -0.087
-746.741    738.812    -0.087
-746.735    739.313    -0.087
-746.728    739.813    -0.087
-746.722    740.312    -0.087
-746.716    740.812    -0.087
-746.710    741.313    -0.087
-746.703    741.812    -0.087
-746.697    742.312    -0.087
-746.691    742.812    -0.087
-746.685    743.311    -0.087
-746.678    743.812    -0.087
-746.672    744.312    -0.087
-746.666    744.811    -0.087
-746.660    745.311    -0.087
-746.655    745.712    -0.087
-746.628    746.711    -0.087
-746.614    747.111    -0.088
-746.600    747.510    -0.088
-746.577    748.210    -0.088
-746.563    748.609    -0.088
-746.550    749.010    -0.088
-746.526    749.709    -0.088
-746.512    750.109    -0.088
-746.499    750.508    -0.088
-746.475    751.208    -0.088
-746.462    751.607    -0.088
-746.448    752.008    -0.088
-746.428    752.607    -0.088
-746.414    753.007    -0.088
-746.391    753.706    -0.088
-746.381    754.007    -0.088
-746.357    754.705    -0.088
-746.347    755.006    -0.088
-746.324    755.705    -0.089
-746.307    756.205    -0.089
-746.293    756.604    -0.089
-746.279    757.005    -0.089
-746.250    757.803    -0.089
-746.233    758.203    -0.089
-746.213    758.703    -0.089
-746.193    759.202    -0.089
-746.168    759.802    -0.089
-746.148    760.301    -0.089
-746.131    760.701    -0.089
-746.111    761.200    -0.089
-746.086    761.800    -0.089
-746.069    762.200    -0.089
-746.049    762.699    -0.089
-746.024    763.299    -0.089
-746.004    763.798    -0.089
-745.987    764.198    -0.089
-745.967    764.697    -0.090
-745.947    765.197    -0.090
-745.927    765.697    -0.090
-745.885    766.495    -0.090
-745.856    766.995    -0.090
-745.828    767.493    -0.090
-745.799    767.993    -0.090
-745.771    768.492    -0.090
-745.743    768.991    -0.090
-745.708    769.590    -0.090
-745.685    769.989    -0.090
-745.657    770.488    -0.090
-745.629    770.988    -0.090
-745.601    771.486    -0.090
-745.572    771.986    -0.090
-745.544    772.485    -0.090
-745.515    772.984    -0.090
-745.486    773.483    -0.091
-745.458    773.982    -0.091
-745.423    774.581    -0.091
-745.389    775.080    -0.091
-745.347    775.678    -0.091
-745.319    776.078    -0.091
-745.285    776.577    -0.091
-745.251    777.075    -0.091
-745.216    777.574    -0.091
-745.182    778.073    -0.091
-745.148    778.571    -0.091
-745.114    779.070    -0.091
-745.079    779.569    -0.091
-745.045    780.068    -0.091
-745.011    780.567    -0.091
-744.976    781.065    -0.091
-744.942    781.564    -0.091
-744.908    782.063    -0.092
-744.874    782.562    -0.092
-744.840    783.061    -0.092
-744.807    783.559    -0.092
-744.774    784.058    -0.092
-744.741    784.557    -0.092
-744.708    785.056    -0.092
-744.675    785.555    -0.092
-744.642    786.054    -0.092
-744.608    786.553    -0.092
-744.576    787.051    -0.092
-744.543    787.550    -0.092
-744.479    788.348    -0.092
-744.435    788.846    -0.092
-744.392    789.344    -0.092
-744.349    789.842    -0.092
-744.305    790.340    -0.092
-744.262    790.839    -0.093
-744.219    791.336    -0.093
-744.175    791.834    -0.093
-744.133    792.332    -0.093
-744.090    792.830    -0.093
-744.046    793.328    -0.093
-744.003    793.826    -0.093
-743.960    794.324    -0.093
-743.917    794.822    -0.093
-743.873    795.321    -0.093
-743.830    795.819    -0.093
-743.787    796.317    -0.093
-743.725    797.014    -0.093
-743.678    797.512    -0.093
-743.630    798.010    -0.093
-743.583    798.507    -0.093
-743.536    799.005    -0.093
-743.498    799.403    -0.094
-743.442    800.001    -0.094
-743.395    800.499    -0.094
-743.346    800.996    -0.094
-743.296    801.493    -0.094
-743.236    802.091    -0.094
-743.197    802.489    -0.094
-743.147    802.986    -0.094
-743.087    803.583    -0.094
-743.048    803.981    -0.094
-742.998    804.478    -0.094
-742.938    805.075    -0.094
-742.899    805.473    -0.094
-742.839    806.070    -0.094
-742.773    806.667    -0.094
-742.705    807.262    -0.094
-742.648    807.760    -0.094
-742.603    808.157    -0.095
-742.535    808.753    -0.095
-742.478    809.250    -0.095
-742.422    809.746    -0.095
-742.376    810.144    -0.095
-742.320    810.640    -0.095
-742.252    811.237    -0.095
-742.196    811.733    -0.095
-742.138    812.230    -0.095
-742.082    812.727    -0.095
-742.025    813.224    -0.095
-741.968    813.720    -0.095
-741.911    814.217    -0.095
-741.855    814.714    -0.095
-741.798    815.210    -0.095
-741.693    816.004    -0.095
-741.626    816.499    -0.095
-741.571    816.895    -0.096
-741.490    817.490    -0.096
-741.422    817.985    -0.096
-741.354    818.480    -0.096
-741.287    818.976    -0.096
-741.219    819.471    -0.096
-741.152    819.966    -0.096
-741.097    820.363    -0.096
-741.016    820.957    -0.096
-740.949    821.452    -0.096
-740.849    822.145    -0.096
-740.777    822.640    -0.096
-740.703    823.134    -0.096
-740.631    823.629    -0.096
-740.558    824.124    -0.096
-740.485    824.618    -0.096
-740.412    825.113    -0.096
-740.339    825.607    -0.097
-740.265    826.102    -0.097
-740.190    826.596    -0.097
-740.114    827.090    -0.097
-740.039    827.585    -0.097
-739.963    828.079    -0.097
-739.888    828.573    -0.097
-739.813    829.068    -0.097
-739.737    829.561    -0.097
-739.662    830.056    -0.097
-739.586    830.550    -0.097
-739.511    831.044    -0.097
-739.382    831.834    -0.097
-739.299    832.326    -0.097
-739.216    832.819    -0.097
-739.132    833.312    -0.097
-739.049    833.805    -0.097
-738.965    834.298    -0.097
-738.899    834.693    -0.098
-738.799    835.285    -0.098
-738.716    835.778    -0.098
-738.596    836.468    -0.098
-738.526    836.861    -0.098
-738.422    837.452    -0.098
-738.335    837.944    -0.098
-738.265    838.338    -0.098
-738.161    838.929    -0.098
-738.091    839.323    -0.098
-737.986    839.914    -0.098
-737.877    840.503    -0.098
-737.786    840.994    -0.098
-737.714    841.388    -0.098
-737.605    841.978    -0.098
-737.514    842.470    -0.098
-737.441    842.863    -0.098
-737.351    843.355    -0.098
-737.242    843.945    -0.099
-737.151    844.437    -0.099
-737.061    844.928    -0.099
-736.988    845.322    -0.099
-736.856    846.009    -0.099
-736.740    846.597    -0.099
-736.642    847.088    -0.099
-736.545    847.578    -0.099
-736.447    848.068    -0.099
-736.370    848.461    -0.099
-736.253    849.049    -0.099
-736.156    849.539    -0.099
-736.058    850.030    -0.099
-735.981    850.423    -0.099
-735.864    851.012    -0.099
-735.767    851.502    -0.099
-735.646    852.089    -0.099
-735.523    852.676    -0.100
-735.420    853.165    -0.100
-735.317    853.655    -0.100
-735.215    854.144    -0.100
-735.132    854.535    -0.100
-735.009    855.122    -0.100
-734.906    855.612    -0.100
-734.804    856.101    -0.100
-734.700    856.591    -0.100
-734.523    857.370    -0.100
-734.409    857.857    -0.100
-734.295    858.344    -0.100
-734.182    858.831    -0.100
-734.091    859.221    -0.100
-733.956    859.805    -0.100
-733.817    860.388    -0.100
-733.679    860.973    -0.100
-733.610    861.265    -0.100
-733.449    861.945    -0.101
-733.357    862.335    -0.101
-733.265    862.724    -0.101
-733.104    863.406    -0.101
-733.012    863.795    -0.101
-732.849    864.475    -0.101
-732.752    864.863    -0.101
-732.632    865.348    -0.101
-732.486    865.931    -0.101
-732.390    866.319    -0.101
-732.269    866.804    -0.101
-732.124    867.386    -0.101
-732.027    867.774    -0.101
-731.906    868.259    -0.101
-731.761    868.841    -0.101
-731.664    869.230    -0.101
-731.543    869.715    -0.101
-731.398    870.296    -0.101
-731.301    870.685    -0.101
-731.155    871.266    -0.102
-731.007    871.848    -0.102
-730.908    872.235    -0.102
-730.760    872.817    -0.102
-730.662    873.204    -0.102
-730.514    873.786    -0.102
-730.390    874.271    -0.102
-730.267    874.755    -0.102
-730.144    875.240    -0.102
-730.020    875.724    -0.102
-729.733    876.786    -0.102
-729.622    877.169    -0.102
-729.482    877.650    -0.102
-729.343    878.130    -0.102
-729.203    878.610    -0.102
-729.063    879.090    -0.102
-728.923    879.570    -0.102
-728.756    880.146    -0.102
-728.645    880.530    -0.103
-728.505    881.010    -0.103
-728.308    881.682    -0.103
-728.164    882.161    -0.103
-728.021    882.640    -0.103
-727.877    883.118    -0.103
-727.735    883.598    -0.103
-727.591    884.076    -0.103
-727.448    884.556    -0.103
-727.304    885.034    -0.103
-727.189    885.418    -0.103
-727.047    885.897    -0.103
-726.874    886.472    -0.103
-726.641    887.237    -0.103
-726.521    887.618    -0.103
-726.340    888.191    -0.103
-726.250    888.477    -0.103
-726.040    889.144    -0.103
-725.949    889.430    -0.103
-725.769    890.002    -0.104
-725.588    890.575    -0.104
-725.468    890.956    -0.104
-725.317    891.432    -0.104
-725.137    892.005    -0.104
-724.986    892.481    -0.104
-724.896    892.767    -0.104
-724.685    893.435    -0.104
-724.465    894.100    -0.104
-724.305    894.573    -0.104
-724.080    895.236    -0.104
-723.952    895.615    -0.104
-723.792    896.089    -0.104
-723.664    896.468    -0.104
-723.504    896.941    -0.104
-723.345    897.415    -0.104
-723.120    898.078    -0.104
-722.960    898.552    -0.104
-722.832    898.930    -0.104
-722.704    899.309    -0.104
-722.544    899.783    -0.105
-722.384    900.257    -0.105
-722.224    900.731    -0.105
-722.000    901.393    -0.105
-721.872    901.772    -0.105
-721.712    902.246    -0.105
-721.584    902.625    -0.105
-721.424    903.099    -0.105
-721.232    903.667    -0.105
-720.894    904.608    -0.105
-720.720    905.077    -0.105
-720.546    905.545    -0.105
-720.372    906.014    -0.105
-720.198    906.482    -0.105
-720.024    906.952    -0.105
-719.850    907.420    -0.105
-719.676    907.889    -0.105
-719.502    908.357    -0.105
-719.328    908.826    -0.105
-719.154    909.295    -0.106
-718.980    909.764    -0.106
-718.729    910.418    -0.106
-718.586    910.790    -0.106
-718.370    911.350    -0.106
-718.227    911.724    -0.106
-717.975    912.377    -0.106
-717.832    912.750    -0.106
-717.652    913.217    -0.106
-717.509    913.590    -0.106
-717.328    914.056    -0.106
-717.114    914.617    -0.106
-716.896    915.176    -0.106
-716.712    915.641    -0.106
-716.527    916.106    -0.106
-716.343    916.570    -0.106
-716.159    917.035    -0.106
-715.900    917.686    -0.106
-715.790    917.964    -0.106
-715.606    918.429    -0.106
-715.422    918.894    -0.106
-715.237    919.359    -0.107
-715.053    919.823    -0.107
-714.868    920.288    -0.107
-714.451    921.305    -0.107
-714.252    921.764    -0.107
-714.054    922.223    -0.107
-713.854    922.682    -0.107
-713.615    923.231    -0.107
-713.456    923.599    -0.107
-713.257    924.057    -0.107
-713.057    924.516    -0.107
-712.775    925.156    -0.107
-712.571    925.612    -0.107
-712.366    926.068    -0.107
-712.202    926.433    -0.107
-711.997    926.889    -0.107
-711.752    927.437    -0.107
-711.547    927.893    -0.107
-711.342    928.349    -0.107
-711.137    928.805    -0.107
-710.973    929.170    -0.107
-710.727    929.718    -0.108
-710.523    930.173    -0.108
-710.318    930.629    -0.108
-710.113    931.085    -0.108
-709.908    931.541    -0.108
-709.744    931.906    -0.108
-709.498    932.454    -0.108
-709.294    932.910    -0.108
-709.089    933.366    -0.108
-708.883    933.822    -0.108
-708.679    934.278    -0.108
-708.474    934.733    -0.108
-708.310    935.098    -0.108
-708.065    935.646    -0.108
-707.860    936.102    -0.108
-707.655    936.558    -0.108
-707.491    936.923    -0.108
-707.246    937.471    -0.108
-707.040    937.927    -0.108
-706.836    938.383    -0.108
-706.456    939.199    -0.108
-706.240    939.650    -0.108
-705.980    940.190    -0.109
-705.808    940.551    -0.109
-705.592    941.002    -0.109
-705.377    941.454    -0.109
-705.161    941.905    -0.109
-704.901    942.445    -0.109
-704.729    942.806    -0.109
-704.469    943.347    -0.109
-704.065    944.151    -0.109
-703.838    944.595    -0.109
-703.609    945.041    -0.109
-703.381    945.485    -0.109
-703.153    945.931    -0.109
-702.925    946.375    -0.109
-702.697    946.821    -0.109
-702.423    947.354    -0.109
-702.286    947.621    -0.109
-702.013    948.156    -0.109
-701.785    948.600    -0.109
-701.603    948.957    -0.109
-701.374    949.401    -0.109
-700.955    950.197    -0.109
-700.720    950.639    -0.110
-700.485    951.080    -0.110
-700.251    951.522    -0.110
-700.017    951.964    -0.110
-699.829    952.316    -0.110
-699.595    952.758    -0.110
-699.313    953.287    -0.110
-699.078    953.729    -0.110
-698.796    954.259    -0.110
-698.557    954.697    -0.110
-698.318    955.137    -0.110
-698.126    955.489    -0.110
-697.840    956.015    -0.110
-697.601    956.454    -0.110
-697.362    956.894    -0.110
-697.076    957.421    -0.110
-696.885    957.772    -0.110
-696.598    958.299    -0.110
-696.407    958.651    -0.110
-696.121    959.177    -0.110
-695.930    959.529    -0.110
-695.538    960.227    -0.110
-695.292    960.662    -0.110
-695.096    961.011    -0.110
-694.850    961.446    -0.110
-694.505    962.055    -0.111
-694.308    962.404    -0.111
-694.111    962.751    -0.111
-693.866    963.186    -0.111
-693.521    963.795    -0.111
-693.324    964.144    -0.111
-692.769    965.093    -0.111
-692.562    965.435    -0.111
-692.251    965.949    -0.111
-692.043    966.291    -0.111
-691.732    966.803    -0.111
-691.525    967.145    -0.111
-691.317    967.488    -0.111
-691.006    968.000    -0.111
-690.695    968.514    -0.111
-690.436    968.941    -0.111
-690.229    969.283    -0.111
-689.918    969.796    -0.111
-689.658    970.223    -0.111
-689.399    970.651    -0.111
-689.191    970.993    -0.111
-688.932    971.420    -0.111
-688.512    972.101    -0.111
-688.248    972.525    -0.111
-688.089    972.780    -0.111
-687.719    973.374    -0.112
-687.455    973.798    -0.112
-687.296    974.053    -0.112
-686.979    974.562    -0.112
-686.714    974.987    -0.112
-686.502    975.326    -0.112
-686.185    975.835    -0.112
-685.921    976.259    -0.112
-685.709    976.599    -0.112
-685.338    977.192    -0.112
-684.903    977.864    -0.112
-684.574    978.366    -0.112
-684.410    978.616    -0.112
-684.082    979.119    -0.112
-683.754    979.621    -0.112
-683.590    979.872    -0.112
-683.261    980.374    -0.112
-683.042    980.709    -0.112
-682.714    981.211    -0.112
-682.386    981.713    -0.112
-682.111    982.131    -0.112
-681.780    982.631    -0.112
-681.502    983.047    -0.112
-681.224    983.462    -0.112
-680.945    983.878    -0.112
-680.723    984.210    -0.112
-680.390    984.708    -0.112
-680.111    985.124    -0.113
-679.833    985.539    -0.113
-679.555    985.955    -0.113
-679.277    986.371    -0.113
-679.054    986.703    -0.113
-678.721    987.201    -0.113
-678.443    987.616    -0.113
-678.164    988.032    -0.113
-677.653    988.772    -0.113
-677.364    989.180    -0.113
-677.075    989.588    -0.113
-676.785    989.996    -0.113
-676.497    990.404    -0.113
-676.207    990.812    -0.113
-675.918    991.219    -0.113
-675.629    991.627    -0.113
-675.340    992.035    -0.113
-675.051    992.443    -0.113
-674.762    992.852    -0.113
-674.415    993.341    -0.113
-674.126    993.749    -0.113
-673.778    994.237    -0.113
-673.484    994.641    -0.113
-673.189    995.045    -0.113
-672.895    995.449    -0.113
-672.541    995.934    -0.113
-672.246    996.338    -0.113
-671.952    996.742    -0.113
-671.656    997.146    -0.114
-671.421    997.468    -0.114
-671.125    997.872    -0.114
-670.773    998.357    -0.114
-670.478    998.761    -0.114
-670.183    999.165    -0.114
-669.646    999.888    -0.114
-669.405    1000.206    -0.114
-669.102    1000.604    -0.114
-668.800    1001.003    -0.114
-668.498    1001.401    -0.114
-668.135    1001.878    -0.114
-667.893    1002.197    -0.114
-667.530    1002.675    -0.114
-667.289    1002.994    -0.114
-666.986    1003.392    -0.114
-666.745    1003.710    -0.114
-666.383    1004.189    -0.114
-665.771    1004.980    -0.114
-665.521    1005.292    -0.114
-665.145    1005.759    -0.114
-664.895    1006.071    -0.114
-664.520    1006.539    -0.114
-664.269    1006.851    -0.114
-663.894    1007.319    -0.114
-663.580    1007.710    -0.114
-663.267    1008.099    -0.114
-662.954    1008.488    -0.114
-662.641    1008.879    -0.114
-662.328    1009.268    -0.114
-662.078    1009.580    -0.114
-661.703    1010.048    -0.115
-661.452    1010.360    -0.115
-661.077    1010.828    -0.115
-660.764    1011.218    -0.115
-660.385    1011.683    -0.115
-660.068    1012.070    -0.115
-659.751    1012.457    -0.115
-659.434    1012.843    -0.115
-659.117    1013.230    -0.115
-658.800    1013.616    -0.115
-658.483    1014.003    -0.115
-658.102    1014.467    -0.115
-657.524    1015.156    -0.115
-657.198    1015.535    -0.115
-656.938    1015.838    -0.115
-656.546    1016.294    -0.115
-656.220    1016.672    -0.115
-655.959    1016.975    -0.115
-655.568    1017.431    -0.115
-655.308    1017.734    -0.115
-654.917    1018.189    -0.115
-654.721    1018.417    -0.115
-654.333    1018.874    -0.115
-654.008    1019.255    -0.115
-653.685    1019.635    -0.115
-653.296    1020.093    -0.115
-653.037    1020.398    -0.115
-652.778    1020.702    -0.115
-652.390    1021.159    -0.115
-652.131    1021.464    -0.115
-651.535    1022.138    -0.115
-651.133    1022.584    -0.115
-650.732    1023.030    -0.115
-650.463    1023.327    -0.115
-650.062    1023.772    -0.116
-649.794    1024.070    -0.116
-649.325    1024.589    -0.116
-649.124    1024.812    -0.116
-648.723    1025.258    -0.116
-648.388    1025.629    -0.116
-648.053    1026.000    -0.116
-647.650    1026.445    -0.116
-647.382    1026.741    -0.116
-647.046    1027.112    -0.116
-646.710    1027.482    -0.116
-646.375    1027.853    -0.116
-646.106    1028.149    -0.116
-645.703    1028.594    -0.116
-645.301    1029.038    -0.116
-644.827    1029.554    -0.116
-644.416    1029.991    -0.116
-644.143    1030.283    -0.116
-643.869    1030.574    -0.116
-643.459    1031.012    -0.116
-643.117    1031.377    -0.116
-642.843    1031.669    -0.116
-642.433    1032.106    -0.116
-642.091    1032.471    -0.116
-641.818    1032.763    -0.116
-641.196    1033.414    -0.116
-640.777    1033.844    -0.116
-640.497    1034.129    -0.116
-640.149    1034.487    -0.116
-639.730    1034.917    -0.116
-639.450    1035.204    -0.116
-639.031    1035.633    -0.116
-638.752    1035.920    -0.116
-638.403    1036.278    -0.116
-637.911    1036.774    -0.116
-637.487    1037.200    -0.116
-637.205    1037.482    -0.116
-636.852    1037.837    -0.116
-636.498    1038.190    -0.116
-636.145    1038.544    -0.116
-635.863    1038.827    -0.117
-635.439    1039.252    -0.117
-634.939    1039.743    -0.117
-634.654    1040.022    -0.117
-634.296    1040.371    -0.117
-633.795    1040.861    -0.117
-633.510    1041.141    -0.117
-633.081    1041.560    -0.117
-632.795    1041.840    -0.117
-632.293    1042.329    -0.117
-632.006    1042.606    -0.117
-631.575    1043.024    -0.117
-631.287    1043.301    -0.117
-630.856    1043.719    -0.117
-630.568    1043.996    -0.117
-630.137    1044.414    -0.117
-629.777    1044.761    -0.117
-629.490    1045.039    -0.117
-629.058    1045.456    -0.117
-628.771    1045.734    -0.117
-628.192    1046.286    -0.117
-627.828    1046.627    -0.117
-627.463    1046.970    -0.117
-627.099    1047.312    -0.117
-626.660    1047.722    -0.117
-626.369    1047.996    -0.117
-625.931    1048.406    -0.117
-625.639    1048.680    -0.117
-625.274    1049.022    -0.117
-624.837    1049.432    -0.117
-624.472    1049.774    -0.117
-624.104    1050.112    -0.117
-623.736    1050.450    -0.117
-623.368    1050.788    -0.117
-622.925    1051.194    -0.117
-622.557    1051.532    -0.117
-622.262    1051.803    -0.117
-621.894    1052.141    -0.117
-621.526    1052.480    -0.117
-620.934    1053.018    -0.117
-620.487    1053.416    -0.117
-620.188    1053.682    -0.117
-619.739    1054.082    -0.117
-619.440    1054.347    -0.117
-619.067    1054.680    -0.117
-618.694    1055.012    -0.117
-617.941    1055.670    -0.118
-617.560    1055.993    -0.118
-617.177    1056.316    -0.118
-616.719    1056.702    -0.118
-616.413    1056.961    -0.118
-616.032    1057.283    -0.118
-615.649    1057.606    -0.118
-615.191    1057.993    -0.118
-614.885    1058.251    -0.118
-614.504    1058.574    -0.118
-613.965    1059.022    -0.118
-613.581    1059.341    -0.118
-613.350    1059.532    -0.118
-612.812    1059.980    -0.118
-612.427    1060.299    -0.118
-612.042    1060.619    -0.118
-611.658    1060.938    -0.118
-611.427    1061.130    -0.118
-610.966    1061.513    -0.118
-610.658    1061.769    -0.118
-610.039    1062.275    -0.118
-609.650    1062.590    -0.118
-609.262    1062.905    -0.118
-608.795    1063.282    -0.118
-608.485    1063.534    -0.118
-608.097    1063.848    -0.118
-607.708    1064.164    -0.118
-607.319    1064.478    -0.118
-606.931    1064.793    -0.118
-606.464    1065.170    -0.118
-606.076    1065.484    -0.118
-605.529    1065.921    -0.118
-605.295    1066.109    -0.118
-604.904    1066.421    -0.118
-604.514    1066.733    -0.118
-604.124    1067.045    -0.118
-603.733    1067.358    -0.118
-603.342    1067.670    -0.118
-602.874    1068.045    -0.118
-602.483    1068.357    -0.118
-602.094    1068.669    -0.118
-601.703    1068.982    -0.118
-600.828    1069.648    -0.118
-600.425    1069.944    -0.118
-599.942    1070.299    -0.118
-599.538    1070.595    -0.118
-599.135    1070.890    -0.118
-598.813    1071.127    -0.118
-598.329    1071.482    -0.118
-597.926    1071.778    -0.118
-597.523    1072.073    -0.118
-597.200    1072.310    -0.118
-596.717    1072.666    -0.118
-596.313    1072.961    -0.118
-595.991    1073.198    -0.118
-595.589    1073.493    -0.118
-595.105    1073.849    -0.118
-594.702    1074.144    -0.118
-594.379    1074.381    -0.118
-593.976    1074.676    -0.118
-593.573    1074.972    -0.118
-593.088    1075.326    -0.118
-592.767    1075.564    -0.118
-592.284    1075.920    -0.118
-592.042    1076.098    -0.118
-591.560    1076.454    -0.119
-591.077    1076.811    -0.119
-590.675    1077.107    -0.119
-590.273    1077.404    -0.119
-589.950    1077.642    -0.119
-589.548    1077.938    -0.119
-588.820    1078.467    -0.119
-588.327    1078.810    -0.119
-587.917    1079.096    -0.119
-587.507    1079.380    -0.119
-587.014    1079.723    -0.119
-586.603    1080.009    -0.119
-586.357    1080.179    -0.119
-585.864    1080.522    -0.119
-585.454    1080.808    -0.119
-584.962    1081.149    -0.119
-584.466    1081.488    -0.119
-584.053    1081.770    -0.119
-583.723    1081.996    -0.119
-583.227    1082.334    -0.119
-582.815    1082.616    -0.119
-582.485    1082.842    -0.119
-581.989    1083.181    -0.119
-581.659    1083.406    -0.119
-580.829    1083.964    -0.119
-580.408    1084.234    -0.119
-579.988    1084.505    -0.119
-579.483    1084.829    -0.119
-579.147    1085.046    -0.119
-578.726    1085.316    -0.119
-578.306    1085.587    -0.119
-577.970    1085.803    -0.119
-577.466    1086.129    -0.119
-577.047    1086.400    -0.119
-576.627    1086.672    -0.119
-576.207    1086.944    -0.119
-575.871    1087.161    -0.119
-575.451    1087.433    -0.119
-574.948    1087.759    -0.119
-574.528    1088.031    -0.119
-574.192    1088.248    -0.119
-573.689    1088.574    -0.119
-573.098    1088.950    -0.119
-572.674    1089.215    -0.119
-572.250    1089.480    -0.119
-571.657    1089.850    -0.119
-571.402    1090.009    -0.119
-570.978    1090.274    -0.119
-570.554    1090.539    -0.119
-570.130    1090.804    -0.119
-569.448    1091.223    -0.119
-569.106    1091.430    -0.119
-568.593    1091.741    -0.119
-568.165    1092.000    -0.119
-567.823    1092.207    -0.119
-567.310    1092.517    -0.119
-566.882    1092.777    -0.119
-566.454    1093.034    -0.119
-565.940    1093.343    -0.119
-565.597    1093.549    -0.119
-565.082    1093.858    -0.119
-564.740    1094.064    -0.119
-564.225    1094.373    -0.119
-563.624    1094.731    -0.119
-563.193    1094.983    -0.119
-562.760    1095.235    -0.119
-562.329    1095.487    -0.119
-561.897    1095.739    -0.119
-561.466    1095.992    -0.119
-561.034    1096.244    -0.119
-560.602    1096.496    -0.119
-560.170    1096.748    -0.119
-559.738    1097.000    -0.119
-558.870    1097.495    -0.119
-558.341    1097.779    -0.119
-557.901    1098.016    -0.119
-557.549    1098.205    -0.119
-557.199    1098.398    -0.119
-556.761    1098.641    -0.119
-556.324    1098.883    -0.119
-555.886    1099.125    -0.119
-555.537    1099.319    -0.119
-555.100    1099.562    -0.119
-554.575    1099.853    -0.119
-554.138    1100.096    -0.119
-553.701    1100.338    -0.119
-553.263    1100.580    -0.119
-552.914    1100.774    -0.119
-552.476    1101.017    -0.119
-551.683    1101.442    -0.119
-551.241    1101.676    -0.119
-550.799    1101.909    -0.119
-550.357    1102.143    -0.119
-549.915    1102.376    -0.119
-549.473    1102.610    -0.119
-549.031    1102.844    -0.119
-548.677    1103.030    -0.119
-548.146    1103.310    -0.119
-547.793    1103.496    -0.119
-547.262    1103.776    -0.119
-546.907    1103.962    -0.119
-546.377    1104.242    -0.119
-545.934    1104.475    -0.119
-545.226    1104.845    -0.119
-544.869    1105.025    -0.119
-544.333    1105.297    -0.119
-543.887    1105.522    -0.119
-543.442    1105.748    -0.119
-542.995    1105.975    -0.119
-542.549    1106.200    -0.119
-542.103    1106.426    -0.119
-541.747    1106.606    -0.119
-541.211    1106.878    -0.119
-540.585    1107.191    -0.119
-540.137    1107.412    -0.119
-539.688    1107.634    -0.119
-539.240    1107.855    -0.119
-538.881    1108.032    -0.119
-538.344    1108.297    -0.119
-537.895    1108.517    -0.119
-537.445    1108.735    -0.119
-536.995    1108.952    -0.119
-536.545    1109.170    -0.119
-536.094    1109.387    -0.119
-535.644    1109.605    -0.119
-535.194    1109.823    -0.119
-534.654    1110.083    -0.119
-534.203    1110.301    -0.119
-533.386    1110.676    -0.119
-532.838    1110.923    -0.119
-532.474    1111.088    -0.119
-532.019    1111.294    -0.119
-531.563    1111.499    -0.119
-531.107    1111.705    -0.119
-530.651    1111.911    -0.119
-530.287    1112.075    -0.119
-529.833    1112.283    -0.119
-529.286    1112.532    -0.119
-528.832    1112.740    -0.119
-528.377    1112.947    -0.119
-527.922    1113.155    -0.119
-527.559    1113.321    -0.119
-527.103    1113.528    -0.119
-526.189    1113.933    -0.119
-525.729    1114.130    -0.119
-525.362    1114.287    -0.119
-524.901    1114.483    -0.119
-524.350    1114.719    -0.119
-523.982    1114.876    -0.119
-523.431    1115.112    -0.119
-522.970    1115.308    -0.119
-522.511    1115.505    -0.119
-522.051    1115.701    -0.119
-521.591    1115.897    -0.119
-521.131    1116.093    -0.119
-520.763    1116.250    -0.119
-520.212    1116.486    -0.119
-519.752    1116.682    -0.119
-519.292    1116.878    -0.119
-518.832    1117.074    -0.119
-518.372    1117.269    -0.119
-517.912    1117.465    -0.119
-517.452    1117.661    -0.119
-516.992    1117.858    -0.119
-516.624    1118.015    -0.119
-515.793    1118.359    -0.119
-515.236    1118.581    -0.119
-514.771    1118.767    -0.119
-514.399    1118.915    -0.119
-513.749    1119.174    -0.119
-513.471    1119.286    -0.119
-512.914    1119.508    -0.119
-512.449    1119.693    -0.119
-511.985    1119.878    -0.119
-511.521    1120.063    -0.119
-510.679    1120.382    -0.119
-510.116    1120.589    -0.119
-509.647    1120.762    -0.119
-509.178    1120.935    -0.119
-508.802    1121.073    -0.119
-508.240    1121.280    -0.119
-507.864    1121.418    -0.119
-507.302    1121.626    -0.119
-507.020    1121.732    -0.119
-506.552    1121.908    -0.119
-505.897    1122.154    -0.119
-505.616    1122.259    -0.119
-505.054    1122.469    -0.119
-504.586    1122.644    -0.119
-504.211    1122.785    -0.119
-503.650    1122.995    -0.119
-503.276    1123.136    -0.119
-502.430    1123.442    -0.119
-501.958    1123.610    -0.119
-501.582    1123.745    -0.119
-501.111    1123.913    -0.119
-500.546    1124.116    -0.119
-500.076    1124.284    -0.119
-499.605    1124.452    -0.119
-499.134    1124.620    -0.119
-498.662    1124.788    -0.119
-498.001    1125.016    -0.119
-497.527    1125.177    -0.119
-497.054    1125.338    -0.119
-496.581    1125.499    -0.119
-496.107    1125.660    -0.119
-495.634    1125.821    -0.119
-495.161    1125.983    -0.119
-494.688    1126.143    -0.119
-494.214    1126.304    -0.119
-493.550    1126.525    -0.119
-493.075    1126.681    -0.119
-492.696    1126.806    -0.119
-492.125    1126.994    -0.119
-491.651    1127.150    -0.119
-491.081    1127.337    -0.119
-490.701    1127.462    -0.119
-490.225    1127.618    -0.119
-489.751    1127.774    -0.119
-489.275    1127.930    -0.119
-488.321    1128.229    -0.119
-487.939    1128.344    -0.119
-487.459    1128.488    -0.119
-487.077    1128.603    -0.119
-486.598    1128.747    -0.119
-486.119    1128.892    -0.119
-485.449    1129.093    -0.119
-484.970    1129.238    -0.119
-484.492    1129.382    -0.119
-484.013    1129.526    -0.119
-483.534    1129.671    -0.119
-483.056    1129.815    -0.119
-482.577    1129.959    -0.119
-482.098    1130.103    -0.119
-481.619    1130.248    -0.119
-481.141    1130.392    -0.119
-480.662    1130.536    -0.119
-480.375    1130.623    -0.119
-479.318    1130.928    -0.119
-478.836    1131.057    -0.119
-478.256    1131.213    -0.119
-477.966    1131.291    -0.119
-477.387    1131.446    -0.119
-476.807    1131.602    -0.118
-476.518    1131.680    -0.118
-475.939    1131.835    -0.118
-475.359    1131.991    -0.118
-474.973    1132.094    -0.118
-474.393    1132.249    -0.118
-474.006    1132.352    -0.118
-473.523    1132.480    -0.118
-472.944    1132.635    -0.118
-472.461    1132.763    -0.118
-472.074    1132.866    -0.118
-471.591    1132.995    -0.118
-471.011    1133.150    -0.118
-470.527    1133.278    -0.118
-470.044    1133.406    -0.118
-469.658    1133.509    -0.118
-469.175    1133.638    -0.118
-468.595    1133.792    -0.118
-468.112    1133.921    -0.118
-467.532    1134.071    -0.118
-466.950    1134.218    -0.118
-466.465    1134.340    -0.118
-466.077    1134.437    -0.118
-465.495    1134.583    -0.118
-465.010    1134.705    -0.118
-464.525    1134.827    -0.118
-464.041    1134.949    -0.118
-463.653    1135.046    -0.118
-462.581    1135.296    -0.118
-462.289    1135.362    -0.118
-461.703    1135.494    -0.118
-461.313    1135.581    -0.118
-460.825    1135.690    -0.118
-460.240    1135.822    -0.118
-459.849    1135.910    -0.118
-459.167    1136.064    -0.118
-458.777    1136.153    -0.118
-458.387    1136.241    -0.118
-457.704    1136.395    -0.118
-457.314    1136.483    -0.118
-456.435    1136.673    -0.118
-456.042    1136.753    -0.118
-455.553    1136.853    -0.118
-455.063    1136.952    -0.118
-454.573    1137.054    -0.118
-454.083    1137.156    -0.118
-453.594    1137.259    -0.118
-453.105    1137.361    -0.118
-452.615    1137.464    -0.118
-452.126    1137.566    -0.118
-451.637    1137.668    -0.118
-451.147    1137.769    -0.118
-450.658    1137.871    -0.118
-450.168    1137.972    -0.118
-449.678    1138.074    -0.118
-449.188    1138.175    -0.118
-448.699    1138.276    -0.118
-447.717    1138.461    -0.118
-447.225    1138.549    -0.118
-446.732    1138.637    -0.118
-446.240    1138.725    -0.118
-445.748    1138.812    -0.118
-445.256    1138.898    -0.118
-444.763    1138.984    -0.117
-444.271    1139.070    -0.117
-443.777    1139.156    -0.117
-443.285    1139.241    -0.117
-442.792    1139.328    -0.117
-442.300    1139.414    -0.117
-441.610    1139.530    -0.117
-441.314    1139.579    -0.117
-440.623    1139.694    -0.117
-440.130    1139.777    -0.117
-439.834    1139.826    -0.117
-439.144    1139.941    -0.117
-438.651    1140.023    -0.117
-438.158    1140.106    -0.117
-437.665    1140.189    -0.117
-437.369    1140.238    -0.117
-436.777    1140.336    -0.117
-436.086    1140.447    -0.117
-435.691    1140.508    -0.117
-435.098    1140.601    -0.117
-434.505    1140.693    -0.117
-434.110    1140.754    -0.117
-433.417    1140.859    -0.117
-432.923    1140.930    -0.117
-432.429    1141.003    -0.117
-431.933    1141.074    -0.117
-431.439    1141.146    -0.117
-430.746    1141.244    -0.117
-430.151    1141.322    -0.117
-429.755    1141.375    -0.117
-429.258    1141.439    -0.117
-428.664    1141.517    -0.117
-428.267    1141.570    -0.117
-427.672    1141.647    -0.117
-427.276    1141.698    -0.117
-426.779    1141.762    -0.117
-426.185    1141.839    -0.117
-425.788    1141.890    -0.117
-425.293    1141.954    -0.117
-424.697    1142.031    -0.117
-424.300    1142.082    -0.117
-423.805    1142.146    -0.117
-423.209    1142.223    -0.117
-422.316    1142.326    -0.117
-421.819    1142.379    -0.117
-421.421    1142.422    -0.117
-420.824    1142.486    -0.117
-420.526    1142.519    -0.116
-420.029    1142.577    -0.116
-419.533    1142.634    -0.116
-419.037    1142.692    -0.116
-418.540    1142.750    -0.116
-418.043    1142.807    -0.116
-417.546    1142.864    -0.116
-417.050    1142.922    -0.116
-416.454    1142.990    -0.116
-415.858    1143.055    -0.116
-415.360    1143.108    -0.116
-414.863    1143.162    -0.116
-414.466    1143.205    -0.116
-413.371    1143.309    -0.116
-413.072    1143.334    -0.116
-412.574    1143.375    -0.116
-412.075    1143.416    -0.116
-411.577    1143.456    -0.116
-411.078    1143.496    -0.116
-410.580    1143.536    -0.116
-409.982    1143.584    -0.116
-409.484    1143.624    -0.116
-408.986    1143.663    -0.116
-408.586    1143.695    -0.116
-407.888    1143.750    -0.116
-407.490    1143.781    -0.116
-407.092    1143.813    -0.116
-406.394    1143.868    -0.116
-405.995    1143.900    -0.116
-405.496    1143.939    -0.116
-404.898    1143.986    -0.116
-404.400    1144.026    -0.116
-403.602    1144.085    -0.116
-403.103    1144.115    -0.116
-402.604    1144.144    -0.116
-402.105    1144.174    -0.116
-401.606    1144.204    -0.116
-401.106    1144.234    -0.116
-400.608    1144.263    -0.116
-400.209    1144.288    -0.115
-399.409    1144.332    -0.115
-398.911    1144.354    -0.115
-398.311    1144.379    -0.115
-397.912    1144.397    -0.115
-397.412    1144.418    -0.115
-396.813    1144.444    -0.115
-396.413    1144.461    -0.115
-395.913    1144.483    -0.115
-395.214    1144.512    -0.115
-394.914    1144.525    -0.115
-394.415    1144.547    -0.115
-393.716    1144.575    -0.115
-393.316    1144.592    -0.115
-392.917    1144.608    -0.115
-392.217    1144.637    -0.115
-391.817    1144.653    -0.115
-391.418    1144.669    -0.115
-390.718    1144.698    -0.115
-390.419    1144.710    -0.115
-389.719    1144.738    -0.115
-388.919    1144.755    -0.115
-388.519    1144.762    -0.115
-387.920    1144.774    -0.115
-387.520    1144.781    -0.115
-386.920    1144.792    -0.115
-386.420    1144.802    -0.115
-386.020    1144.809    -0.115
-385.420    1144.820    -0.115
-385.020    1144.828    -0.115
-384.420    1144.838    -0.115
-383.920    1144.845    -0.115
-383.421    1144.851    -0.115
-382.921    1144.858    -0.115
-382.421    1144.865    -0.115
-381.921    1144.872    -0.114
-381.421    1144.878    -0.114
-380.921    1144.885    -0.114
-380.421    1144.892    -0.114
-379.921    1144.900    -0.114
-379.421    1144.906    -0.114
-378.422    1144.902    -0.114
-378.021    1144.895    -0.114
-377.422    1144.886    -0.114
-377.022    1144.880    -0.114
-376.323    1144.869    -0.114
-376.022    1144.864    -0.114
-375.422    1144.855    -0.114
-375.023    1144.849    -0.114
-374.523    1144.842    -0.114
-373.922    1144.835    -0.114
-373.423    1144.828    -0.114
-372.923    1144.822    -0.114
-372.423    1144.816    -0.114
-372.022    1144.810    -0.114
-371.523    1144.804    -0.114
-371.023    1144.798    -0.114
-370.523    1144.791    -0.114
-369.923    1144.784    -0.114
-369.023    1144.757    -0.114
-368.524    1144.739    -0.114
-368.125    1144.725    -0.114
-367.525    1144.704    -0.114
-367.025    1144.687    -0.114
-366.625    1144.672    -0.114
-366.025    1144.651    -0.114
-365.526    1144.634    -0.113
-365.026    1144.616    -0.113
-364.527    1144.597    -0.113
-364.027    1144.578    -0.113
-363.528    1144.560    -0.113
-363.028    1144.542    -0.113
-362.529    1144.522    -0.113
-362.029    1144.504    -0.113
-361.530    1144.486    -0.113
-361.029    1144.467    -0.113
-360.031    1144.418    -0.113
-359.632    1144.391    -0.113
-359.033    1144.352    -0.113
-358.534    1144.320    -0.113
-358.035    1144.288    -0.113
-357.536    1144.256    -0.113
-357.038    1144.223    -0.113
-356.539    1144.191    -0.113
-356.040    1144.159    -0.113
-355.242    1144.097    -0.113
-354.843    1144.066    -0.113
-354.345    1144.025    -0.113
-353.747    1143.978    -0.113
-353.348    1143.946    -0.113
-352.850    1143.906    -0.113
-352.252    1143.858    -0.113
-351.853    1143.826    -0.113
-351.355    1143.786    -0.113
-350.856    1143.746    -0.113
-350.358    1143.706    -0.112
-349.561    1143.634    -0.112
-349.064    1143.587    -0.112
-348.566    1143.540    -0.112
-348.069    1143.494    -0.112
-347.571    1143.447    -0.112
-347.072    1143.400    -0.112
-346.674    1143.363    -0.112
-346.077    1143.307    -0.112
-345.580    1143.260    -0.112
-345.181    1143.223    -0.112
-344.583    1143.167    -0.112
-343.888    1143.099    -0.112
-343.390    1143.046    -0.112
-342.893    1142.992    -0.112
-342.296    1142.927    -0.112
-341.899    1142.885    -0.112
-341.402    1142.831    -0.112
-340.905    1142.778    -0.112
-340.407    1142.725    -0.112
-339.911    1142.671    -0.112
-339.413    1142.615    -0.112
-338.917    1142.558    -0.112
-338.321    1142.489    -0.112
-337.825    1142.431    -0.112
-337.327    1142.374    -0.112
-336.831    1142.317    -0.111
-336.334    1142.259    -0.111
-335.838    1142.202    -0.111
-335.342    1142.145    -0.111
-334.745    1142.076    -0.111
-333.952    1141.968    -0.111
-333.457    1141.898    -0.111
-332.963    1141.829    -0.111
-332.467    1141.758    -0.111
-331.972    1141.689    -0.111
-331.477    1141.618    -0.111
-330.983    1141.549    -0.111
-330.883    1141.536    -0.111
-330.288    1141.464    -0.111
-329.890    1141.417    -0.111
-329.394    1141.357    -0.111
-328.798    1141.285    -0.111
-328.401    1141.238    -0.111
-327.311    1141.093    -0.111
-326.620    1140.985    -0.111
-326.224    1140.924    -0.111
-325.829    1140.862    -0.111
-325.236    1140.770    -0.111
-324.742    1140.693    -0.111
-324.347    1140.631    -0.111
-323.754    1140.538    -0.110
-323.261    1140.460    -0.110
-322.865    1140.398    -0.110
-322.273    1140.304    -0.110
-321.680    1140.211    -0.110
-321.383    1140.164    -0.110
-320.693    1140.056    -0.110
-320.199    1139.978    -0.110
-319.705    1139.901    -0.110
-319.211    1139.820    -0.110
-318.619    1139.722    -0.110
-318.225    1139.657    -0.110
-317.632    1139.558    -0.110
-317.238    1139.493    -0.110
-316.646    1139.395    -0.110
-316.153    1139.312    -0.110
-315.759    1139.246    -0.110
-315.167    1139.148    -0.110
-314.281    1138.990    -0.110
-313.789    1138.899    -0.110
-313.298    1138.807    -0.110
-312.807    1138.716    -0.110
-312.314    1138.624    -0.110
-311.823    1138.533    -0.110
-311.137    1138.398    -0.109
-310.646    1138.300    -0.109
-310.156    1138.203    -0.109
-309.666    1138.105    -0.109
-309.175    1138.008    -0.109
-308.685    1137.910    -0.109
-308.194    1137.813    -0.109
-307.704    1137.715    -0.109
-307.312    1137.638    -0.109
-306.432    1137.448    -0.109
-305.944    1137.341    -0.109
-305.455    1137.232    -0.109
-304.968    1137.124    -0.109
-304.675    1137.058    -0.109
-303.991    1136.907    -0.109
-303.504    1136.799    -0.109
-303.015    1136.690    -0.109
-302.430    1136.559    -0.109
-302.040    1136.471    -0.109
-301.552    1136.362    -0.109
-301.064    1136.252    -0.109
-300.577    1136.143    -0.109
-300.088    1136.033    -0.109
-299.600    1135.923    -0.108
-299.113    1135.815    -0.108
-298.625    1135.705    -0.108
-298.136    1135.597    -0.108
-297.551    1135.466    -0.108
-297.161    1135.379    -0.108
-296.479    1135.222    -0.108
-295.991    1135.108    -0.108
-295.602    1135.017    -0.108
-295.018    1134.882    -0.108
-294.531    1134.769    -0.108
-294.141    1134.679    -0.108
-293.557    1134.543    -0.108
-293.070    1134.430    -0.108
-292.293    1134.236    -0.108
-291.809    1134.114    -0.108
-291.324    1133.992    -0.108
-290.839    1133.870    -0.108
-290.354    1133.747    -0.108
-289.869    1133.626    -0.108
-289.482    1133.528    -0.108
-289.093    1133.435    -0.108
-288.704    1133.343    -0.108
-288.217    1133.227    -0.107
-287.633    1133.089    -0.107
-287.244    1132.997    -0.107
-286.757    1132.882    -0.107
-286.174    1132.743    -0.107
-285.300    1132.528    -0.107
-284.912    1132.428    -0.107
-284.525    1132.328    -0.107
-284.041    1132.203    -0.107
-283.557    1132.079    -0.107
-282.212    1131.694    -0.107
-281.829    1131.577    -0.107
-281.255    1131.402    -0.107
-280.777    1131.255    -0.107
-280.395    1131.138    -0.107
-279.821    1130.962    -0.107
-279.343    1130.816    -0.107
-278.961    1130.699    -0.107
-278.387    1130.523    -0.107
-277.719    1130.314    -0.106
-277.337    1130.194    -0.106
-276.765    1130.013    -0.106
-276.384    1129.893    -0.106
-275.812    1129.712    -0.106
-275.431    1129.592    -0.106
-274.953    1129.441    -0.106
-274.572    1129.321    -0.106
-274.096    1129.172    -0.106
-273.618    1129.022    -0.106
-273.141    1128.872    -0.106
-272.569    1128.692    -0.106
-272.091    1128.543    -0.106
-271.616    1128.391    -0.106
-271.043    1128.209    -0.106
-270.567    1128.057    -0.106
-270.091    1127.905    -0.106
-269.614    1127.754    -0.106
-268.949    1127.537    -0.106
-268.664    1127.445    -0.106
-268.188    1127.290    -0.106
-267.713    1127.136    -0.106
-267.237    1126.981    -0.105
-266.666    1126.796    -0.105
-266.286    1126.673    -0.105
-265.811    1126.518    -0.105
-265.145    1126.300    -0.105
-264.765    1126.175    -0.105
-264.196    1125.988    -0.105
-263.721    1125.831    -0.105
-263.341    1125.706    -0.105
-262.961    1125.581    -0.105
-262.392    1125.393    -0.105
-261.917    1125.236    -0.105
-261.159    1124.981    -0.105
-260.686    1124.817    -0.105
-260.214    1124.653    -0.105
-259.742    1124.489    -0.105
-259.269    1124.325    -0.105
-258.797    1124.161    -0.105
-258.324    1123.997    -0.105
-257.852    1123.833    -0.105
-257.380    1123.669    -0.104
-256.720    1123.437    -0.104
-256.437    1123.336    -0.104
-255.871    1123.136    -0.104
-255.306    1122.935    -0.104
-254.835    1122.768    -0.104
-254.458    1122.634    -0.104
-253.987    1122.467    -0.104
-253.610    1122.333    -0.104
-253.045    1122.132    -0.104
-252.386    1121.893    -0.104
-251.917    1121.720    -0.104
-251.542    1121.582    -0.104
-250.979    1121.375    -0.104
-250.510    1121.202    -0.104
-250.134    1121.064    -0.104
-249.571    1120.857    -0.104
-248.547    1120.457    -0.104
-248.176    1120.308    -0.104
-247.620    1120.084    -0.103
-247.248    1119.935    -0.103
-246.785    1119.748    -0.103
-246.228    1119.524    -0.103
-245.765    1119.336    -0.103
-245.211    1119.107    -0.103
-244.656    1118.877    -0.103
-244.286    1118.724    -0.103
-243.733    1118.494    -0.103
-243.363    1118.341    -0.103
-242.902    1118.149    -0.103
-242.257    1117.875    -0.103
-241.706    1117.636    -0.103
-241.247    1117.438    -0.103
-240.789    1117.240    -0.103
-240.330    1117.042    -0.103
-239.871    1116.842    -0.103
-239.595    1116.725    -0.103
-239.227    1116.571    -0.103
-238.765    1116.377    -0.102
-238.212    1116.146    -0.102
-237.843    1115.992    -0.102
-237.381    1115.799    -0.102
-236.828    1115.568    -0.102
-236.367    1115.375    -0.102
-235.997    1115.220    -0.102
-235.537    1115.028    -0.102
-234.983    1114.796    -0.102
-234.522    1114.603    -0.102
-233.788    1114.285    -0.102
-233.240    1114.041    -0.102
-232.783    1113.837    -0.102
-232.326    1113.633    -0.102
-231.961    1113.471    -0.102
-231.414    1113.227    -0.102
-230.866    1112.980    -0.102
-230.502    1112.815    -0.102
-229.956    1112.567    -0.101
-229.592    1112.401    -0.101
-229.045    1112.153    -0.101
-228.681    1111.987    -0.101
-228.135    1111.739    -0.101
-227.771    1111.574    -0.101
-227.224    1111.326    -0.101
-226.860    1111.160    -0.101
-226.314    1110.912    -0.101
-225.409    1110.488    -0.101
-225.049    1110.314    -0.101
-224.600    1110.095    -0.101
-224.239    1109.919    -0.101
-223.700    1109.657    -0.101
-223.251    1109.439    -0.101
-222.801    1109.220    -0.101
-222.352    1109.002    -0.101
-221.901    1108.784    -0.101
-221.451    1108.567    -0.100
-221.001    1108.349    -0.100
-220.284    1107.993    -0.100
-219.837    1107.770    -0.100
-219.480    1107.591    -0.100
-218.943    1107.321    -0.100
-218.496    1107.098    -0.100
-218.139    1106.919    -0.100
-217.513    1106.604    -0.100
-217.069    1106.375    -0.100
-216.623    1106.148    -0.100
-216.268    1105.965    -0.100
-215.733    1105.692    -0.100
-215.289    1105.464    -0.100
-214.933    1105.281    -0.100
-214.399    1105.008    -0.100
-214.043    1104.826    -0.100
-213.507    1104.555    -0.100
-213.151    1104.374    -0.099
-212.705    1104.147    -0.099
-212.170    1103.876    -0.099
-211.726    1103.646    -0.099
-211.282    1103.416    -0.099
-210.839    1103.185    -0.099
-210.218    1102.862    -0.099
-209.774    1102.631    -0.099
-209.420    1102.446    -0.099
-208.976    1102.216    -0.099
-208.533    1101.985    -0.099
-208.089    1101.754    -0.099
-207.381    1101.380    -0.099
-206.943    1101.141    -0.099
-206.591    1100.950    -0.099
-205.976    1100.617    -0.099
-205.625    1100.426    -0.099
-205.185    1100.187    -0.098
-204.658    1099.901    -0.098
-204.307    1099.710    -0.098
-203.955    1099.519    -0.098
-203.168    1099.084    -0.098
-202.732    1098.839    -0.098
-202.296    1098.594    -0.098
-201.860    1098.349    -0.098
-201.423    1098.104    -0.098
-200.987    1097.860    -0.098
-200.552    1097.615    -0.098
-199.944    1097.267    -0.098
-199.511    1097.017    -0.098
-199.078    1096.767    -0.098
-198.645    1096.517    -0.098
-198.213    1096.267    -0.098
-197.780    1096.018    -0.098
-197.347    1095.767    -0.097
-196.914    1095.517    -0.097
-196.395    1095.215    -0.097
-195.965    1094.960    -0.097
-195.535    1094.705    -0.097
-195.105    1094.451    -0.097
-194.589    1094.145    -0.097
-194.244    1093.941    -0.097
-193.814    1093.686    -0.097
-193.384    1093.431    -0.097
-192.615    1092.964    -0.097
-192.190    1092.701    -0.097
-191.680    1092.385    -0.097
-191.340    1092.175    -0.097
-191.000    1091.964    -0.097
-190.489    1091.648    -0.097
-190.064    1091.385    -0.096
-189.640    1091.122    -0.096
-189.300    1090.911    -0.096
-188.874    1090.649    -0.096
-188.362    1090.335    -0.096
-188.022    1090.126    -0.096
-187.596    1089.864    -0.096
-187.085    1089.550    -0.096
-186.744    1089.340    -0.096
-186.149    1088.973    -0.096
-185.641    1088.652    -0.096
-185.303    1088.439    -0.096
-184.795    1088.119    -0.096
-184.542    1087.959    -0.096
-183.949    1087.586    -0.096
-183.611    1087.373    -0.096
-183.273    1087.160    -0.096
-182.680    1086.787    -0.095
-182.342    1086.574    -0.095
-181.666    1086.145    -0.095
-181.165    1085.816    -0.095
-180.829    1085.597    -0.095
-180.412    1085.324    -0.095
-179.910    1084.994    -0.095
-179.576    1084.775    -0.095
-179.074    1084.446    -0.095
-178.739    1084.227    -0.095
-178.405    1084.008    -0.095
-177.903    1083.679    -0.095
-177.072    1083.122    -0.095
-176.579    1082.780    -0.095
-176.250    1082.553    -0.095
-175.838    1082.269    -0.095
-175.427    1081.984    -0.094
-175.017    1081.700    -0.094
-174.605    1081.415    -0.094
-174.194    1081.131    -0.094
-173.782    1080.847    -0.094
-173.454    1080.619    -0.094
-173.042    1080.335    -0.094
-172.227    1079.756    -0.094
-171.984    1079.581    -0.094
-171.578    1079.288    -0.094
-171.092    1078.937    -0.094
-170.767    1078.704    -0.094
-170.200    1078.294    -0.094
-169.875    1078.061    -0.094
-169.551    1077.826    -0.094
-169.065    1077.474    -0.094
-168.661    1077.180    -0.093
-168.095    1076.767    -0.093
-167.691    1076.473    -0.093
-167.287    1076.178    -0.093
-166.883    1075.884    -0.093
-166.560    1075.648    -0.093
-166.236    1075.413    -0.093
-165.752    1075.060    -0.093
-165.348    1074.766    -0.093
-164.944    1074.470    -0.093
-164.541    1074.175    -0.093
-164.137    1073.880    -0.093
-163.814    1073.643    -0.093
-163.330    1073.290    -0.093
-162.927    1072.994    -0.093
-162.604    1072.758    -0.093
-162.120    1072.404    -0.092
-161.399    1071.865    -0.092
-161.160    1071.684    -0.092
-160.680    1071.323    -0.092
-160.361    1071.082    -0.092
-159.883    1070.720    -0.092
-159.483    1070.420    -0.092
-159.084    1070.118    -0.092
-158.685    1069.817    -0.092
-158.053    1069.327    -0.092
-157.738    1069.080    -0.092
-157.265    1068.710    -0.092
-156.872    1068.403    -0.092
-156.400    1068.033    -0.092
-156.085    1067.786    -0.092
-155.770    1067.539    -0.092
-155.297    1067.169    -0.091
-154.904    1066.860    -0.091
-154.589    1066.614    -0.091
-154.039    1066.181    -0.091
-153.647    1065.871    -0.091
-153.334    1065.622    -0.091
-152.864    1065.250    -0.091
-152.471    1064.939    -0.091
-152.080    1064.628    -0.091
-151.688    1064.319    -0.091
-151.296    1064.008    -0.091
-150.904    1063.698    -0.091
-150.359    1063.258    -0.091
-150.049    1063.006    -0.091
-149.583    1062.628    -0.091
-149.195    1062.312    -0.090
-148.807    1061.997    -0.090
-148.419    1061.682    -0.090
-148.109    1061.429    -0.090
-147.417    1060.853    -0.090
-146.960    1060.465    -0.090
-146.655    1060.206    -0.090
-146.198    1059.818    -0.090
-145.817    1059.495    -0.090
-145.435    1059.171    -0.090
-145.055    1058.847    -0.090
-144.522    1058.393    -0.090
-144.221    1058.130    -0.090
-143.768    1057.736    -0.090
-143.316    1057.342    -0.090
-143.014    1057.079    -0.089
-142.637    1056.751    -0.089
-142.260    1056.423    -0.089
-141.959    1056.160    -0.089
-141.507    1055.765    -0.089
-141.056    1055.370    -0.089
-140.607    1054.971    -0.089
-140.233    1054.640    -0.089
-139.934    1054.375    -0.089
-139.484    1053.976    -0.089
-139.110    1053.645    -0.089
-138.736    1053.313    -0.089
-138.437    1053.048    -0.089
-138.362    1052.982    -0.089
-137.904    1052.594    -0.089
-137.523    1052.271    -0.089
-137.218    1052.012    -0.088
-136.392    1051.285    -0.088
-136.094    1051.018    -0.088
-135.647    1050.619    -0.088
-135.275    1050.285    -0.088
-134.833    1049.879    -0.088
-134.466    1049.539    -0.088
-134.099    1049.200    -0.088
-133.732    1048.861    -0.088
-133.365    1048.521    -0.088
-132.924    1048.114    -0.088
-132.342    1047.566    -0.088
-131.910    1047.149    -0.088
-131.550    1046.801    -0.088
-131.191    1046.455    -0.087
-130.831    1046.107    -0.087
-130.471    1045.761    -0.087
-130.111    1045.413    -0.087
-129.752    1045.065    -0.087
-129.464    1044.788    -0.087
-129.032    1044.371    -0.087
-128.745    1044.094    -0.087
-128.313    1043.676    -0.087
-127.955    1043.328    -0.087
-127.595    1042.980    -0.087
-127.237    1042.632    -0.087
-126.806    1042.214    -0.087
-126.519    1041.936    -0.087
-126.160    1041.587    -0.087
-125.731    1041.168    -0.086
-125.446    1040.888    -0.086
-125.018    1040.468    -0.086
-124.732    1040.187    -0.086
-124.304    1039.767    -0.086
-124.019    1039.487    -0.086
-123.521    1038.995    -0.086
-123.098    1038.569    -0.086
-122.744    1038.216    -0.086
-122.321    1037.791    -0.086
-122.039    1037.507    -0.086
-121.616    1037.083    -0.086
-121.193    1036.657    -0.086
-120.773    1036.228    -0.086
-120.494    1035.942    -0.086
-120.144    1035.584    -0.085
-119.795    1035.226    -0.085
-119.375    1034.797    -0.085
-119.096    1034.512    -0.085
-118.817    1034.225    -0.085
-118.060    1033.427    -0.085
-117.720    1033.060    -0.085
-117.381    1032.694    -0.085
-117.041    1032.327    -0.085
-116.770    1032.033    -0.085
-116.295    1031.518    -0.085
-116.159    1031.371    -0.085
-115.885    1031.079    -0.085
-115.474    1030.643    -0.085
-115.130    1030.279    -0.085
-114.857    1029.988    -0.084
-114.445    1029.552    -0.084
-114.103    1029.187    -0.084
-113.761    1028.823    -0.084
-113.419    1028.458    -0.084
-113.009    1028.019    -0.084
-112.735    1027.728    -0.084
-112.393    1027.363    -0.084
-112.120    1027.071    -0.084
-111.710    1026.634    -0.084
-111.368    1026.269    -0.084
-111.026    1025.904    -0.084
-110.484    1025.316    -0.084
-110.214    1025.021    -0.084
-109.809    1024.578    -0.083
-109.539    1024.282    -0.083
-109.202    1023.913    -0.083
-108.797    1023.471    -0.083
-108.459    1023.101    -0.083
-107.739    1022.271    -0.083
-107.414    1021.891    -0.083
-107.155    1021.587    -0.083
-106.830    1021.207    -0.083
-106.505    1020.827    -0.083
-106.115    1020.371    -0.083
-105.855    1020.067    -0.083
-105.530    1019.687    -0.083
-105.206    1019.306    -0.083
-104.881    1018.926    -0.082
-104.557    1018.545    -0.082
-104.233    1018.165    -0.082
-103.784    1017.628    -0.082
-103.464    1017.244    -0.082
-103.144    1016.859    -0.082
-102.825    1016.475    -0.082
-102.505    1016.090    -0.082
-102.185    1015.705    -0.082
-101.866    1015.321    -0.082
-101.546    1014.936    -0.082
-101.163    1014.475    -0.082
-100.843    1014.091    -0.082
-100.524    1013.706    -0.082
-100.204    1013.321    -0.082
-99.885    1012.937    -0.081
-99.566    1012.552    -0.081
-99.246    1012.168    -0.081
-98.927    1011.783    -0.081
-98.606    1011.399    -0.081
-98.351    1011.092    -0.081
-98.031    1010.707    -0.081
-97.712    1010.322    -0.081
-97.392    1009.938    -0.081
-97.073    1009.553    -0.081
-96.753    1009.169    -0.081
-96.121    1008.394    -0.081
-95.812    1008.002    -0.081
-95.503    1007.609    -0.081
-95.193    1007.216    -0.080
-94.883    1006.823    -0.080
-94.574    1006.430    -0.080
-94.265    1006.039    -0.080
-93.955    1005.645    -0.080
-93.646    1005.252    -0.080
-93.338    1004.859    -0.080
-93.028    1004.466    -0.080
-92.719    1004.073    -0.080
-92.411    1003.680    -0.080
-92.041    1003.207    -0.080
-91.555    1002.573    -0.080
-91.253    1002.174    -0.080
-90.952    1001.775    -0.080
-90.650    1001.376    -0.079
-90.349    1000.977    -0.079
-90.048    1000.578    -0.079
-89.746    1000.180    -0.079
-89.445    999.781    -0.079
-89.085    999.300    -0.079
-88.788    998.898    -0.079
-88.431    998.415    -0.079
-88.194    998.094    -0.079
-87.837    997.611    -0.079
-87.540    997.209    -0.079
-87.302    996.887    -0.079
-86.946    996.405    -0.079
-86.708    996.083    -0.079
-86.411    995.681    -0.079
-85.887    994.949    -0.078
-85.599    994.541    -0.078
-85.311    994.133    -0.078
-85.022    993.723    -0.078
-84.734    993.315    -0.078
-84.446    992.907    -0.078
-84.215    992.580    -0.078
-83.927    992.172    -0.078
-83.523    991.600    -0.078
-83.293    991.274    -0.078
-83.004    990.865    -0.078
-82.658    990.374    -0.078
-82.262    989.798    -0.078
-82.037    989.467    -0.078
-81.699    988.972    -0.077
-81.474    988.641    -0.077
-81.137    988.145    -0.077
-80.912    987.814    -0.077
-80.574    987.318    -0.077
-80.349    986.987    -0.077
-80.011    986.491    -0.077
-79.787    986.161    -0.077
-79.450    985.664    -0.077
-79.171    985.248    -0.077
-78.837    984.750    -0.077
-78.615    984.418    -0.077
-78.281    983.920    -0.077
-78.058    983.587    -0.077
-77.668    983.006    -0.076
-77.501    982.757    -0.076
-77.222    982.341    -0.076
-76.833    981.761    -0.076
-76.610    981.429    -0.076
-76.387    981.096    -0.076
-75.997    980.515    -0.076
-75.774    980.183    -0.076
-75.231    979.344    -0.076
-75.070    979.090    -0.076
-74.694    978.500    -0.076
-74.533    978.247    -0.076
-74.264    977.825    -0.076
-73.942    977.320    -0.076
-73.620    976.813    -0.075
-73.459    976.560    -0.075
-73.083    975.970    -0.075
-72.922    975.716    -0.075
-72.600    975.210    -0.075
-72.123    974.447    -0.075
-71.866    974.019    -0.075
-71.609    973.590    -0.075
-71.352    973.161    -0.075
-71.094    972.732    -0.075
-70.837    972.304    -0.075
-70.529    971.789    -0.075
-70.272    971.360    -0.075
-70.015    970.931    -0.075
-69.758    970.503    -0.074
-69.501    970.074    -0.074
-69.243    969.644    -0.074
-68.986    969.215    -0.074
-68.830    968.959    -0.074
-68.519    968.446    -0.074
-68.259    968.019    -0.074
-68.000    967.592    -0.074
-67.792    967.250    -0.074
-67.481    966.737    -0.074
-67.221    966.310    -0.074
-66.962    965.882    -0.074
-66.703    965.455    -0.074
-66.494    965.113    -0.074
-66.183    964.600    -0.074
-65.924    964.173    -0.073
-65.716    963.831    -0.073
-65.204    962.973    -0.073
-64.954    962.540    -0.073
-64.704    962.107    -0.073
-64.454    961.673    -0.073
-64.205    961.240    -0.073
-63.955    960.807    -0.073
-63.706    960.374    -0.073
-63.505    960.027    -0.073
-63.256    959.594    -0.073
-63.006    959.161    -0.073
-62.707    958.642    -0.073
-62.181    957.675    -0.072
-61.993    957.322    -0.072
-61.758    956.881    -0.072
-61.476    956.351    -0.072
-61.288    955.999    -0.072
-61.053    955.557    -0.072
-60.818    955.116    -0.072
-60.536    954.586    -0.072
-60.349    954.234    -0.072
-60.113    953.792    -0.072
-59.832    953.262    -0.072
-59.596    952.821    -0.072
-59.364    952.379    -0.072
-59.085    951.847    -0.072
-58.854    951.404    -0.071
-58.668    951.049    -0.071
-58.391    950.518    -0.071
-58.205    950.163    -0.071
-57.974    949.720    -0.071
-57.789    949.366    -0.071
-57.508    948.835    -0.071
-57.322    948.482    -0.071
-57.041    947.951    -0.071
-56.855    947.597    -0.071
-56.574    947.067    -0.071
-56.388    946.713    -0.071
-56.108    946.183    -0.071
-55.827    945.652    -0.071
-55.511    945.028    -0.070
-55.287    944.582    -0.070
-55.062    944.135    -0.070
-54.838    943.688    -0.070
-54.613    943.241    -0.070
-54.343    942.705    -0.070
-54.076    942.169    -0.070
-53.855    941.720    -0.070
-53.635    941.271    -0.070
-53.414    940.822    -0.070
-53.194    940.373    -0.070
-52.974    939.924    -0.070
-52.797    939.565    -0.070
-52.577    939.116    -0.070
-52.269    938.488    -0.069
-52.092    938.129    -0.069
-51.661    937.227    -0.069
-51.496    936.863    -0.069
-51.288    936.408    -0.069
-51.039    935.863    -0.069
-50.831    935.407    -0.069
-50.624    934.953    -0.069
-50.416    934.498    -0.069
-50.250    934.134    -0.069
-49.919    933.406    -0.069
-49.755    933.041    -0.069
-49.592    932.676    -0.069
-49.306    932.038    -0.068
-49.142    931.672    -0.068
-48.979    931.307    -0.068
-48.692    930.669    -0.068
-48.529    930.304    -0.068
-48.365    929.938    -0.068
-48.161    929.482    -0.068
-47.874    928.844    -0.068
-47.711    928.478    -0.068
-47.426    927.839    -0.068
-47.224    927.382    -0.068
-47.062    927.015    -0.068
-46.861    926.558    -0.068
-46.659    926.101    -0.068
-46.498    925.735    -0.068
-46.256    925.186    -0.067
-45.904    924.358    -0.067
-45.712    923.897    -0.067
-45.520    923.435    -0.067
-45.328    922.972    -0.067
-45.137    922.511    -0.067
-44.945    922.049    -0.067
-44.753    921.588    -0.067
-44.561    921.126    -0.067
-44.370    920.664    -0.067
-44.178    920.202    -0.067
-43.986    919.740    -0.067
-43.723    919.091    -0.067
-43.538    918.628    -0.067
-43.389    918.256    -0.066
-43.166    917.699    -0.066
-42.980    917.235    -0.066
-42.831    916.864    -0.066
-42.607    916.307    -0.066
-42.421    915.843    -0.066
-42.235    915.380    -0.066
-42.086    915.008    -0.066
-41.862    914.451    -0.066
-41.609    913.799    -0.066
-41.430    913.332    -0.066
-41.214    912.772    -0.066
-41.071    912.399    -0.066
-40.855    911.839    -0.066
-40.712    911.466    -0.065
-40.496    910.906    -0.065
-40.353    910.533    -0.065
-40.137    909.973    -0.065
-39.890    909.317    -0.065
-39.718    908.848    -0.065
-39.546    908.379    -0.065
-39.374    907.909    -0.065
-39.202    907.440    -0.065
-39.064    907.064    -0.065
-38.857    906.501    -0.065
-38.685    906.032    -0.065
-38.513    905.563    -0.065
-38.340    905.093    -0.065
-38.168    904.624    -0.064
-38.031    904.248    -0.064
-37.824    903.685    -0.064
-37.620    903.122    -0.064
-37.419    902.556    -0.064
-37.285    902.179    -0.064
-37.083    901.614    -0.064
-36.950    901.237    -0.064
-36.748    900.672    -0.064
-36.581    900.200    -0.064
-36.413    899.729    -0.064
-36.246    899.258    -0.064
-35.982    898.503    -0.064
-35.794    897.933    -0.063
-35.700    897.649    -0.063
-35.512    897.079    -0.063
-35.323    896.509    -0.063
-35.229    896.224    -0.063
-35.041    895.655    -0.063
-34.885    895.180    -0.063
-34.696    894.611    -0.063
-34.571    894.230    -0.063
-34.383    893.661    -0.063
-34.226    893.186    -0.063
-34.042    892.616    -0.063
-33.890    892.139    -0.063
-33.739    891.663    -0.063
-33.587    891.186    -0.063
-33.435    890.709    -0.062
-33.283    890.233    -0.062
-33.162    889.853    -0.062
-32.980    889.281    -0.062
-32.829    888.804    -0.062
-32.676    888.328    -0.062
-32.525    887.851    -0.062
-32.268    886.989    -0.062
-32.128    886.509    -0.062
-31.989    886.029    -0.062
-31.850    885.549    -0.062
-31.682    884.973    -0.062
-31.543    884.493    -0.062
-31.404    884.012    -0.062
-31.264    883.532    -0.061
-31.152    883.148    -0.061
-31.013    882.668    -0.061
-30.902    882.283    -0.061
-30.758    881.805    -0.061
-30.613    881.326    -0.061
-30.469    880.847    -0.061
-30.325    880.369    -0.061
-30.181    879.891    -0.061
-29.957    879.122    -0.061
-29.798    878.544    -0.061
-29.692    878.158    -0.061
-29.532    877.580    -0.061
-29.399    877.098    -0.061
-29.266    876.616    -0.060
-29.160    876.230    -0.060
-29.001    875.652    -0.060
-28.868    875.170    -0.060
-28.735    874.688    -0.060
-28.603    874.206    -0.060
-28.470    873.724    -0.060
-28.313    873.144    -0.060
-28.158    872.565    -0.060
-28.055    872.178    -0.060
-27.926    871.696    -0.060
-27.771    871.116    -0.060
-27.641    870.633    -0.060
-27.538    870.247    -0.060
-27.384    869.668    -0.060
-27.254    869.185    -0.059
-27.151    868.798    -0.059
-26.949    868.023    -0.059
-26.829    867.538    -0.059
-26.684    866.956    -0.059
-26.587    866.568    -0.059
-26.466    866.083    -0.059
-26.346    865.598    -0.059
-26.226    865.113    -0.059
-26.105    864.628    -0.059
-25.985    864.142    -0.059
-25.864    863.657    -0.059
-25.744    863.172    -0.059
-25.623    862.687    -0.059
-25.479    862.104    -0.058
-25.362    861.617    -0.058
-25.246    861.131    -0.058
-25.107    860.548    -0.058
-24.992    860.062    -0.058
-24.875    859.576    -0.058
-24.760    859.089    -0.058
-24.621    858.505    -0.058
-24.528    858.116    -0.058
-24.412    857.630    -0.058
-24.274    857.046    -0.058
-24.161    856.559    -0.058
-24.050    856.071    -0.058
-23.937    855.585    -0.058
-23.826    855.097    -0.058
-23.713    854.610    -0.057
-23.602    854.122    -0.057
-23.489    853.635    -0.057
-23.378    853.148    -0.057
-23.266    852.661    -0.057
-23.154    852.174    -0.057
-23.042    851.686    -0.057
-22.953    851.296    -0.057
-22.776    850.516    -0.057
-22.671    850.027    -0.057
-22.567    849.539    -0.057
-22.442    848.952    -0.057
-22.337    848.463    -0.057
-22.233    847.973    -0.057
-22.150    847.582    -0.057
-22.045    847.094    -0.056
-21.941    846.605    -0.056
-21.836    846.115    -0.056
-21.732    845.627    -0.056
-21.607    845.040    -0.056
-21.502    844.551    -0.056
-21.419    844.160    -0.056
-21.242    843.278    -0.056
-21.166    842.885    -0.056
-21.033    842.197    -0.056
-20.957    841.805    -0.056
-20.881    841.413    -0.056
-20.785    840.922    -0.056
-20.689    840.431    -0.056
-20.576    839.842    -0.055
-20.499    839.449    -0.055
-20.404    838.959    -0.055
-20.308    838.468    -0.055
-20.232    838.075    -0.055
-20.114    837.487    -0.055
-20.017    836.996    -0.055
-19.938    836.604    -0.055
-19.820    836.016    -0.055
-19.723    835.526    -0.055
-19.624    835.035    -0.055
-19.527    834.545    -0.055
-19.428    834.055    -0.055
-19.331    833.565    -0.055
-19.232    833.075    -0.055
-19.135    832.584    -0.055
-18.944    831.501    -0.054
-18.882    831.106    -0.054
-18.788    830.514    -0.054
-18.709    830.020    -0.054
-18.647    829.625    -0.054
-18.553    829.032    -0.054
-18.474    828.538    -0.054
-18.397    828.045    -0.054
-18.318    827.550    -0.054
-18.256    827.156    -0.054
-18.135    826.364    -0.054
-18.077    825.969    -0.054
-17.989    825.376    -0.054
-17.915    824.881    -0.054
-17.842    824.387    -0.053
-17.798    824.090    -0.053
-17.735    823.695    -0.053
-17.639    823.102    -0.053
-17.574    822.708    -0.053
-17.494    822.215    -0.053
-17.414    821.721    -0.053
-17.333    821.227    -0.053
-17.238    820.635    -0.053
-17.173    820.241    -0.053
-17.077    819.648    -0.053
-17.013    819.253    -0.053
-16.847    818.166    -0.053
-16.794    817.770    -0.053
-16.715    817.175    -0.053
-16.662    816.779    -0.052
-16.583    816.184    -0.052
-16.529    815.788    -0.052
-16.487    815.491    -0.052
-16.415    814.996    -0.052
-16.343    814.501    -0.052
-16.272    814.007    -0.052
-16.199    813.511    -0.052
-16.127    813.017    -0.052
-16.055    812.523    -0.052
-15.972    811.928    -0.052
-15.904    811.433    -0.052
-15.836    810.937    -0.052
-15.769    810.442    -0.052
-15.701    809.946    -0.052
-15.633    809.451    -0.052
-15.579    809.055    -0.051
-15.484    808.361    -0.051
-15.416    807.867    -0.051
-15.339    807.271    -0.051
-15.288    806.874    -0.051
-15.223    806.379    -0.051
-15.146    805.784    -0.051
-15.095    805.387    -0.051
-15.018    804.792    -0.051
-14.966    804.396    -0.051
-14.915    803.999    -0.051
-14.825    803.305    -0.051
-14.773    802.908    -0.051
-14.676    802.114    -0.051
-14.618    801.617    -0.051
-14.560    801.121    -0.050
-14.514    800.723    -0.050
-14.468    800.326    -0.050
-14.410    799.830    -0.050
-14.329    799.134    -0.050
-14.282    798.737    -0.050
-14.236    798.340    -0.050
-14.166    797.744    -0.050
-14.108    797.247    -0.050
-14.062    796.850    -0.050
-13.981    796.155    -0.050
-13.923    795.658    -0.050
-13.877    795.261    -0.050
-13.819    794.765    -0.050
-13.773    794.368    -0.050
-13.703    793.771    -0.050
-13.645    793.274    -0.049
-13.587    792.779    -0.049
-13.528    792.282    -0.049
-13.470    791.785    -0.049
-13.411    791.288    -0.049
-13.352    790.792    -0.049
-13.294    790.296    -0.049
-13.235    789.799    -0.049
-13.176    789.303    -0.049
-13.118    788.806    -0.049
-13.059    788.309    -0.049
-13.000    787.813    -0.049
-12.942    787.317    -0.049
-12.883    786.820    -0.049
-12.824    786.323    -0.049
-12.766    785.828    -0.049
-12.707    785.331    -0.049
-12.648    784.834    -0.048
-12.571    784.139    -0.048
-12.512    783.541    -0.048
-12.462    783.044    -0.048
-12.423    782.646    -0.048
-12.364    782.049    -0.048
-12.314    781.551    -0.048
-12.275    781.153    -0.048
-12.216    780.556    -0.048
-12.166    780.059    -0.048
-12.127    779.660    -0.048
-12.068    779.064    -0.048
-12.018    778.567    -0.048
-11.979    778.169    -0.048
-11.929    777.671    -0.048
-11.870    777.074    -0.047
-11.807    776.376    -0.047
-11.766    775.878    -0.047
-11.724    775.380    -0.047
-11.682    774.882    -0.047
-11.641    774.384    -0.047
-11.599    773.886    -0.047
-11.557    773.388    -0.047
-11.515    772.889    -0.047
-11.474    772.391    -0.047
-11.432    771.892    -0.047
-11.390    771.394    -0.047
-11.348    770.896    -0.047
-11.307    770.398    -0.047
-11.265    769.900    -0.047
-11.223    769.402    -0.047
-11.182    768.903    -0.046
-11.140    768.405    -0.046
-11.099    767.907    -0.046
-11.051    767.309    -0.046
-11.019    766.910    -0.046
-10.978    766.412    -0.046
-10.937    765.914    -0.046
-10.898    765.415    -0.046
-10.857    764.917    -0.046
-10.816    764.418    -0.046
-10.776    763.920    -0.046
-10.736    763.422    -0.046
-10.695    762.924    -0.046
-10.655    762.426    -0.046
-10.615    761.926    -0.046
-10.574    761.428    -0.046
-10.526    760.830    -0.046
-10.479    760.232    -0.045
-10.444    759.734    -0.045
-10.409    759.235    -0.045
-10.375    758.736    -0.045
-10.340    758.237    -0.045
-10.305    757.739    -0.045
-10.270    757.240    -0.045
-10.236    756.741    -0.045
-10.194    756.143    -0.045
-10.159    755.644    -0.045
-10.138    755.344    -0.045
-10.103    754.846    -0.045
-10.061    754.248    -0.045
-10.026    753.749    -0.045
-9.992    753.250    -0.045
-9.957    752.751    -0.045
-9.922    752.253    -0.045
-9.887    751.754    -0.044
-9.853    751.255    -0.044
-9.811    750.656    -0.044
-9.778    750.158    -0.044
-9.744    749.658    -0.044
-9.711    749.160    -0.044
-9.678    748.661    -0.044
-9.645    748.163    -0.044
-9.611    747.663    -0.044
-9.578    747.165    -0.044
-9.545    746.666    -0.044
-9.512    746.167    -0.044
-9.478    745.668    -0.044
-9.446    745.169    -0.044
-9.412    744.670    -0.044
-9.385    744.271    -0.044
-9.345    743.673    -0.043
-9.319    743.273    -0.043
-9.279    742.675    -0.043
-9.244    742.076    -0.043
-9.219    741.576    -0.043
-9.193    741.078    -0.043
-9.169    740.578    -0.043
-9.143    740.079    -0.043
-9.118    739.579    -0.043
-9.092    739.080    -0.043
-9.068    738.580    -0.043
-9.042    738.082    -0.043
-9.017    737.582    -0.043
-8.991    737.083    -0.043
-8.967    736.583    -0.043
-8.941    736.084    -0.043
-8.911    735.485    -0.043
-8.890    735.086    -0.042
-8.865    734.586    -0.042
-8.840    734.087    -0.042
-8.819    733.687    -0.042
-8.790    733.189    -0.042
-8.755    732.589    -0.042
-8.726    732.090    -0.042
-8.697    731.592    -0.042
-8.669    731.092    -0.042
-8.645    730.693    -0.042
-8.616    730.193    -0.042
-8.581    729.595    -0.042
-8.553    729.095    -0.042
-8.524    728.596    -0.042
-8.495    728.098    -0.042
-8.472    727.698    -0.042
-8.437    727.099    -0.042
-8.408    726.599    -0.042
-8.385    726.201    -0.041
-8.350    725.602    -0.041
-8.321    725.102    -0.041
-8.290    724.504    -0.041
-8.269    724.104    -0.041
-8.239    723.505    -0.041
-8.219    723.105    -0.041
-8.189    722.506    -0.041
-8.168    722.107    -0.041
-8.138    721.508    -0.041
-8.118    721.108    -0.041
-8.088    720.509    -0.041
-8.067    720.109    -0.041
-8.037    719.510    -0.041
-8.017    719.111    -0.041
-7.987    718.512    -0.041
-7.966    718.112    -0.041
-7.936    717.513    -0.040
-7.916    717.113    -0.040
-7.886    716.515    -0.040
-7.865    716.115    -0.040
-7.835    715.516    -0.040
-7.815    715.116    -0.040
-7.790    714.616    -0.040
-7.760    713.917    -0.040
-7.736    713.318    -0.040
-7.719    712.919    -0.040
-7.700    712.419    -0.040
-7.676    711.820    -0.040
-7.663    711.520    -0.040
-7.635    710.820    -0.040
-7.623    710.521    -0.040
-7.595    709.821    -0.040
-7.582    709.521    -0.040
-7.554    708.822    -0.040
-7.542    708.522    -0.039
-7.514    707.823    -0.039
-7.502    707.523    -0.039
-7.477    706.923    -0.039
-7.453    706.324    -0.039
-7.441    706.025    -0.039
-7.417    705.425    -0.039
-7.401    705.026    -0.039
-7.372    704.326    -0.039
-7.360    704.027    -0.039
-7.336    703.427    -0.039
-7.312    702.827    -0.039
-7.300    702.528    -0.039
-7.276    701.928    -0.039
-7.252    701.329    -0.039
-7.240    701.029    -0.039
-7.216    700.429    -0.039
-7.192    699.830    -0.039
-7.180    699.530    -0.038
-7.156    698.931    -0.038
-7.131    698.332    -0.038
-7.119    698.032    -0.038
-7.095    697.432    -0.038
-7.071    696.833    -0.038
-7.059    696.533    -0.038
-7.035    695.934    -0.038
-7.011    695.334    -0.038
-6.991    694.834    -0.038
-6.972    694.335    -0.038
-6.954    693.835    -0.038
-6.935    693.335    -0.038
-6.916    692.836    -0.038
-6.898    692.336    -0.038
-6.883    691.936    -0.038
-6.864    691.437    -0.038
-6.846    690.937    -0.038
-6.824    690.337    -0.037
-6.805    689.839    -0.037
-6.786    689.339    -0.037
-6.772    688.939    -0.037
-6.753    688.440    -0.037
-6.734    687.940    -0.037
-6.712    687.340    -0.037
-6.693    686.841    -0.037
-6.675    686.341    -0.037
-6.660    685.941    -0.037
-6.641    685.442    -0.037
-6.619    684.842    -0.037
-6.604    684.442    -0.037
-6.581    683.843    -0.037
-6.565    683.443    -0.037
-6.542    682.844    -0.037
-6.527    682.444    -0.037
-6.504    681.844    -0.037
-6.488    681.445    -0.037
-6.465    680.845    -0.036
-6.450    680.445    -0.036
-6.427    679.847    -0.036
-6.412    679.447    -0.036
-6.388    678.847    -0.036
-6.373    678.448    -0.036
-6.350    677.848    -0.036
-6.331    677.348    -0.036
-6.316    676.949    -0.036
-6.293    676.349    -0.036
-6.274    675.850    -0.036
-6.254    675.350    -0.036
-6.236    674.850    -0.036
-6.220    674.350    -0.036
-6.203    673.851    -0.036
-6.187    673.351    -0.036
-6.170    672.851    -0.036
-6.154    672.352    -0.036
-6.138    671.852    -0.035
-6.121    671.352    -0.035
-6.105    670.853    -0.035
-6.089    670.353    -0.035
-6.072    669.853    -0.035
-6.055    669.353    -0.035
-6.040    668.854    -0.035
-6.023    668.354    -0.035
-6.006    667.854    -0.035
-5.990    667.354    -0.035
-5.974    666.855    -0.035
-5.957    666.355    -0.035
-5.941    665.855    -0.035
-5.924    665.357    -0.035
-5.909    664.857    -0.035
-5.892    664.357    -0.035
-5.875    663.858    -0.035
-5.858    663.358    -0.035
-5.840    662.858    -0.035
-5.821    662.358    -0.034
-5.806    661.959    -0.034
-5.788    661.459    -0.034
-5.766    660.860    -0.034
-5.747    660.360    -0.034
-5.728    659.860    -0.034
-5.709    659.361    -0.034
-5.691    658.861    -0.034
-5.672    658.361    -0.034
-5.653    657.862    -0.034
-5.634    657.362    -0.034
-5.616    656.862    -0.034
-5.597    656.363    -0.034
-5.583    655.963    -0.034
-5.564    655.463    -0.034
-5.542    654.864    -0.034
-5.523    654.364    -0.034
-5.504    653.865    -0.034
-5.485    653.366    -0.034
-5.467    652.866    -0.034
-5.448    652.366    -0.033
-5.430    651.867    -0.033
-5.416    651.367    -0.033
-5.403    650.867    -0.033
-5.389    650.367    -0.033
-5.375    649.868    -0.033
-5.361    649.368    -0.033
-5.348    648.868    -0.033
-5.334    648.368    -0.033
-5.320    647.868    -0.033
-5.307    647.369    -0.033
-5.293    646.869    -0.033
-5.279    646.369    -0.033
-5.265    645.869    -0.033
-5.252    645.370    -0.033
-5.238    644.870    -0.033
-5.224    644.370    -0.033
-5.210    643.870    -0.033
-5.197    643.370    -0.033
-5.181    642.871    -0.032
-5.164    642.371    -0.032
-5.148    641.871    -0.032
-5.132    641.372    -0.032
-5.115    640.872    -0.032
-5.099    640.372    -0.032
-5.082    639.872    -0.032
-5.066    639.373    -0.032
-5.050    638.873    -0.032
-5.033    638.373    -0.032
-5.016    637.874    -0.032
-5.001    637.374    -0.032
-4.984    636.874    -0.032
-4.967    636.374    -0.032
-4.950    635.775    -0.032
-4.935    635.275    -0.032
-4.924    634.875    -0.032
-4.907    634.275    -0.032
-4.892    633.776    -0.032
-4.881    633.376    -0.032
-4.864    632.776    -0.031
-4.852    632.376    -0.031
-4.835    631.777    -0.031
-4.824    631.377    -0.031
-4.807    630.777    -0.031
-4.795    630.377    -0.031
-4.778    629.778    -0.031
-4.763    629.278    -0.031
-4.752    628.878    -0.031
-4.735    628.278    -0.031
-4.720    627.779    -0.031
-4.709    627.379    -0.031
-4.692    626.779    -0.031
-4.677    626.279    -0.031
-4.665    625.879    -0.031
-4.648    625.280    -0.031
-4.634    624.780    -0.031
-4.622    624.380    -0.031
-4.605    623.780    -0.031
-4.591    623.281    -0.031
-4.580    622.881    -0.031
-4.563    622.281    -0.030
-4.548    621.781    -0.030
-4.537    621.382    -0.030
-4.520    620.782    -0.030
-4.505    620.282    -0.030
-4.493    619.882    -0.030
-4.476    619.283    -0.030
-4.462    618.783    -0.030
-4.450    618.383    -0.030
-4.433    617.783    -0.030
-4.418    617.284    -0.030
-4.407    616.884    -0.030
-4.390    616.284    -0.030
-4.376    615.784    -0.030
-4.365    615.384    -0.030
-4.348    614.785    -0.030
-4.333    614.285    -0.030
-4.321    613.885    -0.030
-4.304    613.285    -0.030
-4.290    612.786    -0.030
-4.278    612.386    -0.029
-4.261    611.786    -0.029
-4.246    611.286    -0.029
-4.235    610.887    -0.029
-4.218    610.287    -0.029
-4.203    609.787    -0.029
-4.188    609.287    -0.029
-4.174    608.788    -0.029
-4.159    608.288    -0.029
-4.147    607.888    -0.029
-4.132    607.388    -0.029
-4.114    606.789    -0.029
-4.099    606.290    -0.029
-4.084    605.790    -0.029
-4.069    605.290    -0.029
-4.057    604.891    -0.029
-4.042    604.391    -0.029
-4.024    603.791    -0.029
-4.009    603.291    -0.029
-3.995    602.792    -0.029
-3.980    602.292    -0.029
-3.968    601.892    -0.028
-3.953    601.392    -0.028
-3.935    600.793    -0.028
-3.920    600.293    -0.028
-3.908    599.893    -0.028
-3.893    599.393    -0.028
-3.878    598.894    -0.028
-3.860    598.294    -0.028
-3.845    597.794    -0.028
-3.833    597.394    -0.028
-3.818    596.895    -0.028
-3.803    596.395    -0.028
-3.785    595.795    -0.028
-3.773    595.395    -0.028
-3.758    594.896    -0.028
-3.743    594.396    -0.028
-3.729    593.896    -0.028
-3.714    593.396    -0.028
-3.696    592.797    -0.028
-3.683    592.397    -0.028
-3.669    591.897    -0.028
-3.654    591.397    -0.028
-3.639    590.898    -0.027
-3.624    590.398    -0.027
-3.606    589.798    -0.027
-3.594    589.398    -0.027
-3.579    588.899    -0.027
-3.564    588.399    -0.027
-3.550    587.899    -0.027
-3.535    587.399    -0.027
-3.520    586.900    -0.027
-3.502    586.300    -0.027
-3.487    585.800    -0.027
-3.475    585.400    -0.027
-3.460    584.901    -0.027
-3.445    584.401    -0.027
-3.431    583.901    -0.027
-3.413    583.302    -0.027
-3.400    582.902    -0.027
-3.385    582.402    -0.027
-3.371    581.902    -0.027
-3.354    581.303    -0.027
-3.342    580.903    -0.027
-3.328    580.403    -0.026
-3.310    579.803    -0.026
-3.299    579.403    -0.026
-3.284    578.904    -0.026
-3.267    578.304    -0.026
-3.256    577.904    -0.026
-3.239    577.304    -0.026
-3.227    576.905    -0.026
-3.210    576.305    -0.026
-3.199    575.905    -0.026
-3.182    575.305    -0.026
-3.170    574.906    -0.026
-3.156    574.406    -0.026
-3.138    573.806    -0.026
-3.127    573.406    -0.026
-3.112    572.907    -0.026
-3.095    572.307    -0.026
-3.084    571.907    -0.026
-3.072    571.207    -0.026
-3.063    570.907    -0.026
-3.049    570.508    -0.026
-3.027    569.908    -0.026
-3.008    569.408    -0.025
-2.990    568.909    -0.025
-2.973    568.409    -0.025
-2.954    567.909    -0.025
-2.939    567.511    -0.025
-2.917    566.911    -0.025
-2.899    566.411    -0.025
-2.881    565.912    -0.025
-2.863    565.412    -0.025
-2.844    564.912    -0.025
-2.830    564.513    -0.025
-2.808    563.913    -0.025
-2.789    563.413    -0.025
-2.771    562.914    -0.025
-2.754    562.414    -0.025
-2.735    561.914    -0.025
-2.716    561.315    -0.025
-2.703    560.815    -0.025
-2.690    560.315    -0.025
-2.677    559.815    -0.025
-2.666    559.415    -0.025
-2.650    558.816    -0.025
-2.636    558.316    -0.025
-2.624    557.816    -0.024
-2.611    557.316    -0.024
-2.597    556.816    -0.024
-2.584    556.317    -0.024
-2.572    555.817    -0.024
-2.558    555.317    -0.024
-2.547    554.917    -0.024
-2.531    554.318    -0.024
-2.518    553.818    -0.024
-2.505    553.318    -0.024
-2.494    552.918    -0.024
-2.478    552.318    -0.024
-2.468    551.919    -0.024
-2.452    551.319    -0.024
-2.438    550.819    -0.024
-2.425    550.319    -0.024
-2.415    549.919    -0.024
-2.399    549.320    -0.024
-2.389    548.920    -0.024
-2.372    548.320    -0.024
-2.359    547.820    -0.024
-2.346    547.321    -0.024
-2.336    546.921    -0.024
-2.319    546.321    -0.023
-2.307    545.821    -0.023
-2.293    545.321    -0.023
-2.283    544.922    -0.023
-2.266    544.322    -0.023
-2.256    543.922    -0.023
-2.240    543.322    -0.023
-2.228    542.822    -0.023
-2.216    542.323    -0.023
-2.205    541.823    -0.023
-2.193    541.323    -0.023
-2.181    540.823    -0.023
-2.169    540.323    -0.023
-2.158    539.823    -0.023
-2.146    539.324    -0.023
-2.134    538.824    -0.023
-2.122    538.324    -0.023
-2.111    537.824    -0.023
-2.099    537.324    -0.023
-2.087    536.825    -0.023
-2.074    536.325    -0.023
-2.063    535.825    -0.023
-2.051    535.325    -0.023
-2.039    534.825    -0.022
-2.027    534.325    -0.022
-2.016    533.826    -0.022
-2.004    533.326    -0.022
-1.992    532.826    -0.022
-1.981    532.326    -0.022
-1.969    531.826    -0.022
-1.957    531.327    -0.022
-1.945    530.827    -0.022
-1.934    530.327    -0.022
-1.921    529.827    -0.022
-1.908    529.327    -0.022
-1.895    528.827    -0.022
-1.882    528.328    -0.022
-1.869    527.828    -0.022
-1.856    527.328    -0.022
-1.846    526.928    -0.022
-1.833    526.428    -0.022
-1.820    525.929    -0.022
-1.804    525.329    -0.022
-1.791    524.829    -0.022
-1.779    524.329    -0.022
-1.765    523.830    -0.022
-1.752    523.330    -0.022
-1.739    522.830    -0.021
-1.729    522.430    -0.021
-1.716    521.930    -0.021
-1.703    521.431    -0.021
-1.687    520.831    -0.021
-1.675    520.331    -0.021
-1.662    519.831    -0.021
-1.648    519.331    -0.021
-1.635    518.832    -0.021
-1.623    518.332    -0.021
-1.609    517.832    -0.021
-1.596    517.332    -0.021
-1.583    516.832    -0.021
-1.573    516.433    -0.021
-1.560    515.933    -0.021
-1.547    515.433    -0.021
-1.531    514.833    -0.021
-1.519    514.333    -0.021
-1.506    513.834    -0.021
-1.492    513.334    -0.021
-1.478    512.834    -0.021
-1.465    512.334    -0.021
-1.451    511.835    -0.021
-1.437    511.335    -0.021
-1.423    510.835    -0.021
-1.410    510.335    -0.020
-1.396    509.835    -0.020
-1.382    509.336    -0.020
-1.368    508.836    -0.020
-1.355    508.336    -0.020
-1.341    507.836    -0.020
-1.327    507.337    -0.020
-1.313    506.837    -0.020
-1.303    506.437    -0.020
-1.289    505.937    -0.020
-1.273    505.337    -0.020
-1.259    504.838    -0.020
-1.246    504.338    -0.020
-1.232    503.838    -0.020
-1.218    503.338    -0.020
-1.204    502.839    -0.020
-1.191    502.339    -0.020
-1.177    501.839    -0.020
-1.163    501.339    -0.020
-1.149    500.839    -0.020
-1.136    500.340    -0.020
-1.122    499.840    -0.020
-1.108    499.340    -0.020
-1.094    498.840    -0.020
-1.081    498.341    -0.020
-1.067    497.841    -0.019
-1.053    497.341    -0.019
-1.039    496.841    -0.019
-1.029    496.441    -0.019
-1.015    495.942    -0.019
-0.999    495.442    -0.019
-0.981    494.942    -0.019
-0.963    494.443    -0.019
-0.950    494.043    -0.019
-0.929    493.443    -0.019
-0.911    492.944    -0.019
-0.893    492.445    -0.019
-0.875    491.945    -0.019
-0.858    491.446    -0.019
-0.840    490.946    -0.019
-0.822    490.446    -0.019
-0.805    489.946    -0.019
-0.788    489.447    -0.019
-0.770    488.947    -0.019
-0.752    488.447    -0.019
-0.734    487.948    -0.019
-0.717    487.448    -0.019
-0.699    486.948    -0.019
-0.686    486.549    -0.019
-0.664    485.949    -0.019
-0.647    485.449    -0.019
-0.629    484.950    -0.018
-0.611    484.450    -0.018
-0.593    483.950    -0.018
-0.576    483.451    -0.018
-0.558    482.951    -0.018
-0.540    482.451    -0.018
-0.527    482.051    -0.018
-0.509    481.552    -0.018
-0.486    480.952    -0.018
-0.471    480.552    -0.018
-0.448    479.953    -0.018
-0.429    479.453    -0.018
-0.410    478.955    -0.018
-0.391    478.455    -0.018
-0.373    477.955    -0.018
-0.357    477.556    -0.018
-0.334    476.956    -0.018
-0.315    476.456    -0.018
-0.297    475.957    -0.018
-0.281    475.557    -0.018
-0.262    475.057    -0.018
-0.244    474.558    -0.018
-0.221    473.958    -0.018
-0.200    473.358    -0.018
-0.187    472.859    -0.018
-0.175    472.359    -0.018
-0.162    471.859    -0.018
-0.150    471.359    -0.017
-0.138    470.859    -0.017
-0.125    470.360    -0.017
-0.112    469.860    -0.017
-0.100    469.360    -0.017
-0.087    468.860    -0.017
-0.074    468.360    -0.017
-0.062    467.861    -0.017
-0.050    467.361    -0.017
-0.037    466.861    -0.017
-0.025    466.361    -0.017
-0.012    465.861    -0.017
0.000    465.362    -0.017
0.012    464.862    -0.017
0.025    464.362    -0.017
0.038    463.862    -0.017
0.050    463.362    -0.017
0.063    462.863    -0.017
0.076    462.363    -0.017
0.088    461.863    -0.017
0.100    461.363    -0.017
0.113    460.863    -0.017
0.125    460.363    -0.017
0.138    459.864    -0.017
0.150    459.364    -0.017
0.163    458.864    -0.017
0.176    458.364    -0.017
0.189    457.864    -0.016
0.201    457.365    -0.016
0.212    456.965    -0.016
0.228    456.365    -0.016
0.241    455.865    -0.016
0.251    455.465    -0.016
0.264    454.966    -0.016
0.277    454.466    -0.016
0.289    453.966    -0.016
0.305    453.366    -0.016
0.318    452.867    -0.016
0.328    452.467    -0.016
0.345    451.867    -0.016
0.357    451.367    -0.016
0.368    450.967    -0.016
0.384    450.368    -0.016
0.397    449.868    -0.016
0.407    449.468    -0.016
0.423    448.868    -0.016
0.436    448.368    -0.016
0.446    447.969    -0.016
0.462    447.369    -0.016
0.476    446.869    -0.016
0.487    446.469    -0.016
0.501    445.969    -0.016
0.515    445.470    -0.016
0.529    444.970    -0.016
0.542    444.470    -0.016
0.560    443.870    -0.015
0.571    443.471    -0.015
0.585    442.971    -0.015
0.602    442.371    -0.015
0.613    441.971    -0.015
0.627    441.472    -0.015
0.641    440.972    -0.015
0.654    440.472    -0.015
0.668    439.972    -0.015
0.685    439.373    -0.015
0.697    438.973    -0.015
0.710    438.473    -0.015
0.727    437.873    -0.015
0.741    437.373    -0.015
0.753    436.874    -0.015
0.765    436.374    -0.015
0.776    435.874    -0.015
0.788    435.374    -0.015
0.799    434.874    -0.015
0.811    434.374    -0.015
0.822    433.875    -0.015
0.833    433.375    -0.015
0.845    432.875    -0.015
0.857    432.375    -0.015
0.867    431.875    -0.015
0.879    431.375    -0.015
0.891    430.876    -0.015
0.902    430.376    -0.015
0.913    429.876    -0.015
0.925    429.376    -0.014
0.936    428.876    -0.014
0.948    428.377    -0.014
0.959    427.877    -0.014
0.970    427.377    -0.014
0.982    426.877    -0.014
0.994    426.377    -0.014
1.004    425.877    -0.014
1.016    425.378    -0.014
1.028    424.878    -0.014
1.039    424.378    -0.014
1.050    423.878    -0.014
1.063    423.478    -0.014
1.080    422.979    -0.014
1.096    422.479    -0.014
1.113    421.979    -0.014
1.130    421.479    -0.014
1.147    420.980    -0.014
1.163    420.480    -0.014
1.180    419.980    -0.014
1.197    419.481    -0.014
1.213    418.982    -0.014
1.230    418.482    -0.014
1.247    417.983    -0.014
1.263    417.483    -0.014
1.279    416.983    -0.014
1.296    416.483    -0.014
1.313    415.984    -0.014
1.330    415.484    -0.014
1.346    414.984    -0.014
1.363    414.485    -0.014
1.380    413.985    -0.013
1.397    413.485    -0.013
1.413    412.985    -0.013
1.430    412.486    -0.013
1.447    411.986    -0.013
1.464    411.486    -0.013
1.480    410.987    -0.013
1.497    410.487    -0.013
1.514    409.987    -0.013
1.531    409.487    -0.013
1.547    408.988    -0.013
1.563    408.488    -0.013
1.580    407.988    -0.013
1.595    407.489    -0.013
1.609    406.989    -0.013
1.624    406.489    -0.013
1.639    405.989    -0.013
1.654    405.490    -0.013
1.668    404.990    -0.013
1.683    404.490    -0.013
1.698    403.990    -0.013
1.713    403.491    -0.013
1.727    402.991    -0.013
1.742    402.491    -0.013
1.757    401.991    -0.013
1.772    401.492    -0.013
1.786    400.992    -0.013
1.801    400.492    -0.013
1.816    399.992    -0.013
1.831    399.493    -0.013
1.845    398.993    -0.013
1.860    398.493    -0.012
1.878    397.893    -0.012
1.891    397.494    -0.012
1.905    396.994    -0.012
1.920    396.494    -0.012
1.935    395.994    -0.012
1.950    395.495    -0.012
1.967    394.895    -0.012
1.981    394.395    -0.012
1.996    393.895    -0.012
2.009    393.496    -0.012
2.023    392.996    -0.012
2.038    392.496    -0.012
2.053    391.996    -0.012
2.071    391.397    -0.012
2.083    390.997    -0.012
2.098    390.497    -0.012
2.116    389.897    -0.012
2.131    389.398    -0.012
2.146    388.898    -0.012
2.160    388.398    -0.012
2.173    387.998    -0.012
2.187    387.499    -0.012
2.206    386.899    -0.012
2.220    386.399    -0.012
2.235    385.899    -0.012
2.250    385.400    -0.012
2.262    385.000    -0.012
2.277    384.500    -0.012
2.295    383.901    -0.012
2.310    383.402    -0.012
2.325    382.902    -0.012
2.339    382.402    -0.011
2.354    381.902    -0.011
2.366    381.503    -0.011
2.381    381.003    -0.011
2.399    380.403    -0.011
2.412    380.003    -0.011
2.426    379.504    -0.011
2.441    379.004    -0.011
2.456    378.504    -0.011
2.471    378.004    -0.011
2.485    377.505    -0.011
2.500    377.005    -0.011
2.515    376.505    -0.011
2.530    376.005    -0.011
2.544    375.506    -0.011
2.559    375.006    -0.011
2.574    374.506    -0.011
2.589    374.006    -0.011
2.607    373.407    -0.011
2.621    372.907    -0.011
2.634    372.507    -0.011
2.649    372.007    -0.011
2.663    371.508    -0.011
2.678    371.008    -0.011
2.693    370.508    -0.011
2.708    370.008    -0.011
2.722    369.509    -0.011
2.737    369.009    -0.011
2.752    368.509    -0.011
2.767    368.009    -0.011
2.781    367.510    -0.011
2.799    366.910    -0.011
2.812    366.510    -0.011
2.827    366.010    -0.011
2.841    365.511    -0.011
2.856    365.011    -0.010
2.871    364.511    -0.010
2.886    364.011    -0.010
2.900    363.512    -0.010
2.915    363.012    -0.010
2.933    362.412    -0.010
2.948    361.912    -0.010
2.963    361.413    -0.010
2.977    360.913    -0.010
2.992    360.413    -0.010
3.007    359.913    -0.010
3.022    359.414    -0.010
3.036    358.914    -0.010
3.051    358.414    -0.010
3.066    357.914    -0.010
3.081    357.415    -0.010
3.095    356.915    -0.010
3.110    356.415    -0.010
3.125    355.915    -0.010
3.140    355.416    -0.010
3.151    355.016    -0.010
3.166    354.516    -0.010
3.180    354.016    -0.010
3.195    353.517    -0.010
3.212    352.917    -0.010
3.227    352.417    -0.010
3.242    351.917    -0.010
3.256    351.418    -0.010
3.271    350.918    -0.010
3.286    350.418    -0.010
3.301    349.918    -0.010
3.315    349.419    -0.010
3.330    348.919    -0.010
3.345    348.419    -0.010
3.360    347.919    -0.010
3.374    347.420    -0.009
3.389    346.920    -0.009
3.404    346.420    -0.009
3.419    345.920    -0.009
3.433    345.421    -0.009
3.448    344.921    -0.009
3.463    344.421    -0.009
3.478    343.921    -0.009
3.492    343.422    -0.009
3.507    342.922    -0.009
3.522    342.422    -0.009
3.537    341.922    -0.009
3.551    341.423    -0.009
3.563    341.023    -0.009
3.579    340.423    -0.009
3.593    339.923    -0.009
3.603    339.523    -0.009
3.619    338.924    -0.009
3.633    338.424    -0.009
3.643    338.024    -0.009
3.659    337.424    -0.009
3.672    336.925    -0.009
3.683    336.525    -0.009
3.699    335.925    -0.009
3.712    335.425    -0.009
3.723    335.025    -0.009
3.739    334.426    -0.009
3.753    333.926    -0.009
3.763    333.526    -0.009
3.779    332.926    -0.009
3.792    332.426    -0.009
3.802    332.027    -0.009
3.818    331.427    -0.009
3.832    330.927    -0.009
3.842    330.527    -0.009
3.859    329.928    -0.009
3.872    329.428    -0.009
3.883    329.028    -0.009
3.899    328.428    -0.008
3.913    327.928    -0.008
3.923    327.529    -0.008
3.939    326.929    -0.008
3.952    326.429    -0.008
3.962    326.029    -0.008
3.978    325.429    -0.008
3.992    324.930    -0.008
4.002    324.530    -0.008
4.019    323.930    -0.008
4.032    323.430    -0.008
4.043    323.031    -0.008
4.059    322.431    -0.008
4.072    321.931    -0.008
4.082    321.531    -0.008
4.098    320.931    -0.008
4.112    320.432    -0.008
4.122    320.032    -0.008
4.138    319.432    -0.008
4.152    318.932    -0.008
4.165    318.432    -0.008
4.176    317.933    -0.008
4.189    317.433    -0.008
4.201    316.933    -0.008
4.214    316.433    -0.008
4.223    316.033    -0.008
4.238    315.434    -0.008
4.250    314.934    -0.008
4.263    314.434    -0.008
4.274    313.934    -0.008
4.287    313.434    -0.008
4.297    313.035    -0.008
4.312    312.435    -0.008
4.323    311.935    -0.008
4.336    311.435    -0.008
4.348    310.935    -0.008
4.361    310.436    -0.008
4.370    310.036    -0.008
4.385    309.436    -0.008
4.398    308.936    -0.008
4.410    308.436    -0.007
4.422    307.936    -0.007
4.434    307.437    -0.007
4.447    306.937    -0.007
4.459    306.437    -0.007
4.470    305.937    -0.007
4.483    305.437    -0.007
4.495    304.938    -0.007
4.508    304.438    -0.007
4.517    304.038    -0.007
4.532    303.438    -0.007
4.544    302.938    -0.007
4.557    302.439    -0.007
4.568    301.939    -0.007
4.581    301.439    -0.007
4.591    301.039    -0.007
4.606    300.439    -0.007
4.617    299.939    -0.007
4.630    299.440    -0.007
4.642    298.940    -0.007
4.655    298.440    -0.007
4.664    298.040    -0.007
4.679    297.440    -0.007
4.688    297.041    -0.007
4.704    296.441    -0.007
4.715    295.941    -0.007
4.728    295.441    -0.007
4.741    295.041    -0.007
4.754    294.742    -0.007
4.778    294.143    -0.007
4.802    293.544    -0.007
4.818    293.144    -0.007
4.839    292.644    -0.007
4.863    292.045    -0.007
4.879    291.645    -0.007
4.899    291.145    -0.007
4.923    290.546    -0.007
4.940    290.146    -0.007
4.960    289.647    -0.007
4.984    289.047    -0.007
5.001    288.647    -0.007
5.021    288.148    -0.007
5.045    287.549    -0.007
5.061    287.149    -0.006
5.081    286.650    -0.006
5.105    286.050    -0.006
5.121    285.651    -0.006
5.148    284.851    -0.006
5.157    284.351    -0.006
5.166    283.851    -0.006
5.174    283.351    -0.006
5.182    282.951    -0.006
5.193    282.352    -0.006
5.201    281.852    -0.006
5.209    281.452    -0.006
5.220    280.852    -0.006
5.229    280.352    -0.006
5.236    279.952    -0.006
5.245    279.452    -0.006
5.254    278.952    -0.006
5.264    278.552    -0.006
5.281    277.953    -0.006
5.293    277.553    -0.006
5.310    276.953    -0.006
5.321    276.553    -0.006
5.336    276.054    -0.006
5.350    275.554    -0.006
5.367    274.954    -0.006
5.378    274.554    -0.006
5.392    274.055    -0.006
5.409    273.455    -0.006
5.420    273.055    -0.006
5.434    272.555    -0.006
5.451    271.956    -0.006
5.462    271.556    -0.006
5.476    271.056    -0.006
5.493    270.456    -0.006
5.505    270.056    -0.006
5.518    269.557    -0.006
5.536    268.957    -0.006
5.547    268.557    -0.006
5.561    268.057    -0.006
5.578    267.458    -0.006
5.589    267.058    -0.006
5.606    266.458    -0.006
5.618    266.058    -0.006
5.632    265.559    -0.006
5.646    265.059    -0.006
5.663    264.459    -0.006
5.675    264.059    -0.005
5.692    263.460    -0.005
5.707    262.960    -0.005
5.721    262.460    -0.005
5.736    261.960    -0.005
5.751    261.461    -0.005
5.765    260.961    -0.005
5.780    260.461    -0.005
5.795    259.961    -0.005
5.810    259.462    -0.005
5.824    258.962    -0.005
5.839    258.462    -0.005
5.854    257.962    -0.005
5.869    257.463    -0.005
5.883    256.963    -0.005
5.898    256.463    -0.005
5.913    255.963    -0.005
5.928    255.464    -0.005
5.942    254.964    -0.005
5.957    254.464    -0.005
5.972    253.964    -0.005
5.987    253.465    -0.005
6.001    252.965    -0.005
6.014    252.565    -0.005
6.029    252.065    -0.005
6.047    251.466    -0.005
6.061    250.966    -0.005
6.076    250.466    -0.005
6.091    249.966    -0.005
6.106    249.467    -0.005
6.120    248.967    -0.005
6.135    248.467    -0.005
6.150    247.967    -0.005
6.165    247.468    -0.005
6.179    246.968    -0.005
6.194    246.468    -0.005
6.209    245.968    -0.005
6.224    245.469    -0.005
6.238    244.970    -0.005
6.253    244.470    -0.005
6.267    243.970    -0.005
6.281    243.470    -0.005
6.294    242.971    -0.005
6.308    242.471    -0.005
6.322    241.971    -0.005
6.332    241.571    -0.005
6.348    240.972    -0.005
6.362    240.472    -0.005
6.376    239.972    -0.005
6.390    239.472    -0.005
6.403    238.972    -0.004
6.417    238.473    -0.004
6.431    237.973    -0.004
6.445    237.473    -0.004
6.455    237.073    -0.004
6.471    236.474    -0.004
6.485    235.974    -0.004
6.498    235.474    -0.004
6.512    234.974    -0.004
6.526    234.474    -0.004
6.540    233.975    -0.004
6.553    233.475    -0.004
6.567    232.975    -0.004
6.579    232.575    -0.004
6.593    232.076    -0.004
6.611    231.476    -0.004
6.624    231.076    -0.004
6.639    230.576    -0.004
6.657    229.977    -0.004
6.669    229.577    -0.004
6.687    228.977    -0.004
6.700    228.577    -0.004
6.715    228.078    -0.004
6.730    227.578    -0.004
6.748    226.978    -0.004
6.761    226.578    -0.004
6.776    226.079    -0.004
6.791    225.579    -0.004
6.809    224.979    -0.004
6.822    224.579    -0.004
6.837    224.080    -0.004
6.855    223.480    -0.004
6.868    223.080    -0.004
6.883    222.580    -0.004
6.901    221.981    -0.004
6.915    221.481    -0.004
6.927    221.081    -0.004
6.941    220.581    -0.004
6.954    220.082    -0.004
6.968    219.582    -0.004
6.985    218.982    -0.004
6.996    218.582    -0.004
7.010    218.083    -0.004
7.024    217.583    -0.004
7.038    217.083    -0.004
7.051    216.583    -0.004
7.065    216.084    -0.004
7.079    215.584    -0.004
7.093    215.084    -0.004
7.106    214.584    -0.004
7.120    214.084    -0.004
7.134    213.585    -0.004
7.148    213.085    -0.004
7.161    212.585    -0.004
7.175    212.085    -0.004
7.192    211.486    -0.004
7.204    211.086    -0.004
7.217    210.586    -0.003
7.231    210.086    -0.003
7.245    209.586    -0.003
7.259    209.087    -0.003
7.272    208.587    -0.003
7.286    208.087    -0.003
7.301    207.587    -0.003
7.316    207.088    -0.003
7.330    206.588    -0.003
7.345    206.088    -0.003
7.360    205.588    -0.003
7.375    205.089    -0.003
7.389    204.589    -0.003
7.404    204.089    -0.003
7.419    203.589    -0.003
7.434    203.090    -0.003
7.448    202.590    -0.003
7.463    202.090    -0.003
7.480    201.490    -0.003
7.495    200.991    -0.003
7.506    200.591    -0.003
7.521    200.091    -0.003
7.536    199.591    -0.003
7.551    199.092    -0.003
7.565    198.592    -0.003
7.580    198.092    -0.003
7.595    197.592    -0.003
7.610    197.093    -0.003
7.624    196.593    -0.003
7.641    195.993    -0.003
7.655    195.493    -0.003
7.667    195.094    -0.003
7.684    194.494    -0.003
7.697    193.994    -0.003
7.709    193.594    -0.003
7.726    192.994    -0.003
7.740    192.495    -0.003
7.751    192.095    -0.003
7.765    191.595    -0.003
7.779    191.095    -0.003
7.792    190.596    -0.003
7.809    189.996    -0.003
7.823    189.496    -0.003
7.834    189.096    -0.003
7.852    188.497    -0.003
7.865    187.997    -0.003
7.877    187.597    -0.003
7.894    186.997    -0.003
7.908    186.497    -0.003
7.919    186.098    -0.003
7.933    185.598    -0.003
7.946    185.098    -0.003
7.960    184.598    -0.003
7.974    184.099    -0.003
7.991    183.499    -0.003
8.004    182.999    -0.003
8.017    182.499    -0.003
8.029    181.999    -0.003
8.039    181.600    -0.003
8.051    181.100    -0.003
8.064    180.600    -0.003
8.079    180.000    -0.003
8.092    179.500    -0.003
8.105    179.001    -0.003
8.116    178.501    -0.003
8.129    178.001    -0.002
8.142    177.501    -0.002
8.154    177.001    -0.002
8.166    176.502    -0.002
8.179    176.002    -0.002
8.189    175.602    -0.002
8.201    175.102    -0.002
8.214    174.602    -0.002
8.229    174.003    -0.002
8.242    173.503    -0.002
8.255    173.003    -0.002
8.266    172.503    -0.002
8.279    172.003    -0.002
8.292    171.504    -0.002
8.304    171.004    -0.002
8.316    170.504    -0.002
8.329    170.004    -0.002
8.339    169.604    -0.002
8.351    169.104    -0.002
8.366    168.605    -0.002
8.383    168.005    -0.002
8.395    167.605    -0.002
8.409    167.105    -0.002
8.426    166.506    -0.002
8.438    166.106    -0.002
8.453    165.606    -0.002
8.470    165.006    -0.002
8.481    164.607    -0.002
8.496    164.107    -0.002
8.513    163.507    -0.002
8.524    163.107    -0.002
8.541    162.508    -0.002
8.553    162.108    -0.002
8.567    161.608    -0.002
8.581    161.108    -0.002
8.598    160.509    -0.002
8.610    160.109    -0.002
8.624    159.609    -0.002
8.642    159.009    -0.002
8.653    158.610    -0.002
8.668    158.110    -0.002
8.685    157.510    -0.002
8.696    157.111    -0.002
8.711    156.611    -0.002
8.728    156.012    -0.002
8.739    155.612    -0.002
8.754    155.112    -0.002
8.771    154.512    -0.002
8.783    154.113    -0.002
8.800    153.513    -0.002
8.811    153.113    -0.002
8.825    152.613    -0.002
8.840    152.114    -0.002
8.857    151.514    -0.002
8.871    151.014    -0.002
8.886    150.514    -0.002
8.898    150.115    -0.002
8.912    149.615    -0.002
8.927    149.115    -0.002
8.942    148.615    -0.002
8.959    148.016    -0.002
8.974    147.516    -0.002
8.985    147.116    -0.002
9.002    146.516    -0.002
9.017    146.017    -0.002
9.032    145.517    -0.002
9.046    145.017    -0.002
9.061    144.517    -0.002
9.076    144.018    -0.002
9.091    143.518    -0.002
9.105    143.018    -0.002
9.117    142.618    -0.002
9.134    142.019    -0.002
9.149    141.519    -0.002
9.163    141.019    -0.002
9.178    140.519    -0.002
9.193    140.020    -0.002
9.204    139.620    -0.002
9.221    139.020    -0.002
9.236    138.520    -0.002
9.251    138.021    -0.002
9.266    137.521    -0.001
9.280    137.021    -0.001
9.295    136.521    -0.001
9.310    136.021    -0.001
9.325    135.522    -0.001
9.336    135.122    -0.001
9.351    134.622    -0.001
9.368    134.022    -0.001
9.383    133.523    -0.001
9.395    133.123    -0.001
9.410    132.623    -0.001
9.428    132.023    -0.001
9.440    131.624    -0.001
9.455    131.124    -0.001
9.473    130.524    -0.001
9.485    130.124    -0.001
9.500    129.625    -0.001
9.518    129.025    -0.001
9.531    128.625    -0.001
9.545    128.125    -0.001
9.564    127.526    -0.001
9.576    127.126    -0.001
9.591    126.626    -0.001
9.609    126.027    -0.001
9.621    125.627    -0.001
9.636    125.127    -0.001
9.654    124.527    -0.001
9.666    124.128    -0.001
9.681    123.628    -0.001
9.699    123.028    -0.001
9.712    122.628    -0.001
9.726    122.129    -0.001
9.744    121.529    -0.001
9.757    121.129    -0.001
9.772    120.629    -0.001
9.790    120.030    -0.001
9.802    119.630    -0.001
9.817    119.130    -0.001
9.835    118.530    -0.001
9.847    118.131    -0.001
9.862    117.631    -0.001
9.880    117.031    -0.001
9.893    116.631    -0.001
9.907    116.132    -0.001
9.924    115.532    -0.001
9.938    115.032    -0.001
9.952    114.532    -0.001
9.966    114.033    -0.001
9.979    113.533    -0.001
9.991    113.133    -0.001
10.008    112.533    -0.001
10.022    112.034    -0.001
10.035    111.534    -0.001
10.049    111.034    -0.001
10.063    110.534    -0.001
10.077    110.034    -0.001
10.090    109.535    -0.001
10.104    109.035    -0.001
10.118    108.535    -0.001
10.132    108.035    -0.001
10.145    107.536    -0.001
10.159    107.036    -0.001
10.173    106.536    -0.001
10.187    106.036    -0.001
10.198    105.636    -0.001
10.215    105.037    -0.001
10.229    104.537    -0.001
10.243    104.037    -0.001
10.256    103.537    -0.001
10.270    103.038    -0.001
10.284    102.538    -0.001
10.298    102.038    -0.001
10.311    101.538    -0.001
10.325    101.038    -0.001
10.339    100.539    -0.001
10.353    100.039    -0.001
10.366    99.539    -0.001
10.380    99.039    -0.001
10.394    98.540    -0.001
10.405    98.140    -0.001
10.417    97.740    -0.001
10.438    97.140    -0.001
10.454    96.641    -0.001
10.471    96.142    -0.001
10.488    95.642    -0.001
10.505    95.143    -0.001
10.518    94.743    -0.001
10.539    94.143    -0.001
10.556    93.643    -0.001
10.569    93.244    -0.001
10.590    92.644    -0.001
10.607    92.144    -0.001
10.620    91.745    -0.001
10.642    91.145    -0.001
10.658    90.645    -0.001
10.675    90.146    -0.001
10.692    89.646    -0.001
10.709    89.146    -0.001
10.722    88.746    -0.001
10.743    88.147    -0.001
10.760    87.647    -0.001
10.777    87.147    -0.001
10.793    86.648    -0.001
10.810    86.148    -0.001
10.828    85.648    -0.001
10.842    85.149    -0.001
10.859    84.549    -0.001
10.871    84.049    -0.001
10.885    83.549    -0.001
10.897    83.149    -0.001
10.912    82.650    -0.001
10.930    82.050    -0.001
10.945    81.550    -0.001
10.960    81.050    -0.001
10.975    80.551    -0.001
10.987    80.151    -0.001
11.002    79.651    -0.001
11.020    79.051    -0.001
11.032    78.652    -0.000
11.047    78.152    -0.000
11.065    77.552    -0.000
11.077    77.152    -0.000
11.092    76.653    -0.000
11.110    76.053    -0.000
11.125    75.553    -0.000
11.140    75.053    -0.000
11.152    74.654    -0.000
11.170    74.054    -0.000
11.181    73.554    -0.000
11.194    72.954    -0.000
11.203    72.555    -0.000
11.215    72.055    -0.000
11.226    71.555    -0.000
11.238    71.055    -0.000
11.249    70.555    -0.000
11.260    70.055    -0.000
11.272    69.556    -0.000
11.283    69.056    -0.000
11.296    68.456    -0.000
11.305    68.056    -0.000
11.317    67.556    -0.000
11.328    67.056    -0.000
11.339    66.557    -0.000
11.351    66.057    -0.000
11.362    65.557    -0.000
11.374    65.057    -0.000
11.384    64.557    -0.000
11.396    64.057    -0.000
11.407    63.558    -0.000
11.419    63.058    -0.000
11.429    62.558    -0.000
11.440    62.158    -0.000
11.456    61.658    -0.000
11.471    61.159    -0.000
11.487    60.659    -0.000
11.503    60.159    -0.000
11.521    59.559    -0.000
11.533    59.160    -0.000
11.549    58.660    -0.000
11.567    58.060    -0.000
11.579    57.660    -0.000
11.595    57.161    -0.000
11.613    56.561    -0.000
11.626    56.161    -0.000
11.641    55.662    -0.000
11.657    55.163    -0.000
11.673    54.663    -0.000
11.689    54.163    -0.000
11.707    53.564    -0.000
11.719    53.164    -0.000
11.734    52.664    -0.000
11.751    52.064    -0.000
11.765    51.565    -0.000
11.776    51.165    -0.000
11.793    50.565    -0.000
11.807    50.065    -0.000
11.822    49.566    -0.000
11.833    49.166    -0.000
11.850    48.566    -0.000
11.862    48.166    -0.000
11.879    47.566    -0.000
11.892    47.067    -0.000
11.904    46.667    -0.000
11.921    46.067    -0.000
11.932    45.667    -0.000
11.949    45.068    -0.000
11.961    44.668    -0.000
11.978    44.068    -0.000
11.989    43.668    -0.000
12.006    43.069    -0.000
12.020    42.569    -0.000
12.035    42.069    -0.000
12.046    41.669    -0.000
12.063    41.070    -0.000
12.075    40.670    -0.000
12.092    40.070    -0.000
12.106    39.570    -0.000
12.117    39.170    -0.000
12.135    38.471    -0.000
12.144    37.971    -0.000
12.152    37.571    -0.000
12.160    37.071    -0.000
12.171    36.471    -0.000
12.180    35.971    -0.000
12.189    35.471    -0.000
12.196    35.071    -0.000
12.207    34.472    -0.000
12.216    33.972    -0.000
12.225    33.472    -0.000
12.234    32.972    -0.000
12.242    32.472    -0.000
12.250    32.072    -0.000
12.261    31.472    -0.000
12.270    30.972    -0.000
12.278    30.472    -0.000
12.287    29.973    -0.000
12.296    29.473    -0.000
12.305    28.973    -0.000
12.312    28.573    -0.000
12.321    28.073    -0.000
12.330    27.573    -0.000
12.341    26.973    -0.000
12.348    26.573    -0.000
12.363    26.074    -0.000
12.378    25.574    -0.000
12.390    25.174    -0.000
12.405    24.674    -0.000
12.419    24.175    -0.000
12.438    23.575    -0.000
12.452    23.075    -0.000
12.467    22.575    -0.000
12.482    22.076    -0.000
12.497    21.576    -0.000
12.511    21.076    -0.000
12.526    20.576    -0.000
12.541    20.077    -0.000
12.555    19.577    -0.000
12.570    19.077    -0.000
12.585    18.577    -0.000
12.600    18.078    -0.000
12.614    17.578    -0.000
12.629    17.078    -0.000
12.644    16.578    -0.000
12.659    16.079    -0.000
12.673    15.579    -0.000
12.688    15.079    -0.000
12.703    14.579    -0.000
12.714    14.180    -0.000
12.729    13.680    -0.000
12.745    13.180    -0.000
12.762    12.680    -0.000
12.777    12.181    -0.000
12.794    11.681    -0.000
12.810    11.181    -0.000
12.827    10.681    -0.000
12.842    10.182    -0.000
12.861    9.582    -0.000
12.875    9.182    -0.000
12.891    8.683    -0.000
12.910    8.083    -0.000
12.923    7.683    -0.000
12.939    7.183    -0.000
12.956    6.684    -0.000
12.971    6.184    -0.000
12.988    5.684    -0.000
13.004    5.186    -0.000
13.020    4.686    -0.000
13.036    4.186    -0.000
13.055    3.586    -0.000
13.069    3.187    -0.000
13.084    2.687    -0.000
13.104    2.087    -0.000
13.117    1.688    -0.000
13.133    1.188    -0.000
13.149    0.688    -0.000
