-2.053    -0.032    -0.000
-2.039    -0.532    -0.000
-2.024    -1.032    -0.000
-2.010    -1.532    -0.000
-1.996    -2.031    -0.000
-1.982    -2.531    -0.000
-1.968    -3.031    -0.000
-1.953    -3.531    -0.000
-1.940    -4.030    -0.000
-1.926    -4.530    -0.000
-1.911    -5.030    -0.000
-1.897    -5.530    -0.000
-1.884    -6.029    -0.000
-1.870    -6.529    -0.000
-1.855    -7.029    -0.000
-1.841    -7.529    -0.000
-1.828    -8.029    -0.000
-1.814    -8.528    -0.000
-1.799    -9.028    -0.000
-1.785    -9.528    -0.000
-1.772    -10.028    -0.000
-1.758    -10.527    -0.000
-1.743    -11.027    -0.000
-1.730    -11.527    -0.000
-1.716    -12.027    -0.000
-1.701    -12.526    -0.000
-1.687    -13.026    -0.000
-1.673    -13.526    -0.000
-1.659    -14.026    -0.000
-1.644    -14.525    -0.000
-1.630    -15.025    -0.000
-1.617    -15.525    -0.000
-1.603    -16.025    -0.000
-1.588    -16.525    -0.000
-1.574    -17.024    -0.000
-1.561    -17.524    -0.000
-1.547    -18.024    -0.000
-1.532    -18.524    -0.000
-1.518    -19.023    -0.000
-1.505    -19.523    -0.000
-1.490    -20.023    -0.000
-1.476    -20.523    -0.000
-1.462    -21.022    -0.000
-1.448    -21.522    -0.000
-1.434    -22.022    -0.000
-1.419    -22.522    -0.000
-1.405    -23.022    -0.000
-1.392    -23.521    -0.000
-1.377    -24.021    -0.000
-1.363    -24.521    -0.000
-1.349    -25.021    -0.000
-1.336    -25.520    -0.000
-1.321    -26.020    -0.000
-1.307    -26.520    -0.000
-1.293    -27.020    -0.000
-1.279    -27.519    -0.000
-1.265    -28.019    -0.000
-1.251    -28.519    -0.000
-1.237    -29.019    -0.000
-1.223    -29.519    -0.000
-1.209    -30.018    -0.000
-1.194    -30.518    -0.000
-1.180    -31.018    -0.000
-1.166    -31.518    -0.000
-1.152    -32.017    -0.000
-1.138    -32.517    -0.000
-1.124    -33.017    -0.000
-1.110    -33.517    -0.000
-1.096    -34.016    -0.000
-1.082    -34.516    -0.000
-1.067    -35.016    -0.000
-1.054    -35.516    -0.000
-1.040    -36.016    -0.000
-1.026    -36.515    -0.000
-1.012    -37.015    -0.000
-0.998    -37.515    -0.000
-0.984    -38.015    -0.000
-0.969    -38.514    -0.000
-0.956    -39.014    -0.000
-0.941    -39.514    -0.000
-0.927    -40.014    -0.000
-0.913    -40.513    -0.000
-0.899    -41.012    -0.000
-0.885    -41.512    -0.000
-0.871    -42.012    -0.000
-0.856    -42.511    -0.000
-0.843    -43.011    -0.000
-0.829    -43.511    -0.000
-0.815    -44.011    -0.000
-0.800    -44.511    -0.000
-0.787    -45.010    -0.000
-0.773    -45.510    -0.000
-0.759    -46.010    -0.000
-0.744    -46.510    -0.000
-0.731    -47.009    -0.000
-0.716    -47.509    -0.000
-0.702    -48.009    -0.000
-0.687    -48.509    -0.000
-0.674    -49.008    -0.000
-0.660    -49.508    -0.000
-0.645    -50.008    -0.000
-0.631    -50.508    -0.000
-0.618    -51.008    -0.000
-0.604    -51.507    -0.000
-0.589    -52.007    -0.000
-0.575    -52.507    -0.000
-0.562    -53.007    -0.000
-0.548    -53.506    -0.000
-0.533    -54.006    -0.000
-0.519    -54.506    -0.000
-0.506    -55.006    -0.000
-0.492    -55.505    -0.000
-0.478    -56.005    -0.000
-0.464    -56.505    -0.000
-0.450    -57.005    -0.000
-0.436    -57.505    -0.000
-0.422    -58.004    -0.000
-0.408    -58.504    -0.000
-0.395    -59.004    -0.000
-0.381    -59.504    -0.000
-0.367    -60.003    -0.000
-0.354    -60.503    -0.000
-0.339    -61.003    -0.000
-0.325    -61.503    -0.000
-0.311    -62.003    -0.000
-0.298    -62.502    -0.000
-0.284    -63.002    -0.000
-0.270    -63.502    -0.000
-0.256    -64.002    -0.000
-0.243    -64.501    -0.000
-0.229    -65.001    -0.000
-0.214    -65.501    -0.000
-0.200    -66.001    -0.000
-0.187    -66.500    -0.000
-0.173    -67.000    -0.000
-0.159    -67.500    -0.000
-0.145    -68.000    -0.000
-0.132    -68.500    -0.000
-0.118    -68.999    -0.000
-0.104    -69.499    -0.000
-0.090    -69.999    -0.000
-0.077    -70.499    -0.000
-0.063    -70.998    -0.000
-0.049    -71.498    -0.000
-0.035    -71.998    -0.000
-0.022    -72.498    -0.000
-0.008    -72.998    -0.000
0.007    -73.497    -0.000
0.021    -73.997    -0.000
0.034    -74.497    -0.000
0.050    -74.997    -0.000
0.065    -75.496    -0.000
0.080    -75.996    -0.000
0.094    -76.496    -0.000
0.110    -76.996    -0.000
0.125    -77.495    -0.000
0.140    -77.995    -0.000
0.154    -78.495    -0.000
0.170    -78.995    -0.000
0.185    -79.494    -0.000
0.200    -79.994    -0.001
0.214    -80.494    -0.001
0.230    -80.994    -0.001
0.245    -81.493    -0.001
0.260    -81.993    -0.001
0.274    -82.493    -0.001
0.290    -82.993    -0.001
0.305    -83.492    -0.001
0.320    -83.992    -0.001
0.334    -84.492    -0.001
0.349    -84.992    -0.001
0.364    -85.491    -0.001
0.378    -85.991    -0.001
0.393    -86.491    -0.001
0.409    -86.990    -0.001
0.424    -87.490    -0.001
0.438    -87.990    -0.001
0.453    -88.490    -0.001
0.469    -88.989    -0.001
0.484    -89.489    -0.001
0.498    -89.989    -0.001
0.513    -90.489    -0.001
0.529    -90.988    -0.001
0.544    -91.488    -0.001
0.558    -91.988    -0.001
0.573    -92.488    -0.001
0.589    -92.987    -0.001
0.604    -93.487    -0.001
0.618    -93.987    -0.001
0.633    -94.487    -0.001
0.649    -94.986    -0.001
0.664    -95.486    -0.001
0.678    -95.986    -0.001
0.693    -96.486    -0.001
0.709    -96.985    -0.001
0.724    -97.485    -0.001
0.738    -97.985    -0.001
0.753    -98.485    -0.001
0.768    -98.984    -0.001
0.783    -99.484    -0.001
0.797    -99.984    -0.001
0.812    -100.484    -0.001
0.828    -100.983    -0.001
0.843    -101.483    -0.001
0.857    -101.983    -0.001
0.872    -102.483    -0.001
0.888    -102.982    -0.001
0.903    -103.482    -0.001
0.916    -103.982    -0.001
0.930    -104.482    -0.001
0.944    -104.981    -0.001
0.958    -105.481    -0.001
0.971    -105.981    -0.001
0.985    -106.481    -0.001
1.000    -106.981    -0.001
1.014    -107.480    -0.001
1.027    -107.980    -0.001
1.041    -108.480    -0.001
1.055    -108.980    -0.001
1.068    -109.479    -0.001
1.082    -109.979    -0.001
1.096    -110.479    -0.001
1.110    -110.979    -0.001
1.123    -111.479    -0.001
1.137    -111.978    -0.001
1.152    -112.477    -0.001
1.166    -112.977    -0.001
1.179    -113.477    -0.001
1.193    -113.976    -0.001
1.207    -114.476    -0.001
1.221    -114.976    -0.001
1.234    -115.476    -0.001
1.248    -115.975    -0.001
1.262    -116.475    -0.001
1.276    -116.975    -0.001
1.290    -117.475    -0.001
1.304    -117.975    -0.001
1.318    -118.474    -0.001
1.332    -118.974    -0.001
1.345    -119.474    -0.001
1.359    -119.974    -0.001
1.373    -120.473    -0.001
1.387    -120.973    -0.001
1.400    -121.473    -0.001
1.414    -121.973    -0.001
1.429    -122.473    -0.001
1.443    -122.972    -0.001
1.456    -123.472    -0.001
1.470    -123.972    -0.001
1.484    -124.472    -0.001
1.498    -124.971    -0.001
1.511    -125.471    -0.001
1.525    -125.971    -0.001
1.539    -126.471    -0.001
1.553    -126.970    -0.001
1.567    -127.470    -0.001
1.581    -127.970    -0.001
1.595    -128.470    -0.001
1.609    -128.970    -0.001
1.622    -129.469    -0.001
1.636    -129.969    -0.001
1.650    -130.469    -0.001
1.663    -130.969    -0.001
1.677    -131.468    -0.001
1.691    -131.968    -0.001
1.706    -132.468    -0.001
1.719    -132.968    -0.001
1.733    -133.468    -0.001
1.747    -133.967    -0.001
1.761    -134.467    -0.001
1.774    -134.967    -0.001
1.788    -135.467    -0.001
1.802    -135.966    -0.001
1.816    -136.466    -0.001
1.829    -136.966    -0.001
1.843    -137.466    -0.001
1.858    -137.965    -0.001
1.872    -138.465    -0.002
1.885    -138.965    -0.002
1.899    -139.465    -0.002
1.913    -139.965    -0.002
1.927    -140.464    -0.002
1.940    -140.964    -0.002
1.954    -141.464    -0.002
1.968    -141.964    -0.002
1.982    -142.463    -0.002
1.996    -142.963    -0.002
2.010    -143.463    -0.002
2.024    -143.963    -0.002
2.038    -144.463    -0.002
2.051    -144.962    -0.002
2.065    -145.462    -0.002
2.079    -145.962    -0.002
2.093    -146.462    -0.002
2.106    -146.961    -0.002
2.120    -147.461    -0.002
2.135    -147.961    -0.002
2.149    -148.461    -0.002
2.162    -148.960    -0.002
2.176    -149.460    -0.002
2.190    -149.960    -0.002
2.204    -150.460    -0.002
2.217    -150.960    -0.002
2.231    -151.459    -0.002
2.245    -151.959    -0.002
2.259    -152.459    -0.002
2.272    -152.959    -0.002
2.286    -153.458    -0.002
2.300    -153.958    -0.002
2.314    -154.458    -0.002
2.327    -154.958    -0.002
2.341    -155.458    -0.002
2.355    -155.957    -0.002
2.367    -156.457    -0.002
2.381    -156.957    -0.002
2.395    -157.457    -0.002
2.409    -157.956    -0.002
2.422    -158.456    -0.002
2.436    -158.956    -0.002
2.450    -159.456    -0.002
2.464    -159.956    -0.002
2.477    -160.455    -0.002
2.491    -160.955    -0.002
2.505    -161.455    -0.002
2.519    -161.955    -0.002
2.532    -162.454    -0.002
2.546    -162.954    -0.002
2.560    -163.454    -0.002
2.574    -163.954    -0.002
2.587    -164.454    -0.002
2.600    -164.953    -0.002
2.614    -165.453    -0.002
2.628    -165.953    -0.002
2.641    -166.453    -0.002
2.655    -166.952    -0.002
2.669    -167.452    -0.002
2.683    -167.952    -0.002
2.696    -168.452    -0.002
2.710    -168.952    -0.002
2.724    -169.451    -0.002
2.738    -169.951    -0.002
2.751    -170.451    -0.002
2.765    -170.951    -0.002
2.779    -171.450    -0.002
2.793    -171.950    -0.002
2.806    -172.450    -0.002
2.820    -172.950    -0.002
2.834    -173.450    -0.002
2.856    -174.049    -0.002
2.882    -174.549    -0.002
2.907    -175.047    -0.002
2.933    -175.547    -0.002
2.960    -176.046    -0.002
2.986    -176.546    -0.002
3.011    -177.045    -0.002
3.037    -177.544    -0.002
3.064    -178.043    -0.002
3.090    -178.543    -0.003
3.115    -179.042    -0.003
3.141    -179.541    -0.003
3.168    -180.040    -0.003
3.193    -180.539    -0.003
3.219    -181.039    -0.003
3.245    -181.538    -0.003
3.272    -182.038    -0.003
3.297    -182.536    -0.003
3.323    -183.036    -0.003
3.345    -183.435    -0.003
3.357    -183.935    -0.003
3.369    -184.435    -0.003
3.382    -184.935    -0.003
3.394    -185.435    -0.003
3.405    -185.935    -0.003
3.417    -186.434    -0.003
3.429    -186.934    -0.003
3.441    -187.434    -0.003
3.453    -187.934    -0.003
3.465    -188.434    -0.003
3.477    -188.933    -0.003
3.488    -189.433    -0.003
3.500    -189.933    -0.003
3.512    -190.433    -0.003
3.524    -190.933    -0.003
3.535    -191.433    -0.003
3.547    -191.932    -0.003
3.559    -192.432    -0.003
3.572    -192.932    -0.003
3.583    -193.432    -0.003
3.595    -193.932    -0.003
3.607    -194.431    -0.003
3.619    -194.931    -0.003
3.631    -195.431    -0.003
3.643    -195.931    -0.003
3.655    -196.431    -0.003
3.667    -196.931    -0.003
3.678    -197.430    -0.003
3.690    -197.930    -0.003
3.702    -198.430    -0.003
3.714    -198.930    -0.003
3.726    -199.430    -0.003
3.740    -199.929    -0.003
3.754    -200.429    -0.003
3.768    -200.929    -0.003
3.782    -201.429    -0.003
3.796    -201.929    -0.003
3.810    -202.428    -0.003
3.824    -202.928    -0.003
3.837    -203.428    -0.003
3.852    -203.928    -0.003
3.866    -204.427    -0.003
3.880    -204.927    -0.003
3.893    -205.427    -0.003
3.907    -205.927    -0.003
3.922    -206.426    -0.003
3.936    -206.926    -0.003
3.949    -207.426    -0.003
3.963    -207.926    -0.003
3.978    -208.426    -0.003
3.994    -208.925    -0.003
4.009    -209.425    -0.003
4.024    -209.925    -0.003
4.040    -210.424    -0.003
4.054    -210.924    -0.003
4.067    -211.424    -0.004
4.082    -211.924    -0.004
4.097    -212.424    -0.004
4.111    -212.923    -0.004
4.125    -213.423    -0.004
4.139    -213.923    -0.004
4.153    -214.423    -0.004
4.167    -214.922    -0.004
4.181    -215.422    -0.004
4.195    -215.922    -0.004
4.210    -216.422    -0.004
4.223    -216.921    -0.004
4.237    -217.421    -0.004
4.252    -217.921    -0.004
4.266    -218.421    -0.004
4.279    -218.920    -0.004
4.294    -219.420    -0.004
4.309    -219.920    -0.004
4.323    -220.420    -0.004
4.337    -220.920    -0.004
4.351    -221.419    -0.004
4.365    -221.919    -0.004
4.380    -222.419    -0.004
4.393    -222.919    -0.004
4.407    -223.418    -0.004
4.422    -223.918    -0.004
4.436    -224.418    -0.004
4.449    -224.918    -0.004
4.464    -225.417    -0.004
4.478    -225.917    -0.004
4.492    -226.417    -0.004
4.505    -226.917    -0.004
4.519    -227.417    -0.004
4.533    -227.916    -0.004
4.547    -228.416    -0.004
4.560    -228.916    -0.004
4.574    -229.416    -0.004
4.588    -229.915    -0.004
4.602    -230.415    -0.004
4.615    -230.915    -0.004
4.630    -231.415    -0.004
4.644    -231.914    -0.004
4.659    -232.414    -0.004
4.672    -232.914    -0.004
4.686    -233.414    -0.004
4.701    -233.914    -0.004
4.715    -234.413    -0.004
4.729    -234.913    -0.004
4.743    -235.413    -0.004
4.758    -235.913    -0.004
4.772    -236.412    -0.004
4.786    -236.912    -0.004
4.800    -237.412    -0.004
4.815    -237.912    -0.004
4.828    -238.411    -0.004
4.843    -238.911    -0.004
4.858    -239.411    -0.005
4.872    -239.911    -0.005
4.885    -240.410    -0.005
4.900    -240.910    -0.005
4.914    -241.410    -0.005
4.928    -241.910    -0.005
4.942    -242.410    -0.005
4.956    -242.909    -0.005
4.971    -243.409    -0.005
4.985    -243.909    -0.005
4.999    -244.409    -0.005
5.013    -244.908    -0.005
5.028    -245.408    -0.005
5.042    -245.908    -0.005
5.056    -246.408    -0.005
5.070    -246.907    -0.005
5.084    -247.406    -0.005
5.099    -247.906    -0.005
5.112    -248.406    -0.005
5.127    -248.905    -0.005
5.141    -249.405    -0.005
5.156    -249.905    -0.005
5.169    -250.405    -0.005
5.184    -250.905    -0.005
5.198    -251.404    -0.005
5.213    -251.904    -0.005
5.226    -252.404    -0.005
5.241    -252.904    -0.005
5.255    -253.403    -0.005
5.270    -253.903    -0.005
5.283    -254.403    -0.005
5.298    -254.903    -0.005
5.312    -255.402    -0.005
5.326    -255.902    -0.005
5.340    -256.402    -0.005
5.354    -256.902    -0.005
5.369    -257.401    -0.005
5.382    -257.901    -0.005
5.397    -258.401    -0.005
5.411    -258.901    -0.005
5.426    -259.401    -0.005
5.439    -259.900    -0.005
5.454    -260.400    -0.005
5.468    -260.900    -0.005
5.483    -261.400    -0.005
5.496    -261.899    -0.005
5.511    -262.399    -0.005
5.525    -262.899    -0.005
5.540    -263.399    -0.005
5.553    -263.898    -0.005
5.568    -264.398    -0.005
5.582    -264.898    -0.006
5.596    -265.398    -0.006
5.610    -265.897    -0.006
5.624    -266.397    -0.006
5.637    -266.897    -0.006
5.650    -267.397    -0.006
5.663    -267.897    -0.006
5.676    -268.396    -0.006
5.690    -268.896    -0.006
5.703    -269.396    -0.006
5.716    -269.896    -0.006
5.729    -270.396    -0.006
5.743    -270.895    -0.006
5.756    -271.395    -0.006
5.768    -271.895    -0.006
5.782    -272.395    -0.006
5.795    -272.895    -0.006
5.809    -273.394    -0.006
5.821    -273.894    -0.006
5.835    -274.394    -0.006
5.848    -274.894    -0.006
5.862    -275.393    -0.006
5.874    -275.893    -0.006
5.887    -276.393    -0.006
5.901    -276.893    -0.006
5.914    -277.393    -0.006
5.927    -277.892    -0.006
5.940    -278.392    -0.006
5.954    -278.892    -0.006
5.967    -279.392    -0.006
5.980    -279.892    -0.006
5.993    -280.391    -0.006
6.006    -280.891    -0.006
6.019    -281.391    -0.006
6.032    -281.891    -0.006
6.046    -282.390    -0.006
6.059    -282.890    -0.006
6.072    -283.390    -0.006
6.085    -283.890    -0.006
6.099    -284.390    -0.006
6.112    -284.889    -0.006
6.124    -285.389    -0.006
6.138    -285.889    -0.006
6.151    -286.389    -0.006
6.165    -286.889    -0.006
6.177    -287.388    -0.006
6.191    -287.888    -0.007
6.204    -288.388    -0.007
6.218    -288.888    -0.007
6.230    -289.388    -0.007
6.243    -289.887    -0.007
6.257    -290.387    -0.007
6.270    -290.887    -0.007
6.283    -291.387    -0.007
6.296    -291.886    -0.007
6.310    -292.386    -0.007
6.323    -292.886    -0.007
6.336    -293.386    -0.007
6.349    -293.886    -0.007
6.362    -294.385    -0.007
6.376    -294.885    -0.007
6.388    -295.385    -0.007
6.402    -295.885    -0.007
6.415    -296.385    -0.007
6.430    -296.884    -0.007
6.445    -297.384    -0.007
6.461    -297.884    -0.007
6.477    -298.383    -0.007
6.493    -298.883    -0.007
6.508    -299.383    -0.007
6.524    -299.883    -0.007
6.541    -300.382    -0.007
6.557    -300.882    -0.007
6.571    -301.382    -0.007
6.586    -301.882    -0.007
6.601    -302.381    -0.007
6.616    -302.881    -0.007
6.629    -303.381    -0.007
6.644    -303.881    -0.007
6.659    -304.380    -0.007
6.672    -304.880    -0.007
6.687    -305.380    -0.007
6.702    -305.880    -0.007
6.716    -306.379    -0.007
6.730    -306.879    -0.007
6.745    -307.379    -0.007
6.760    -307.879    -0.007
6.776    -308.378    -0.007
6.791    -308.878    -0.008
6.807    -309.378    -0.008
6.823    -309.878    -0.008
6.840    -310.377    -0.008
6.855    -310.877    -0.008
6.871    -311.377    -0.008
6.887    -311.877    -0.008
6.903    -312.376    -0.008
6.918    -312.876    -0.008
6.935    -313.376    -0.008
6.951    -313.875    -0.008
6.967    -314.375    -0.008
6.982    -314.875    -0.008
6.998    -315.375    -0.008
7.013    -315.874    -0.008
7.029    -316.374    -0.008
7.043    -316.874    -0.008
7.059    -317.374    -0.008
7.075    -317.873    -0.008
7.090    -318.373    -0.008
7.105    -318.873    -0.008
7.121    -319.372    -0.008
7.136    -319.872    -0.008
7.152    -320.371    -0.008
7.167    -320.871    -0.008
7.182    -321.370    -0.008
7.197    -321.870    -0.008
7.212    -322.370    -0.008
7.225    -322.870    -0.008
7.240    -323.369    -0.008
7.254    -323.869    -0.008
7.268    -324.369    -0.008
7.282    -324.869    -0.008
7.297    -325.369    -0.008
7.312    -325.868    -0.008
7.325    -326.368    -0.008
7.340    -326.868    -0.008
7.355    -327.368    -0.008
7.369    -327.867    -0.008
7.383    -328.367    -0.008
7.397    -328.867    -0.009
7.412    -329.367    -0.009
7.426    -329.866    -0.009
7.440    -330.366    -0.009
7.454    -330.866    -0.009
7.469    -331.366    -0.009
7.483    -331.865    -0.009
7.497    -332.365    -0.009
7.511    -332.865    -0.009
7.525    -333.365    -0.009
7.540    -333.864    -0.009
7.553    -334.364    -0.009
7.568    -334.864    -0.009
7.582    -335.364    -0.009
7.597    -335.864    -0.009
7.610    -336.363    -0.009
7.625    -336.863    -0.009
7.639    -337.363    -0.009
7.654    -337.863    -0.009
7.667    -338.362    -0.009
7.682    -338.862    -0.009
7.697    -339.362    -0.009
7.711    -339.862    -0.009
7.725    -340.361    -0.009
7.740    -340.861    -0.009
7.754    -341.361    -0.009
7.769    -341.861    -0.009
7.782    -342.360    -0.009
7.797    -342.860    -0.009
7.811    -343.360    -0.009
7.826    -343.860    -0.009
7.839    -344.360    -0.009
7.854    -344.859    -0.009
7.868    -345.359    -0.009
7.882    -345.859    -0.009
7.896    -346.359    -0.009
7.910    -346.858    -0.009
7.925    -347.358    -0.009
7.938    -347.858    -0.010
7.953    -348.358    -0.010
7.967    -348.857    -0.010
7.982    -349.357    -0.010
7.995    -349.857    -0.010
8.010    -350.357    -0.010
8.024    -350.856    -0.010
8.038    -351.356    -0.010
8.052    -351.856    -0.010
8.066    -352.356    -0.010
8.080    -352.856    -0.010
8.095    -353.355    -0.010
8.108    -353.855    -0.010
8.123    -354.355    -0.010
8.137    -354.855    -0.010
8.152    -355.354    -0.010
8.165    -355.854    -0.010
8.180    -356.354    -0.010
8.194    -356.854    -0.010
8.208    -357.353    -0.010
8.222    -357.853    -0.010
8.236    -358.353    -0.010
8.250    -358.853    -0.010
8.265    -359.352    -0.010
8.278    -359.852    -0.010
8.292    -360.352    -0.010
8.307    -360.852    -0.010
8.321    -361.352    -0.010
8.334    -361.851    -0.010
8.349    -362.351    -0.010
8.363    -362.851    -0.010
8.377    -363.351    -0.010
8.391    -363.850    -0.010
8.405    -364.350    -0.010
8.419    -364.850    -0.010
8.434    -365.350    -0.011
8.447    -365.849    -0.011
8.461    -366.349    -0.011
8.476    -366.849    -0.011
8.489    -367.349    -0.011
8.503    -367.849    -0.011
8.518    -368.348    -0.011
8.532    -368.848    -0.011
8.545    -369.348    -0.011
8.560    -369.848    -0.011
8.574    -370.347    -0.011
8.588    -370.847    -0.011
8.602    -371.347    -0.011
8.616    -371.847    -0.011
8.631    -372.346    -0.011
8.645    -372.846    -0.011
8.658    -373.346    -0.011
8.673    -373.846    -0.011
8.687    -374.345    -0.011
8.702    -374.845    -0.011
8.715    -375.345    -0.011
8.730    -375.845    -0.011
8.744    -376.345    -0.011
8.759    -376.844    -0.011
8.772    -377.344    -0.011
8.786    -377.844    -0.011
8.801    -378.344    -0.011
8.815    -378.843    -0.011
8.828    -379.343    -0.011
8.843    -379.843    -0.011
8.857    -380.343    -0.011
8.871    -380.842    -0.011
8.885    -381.342    -0.011
8.899    -381.842    -0.011
8.913    -382.342    -0.012
8.928    -382.842    -0.012
8.941    -383.341    -0.012
8.955    -383.841    -0.012
8.970    -384.341    -0.012
8.984    -384.841    -0.012
8.997    -385.340    -0.012
9.012    -385.840    -0.012
9.026    -386.340    -0.012
9.040    -386.840    -0.012
9.054    -387.339    -0.012
9.068    -387.839    -0.012
9.082    -388.339    -0.012
9.097    -388.839    -0.012
9.110    -389.338    -0.012
9.124    -389.838    -0.012
9.139    -390.338    -0.012
9.152    -390.838    -0.012
9.166    -391.338    -0.012
9.181    -391.837    -0.012
9.195    -392.337    -0.012
9.209    -392.837    -0.012
9.223    -393.337    -0.012
9.238    -393.836    -0.012
9.252    -394.336    -0.012
9.266    -394.836    -0.012
9.280    -395.336    -0.012
9.294    -395.835    -0.012
9.309    -396.335    -0.012
9.322    -396.835    -0.012
9.336    -397.335    -0.012
9.351    -397.835    -0.012
9.365    -398.334    -0.012
9.378    -398.834    -0.013
9.393    -399.334    -0.013
9.407    -399.834    -0.013
9.421    -400.333    -0.013
9.435    -400.833    -0.013
9.449    -401.333    -0.013
9.463    -401.833    -0.013
9.478    -402.332    -0.013
9.491    -402.832    -0.013
9.505    -403.332    -0.013
9.520    -403.832    -0.013
9.534    -404.331    -0.013
9.547    -404.830    -0.013
9.562    -405.330    -0.013
9.576    -405.830    -0.013
9.590    -406.330    -0.013
9.604    -406.829    -0.013
9.618    -407.329    -0.013
9.632    -407.829    -0.013
9.647    -408.329    -0.013
9.660    -408.828    -0.013
9.674    -409.328    -0.013
9.689    -409.828    -0.013
9.702    -410.328    -0.013
9.716    -410.827    -0.013
9.731    -411.327    -0.013
9.745    -411.827    -0.013
9.758    -412.327    -0.013
9.773    -412.827    -0.013
9.787    -413.326    -0.013
9.802    -413.826    -0.013
9.815    -414.326    -0.014
9.830    -414.826    -0.014
9.844    -415.325    -0.014
9.859    -415.825    -0.014
9.872    -416.325    -0.014
9.886    -416.825    -0.014
9.901    -417.324    -0.014
9.915    -417.824    -0.014
9.928    -418.324    -0.014
9.943    -418.824    -0.014
9.957    -419.324    -0.014
9.971    -419.823    -0.014
9.985    -420.323    -0.014
9.999    -420.823    -0.014
10.014    -421.323    -0.014
10.028    -421.822    -0.014
10.041    -422.322    -0.014
10.056    -422.822    -0.014
10.070    -423.322    -0.014
10.084    -423.821    -0.014
10.098    -424.321    -0.014
10.112    -424.821    -0.014
10.126    -425.321    -0.014
10.141    -425.820    -0.014
10.154    -426.320    -0.014
10.168    -426.820    -0.014
10.183    -427.320    -0.014
10.196    -427.820    -0.014
10.208    -428.319    -0.014
10.221    -428.819    -0.014
10.234    -429.319    -0.015
10.247    -429.819    -0.015
10.259    -430.319    -0.015
10.272    -430.818    -0.015
10.285    -431.318    -0.015
10.297    -431.818    -0.015
10.310    -432.318    -0.015
10.323    -432.818    -0.015
10.336    -433.317    -0.015
10.348    -433.817    -0.015
10.358    -434.317    -0.015
10.368    -434.817    -0.015
10.378    -435.317    -0.015
10.387    -435.817    -0.015
10.398    -436.316    -0.015
10.408    -436.816    -0.015
10.414    -437.316    -0.015
10.417    -437.816    -0.015
10.420    -438.316    -0.015
10.424    -438.816    -0.015
10.428    -439.316    -0.015
10.431    -439.816    -0.015
10.443    -440.316    -0.015
10.466    -440.916    -0.015
10.482    -441.315    -0.015
10.505    -441.915    -0.015
10.523    -442.415    -0.015
10.535    -442.814    -0.015
10.541    -443.314    -0.015
10.546    -443.813    -0.015
10.552    -444.313    -0.016
10.558    -444.813    -0.016
10.564    -445.313    -0.016
10.569    -445.813    -0.016
10.573    -446.313    -0.016
10.579    -446.813    -0.016
10.584    -447.313    -0.016
10.588    -447.813    -0.016
10.593    -448.313    -0.016
10.599    -448.813    -0.016
10.604    -449.313    -0.016
10.608    -449.813    -0.016
10.614    -450.313    -0.016
10.619    -450.813    -0.016
10.624    -451.313    -0.016
10.628    -451.813    -0.016
10.634    -452.313    -0.016
10.639    -452.813    -0.016
10.644    -453.313    -0.016
10.649    -453.813    -0.016
10.654    -454.312    -0.016
10.659    -454.812    -0.016
10.664    -455.312    -0.016
10.669    -455.812    -0.016
10.674    -456.312    -0.016
10.679    -456.812    -0.016
10.684    -457.312    -0.016
10.689    -457.812    -0.016
10.694    -458.312    -0.017
10.699    -458.812    -0.017
10.704    -459.312    -0.017
10.709    -459.812    -0.017
10.714    -460.312    -0.017
10.719    -460.812    -0.017
10.724    -461.312    -0.017
10.729    -461.812    -0.017
10.734    -462.312    -0.017
10.739    -462.812    -0.017
10.744    -463.312    -0.017
10.749    -463.812    -0.017
10.754    -464.312    -0.017
10.760    -464.812    -0.017
10.764    -465.311    -0.017
10.769    -465.811    -0.017
10.774    -466.311    -0.017
10.780    -466.811    -0.017
10.784    -467.310    -0.017
10.789    -467.810    -0.017
10.795    -468.310    -0.017
10.800    -468.810    -0.017
10.804    -469.310    -0.017
10.809    -469.810    -0.017
10.815    -470.310    -0.017
10.820    -470.810    -0.017
10.824    -471.310    -0.017
10.831    -471.810    -0.018
10.839    -472.310    -0.018
10.846    -472.810    -0.018
10.853    -473.310    -0.018
10.860    -473.810    -0.018
10.868    -474.310    -0.018
10.875    -474.810    -0.018
10.881    -475.310    -0.018
10.889    -475.810    -0.018
10.896    -476.310    -0.018
10.903    -476.810    -0.018
10.910    -477.309    -0.018
10.917    -477.809    -0.018
10.924    -478.309    -0.018
10.931    -478.809    -0.018
10.938    -479.309    -0.018
10.945    -479.809    -0.018
10.952    -480.309    -0.018
10.960    -480.809    -0.018
10.966    -481.309    -0.018
10.973    -481.808    -0.018
10.981    -482.308    -0.018
10.988    -482.808    -0.018
10.994    -483.308    -0.018
11.002    -483.808    -0.018
11.009    -484.308    -0.018
11.017    -484.807    -0.018
11.023    -485.307    -0.019
11.031    -485.807    -0.019
11.037    -486.307    -0.019
11.043    -486.807    -0.019
11.048    -487.307    -0.019
11.054    -487.807    -0.019
11.060    -488.307    -0.019
11.066    -488.807    -0.019
11.071    -489.307    -0.019
11.077    -489.807    -0.019
11.083    -490.307    -0.019
11.089    -490.807    -0.019
11.094    -491.307    -0.019
11.100    -491.807    -0.019
11.107    -492.307    -0.019
11.112    -492.807    -0.019
11.118    -493.307    -0.019
11.124    -493.807    -0.019
11.130    -494.307    -0.019
11.135    -494.807    -0.019
11.141    -495.307    -0.019
11.147    -495.807    -0.019
11.153    -496.307    -0.019
11.158    -496.807    -0.019
11.164    -497.306    -0.019
11.170    -497.805    -0.019
11.176    -498.305    -0.020
11.181    -498.805    -0.020
11.188    -499.305    -0.020
11.194    -499.805    -0.020
11.200    -500.305    -0.020
11.205    -500.805    -0.020
11.212    -501.305    -0.020
11.218    -501.805    -0.020
11.224    -502.305    -0.020
11.229    -502.805    -0.020
11.235    -503.305    -0.020
11.241    -503.805    -0.020
11.247    -504.305    -0.020
11.253    -504.805    -0.020
11.259    -505.305    -0.020
11.265    -505.805    -0.020
11.275    -506.305    -0.020
11.284    -506.805    -0.020
11.294    -507.304    -0.020
11.304    -507.804    -0.020
11.314    -508.304    -0.020
11.323    -508.804    -0.020
11.332    -509.304    -0.020
11.342    -509.804    -0.020
11.352    -510.304    -0.020
11.361    -510.803    -0.021
11.371    -511.303    -0.021
11.381    -511.803    -0.021
11.391    -512.303    -0.021
11.400    -512.803    -0.021
11.410    -513.303    -0.021
11.420    -513.803    -0.021
11.430    -514.303    -0.021
11.439    -514.802    -0.021
11.442    -515.302    -0.021
11.444    -515.803    -0.021
11.446    -516.303    -0.021
11.447    -516.802    -0.021
11.449    -517.302    -0.021
11.452    -517.802    -0.021
11.454    -518.302    -0.021
11.455    -518.802    -0.021
11.458    -519.302    -0.021
11.460    -519.802    -0.021
11.462    -520.302    -0.021
11.464    -520.802    -0.021
11.463    -521.302    -0.021
11.460    -521.801    -0.021
11.455    -522.302    -0.021
11.452    -522.802    -0.022
11.449    -523.302    -0.022
11.445    -523.801    -0.022
11.441    -524.301    -0.022
11.438    -524.801    -0.022
11.434    -525.302    -0.022
11.431    -525.801    -0.022
11.427    -526.301    -0.022
11.423    -526.801    -0.022
11.420    -527.301    -0.022
11.417    -527.802    -0.022
11.412    -528.301    -0.022
11.409    -528.801    -0.022
11.406    -529.301    -0.022
11.402    -529.801    -0.022
11.398    -530.300    -0.022
11.395    -530.801    -0.022
11.391    -531.301    -0.022
11.388    -531.801    -0.022
11.383    -532.300    -0.022
11.380    -532.800    -0.022
11.374    -533.201    -0.022
11.364    -533.700    -0.022
11.355    -534.200    -0.022
11.346    -534.701    -0.022
11.337    -535.200    -0.023
11.328    -535.700    -0.023
11.319    -536.199    -0.023
11.310    -536.700    -0.023
11.300    -537.199    -0.023
11.291    -537.699    -0.023
11.283    -538.199    -0.023
11.274    -538.699    -0.023
11.264    -539.199    -0.023
11.255    -539.699    -0.023
11.246    -540.199    -0.023
11.237    -540.698    -0.023
11.228    -541.199    -0.023
11.219    -541.698    -0.023
11.210    -542.198    -0.023
11.201    -542.699    -0.023
11.191    -543.198    -0.023
11.180    -543.698    -0.023
11.167    -544.198    -0.023
11.155    -544.697    -0.023
11.141    -545.197    -0.023
11.129    -545.697    -0.023
11.116    -546.197    -0.023
11.104    -546.697    -0.024
11.090    -547.196    -0.024
11.078    -547.696    -0.024
11.065    -548.196    -0.024
11.053    -548.696    -0.024
11.039    -549.196    -0.024
11.027    -549.695    -0.024
11.014    -550.195    -0.024
11.001    -550.695    -0.024
10.988    -551.195    -0.024
10.976    -551.695    -0.024
10.963    -552.194    -0.024
10.950    -552.694    -0.024
10.938    -553.194    -0.024
10.925    -553.694    -0.024
10.913    -554.194    -0.024
10.900    -554.693    -0.024
10.887    -555.193    -0.024
10.871    -555.693    -0.024
10.853    -556.192    -0.024
10.834    -556.692    -0.024
10.816    -557.191    -0.024
10.798    -557.691    -0.024
10.779    -558.190    -0.025
10.761    -558.691    -0.025
10.743    -559.191    -0.025
10.725    -559.690    -0.025
10.706    -560.190    -0.025
10.688    -560.689    -0.025
10.671    -561.189    -0.025
10.653    -561.688    -0.025
10.634    -562.188    -0.025
10.616    -562.687    -0.025
10.598    -563.188    -0.025
10.580    -563.687    -0.025
10.562    -564.187    -0.025
10.544    -564.686    -0.025
10.526    -565.186    -0.025
10.508    -565.685    -0.025
10.489    -566.185    -0.025
10.471    -566.684    -0.025
10.453    -567.184    -0.025
10.434    -567.683    -0.025
10.416    -568.184    -0.025
10.398    -568.683    -0.025
10.380    -569.183    -0.025
10.361    -569.683    -0.026
10.338    -570.182    -0.026
10.312    -570.681    -0.026
10.285    -571.181    -0.026
10.257    -571.679    -0.026
10.230    -572.179    -0.026
10.203    -572.678    -0.026
10.175    -573.178    -0.026
10.148    -573.676    -0.026
10.121    -574.176    -0.026
10.094    -574.675    -0.026
10.066    -575.175    -0.026
10.039    -575.673    -0.026
10.012    -576.172    -0.026
9.985    -576.672    -0.026
9.957    -577.171    -0.026
9.930    -577.670    -0.026
9.903    -578.169    -0.026
9.874    -578.669    -0.026
9.847    -579.167    -0.026
9.821    -579.667    -0.026
9.794    -580.166    -0.026
9.766    -580.666    -0.027
9.739    -581.164    -0.027
9.712    -581.664    -0.027
9.684    -582.163    -0.027
9.657    -582.663    -0.027
9.630    -583.161    -0.027
9.607    -583.561    -0.027
9.573    -584.060    -0.027
9.538    -584.559    -0.027
9.503    -585.057    -0.027
9.468    -585.556    -0.027
9.434    -586.055    -0.027
9.399    -586.553    -0.027
9.364    -587.052    -0.027
9.329    -587.551    -0.027
9.294    -588.049    -0.027
9.259    -588.548    -0.027
9.224    -589.047    -0.027
9.189    -589.546    -0.027
9.155    -590.045    -0.027
9.119    -590.543    -0.027
9.085    -591.042    -0.027
9.050    -591.541    -0.028
9.015    -592.040    -0.028
8.980    -592.538    -0.028
8.946    -593.037    -0.028
8.910    -593.535    -0.028
8.875    -594.034    -0.028
8.841    -594.533    -0.028
8.806    -595.032    -0.028
8.770    -595.531    -0.028
8.736    -596.030    -0.028
8.702    -596.528    -0.028
8.666    -597.027    -0.028
8.632    -597.526    -0.028
8.592    -598.024    -0.028
8.547    -598.522    -0.028
8.502    -599.020    -0.028
8.458    -599.518    -0.028
8.413    -600.016    -0.028
8.368    -600.513    -0.028
8.324    -601.012    -0.028
8.280    -601.510    -0.028
8.234    -602.008    -0.029
8.190    -602.506    -0.029
8.146    -603.004    -0.029
8.101    -603.501    -0.029
8.057    -603.999    -0.029
8.013    -604.498    -0.029
7.968    -604.996    -0.029
7.923    -605.494    -0.029
7.879    -605.992    -0.029
7.835    -606.489    -0.029
7.790    -606.987    -0.029
7.745    -607.485    -0.029
7.701    -607.984    -0.029
7.656    -608.482    -0.029
7.611    -608.979    -0.029
7.567    -609.477    -0.029
7.522    -609.975    -0.029
7.478    -610.473    -0.029
7.433    -610.971    -0.029
7.389    -611.470    -0.029
7.344    -611.967    -0.029
7.308    -612.366    -0.029
7.248    -612.862    -0.030
7.190    -613.359    -0.030
7.131    -613.855    -0.030
7.071    -614.352    -0.030
7.013    -614.848    -0.030
6.953    -615.345    -0.030
6.894    -615.841    -0.030
6.836    -616.338    -0.030
6.776    -616.834    -0.030
6.717    -617.331    -0.030
6.659    -617.827    -0.030
6.599    -618.323    -0.030
6.540    -618.820    -0.030
6.482    -619.316    -0.030
6.422    -619.813    -0.030
6.363    -620.308    -0.030
6.305    -620.805    -0.030
6.245    -621.301    -0.030
6.186    -621.798    -0.030
6.128    -622.294    -0.030
6.068    -622.791    -0.031
6.009    -623.287    -0.031
5.951    -623.784    -0.031
5.891    -624.280    -0.031
5.832    -624.777    -0.031
5.773    -625.273    -0.031
5.710    -625.770    -0.031
5.642    -626.265    -0.031
5.572    -626.760    -0.031
5.504    -627.255    -0.031
5.436    -627.751    -0.031
5.367    -628.245    -0.031
5.299    -628.741    -0.031
5.229    -629.236    -0.031
5.161    -629.732    -0.031
5.093    -630.226    -0.031
5.023    -630.722    -0.031
4.955    -631.217    -0.031
4.887    -631.712    -0.031
4.818    -632.207    -0.031
4.749    -632.703    -0.031
4.680    -633.197    -0.032
4.612    -633.693    -0.032
4.544    -634.188    -0.032
4.478    -634.685    -0.032
4.418    -635.180    -0.032
4.357    -635.677    -0.032
4.295    -636.173    -0.032
4.234    -636.669    -0.032
4.173    -637.165    -0.032
4.112    -637.662    -0.032
4.051    -638.157    -0.032
3.989    -638.654    -0.032
3.928    -639.150    -0.032
3.878    -639.547    -0.032
3.780    -640.139    -0.032
3.715    -640.534    -0.032
3.616    -641.125    -0.032
3.551    -641.520    -0.032
3.469    -642.013    -0.032
3.387    -642.506    -0.032
3.289    -643.098    -0.033
3.223    -643.493    -0.033
3.125    -644.084    -0.033
3.059    -644.479    -0.033
2.977    -644.972    -0.033
2.895    -645.465    -0.033
2.813    -645.958    -0.033
2.731    -646.452    -0.033
2.649    -646.945    -0.033
2.568    -647.438    -0.033
2.469    -648.029    -0.033
2.404    -648.424    -0.033
2.321    -648.918    -0.033
2.240    -649.411    -0.033
2.157    -649.904    -0.033
2.059    -650.495    -0.033
1.990    -650.890    -0.033
1.898    -651.381    -0.033
1.807    -651.873    -0.033
1.714    -652.364    -0.033
1.623    -652.855    -0.034
1.531    -653.347    -0.034
1.440    -653.839    -0.034
1.347    -654.330    -0.034
1.256    -654.821    -0.034
1.164    -655.313    -0.034
1.073    -655.805    -0.034
0.981    -656.296    -0.034
0.889    -656.787    -0.034
0.797    -657.278    -0.034
0.706    -657.771    -0.034
0.613    -658.262    -0.034
0.522    -658.753    -0.034
0.431    -659.244    -0.034
0.339    -659.737    -0.034
0.247    -660.228    -0.034
0.155    -660.719    -0.034
0.076    -661.111    -0.034
-0.051    -661.697    -0.034
-0.136    -662.088    -0.034
-0.263    -662.674    -0.035
-0.348    -663.065    -0.035
-0.475    -663.652    -0.035
-0.560    -664.043    -0.035
-0.687    -664.629    -0.035
-0.772    -665.020    -0.035
-0.899    -665.606    -0.035
-1.006    -666.095    -0.035
-1.091    -666.486    -0.035
-1.218    -667.072    -0.035
-1.324    -667.560    -0.035
-1.409    -667.951    -0.035
-1.537    -668.537    -0.035
-1.621    -668.929    -0.035
-1.749    -669.515    -0.035
-1.833    -669.906    -0.035
-1.963    -670.491    -0.035
-2.050    -670.882    -0.035
-2.157    -671.370    -0.035
-2.265    -671.858    -0.035
-2.373    -672.347    -0.036
-2.481    -672.835    -0.036
-2.588    -673.323    -0.036
-2.697    -673.811    -0.036
-2.804    -674.299    -0.036
-2.912    -674.787    -0.036
-3.021    -675.276    -0.036
-3.128    -675.763    -0.036
-3.245    -676.250    -0.036
-3.367    -676.734    -0.036
-3.491    -677.219    -0.036
-3.614    -677.704    -0.036
-3.736    -678.188    -0.036
-3.859    -678.673    -0.036
-3.982    -679.158    -0.036
-4.104    -679.642    -0.036
-4.227    -680.127    -0.036
-4.349    -680.612    -0.036
-4.473    -681.096    -0.036
-4.591    -681.582    -0.037
-4.704    -682.069    -0.037
-4.819    -682.555    -0.037
-4.933    -683.042    -0.037
-5.049    -683.529    -0.037
-5.154    -683.914    -0.037
-5.286    -684.397    -0.037
-5.417    -684.879    -0.037
-5.576    -685.458    -0.037
-5.682    -685.843    -0.037
-5.814    -686.325    -0.037
-5.972    -686.904    -0.037
-6.104    -687.386    -0.037
-6.210    -687.773    -0.037
-6.341    -688.255    -0.037
-6.473    -688.737    -0.037
-6.605    -689.220    -0.037
-6.737    -689.702    -0.037
-6.869    -690.184    -0.037
-7.001    -690.666    -0.038
-7.133    -691.148    -0.038
-7.265    -691.631    -0.038
-7.397    -692.113    -0.038
-7.529    -692.595    -0.038
-7.661    -693.077    -0.038
-7.793    -693.559    -0.038
-7.925    -694.042    -0.038
-8.056    -694.524    -0.038
-8.188    -695.006    -0.038
-8.321    -695.488    -0.038
-8.452    -695.970    -0.038
-8.584    -696.453    -0.038
-8.716    -696.935    -0.038
-8.849    -697.417    -0.038
-8.989    -697.896    -0.038
-9.138    -698.374    -0.038
-9.286    -698.851    -0.038
-9.434    -699.329    -0.038
-9.583    -699.807    -0.039
-9.730    -700.284    -0.039
-9.879    -700.762    -0.039
-10.027    -701.239    -0.039
-10.176    -701.717    -0.039
-10.324    -702.194    -0.039
-10.472    -702.671    -0.039
-10.620    -703.149    -0.039
-10.768    -703.626    -0.039
-10.917    -704.104    -0.039
-11.065    -704.581    -0.039
-11.212    -705.059    -0.039
-11.361    -705.537    -0.039
-11.509    -706.014    -0.039
-11.658    -706.492    -0.039
-11.806    -706.969    -0.039
-11.954    -707.447    -0.039
-12.102    -707.923    -0.039
-12.250    -708.401    -0.039
-12.399    -708.879    -0.040
-12.547    -709.356    -0.040
-12.696    -709.834    -0.040
-12.843    -710.311    -0.040
-12.965    -710.692    -0.040
-13.125    -711.166    -0.040
-13.285    -711.640    -0.040
-13.445    -712.114    -0.040
-13.605    -712.587    -0.040
-13.764    -713.060    -0.040
-13.924    -713.534    -0.040
-14.084    -714.008    -0.040
-14.244    -714.482    -0.040
-14.403    -714.956    -0.040
-14.564    -715.430    -0.040
-14.730    -715.901    -0.040
-14.898    -716.372    -0.040
-15.066    -716.843    -0.040
-15.233    -717.314    -0.040
-15.401    -717.785    -0.041
-15.569    -718.256    -0.041
-15.736    -718.727    -0.041
-15.903    -719.198    -0.041
-16.071    -719.669    -0.041
-16.238    -720.140    -0.041
-16.406    -720.611    -0.041
-16.574    -721.082    -0.041
-16.741    -721.553    -0.041
-16.909    -722.024    -0.041
-17.047    -722.399    -0.041
-17.224    -722.867    -0.041
-17.437    -723.428    -0.041
-17.579    -723.802    -0.041
-17.792    -724.362    -0.041
-17.935    -724.737    -0.041
-18.147    -725.297    -0.041
-18.290    -725.671    -0.041
-18.502    -726.232    -0.041
-18.645    -726.606    -0.042
-18.858    -727.167    -0.042
-19.000    -727.540    -0.042
-19.213    -728.101    -0.042
-19.355    -728.476    -0.042
-19.568    -729.036    -0.042
-19.710    -729.410    -0.042
-19.888    -729.878    -0.042
-20.075    -730.341    -0.042
-20.263    -730.804    -0.042
-20.453    -731.267    -0.042
-20.641    -731.731    -0.042
-20.829    -732.193    -0.042
-21.017    -732.657    -0.042
-21.205    -733.120    -0.042
-21.393    -733.583    -0.042
-21.583    -734.046    -0.042
-21.771    -734.509    -0.042
-21.959    -734.972    -0.043
-22.147    -735.435    -0.043
-22.335    -735.898    -0.043
-22.523    -736.362    -0.043
-22.719    -736.823    -0.043
-22.913    -737.283    -0.043
-23.107    -737.744    -0.043
-23.302    -738.205    -0.043
-23.496    -738.664    -0.043
-23.691    -739.125    -0.043
-23.886    -739.585    -0.043
-24.080    -740.046    -0.043
-24.274    -740.507    -0.043
-24.470    -740.967    -0.043
-24.664    -741.428    -0.043
-24.858    -741.889    -0.043
-25.053    -742.348    -0.043
-25.210    -742.717    -0.043
-25.420    -743.170    -0.043
-25.630    -743.624    -0.044
-25.841    -744.077    -0.044
-26.051    -744.531    -0.044
-26.261    -744.984    -0.044
-26.471    -745.438    -0.044
-26.681    -745.892    -0.044
-26.892    -746.345    -0.044
-27.102    -746.799    -0.044
-27.312    -747.252    -0.044
-27.523    -747.707    -0.044
-27.733    -748.160    -0.044
-27.944    -748.614    -0.044
-28.154    -749.067    -0.044
-28.364    -749.521    -0.044
-28.575    -749.974    -0.044
-28.785    -750.428    -0.044
-28.996    -750.881    -0.044
-29.206    -751.335    -0.044
-29.416    -751.788    -0.045
-29.627    -752.242    -0.045
-29.837    -752.695    -0.045
-30.047    -753.149    -0.045
-30.266    -753.599    -0.045
-30.483    -754.048    -0.045
-30.702    -754.499    -0.045
-30.919    -754.949    -0.045
-31.138    -755.398    -0.045
-31.355    -755.848    -0.045
-31.574    -756.298    -0.045
-31.791    -756.749    -0.045
-32.009    -757.199    -0.045
-32.227    -757.648    -0.045
-32.445    -758.098    -0.045
-32.662    -758.548    -0.045
-32.881    -758.999    -0.045
-33.058    -759.357    -0.045
-33.284    -759.803    -0.045
-33.509    -760.250    -0.046
-33.734    -760.695    -0.046
-33.959    -761.141    -0.046
-34.185    -761.588    -0.046
-34.411    -762.034    -0.046
-34.636    -762.481    -0.046
-34.862    -762.927    -0.046
-35.086    -763.373    -0.046
-35.312    -763.820    -0.046
-35.537    -764.266    -0.046
-35.720    -764.621    -0.046
-35.964    -765.057    -0.046
-36.209    -765.494    -0.046
-36.453    -765.930    -0.046
-36.698    -766.366    -0.046
-36.943    -766.802    -0.046
-37.188    -767.237    -0.046
-37.433    -767.673    -0.046
-37.677    -768.109    -0.047
-37.922    -768.545    -0.047
-38.167    -768.981    -0.047
-38.413    -769.417    -0.047
-38.657    -769.852    -0.047
-38.949    -770.376    -0.047
-39.192    -770.814    -0.047
-39.386    -771.164    -0.047
-39.677    -771.689    -0.047
-39.871    -772.038    -0.047
-40.162    -772.563    -0.047
-40.404    -773.000    -0.047
-40.647    -773.438    -0.047
-40.889    -773.875    -0.047
-41.131    -774.311    -0.047
-41.325    -774.662    -0.047
-41.616    -775.186    -0.047
-41.859    -775.624    -0.047
-42.059    -775.971    -0.047
-42.313    -776.401    -0.048
-42.568    -776.831    -0.048
-42.823    -777.261    -0.048
-43.076    -777.692    -0.048
-43.331    -778.122    -0.048
-43.586    -778.552    -0.048
-43.840    -778.982    -0.048
-44.094    -779.413    -0.048
-44.349    -779.843    -0.048
-44.604    -780.273    -0.048
-44.858    -780.704    -0.048
-45.113    -781.134    -0.048
-45.368    -781.564    -0.048
-45.624    -781.993    -0.048
-45.882    -782.422    -0.048
-46.140    -782.850    -0.048
-46.398    -783.278    -0.048
-46.656    -783.706    -0.048
-46.914    -784.134    -0.049
-47.173    -784.562    -0.049
-47.431    -784.991    -0.049
-47.689    -785.419    -0.049
-47.947    -785.847    -0.049
-48.205    -786.275    -0.049
-48.412    -786.618    -0.049
-48.679    -787.040    -0.049
-48.947    -787.463    -0.049
-49.215    -787.884    -0.049
-49.483    -788.306    -0.049
-49.750    -788.729    -0.049
-50.019    -789.150    -0.049
-50.287    -789.573    -0.049
-50.555    -789.995    -0.049
-50.823    -790.416    -0.049
-51.091    -790.839    -0.049
-51.359    -791.260    -0.049
-51.633    -791.680    -0.049
-51.906    -792.098    -0.050
-52.179    -792.517    -0.050
-52.452    -792.935    -0.050
-52.725    -793.355    -0.050
-52.999    -793.773    -0.050
-53.272    -794.192    -0.050
-53.545    -794.610    -0.050
-53.818    -795.029    -0.050
-54.091    -795.448    -0.050
-54.365    -795.867    -0.050
-54.638    -796.285    -0.050
-54.864    -796.614    -0.050
-55.155    -797.021    -0.050
-55.446    -797.428    -0.050
-55.737    -797.835    -0.050
-56.027    -798.242    -0.050
-56.318    -798.648    -0.050
-56.608    -799.055    -0.050
-56.900    -799.462    -0.051
-57.190    -799.869    -0.051
-57.481    -800.276    -0.051
-57.771    -800.683    -0.051
-58.062    -801.089    -0.051
-58.408    -801.579    -0.051
-58.694    -801.989    -0.051
-58.921    -802.319    -0.051
-59.262    -802.812    -0.051
-59.548    -803.223    -0.051
-59.832    -803.634    -0.051
-60.117    -804.044    -0.051
-60.402    -804.455    -0.051
-60.687    -804.866    -0.051
-60.915    -805.195    -0.051
-61.256    -805.688    -0.051
-61.542    -806.099    -0.051
-61.826    -806.510    -0.051
-62.064    -806.832    -0.051
-62.364    -807.231    -0.052
-62.664    -807.631    -0.052
-62.965    -808.031    -0.052
-63.264    -808.431    -0.052
-63.564    -808.831    -0.052
-63.865    -809.230    -0.052
-64.164    -809.630    -0.052
-64.464    -810.031    -0.052
-64.765    -810.431    -0.052
-65.064    -810.831    -0.052
-65.364    -811.231    -0.052
-65.665    -811.630    -0.052
-65.964    -812.030    -0.052
-66.264    -812.430    -0.052
-66.565    -812.830    -0.052
-66.864    -813.231    -0.052
-67.169    -813.627    -0.052
-67.475    -814.022    -0.052
-67.782    -814.417    -0.053
-68.087    -814.813    -0.053
-68.333    -815.128    -0.053
-68.639    -815.524    -0.053
-68.945    -815.919    -0.053
-69.312    -816.393    -0.053
-69.619    -816.788    -0.053
-69.864    -817.104    -0.053
-70.232    -817.579    -0.053
-70.477    -817.894    -0.053
-70.783    -818.290    -0.053
-71.090    -818.685    -0.053
-71.457    -819.159    -0.053
-71.704    -819.473    -0.053
-72.020    -819.861    -0.053
-72.336    -820.248    -0.053
-72.652    -820.635    -0.053
-72.969    -821.023    -0.053
-73.285    -821.409    -0.053
-73.601    -821.797    -0.054
-73.918    -822.184    -0.054
-74.234    -822.571    -0.054
-74.550    -822.958    -0.054
-74.867    -823.346    -0.054
-75.183    -823.732    -0.054
-75.501    -824.119    -0.054
-75.762    -824.422    -0.054
-76.152    -824.877    -0.054
-76.413    -825.180    -0.054
-76.740    -825.559    -0.054
-77.066    -825.938    -0.054
-77.392    -826.316    -0.054
-77.777    -826.777    -0.054
-78.096    -827.161    -0.054
-78.416    -827.546    -0.054
-78.735    -827.930    -0.054
-79.055    -828.315    -0.054
-79.374    -828.700    -0.054
-79.693    -829.084    -0.055
-80.012    -829.470    -0.055
-80.331    -829.854    -0.055
-80.650    -830.239    -0.055
-80.969    -830.624    -0.055
-81.288    -831.009    -0.055
-81.500    -831.222    -0.055
-81.856    -831.572    -0.055
-82.263    -832.013    -0.055
-82.590    -832.391    -0.055
-82.918    -832.769    -0.055
-83.246    -833.146    -0.055
-83.573    -833.524    -0.055
-83.901    -833.902    -0.055
-84.228    -834.280    -0.055
-84.565    -834.650    -0.055
-84.900    -835.021    -0.055
-85.236    -835.391    -0.055
-85.572    -835.760    -0.055
-85.908    -836.130    -0.056
-86.240    -836.504    -0.056
-86.572    -836.879    -0.056
-86.903    -837.253    -0.056
-87.235    -837.627    -0.056
-87.566    -838.001    -0.056
-87.908    -838.367    -0.056
-88.249    -838.732    -0.056
-88.591    -839.097    -0.056
-88.932    -839.462    -0.056
-89.206    -839.754    -0.056
-89.552    -840.114    -0.056
-89.900    -840.474    -0.056
-90.247    -840.833    -0.056
-90.595    -841.193    -0.056
-90.942    -841.553    -0.056
-91.284    -841.917    -0.056
-91.627    -842.281    -0.056
-91.969    -842.645    -0.056
-92.380    -843.082    -0.057
-92.654    -843.373    -0.057
-93.002    -843.733    -0.057
-93.350    -844.092    -0.057
-93.699    -844.450    -0.057
-94.048    -844.808    -0.057
-94.396    -845.167    -0.057
-94.748    -845.521    -0.057
-95.101    -845.876    -0.057
-95.453    -846.232    -0.057
-95.805    -846.586    -0.057
-96.157    -846.941    -0.057
-96.509    -847.296    -0.057
-96.862    -847.650    -0.057
-97.214    -848.004    -0.057
-97.567    -848.359    -0.057
-97.920    -848.713    -0.057
-98.273    -849.067    -0.057
-98.625    -849.422    -0.057
-98.978    -849.776    -0.058
-99.335    -850.126    -0.058
-99.696    -850.472    -0.058
-100.057    -850.819    -0.058
-100.345    -851.096    -0.058
-100.779    -851.511    -0.058
-101.139    -851.857    -0.058
-101.427    -852.134    -0.058
-101.859    -852.550    -0.058
-102.219    -852.897    -0.058
-102.579    -853.244    -0.058
-102.939    -853.591    -0.058
-103.299    -853.937    -0.058
-103.660    -854.285    -0.058
-103.948    -854.563    -0.058
-104.309    -854.907    -0.058
-104.675    -855.249    -0.058
-105.039    -855.592    -0.058
-105.404    -855.933    -0.058
-105.768    -856.276    -0.059
-106.133    -856.618    -0.059
-106.501    -856.956    -0.059
-106.868    -857.295    -0.059
-107.236    -857.634    -0.059
-107.604    -857.972    -0.059
-107.971    -858.311    -0.059
-108.339    -858.649    -0.059
-108.711    -858.984    -0.059
-109.082    -859.319    -0.059
-109.453    -859.654    -0.059
-109.825    -859.988    -0.059
-110.196    -860.323    -0.059
-110.568    -860.658    -0.059
-110.943    -860.988    -0.059
-111.246    -861.250    -0.059
-111.624    -861.576    -0.059
-112.004    -861.903    -0.059
-112.458    -862.294    -0.059
-112.760    -862.555    -0.059
-113.139    -862.881    -0.060
-113.594    -863.273    -0.060
-113.897    -863.534    -0.060
-114.275    -863.860    -0.060
-114.655    -864.187    -0.060
-115.108    -864.579    -0.060
-115.411    -864.840    -0.060
-115.790    -865.166    -0.060
-116.169    -865.493    -0.060
-116.623    -865.885    -0.060
-116.926    -866.146    -0.060
-117.381    -866.538    -0.060
-117.684    -866.799    -0.060
-118.138    -867.191    -0.060
-118.441    -867.452    -0.060
-118.820    -867.778    -0.060
-119.274    -868.170    -0.060
-119.577    -868.431    -0.060
-120.032    -868.822    -0.060
-120.335    -869.084    -0.061
-120.788    -869.475    -0.061
-121.091    -869.737    -0.061
-121.473    -870.060    -0.061
-121.865    -870.371    -0.061
-122.255    -870.682    -0.061
-122.647    -870.993    -0.061
-123.038    -871.305    -0.061
-123.430    -871.616    -0.061
-123.820    -871.927    -0.061
-124.212    -872.238    -0.061
-124.604    -872.550    -0.061
-124.995    -872.861    -0.061
-125.387    -873.171    -0.061
-125.777    -873.482    -0.061
-126.169    -873.794    -0.061
-126.560    -874.105    -0.061
-126.952    -874.416    -0.061
-127.342    -874.727    -0.061
-127.734    -875.039    -0.061
-128.125    -875.350    -0.062
-128.518    -875.660    -0.062
-128.833    -875.907    -0.062
-129.305    -876.276    -0.062
-129.699    -876.584    -0.062
-130.015    -876.831    -0.062
-130.487    -877.200    -0.062
-130.881    -877.508    -0.062
-131.196    -877.754    -0.062
-131.589    -878.062    -0.062
-131.983    -878.370    -0.062
-132.377    -878.678    -0.062
-132.849    -879.049    -0.062
-133.168    -879.290    -0.062
-133.568    -879.589    -0.062
-133.969    -879.888    -0.062
-134.371    -880.187    -0.062
-134.771    -880.486    -0.062
-135.172    -880.785    -0.062
-135.572    -881.084    -0.062
-135.973    -881.383    -0.063
-136.374    -881.682    -0.063
-136.774    -881.981    -0.063
-137.175    -882.281    -0.063
-137.575    -882.579    -0.063
-137.976    -882.879    -0.063
-138.377    -883.176    -0.063
-138.705    -883.406    -0.063
-139.114    -883.693    -0.063
-139.524    -883.979    -0.063
-139.934    -884.266    -0.063
-140.343    -884.553    -0.063
-140.752    -884.839    -0.063
-141.163    -885.126    -0.063
-141.572    -885.413    -0.063
-141.982    -885.699    -0.063
-142.392    -885.986    -0.063
-142.801    -886.273    -0.063
-143.211    -886.559    -0.063
-143.620    -886.846    -0.063
-144.030    -887.133    -0.064
-144.440    -887.419    -0.064
-144.849    -887.706    -0.064
-145.258    -887.993    -0.064
-145.670    -888.278    -0.064
-146.085    -888.554    -0.064
-146.502    -888.832    -0.064
-146.918    -889.109    -0.064
-147.334    -889.386    -0.064
-147.751    -889.664    -0.064
-148.166    -889.941    -0.064
-148.582    -890.218    -0.064
-148.998    -890.495    -0.064
-149.414    -890.772    -0.064
-149.830    -891.050    -0.064
-150.246    -891.327    -0.064
-150.662    -891.605    -0.064
-151.079    -891.879    -0.064
-151.499    -892.151    -0.064
-151.919    -892.423    -0.064
-152.338    -892.695    -0.064
-152.758    -892.968    -0.065
-153.177    -893.240    -0.065
-153.596    -893.512    -0.065
-154.016    -893.784    -0.065
-154.353    -894.000    -0.065
-154.776    -894.267    -0.065
-155.282    -894.588    -0.065
-155.705    -894.855    -0.065
-156.128    -895.122    -0.065
-156.466    -895.335    -0.065
-156.889    -895.602    -0.065
-157.312    -895.869    -0.065
-157.734    -896.136    -0.065
-158.157    -896.403    -0.065
-158.580    -896.669    -0.065
-159.003    -896.936    -0.065
-159.426    -897.203    -0.065
-159.848    -897.470    -0.065
-160.273    -897.732    -0.065
-160.701    -897.992    -0.065
-161.128    -898.251    -0.065
-161.556    -898.510    -0.066
-161.983    -898.770    -0.066
-162.411    -899.029    -0.066
-162.838    -899.288    -0.066
-163.265    -899.548    -0.066
-163.693    -899.807    -0.066
-164.120    -900.066    -0.066
-164.548    -900.326    -0.066
-164.976    -900.583    -0.066
-165.406    -900.839    -0.066
-165.837    -901.094    -0.066
-166.267    -901.349    -0.066
-166.697    -901.604    -0.066
-167.126    -901.859    -0.066
-167.556    -902.114    -0.066
-167.986    -902.370    -0.066
-168.416    -902.625    -0.066
-168.846    -902.880    -0.066
-169.195    -903.077    -0.066
-169.630    -903.322    -0.066
-170.065    -903.569    -0.066
-170.501    -903.814    -0.067
-171.023    -904.109    -0.067
-171.371    -904.305    -0.067
-171.893    -904.601    -0.067
-172.242    -904.797    -0.067
-172.677    -905.042    -0.067
-173.112    -905.289    -0.067
-173.635    -905.584    -0.067
-173.983    -905.780    -0.067
-174.418    -906.026    -0.067
-174.854    -906.272    -0.067
-175.291    -906.515    -0.067
-175.733    -906.748    -0.067
-176.175    -906.982    -0.067
-176.617    -907.215    -0.067
-177.059    -907.449    -0.067
-177.501    -907.682    -0.067
-177.944    -907.916    -0.067
-178.385    -908.149    -0.067
-178.828    -908.382    -0.067
-179.269    -908.616    -0.067
-179.712    -908.849    -0.067
-180.154    -909.083    -0.068
-180.599    -909.310    -0.068
-181.045    -909.536    -0.068
-181.402    -909.716    -0.068
-181.938    -909.987    -0.068
-182.384    -910.213    -0.068
-182.829    -910.439    -0.068
-183.276    -910.664    -0.068
-183.722    -910.891    -0.068
-184.168    -911.116    -0.068
-184.525    -911.297    -0.068
-184.970    -911.523    -0.068
-185.506    -911.794    -0.068
-185.952    -912.020    -0.068
-186.398    -912.246    -0.068
-186.758    -912.420    -0.068
-187.209    -912.637    -0.068
-187.659    -912.854    -0.068
-188.110    -913.070    -0.068
-188.560    -913.288    -0.068
-189.011    -913.505    -0.068
-189.461    -913.722    -0.068
-189.912    -913.939    -0.069
-190.361    -914.156    -0.069
-190.811    -914.373    -0.069
-191.262    -914.590    -0.069
-191.712    -914.807    -0.069
-192.163    -915.024    -0.069
-192.613    -915.242    -0.069
-193.066    -915.454    -0.069
-193.519    -915.666    -0.069
-193.972    -915.877    -0.069
-194.425    -916.088    -0.069
-194.878    -916.299    -0.069
-195.331    -916.511    -0.069
-195.784    -916.722    -0.069
-196.237    -916.933    -0.069
-196.691    -917.145    -0.069
-197.144    -917.356    -0.069
-197.597    -917.567    -0.069
-198.050    -917.779    -0.069
-198.503    -917.990    -0.069
-198.956    -918.201    -0.069
-199.409    -918.413    -0.069
-199.773    -918.578    -0.069
-200.230    -918.782    -0.070
-200.778    -919.026    -0.070
-201.234    -919.230    -0.070
-201.691    -919.434    -0.070
-202.056    -919.596    -0.070
-202.513    -919.800    -0.070
-202.975    -919.990    -0.070
-203.440    -920.175    -0.070
-203.904    -920.360    -0.070
-204.369    -920.545    -0.070
-204.831    -920.735    -0.070
-205.292    -920.928    -0.070
-205.754    -921.120    -0.070
-206.215    -921.313    -0.070
-206.677    -921.505    -0.070
-207.138    -921.698    -0.070
-207.599    -921.891    -0.070
-208.061    -922.084    -0.070
-208.522    -922.277    -0.070
-208.983    -922.470    -0.070
-209.444    -922.661    -0.070
-209.906    -922.854    -0.070
-210.368    -923.047    -0.070
-210.828    -923.240    -0.071
-211.290    -923.433    -0.071
-211.751    -923.625    -0.071
-212.213    -923.818    -0.071
-212.673    -924.011    -0.071
-213.135    -924.203    -0.071
-213.505    -924.354    -0.071
-213.971    -924.537    -0.071
-214.436    -924.720    -0.071
-214.902    -924.903    -0.071
-215.367    -925.086    -0.071
-215.925    -925.305    -0.071
-216.297    -925.452    -0.071
-216.855    -925.671    -0.071
-217.321    -925.855    -0.071
-217.786    -926.038    -0.071
-218.252    -926.221    -0.071
-218.716    -926.404    -0.071
-219.182    -926.587    -0.071
-219.647    -926.770    -0.071
-220.113    -926.953    -0.071
-220.490    -927.086    -0.071
-220.961    -927.251    -0.071
-221.433    -927.417    -0.071
-221.905    -927.582    -0.072
-222.376    -927.747    -0.072
-222.849    -927.912    -0.072
-223.321    -928.078    -0.072
-223.792    -928.244    -0.072
-224.264    -928.409    -0.072
-224.736    -928.574    -0.072
-225.208    -928.739    -0.072
-225.680    -928.905    -0.072
-226.151    -929.070    -0.072
-226.623    -929.235    -0.072
-227.096    -929.400    -0.072
-227.567    -929.567    -0.072
-227.947    -929.692    -0.072
-228.421    -929.848    -0.072
-228.897    -930.004    -0.072
-229.372    -930.159    -0.072
-229.847    -930.315    -0.072
-230.322    -930.470    -0.072
-230.796    -930.627    -0.072
-231.272    -930.783    -0.072
-231.747    -930.938    -0.072
-232.222    -931.094    -0.072
-232.697    -931.250    -0.072
-233.173    -931.406    -0.072
-233.647    -931.562    -0.073
-234.123    -931.717    -0.073
-234.598    -931.873    -0.073
-235.072    -932.028    -0.073
-235.548    -932.185    -0.073
-236.023    -932.340    -0.073
-236.498    -932.496    -0.073
-236.973    -932.652    -0.073
-237.450    -932.801    -0.073
-237.928    -932.946    -0.073
-238.407    -933.089    -0.073
-238.886    -933.233    -0.073
-239.365    -933.377    -0.073
-239.843    -933.522    -0.073
-240.322    -933.666    -0.073
-240.801    -933.810    -0.073
-241.279    -933.954    -0.073
-241.759    -934.099    -0.073
-242.238    -934.242    -0.073
-242.716    -934.386    -0.073
-243.195    -934.531    -0.073
-243.674    -934.675    -0.073
-244.153    -934.819    -0.073
-244.631    -934.960    -0.073
-245.113    -935.097    -0.073
-245.594    -935.233    -0.073
-246.075    -935.369    -0.074
-246.556    -935.505    -0.074
-247.037    -935.641    -0.074
-247.518    -935.777    -0.074
-248.000    -935.914    -0.074
-248.481    -936.050    -0.074
-248.961    -936.185    -0.074
-249.442    -936.322    -0.074
-249.923    -936.458    -0.074
-250.404    -936.594    -0.074
-250.791    -936.698    -0.074
-251.275    -936.825    -0.074
-251.758    -936.950    -0.074
-252.242    -937.076    -0.074
-252.726    -937.202    -0.074
-253.210    -937.327    -0.074
-253.694    -937.453    -0.074
-254.178    -937.578    -0.074
-254.662    -937.705    -0.074
-255.146    -937.830    -0.074
-255.629    -937.955    -0.074
-256.113    -938.081    -0.074
-256.597    -938.207    -0.074
-257.082    -938.333    -0.074
-257.568    -938.449    -0.074
-258.055    -938.559    -0.074
-258.445    -938.648    -0.075
-259.030    -938.779    -0.075
-259.518    -938.890    -0.075
-259.908    -938.978    -0.075
-260.494    -939.110    -0.075
-260.981    -939.220    -0.075
-261.469    -939.331    -0.075
-261.859    -939.419    -0.075
-262.444    -939.551    -0.075
-262.932    -939.661    -0.075
-263.322    -939.749    -0.075
-263.908    -939.881    -0.075
-264.298    -939.968    -0.075
-264.786    -940.075    -0.075
-265.275    -940.180    -0.075
-265.763    -940.287    -0.075
-266.252    -940.393    -0.075
-266.741    -940.500    -0.075
-267.229    -940.605    -0.075
-267.718    -940.712    -0.075
-268.206    -940.818    -0.075
-268.695    -940.924    -0.075
-269.183    -941.030    -0.075
-269.671    -941.137    -0.075
-270.161    -941.239    -0.075
-270.652    -941.337    -0.075
-271.141    -941.435    -0.075
-271.632    -941.533    -0.075
-272.122    -941.631    -0.076
-272.612    -941.729    -0.076
-273.103    -941.827    -0.076
-273.592    -941.924    -0.076
-274.083    -942.023    -0.076
-274.573    -942.120    -0.076
-275.064    -942.218    -0.076
-275.554    -942.315    -0.076
-276.044    -942.414    -0.076
-276.437    -942.489    -0.076
-277.027    -942.595    -0.076
-277.519    -942.683    -0.076
-278.012    -942.771    -0.076
-278.406    -942.841    -0.076
-278.898    -942.930    -0.076
-279.390    -943.019    -0.076
-279.980    -943.124    -0.076
-280.473    -943.213    -0.076
-280.866    -943.283    -0.076
-281.358    -943.372    -0.076
-281.850    -943.460    -0.076
-282.441    -943.566    -0.076
-282.835    -943.637    -0.076
-283.328    -943.717    -0.076
-283.821    -943.799    -0.076
-284.315    -943.879    -0.076
-284.808    -943.961    -0.076
-285.301    -944.042    -0.076
-285.794    -944.123    -0.076
-286.288    -944.204    -0.077
-286.782    -944.285    -0.077
-287.275    -944.366    -0.077
-287.768    -944.448    -0.077
-288.261    -944.529    -0.077
-288.755    -944.602    -0.077
-289.251    -944.670    -0.077
-289.746    -944.738    -0.077
-290.242    -944.807    -0.077
-290.736    -944.875    -0.077
-291.232    -944.943    -0.077
-291.727    -945.012    -0.077
-292.223    -945.080    -0.077
-292.718    -945.148    -0.077
-293.213    -945.217    -0.077
-293.708    -945.285    -0.077
-294.204    -945.353    -0.077
-294.699    -945.422    -0.077
-295.194    -945.490    -0.077
-295.591    -945.544    -0.077
-296.086    -945.607    -0.077
-296.583    -945.671    -0.077
-297.079    -945.735    -0.077
-297.574    -945.798    -0.077
-298.169    -945.874    -0.077
-298.566    -945.925    -0.077
-299.062    -945.988    -0.077
-299.558    -946.052    -0.077
-300.153    -946.128    -0.077
-300.551    -946.172    -0.077
-301.048    -946.227    -0.077
-301.545    -946.282    -0.078
-302.041    -946.335    -0.078
-302.538    -946.390    -0.078
-303.035    -946.444    -0.078
-303.533    -946.498    -0.078
-304.030    -946.552    -0.078
-304.526    -946.607    -0.078
-304.925    -946.648    -0.078
-305.523    -946.696    -0.078
-306.021    -946.737    -0.078
-306.519    -946.778    -0.078
-306.917    -946.810    -0.078
-307.515    -946.858    -0.078
-308.014    -946.899    -0.078
-308.512    -946.939    -0.078
-309.011    -946.980    -0.078
-309.409    -947.012    -0.078
-309.907    -947.053    -0.078
-310.505    -947.101    -0.078
-311.004    -947.142    -0.078
-311.402    -947.174    -0.078
-312.000    -947.222    -0.078
-312.499    -947.263    -0.078
-312.997    -947.304    -0.078
-313.396    -947.336    -0.078
-313.994    -947.384    -0.078
-314.492    -947.425    -0.078
-314.891    -947.457    -0.078
-315.488    -947.505    -0.078
-315.987    -947.546    -0.078
-316.486    -947.587    -0.078
-316.984    -947.628    -0.078
-317.382    -947.660    -0.079
-317.880    -947.701    -0.079
-318.478    -947.749    -0.079
-318.878    -947.770    -0.079
-319.377    -947.794    -0.079
-319.877    -947.818    -0.079
-320.377    -947.840    -0.079
-320.875    -947.864    -0.079
-321.375    -947.887    -0.079
-321.874    -947.910    -0.079
-322.374    -947.933    -0.079
-322.873    -947.956    -0.079
-323.373    -947.980    -0.079
-323.872    -948.002    -0.079
-324.372    -948.026    -0.079
-324.871    -948.049    -0.079
-325.370    -948.073    -0.079
-325.870    -948.096    -0.079
-326.369    -948.119    -0.079
-326.869    -948.143    -0.079
-327.368    -948.166    -0.079
-327.868    -948.189    -0.079
-328.366    -948.212    -0.079
-328.866    -948.236    -0.079
-329.266    -948.248    -0.079
-329.766    -948.255    -0.079
-330.266    -948.262    -0.079
-330.766    -948.268    -0.079
-331.265    -948.275    -0.079
-331.765    -948.282    -0.079
-332.265    -948.289    -0.079
-332.765    -948.295    -0.079
-333.265    -948.301    -0.079
-333.765    -948.308    -0.079
-334.265    -948.315    -0.079
-334.765    -948.321    -0.079
-335.265    -948.328    -0.080
-335.765    -948.335    -0.080
-336.265    -948.342    -0.080
-336.765    -948.348    -0.080
-337.265    -948.355    -0.080
-337.765    -948.362    -0.080
-338.265    -948.369    -0.080
-338.765    -948.375    -0.080
-339.265    -948.382    -0.080
-339.764    -948.389    -0.080
-340.264    -948.396    -0.080
-340.764    -948.395    -0.080
-341.264    -948.388    -0.080
-341.764    -948.381    -0.080
-342.263    -948.374    -0.080
-342.764    -948.366    -0.080
-343.264    -948.359    -0.080
-343.763    -948.352    -0.080
-344.263    -948.345    -0.080
-344.764    -948.338    -0.080
-345.263    -948.331    -0.080
-345.763    -948.324    -0.080
-346.263    -948.317    -0.080
-346.763    -948.309    -0.080
-347.263    -948.302    -0.080
-347.762    -948.295    -0.080
-348.263    -948.287    -0.080
-348.763    -948.280    -0.080
-349.262    -948.273    -0.080
-349.762    -948.266    -0.080
-350.163    -948.259    -0.080
-350.662    -948.238    -0.080
-351.162    -948.217    -0.080
-351.660    -948.195    -0.080
-352.160    -948.174    -0.080
-352.660    -948.153    -0.080
-353.159    -948.132    -0.080
-353.659    -948.111    -0.080
-354.158    -948.090    -0.081
-354.658    -948.069    -0.081
-355.157    -948.048    -0.081
-355.657    -948.027    -0.081
-356.157    -948.008    -0.081
-356.656    -947.991    -0.081
-357.156    -947.973    -0.081
-357.655    -947.955    -0.081
-358.155    -947.928    -0.081
-358.654    -947.895    -0.081
-359.153    -947.862    -0.081
-359.651    -947.830    -0.081
-360.150    -947.798    -0.081
-360.649    -947.765    -0.081
-361.148    -947.733    -0.081
-361.647    -947.701    -0.081
-362.146    -947.668    -0.081
-362.645    -947.636    -0.081
-363.143    -947.604    -0.081
-363.642    -947.572    -0.081
-364.141    -947.539    -0.081
-364.640    -947.507    -0.081
-365.139    -947.475    -0.081
-365.639    -947.442    -0.081
-366.037    -947.410    -0.081
-366.535    -947.364    -0.081
-367.033    -947.317    -0.081
-367.530    -947.271    -0.081
-368.028    -947.225    -0.081
-368.526    -947.177    -0.081
-369.024    -947.131    -0.081
-369.522    -947.085    -0.081
-370.019    -947.038    -0.081
-370.517    -946.991    -0.081
-371.014    -946.945    -0.081
-371.513    -946.898    -0.081
-372.011    -946.852    -0.081
-372.508    -946.806    -0.081
-373.006    -946.758    -0.081
-373.503    -946.712    -0.081
-374.002    -946.666    -0.081
-374.500    -946.619    -0.081
-374.997    -946.572    -0.081
-375.495    -946.526    -0.081
-375.992    -946.480    -0.082
-376.491    -946.433    -0.082
-376.989    -946.387    -0.082
-377.486    -946.340    -0.082
-377.984    -946.293    -0.082
-378.481    -946.247    -0.082
-378.980    -946.201    -0.082
-379.478    -946.154    -0.082
-379.875    -946.111    -0.082
-380.370    -946.044    -0.082
-380.866    -945.978    -0.082
-381.362    -945.912    -0.082
-381.856    -945.845    -0.082
-382.352    -945.778    -0.082
-382.848    -945.711    -0.082
-383.343    -945.645    -0.082
-383.839    -945.579    -0.082
-384.335    -945.512    -0.082
-384.830    -945.446    -0.082
-385.326    -945.380    -0.082
-385.821    -945.313    -0.082
-386.316    -945.247    -0.082
-386.812    -945.180    -0.082
-387.308    -945.114    -0.082
-387.802    -945.042    -0.082
-388.296    -944.966    -0.082
-388.791    -944.891    -0.082
-389.285    -944.815    -0.082
-389.779    -944.740    -0.082
-390.274    -944.665    -0.082
-390.768    -944.589    -0.082
-391.262    -944.514    -0.082
-391.756    -944.438    -0.082
-392.250    -944.363    -0.082
-392.745    -944.288    -0.082
-393.239    -944.212    -0.082
-393.733    -944.137    -0.082
-394.228    -944.061    -0.082
-394.722    -943.986    -0.082
-395.216    -943.911    -0.082
-395.710    -943.836    -0.082
-396.204    -943.761    -0.082
-396.699    -943.685    -0.082
-397.193    -943.610    -0.082
-397.687    -943.535    -0.082
-398.182    -943.459    -0.082
-398.676    -943.382    -0.082
-399.069    -943.311    -0.082
-399.561    -943.222    -0.082
-400.053    -943.133    -0.082
-400.545    -943.044    -0.082
-401.037    -942.955    -0.083
-401.529    -942.867    -0.083
-402.021    -942.777    -0.083
-402.513    -942.689    -0.083
-403.005    -942.600    -0.083
-403.497    -942.511    -0.083
-403.989    -942.422    -0.083
-404.481    -942.334    -0.083
-404.973    -942.246    -0.083
-405.463    -942.144    -0.083
-405.952    -942.042    -0.083
-406.442    -941.941    -0.083
-406.931    -941.839    -0.083
-407.421    -941.738    -0.083
-407.910    -941.636    -0.083
-408.400    -941.535    -0.083
-408.889    -941.433    -0.083
-409.379    -941.331    -0.083
-409.867    -941.226    -0.083
-410.357    -941.122    -0.083
-410.845    -941.017    -0.083
-411.334    -940.913    -0.083
-411.824    -940.808    -0.083
-412.215    -940.724    -0.083
-412.703    -940.620    -0.083
-413.290    -940.494    -0.083
-413.779    -940.389    -0.083
-414.267    -940.284    -0.083
-414.658    -940.197    -0.083
-415.144    -940.080    -0.083
-415.630    -939.963    -0.083
-416.116    -939.847    -0.083
-416.603    -939.730    -0.083
-417.089    -939.614    -0.083
-417.574    -939.497    -0.083
-418.062    -939.383    -0.083
-418.549    -939.271    -0.083
-419.036    -939.157    -0.083
-419.523    -939.045    -0.083
-420.010    -938.932    -0.083
-420.497    -938.820    -0.083
-420.985    -938.707    -0.083
-421.471    -938.594    -0.083
-421.957    -938.477    -0.083
-422.442    -938.353    -0.083
-422.926    -938.230    -0.083
-423.411    -938.107    -0.083
-423.895    -937.983    -0.083
-424.380    -937.861    -0.083
-424.864    -937.737    -0.083
-425.349    -937.613    -0.083
-425.833    -937.490    -0.083
-426.318    -937.367    -0.083
-426.802    -937.243    -0.083
-427.285    -937.115    -0.083
-427.768    -936.987    -0.083
-428.253    -936.859    -0.083
-428.736    -936.732    -0.083
-429.219    -936.603    -0.083
-429.702    -936.475    -0.083
-430.186    -936.348    -0.083
-430.669    -936.220    -0.083
-431.152    -936.091    -0.083
-431.635    -935.964    -0.083
-432.119    -935.836    -0.083
-432.504    -935.727    -0.083
-432.984    -935.588    -0.084
-433.464    -935.448    -0.084
-433.944    -935.309    -0.084
-434.424    -935.169    -0.084
-434.904    -935.029    -0.084
-435.384    -934.890    -0.084
-435.865    -934.751    -0.084
-436.345    -934.611    -0.084
-436.824    -934.471    -0.084
-437.302    -934.324    -0.084
-437.780    -934.177    -0.084
-438.258    -934.030    -0.084
-438.735    -933.883    -0.084
-439.214    -933.735    -0.084
-439.692    -933.588    -0.084
-440.169    -933.442    -0.084
-440.647    -933.294    -0.084
-441.124    -933.146    -0.084
-441.602    -932.997    -0.084
-442.079    -932.848    -0.084
-442.556    -932.699    -0.084
-443.034    -932.550    -0.084
-443.510    -932.400    -0.084
-443.988    -932.251    -0.084
-444.370    -932.132    -0.084
-444.942    -931.952    -0.084
-445.420    -931.804    -0.084
-445.896    -931.655    -0.084
-446.277    -931.533    -0.084
-446.751    -931.372    -0.084
-447.224    -931.210    -0.084
-447.697    -931.048    -0.084
-448.170    -930.887    -0.084
-448.643    -930.725    -0.084
-449.116    -930.563    -0.084
-449.589    -930.401    -0.084
-450.062    -930.240    -0.084
-450.535    -930.078    -0.084
-451.009    -929.918    -0.084
-451.482    -929.756    -0.084
-451.955    -929.594    -0.084
-452.428    -929.433    -0.084
-452.902    -929.271    -0.084
-453.374    -929.109    -0.084
-453.846    -928.945    -0.084
-454.318    -928.780    -0.084
-454.790    -928.614    -0.084
-455.262    -928.449    -0.084
-455.734    -928.284    -0.084
-456.206    -928.119    -0.084
-456.678    -927.954    -0.084
-457.150    -927.789    -0.084
-457.622    -927.624    -0.084
-458.094    -927.460    -0.084
-458.566    -927.295    -0.084
-459.038    -927.130    -0.084
-459.510    -926.965    -0.084
-459.885    -926.826    -0.084
-460.352    -926.647    -0.084
-460.819    -926.469    -0.084
-461.286    -926.290    -0.084
-461.754    -926.112    -0.084
-462.219    -925.930    -0.084
-462.683    -925.746    -0.084
-463.149    -925.563    -0.084
-463.613    -925.379    -0.084
-464.079    -925.195    -0.084
-464.543    -925.011    -0.084
-465.008    -924.826    -0.084
-465.473    -924.643    -0.084
-465.938    -924.459    -0.084
-466.404    -924.275    -0.084
-466.868    -924.092    -0.084
-467.333    -923.908    -0.084
-467.798    -923.724    -0.084
-468.263    -923.541    -0.084
-468.728    -923.357    -0.084
-469.193    -923.173    -0.084
-469.657    -922.989    -0.084
-470.123    -922.805    -0.084
-470.583    -922.611    -0.084
-471.044    -922.417    -0.084
-471.505    -922.222    -0.084
-471.965    -922.027    -0.084
-472.426    -921.833    -0.084
-472.887    -921.639    -0.084
-473.347    -921.445    -0.084
-473.808    -921.250    -0.084
-474.269    -921.056    -0.084
-474.729    -920.862    -0.084
-475.190    -920.668    -0.084
-475.651    -920.473    -0.084
-476.111    -920.278    -0.084
-476.572    -920.084    -0.084
-477.033    -919.890    -0.084
-477.399    -919.731    -0.084
-477.854    -919.524    -0.084
-478.309    -919.317    -0.084
-478.765    -919.110    -0.084
-479.220    -918.904    -0.084
-479.675    -918.698    -0.084
-480.131    -918.491    -0.084
-480.586    -918.284    -0.084
-481.041    -918.078    -0.084
-481.497    -917.871    -0.084
-481.952    -917.665    -0.084
-482.408    -917.459    -0.084
-482.863    -917.252    -0.084
-483.318    -917.046    -0.084
-483.774    -916.840    -0.084
-484.229    -916.632    -0.084
-484.684    -916.426    -0.084
-485.137    -916.214    -0.084
-485.588    -915.998    -0.084
-486.039    -915.783    -0.084
-486.490    -915.567    -0.084
-486.941    -915.351    -0.084
-487.391    -915.135    -0.084
-487.843    -914.919    -0.084
-488.294    -914.703    -0.084
-488.745    -914.488    -0.084
-489.196    -914.272    -0.084
-489.647    -914.056    -0.084
-490.097    -913.841    -0.084
-490.548    -913.624    -0.084
-491.000    -913.409    -0.084
-491.451    -913.193    -0.084
-491.902    -912.977    -0.084
-492.350    -912.757    -0.084
-492.799    -912.536    -0.084
-493.248    -912.315    -0.084
-493.696    -912.095    -0.084
-494.144    -911.873    -0.085
-494.503    -911.697    -0.085
-494.952    -911.475    -0.085
-495.395    -911.245    -0.085
-495.839    -911.015    -0.085
-496.283    -910.784    -0.085
-496.727    -910.554    -0.085
-497.170    -910.324    -0.085
-497.614    -910.094    -0.085
-498.058    -909.864    -0.085
-498.502    -909.633    -0.085
-498.946    -909.404    -0.085
-499.390    -909.173    -0.085
-499.832    -908.940    -0.085
-500.275    -908.709    -0.085
-500.718    -908.477    -0.085
-501.161    -908.245    -0.085
-501.604    -908.013    -0.085
-502.047    -907.781    -0.085
-502.489    -907.550    -0.085
-502.933    -907.318    -0.085
-503.376    -907.086    -0.085
-503.819    -906.854    -0.085
-504.257    -906.613    -0.085
-504.692    -906.367    -0.085
-505.128    -906.121    -0.085
-505.476    -905.925    -0.085
-505.998    -905.631    -0.085
-506.434    -905.385    -0.085
-506.869    -905.139    -0.085
-507.305    -904.893    -0.085
-507.740    -904.647    -0.085
-508.176    -904.402    -0.085
-508.523    -904.205    -0.085
-508.957    -903.956    -0.085
-509.478    -903.658    -0.085
-509.825    -903.459    -0.085
-510.259    -903.210    -0.085
-510.692    -902.961    -0.085
-511.126    -902.712    -0.085
-511.560    -902.464    -0.085
-511.993    -902.215    -0.085
-512.427    -901.966    -0.085
-512.860    -901.717    -0.085
-513.294    -901.468    -0.085
-513.727    -901.219    -0.085
-514.157    -900.963    -0.085
-514.586    -900.706    -0.085
-515.015    -900.450    -0.085
-515.444    -900.193    -0.085
-515.873    -899.936    -0.085
-516.302    -899.681    -0.085
-516.731    -899.424    -0.085
-517.160    -899.167    -0.085
-517.589    -898.911    -0.085
-518.018    -898.654    -0.085
-518.448    -898.397    -0.085
-518.876    -898.140    -0.085
-519.303    -897.879    -0.085
-519.729    -897.617    -0.085
-520.154    -897.356    -0.085
-520.581    -897.094    -0.084
-521.007    -896.831    -0.084
-521.433    -896.570    -0.084
-521.859    -896.308    -0.084
-522.285    -896.046    -0.084
-522.711    -895.785    -0.084
-523.137    -895.523    -0.084
-523.562    -895.261    -0.084
-523.988    -894.999    -0.084
-524.415    -894.738    -0.084
-524.750    -894.520    -0.084
-525.167    -894.246    -0.084
-525.586    -893.971    -0.084
-526.003    -893.696    -0.084
-526.422    -893.422    -0.084
-526.840    -893.148    -0.084
-527.257    -892.874    -0.084
-527.676    -892.599    -0.084
-528.093    -892.325    -0.084
-528.512    -892.051    -0.084
-528.929    -891.777    -0.084
-529.348    -891.502    -0.084
-529.765    -891.228    -0.084
-530.179    -890.947    -0.084
-530.592    -890.665    -0.084
-531.005    -890.384    -0.084
-531.419    -890.103    -0.084
-531.832    -889.821    -0.084
-532.245    -889.540    -0.084
-532.659    -889.259    -0.084
-533.072    -888.977    -0.084
-533.485    -888.696    -0.084
-533.899    -888.415    -0.084
-534.312    -888.133    -0.084
-534.639    -887.904    -0.084
-535.047    -887.615    -0.084
-535.455    -887.325    -0.084
-535.863    -887.036    -0.084
-536.271    -886.747    -0.084
-536.678    -886.458    -0.084
-537.085    -886.168    -0.084
-537.493    -885.879    -0.084
-537.901    -885.589    -0.084
-538.309    -885.300    -0.084
-538.716    -885.010    -0.084
-539.207    -884.665    -0.084
-539.616    -884.377    -0.084
-539.943    -884.147    -0.084
-540.352    -883.860    -0.084
-540.761    -883.573    -0.084
-541.171    -883.286    -0.084
-541.580    -882.998    -0.084
-542.071    -882.654    -0.084
-542.398    -882.423    -0.084
-542.807    -882.136    -0.084
-543.298    -881.791    -0.084
-543.626    -881.562    -0.084
-544.031    -881.268    -0.084
-544.429    -880.967    -0.084
-544.828    -880.665    -0.084
-545.226    -880.363    -0.084
-545.626    -880.062    -0.084
-546.024    -879.760    -0.084
-546.423    -879.458    -0.084
-546.821    -879.156    -0.084
-547.220    -878.855    -0.084
-547.618    -878.553    -0.084
-548.018    -878.251    -0.084
-548.416    -877.950    -0.084
-548.733    -877.706    -0.084
-549.206    -877.337    -0.084
-549.601    -877.029    -0.084
-549.995    -876.723    -0.084
-550.389    -876.415    -0.084
-550.705    -876.169    -0.084
-551.099    -875.862    -0.084
-551.494    -875.555    -0.084
-551.888    -875.247    -0.084
-552.282    -874.940    -0.084
-552.676    -874.632    -0.084
-553.068    -874.321    -0.084
-553.459    -874.010    -0.084
-553.851    -873.700    -0.084
-554.242    -873.388    -0.084
-554.633    -873.077    -0.084
-555.024    -872.765    -0.084
-555.415    -872.454    -0.084
-555.807    -872.143    -0.084
-556.198    -871.832    -0.084
-556.589    -871.520    -0.084
-556.981    -871.210    -0.084
-557.364    -870.890    -0.084
-557.749    -870.569    -0.084
-558.133    -870.248    -0.084
-558.517    -869.928    -0.084
-558.901    -869.608    -0.084
-559.284    -869.288    -0.084
-559.669    -868.968    -0.084
-560.052    -868.648    -0.084
-560.437    -868.328    -0.084
-560.817    -868.003    -0.084
-561.196    -867.676    -0.084
-561.574    -867.350    -0.084
-561.953    -867.024    -0.084
-562.332    -866.697    -0.084
-562.710    -866.371    -0.084
-563.014    -866.110    -0.084
-563.392    -865.784    -0.084
-563.771    -865.458    -0.084
-564.150    -865.132    -0.084
-564.529    -864.806    -0.084
-564.905    -864.476    -0.084
-565.282    -864.148    -0.084
-565.659    -863.820    -0.084
-566.036    -863.491    -0.084
-566.413    -863.163    -0.084
-566.789    -862.833    -0.084
-567.167    -862.505    -0.084
-567.544    -862.177    -0.084
-567.921    -861.849    -0.084
-568.298    -861.521    -0.084
-568.674    -861.191    -0.084
-569.045    -860.856    -0.084
-569.415    -860.521    -0.084
-569.786    -860.184    -0.084
-570.156    -859.849    -0.084
-570.527    -859.514    -0.084
-570.897    -859.177    -0.084
-571.268    -858.842    -0.084
-571.638    -858.506    -0.084
-572.008    -858.169    -0.084
-572.376    -857.831    -0.084
-572.743    -857.492    -0.084
-573.111    -857.153    -0.083
-573.478    -856.814    -0.083
-573.846    -856.475    -0.083
-574.213    -856.136    -0.083
-574.581    -855.797    -0.083
-574.949    -855.459    -0.083
-575.316    -855.119    -0.083
-575.606    -854.844    -0.083
-575.967    -854.498    -0.083
-576.401    -854.083    -0.083
-576.689    -853.806    -0.083
-577.051    -853.461    -0.083
-577.412    -853.115    -0.083
-577.773    -852.769    -0.083
-578.134    -852.424    -0.083
-578.495    -852.078    -0.083
-578.855    -851.731    -0.083
-579.212    -851.380    -0.083
-579.568    -851.030    -0.083
-579.925    -850.681    -0.083
-580.283    -850.330    -0.083
-580.639    -849.980    -0.083
-580.996    -849.630    -0.083
-581.354    -849.280    -0.083
-581.710    -848.930    -0.083
-582.066    -848.579    -0.083
-582.420    -848.225    -0.083
-582.772    -847.871    -0.083
-583.125    -847.516    -0.083
-583.478    -847.162    -0.083
-583.831    -846.809    -0.083
-584.184    -846.454    -0.083
-584.537    -846.100    -0.083
-584.889    -845.746    -0.083
-585.243    -845.392    -0.083
-585.595    -845.038    -0.083
-585.948    -844.682    -0.083
-586.295    -844.323    -0.083
-586.642    -843.963    -0.083
-586.989    -843.603    -0.083
-587.337    -843.243    -0.083
-587.684    -842.884    -0.083
-588.031    -842.524    -0.083
-588.378    -842.165    -0.083
-588.726    -841.805    -0.083
-589.073    -841.446    -0.083
-589.420    -841.086    -0.083
-589.766    -840.726    -0.083
-590.038    -840.431    -0.083
-590.377    -840.064    -0.083
-590.716    -839.697    -0.083
-591.055    -839.329    -0.083
-591.394    -838.962    -0.083
-591.733    -838.595    -0.083
-592.072    -838.227    -0.083
-592.411    -837.859    -0.083
-592.750    -837.491    -0.083
-593.088    -837.124    -0.083
-593.427    -836.756    -0.083
-593.766    -836.389    -0.083
-594.104    -836.020    -0.083
-594.440    -835.650    -0.083
-594.776    -835.280    -0.083
-595.113    -834.910    -0.083
-595.449    -834.540    -0.083
-595.785    -834.170    -0.083
-596.121    -833.800    -0.082
-596.458    -833.430    -0.082
-596.794    -833.060    -0.082
-597.130    -832.690    -0.082
-597.454    -832.310    -0.082
-597.715    -832.006    -0.082
-598.104    -831.550    -0.082
-598.365    -831.246    -0.082
-598.690    -830.866    -0.082
-599.078    -830.410    -0.082
-599.339    -830.106    -0.082
-599.664    -829.725    -0.082
-600.053    -829.269    -0.082
-600.313    -828.965    -0.082
-600.638    -828.585    -0.082
-601.027    -828.129    -0.082
-601.288    -827.824    -0.082
-601.608    -827.440    -0.082
-601.928    -827.057    -0.082
-602.248    -826.672    -0.082
-602.568    -826.289    -0.082
-602.888    -825.905    -0.082
-603.209    -825.521    -0.082
-603.529    -825.137    -0.082
-603.849    -824.754    -0.082
-604.169    -824.369    -0.082
-604.489    -823.986    -0.082
-604.810    -823.602    -0.082
-605.130    -823.217    -0.082
-605.451    -822.834    -0.082
-605.771    -822.450    -0.082
-606.092    -822.066    -0.082
-606.412    -821.682    -0.082
-606.732    -821.299    -0.082
-607.050    -820.913    -0.082
-607.361    -820.521    -0.082
-607.671    -820.130    -0.082
-607.983    -819.738    -0.082
-608.293    -819.346    -0.082
-608.604    -818.954    -0.082
-608.915    -818.563    -0.082
-609.226    -818.172    -0.082
-609.537    -817.780    -0.082
-609.847    -817.388    -0.082
-610.158    -816.996    -0.082
-610.469    -816.605    -0.082
-610.779    -816.213    -0.082
-611.090    -815.821    -0.082
-611.401    -815.429    -0.082
-611.712    -815.037    -0.082
-612.022    -814.647    -0.082
-612.333    -814.255    -0.081
-612.644    -813.863    -0.081
-612.889    -813.547    -0.081
-613.188    -813.146    -0.081
-613.486    -812.745    -0.081
-613.785    -812.344    -0.081
-614.082    -811.943    -0.081
-614.381    -811.541    -0.081
-614.679    -811.140    -0.081
-614.978    -810.738    -0.081
-615.275    -810.337    -0.081
-615.573    -809.936    -0.081
-615.872    -809.535    -0.081
-616.170    -809.134    -0.081
-616.469    -808.733    -0.081
-616.767    -808.332    -0.081
-617.066    -807.931    -0.081
-617.364    -807.529    -0.081
-617.662    -807.128    -0.081
-617.960    -806.727    -0.081
-618.259    -806.326    -0.081
-618.557    -805.925    -0.081
-618.856    -805.523    -0.081
-619.154    -805.122    -0.081
-619.442    -804.714    -0.081
-619.727    -804.303    -0.081
-620.010    -803.891    -0.081
-620.237    -803.562    -0.081
-620.522    -803.150    -0.081
-620.806    -802.739    -0.081
-621.089    -802.327    -0.081
-621.430    -801.833    -0.081
-621.714    -801.422    -0.081
-621.997    -801.010    -0.081
-622.282    -800.599    -0.081
-622.566    -800.188    -0.081
-622.850    -799.776    -0.081
-623.134    -799.365    -0.081
-623.418    -798.953    -0.081
-623.702    -798.542    -0.081
-623.930    -798.212    -0.081
-624.213    -797.801    -0.081
-624.497    -797.389    -0.081
-624.781    -796.978    -0.081
-625.121    -796.484    -0.080
-625.343    -796.151    -0.080
-625.614    -795.730    -0.080
-625.885    -795.311    -0.080
-626.155    -794.890    -0.080
-626.426    -794.469    -0.080
-626.697    -794.049    -0.080
-626.967    -793.629    -0.080
-627.238    -793.208    -0.080
-627.509    -792.788    -0.080
-627.779    -792.368    -0.080
-628.050    -791.947    -0.080
-628.320    -791.527    -0.080
-628.590    -791.106    -0.080
-628.861    -790.686    -0.080
-629.132    -790.266    -0.080
-629.402    -789.845    -0.080
-629.673    -789.424    -0.080
-629.944    -789.005    -0.080
-630.214    -788.584    -0.080
-630.485    -788.163    -0.080
-630.756    -787.744    -0.080
-631.026    -787.323    -0.080
-631.297    -786.902    -0.080
-631.566    -786.481    -0.080
-631.776    -786.141    -0.080
-632.092    -785.631    -0.080
-632.355    -785.206    -0.080
-632.565    -784.865    -0.080
-632.828    -784.440    -0.080
-633.090    -784.015    -0.080
-633.406    -783.504    -0.080
-633.669    -783.079    -0.080
-633.879    -782.739    -0.080
-634.142    -782.313    -0.080
-634.404    -781.888    -0.080
-634.720    -781.377    -0.080
-634.983    -780.953    -0.080
-635.193    -780.612    -0.080
-635.509    -780.102    -0.079
-635.772    -779.677    -0.079
-636.035    -779.252    -0.079
-636.245    -778.912    -0.079
-636.503    -778.483    -0.079
-636.748    -778.047    -0.079
-636.944    -777.698    -0.079
-637.237    -777.175    -0.079
-637.482    -776.739    -0.079
-637.726    -776.303    -0.079
-637.922    -775.954    -0.079
-638.215    -775.430    -0.079
-638.460    -774.995    -0.079
-638.656    -774.646    -0.079
-638.949    -774.122    -0.079
-639.194    -773.687    -0.079
-639.390    -773.338    -0.079
-639.683    -772.814    -0.079
-639.927    -772.379    -0.079
-640.124    -772.030    -0.079
-640.417    -771.506    -0.079
-640.661    -771.070    -0.079
-640.906    -770.635    -0.079
-641.098    -770.284    -0.079
-641.335    -769.844    -0.079
-641.572    -769.403    -0.079
-641.809    -768.964    -0.079
-642.046    -768.523    -0.079
-642.283    -768.083    -0.079
-642.520    -767.642    -0.079
-642.757    -767.203    -0.079
-642.994    -766.762    -0.079
-643.230    -766.321    -0.079
-643.468    -765.881    -0.079
-643.704    -765.441    -0.079
-643.942    -765.001    -0.078
-644.179    -764.560    -0.078
-644.415    -764.121    -0.078
-644.653    -763.680    -0.078
-644.890    -763.240    -0.078
-645.127    -762.800    -0.078
-645.364    -762.360    -0.078
-645.600    -761.919    -0.078
-645.838    -761.479    -0.078
-646.074    -761.039    -0.078
-646.259    -760.685    -0.078
-646.522    -760.145    -0.078
-646.742    -759.696    -0.078
-646.961    -759.247    -0.078
-647.181    -758.798    -0.078
-647.401    -758.348    -0.078
-647.620    -757.899    -0.078
-647.840    -757.450    -0.078
-648.059    -757.001    -0.078
-648.279    -756.552    -0.078
-648.499    -756.102    -0.078
-648.718    -755.653    -0.078
-648.938    -755.204    -0.078
-649.157    -754.755    -0.078
-649.377    -754.306    -0.078
-649.596    -753.857    -0.078
-649.816    -753.408    -0.078
-650.036    -752.959    -0.078
-650.255    -752.510    -0.078
-650.475    -752.060    -0.078
-650.694    -751.611    -0.078
-650.870    -751.252    -0.078
-651.079    -750.798    -0.078
-651.287    -750.343    -0.077
-651.495    -749.888    -0.077
-651.704    -749.434    -0.077
-651.912    -748.979    -0.077
-652.120    -748.525    -0.077
-652.328    -748.070    -0.077
-652.536    -747.615    -0.077
-652.744    -747.161    -0.077
-652.952    -746.706    -0.077
-653.160    -746.252    -0.077
-653.369    -745.797    -0.077
-653.576    -745.342    -0.077
-653.785    -744.888    -0.077
-653.993    -744.433    -0.077
-654.200    -743.979    -0.077
-654.409    -743.524    -0.077
-654.617    -743.069    -0.077
-654.825    -742.615    -0.077
-654.987    -742.249    -0.077
-655.181    -741.788    -0.077
-655.375    -741.328    -0.077
-655.569    -740.867    -0.077
-655.764    -740.407    -0.077
-655.958    -739.945    -0.077
-656.152    -739.485    -0.077
-656.346    -739.024    -0.077
-656.541    -738.564    -0.077
-656.736    -738.103    -0.077
-656.930    -737.643    -0.077
-657.124    -737.182    -0.077
-657.319    -736.722    -0.077
-657.512    -736.260    -0.076
-657.706    -735.800    -0.076
-657.901    -735.339    -0.076
-658.095    -734.879    -0.076
-658.289    -734.418    -0.076
-658.484    -733.957    -0.076
-658.678    -733.496    -0.076
-658.871    -733.035    -0.076
-659.066    -732.575    -0.076
-659.260    -732.114    -0.076
-659.454    -731.654    -0.076
-659.649    -731.192    -0.076
-659.843    -730.732    -0.076
-660.025    -730.267    -0.076
-660.204    -729.800    -0.076
-660.383    -729.333    -0.076
-660.562    -728.866    -0.076
-660.741    -728.400    -0.076
-660.920    -727.933    -0.076
-661.099    -727.466    -0.076
-661.278    -726.999    -0.076
-661.457    -726.532    -0.076
-661.636    -726.065    -0.076
-661.815    -725.598    -0.076
-661.994    -725.131    -0.076
-662.173    -724.664    -0.076
-662.352    -724.198    -0.076
-662.531    -723.732    -0.076
-662.710    -723.265    -0.076
-662.889    -722.798    -0.075
-663.068    -722.331    -0.075
-663.247    -721.864    -0.075
-663.426    -721.397    -0.075
-663.605    -720.930    -0.075
-663.784    -720.463    -0.075
-663.963    -719.997    -0.075
-664.142    -719.530    -0.075
-664.321    -719.063    -0.075
-664.500    -718.596    -0.075
-664.678    -718.129    -0.075
-664.809    -717.751    -0.075
-664.973    -717.279    -0.075
-665.137    -716.807    -0.075
-665.302    -716.334    -0.075
-665.466    -715.862    -0.075
-665.630    -715.390    -0.075
-665.795    -714.918    -0.075
-665.960    -714.445    -0.075
-666.124    -713.973    -0.075
-666.288    -713.502    -0.075
-666.452    -713.030    -0.075
-666.617    -712.557    -0.075
-666.781    -712.085    -0.075
-666.945    -711.613    -0.075
-667.109    -711.141    -0.075
-667.274    -710.669    -0.075
-667.438    -710.196    -0.075
-667.602    -709.724    -0.075
-667.767    -709.252    -0.074
-667.931    -708.780    -0.074
-668.095    -708.307    -0.074
-668.259    -707.835    -0.074
-668.390    -707.457    -0.074
-668.539    -706.980    -0.074
-668.689    -706.503    -0.074
-668.868    -705.930    -0.074
-669.017    -705.454    -0.074
-669.167    -704.976    -0.074
-669.316    -704.499    -0.074
-669.436    -704.117    -0.074
-669.585    -703.640    -0.074
-669.765    -703.068    -0.074
-669.914    -702.590    -0.074
-670.063    -702.113    -0.074
-670.212    -701.636    -0.074
-670.332    -701.255    -0.074
-670.481    -700.777    -0.074
-670.661    -700.205    -0.074
-670.810    -699.728    -0.074
-670.959    -699.251    -0.074
-671.109    -698.773    -0.074
-671.227    -698.391    -0.074
-671.367    -697.911    -0.074
-671.506    -697.431    -0.074
-671.646    -696.952    -0.074
-671.786    -696.471    -0.073
-671.925    -695.991    -0.073
-672.065    -695.511    -0.073
-672.204    -695.031    -0.073
-672.343    -694.551    -0.073
-672.483    -694.071    -0.073
-672.623    -693.591    -0.073
-672.762    -693.110    -0.073
-672.901    -692.630    -0.073
-673.041    -692.150    -0.073
-673.181    -691.671    -0.073
-673.320    -691.190    -0.073
-673.461    -690.710    -0.073
-673.600    -690.230    -0.073
-673.739    -689.750    -0.073
-673.878    -689.270    -0.073
-674.019    -688.790    -0.073
-674.158    -688.310    -0.073
-674.297    -687.829    -0.073
-674.437    -687.349    -0.073
-674.576    -686.870    -0.073
-674.708    -686.388    -0.073
-674.833    -685.903    -0.073
-674.933    -685.516    -0.073
-675.057    -685.031    -0.073
-675.207    -684.451    -0.073
-675.331    -683.967    -0.072
-675.456    -683.483    -0.072
-675.580    -682.997    -0.072
-675.705    -682.513    -0.072
-675.829    -682.029    -0.072
-675.953    -681.545    -0.072
-676.078    -681.061    -0.072
-676.202    -680.576    -0.072
-676.327    -680.092    -0.072
-676.451    -679.608    -0.072
-676.551    -679.220    -0.072
-676.675    -678.736    -0.072
-676.825    -678.156    -0.072
-676.950    -677.671    -0.072
-677.074    -677.187    -0.072
-677.198    -676.703    -0.072
-677.298    -676.315    -0.072
-677.423    -675.831    -0.072
-677.573    -675.251    -0.072
-677.697    -674.766    -0.072
-677.821    -674.282    -0.072
-677.946    -673.798    -0.072
-678.070    -673.314    -0.072
-678.195    -672.830    -0.072
-678.283    -672.440    -0.072
-678.393    -671.951    -0.072
-678.504    -671.464    -0.071
-678.614    -670.976    -0.071
-678.725    -670.489    -0.071
-678.834    -670.001    -0.071
-678.945    -669.514    -0.071
-679.055    -669.026    -0.071
-679.166    -668.539    -0.071
-679.276    -668.050    -0.071
-679.387    -667.563    -0.071
-679.497    -667.075    -0.071
-679.607    -666.588    -0.071
-679.718    -666.100    -0.071
-679.828    -665.613    -0.071
-679.939    -665.125    -0.071
-680.049    -664.638    -0.071
-680.159    -664.149    -0.071
-680.269    -663.662    -0.071
-680.380    -663.174    -0.071
-680.490    -662.687    -0.071
-680.601    -662.199    -0.071
-680.711    -661.712    -0.071
-680.821    -661.224    -0.071
-680.931    -660.736    -0.071
-681.042    -660.248    -0.071
-681.151    -659.761    -0.071
-681.234    -659.370    -0.071
-681.329    -658.879    -0.070
-681.424    -658.388    -0.070
-681.520    -657.897    -0.070
-681.616    -657.406    -0.070
-681.711    -656.915    -0.070
-681.806    -656.424    -0.070
-681.901    -655.934    -0.070
-681.997    -655.443    -0.070
-682.091    -654.953    -0.070
-682.187    -654.462    -0.070
-682.282    -653.971    -0.070
-682.378    -653.480    -0.070
-682.472    -652.989    -0.070
-682.568    -652.499    -0.070
-682.663    -652.008    -0.070
-682.758    -651.517    -0.070
-682.854    -651.026    -0.070
-682.949    -650.535    -0.070
-683.044    -650.044    -0.070
-683.139    -649.553    -0.070
-683.235    -649.063    -0.070
-683.330    -648.572    -0.070
-683.426    -648.081    -0.070
-683.521    -647.590    -0.070
-683.616    -647.100    -0.070
-683.712    -646.609    -0.069
-683.807    -646.118    -0.069
-683.894    -645.625    -0.069
-683.974    -645.132    -0.069
-684.056    -644.639    -0.069
-684.137    -644.146    -0.069
-684.217    -643.653    -0.069
-684.299    -643.159    -0.069
-684.379    -642.665    -0.069
-684.460    -642.172    -0.069
-684.541    -641.679    -0.069
-684.621    -641.186    -0.069
-684.703    -640.692    -0.069
-684.783    -640.198    -0.069
-684.864    -639.705    -0.069
-684.945    -639.212    -0.069
-685.026    -638.719    -0.069
-685.107    -638.226    -0.069
-685.187    -637.732    -0.069
-685.269    -637.238    -0.069
-685.350    -636.745    -0.069
-685.430    -636.252    -0.069
-685.512    -635.759    -0.069
-685.592    -635.265    -0.069
-685.673    -634.772    -0.068
-685.755    -634.278    -0.068
-685.835    -633.785    -0.068
-685.894    -633.389    -0.068
-685.962    -632.895    -0.068
-686.032    -632.399    -0.068
-686.101    -631.904    -0.068
-686.169    -631.408    -0.068
-686.238    -630.914    -0.068
-686.306    -630.418    -0.068
-686.375    -629.923    -0.068
-686.444    -629.427    -0.068
-686.512    -628.933    -0.068
-686.581    -628.437    -0.068
-686.650    -627.942    -0.068
-686.718    -627.446    -0.068
-686.787    -626.952    -0.068
-686.856    -626.456    -0.068
-686.924    -625.961    -0.068
-686.993    -625.466    -0.068
-687.062    -624.971    -0.068
-687.130    -624.475    -0.068
-687.199    -623.980    -0.068
-687.268    -623.485    -0.068
-687.336    -622.990    -0.068
-687.405    -622.494    -0.067
-687.473    -621.999    -0.067
-687.542    -621.504    -0.067
-687.611    -621.009    -0.067
-687.679    -620.514    -0.067
-687.748    -620.018    -0.067
-687.817    -619.524    -0.067
-687.885    -619.028    -0.067
-687.954    -618.533    -0.067
-688.024    -618.038    -0.067
-688.093    -617.543    -0.067
-688.162    -617.047    -0.067
-688.232    -616.552    -0.067
-688.300    -616.057    -0.067
-688.369    -615.562    -0.067
-688.439    -615.066    -0.067
-688.507    -614.572    -0.067
-688.576    -614.076    -0.067
-688.644    -613.581    -0.067
-688.714    -613.086    -0.067
-688.784    -612.591    -0.067
-688.853    -612.095    -0.067
-688.923    -611.601    -0.067
-688.992    -611.106    -0.067
-689.059    -610.610    -0.066
-689.128    -610.115    -0.066
-689.196    -609.619    -0.066
-689.263    -609.125    -0.066
-689.331    -608.629    -0.066
-689.399    -608.134    -0.066
-689.466    -607.638    -0.066
-689.535    -607.143    -0.066
-689.603    -606.648    -0.066
-689.671    -606.153    -0.066
-689.740    -605.657    -0.066
-689.809    -605.162    -0.066
-689.875    -604.666    -0.066
-689.934    -604.170    -0.066
-689.992    -603.674    -0.066
-690.051    -603.177    -0.066
-690.110    -602.680    -0.066
-690.170    -602.183    -0.066
-690.228    -601.688    -0.066
-690.287    -601.191    -0.066
-690.346    -600.694    -0.066
-690.405    -600.198    -0.066
-690.464    -599.702    -0.066
-690.523    -599.205    -0.066
-690.582    -598.709    -0.066
-690.641    -598.212    -0.065
-690.700    -597.716    -0.065
-690.758    -597.219    -0.065
-690.817    -596.723    -0.065
-690.876    -596.226    -0.065
-690.935    -595.730    -0.065
-690.994    -595.234    -0.065
-691.053    -594.737    -0.065
-691.111    -594.240    -0.065
-691.170    -593.743    -0.065
-691.230    -593.248    -0.065
-691.288    -592.751    -0.065
-691.347    -592.254    -0.065
-691.406    -591.758    -0.065
-691.464    -591.262    -0.065
-691.523    -590.765    -0.065
-691.583    -590.268    -0.065
-691.641    -589.772    -0.065
-691.700    -589.276    -0.065
-691.759    -588.779    -0.065
-691.818    -588.283    -0.065
-691.877    -587.786    -0.065
-691.936    -587.290    -0.065
-691.995    -586.793    -0.065
-692.042    -586.395    -0.065
-692.084    -585.897    -0.064
-692.124    -585.399    -0.064
-692.166    -584.901    -0.064
-692.208    -584.403    -0.064
-692.249    -583.905    -0.064
-692.291    -583.407    -0.064
-692.333    -582.909    -0.064
-692.373    -582.410    -0.064
-692.415    -581.912    -0.064
-692.457    -581.413    -0.064
-692.499    -580.915    -0.064
-692.540    -580.417    -0.064
-692.582    -579.919    -0.064
-692.624    -579.421    -0.064
-692.665    -578.923    -0.064
-692.707    -578.425    -0.064
-692.749    -577.926    -0.064
-692.791    -577.428    -0.064
-692.832    -576.929    -0.064
-692.873    -576.431    -0.064
-692.915    -575.933    -0.064
-692.956    -575.435    -0.064
-692.998    -574.937    -0.064
-693.040    -574.439    -0.064
-693.082    -573.940    -0.064
-693.122    -573.442    -0.063
-693.164    -572.944    -0.063
-693.206    -572.445    -0.063
-693.247    -571.947    -0.063
-693.289    -571.449    -0.063
-693.328    -570.951    -0.063
-693.365    -570.452    -0.063
-693.402    -569.953    -0.063
-693.440    -569.455    -0.063
-693.478    -568.957    -0.063
-693.516    -568.458    -0.063
-693.553    -567.959    -0.063
-693.591    -567.461    -0.063
-693.629    -566.962    -0.063
-693.666    -566.464    -0.063
-693.704    -565.966    -0.063
-693.742    -565.466    -0.063
-693.780    -564.968    -0.063
-693.816    -564.470    -0.063
-693.854    -563.971    -0.063
-693.892    -563.472    -0.063
-693.929    -562.974    -0.063
-693.967    -562.475    -0.063
-694.005    -561.977    -0.063
-694.043    -561.479    -0.063
-694.080    -560.979    -0.062
-694.118    -560.481    -0.062
-694.156    -559.983    -0.062
-694.193    -559.484    -0.062
-694.231    -558.986    -0.062
-694.268    -558.487    -0.062
-694.306    -557.988    -0.062
-694.343    -557.490    -0.062
-694.381    -556.992    -0.062
-694.419    -556.492    -0.062
-694.456    -555.994    -0.062
-694.494    -555.496    -0.062
-694.532    -554.998    -0.062
-694.570    -554.499    -0.062
-694.607    -554.000    -0.062
-694.645    -553.502    -0.062
-694.683    -553.003    -0.062
-694.720    -552.505    -0.062
-694.757    -552.007    -0.062
-694.795    -551.507    -0.062
-694.832    -551.009    -0.062
-694.868    -550.510    -0.062
-694.905    -550.012    -0.062
-694.942    -549.513    -0.062
-694.979    -549.014    -0.062
-695.015    -548.516    -0.061
-695.052    -548.018    -0.061
-695.088    -547.518    -0.061
-695.124    -547.020    -0.061
-695.161    -546.521    -0.061
-695.197    -546.023    -0.061
-695.231    -545.523    -0.061
-695.264    -545.025    -0.061
-695.298    -544.526    -0.061
-695.332    -544.028    -0.061
-695.367    -543.528    -0.061
-695.400    -543.030    -0.061
-695.434    -542.531    -0.061
-695.468    -542.032    -0.061
-695.502    -541.533    -0.061
-695.536    -541.035    -0.061
-695.570    -540.535    -0.061
-695.605    -540.037    -0.061
-695.638    -539.538    -0.061
-695.672    -539.040    -0.061
-695.706    -538.540    -0.061
-695.740    -538.042    -0.061
-695.774    -537.543    -0.061
-695.808    -537.044    -0.061
-695.842    -536.545    -0.061
-695.875    -536.047    -0.061
-695.909    -535.547    -0.060
-695.943    -535.049    -0.060
-695.978    -534.550    -0.060
-696.011    -534.052    -0.060
-696.045    -533.552    -0.060
-696.079    -533.054    -0.060
-696.112    -532.555    -0.060
-696.146    -532.056    -0.060
-696.180    -531.557    -0.060
-696.200    -531.157    -0.060
-696.226    -530.659    -0.060
-696.251    -530.159    -0.060
-696.277    -529.660    -0.060
-696.301    -529.160    -0.060
-696.327    -528.661    -0.060
-696.352    -528.162    -0.060
-696.377    -527.663    -0.060
-696.403    -527.163    -0.060
-696.428    -526.664    -0.060
-696.454    -526.164    -0.060
-696.479    -525.665    -0.060
-696.504    -525.166    -0.060
-696.530    -524.667    -0.060
-696.555    -524.167    -0.060
-696.580    -523.668    -0.060
-696.605    -523.168    -0.060
-696.631    -522.670    -0.059
-696.656    -522.170    -0.059
-696.681    -521.671    -0.059
-696.707    -521.171    -0.059
-696.732    -520.672    -0.059
-696.758    -520.172    -0.059
-696.783    -519.674    -0.059
-696.808    -519.174    -0.059
-696.834    -518.675    -0.059
-696.858    -518.175    -0.059
-696.884    -517.676    -0.059
-696.909    -517.177    -0.059
-696.935    -516.678    -0.059
-696.959    -516.178    -0.059
-696.985    -515.679    -0.059
-697.011    -515.179    -0.059
-697.036    -514.680    -0.059
-697.061    -514.181    -0.059
-697.087    -513.682    -0.059
-697.112    -513.182    -0.059
-697.137    -512.683    -0.059
-697.162    -512.183    -0.059
-697.187    -511.685    -0.059
-697.213    -511.185    -0.059
-697.238    -510.686    -0.059
-697.263    -510.186    -0.059
-697.289    -509.687    -0.058
-697.315    -509.188    -0.058
-697.336    -508.689    -0.058
-697.356    -508.189    -0.058
-697.377    -507.690    -0.058
-697.397    -507.190    -0.058
-697.416    -506.690    -0.058
-697.437    -506.191    -0.058
-697.457    -505.691    -0.058
-697.478    -505.191    -0.058
-697.498    -504.692    -0.058
-697.518    -504.192    -0.058
-697.538    -503.693    -0.058
-697.559    -503.193    -0.058
-697.578    -502.693    -0.058
-697.598    -502.195    -0.058
-697.619    -501.695    -0.058
-697.639    -501.195    -0.058
-697.659    -500.696    -0.058
-697.680    -500.196    -0.058
-697.700    -499.697    -0.058
-697.719    -499.197    -0.058
-697.740    -498.697    -0.058
-697.760    -498.198    -0.058
-697.780    -497.698    -0.058
-697.800    -497.198    -0.058
-697.820    -496.699    -0.058
-697.841    -496.199    -0.057
-697.862    -495.700    -0.057
-697.881    -495.201    -0.057
-697.901    -494.701    -0.057
-697.922    -494.202    -0.057
-697.942    -493.702    -0.057
-697.962    -493.203    -0.057
-697.983    -492.703    -0.057
-698.003    -492.203    -0.057
-698.023    -491.704    -0.057
-698.043    -491.204    -0.057
-698.063    -490.704    -0.057
-698.084    -490.205    -0.057
-698.104    -489.705    -0.057
-698.124    -489.206    -0.057
-698.144    -488.706    -0.057
-698.165    -488.207    -0.057
-698.185    -487.708    -0.057
-698.204    -487.208    -0.057
-698.224    -486.708    -0.057
-698.243    -486.209    -0.057
-698.260    -485.709    -0.057
-698.278    -485.209    -0.057
-698.295    -484.710    -0.057
-698.313    -484.210    -0.057
-698.330    -483.710    -0.057
-698.347    -483.211    -0.057
-698.365    -482.711    -0.057
-698.382    -482.211    -0.056
-698.398    -481.712    -0.056
-698.416    -481.212    -0.056
-698.434    -480.712    -0.056
-698.451    -480.212    -0.056
-698.468    -479.713    -0.056
-698.485    -479.213    -0.056
-698.502    -478.713    -0.056
-698.520    -478.214    -0.056
-698.537    -477.714    -0.056
-698.554    -477.214    -0.056
-698.572    -476.715    -0.056
-698.590    -476.215    -0.056
-698.606    -475.715    -0.056
-698.624    -475.217    -0.056
-698.641    -474.717    -0.056
-698.658    -474.217    -0.056
-698.675    -473.718    -0.056
-698.693    -473.218    -0.056
-698.710    -472.718    -0.056
-698.728    -472.218    -0.056
-698.744    -471.719    -0.056
-698.761    -471.219    -0.056
-698.779    -470.719    -0.056
-698.796    -470.220    -0.056
-698.813    -469.720    -0.056
-698.831    -469.220    -0.056
-698.849    -468.721    -0.056
-698.865    -468.221    -0.055
-698.883    -467.721    -0.055
-698.900    -467.222    -0.055
-698.917    -466.722    -0.055
-698.934    -466.222    -0.055
-698.952    -465.722    -0.055
-698.969    -465.223    -0.055
-698.987    -464.723    -0.055
-699.003    -464.223    -0.055
-699.020    -463.724    -0.055
-699.038    -463.224    -0.055
-699.056    -462.724    -0.055
-699.072    -462.225    -0.055
-699.090    -461.725    -0.055
-699.107    -461.225    -0.055
-699.124    -460.726    -0.055
-699.141    -460.226    -0.055
-699.159    -459.726    -0.055
-699.176    -459.226    -0.055
-699.194    -458.728    -0.055
-699.211    -458.228    -0.055
-699.228    -457.728    -0.055
-699.246    -457.229    -0.055
-699.263    -456.729    -0.055
-699.279    -456.229    -0.055
-699.297    -455.730    -0.055
-699.315    -455.230    -0.055
-699.331    -454.730    -0.055
-699.349    -454.231    -0.055
-699.366    -453.731    -0.054
-699.383    -453.231    -0.054
-699.400    -452.731    -0.054
-699.418    -452.232    -0.054
-699.435    -451.732    -0.054
-699.452    -451.232    -0.054
-699.467    -450.733    -0.054
-699.482    -450.233    -0.054
-699.498    -449.733    -0.054
-699.513    -449.233    -0.054
-699.527    -448.734    -0.054
-699.543    -448.234    -0.054
-699.558    -447.734    -0.054
-699.574    -447.234    -0.054
-699.588    -446.735    -0.054
-699.604    -446.235    -0.054
-699.619    -445.735    -0.054
-699.635    -445.236    -0.054
-699.649    -444.736    -0.054
-699.665    -444.236    -0.054
-699.680    -443.736    -0.054
-699.696    -443.237    -0.054
-699.710    -442.737    -0.054
-699.726    -442.237    -0.054
-699.741    -441.737    -0.054
-699.756    -441.238    -0.054
-699.771    -440.738    -0.054
-699.786    -440.238    -0.054
-699.801    -439.738    -0.054
-699.817    -439.239    -0.054
-699.832    -438.739    -0.053
-699.847    -438.239    -0.053
-699.863    -437.739    -0.053
-699.878    -437.240    -0.053
-699.892    -436.740    -0.053
-699.908    -436.240    -0.053
-699.923    -435.740    -0.053
-699.938    -435.241    -0.053
-699.953    -434.741    -0.053
-699.969    -434.241    -0.053
-699.984    -433.742    -0.053
-699.999    -433.242    -0.053
-700.014    -432.742    -0.053
-700.030    -432.242    -0.053
-700.045    -431.743    -0.053
-700.060    -431.243    -0.053
-700.075    -430.743    -0.053
-700.091    -430.243    -0.053
-700.106    -429.744    -0.053
-700.120    -429.244    -0.053
-700.136    -428.745    -0.053
-700.152    -428.245    -0.053
-700.167    -427.746    -0.053
-700.182    -427.246    -0.053
-700.197    -426.746    -0.053
-700.212    -426.246    -0.053
-700.228    -425.747    -0.053
-700.242    -425.247    -0.053
-700.257    -424.747    -0.053
-700.273    -424.247    -0.053
-700.288    -423.748    -0.053
-700.303    -423.248    -0.052
-700.318    -422.748    -0.052
-700.334    -422.249    -0.052
-700.349    -421.749    -0.052
-700.364    -421.249    -0.052
-700.379    -420.749    -0.052
-700.395    -420.250    -0.052
-700.410    -419.750    -0.052
-700.425    -419.250    -0.052
-700.440    -418.750    -0.052
-700.456    -418.251    -0.052
-700.470    -417.751    -0.052
-700.485    -417.251    -0.052
-700.501    -416.751    -0.052
-700.517    -416.252    -0.052
-700.531    -415.752    -0.052
-700.547    -415.252    -0.052
-700.562    -414.752    -0.052
-700.577    -414.253    -0.052
-700.592    -413.753    -0.052
-700.607    -413.253    -0.052
-700.622    -412.753    -0.052
-700.638    -412.254    -0.052
-700.653    -411.754    -0.052
-700.669    -411.254    -0.052
-700.685    -410.755    -0.052
-700.701    -410.255    -0.052
-700.716    -409.755    -0.052
-700.731    -409.255    -0.052
-700.747    -408.756    -0.052
-700.763    -408.256    -0.052
-700.778    -407.756    -0.052
-700.794    -407.256    -0.051
-700.810    -406.757    -0.051
-700.825    -406.257    -0.051
-700.840    -405.757    -0.051
-700.856    -405.258    -0.051
-700.872    -404.758    -0.051
-700.887    -404.258    -0.051
-700.902    -403.758    -0.051
-700.918    -403.259    -0.051
-700.934    -402.759    -0.051
-700.950    -402.259    -0.051
-700.965    -401.759    -0.051
-700.981    -401.260    -0.051
-700.996    -400.760    -0.051
-701.012    -400.260    -0.051
-701.027    -399.760    -0.051
-701.043    -399.261    -0.051
-701.059    -398.761    -0.051
-701.074    -398.261    -0.051
-701.089    -397.762    -0.051
-701.105    -397.262    -0.051
-701.121    -396.762    -0.051
-701.136    -396.262    -0.051
-701.152    -395.763    -0.051
-701.168    -395.263    -0.051
-701.183    -394.763    -0.051
-701.198    -394.263    -0.051
-701.214    -393.764    -0.051
-701.230    -393.264    -0.051
-701.245    -392.764    -0.051
-701.260    -392.265    -0.051
-701.276    -391.766    -0.051
-701.292    -391.266    -0.051
-701.308    -390.766    -0.051
-701.323    -390.267    -0.050
-701.338    -389.767    -0.050
-701.354    -389.267    -0.050
-701.370    -388.767    -0.050
-701.384    -388.268    -0.050
-701.400    -387.768    -0.050
-701.416    -387.268    -0.050
-701.432    -386.768    -0.050
-701.447    -386.269    -0.050
-701.462    -385.769    -0.050
-701.478    -385.269    -0.050
-701.494    -384.770    -0.050
-701.509    -384.270    -0.050
-701.525    -383.770    -0.050
-701.541    -383.270    -0.050
-701.557    -382.771    -0.050
-701.571    -382.271    -0.050
-701.587    -381.771    -0.050
-701.603    -381.271    -0.050
-701.619    -380.772    -0.050
-701.634    -380.272    -0.050
-701.650    -379.772    -0.050
-701.665    -379.272    -0.050
-701.680    -378.773    -0.050
-701.694    -378.273    -0.050
-701.709    -377.773    -0.050
-701.723    -377.273    -0.050
-701.736    -376.774    -0.050
-701.751    -376.274    -0.050
-701.765    -375.774    -0.050
-701.779    -375.274    -0.050
-701.793    -374.775    -0.050
-701.807    -374.275    -0.050
-701.821    -373.775    -0.050
-701.836    -373.275    -0.050
-701.849    -372.776    -0.049
-701.863    -372.276    -0.049
-701.878    -371.776    -0.049
-701.892    -371.276    -0.049
-701.905    -370.777    -0.049
-701.920    -370.277    -0.049
-701.934    -369.777    -0.049
-701.948    -369.277    -0.049
-701.962    -368.777    -0.049
-701.976    -368.278    -0.049
-701.990    -367.778    -0.049
-702.005    -367.278    -0.049
-702.018    -366.778    -0.049
-702.032    -366.279    -0.049
-702.047    -365.779    -0.049
-702.061    -365.279    -0.049
-702.074    -364.779    -0.049
-702.089    -364.280    -0.049
-702.103    -363.780    -0.049
-702.117    -363.280    -0.049
-702.131    -362.780    -0.049
-702.145    -362.281    -0.049
-702.159    -361.781    -0.049
-702.174    -361.281    -0.049
-702.187    -360.781    -0.049
-702.201    -360.281    -0.049
-702.216    -359.782    -0.049
-702.230    -359.282    -0.049
-702.243    -358.782    -0.049
-702.258    -358.282    -0.049
-702.272    -357.783    -0.049
-702.285    -357.283    -0.049
-702.300    -356.783    -0.049
-702.314    -356.283    -0.049
-702.328    -355.784    -0.049
-702.342    -355.284    -0.049
-702.356    -354.784    -0.049
-702.370    -354.284    -0.048
-702.385    -353.784    -0.048
-702.398    -353.285    -0.048
-702.412    -352.785    -0.048
-702.427    -352.285    -0.048
-702.441    -351.785    -0.048
-702.454    -351.286    -0.048
-702.468    -350.786    -0.048
-702.482    -350.286    -0.048
-702.496    -349.786    -0.048
-702.510    -349.287    -0.048
-702.524    -348.787    -0.048
-702.539    -348.287    -0.048
-702.553    -347.787    -0.048
-702.566    -347.288    -0.048
-702.581    -346.788    -0.048
-702.595    -346.288    -0.048
-702.609    -345.788    -0.048
-702.623    -345.288    -0.048
-702.637    -344.789    -0.048
-702.651    -344.289    -0.048
-702.665    -343.789    -0.048
-702.679    -343.289    -0.048
-702.693    -342.790    -0.048
-702.707    -342.290    -0.048
-702.721    -341.790    -0.048
-702.734    -341.290    -0.048
-702.748    -340.791    -0.048
-702.763    -340.291    -0.048
-702.777    -339.791    -0.048
-702.790    -339.291    -0.048
-702.804    -338.791    -0.048
-702.818    -338.292    -0.048
-702.832    -337.792    -0.048
-702.846    -337.292    -0.048
-702.860    -336.792    -0.048
-702.874    -336.293    -0.048
-702.887    -335.793    -0.048
-702.901    -335.293    -0.048
-702.916    -334.793    -0.047
-702.930    -334.294    -0.047
-702.943    -333.794    -0.047
-702.958    -333.294    -0.047
-702.972    -332.794    -0.047
-702.986    -332.294    -0.047
-702.999    -331.795    -0.047
-703.014    -331.295    -0.047
-703.028    -330.795    -0.047
-703.042    -330.295    -0.047
-703.055    -329.796    -0.047
-703.069    -329.296    -0.047
-703.083    -328.796    -0.047
-703.098    -328.296    -0.047
-703.111    -327.797    -0.047
-703.125    -327.297    -0.047
-703.139    -326.797    -0.047
-703.153    -326.297    -0.047
-703.166    -325.797    -0.047
-703.181    -325.298    -0.047
-703.195    -324.798    -0.047
-703.209    -324.298    -0.047
-703.222    -323.798    -0.047
-703.236    -323.299    -0.047
-703.251    -322.799    -0.047
-703.265    -322.299    -0.047
-703.278    -321.799    -0.047
-703.293    -321.300    -0.047
-703.307    -320.800    -0.047
-703.321    -320.300    -0.047
-703.334    -319.800    -0.047
-703.349    -319.300    -0.047
-703.363    -318.801    -0.047
-703.377    -318.302    -0.047
-703.390    -317.802    -0.047
-703.404    -317.302    -0.047
-703.418    -316.803    -0.047
-703.433    -316.303    -0.047
-703.446    -315.803    -0.047
-703.460    -315.303    -0.047
-703.474    -314.804    -0.047
-703.487    -314.304    -0.047
-703.501    -313.804    -0.046
-703.516    -313.304    -0.046
-703.530    -312.804    -0.046
-703.543    -312.305    -0.046
-703.557    -311.805    -0.046
-703.571    -311.305    -0.046
-703.586    -310.805    -0.046
-703.599    -310.306    -0.046
-703.613    -309.806    -0.046
-703.628    -309.306    -0.046
-703.642    -308.806    -0.046
-703.655    -308.307    -0.046
-703.669    -307.807    -0.046
-703.684    -307.307    -0.046
-703.698    -306.807    -0.046
-703.711    -306.307    -0.046
-703.725    -305.808    -0.046
-703.739    -305.308    -0.046
-703.753    -304.808    -0.046
-703.767    -304.308    -0.046
-703.781    -303.809    -0.046
-703.795    -303.309    -0.046
-703.809    -302.809    -0.046
-703.822    -302.309    -0.046
-703.836    -301.810    -0.046
-703.851    -301.310    -0.046
-703.865    -300.810    -0.046
-703.878    -300.310    -0.046
-703.892    -299.810    -0.046
-703.906    -299.311    -0.046
-703.921    -298.811    -0.046
-703.934    -298.311    -0.046
-703.948    -297.811    -0.046
-703.963    -297.312    -0.046
-703.977    -296.812    -0.046
-703.990    -296.312    -0.046
-704.004    -295.812    -0.046
-704.018    -295.313    -0.046
-704.032    -294.813    -0.046
-704.046    -294.313    -0.046
-704.060    -293.813    -0.046
-704.074    -293.313    -0.046
-704.087    -292.814    -0.046
-704.101    -292.314    -0.046
-704.115    -291.814    -0.046
-704.130    -291.314    -0.045
-704.143    -290.815    -0.045
-704.157    -290.315    -0.045
-704.172    -289.815    -0.045
-704.186    -289.315    -0.045
-704.199    -288.816    -0.045
-704.214    -288.316    -0.045
-704.228    -287.816    -0.045
-704.242    -287.316    -0.045
-704.255    -286.817    -0.045
-704.269    -286.317    -0.045
-704.283    -285.817    -0.045
-704.298    -285.317    -0.045
-704.311    -284.817    -0.045
-704.325    -284.318    -0.045
-704.339    -283.818    -0.045
-704.353    -283.318    -0.045
-704.366    -282.818    -0.045
-704.381    -282.319    -0.045
-704.395    -281.819    -0.045
-704.409    -281.319    -0.045
-704.422    -280.819    -0.045
-704.436    -280.319    -0.045
-704.450    -279.820    -0.045
-704.465    -279.320    -0.045
-704.478    -278.820    -0.045
-704.492    -278.320    -0.045
-704.507    -277.821    -0.045
-704.521    -277.321    -0.045
-704.534    -276.821    -0.045
-704.548    -276.321    -0.045
-704.563    -275.822    -0.045
-704.577    -275.322    -0.045
-704.590    -274.822    -0.045
-704.604    -274.322    -0.045
-704.618    -273.823    -0.045
-704.633    -273.323    -0.045
-704.646    -272.823    -0.045
-704.660    -272.323    -0.045
-704.674    -271.823    -0.045
-704.688    -271.324    -0.045
-704.701    -270.824    -0.045
-704.716    -270.324    -0.045
-704.730    -269.824    -0.045
-704.743    -269.325    -0.045
-704.758    -268.825    -0.045
-704.771    -268.325    -0.045
-704.784    -267.825    -0.045
-704.796    -267.325    -0.045
-704.809    -266.826    -0.044
-704.822    -266.326    -0.044
-704.835    -265.826    -0.044
-704.847    -265.326    -0.044
-704.861    -264.826    -0.044
-704.874    -264.327    -0.044
-704.887    -263.827    -0.044
-704.899    -263.327    -0.044
-704.912    -262.827    -0.044
-704.926    -262.328    -0.044
-704.940    -261.828    -0.044
-704.954    -261.328    -0.044
-704.968    -260.828    -0.044
-704.982    -260.328    -0.044
-704.997    -259.829    -0.044
-705.010    -259.329    -0.044
-705.025    -258.829    -0.044
-705.039    -258.329    -0.044
-705.054    -257.830    -0.044
-705.067    -257.330    -0.044
-705.082    -256.830    -0.044
-705.096    -256.330    -0.044
-705.111    -255.831    -0.044
-705.124    -255.331    -0.044
-705.139    -254.831    -0.044
-705.153    -254.331    -0.044
-705.168    -253.832    -0.044
-705.182    -253.332    -0.044
-705.196    -252.832    -0.044
-705.211    -252.332    -0.044
-705.225    -251.833    -0.044
-705.239    -251.333    -0.044
-705.253    -250.833    -0.044
-705.268    -250.333    -0.044
-705.282    -249.833    -0.044
-705.296    -249.334    -0.044
-705.310    -248.834    -0.044
-705.325    -248.334    -0.044
-705.339    -247.834    -0.044
-705.353    -247.335    -0.044
-705.367    -246.835    -0.044
-705.382    -246.335    -0.044
-705.396    -245.835    -0.044
-705.410    -245.336    -0.044
-705.425    -244.836    -0.044
-705.439    -244.336    -0.044
-705.453    -243.836    -0.044
-705.467    -243.337    -0.044
-705.482    -242.837    -0.044
-705.496    -242.337    -0.044
-705.510    -241.837    -0.044
-705.524    -241.338    -0.044
-705.539    -240.838    -0.044
-705.553    -240.338    -0.044
-705.567    -239.838    -0.044
-705.582    -239.339    -0.043
-705.596    -238.839    -0.043
-705.611    -238.339    -0.043
-705.624    -237.839    -0.043
-705.639    -237.339    -0.043
-705.653    -236.840    -0.043
-705.668    -236.340    -0.043
-705.681    -235.840    -0.043
-705.696    -235.340    -0.043
-705.710    -234.841    -0.043
-705.725    -234.341    -0.043
-705.738    -233.841    -0.043
-705.753    -233.341    -0.043
-705.767    -232.842    -0.043
-705.782    -232.342    -0.043
-705.796    -231.842    -0.043
-705.810    -231.342    -0.043
-705.825    -230.843    -0.043
-705.839    -230.343    -0.043
-705.853    -229.843    -0.043
-705.867    -229.343    -0.043
-705.882    -228.844    -0.043
-705.896    -228.344    -0.043
-705.910    -227.844    -0.043
-705.924    -227.344    -0.043
-705.939    -226.844    -0.043
-705.953    -226.345    -0.043
-705.967    -225.845    -0.043
-705.982    -225.345    -0.043
-705.996    -224.845    -0.043
-706.011    -224.346    -0.043
-706.024    -223.846    -0.043
-706.039    -223.347    -0.043
-706.053    -222.847    -0.043
-706.067    -222.348    -0.043
-706.081    -221.848    -0.043
-706.096    -221.348    -0.043
-706.110    -220.848    -0.043
-706.124    -220.349    -0.043
-706.138    -219.849    -0.043
-706.153    -219.349    -0.043
-706.167    -218.849    -0.043
-706.181    -218.350    -0.043
-706.195    -217.850    -0.043
-706.210    -217.350    -0.043
-706.224    -216.850    -0.043
-706.238    -216.350    -0.043
-706.252    -215.851    -0.043
-706.266    -215.351    -0.043
-706.281    -214.851    -0.043
-706.294    -214.351    -0.043
-706.309    -213.852    -0.043
-706.323    -213.352    -0.043
-706.338    -212.852    -0.043
-706.351    -212.352    -0.043
-706.366    -211.853    -0.043
-706.380    -211.353    -0.043
-706.395    -210.853    -0.043
-706.409    -210.353    -0.043
-706.423    -209.854    -0.043
-706.438    -209.354    -0.043
-706.452    -208.854    -0.043
-706.466    -208.354    -0.042
-706.480    -207.855    -0.042
-706.495    -207.355    -0.042
-706.509    -206.855    -0.042
-706.523    -206.355    -0.042
-706.537    -205.855    -0.042
-706.552    -205.356    -0.042
-706.566    -204.856    -0.042
-706.580    -204.356    -0.042
-706.595    -203.856    -0.042
-706.609    -203.357    -0.042
-706.624    -202.857    -0.042
-706.637    -202.357    -0.042
-706.652    -201.857    -0.042
-706.666    -201.358    -0.042
-706.680    -200.858    -0.042
-706.694    -200.358    -0.042
-706.709    -199.858    -0.042
-706.723    -199.359    -0.042
-706.737    -198.859    -0.042
-706.751    -198.359    -0.042
-706.766    -197.859    -0.042
-706.780    -197.360    -0.042
-706.794    -196.860    -0.042
-706.809    -196.360    -0.042
-706.823    -195.860    -0.042
-706.838    -195.361    -0.042
-706.851    -194.861    -0.042
-706.866    -194.361    -0.042
-706.880    -193.861    -0.042
-706.895    -193.361    -0.042
-706.908    -192.862    -0.042
-706.923    -192.362    -0.042
-706.937    -191.862    -0.042
-706.952    -191.362    -0.042
-706.965    -190.863    -0.042
-706.980    -190.363    -0.042
-706.994    -189.863    -0.042
-707.009    -189.363    -0.042
-707.023    -188.864    -0.042
-707.037    -188.364    -0.042
-707.052    -187.864    -0.042
-707.066    -187.364    -0.042
-707.080    -186.865    -0.042
-707.094    -186.365    -0.042
-707.109    -185.865    -0.042
-707.123    -185.365    -0.042
-707.137    -184.866    -0.042
-707.151    -184.366    -0.042
-707.166    -183.866    -0.042
-707.180    -183.366    -0.042
-707.194    -182.866    -0.042
-707.209    -182.367    -0.042
-707.223    -181.867    -0.042
-707.238    -181.367    -0.042
-707.251    -180.867    -0.042
-707.266    -180.368    -0.042
-707.280    -179.868    -0.042
-707.294    -179.368    -0.042
-707.308    -178.868    -0.042
-707.323    -178.369    -0.042
-707.337    -177.869    -0.042
-707.351    -177.369    -0.042
-707.365    -176.869    -0.042
-707.380    -176.370    -0.042
-707.394    -175.870    -0.042
-707.408    -175.370    -0.042
-707.423    -174.870    -0.042
-707.437    -174.371    -0.042
-707.452    -173.871    -0.042
-707.465    -173.371    -0.042
-707.479    -172.871    -0.042
-707.494    -172.371    -0.042
-707.508    -171.872    -0.042
-707.521    -171.372    -0.042
-707.536    -170.872    -0.041
-707.550    -170.372    -0.041
-707.565    -169.873    -0.041
-707.578    -169.373    -0.041
-707.593    -168.873    -0.041
-707.608    -168.373    -0.041
-707.622    -167.874    -0.041
-707.636    -167.374    -0.041
-707.650    -166.874    -0.041
-707.665    -166.374    -0.041
-707.679    -165.875    -0.041
-707.693    -165.375    -0.041
-707.707    -164.875    -0.041
-707.722    -164.375    -0.041
-707.736    -163.876    -0.041
-707.750    -163.376    -0.041
-707.764    -162.876    -0.041
-707.779    -162.376    -0.041
-707.793    -161.876    -0.041
-707.807    -161.377    -0.041
-707.822    -160.877    -0.041
-707.836    -160.377    -0.041
-707.851    -159.877    -0.041
-707.864    -159.378    -0.041
-707.879    -158.878    -0.041
-707.893    -158.378    -0.041
-707.908    -157.878    -0.041
-707.921    -157.379    -0.041
-707.936    -156.879    -0.041
-707.950    -156.379    -0.041
-707.965    -155.879    -0.041
-707.978    -155.380    -0.041
-707.993    -154.880    -0.041
-708.007    -154.380    -0.041
-708.021    -153.880    -0.041
-708.036    -153.381    -0.041
-708.050    -152.881    -0.041
-708.065    -152.381    -0.041
-708.078    -151.881    -0.041
-708.093    -151.382    -0.041
-708.107    -150.882    -0.041
-708.122    -150.382    -0.041
-708.135    -149.882    -0.041
-708.150    -149.382    -0.041
-708.164    -148.883    -0.041
-708.179    -148.383    -0.041
-708.192    -147.883    -0.041
-708.207    -147.383    -0.041
-708.222    -146.884    -0.041
-708.236    -146.384    -0.041
-708.250    -145.884    -0.041
-708.264    -145.384    -0.041
-708.279    -144.886    -0.041
-708.293    -144.386    -0.041
-708.307    -143.886    -0.041
-708.321    -143.386    -0.041
-708.336    -142.887    -0.041
-708.350    -142.387    -0.041
-708.364    -141.887    -0.041
-708.378    -141.387    -0.041
-708.393    -140.888    -0.041
-708.407    -140.388    -0.041
-708.421    -139.888    -0.041
-708.436    -139.388    -0.041
-708.450    -138.888    -0.041
-708.465    -138.389    -0.041
-708.478    -137.889    -0.041
-708.493    -137.389    -0.041
-708.507    -136.889    -0.041
-708.522    -136.390    -0.041
-708.535    -135.890    -0.041
-708.550    -135.390    -0.041
-708.564    -134.890    -0.041
-708.579    -134.391    -0.041
-708.592    -133.891    -0.041
-708.607    -133.391    -0.041
-708.621    -132.891    -0.041
-708.635    -132.392    -0.041
-708.649    -131.892    -0.041
-708.664    -131.392    -0.041
-708.678    -130.892    -0.041
-708.692    -130.393    -0.041
-708.706    -129.893    -0.041
-708.720    -129.393    -0.041
-708.735    -128.893    -0.041
-708.748    -128.393    -0.041
-708.763    -127.894    -0.041
-708.777    -127.394    -0.041
-708.792    -126.894    -0.041
-708.805    -126.394    -0.041
-708.820    -125.895    -0.041
-708.835    -125.395    -0.041
-708.849    -124.895    -0.041
-708.863    -124.395    -0.041
-708.877    -123.896    -0.041
-708.892    -123.396    -0.041
-708.906    -122.896    -0.041
-708.920    -122.396    -0.041
-708.934    -121.897    -0.041
-708.949    -121.397    -0.041
-708.963    -120.897    -0.041
-708.977    -120.397    -0.040
-708.991    -119.898    -0.040
-709.006    -119.398    -0.040
-709.020    -118.898    -0.040
-709.034    -118.398    -0.040
-709.049    -117.899    -0.040
-709.063    -117.399    -0.040
-709.078    -116.899    -0.040
-709.091    -116.399    -0.040
-709.106    -115.899    -0.040
-709.120    -115.400    -0.040
-709.135    -114.900    -0.040
-709.148    -114.400    -0.040
-709.163    -113.900    -0.040
-709.177    -113.401    -0.040
-709.192    -112.901    -0.040
-709.205    -112.401    -0.040
-709.220    -111.901    -0.040
-709.235    -111.402    -0.040
-709.249    -110.902    -0.040
-709.263    -110.402    -0.040
-709.277    -109.902    -0.040
-709.292    -109.403    -0.040
-709.305    -108.903    -0.040
-709.320    -108.403    -0.040
-709.334    -107.903    -0.040
-709.349    -107.404    -0.040
-709.362    -106.904    -0.040
-709.377    -106.404    -0.040
-709.391    -105.904    -0.040
-709.406    -105.404    -0.040
-709.419    -104.905    -0.040
-709.434    -104.405    -0.040
-709.449    -103.905    -0.040
-709.463    -103.405    -0.040
-709.477    -102.906    -0.040
-709.491    -102.406    -0.040
-709.506    -101.906    -0.040
-709.520    -101.406    -0.040
-709.534    -100.907    -0.040
-709.548    -100.407    -0.040
-709.563    -99.907    -0.040
-709.577    -99.407    -0.040
-709.591    -98.908    -0.040
-709.605    -98.408    -0.040
-709.620    -97.908    -0.040
-709.634    -97.408    -0.040
-709.648    -96.909    -0.040
-709.662    -96.409    -0.040
-709.677    -95.909    -0.040
-709.691    -95.409    -0.040
-709.705    -94.909    -0.040
-709.719    -94.410    -0.040
-709.734    -93.910    -0.040
-709.748    -93.410    -0.040
-709.762    -92.910    -0.040
-709.776    -92.411    -0.040
-709.791    -91.911    -0.040
-709.805    -91.411    -0.040
-709.819    -90.911    -0.040
-709.834    -90.412    -0.040
-709.848    -89.912    -0.040
-709.863    -89.412    -0.040
-709.876    -88.912    -0.040
-709.891    -88.413    -0.040
-709.905    -87.913    -0.040
-709.920    -87.413    -0.040
-709.933    -86.913    -0.040
-709.948    -86.414    -0.040
-709.962    -85.914    -0.040
-709.976    -85.414    -0.040
-709.990    -84.914    -0.040
-710.005    -84.415    -0.040
-710.019    -83.915    -0.040
-710.033    -83.415    -0.040
-710.047    -82.915    -0.040
-710.062    -82.415    -0.040
-710.076    -81.916    -0.040
-710.090    -81.416    -0.040
-710.105    -80.916    -0.040
-710.119    -80.416    -0.040
-710.134    -79.917    -0.040
-710.147    -79.417    -0.040
-710.162    -78.917    -0.040
-710.176    -78.417    -0.040
-710.191    -77.918    -0.040
-710.204    -77.418    -0.040
-710.218    -76.918    -0.040
-710.233    -76.418    -0.040
-710.247    -75.919    -0.040
-710.261    -75.419    -0.040
-710.276    -74.919    -0.040
-710.290    -74.419    -0.040
-710.305    -73.920    -0.040
-710.318    -73.420    -0.040
-710.333    -72.920    -0.040
-710.347    -72.420    -0.040
-710.362    -71.920    -0.040
-710.376    -71.421    -0.040
-710.390    -70.921    -0.040
-710.405    -70.421    -0.040
-710.419    -69.921    -0.040
-710.432    -69.422    -0.040
-710.447    -68.922    -0.040
-710.461    -68.422    -0.040
-710.476    -67.922    -0.040
-710.489    -67.423    -0.040
-710.504    -66.923    -0.040
-710.518    -66.424    -0.040
-710.533    -65.924    -0.040
-710.547    -65.425    -0.040
-710.561    -64.925    -0.040
-710.576    -64.425    -0.040
-710.590    -63.925    -0.040
-710.604    -63.426    -0.040
-710.618    -62.926    -0.040
-710.633    -62.426    -0.040
-710.647    -61.926    -0.040
-710.661    -61.426    -0.040
-710.675    -60.927    -0.040
-710.690    -60.427    -0.040
-710.703    -59.927    -0.040
-710.718    -59.427    -0.040
-710.732    -58.928    -0.040
-710.747    -58.428    -0.040
-710.760    -57.928    -0.040
-710.775    -57.428    -0.040
-710.789    -56.929    -0.040
-710.804    -56.429    -0.040
-710.818    -55.929    -0.040
-710.832    -55.429    -0.040
-710.847    -54.930    -0.040
-710.861    -54.430    -0.040
-710.875    -53.930    -0.040
-710.890    -53.430    -0.040
-710.904    -52.931    -0.040
-710.918    -52.431    -0.040
-710.932    -51.931    -0.040
-710.946    -51.431    -0.040
-710.960    -50.931    -0.040
-710.975    -50.432    -0.040
-710.988    -49.932    -0.040
-711.003    -49.432    -0.040
-711.017    -48.932    -0.040
-711.032    -48.433    -0.040
-711.045    -47.933    -0.040
-711.060    -47.433    -0.040
-711.074    -46.933    -0.040
-711.089    -46.434    -0.040
-711.102    -45.934    -0.040
-711.116    -45.434    -0.040
-711.131    -44.934    -0.040
-711.145    -44.435    -0.040
-711.158    -43.935    -0.040
-711.173    -43.435    -0.040
-711.187    -42.935    -0.040
-711.201    -42.435    -0.040
-711.215    -41.936    -0.040
-711.229    -41.436    -0.040
-711.244    -40.936    -0.040
-711.258    -40.436    -0.040
-711.272    -39.937    -0.040
-711.286    -39.437    -0.040
-711.301    -38.937    -0.040
-711.315    -38.437    -0.040
-711.329    -37.938    -0.040
-711.343    -37.438    -0.040
-711.357    -36.938    -0.040
-711.371    -36.438    -0.040
-711.385    -35.939    -0.040
-711.399    -35.439    -0.040
-711.414    -34.939    -0.040
-711.427    -34.439    -0.040
-711.442    -33.940    -0.040
-711.456    -33.440    -0.040
-711.470    -32.940    -0.040
-711.484    -32.440    -0.040
-711.498    -31.940    -0.040
-711.513    -31.441    -0.040
-711.527    -30.941    -0.040
-711.541    -30.441    -0.040
-711.555    -29.941    -0.040
-711.570    -29.442    -0.040
-711.584    -28.942    -0.040
-711.598    -28.442    -0.040
-711.612    -27.942    -0.040
-711.626    -27.443    -0.040
-711.641    -26.943    -0.040
-711.654    -26.443    -0.040
-711.669    -25.943    -0.040
-711.683    -25.444    -0.040
-711.698    -24.944    -0.040
-711.711    -24.444    -0.040
-711.726    -23.944    -0.040
-711.740    -23.444    -0.040
-711.754    -22.945    -0.040
-711.768    -22.445    -0.040
-711.782    -21.945    -0.040
-711.797    -21.445    -0.040
-711.811    -20.946    -0.040
-711.824    -20.446    -0.040
-711.839    -19.946    -0.040
-711.853    -19.446    -0.040
-711.867    -18.947    -0.040
-711.881    -18.447    -0.040
-711.895    -17.947    -0.040
-711.909    -17.447    -0.040
-711.924    -16.948    -0.040
-711.938    -16.448    -0.040
-711.952    -15.948    -0.040
-711.967    -15.448    -0.040
-711.981    -14.949    -0.040
-711.995    -14.449    -0.040
-712.009    -13.949    -0.040
-712.023    -13.449    -0.040
-712.038    -12.949    -0.040
-712.051    -12.450    -0.040
-712.065    -11.950    -0.040
-712.080    -11.450    -0.040
-712.093    -10.950    -0.040
-712.107    -10.451    -0.040
-712.122    -9.951    -0.040
-712.136    -9.451    -0.040
-712.149    -8.951    -0.040
-712.164    -8.452    -0.040
-712.179    -7.952    -0.040
-712.193    -7.452    -0.040
-712.207    -6.952    -0.040
-712.221    -6.453    -0.040
-712.236    -5.953    -0.040
-712.250    -5.453    -0.040
-712.263    -4.953    -0.040
-712.278    -4.453    -0.040
-712.292    -3.954    -0.040
-712.306    -3.454    -0.040
-712.320    -2.954    -0.040
-712.334    -2.454    -0.040
-712.349    -1.955    -0.040
-712.363    -1.455    -0.040
-712.377    -0.955    -0.040
-712.391    -0.455    -0.040
-712.406    0.044    -0.040
-712.420    0.544    -0.040
-712.434    1.044    -0.040
-712.448    1.544    -0.040
-712.462    2.043    -0.040
-712.477    2.543    -0.040
-712.490    3.043    -0.040
-712.504    3.543    -0.040
-712.519    4.043    -0.040
-712.533    4.542    -0.040
-712.547    5.042    -0.040
-712.561    5.542    -0.040
-712.575    6.042    -0.040
-712.590    6.541    -0.040
-712.603    7.041    -0.040
-712.618    7.541    -0.040
-712.632    8.041    -0.040
-712.647    8.540    -0.040
-712.660    9.040    -0.040
-712.675    9.540    -0.040
-712.689    10.040    -0.040
-712.703    10.539    -0.040
-712.717    11.039    -0.040
-712.731    11.539    -0.040
-712.746    12.039    -0.040
-712.760    12.539    -0.040
-712.773    13.038    -0.040
-712.788    13.538    -0.040
-712.802    14.038    -0.040
-712.815    14.538    -0.040
-712.830    15.037    -0.040
-712.844    15.537    -0.040
-712.859    16.037    -0.040
-712.872    16.537    -0.040
-712.887    17.036    -0.040
-712.901    17.535    -0.040
-712.916    18.035    -0.040
-712.929    18.535    -0.040
-712.944    19.034    -0.040
-712.958    19.534    -0.040
-712.972    20.034    -0.040
-712.986    20.534    -0.040
-713.000    21.024    -0.040
-713.015    21.524    -0.040
-713.028    22.024    -0.040
-713.043    22.524    -0.040
-713.057    23.024    -0.040
-713.072    23.523    -0.040
-713.085    24.023    -0.040
-713.099    24.523    -0.040
-713.114    25.023    -0.040
-713.128    25.522    -0.040
-713.142    26.022    -0.040
-713.156    26.522    -0.040
-713.170    27.022    -0.040
-713.185    27.521    -0.040
-713.198    28.021    -0.040
-713.212    28.521    -0.040
-713.227    29.021    -0.040
-713.241    29.520    -0.040
-713.254    30.020    -0.040
-713.269    30.520    -0.040
-713.283    31.020    -0.040
-713.298    31.520    -0.040
-713.312    32.019    -0.040
-713.326    32.519    -0.040
-713.340    33.019    -0.040
-713.355    33.519    -0.040
-713.368    34.018    -0.040
-713.383    34.518    -0.040
-713.397    35.018    -0.040
-713.411    35.518    -0.040
-713.425    36.017    -0.040
-713.439    36.517    -0.040
-713.454    37.017    -0.040
-713.468    37.517    -0.040
-713.482    38.016    -0.040
-713.496    38.516    -0.040
-713.511    39.016    -0.040
-713.525    39.516    -0.040
-713.538    40.016    -0.040
-713.553    40.515    -0.040
-713.567    41.015    -0.040
-713.580    41.515    -0.040
-713.595    42.015    -0.040
-713.609    42.514    -0.040
-713.624    43.014    -0.040
-713.637    43.514    -0.040
-713.651    44.014    -0.040
-713.666    44.513    -0.040
-713.680    45.013    -0.040
-713.694    45.513    -0.040
-713.708    46.013    -0.040
-713.723    46.512    -0.040
-713.737    47.012    -0.040
-713.751    47.512    -0.040
-713.765    48.012    -0.040
-713.779    48.511    -0.040
-713.794    49.011    -0.040
-713.807    49.511    -0.040
-713.822    50.011    -0.040
-713.836    50.511    -0.040
-713.850    51.010    -0.040
-713.864    51.510    -0.040
-713.878    52.010    -0.040
-713.893    52.510    -0.040
-713.907    53.009    -0.040
-713.921    53.509    -0.040
-713.935    54.009    -0.040
-713.950    54.509    -0.040
-713.964    55.008    -0.040
-713.977    55.508    -0.040
-713.992    56.008    -0.040
-714.006    56.508    -0.040
-714.021    57.007    -0.040
-714.034    57.507    -0.040
-714.049    58.007    -0.040
-714.063    58.507    -0.040
-714.078    59.007    -0.040
-714.091    59.506    -0.040
-714.106    60.006    -0.040
-714.120    60.506    -0.040
-714.134    61.006    -0.040
-714.148    61.505    -0.040
-714.162    62.005    -0.040
-714.176    62.505    -0.040
-714.191    63.005    -0.040
-714.204    63.503    -0.040
-714.218    64.003    -0.040
-714.233    64.503    -0.040
-714.247    65.003    -0.040
-714.261    65.502    -0.040
-714.275    66.002    -0.040
-714.290    66.502    -0.040
-714.303    67.002    -0.040
-714.318    67.501    -0.040
-714.332    68.001    -0.040
-714.347    68.501    -0.040
-714.360    69.001    -0.040
-714.374    69.501    -0.040
-714.389    70.000    -0.040
-714.403    70.500    -0.040
-714.416    71.000    -0.040
-714.431    71.500    -0.040
-714.445    71.999    -0.040
-714.460    72.499    -0.040
-714.473    72.999    -0.040
-714.488    73.499    -0.040
-714.502    73.998    -0.040
-714.517    74.498    -0.040
-714.530    74.998    -0.040
-714.545    75.498    -0.040
-714.559    75.997    -0.040
-714.573    76.497    -0.040
-714.587    76.997    -0.040
-714.601    77.497    -0.040
-714.615    77.997    -0.040
-714.630    78.496    -0.040
-714.643    78.996    -0.040
-714.657    79.496    -0.040
-714.672    79.996    -0.040
-714.686    80.495    -0.041
-714.700    80.995    -0.041
-714.714    81.495    -0.041
-714.729    81.995    -0.041
-714.743    82.494    -0.041
-714.757    82.994    -0.041
-714.771    83.494    -0.041
-714.786    83.994    -0.041
-714.800    84.493    -0.041
-714.813    84.993    -0.041
-714.828    85.493    -0.041
-714.842    85.993    -0.041
-714.856    86.493    -0.041
-714.870    86.992    -0.041
-714.884    87.492    -0.041
-714.899    87.992    -0.041
-714.914    88.492    -0.041
-714.927    88.991    -0.041
-714.941    89.491    -0.041
-714.956    89.991    -0.041
-714.970    90.491    -0.041
-714.984    90.990    -0.041
-714.998    91.490    -0.041
-715.012    91.990    -0.041
-715.026    92.490    -0.041
-715.040    92.989    -0.041
-715.054    93.489    -0.041
-715.069    93.989    -0.041
-715.082    94.489    -0.041
-715.096    94.989    -0.041
-715.111    95.488    -0.041
-715.125    95.988    -0.041
-715.139    96.488    -0.041
-715.153    96.988    -0.041
-715.168    97.487    -0.041
-715.182    97.987    -0.041
-715.196    98.487    -0.041
-715.210    98.987    -0.041
-715.225    99.486    -0.041
-715.239    99.986    -0.041
-715.252    100.486    -0.041
-715.267    100.986    -0.041
-715.281    101.485    -0.041
-715.296    101.985    -0.041
-715.309    102.485    -0.041
-715.324    102.985    -0.041
-715.338    103.484    -0.041
-715.353    103.984    -0.041
-715.366    104.484    -0.041
-715.380    104.984    -0.041
-715.395    105.484    -0.041
-715.409    105.983    -0.041
-715.422    106.483    -0.041
-715.437    106.983    -0.041
-715.451    107.483    -0.041
-715.466    107.982    -0.041
-715.479    108.482    -0.041
-715.493    108.982    -0.041
-715.508    109.482    -0.041
-715.522    109.981    -0.041
-715.535    110.481    -0.041
-715.550    110.981    -0.041
-715.565    111.481    -0.041
-715.579    111.980    -0.041
-715.593    112.480    -0.041
-715.607    112.980    -0.041
-715.621    113.480    -0.041
-715.636    113.980    -0.041
-715.649    114.479    -0.041
-715.664    114.979    -0.041
-715.678    115.479    -0.041
-715.692    115.979    -0.041
-715.706    116.478    -0.041
-715.720    116.978    -0.041
-715.735    117.478    -0.041
-715.749    117.978    -0.041
-715.763    118.477    -0.041
-715.777    118.977    -0.041
-715.792    119.477    -0.041
-715.805    119.977    -0.041
-715.819    120.476    -0.041
-715.834    120.976    -0.041
-715.848    121.476    -0.041
-715.861    121.976    -0.041
-715.876    122.476    -0.041
-715.891    122.975    -0.041
-715.905    123.475    -0.041
-715.919    123.975    -0.041
-715.933    124.475    -0.041
-715.948    124.974    -0.041
-715.962    125.474    -0.041
-715.975    125.974    -0.041
-715.990    126.474    -0.041
-716.004    126.973    -0.041
-716.018    127.473    -0.041
-716.032    127.973    -0.041
-716.046    128.473    -0.041
-716.060    128.972    -0.041
-716.075    129.472    -0.041
-716.088    129.972    -0.041
-716.102    130.472    -0.041
-716.117    130.971    -0.042
-716.131    131.471    -0.042
-716.145    131.971    -0.042
-716.159    132.471    -0.042
-716.174    132.971    -0.042
-716.188    133.470    -0.042
-716.202    133.970    -0.042
-716.216    134.470    -0.042
-716.230    134.970    -0.042
-716.244    135.469    -0.042
-716.258    135.969    -0.042
-716.272    136.469    -0.042
-716.286    136.969    -0.042
-716.300    137.468    -0.042
-716.314    137.968    -0.042
-716.328    138.468    -0.042
-716.342    138.968    -0.042
-716.356    139.468    -0.042
-716.369    139.967    -0.042
-716.384    140.467    -0.042
-716.398    140.967    -0.042
-716.412    141.467    -0.042
-716.425    141.966    -0.042
-716.439    142.466    -0.042
-716.454    142.966    -0.042
-716.468    143.466    -0.042
-716.481    143.965    -0.042
-716.495    144.465    -0.042
-716.509    144.965    -0.042
-716.524    145.465    -0.042
-716.537    145.965    -0.042
-716.551    146.464    -0.042
-716.565    146.964    -0.042
-716.579    147.464    -0.042
-716.593    147.964    -0.042
-716.607    148.463    -0.042
-716.621    148.963    -0.042
-716.634    149.463    -0.042
-716.648    149.963    -0.042
-716.663    150.462    -0.042
-716.677    150.962    -0.042
-716.690    151.461    -0.042
-716.704    151.961    -0.042
-716.718    152.461    -0.042
-716.733    152.960    -0.042
-716.746    153.460    -0.042
-716.760    153.960    -0.042
-716.774    154.460    -0.042
-716.788    154.959    -0.042
-716.802    155.459    -0.042
-716.816    155.959    -0.042
-716.830    156.459    -0.042
-716.844    156.958    -0.042
-716.857    157.458    -0.042
-716.872    157.958    -0.042
-716.886    158.458    -0.042
-716.900    158.958    -0.042
-716.913    159.457    -0.042
-716.927    159.957    -0.042
-716.942    160.457    -0.042
-716.956    160.957    -0.042
-716.969    161.456    -0.042
-716.983    161.956    -0.042
-716.997    162.456    -0.042
-717.012    162.956    -0.042
-717.025    163.455    -0.042
-717.039    163.955    -0.042
-717.054    164.455    -0.042
-717.068    164.955    -0.042
-717.081    165.454    -0.042
-717.096    165.954    -0.042
-717.110    166.454    -0.042
-717.124    166.954    -0.042
-717.137    167.454    -0.042
-717.152    167.953    -0.042
-717.166    168.453    -0.043
-717.180    168.953    -0.043
-717.193    169.453    -0.043
-717.207    169.952    -0.043
-717.222    170.452    -0.043
-717.236    170.952    -0.043
-717.249    171.452    -0.043
-717.263    171.951    -0.043
-717.277    172.451    -0.043
-717.292    172.951    -0.043
-717.305    173.451    -0.043
-717.319    173.951    -0.043
-717.333    174.450    -0.043
-717.346    174.950    -0.043
-717.361    175.450    -0.043
-717.375    175.950    -0.043
-717.389    176.449    -0.043
-717.402    176.949    -0.043
-717.416    177.449    -0.043
-717.431    177.949    -0.043
-717.446    178.448    -0.043
-717.460    178.948    -0.043
-717.475    179.448    -0.043
-717.490    179.948    -0.043
-717.505    180.447    -0.043
-717.519    180.947    -0.043
-717.534    181.447    -0.043
-717.549    181.947    -0.043
-717.564    182.446    -0.043
-717.578    182.946    -0.043
-717.592    183.446    -0.043
-717.607    183.946    -0.043
-717.622    184.445    -0.043
-717.636    184.945    -0.043
-717.652    185.445    -0.043
-717.667    185.945    -0.043
-717.682    186.444    -0.043
-717.696    186.944    -0.043
-717.711    187.444    -0.043
-717.726    187.944    -0.043
-717.741    188.443    -0.043
-717.755    188.943    -0.043
-717.770    189.443    -0.043
-717.785    189.943    -0.043
-717.800    190.442    -0.043
-717.814    190.942    -0.043
-717.829    191.442    -0.043
-717.845    191.942    -0.043
-717.860    192.441    -0.043
-717.874    192.941    -0.043
-717.888    193.441    -0.043
-717.903    193.941    -0.043
-717.918    194.440    -0.043
-717.932    194.940    -0.043
-717.947    195.440    -0.043
-717.962    195.940    -0.043
-717.977    196.439    -0.043
-717.991    196.939    -0.043
-718.006    197.439    -0.043
-718.021    197.939    -0.043
-718.036    198.438    -0.043
-718.051    198.938    -0.043
-718.066    199.438    -0.043
-718.081    199.938    -0.044
-718.096    200.437    -0.044
-718.110    200.937    -0.044
-718.125    201.437    -0.044
-718.140    201.937    -0.044
-718.154    202.436    -0.044
-718.169    202.936    -0.044
-718.184    203.436    -0.044
-718.199    203.936    -0.044
-718.213    204.435    -0.044
-718.228    204.935    -0.044
-718.243    205.435    -0.044
-718.258    205.935    -0.044
-718.272    206.434    -0.044
-718.287    206.934    -0.044
-718.302    207.434    -0.044
-718.317    207.934    -0.044
-718.331    208.433    -0.044
-718.346    208.933    -0.044
-718.361    209.433    -0.044
-718.376    209.933    -0.044
-718.390    210.432    -0.044
-718.405    210.932    -0.044
-718.420    211.432    -0.044
-718.435    211.932    -0.044
-718.449    212.431    -0.044
-718.465    212.931    -0.044
-718.480    213.431    -0.044
-718.495    213.931    -0.044
-718.509    214.430    -0.044
-718.524    214.930    -0.044
-718.539    215.430    -0.044
-718.554    215.930    -0.044
-718.568    216.429    -0.044
-718.583    216.929    -0.044
-718.598    217.429    -0.044
-718.613    217.929    -0.044
-718.627    218.427    -0.044
-718.641    218.927    -0.044
-718.656    219.427    -0.044
-718.672    219.927    -0.044
-718.686    220.426    -0.044
-718.701    220.926    -0.044
-718.716    221.426    -0.044
-718.731    221.926    -0.044
-718.745    222.425    -0.044
-718.760    222.925    -0.044
-718.775    223.425    -0.044
-718.790    223.925    -0.044
-718.804    224.424    -0.044
-718.819    224.924    -0.044
-718.834    225.424    -0.044
-718.849    225.924    -0.044
-718.864    226.423    -0.044
-718.879    226.923    -0.045
-718.894    227.423    -0.045
-718.908    227.923    -0.045
-718.923    228.422    -0.045
-718.937    228.922    -0.045
-718.952    229.422    -0.045
-718.966    229.922    -0.045
-718.981    230.421    -0.045
-718.996    230.921    -0.045
-719.011    231.421    -0.045
-719.025    231.921    -0.045
-719.040    232.420    -0.045
-719.055    232.920    -0.045
-719.071    233.420    -0.045
-719.085    233.920    -0.045
-719.100    234.419    -0.045
-719.115    234.919    -0.045
-719.130    235.419    -0.045
-719.144    235.919    -0.045
-719.159    236.418    -0.045
-719.174    236.918    -0.045
-719.189    237.418    -0.045
-719.203    237.918    -0.045
-719.218    238.417    -0.045
-719.233    238.917    -0.045
-719.248    239.417    -0.045
-719.262    239.917    -0.045
-719.277    240.416    -0.045
-719.292    240.916    -0.045
-719.307    241.416    -0.045
-719.321    241.916    -0.045
-719.336    242.415    -0.045
-719.351    242.915    -0.045
-719.366    243.415    -0.045
-719.380    243.915    -0.045
-719.395    244.414    -0.045
-719.410    244.914    -0.045
-719.425    245.414    -0.045
-719.439    245.914    -0.045
-719.454    246.413    -0.045
-719.469    246.913    -0.045
-719.484    247.413    -0.045
-719.498    247.913    -0.045
-719.513    248.412    -0.045
-719.528    248.912    -0.045
-719.543    249.412    -0.045
-719.557    249.912    -0.045
-719.572    250.411    -0.045
-719.587    250.911    -0.045
-719.602    251.411    -0.046
-719.616    251.911    -0.046
-719.631    252.410    -0.046
-719.646    252.910    -0.046
-719.661    253.410    -0.046
-719.675    253.910    -0.046
-719.690    254.409    -0.046
-719.705    254.909    -0.046
-719.719    255.409    -0.046
-719.734    255.909    -0.046
-719.749    256.408    -0.046
-719.764    256.908    -0.046
-719.778    257.408    -0.046
-719.793    257.908    -0.046
-719.808    258.407    -0.046
-719.823    258.907    -0.046
-719.837    259.407    -0.046
-719.852    259.907    -0.046
-719.867    260.406    -0.046
-719.882    260.906    -0.046
-719.896    261.406    -0.046
-719.911    261.906    -0.046
-719.926    262.405    -0.046
-719.941    262.905    -0.046
-719.955    263.405    -0.046
-719.970    263.905    -0.046
-719.985    264.404    -0.046
-720.000    264.904    -0.046
-720.014    265.404    -0.046
-720.029    265.904    -0.046
-720.044    266.403    -0.046
-720.059    266.903    -0.046
-720.073    267.403    -0.046
-720.088    267.903    -0.046
-720.103    268.402    -0.046
-720.118    268.902    -0.046
-720.132    269.402    -0.046
-720.147    269.902    -0.046
-720.162    270.401    -0.046
-720.177    270.901    -0.046
-720.191    271.401    -0.046
-720.206    271.901    -0.046
-720.221    272.400    -0.046
-720.236    272.900    -0.046
-720.250    273.399    -0.046
-720.265    273.899    -0.047
-720.280    274.398    -0.047
-720.295    274.898    -0.047
-720.309    275.398    -0.047
-720.324    275.898    -0.047
-720.339    276.397    -0.047
-720.353    276.897    -0.047
-720.367    277.397    -0.047
-720.381    277.897    -0.047
-720.396    278.396    -0.047
-720.410    278.896    -0.047
-720.423    279.396    -0.047
-720.438    279.896    -0.047
-720.452    280.396    -0.047
-720.466    280.895    -0.047
-720.480    281.395    -0.047
-720.495    281.895    -0.047
-720.510    282.395    -0.047
-720.523    282.894    -0.047
-720.538    283.394    -0.047
-720.552    283.894    -0.047
-720.567    284.394    -0.047
-720.580    284.893    -0.047
-720.595    285.393    -0.047
-720.609    285.893    -0.047
-720.624    286.393    -0.047
-720.637    286.892    -0.047
-720.651    287.392    -0.047
-720.666    287.892    -0.047
-720.680    288.392    -0.047
-720.694    288.891    -0.047
-720.708    289.391    -0.047
-720.723    289.891    -0.047
-720.737    290.391    -0.047
-720.751    290.890    -0.047
-720.765    291.390    -0.047
-720.780    291.890    -0.047
-720.795    292.390    -0.047
-720.808    292.890    -0.047
-720.823    293.389    -0.047
-720.837    293.889    -0.047
-720.852    294.389    -0.047
-720.865    294.889    -0.048
-720.879    295.388    -0.048
-720.894    295.888    -0.048
-720.908    296.388    -0.048
-720.921    296.888    -0.048
-720.936    297.387    -0.048
-720.951    297.887    -0.048
-720.965    298.387    -0.048
-720.979    298.887    -0.048
-720.993    299.386    -0.048
-721.008    299.886    -0.048
-721.022    300.386    -0.048
-721.035    300.886    -0.048
-721.050    301.385    -0.048
-721.064    301.885    -0.048
-721.079    302.385    -0.048
-721.092    302.885    -0.048
-721.107    303.385    -0.048
-721.121    303.884    -0.048
-721.136    304.384    -0.048
-721.149    304.884    -0.048
-721.164    305.384    -0.048
-721.178    305.883    -0.048
-721.193    306.383    -0.048
-721.206    306.883    -0.048
-721.221    307.383    -0.048
-721.235    307.882    -0.048
-721.250    308.382    -0.048
-721.264    308.882    -0.048
-721.278    309.382    -0.048
-721.292    309.881    -0.048
-721.306    310.381    -0.048
-721.320    310.881    -0.048
-721.334    311.381    -0.048
-721.349    311.881    -0.048
-721.362    312.380    -0.048
-721.377    312.880    -0.048
-721.391    313.380    -0.048
-721.406    313.880    -0.048
-721.420    314.379    -0.049
-721.434    314.879    -0.049
-721.449    315.379    -0.049
-721.463    315.879    -0.049
-721.477    316.378    -0.049
-721.491    316.878    -0.049
-721.506    317.378    -0.049
-721.520    317.878    -0.049
-721.534    318.377    -0.049
-721.548    318.877    -0.049
-721.562    319.377    -0.049
-721.577    319.877    -0.049
-721.590    320.376    -0.049
-721.605    320.876    -0.049
-721.619    321.376    -0.049
-721.634    321.876    -0.049
-721.647    322.376    -0.049
-721.662    322.875    -0.049
-721.676    323.375    -0.049
-721.691    323.875    -0.049
-721.704    324.375    -0.049
-721.718    324.874    -0.049
-721.733    325.374    -0.049
-721.747    325.874    -0.049
-721.760    326.374    -0.049
-721.775    326.873    -0.049
-721.789    327.373    -0.049
-721.804    327.873    -0.049
-721.817    328.373    -0.049
-721.832    328.872    -0.049
-721.846    329.372    -0.049
-721.860    329.872    -0.049
-721.873    330.372    -0.049
-721.888    330.872    -0.049
-721.902    331.371    -0.049
-721.916    331.871    -0.049
-721.930    332.371    -0.049
-721.944    332.871    -0.050
-721.958    333.370    -0.050
-721.972    333.870    -0.050
-721.986    334.370    -0.050
-722.000    334.870    -0.050
-722.015    335.369    -0.050
-722.029    335.869    -0.050
-722.043    336.369    -0.050
-722.057    336.869    -0.050
-722.071    337.368    -0.050
-722.086    337.868    -0.050
-722.099    338.368    -0.050
-722.113    338.868    -0.050
-722.128    339.368    -0.050
-722.142    339.867    -0.050
-722.156    340.367    -0.050
-722.170    340.867    -0.050
-722.185    341.367    -0.050
-722.198    341.866    -0.050
-722.213    342.366    -0.050
-722.228    342.866    -0.050
-722.243    343.366    -0.050
-722.257    343.865    -0.050
-722.272    344.365    -0.050
-722.287    344.865    -0.050
-722.302    345.365    -0.050
-722.316    345.864    -0.050
-722.332    346.364    -0.050
-722.347    346.864    -0.050
-722.362    347.364    -0.050
-722.376    347.863    -0.050
-722.391    348.363    -0.050
-722.406    348.863    -0.050
-722.421    349.363    -0.050
-722.435    349.862    -0.050
-722.450    350.361    -0.051
-722.465    350.861    -0.051
-722.480    351.361    -0.051
-722.494    351.860    -0.051
-722.510    352.360    -0.051
-722.525    352.860    -0.051
-722.540    353.360    -0.051
-722.555    353.859    -0.051
-722.570    354.359    -0.051
-722.586    354.859    -0.051
-722.601    355.358    -0.051
-722.615    355.858    -0.051
-722.631    356.358    -0.051
-722.646    356.858    -0.051
-722.661    357.357    -0.051
-722.676    357.857    -0.051
-722.691    358.357    -0.051
-722.707    358.857    -0.051
-722.722    359.356    -0.051
-722.737    359.856    -0.051
-722.752    360.356    -0.051
-722.768    360.856    -0.051
-722.783    361.355    -0.051
-722.798    361.855    -0.051
-722.813    362.355    -0.051
-722.829    362.855    -0.051
-722.844    363.354    -0.051
-722.858    363.854    -0.051
-722.874    364.354    -0.051
-722.889    364.854    -0.051
-722.903    365.353    -0.051
-722.915    365.853    -0.051
-722.928    366.353    -0.051
-722.942    366.853    -0.052
-722.955    367.352    -0.052
-722.968    367.852    -0.052
-722.981    368.352    -0.052
-722.995    368.852    -0.052
-723.007    369.352    -0.052
-723.020    369.851    -0.052
-723.034    370.351    -0.052
-723.047    370.851    -0.052
-723.059    371.351    -0.052
-723.072    371.851    -0.052
-723.086    372.350    -0.052
-723.099    372.850    -0.052
-723.111    373.350    -0.052
-723.124    373.850    -0.052
-723.138    374.350    -0.052
-723.151    374.849    -0.052
-723.163    375.349    -0.052
-723.177    375.849    -0.052
-723.190    376.349    -0.052
-723.203    376.848    -0.052
-723.215    377.348    -0.052
-723.229    377.848    -0.052
-723.242    378.348    -0.052
-723.255    378.848    -0.052
-723.268    379.347    -0.052
-723.281    379.847    -0.052
-723.295    380.347    -0.052
-723.307    380.847    -0.052
-723.316    381.347    -0.052
-723.326    381.847    -0.052
-723.335    382.346    -0.052
-723.345    382.846    -0.052
-723.354    383.346    -0.053
-723.364    383.846    -0.053
-723.373    384.346    -0.053
-723.383    384.846    -0.053
-723.392    385.346    -0.053
-723.401    385.846    -0.053
-723.411    386.345    -0.053
-723.421    386.845    -0.053
-723.430    387.345    -0.053
-723.439    387.845    -0.053
-723.449    388.345    -0.053
-723.459    388.845    -0.053
-723.467    389.345    -0.053
-723.477    389.845    -0.053
-723.487    390.344    -0.053
-723.497    390.844    -0.053
-723.505    391.344    -0.053
-723.515    391.844    -0.053
-723.525    392.344    -0.053
-723.534    392.844    -0.053
-723.543    393.344    -0.053
-723.553    393.844    -0.053
-723.563    394.343    -0.053
-723.572    394.843    -0.053
-723.581    395.343    -0.053
-723.591    395.843    -0.053
-723.600    396.343    -0.053
-723.610    396.843    -0.053
-723.619    397.343    -0.053
-723.629    397.843    -0.053
-723.641    398.342    -0.053
-723.659    398.842    -0.054
-723.675    399.342    -0.054
-723.693    399.841    -0.054
-723.711    400.341    -0.054
-723.728    400.841    -0.054
-723.745    401.340    -0.054
-723.762    401.840    -0.054
-723.780    402.340    -0.054
-723.797    402.840    -0.054
-723.814    403.339    -0.054
-723.831    403.839    -0.054
-723.849    404.339    -0.054
-723.866    404.838    -0.054
-723.883    405.337    -0.054
-723.900    405.837    -0.054
-723.918    406.336    -0.054
-723.934    406.836    -0.054
-723.952    407.336    -0.054
-723.969    407.835    -0.054
-723.987    408.335    -0.054
-724.003    408.835    -0.054
-724.021    409.335    -0.054
-724.038    409.834    -0.054
-724.052    410.334    -0.054
-724.066    410.834    -0.054
-724.080    411.334    -0.054
-724.094    411.833    -0.054
-724.108    412.333    -0.054
-724.122    412.833    -0.054
-724.136    413.333    -0.054
-724.150    413.832    -0.055
-724.165    414.332    -0.055
-724.178    414.832    -0.055
-724.193    415.332    -0.055
-724.207    415.831    -0.055
-724.221    416.331    -0.055
-724.234    416.831    -0.055
-724.249    417.331    -0.055
-724.263    417.830    -0.055
-724.277    418.330    -0.055
-724.290    418.830    -0.055
-724.305    419.330    -0.055
-724.319    419.830    -0.055
-724.334    420.329    -0.055
-724.347    420.829    -0.055
-724.361    421.329    -0.055
-724.376    421.829    -0.055
-724.390    422.328    -0.055
-724.404    422.828    -0.055
-724.418    423.328    -0.055
-724.432    423.828    -0.055
-724.447    424.327    -0.055
-724.460    424.827    -0.055
-724.474    425.327    -0.055
-724.488    425.827    -0.055
-724.503    426.327    -0.055
-724.516    426.826    -0.055
-724.530    427.326    -0.055
-724.545    427.826    -0.055
-724.559    428.326    -0.056
-724.572    428.825    -0.056
-724.587    429.325    -0.056
-724.601    429.825    -0.056
-724.616    430.325    -0.056
-724.629    430.824    -0.056
-724.643    431.324    -0.056
-724.657    431.824    -0.056
-724.671    432.324    -0.056
-724.685    432.823    -0.056
-724.699    433.323    -0.056
-724.713    433.823    -0.056
-724.728    434.323    -0.056
-724.741    434.823    -0.056
-724.755    435.322    -0.056
-724.770    435.822    -0.056
-724.783    436.322    -0.056
-724.797    436.822    -0.056
-724.811    437.321    -0.056
-724.826    437.821    -0.056
-724.839    438.321    -0.056
-724.853    438.821    -0.056
-724.867    439.320    -0.056
-724.881    439.820    -0.056
-724.895    440.320    -0.056
-724.909    440.820    -0.056
-724.923    441.320    -0.056
-724.937    441.819    -0.056
-724.950    442.319    -0.057
-724.965    442.819    -0.057
-724.979    443.319    -0.057
-724.993    443.818    -0.057
-725.007    444.318    -0.057
-725.021    444.818    -0.057
-725.035    445.318    -0.057
-725.050    445.817    -0.057
-725.063    446.317    -0.057
-725.077    446.817    -0.057
-725.091    447.317    -0.057
-725.105    447.817    -0.057
-725.119    448.316    -0.057
-725.133    448.816    -0.057
-725.147    449.316    -0.057
-725.161    449.816    -0.057
-725.174    450.315    -0.057
-725.189    450.815    -0.057
-725.203    451.315    -0.057
-725.217    451.815    -0.057
-725.231    452.314    -0.057
-725.245    452.814    -0.057
-725.259    453.314    -0.057
-725.274    453.814    -0.057
-725.287    454.313    -0.057
-725.301    454.813    -0.057
-725.315    455.313    -0.057
-725.330    455.813    -0.058
-725.343    456.313    -0.058
-725.357    456.812    -0.058
-725.371    457.312    -0.058
-725.386    457.812    -0.058
-725.399    458.312    -0.058
-725.414    458.811    -0.058
-725.428    459.311    -0.058
-725.442    459.811    -0.058
-725.455    460.311    -0.058
-725.470    460.810    -0.058
-725.484    461.310    -0.058
-725.498    461.810    -0.058
-725.511    462.310    -0.058
-725.525    462.810    -0.058
-725.540    463.309    -0.058
-725.554    463.809    -0.058
-725.567    464.309    -0.058
-725.581    464.809    -0.058
-725.595    465.308    -0.058
-725.610    465.808    -0.058
-725.623    466.308    -0.058
-725.637    466.808    -0.058
-725.652    467.307    -0.058
-725.666    467.807    -0.058
-725.680    468.307    -0.058
-725.694    468.807    -0.059
-725.708    469.306    -0.059
-725.722    469.806    -0.059
-725.735    470.306    -0.059
-725.750    470.806    -0.059
-725.764    471.306    -0.059
-725.777    471.805    -0.059
-725.791    472.305    -0.059
-725.806    472.805    -0.059
-725.820    473.305    -0.059
-725.834    473.804    -0.059
-725.848    474.304    -0.059
-725.862    474.804    -0.059
-725.876    475.304    -0.059
-725.890    475.803    -0.059
-725.904    476.303    -0.059
-725.918    476.803    -0.059
-725.932    477.303    -0.059
-725.945    477.802    -0.059
-725.960    478.301    -0.059
-725.974    478.801    -0.059
-725.988    479.301    -0.059
-726.001    479.801    -0.059
-726.015    480.300    -0.059
-726.030    480.800    -0.059
-726.044    481.300    -0.059
-726.057    481.800    -0.060
-726.072    482.299    -0.060
-726.086    482.799    -0.060
-726.101    483.299    -0.060
-726.114    483.799    -0.060
-726.128    484.299    -0.060
-726.142    484.798    -0.060
-726.156    485.298    -0.060
-726.170    485.798    -0.060
-726.184    486.298    -0.060
-726.198    486.797    -0.060
-726.212    487.297    -0.060
-726.225    487.797    -0.060
-726.240    488.297    -0.060
-726.254    488.796    -0.060
-726.268    489.296    -0.060
-726.281    489.796    -0.060
-726.296    490.296    -0.060
-726.310    490.795    -0.060
-726.324    491.295    -0.060
-726.338    491.795    -0.060
-726.352    492.295    -0.060
-726.366    492.795    -0.060
-726.381    493.294    -0.060
-726.394    493.794    -0.060
-726.408    494.294    -0.061
-726.422    494.794    -0.061
-726.436    495.293    -0.061
-726.450    495.793    -0.061
-726.464    496.293    -0.061
-726.478    496.793    -0.061
-726.493    497.292    -0.061
-726.506    497.792    -0.061
-726.521    498.292    -0.061
-726.535    498.792    -0.061
-726.549    499.292    -0.061
-726.562    499.791    -0.061
-726.576    500.291    -0.061
-726.591    500.791    -0.061
-726.605    501.291    -0.061
-726.618    501.790    -0.061
-726.632    502.290    -0.061
-726.646    502.790    -0.061
-726.659    503.290    -0.061
-726.674    503.789    -0.061
-726.688    504.289    -0.061
-726.702    504.789    -0.061
-726.716    505.289    -0.061
-726.730    505.789    -0.061
-726.744    506.288    -0.062
-726.759    506.788    -0.062
-726.772    507.288    -0.062
-726.786    507.788    -0.062
-726.800    508.287    -0.062
-726.815    508.787    -0.062
-726.828    509.287    -0.062
-726.842    509.787    -0.062
-726.856    510.286    -0.062
-726.871    510.786    -0.062
-726.884    511.286    -0.062
-726.898    511.786    -0.062
-726.913    512.285    -0.062
-726.927    512.785    -0.062
-726.940    513.285    -0.062
-726.955    513.785    -0.062
-726.969    514.285    -0.062
-726.983    514.784    -0.062
-726.996    515.284    -0.062
-727.010    515.784    -0.062
-727.025    516.284    -0.062
-727.039    516.783    -0.062
-727.052    517.283    -0.062
-727.066    517.783    -0.062
-727.080    518.283    -0.063
-727.095    518.782    -0.063
-727.108    519.282    -0.063
-727.122    519.782    -0.063
-727.137    520.282    -0.063
-727.151    520.782    -0.063
-727.164    521.281    -0.063
-727.179    521.781    -0.063
-727.193    522.281    -0.063
-727.207    522.781    -0.063
-727.220    523.280    -0.063
-727.235    523.780    -0.063
-727.249    524.280    -0.063
-727.263    524.780    -0.063
-727.276    525.279    -0.063
-727.291    525.779    -0.063
-727.305    526.279    -0.063
-727.319    526.779    -0.063
-727.333    527.278    -0.063
-727.347    527.778    -0.063
-727.361    528.278    -0.063
-727.376    528.778    -0.063
-727.389    529.278    -0.063
-727.403    529.777    -0.063
-727.417    530.277    -0.064
-727.431    530.777    -0.064
-727.445    531.277    -0.064
-727.459    531.776    -0.064
-727.473    532.276    -0.064
-727.487    532.776    -0.064
-727.500    533.276    -0.064
-727.515    533.775    -0.064
-727.529    534.275    -0.064
-727.543    534.775    -0.064
-727.557    535.275    -0.064
-727.571    535.775    -0.064
-727.585    536.274    -0.064
-727.600    536.774    -0.064
-727.613    537.274    -0.064
-727.627    537.774    -0.064
-727.641    538.273    -0.064
-727.655    538.773    -0.064
-727.669    539.273    -0.064
-727.683    539.773    -0.064
-727.697    540.272    -0.064
-727.710    540.772    -0.064
-727.725    541.272    -0.065
-727.739    541.772    -0.065
-727.753    542.272    -0.065
-727.766    542.771    -0.065
-727.781    543.271    -0.065
-727.795    543.771    -0.065
-727.809    544.271    -0.065
-727.823    544.770    -0.065
-727.837    545.270    -0.065
-727.851    545.770    -0.065
-727.866    546.270    -0.065
-727.879    546.769    -0.065
-727.893    547.269    -0.065
-727.907    547.769    -0.065
-727.921    548.269    -0.065
-727.935    548.768    -0.065
-727.949    549.268    -0.065
-727.963    549.768    -0.065
-727.978    550.268    -0.065
-727.991    550.768    -0.065
-728.005    551.267    -0.065
-728.020    551.767    -0.065
-728.034    552.267    -0.065
-728.047    552.767    -0.066
-728.061    553.266    -0.066
-728.076    553.766    -0.066
-728.090    554.266    -0.066
-728.103    554.766    -0.066
-728.117    555.265    -0.066
-728.131    555.765    -0.066
-728.146    556.265    -0.066
-728.159    556.765    -0.066
-728.173    557.265    -0.066
-728.187    557.764    -0.066
-728.202    558.264    -0.066
-728.215    558.764    -0.066
-728.229    559.264    -0.066
-728.244    559.763    -0.066
-728.258    560.263    -0.066
-728.280    560.763    -0.066
-728.302    561.261    -0.066
-728.325    561.761    -0.066
-728.347    562.260    -0.066
-728.369    562.760    -0.066
-728.389    563.260    -0.066
-728.409    563.759    -0.067
-728.430    564.259    -0.067
-728.449    564.759    -0.067
-728.469    565.258    -0.067
-728.490    565.758    -0.067
-728.509    566.257    -0.067
-728.529    566.757    -0.067
-728.550    567.256    -0.067
-728.570    567.755    -0.067
-728.589    568.255    -0.067
-728.610    568.755    -0.067
-728.630    569.254    -0.067
-728.650    569.754    -0.067
-728.670    570.253    -0.067
-728.690    570.753    -0.067
-728.710    571.253    -0.067
-728.731    571.752    -0.067
-728.744    572.252    -0.067
-728.758    572.752    -0.067
-728.772    573.252    -0.067
-728.786    573.751    -0.067
-728.799    574.251    -0.068
-728.813    574.751    -0.068
-728.827    575.251    -0.068
-728.841    575.750    -0.068
-728.854    576.250    -0.068
-728.868    576.750    -0.068
-728.882    577.250    -0.068
-728.896    577.750    -0.068
-728.909    578.249    -0.068
-728.923    578.749    -0.068
-728.937    579.249    -0.068
-728.951    579.749    -0.068
-728.964    580.248    -0.068
-728.978    580.748    -0.068
-728.992    581.248    -0.068
-729.006    581.748    -0.068
-729.019    582.247    -0.068
-729.033    582.747    -0.068
-729.047    583.247    -0.068
-729.061    583.747    -0.068
-729.074    584.247    -0.068
-729.087    584.746    -0.069
-729.101    585.246    -0.069
-729.115    585.746    -0.069
-729.128    586.246    -0.069
-729.142    586.745    -0.069
-729.156    587.245    -0.069
-729.170    587.745    -0.069
-729.183    588.245    -0.069
-729.197    588.745    -0.069
-729.211    589.244    -0.069
-729.225    589.744    -0.069
-729.238    590.244    -0.069
-729.252    590.744    -0.069
-729.266    591.243    -0.069
-729.280    591.743    -0.069
-729.293    592.243    -0.069
-729.307    592.743    -0.069
-729.321    593.243    -0.069
-729.335    593.742    -0.069
-729.348    594.242    -0.069
-729.362    594.742    -0.069
-729.376    595.242    -0.070
-729.390    595.741    -0.070
-729.403    596.241    -0.070
-729.417    596.741    -0.070
-729.431    597.241    -0.070
-729.444    597.740    -0.070
-729.458    598.240    -0.070
-729.472    598.740    -0.070
-729.486    599.240    -0.070
-729.499    599.740    -0.070
-729.513    600.239    -0.070
-729.527    600.739    -0.070
-729.541    601.239    -0.070
-729.554    601.739    -0.070
-729.568    602.238    -0.070
-729.582    602.738    -0.070
-729.596    603.238    -0.070
-729.609    603.738    -0.070
-729.623    604.238    -0.070
-729.637    604.737    -0.070
-729.651    605.237    -0.070
-729.663    605.737    -0.071
-729.677    606.237    -0.071
-729.691    606.736    -0.071
-729.705    607.236    -0.071
-729.718    607.736    -0.071
-729.732    608.236    -0.071
-729.746    608.736    -0.071
-729.760    609.235    -0.071
-729.773    609.735    -0.071
-729.787    610.235    -0.071
-729.801    610.735    -0.071
-729.815    611.234    -0.071
-729.828    611.734    -0.071
-729.842    612.234    -0.071
-729.856    612.734    -0.071
-729.870    613.234    -0.071
-729.883    613.733    -0.071
-729.897    614.233    -0.071
-729.911    614.733    -0.071
-729.925    615.233    -0.071
-729.938    615.731    -0.072
-729.952    616.231    -0.072
-729.966    616.731    -0.072
-729.980    617.231    -0.072
-729.993    617.730    -0.072
-730.007    618.230    -0.072
-730.021    618.730    -0.072
-730.035    619.230    -0.072
-730.048    619.730    -0.072
-730.062    620.229    -0.072
-730.076    620.729    -0.072
-730.090    621.229    -0.072
-730.103    621.729    -0.072
-730.116    622.228    -0.072
-730.130    622.728    -0.072
-730.144    623.228    -0.072
-730.157    623.728    -0.072
-730.171    624.228    -0.072
-730.185    624.727    -0.072
-730.199    625.227    -0.072
-730.212    625.727    -0.073
-730.226    626.227    -0.073
-730.240    626.726    -0.073
-730.254    627.226    -0.073
-730.267    627.726    -0.073
-730.281    628.226    -0.073
-730.295    628.726    -0.073
-730.309    629.225    -0.073
-730.322    629.725    -0.073
-730.336    630.225    -0.073
-730.350    630.725    -0.073
-730.357    631.225    -0.073
-730.362    631.724    -0.073
-730.369    632.224    -0.073
-730.375    632.724    -0.073
-730.381    633.224    -0.073
-730.387    633.724    -0.073
-730.393    634.224    -0.073
-730.399    634.724    -0.073
-730.405    635.224    -0.073
-730.410    635.724    -0.074
-730.416    636.224    -0.074
-730.422    636.724    -0.074
-730.428    637.224    -0.074
-730.434    637.724    -0.074
-730.440    638.224    -0.074
-730.446    638.724    -0.074
-730.452    639.224    -0.074
-730.458    639.724    -0.074
-730.464    640.224    -0.074
-730.470    640.724    -0.074
-730.477    641.224    -0.074
-730.482    641.724    -0.074
-730.488    642.224    -0.074
-730.494    642.724    -0.074
-730.499    643.223    -0.074
-730.505    643.723    -0.074
-730.512    644.222    -0.074
-730.518    644.722    -0.074
-730.523    645.222    -0.075
-730.529    645.722    -0.075
-730.535    646.222    -0.075
-730.541    646.722    -0.075
-730.547    647.222    -0.075
-730.553    647.722    -0.075
-730.559    648.222    -0.075
-730.565    648.722    -0.075
-730.570    649.222    -0.075
-730.577    649.722    -0.075
-730.583    650.222    -0.075
-730.589    650.722    -0.075
-730.594    651.222    -0.075
-730.600    651.722    -0.075
-730.606    652.222    -0.075
-730.613    652.722    -0.075
-730.618    653.222    -0.075
-730.624    653.722    -0.075
-730.630    654.222    -0.075
-730.637    654.721    -0.076
-730.642    655.221    -0.076
-730.648    655.721    -0.076
-730.655    656.221    -0.076
-730.661    656.721    -0.076
-730.666    657.221    -0.076
-730.672    657.721    -0.076
-730.678    658.221    -0.076
-730.685    658.721    -0.076
-730.690    659.220    -0.076
-730.696    659.720    -0.076
-730.702    660.220    -0.076
-730.708    660.720    -0.076
-730.713    661.220    -0.076
-730.720    661.720    -0.076
-730.726    662.220    -0.076
-730.732    662.720    -0.076
-730.737    663.220    -0.076
-730.744    663.720    -0.076
-730.750    664.220    -0.077
-730.756    664.720    -0.077
-730.761    665.220    -0.077
-730.767    665.720    -0.077
-730.773    666.220    -0.077
-730.780    666.719    -0.077
-730.785    667.219    -0.077
-730.791    667.719    -0.077
-730.798    668.219    -0.077
-730.804    668.719    -0.077
-730.809    669.219    -0.077
-730.815    669.719    -0.077
-730.821    670.219    -0.077
-730.827    670.719    -0.077
-730.833    671.219    -0.077
-730.839    671.719    -0.077
-730.845    672.219    -0.077
-730.851    672.719    -0.077
-730.856    673.219    -0.077
-730.863    673.718    -0.078
-730.869    674.218    -0.078
-730.875    674.718    -0.078
-730.880    675.218    -0.078
-730.887    675.718    -0.078
-730.893    676.218    -0.078
-730.899    676.718    -0.078
-730.904    677.218    -0.078
-730.910    677.718    -0.078
-730.916    678.217    -0.078
-730.923    678.717    -0.078
-730.928    679.217    -0.078
-730.934    679.717    -0.078
-730.940    680.217    -0.078
-730.946    680.717    -0.078
-730.951    681.217    -0.078
-730.958    681.717    -0.078
-730.964    682.217    -0.078
-730.970    682.717    -0.078
-730.976    683.217    -0.079
-730.982    683.717    -0.079
-730.988    684.217    -0.079
-730.994    684.717    -0.079
-730.999    685.217    -0.079
-731.006    685.717    -0.079
-731.012    686.217    -0.079
-731.018    686.717    -0.079
-731.023    687.217    -0.079
-731.029    687.717    -0.079
-731.035    688.217    -0.079
-731.041    688.716    -0.079
-731.047    689.216    -0.079
-731.053    689.715    -0.079
-731.059    690.215    -0.079
-731.066    690.715    -0.079
-731.071    691.215    -0.079
-731.077    691.715    -0.079
-731.083    692.215    -0.080
-731.089    692.715    -0.080
-731.094    693.215    -0.080
-731.101    693.715    -0.080
-731.107    694.215    -0.080
-731.113    694.715    -0.080
-731.119    695.215    -0.080
-731.125    695.715    -0.080
-731.131    696.215    -0.080
-731.137    696.715    -0.080
-731.142    697.215    -0.080
-731.148    697.715    -0.080
-731.155    698.215    -0.080
-731.161    698.715    -0.080
-731.166    699.215    -0.080
-731.172    699.715    -0.080
-731.178    700.215    -0.080
-731.184    700.715    -0.080
-731.190    701.214    -0.081
-731.196    701.714    -0.081
-731.202    702.214    -0.081
-731.209    702.714    -0.081
-731.214    703.214    -0.081
-731.220    703.713    -0.081
-731.226    704.213    -0.081
-731.232    704.713    -0.081
-731.237    705.213    -0.081
-731.243    705.713    -0.081
-731.249    706.213    -0.081
-731.256    706.713    -0.081
-731.261    707.213    -0.081
-731.266    707.713    -0.081
-731.260    708.113    -0.081
-731.250    708.612    -0.081
-731.240    709.113    -0.081
-731.231    709.612    -0.081
-731.220    710.112    -0.082
-731.211    710.613    -0.082
-731.201    711.112    -0.082
-731.192    711.612    -0.082
-731.181    712.112    -0.082
-731.172    712.612    -0.082
-731.162    713.111    -0.082
-731.153    713.612    -0.082
-731.142    714.111    -0.082
-731.133    714.611    -0.082
-731.123    715.111    -0.082
-731.114    715.611    -0.082
-731.103    716.110    -0.082
-731.094    716.611    -0.082
-731.082    717.110    -0.082
-731.066    717.611    -0.082
-731.048    718.110    -0.082
-731.031    718.610    -0.082
-731.015    719.109    -0.083
-730.998    719.609    -0.083
-730.980    720.109    -0.083
-730.964    720.609    -0.083
-730.947    721.108    -0.083
-730.930    721.608    -0.083
-730.913    722.107    -0.083
-730.896    722.607    -0.083
-730.879    723.107    -0.083
-730.863    723.606    -0.083
-730.845    724.106    -0.083
-730.829    724.605    -0.083
-730.812    725.105    -0.083
-730.794    725.604    -0.083
-730.777    726.105    -0.083
-730.760    726.604    -0.083
-730.743    727.104    -0.083
-730.726    727.603    -0.083
-730.709    728.103    -0.083
-730.692    728.602    -0.084
-730.676    729.103    -0.084
-730.658    729.602    -0.084
-730.641    730.102    -0.084
-730.625    730.601    -0.084
-730.608    731.101    -0.084
-730.590    731.601    -0.084
-730.574    732.101    -0.084
-730.557    732.600    -0.084
-730.540    733.100    -0.084
-730.523    733.599    -0.084
-730.508    733.999    -0.084
-730.478    734.499    -0.084
-730.450    734.997    -0.084
-730.422    735.497    -0.084
-730.393    735.996    -0.084
-730.364    736.495    -0.084
-730.336    736.994    -0.084
-730.307    737.493    -0.085
-730.278    737.992    -0.085
-730.250    738.492    -0.085
-730.221    738.991    -0.085
-730.193    739.490    -0.085
-730.164    739.989    -0.085
-730.135    740.488    -0.085
-730.107    740.988    -0.085
-730.079    741.486    -0.085
-730.049    741.985    -0.085
-730.021    742.485    -0.085
-729.993    742.984    -0.085
-729.962    743.583    -0.085
-729.942    743.982    -0.085
-729.912    744.582    -0.085
-729.887    745.081    -0.085
-729.862    745.580    -0.085
-729.836    746.080    -0.085
-729.811    746.579    -0.086
-729.786    747.078    -0.086
-729.761    747.578    -0.086
-729.735    748.077    -0.086
-729.716    748.476    -0.086
-729.690    748.976    -0.086
-729.661    749.575    -0.086
-729.635    750.074    -0.086
-729.610    750.573    -0.086
-729.585    751.073    -0.086
-729.565    751.472    -0.086
-729.540    751.972    -0.086
-729.510    752.571    -0.086
-729.485    753.071    -0.086
-729.459    753.569    -0.086
-729.434    754.069    -0.086
-729.414    754.468    -0.086
-729.389    754.967    -0.086
-729.359    755.567    -0.087
-729.334    756.066    -0.087
-729.309    756.565    -0.087
-729.287    756.965    -0.087
-729.257    757.464    -0.087
-729.226    757.963    -0.087
-729.194    758.461    -0.087
-729.164    758.961    -0.087
-729.133    759.460    -0.087
-729.101    759.959    -0.087
-729.070    760.458    -0.087
-729.039    760.957    -0.087
-729.009    761.455    -0.087
-728.977    761.955    -0.087
-728.946    762.454    -0.087
-728.916    762.953    -0.087
-728.884    763.452    -0.087
-728.853    763.951    -0.087
-728.823    764.450    -0.088
-728.792    764.949    -0.088
-728.760    765.448    -0.088
-728.730    765.947    -0.088
-728.699    766.446    -0.088
-728.666    766.944    -0.088
-728.628    767.443    -0.088
-728.591    767.941    -0.088
-728.554    768.440    -0.088
-728.517    768.939    -0.088
-728.480    769.437    -0.088
-728.443    769.936    -0.088
-728.406    770.435    -0.088
-728.369    770.933    -0.088
-728.332    771.432    -0.088
-728.296    771.930    -0.088
-728.258    772.429    -0.088
-728.221    772.928    -0.088
-728.184    773.426    -0.089
-728.146    773.925    -0.089
-728.106    774.423    -0.089
-728.061    774.921    -0.089
-728.016    775.419    -0.089
-727.970    775.917    -0.089
-727.925    776.415    -0.089
-727.880    776.913    -0.089
-727.834    777.411    -0.089
-727.789    777.908    -0.089
-727.745    778.406    -0.089
-727.699    778.905    -0.089
-727.654    779.403    -0.089
-727.609    779.900    -0.089
-727.563    780.398    -0.089
-727.518    780.896    -0.089
-727.473    781.394    -0.089
-727.428    781.891    -0.090
-727.382    782.390    -0.090
-727.337    782.888    -0.090
-727.292    783.386    -0.090
-727.246    783.883    -0.090
-727.201    784.381    -0.090
-727.156    784.879    -0.090
-727.110    785.378    -0.090
-727.065    785.875    -0.090
-727.020    786.373    -0.090
-726.969    786.870    -0.090
-726.919    787.367    -0.090
-726.869    787.865    -0.090
-726.818    788.362    -0.090
-726.778    788.760    -0.090
-726.727    789.257    -0.090
-726.677    789.756    -0.090
-726.627    790.253    -0.090
-726.577    790.750    -0.091
-726.526    791.247    -0.091
-726.476    791.745    -0.091
-726.426    792.242    -0.091
-726.375    792.739    -0.091
-726.325    793.238    -0.091
-726.275    793.735    -0.091
-726.224    794.232    -0.091
-726.174    794.729    -0.091
-726.119    795.227    -0.091
-726.059    795.722    -0.091
-726.000    796.219    -0.091
-725.941    796.715    -0.091
-725.881    797.212    -0.091
-725.823    797.708    -0.091
-725.764    798.205    -0.091
-725.704    798.701    -0.091
-725.645    799.198    -0.091
-725.586    799.694    -0.092
-725.526    800.191    -0.092
-725.467    800.687    -0.092
-725.407    801.184    -0.092
-725.348    801.680    -0.092
-725.289    802.177    -0.092
-725.229    802.673    -0.092
-725.170    803.170    -0.092
-725.110    803.665    -0.092
-725.041    804.161    -0.092
-724.973    804.657    -0.092
-724.905    805.151    -0.092
-724.836    805.647    -0.092
-724.768    806.142    -0.092
-724.700    806.637    -0.092
-724.632    807.132    -0.092
-724.564    807.628    -0.092
-724.495    808.123    -0.092
-724.427    808.618    -0.093
-724.359    809.114    -0.093
-724.290    809.609    -0.093
-724.222    810.104    -0.093
-724.155    810.599    -0.093
-724.086    811.095    -0.093
-724.018    811.590    -0.093
-723.949    812.085    -0.093
-723.881    812.581    -0.093
-723.811    813.076    -0.093
-723.736    813.570    -0.093
-723.662    814.064    -0.093
-723.587    814.559    -0.093
-723.513    815.053    -0.093
-723.439    815.548    -0.093
-723.364    816.042    -0.093
-723.290    816.536    -0.093
-723.230    816.932    -0.093
-723.140    817.525    -0.093
-723.066    818.019    -0.094
-722.991    818.514    -0.094
-722.917    819.008    -0.094
-722.842    819.502    -0.094
-722.768    819.997    -0.094
-722.694    820.491    -0.094
-722.619    820.986    -0.094
-722.545    821.480    -0.094
-722.471    821.975    -0.094
-722.396    822.469    -0.094
-722.322    822.963    -0.094
-722.247    823.457    -0.094
-722.185    823.853    -0.094
-722.091    824.344    -0.094
-721.999    824.835    -0.094
-721.905    825.327    -0.094
-721.812    825.817    -0.094
-721.719    826.308    -0.094
-721.626    826.799    -0.095
-721.532    827.291    -0.095
-721.440    827.782    -0.095
-721.346    828.273    -0.095
-721.253    828.765    -0.095
-721.160    829.256    -0.095
-721.068    829.747    -0.095
-720.977    830.239    -0.095
-720.888    830.731    -0.095
-720.798    831.223    -0.095
-720.708    831.714    -0.095
-720.618    832.206    -0.095
-720.528    832.698    -0.095
-720.438    833.190    -0.095
-720.348    833.682    -0.095
-720.258    834.173    -0.095
-720.168    834.665    -0.095
-720.078    835.156    -0.095
-719.988    835.649    -0.095
-719.898    836.141    -0.096
-719.807    836.632    -0.096
-719.718    837.124    -0.096
-719.628    837.616    -0.096
-719.529    838.106    -0.096
-719.430    838.596    -0.096
-719.330    839.086    -0.096
-719.231    839.576    -0.096
-719.131    840.066    -0.096
-719.032    840.556    -0.096
-718.932    841.046    -0.096
-718.833    841.536    -0.096
-718.733    842.025    -0.096
-718.633    842.516    -0.096
-718.554    842.908    -0.096
-718.433    843.496    -0.096
-718.334    843.985    -0.096
-718.234    844.476    -0.096
-718.135    844.965    -0.097
-718.035    845.455    -0.097
-717.936    845.945    -0.097
-717.836    846.435    -0.097
-717.736    846.925    -0.097
-717.636    847.414    -0.097
-717.537    847.905    -0.097
-717.437    848.394    -0.097
-717.338    848.885    -0.097
-717.238    849.375    -0.097
-717.139    849.864    -0.097
-717.039    850.355    -0.097
-716.952    850.745    -0.097
-716.838    851.232    -0.097
-716.723    851.719    -0.097
-716.610    852.205    -0.097
-716.496    852.692    -0.097
-716.383    853.179    -0.097
-716.269    853.666    -0.097
-716.154    854.152    -0.098
-716.041    854.639    -0.098
-715.927    855.126    -0.098
-715.814    855.613    -0.098
-715.700    856.099    -0.098
-715.587    856.587    -0.098
-715.472    857.074    -0.098
-715.358    857.561    -0.098
-715.245    858.047    -0.098
-715.130    858.534    -0.098
-715.026    858.920    -0.098
-714.897    859.403    -0.098
-714.766    859.885    -0.098
-714.636    860.368    -0.098
-714.506    860.851    -0.098
-714.376    861.334    -0.098
-714.245    861.817    -0.098
-714.116    862.299    -0.098
-713.985    862.782    -0.098
-713.855    863.264    -0.098
-713.724    863.747    -0.099
-713.595    864.230    -0.099
-713.465    864.713    -0.099
-713.334    865.196    -0.099
-713.205    865.678    -0.099
-713.075    866.161    -0.099
-712.944    866.644    -0.099
-712.813    867.126    -0.099
-712.675    867.607    -0.099
-712.537    868.087    -0.099
-712.400    868.567    -0.099
-712.261    869.048    -0.099
-712.123    869.529    -0.099
-711.985    870.009    -0.099
-711.847    870.490    -0.099
-711.709    870.970    -0.099
-711.571    871.450    -0.099
-711.432    871.932    -0.099
-711.295    872.412    -0.099
-711.157    872.892    -0.100
-711.018    873.373    -0.100
-710.880    873.853    -0.100
-710.743    874.334    -0.100
-710.604    874.815    -0.100
-710.466    875.295    -0.100
-710.328    875.775    -0.100
-710.191    876.256    -0.100
-710.053    876.737    -0.100
-709.911    877.217    -0.100
-709.766    877.695    -0.100
-709.622    878.174    -0.100
-709.476    878.652    -0.100
-709.331    879.131    -0.100
-709.186    879.609    -0.100
-709.042    880.088    -0.100
-708.897    880.566    -0.100
-708.752    881.045    -0.100
-708.607    881.523    -0.100
-708.462    882.002    -0.100
-708.318    882.480    -0.101
-708.173    882.959    -0.101
-708.028    883.437    -0.101
-707.883    883.915    -0.101
-707.739    884.394    -0.101
-707.615    884.775    -0.101
-707.457    885.249    -0.101
-707.297    885.723    -0.101
-707.138    886.196    -0.101
-706.979    886.670    -0.101
-706.819    887.144    -0.101
-706.660    887.618    -0.101
-706.500    888.092    -0.101
-706.341    888.566    -0.101
-706.181    889.039    -0.101
-706.023    889.513    -0.101
-705.863    889.987    -0.101
-705.704    890.461    -0.101
-705.544    890.935    -0.101
-705.385    891.409    -0.101
-705.225    891.883    -0.101
-705.066    892.356    -0.102
-704.906    892.830    -0.102
-704.747    893.304    -0.102
-704.578    893.775    -0.102
-704.408    894.245    -0.102
-704.239    894.715    -0.102
-704.069    895.186    -0.102
-703.934    895.563    -0.102
-703.730    896.126    -0.102
-703.560    896.597    -0.102
-703.392    897.068    -0.102
-703.222    897.538    -0.102
-703.053    898.008    -0.102
-702.883    898.478    -0.102
-702.714    898.949    -0.102
-702.544    899.419    -0.102
-702.375    899.889    -0.102
-702.205    900.360    -0.102
-702.036    900.830    -0.102
-701.897    901.206    -0.102
-701.721    901.674    -0.102
-701.545    902.142    -0.103
-701.370    902.609    -0.103
-701.194    903.077    -0.103
-701.018    903.546    -0.103
-700.843    904.014    -0.103
-700.667    904.482    -0.103
-700.491    904.950    -0.103
-700.316    905.417    -0.103
-700.140    905.886    -0.103
-699.964    906.354    -0.103
-699.789    906.822    -0.103
-699.613    907.290    -0.103
-699.437    907.759    -0.103
-699.262    908.227    -0.103
-699.084    908.694    -0.103
-698.890    909.154    -0.103
-698.694    909.614    -0.103
-698.500    910.075    -0.103
-698.306    910.536    -0.103
-698.151    910.904    -0.103
-697.917    911.457    -0.103
-697.722    911.918    -0.104
-697.527    912.378    -0.104
-697.333    912.838    -0.104
-697.138    913.299    -0.104
-696.944    913.759    -0.104
-696.748    914.220    -0.104
-696.554    914.681    -0.104
-696.360    915.141    -0.104
-696.165    915.602    -0.104
-695.970    916.063    -0.104
-695.776    916.523    -0.104
-695.615    916.889    -0.104
-695.412    917.345    -0.104
-695.207    917.802    -0.104
-695.004    918.259    -0.104
-694.801    918.716    -0.104
-694.597    919.173    -0.104
-694.394    919.628    -0.104
-694.191    920.085    -0.104
-693.986    920.542    -0.104
-693.783    920.999    -0.104
-693.580    921.455    -0.104
-693.375    921.912    -0.104
-693.172    922.369    -0.105
-692.969    922.826    -0.105
-692.762    923.280    -0.105
-692.553    923.734    -0.105
-692.344    924.188    -0.105
-692.134    924.642    -0.105
-691.925    925.096    -0.105
-691.716    925.550    -0.105
-691.507    926.005    -0.105
-691.298    926.459    -0.105
-691.089    926.913    -0.105
-690.880    927.367    -0.105
-690.671    927.821    -0.105
-690.461    928.275    -0.105
-690.290    928.638    -0.105
-690.058    929.080    -0.105
-689.827    929.523    -0.105
-689.595    929.966    -0.105
-689.330    930.505    -0.105
-689.156    930.865    -0.105
-688.939    931.315    -0.105
-688.678    931.855    -0.105
-688.461    932.305    -0.105
-688.243    932.755    -0.105
-688.027    933.206    -0.106
-687.809    933.657    -0.106
-687.636    934.017    -0.106
-687.374    934.557    -0.106
-687.158    935.007    -0.106
-686.941    935.458    -0.106
-686.723    935.908    -0.106
-686.506    936.358    -0.106
-686.288    936.808    -0.106
-686.109    937.165    -0.106
-685.879    937.610    -0.106
-685.649    938.053    -0.106
-685.420    938.498    -0.106
-685.189    938.941    -0.106
-684.959    939.386    -0.106
-684.730    939.829    -0.106
-684.500    940.274    -0.106
-684.271    940.717    -0.106
-684.040    941.162    -0.106
-683.810    941.605    -0.106
-683.581    942.050    -0.106
-683.350    942.493    -0.106
-683.121    942.938    -0.106
-682.891    943.381    -0.106
-682.660    943.825    -0.107
-682.431    944.269    -0.107
-682.201    944.713    -0.107
-681.971    945.157    -0.107
-681.741    945.601    -0.107
-681.511    946.045    -0.107
-681.281    946.489    -0.107
-681.079    946.835    -0.107
-680.828    947.267    -0.107
-680.577    947.699    -0.107
-680.325    948.131    -0.107
-680.074    948.564    -0.107
-679.823    948.996    -0.107
-679.571    949.428    -0.107
-679.320    949.859    -0.107
-679.070    950.292    -0.107
-678.818    950.724    -0.107
-678.567    951.156    -0.107
-678.316    951.589    -0.107
-678.064    952.021    -0.107
-677.813    952.453    -0.107
-677.561    952.885    -0.107
-677.310    953.317    -0.107
-677.059    953.750    -0.107
-676.808    954.182    -0.107
-676.557    954.614    -0.107
-676.306    955.047    -0.108
-676.054    955.479    -0.108
-675.803    955.911    -0.108
-675.552    956.343    -0.108
-675.301    956.776    -0.108
-675.049    957.208    -0.108
-674.798    957.640    -0.108
-674.547    958.072    -0.108
-674.293    958.503    -0.108
-674.032    958.930    -0.108
-673.771    959.356    -0.108
-673.510    959.782    -0.108
-673.249    960.209    -0.108
-672.988    960.635    -0.108
-672.726    961.062    -0.108
-672.464    961.488    -0.108
-672.203    961.914    -0.108
-671.942    962.340    -0.108
-671.681    962.767    -0.108
-671.420    963.193    -0.108
-671.159    963.620    -0.108
-670.898    964.046    -0.108
-670.637    964.472    -0.108
-670.376    964.899    -0.108
-670.115    965.325    -0.108
-669.854    965.751    -0.108
-669.593    966.177    -0.109
-669.384    966.518    -0.109
-669.123    966.944    -0.109
-668.809    967.457    -0.109
-668.548    967.883    -0.109
-668.287    968.309    -0.109
-668.026    968.736    -0.109
-667.817    969.077    -0.109
-667.540    969.493    -0.109
-667.261    969.908    -0.109
-666.983    970.323    -0.109
-666.705    970.739    -0.109
-666.426    971.155    -0.109
-666.148    971.569    -0.109
-665.870    971.985    -0.109
-665.593    972.400    -0.109
-665.313    972.815    -0.109
-665.035    973.231    -0.109
-664.757    973.646    -0.109
-664.479    974.062    -0.109
-664.201    974.478    -0.109
-663.923    974.892    -0.109
-663.645    975.308    -0.109
-663.366    975.723    -0.109
-663.088    976.139    -0.109
-662.810    976.554    -0.109
-662.531    976.969    -0.109
-662.253    977.385    -0.109
-662.030    977.717    -0.109
-661.739    978.123    -0.110
-661.447    978.529    -0.110
-661.155    978.935    -0.110
-660.863    979.341    -0.110
-660.571    979.747    -0.110
-660.280    980.153    -0.110
-659.987    980.559    -0.110
-659.695    980.965    -0.110
-659.403    981.370    -0.110
-659.112    981.776    -0.110
-658.819    982.182    -0.110
-658.528    982.587    -0.110
-658.236    982.993    -0.110
-657.944    983.399    -0.110
-657.652    983.805    -0.110
-657.360    984.211    -0.110
-657.068    984.617    -0.110
-656.776    985.023    -0.110
-656.484    985.429    -0.110
-656.191    985.835    -0.110
-655.900    986.241    -0.110
-655.608    986.647    -0.110
-655.316    987.053    -0.110
-655.024    987.459    -0.110
-654.722    987.856    -0.110
-654.478    988.174    -0.110
-654.113    988.649    -0.110
-653.870    988.967    -0.110
-653.566    989.363    -0.110
-653.201    989.840    -0.110
-652.957    990.158    -0.110
-652.654    990.554    -0.111
-652.289    991.031    -0.111
-652.045    991.349    -0.111
-651.741    991.745    -0.111
-651.377    992.221    -0.111
-651.133    992.538    -0.111
-650.768    993.015    -0.111
-650.525    993.333    -0.111
-650.221    993.729    -0.111
-649.856    994.206    -0.111
-649.612    994.522    -0.111
-649.247    994.999    -0.111
-649.004    995.317    -0.111
-648.700    995.713    -0.111
-648.394    996.108    -0.111
-648.077    996.496    -0.111
-647.760    996.882    -0.111
-647.445    997.270    -0.111
-647.128    997.656    -0.111
-646.812    998.044    -0.111
-646.495    998.430    -0.111
-646.178    998.818    -0.111
-645.862    999.204    -0.111
-645.545    999.591    -0.111
-645.228    999.978    -0.111
-644.912    1000.365    -0.111
-644.595    1000.751    -0.111
-644.278    1001.139    -0.111
-643.962    1001.525    -0.111
-643.645    1001.913    -0.111
-643.329    1002.299    -0.111
-643.012    1002.687    -0.111
-642.696    1003.073    -0.111
-642.442    1003.384    -0.111
-642.114    1003.760    -0.112
-641.785    1004.137    -0.112
-641.456    1004.513    -0.112
-641.126    1004.890    -0.112
-640.797    1005.266    -0.112
-640.468    1005.642    -0.112
-640.139    1006.018    -0.112
-639.810    1006.395    -0.112
-639.481    1006.771    -0.112
-639.152    1007.148    -0.112
-638.823    1007.524    -0.112
-638.494    1007.900    -0.112
-638.164    1008.277    -0.112
-637.836    1008.653    -0.112
-637.507    1009.030    -0.112
-637.178    1009.406    -0.112
-636.847    1009.781    -0.112
-636.510    1010.150    -0.112
-636.173    1010.519    -0.112
-635.835    1010.888    -0.112
-635.498    1011.257    -0.112
-635.161    1011.626    -0.112
-634.823    1011.995    -0.112
-634.486    1012.364    -0.112
-634.149    1012.733    -0.112
-633.812    1013.102    -0.112
-633.475    1013.472    -0.112
-633.137    1013.841    -0.112
-632.800    1014.210    -0.112
-632.462    1014.579    -0.112
-632.126    1014.948    -0.112
-631.789    1015.317    -0.112
-631.451    1015.686    -0.112
-631.114    1016.055    -0.112
-630.776    1016.424    -0.112
-630.439    1016.793    -0.112
-630.102    1017.163    -0.112
-629.764    1017.532    -0.112
-629.489    1017.822    -0.112
-629.140    1018.180    -0.113
-628.793    1018.539    -0.113
-628.444    1018.897    -0.113
-628.095    1019.256    -0.113
-627.748    1019.615    -0.113
-627.399    1019.973    -0.113
-627.051    1020.332    -0.113
-626.702    1020.691    -0.113
-626.354    1021.049    -0.113
-626.006    1021.408    -0.113
-625.657    1021.767    -0.113
-625.309    1022.125    -0.113
-624.961    1022.484    -0.113
-624.612    1022.842    -0.113
-624.264    1023.202    -0.113
-623.916    1023.560    -0.113
-623.567    1023.918    -0.113
-623.220    1024.277    -0.113
-622.871    1024.636    -0.113
-622.522    1024.995    -0.113
-622.175    1025.353    -0.113
-621.826    1025.711    -0.113
-621.477    1026.071    -0.113
-621.129    1026.429    -0.113
-620.780    1026.787    -0.113
-620.421    1027.135    -0.113
-620.060    1027.481    -0.113
-619.700    1027.828    -0.113
-619.339    1028.174    -0.113
-619.051    1028.451    -0.113
-618.691    1028.798    -0.113
-618.330    1029.144    -0.113
-617.970    1029.491    -0.113
-617.537    1029.906    -0.113
-617.177    1030.252    -0.113
-616.888    1030.529    -0.113
-616.456    1030.946    -0.113
-616.095    1031.292    -0.113
-615.806    1031.569    -0.113
-615.443    1031.912    -0.113
-615.078    1032.254    -0.113
-614.714    1032.597    -0.113
-614.349    1032.938    -0.113
-613.985    1033.281    -0.113
-613.621    1033.624    -0.113
-613.256    1033.965    -0.114
-612.892    1034.308    -0.114
-612.528    1034.651    -0.114
-612.163    1034.992    -0.114
-611.799    1035.335    -0.114
-611.435    1035.677    -0.114
-611.070    1036.020    -0.114
-610.706    1036.362    -0.114
-610.341    1036.704    -0.114
-609.977    1037.047    -0.114
-609.613    1037.389    -0.114
-609.240    1037.721    -0.114
-608.936    1037.982    -0.114
-608.556    1038.308    -0.114
-608.177    1038.633    -0.114
-607.798    1038.959    -0.114
-607.418    1039.284    -0.114
-607.039    1039.610    -0.114
-606.584    1040.000    -0.114
-606.280    1040.261    -0.114
-605.900    1040.586    -0.114
-605.446    1040.977    -0.114
-605.142    1041.237    -0.114
-604.762    1041.563    -0.114
-604.307    1041.954    -0.114
-604.003    1042.214    -0.114
-603.624    1042.540    -0.114
-603.245    1042.866    -0.114
-602.866    1043.191    -0.114
-602.487    1043.517    -0.114
-602.104    1043.840    -0.114
-601.722    1044.161    -0.114
-601.339    1044.483    -0.114
-600.957    1044.805    -0.114
-600.574    1045.128    -0.114
-600.192    1045.449    -0.114
-599.808    1045.771    -0.114
-599.426    1046.092    -0.114
-599.043    1046.414    -0.114
-598.661    1046.736    -0.114
-598.278    1047.058    -0.114
-597.896    1047.380    -0.114
-597.513    1047.702    -0.114
-597.131    1048.024    -0.114
-596.748    1048.345    -0.114
-596.365    1048.667    -0.114
-595.983    1048.989    -0.114
-595.599    1049.310    -0.114
-595.217    1049.632    -0.114
-594.829    1049.947    -0.114
-594.436    1050.257    -0.114
-594.044    1050.566    -0.114
-593.650    1050.874    -0.114
-593.257    1051.184    -0.114
-592.864    1051.492    -0.114
-592.470    1051.801    -0.114
-592.078    1052.110    -0.114
-591.684    1052.419    -0.115
-591.291    1052.727    -0.115
-590.898    1053.036    -0.115
-590.504    1053.345    -0.115
-590.111    1053.654    -0.115
-589.797    1053.901    -0.115
-589.403    1054.209    -0.115
-589.006    1054.513    -0.115
-588.610    1054.818    -0.115
-588.214    1055.122    -0.115
-587.817    1055.426    -0.115
-587.420    1055.731    -0.115
-587.023    1056.035    -0.115
-586.626    1056.339    -0.115
-586.229    1056.643    -0.115
-585.833    1056.947    -0.115
-585.436    1057.252    -0.115
-585.039    1057.556    -0.115
-584.642    1057.860    -0.115
-584.246    1058.165    -0.115
-583.846    1058.464    -0.115
-583.439    1058.754    -0.115
-583.032    1059.045    -0.115
-582.625    1059.335    -0.115
-582.218    1059.626    -0.115
-581.811    1059.916    -0.115
-581.405    1060.207    -0.115
-580.998    1060.498    -0.115
-580.590    1060.788    -0.115
-580.184    1061.079    -0.115
-579.777    1061.369    -0.115
-579.370    1061.660    -0.115
-578.963    1061.950    -0.115
-578.556    1062.240    -0.115
-578.149    1062.531    -0.115
-577.743    1062.822    -0.115
-577.335    1063.112    -0.115
-576.929    1063.403    -0.115
-576.522    1063.693    -0.115
-576.193    1063.921    -0.115
-575.783    1064.206    -0.115
-575.371    1064.492    -0.115
-574.961    1064.776    -0.115
-574.550    1065.061    -0.115
-574.139    1065.347    -0.115
-573.729    1065.631    -0.115
-573.317    1065.916    -0.115
-572.907    1066.201    -0.115
-572.496    1066.487    -0.115
-572.085    1066.771    -0.115
-571.675    1067.056    -0.115
-571.263    1067.342    -0.115
-570.853    1067.626    -0.115
-570.443    1067.911    -0.115
-570.031    1068.197    -0.115
-569.621    1068.482    -0.115
-569.201    1068.753    -0.115
-568.779    1069.021    -0.115
-568.441    1069.236    -0.115
-567.936    1069.558    -0.115
-567.514    1069.826    -0.115
-567.176    1070.041    -0.115
-566.670    1070.363    -0.115
-566.333    1070.578    -0.115
-565.826    1070.900    -0.115
-565.404    1071.168    -0.115
-565.067    1071.383    -0.115
-564.561    1071.705    -0.115
-564.139    1071.973    -0.115
-563.802    1072.188    -0.115
-563.295    1072.510    -0.115
-562.874    1072.778    -0.115
-562.452    1073.047    -0.115
-562.030    1073.315    -0.115
-561.608    1073.584    -0.115
-561.270    1073.798    -0.115
-560.841    1074.055    -0.115
-560.413    1074.313    -0.115
-559.985    1074.571    -0.115
-559.557    1074.829    -0.115
-559.128    1075.086    -0.115
-558.700    1075.344    -0.115
-558.272    1075.603    -0.115
-557.844    1075.861    -0.115
-557.415    1076.119    -0.115
-556.987    1076.377    -0.115
-556.559    1076.635    -0.115
-556.131    1076.893    -0.115
-555.703    1077.151    -0.115
-555.274    1077.408    -0.115
-554.846    1077.667    -0.115
-554.418    1077.925    -0.115
-553.990    1078.183    -0.115
-553.562    1078.441    -0.115
-553.133    1078.698    -0.115
-552.702    1078.952    -0.115
-552.271    1079.205    -0.115
-551.840    1079.459    -0.115
-551.409    1079.713    -0.115
-550.978    1079.966    -0.115
-550.547    1080.219    -0.115
-550.116    1080.472    -0.115
-549.686    1080.726    -0.115
-549.255    1080.980    -0.116
-548.824    1081.233    -0.116
-548.392    1081.487    -0.116
-547.961    1081.740    -0.116
-547.531    1081.994    -0.116
-547.100    1082.247    -0.116
-546.751    1082.443    -0.116
-546.310    1082.678    -0.116
-545.869    1082.914    -0.116
-545.428    1083.149    -0.116
-544.986    1083.384    -0.116
-544.546    1083.619    -0.116
-544.104    1083.854    -0.116
-543.663    1084.090    -0.116
-543.222    1084.325    -0.116
-542.781    1084.560    -0.116
-542.340    1084.796    -0.116
-541.899    1085.031    -0.116
-541.458    1085.267    -0.116
-541.016    1085.501    -0.116
-540.575    1085.736    -0.116
-540.134    1085.972    -0.116
-539.693    1086.207    -0.116
-539.252    1086.443    -0.116
-538.811    1086.678    -0.116
-538.369    1086.914    -0.116
-537.929    1087.149    -0.116
-537.487    1087.383    -0.116
-537.046    1087.619    -0.116
-536.605    1087.854    -0.116
-536.163    1088.090    -0.116
-535.717    1088.315    -0.116
-535.272    1088.541    -0.116
-534.825    1088.766    -0.116
-534.379    1088.992    -0.116
-533.932    1089.216    -0.116
-533.487    1089.442    -0.116
-533.040    1089.667    -0.116
-532.683    1089.847    -0.116
-532.233    1090.066    -0.116
-531.784    1090.285    -0.116
-531.334    1090.505    -0.116
-530.885    1090.723    -0.116
-530.436    1090.943    -0.116
-529.986    1091.162    -0.116
-529.537    1091.381    -0.116
-529.087    1091.601    -0.116
-528.638    1091.820    -0.116
-528.190    1092.039    -0.116
-527.740    1092.258    -0.116
-527.291    1092.478    -0.116
-526.842    1092.697    -0.116
-526.392    1092.916    -0.116
-525.943    1093.136    -0.116
-525.489    1093.345    -0.116
-525.035    1093.554    -0.116
-524.580    1093.762    -0.116
-524.125    1093.970    -0.116
-523.671    1094.178    -0.116
-523.216    1094.386    -0.116
-522.762    1094.595    -0.116
-522.307    1094.803    -0.116
-521.852    1095.011    -0.116
-521.398    1095.219    -0.116
-520.944    1095.427    -0.116
-520.486    1095.630    -0.116
-520.120    1095.790    -0.116
-519.571    1096.031    -0.116
-519.204    1096.192    -0.116
-518.655    1096.433    -0.116
-518.289    1096.593    -0.116
-517.739    1096.834    -0.116
-517.373    1096.995    -0.116
-516.823    1097.236    -0.116
-516.457    1097.397    -0.116
-515.908    1097.637    -0.116
-515.541    1097.797    -0.116
-515.080    1097.991    -0.116
-514.619    1098.185    -0.116
-514.159    1098.379    -0.116
-513.697    1098.573    -0.116
-513.237    1098.766    -0.116
-512.775    1098.959    -0.116
-512.315    1099.153    -0.116
-511.853    1099.347    -0.116
-511.393    1099.540    -0.116
-510.932    1099.734    -0.116
-510.470    1099.928    -0.116
-510.010    1100.122    -0.116
-509.548    1100.315    -0.116
-509.088    1100.508    -0.116
-508.625    1100.697    -0.116
-508.160    1100.881    -0.116
-507.696    1101.066    -0.116
-507.231    1101.250    -0.116
-506.766    1101.434    -0.115
-506.301    1101.619    -0.115
-505.837    1101.803    -0.115
-505.372    1101.987    -0.115
-504.907    1102.171    -0.115
-504.442    1102.355    -0.115
-503.977    1102.538    -0.115
-503.510    1102.716    -0.115
-503.135    1102.858    -0.115
-502.668    1103.036    -0.115
-502.107    1103.249    -0.115
-501.640    1103.427    -0.115
-501.266    1103.569    -0.115
-500.705    1103.782    -0.115
-500.331    1103.924    -0.115
-499.770    1104.137    -0.115
-499.397    1104.279    -0.115
-498.835    1104.492    -0.115
-498.461    1104.632    -0.115
-497.991    1104.800    -0.115
-497.519    1104.967    -0.115
-497.048    1105.135    -0.115
-496.577    1105.303    -0.115
-496.107    1105.471    -0.115
-495.636    1105.639    -0.115
-495.165    1105.808    -0.115
-494.694    1105.976    -0.115
-494.223    1106.144    -0.115
-493.752    1106.311    -0.115
-493.280    1106.477    -0.115
-492.808    1106.639    -0.115
-492.335    1106.801    -0.115
-491.862    1106.963    -0.115
-491.389    1107.127    -0.115
-490.916    1107.289    -0.115
-490.443    1107.451    -0.115
-489.970    1107.613    -0.115
-489.498    1107.775    -0.115
-489.025    1107.938    -0.115
-488.645    1108.065    -0.115
-488.169    1108.217    -0.115
-487.692    1108.370    -0.115
-487.217    1108.522    -0.115
-486.740    1108.674    -0.115
-486.264    1108.826    -0.115
-485.788    1108.979    -0.115
-485.312    1109.131    -0.115
-484.835    1109.283    -0.115
-484.265    1109.466    -0.115
-483.883    1109.588    -0.115
-483.407    1109.741    -0.115
-482.930    1109.891    -0.115
-482.453    1110.038    -0.115
-481.975    1110.186    -0.115
-481.497    1110.335    -0.115
-481.020    1110.482    -0.115
-480.542    1110.630    -0.115
-480.065    1110.778    -0.115
-479.587    1110.926    -0.115
-479.109    1111.074    -0.115
-478.632    1111.222    -0.115
-478.155    1111.370    -0.115
-477.678    1111.519    -0.115
-477.197    1111.658    -0.115
-476.716    1111.794    -0.115
-476.235    1111.930    -0.115
-475.754    1112.066    -0.115
-475.273    1112.201    -0.115
-474.791    1112.338    -0.115
-474.310    1112.474    -0.115
-473.829    1112.609    -0.115
-473.349    1112.746    -0.115
-472.867    1112.882    -0.115
-472.386    1113.017    -0.115
-471.905    1113.152    -0.115
-471.423    1113.285    -0.115
-470.941    1113.418    -0.115
-470.459    1113.552    -0.115
-469.977    1113.684    -0.115
-469.495    1113.817    -0.115
-469.013    1113.951    -0.115
-468.531    1114.083    -0.115
-468.049    1114.216    -0.115
-467.567    1114.350    -0.115
-467.085    1114.482    -0.115
-466.700    1114.589    -0.115
-466.214    1114.712    -0.115
-465.730    1114.833    -0.115
-465.245    1114.956    -0.115
-464.761    1115.078    -0.115
-464.275    1115.200    -0.115
-463.791    1115.323    -0.115
-463.306    1115.444    -0.115
-462.821    1115.567    -0.115
-462.337    1115.688    -0.115
-461.851    1115.808    -0.115
-461.366    1115.929    -0.115
-460.881    1116.049    -0.115
-460.395    1116.169    -0.115
-459.910    1116.289    -0.115
-459.425    1116.410    -0.115
-458.940    1116.530    -0.115
-458.454    1116.650    -0.115
-457.967    1116.765    -0.114
-457.479    1116.873    -0.114
-456.992    1116.983    -0.114
-456.503    1117.092    -0.114
-456.016    1117.202    -0.114
-455.528    1117.310    -0.114
-455.040    1117.420    -0.114
-454.552    1117.529    -0.114
-454.065    1117.639    -0.114
-453.575    1117.743    -0.114
-453.086    1117.847    -0.114
-452.695    1117.930    -0.114
-452.108    1118.055    -0.114
-451.619    1118.158    -0.114
-451.228    1118.242    -0.114
-450.641    1118.366    -0.114
-450.152    1118.470    -0.114
-449.760    1118.553    -0.114
-449.272    1118.656    -0.114
-448.781    1118.755    -0.114
-448.291    1118.854    -0.114
-447.801    1118.953    -0.114
-447.312    1119.052    -0.114
-446.821    1119.151    -0.114
-446.331    1119.251    -0.114
-445.841    1119.350    -0.114
-445.352    1119.449    -0.114
-444.861    1119.548    -0.114
-444.371    1119.648    -0.114
-443.881    1119.745    -0.114
-443.389    1119.836    -0.114
-442.898    1119.929    -0.114
-442.406    1120.021    -0.114
-441.916    1120.113    -0.114
-441.424    1120.205    -0.114
-440.933    1120.298    -0.114
-440.441    1120.389    -0.114
-439.950    1120.482    -0.114
-439.458    1120.575    -0.114
-438.967    1120.666    -0.114
-438.476    1120.759    -0.114
-437.984    1120.851    -0.114
-437.493    1120.943    -0.114
-437.001    1121.035    -0.114
-436.509    1121.121    -0.114
-436.115    1121.185    -0.114
-435.620    1121.266    -0.114
-435.127    1121.347    -0.114
-434.535    1121.442    -0.114
-434.042    1121.523    -0.114
-433.548    1121.604    -0.114
-433.055    1121.684    -0.114
-432.659    1121.744    -0.114
-432.165    1121.814    -0.114
-431.669    1121.886    -0.114
-431.175    1121.957    -0.114
-430.679    1122.028    -0.114
-430.185    1122.099    -0.113
-429.691    1122.170    -0.113
-429.195    1122.241    -0.113
-428.701    1122.313    -0.113
-428.205    1122.384    -0.113
-427.711    1122.455    -0.113
-427.215    1122.526    -0.113
-426.721    1122.597    -0.113
-426.226    1122.668    -0.113
-425.731    1122.740    -0.113
-425.236    1122.810    -0.113
-424.741    1122.882    -0.113
-424.247    1122.953    -0.113
-423.850    1123.007    -0.113
-423.353    1123.063    -0.113
-422.757    1123.129    -0.113
-422.360    1123.173    -0.113
-421.763    1123.239    -0.113
-421.366    1123.283    -0.113
-420.769    1123.349    -0.113
-420.371    1123.394    -0.113
-419.776    1123.460    -0.113
-419.378    1123.504    -0.113
-418.781    1123.570    -0.113
-418.384    1123.614    -0.113
-417.788    1123.681    -0.113
-417.391    1123.725    -0.113
-416.794    1123.791    -0.113
-416.297    1123.847    -0.113
-415.900    1123.891    -0.113
-415.304    1123.957    -0.113
-414.807    1124.013    -0.113
-414.409    1124.056    -0.113
-413.912    1124.104    -0.113
-413.414    1124.151    -0.113
-412.916    1124.199    -0.113
-412.418    1124.247    -0.113
-411.921    1124.295    -0.113
-411.423    1124.342    -0.113
-410.925    1124.391    -0.113
-410.428    1124.439    -0.113
-409.930    1124.486    -0.113
-409.432    1124.534    -0.113
-408.935    1124.582    -0.113
-408.437    1124.629    -0.113
-407.939    1124.678    -0.112
-407.442    1124.726    -0.112
-406.944    1124.774    -0.112
-406.446    1124.821    -0.112
-405.948    1124.869    -0.112
-405.550    1124.903    -0.112
-405.052    1124.934    -0.112
-404.552    1124.964    -0.112
-404.053    1124.994    -0.112
-403.554    1125.024    -0.112
-403.055    1125.054    -0.112
-402.556    1125.084    -0.112
-402.057    1125.113    -0.112
-401.558    1125.143    -0.112
-401.058    1125.173    -0.112
-400.560    1125.204    -0.112
-400.061    1125.233    -0.112
-399.561    1125.263    -0.112
-399.063    1125.294    -0.112
-398.564    1125.324    -0.112
-398.064    1125.353    -0.112
-397.566    1125.384    -0.112
-397.066    1125.414    -0.112
-396.567    1125.443    -0.112
-396.067    1125.460    -0.112
-395.568    1125.478    -0.112
-395.068    1125.496    -0.112
-394.568    1125.514    -0.112
-394.069    1125.532    -0.112
-393.569    1125.550    -0.112
-393.070    1125.568    -0.112
-392.571    1125.587    -0.112
-392.071    1125.604    -0.112
-391.571    1125.622    -0.112
-391.072    1125.641    -0.112
-390.572    1125.659    -0.112
-390.072    1125.676    -0.112
-389.573    1125.695    -0.112
-389.073    1125.713    -0.111
-388.573    1125.730    -0.111
-388.073    1125.748    -0.111
-387.674    1125.754    -0.111
-387.174    1125.761    -0.111
-386.674    1125.768    -0.111
-386.174    1125.776    -0.111
-385.674    1125.783    -0.111
-385.174    1125.790    -0.111
-384.674    1125.797    -0.111
-384.174    1125.805    -0.111
-383.674    1125.812    -0.111
-383.174    1125.819    -0.111
-382.674    1125.826    -0.111
-382.174    1125.834    -0.111
-381.674    1125.842    -0.111
-381.174    1125.848    -0.111
-380.675    1125.856    -0.111
-380.175    1125.864    -0.111
-379.675    1125.871    -0.111
-379.175    1125.878    -0.111
-378.675    1125.886    -0.111
-378.175    1125.893    -0.111
-377.675    1125.901    -0.111
-377.175    1125.906    -0.111
-376.676    1125.895    -0.111
-376.175    1125.885    -0.111
-375.676    1125.875    -0.111
-375.176    1125.863    -0.111
-374.676    1125.852    -0.111
-374.176    1125.842    -0.111
-373.677    1125.831    -0.111
-373.176    1125.820    -0.111
-372.677    1125.809    -0.111
-372.177    1125.799    -0.111
-371.677    1125.788    -0.110
-371.177    1125.777    -0.110
-370.678    1125.766    -0.110
-370.178    1125.755    -0.110
-369.678    1125.745    -0.110
-369.178    1125.733    -0.110
-368.678    1125.723    -0.110
-368.179    1125.713    -0.110
-367.778    1125.698    -0.110
-367.280    1125.674    -0.110
-366.780    1125.650    -0.110
-366.280    1125.626    -0.110
-365.781    1125.602    -0.110
-365.282    1125.578    -0.110
-364.782    1125.555    -0.110
-364.283    1125.530    -0.110
-363.783    1125.506    -0.110
-363.284    1125.483    -0.110
-362.785    1125.459    -0.110
-362.285    1125.434    -0.110
-361.786    1125.411    -0.110
-361.287    1125.387    -0.110
-360.787    1125.362    -0.110
-360.287    1125.339    -0.110
-359.789    1125.315    -0.110
-359.289    1125.291    -0.110
-358.789    1125.267    -0.110
-358.291    1125.230    -0.110
-357.792    1125.192    -0.110
-357.295    1125.154    -0.110
-356.796    1125.116    -0.110
-356.298    1125.078    -0.109
-355.799    1125.040    -0.109
-355.301    1125.001    -0.109
-354.802    1124.963    -0.109
-354.304    1124.925    -0.109
-353.805    1124.886    -0.109
-353.307    1124.849    -0.109
-352.808    1124.811    -0.109
-352.309    1124.773    -0.109
-351.811    1124.734    -0.109
-351.313    1124.696    -0.109
-350.814    1124.658    -0.109
-350.316    1124.619    -0.109
-349.817    1124.581    -0.109
-349.418    1124.550    -0.109
-348.920    1124.507    -0.109
-348.422    1124.463    -0.109
-347.923    1124.419    -0.109
-347.425    1124.374    -0.109
-346.928    1124.330    -0.109
-346.430    1124.286    -0.109
-345.932    1124.241    -0.109
-345.434    1124.197    -0.109
-344.936    1124.153    -0.109
-344.437    1124.108    -0.109
-343.939    1124.064    -0.109
-343.442    1124.015    -0.109
-342.945    1123.962    -0.109
-342.448    1123.910    -0.109
-341.951    1123.858    -0.108
-341.454    1123.804    -0.108
-340.956    1123.752    -0.108
-340.559    1123.707    -0.108
-340.064    1123.641    -0.108
-339.469    1123.561    -0.108
-339.072    1123.507    -0.108
-338.577    1123.441    -0.108
-337.983    1123.361    -0.108
-337.586    1123.307    -0.108
-336.991    1123.227    -0.108
-336.595    1123.174    -0.108
-336.001    1123.094    -0.108
-335.605    1123.040    -0.108
-335.109    1122.973    -0.108
-334.514    1122.893    -0.108
-334.118    1122.840    -0.108
-333.622    1122.773    -0.108
-333.028    1122.693    -0.108
-332.632    1122.640    -0.108
-332.136    1122.573    -0.108
-331.541    1122.493    -0.108
-331.145    1122.440    -0.108
-330.649    1122.373    -0.108
-330.055    1122.293    -0.108
-329.659    1122.239    -0.108
-329.163    1122.173    -0.108
-328.568    1122.093    -0.107
-328.172    1122.039    -0.107
-327.676    1121.973    -0.107
-327.082    1121.893    -0.107
-326.686    1121.839    -0.107
-326.192    1121.758    -0.107
-325.699    1121.671    -0.107
-325.207    1121.586    -0.107
-324.714    1121.500    -0.107
-324.222    1121.414    -0.107
-323.729    1121.329    -0.107
-323.237    1121.242    -0.107
-322.745    1121.157    -0.107
-322.252    1121.070    -0.107
-321.760    1120.985    -0.107
-321.266    1120.898    -0.107
-320.774    1120.813    -0.107
-320.282    1120.726    -0.107
-319.789    1120.640    -0.107
-319.297    1120.555    -0.107
-318.804    1120.469    -0.107
-318.312    1120.383    -0.107
-317.820    1120.297    -0.107
-317.327    1120.211    -0.107
-316.834    1120.124    -0.107
-316.341    1120.039    -0.106
-315.849    1119.953    -0.106
-315.357    1119.867    -0.106
-314.864    1119.782    -0.106
-314.372    1119.695    -0.106
-313.879    1119.610    -0.106
-313.387    1119.523    -0.106
-312.895    1119.438    -0.106
-312.401    1119.351    -0.106
-312.009    1119.275    -0.106
-311.521    1119.167    -0.106
-311.032    1119.061    -0.106
-310.545    1118.953    -0.106
-310.056    1118.845    -0.106
-309.567    1118.738    -0.106
-309.080    1118.630    -0.106
-308.591    1118.523    -0.106
-308.103    1118.415    -0.106
-307.615    1118.308    -0.106
-307.126    1118.200    -0.106
-306.638    1118.094    -0.106
-306.150    1117.986    -0.106
-305.661    1117.879    -0.106
-305.173    1117.771    -0.106
-304.685    1117.663    -0.105
-304.197    1117.556    -0.105
-303.708    1117.449    -0.105
-303.220    1117.342    -0.105
-302.732    1117.234    -0.105
-302.243    1117.127    -0.105
-301.755    1117.019    -0.105
-301.267    1116.912    -0.105
-300.778    1116.804    -0.105
-300.291    1116.696    -0.105
-299.802    1116.589    -0.105
-299.313    1116.482    -0.105
-298.923    1116.396    -0.105
-298.440    1116.268    -0.105
-297.956    1116.141    -0.105
-297.473    1116.014    -0.105
-296.989    1115.887    -0.105
-296.506    1115.759    -0.105
-296.022    1115.633    -0.105
-295.539    1115.505    -0.105
-295.056    1115.378    -0.105
-294.572    1115.251    -0.105
-294.088    1115.123    -0.105
-293.604    1114.996    -0.105
-293.121    1114.869    -0.104
-292.637    1114.742    -0.104
-292.154    1114.615    -0.104
-291.670    1114.488    -0.104
-291.187    1114.361    -0.104
-290.704    1114.233    -0.104
-290.220    1114.107    -0.104
-289.737    1113.979    -0.104
-289.253    1113.852    -0.104
-288.770    1113.725    -0.104
-288.285    1113.598    -0.104
-287.802    1113.470    -0.104
-287.319    1113.343    -0.104
-286.835    1113.216    -0.104
-286.352    1113.089    -0.104
-285.870    1112.957    -0.104
-285.391    1112.813    -0.104
-284.912    1112.669    -0.104
-284.433    1112.525    -0.104
-283.954    1112.382    -0.104
-283.476    1112.238    -0.104
-282.997    1112.094    -0.104
-282.518    1111.950    -0.103
-282.039    1111.806    -0.103
-281.560    1111.663    -0.103
-281.081    1111.520    -0.103
-280.602    1111.376    -0.103
-280.123    1111.232    -0.103
-279.645    1111.089    -0.103
-279.165    1110.945    -0.103
-278.687    1110.801    -0.103
-278.208    1110.657    -0.103
-277.729    1110.515    -0.103
-277.250    1110.371    -0.103
-276.771    1110.227    -0.103
-276.293    1110.083    -0.103
-275.813    1109.939    -0.103
-275.335    1109.796    -0.103
-274.856    1109.652    -0.103
-274.377    1109.508    -0.103
-273.898    1109.364    -0.103
-273.516    1109.246    -0.103
-273.044    1109.081    -0.103
-272.572    1108.915    -0.103
-272.100    1108.750    -0.102
-271.628    1108.586    -0.102
-271.156    1108.420    -0.102
-270.685    1108.255    -0.102
-270.213    1108.089    -0.102
-269.741    1107.924    -0.102
-269.269    1107.758    -0.102
-268.798    1107.593    -0.102
-268.327    1107.427    -0.102
-267.855    1107.262    -0.102
-267.383    1107.096    -0.102
-266.911    1106.930    -0.102
-266.439    1106.765    -0.102
-265.968    1106.599    -0.102
-265.496    1106.434    -0.102
-265.024    1106.269    -0.102
-264.552    1106.103    -0.102
-264.080    1105.938    -0.102
-263.608    1105.772    -0.102
-263.137    1105.607    -0.102
-262.665    1105.442    -0.101
-262.193    1105.277    -0.101
-261.721    1105.111    -0.101
-261.249    1104.946    -0.101
-260.778    1104.780    -0.101
-260.306    1104.615    -0.101
-259.834    1104.449    -0.101
-259.460    1104.310    -0.101
-258.995    1104.124    -0.101
-258.532    1103.937    -0.101
-258.067    1103.751    -0.101
-257.603    1103.565    -0.101
-257.139    1103.379    -0.101
-256.675    1103.193    -0.101
-256.211    1103.007    -0.101
-255.747    1102.821    -0.101
-255.282    1102.635    -0.101
-254.819    1102.449    -0.101
-254.354    1102.263    -0.101
-253.891    1102.077    -0.101
-253.426    1101.890    -0.100
-252.963    1101.704    -0.100
-252.499    1101.519    -0.100
-252.034    1101.333    -0.100
-251.571    1101.146    -0.100
-251.106    1100.960    -0.100
-250.642    1100.774    -0.100
-250.178    1100.588    -0.100
-249.714    1100.402    -0.100
-249.250    1100.217    -0.100
-248.786    1100.031    -0.100
-248.322    1099.845    -0.100
-247.858    1099.657    -0.100
-247.393    1099.471    -0.100
-246.930    1099.285    -0.100
-246.466    1099.100    -0.100
-246.008    1098.900    -0.100
-245.550    1098.698    -0.100
-245.092    1098.498    -0.100
-244.633    1098.298    -0.100
-244.176    1098.097    -0.099
-243.718    1097.896    -0.099
-243.260    1097.696    -0.099
-242.802    1097.495    -0.099
-242.344    1097.295    -0.099
-241.886    1097.093    -0.099
-241.429    1096.893    -0.099
-240.971    1096.692    -0.099
-240.513    1096.491    -0.099
-240.055    1096.290    -0.099
-239.596    1096.090    -0.099
-239.139    1095.890    -0.099
-238.681    1095.688    -0.099
-238.223    1095.488    -0.099
-237.765    1095.288    -0.099
-237.307    1095.086    -0.099
-236.850    1094.886    -0.099
-236.392    1094.685    -0.099
-235.934    1094.485    -0.099
-235.475    1094.283    -0.098
-235.017    1094.083    -0.098
-234.560    1093.883    -0.098
-234.197    1093.714    -0.098
-233.748    1093.493    -0.098
-233.301    1093.271    -0.098
-232.853    1093.049    -0.098
-232.404    1092.827    -0.098
-231.956    1092.606    -0.098
-231.509    1092.384    -0.098
-231.060    1092.162    -0.098
-230.612    1091.940    -0.098
-230.164    1091.719    -0.098
-229.717    1091.497    -0.098
-229.268    1091.275    -0.098
-228.820    1091.053    -0.098
-228.372    1090.832    -0.098
-227.923    1090.610    -0.098
-227.476    1090.388    -0.098
-227.028    1090.166    -0.097
-226.579    1089.945    -0.097
-226.131    1089.722    -0.097
-225.684    1089.501    -0.097
-225.236    1089.279    -0.097
-224.787    1089.058    -0.097
-224.339    1088.835    -0.097
-223.891    1088.613    -0.097
-223.443    1088.392    -0.097
-222.995    1088.170    -0.097
-222.547    1087.949    -0.097
-222.189    1087.770    -0.097
-221.746    1087.538    -0.097
-221.215    1087.259    -0.097
-220.861    1087.073    -0.097
-220.329    1086.795    -0.097
-219.975    1086.608    -0.097
-219.532    1086.376    -0.097
-219.090    1086.145    -0.097
-218.558    1085.866    -0.096
-218.204    1085.681    -0.096
-217.673    1085.402    -0.096
-217.319    1085.216    -0.096
-216.878    1084.980    -0.096
-216.440    1084.738    -0.096
-216.002    1084.497    -0.096
-215.565    1084.255    -0.096
-215.127    1084.014    -0.096
-214.689    1083.772    -0.096
-214.251    1083.530    -0.096
-213.815    1083.288    -0.096
-213.377    1083.046    -0.096
-212.939    1082.805    -0.096
-212.501    1082.563    -0.096
-212.063    1082.321    -0.096
-211.626    1082.079    -0.096
-211.188    1081.838    -0.096
-210.750    1081.596    -0.095
-210.312    1081.354    -0.095
-209.876    1081.112    -0.095
-209.616    1080.962    -0.095
-209.207    1080.674    -0.095
-208.799    1080.386    -0.095
-208.391    1080.097    -0.095
-207.885    1079.775    -0.095
-207.459    1079.514    -0.095
-207.031    1079.254    -0.095
-206.605    1078.993    -0.095
-206.178    1078.733    -0.095
-205.752    1078.472    -0.095
-205.325    1078.212    -0.095
-204.898    1077.951    -0.095
-204.471    1077.691    -0.095
-204.045    1077.431    -0.095
-203.618    1077.170    -0.094
-203.191    1076.910    -0.094
-202.764    1076.649    -0.094
-202.337    1076.389    -0.094
-201.911    1076.128    -0.094
-201.484    1075.868    -0.094
-201.058    1075.607    -0.094
-200.630    1075.347    -0.094
-200.204    1075.086    -0.094
-199.777    1074.825    -0.094
-199.351    1074.565    -0.094
-198.924    1074.304    -0.094
-198.496    1074.044    -0.094
-198.070    1073.783    -0.094
-197.643    1073.523    -0.094
-197.217    1073.262    -0.094
-196.789    1073.002    -0.094
-196.363    1072.742    -0.094
-196.026    1072.526    -0.093
-195.616    1072.240    -0.093
-195.207    1071.953    -0.093
-194.797    1071.667    -0.093
-194.387    1071.380    -0.093
-193.977    1071.095    -0.093
-193.567    1070.809    -0.093
-193.158    1070.522    -0.093
-192.748    1070.236    -0.093
-192.337    1069.949    -0.093
-191.927    1069.664    -0.093
-191.517    1069.378    -0.093
-191.107    1069.091    -0.093
-190.698    1068.805    -0.093
-190.288    1068.518    -0.093
-189.878    1068.232    -0.093
-189.468    1067.945    -0.092
-189.058    1067.659    -0.092
-188.649    1067.373    -0.092
-188.239    1067.086    -0.092
-187.829    1066.801    -0.092
-187.419    1066.514    -0.092
-187.009    1066.228    -0.092
-186.600    1065.941    -0.092
-186.190    1065.655    -0.092
-185.780    1065.369    -0.092
-185.369    1065.082    -0.092
-184.959    1064.797    -0.092
-184.550    1064.510    -0.092
-184.140    1064.224    -0.092
-183.730    1063.937    -0.092
-183.320    1063.651    -0.092
-182.910    1063.365    -0.092
-182.500    1063.078    -0.091
-182.091    1062.792    -0.091
-181.768    1062.556    -0.091
-181.373    1062.251    -0.091
-180.978    1061.944    -0.091
-180.582    1061.638    -0.091
-180.187    1061.331    -0.091
-179.792    1061.024    -0.091
-179.397    1060.719    -0.091
-179.002    1060.412    -0.091
-178.607    1060.106    -0.091
-178.212    1059.799    -0.091
-177.817    1059.493    -0.091
-177.422    1059.186    -0.091
-177.027    1058.880    -0.091
-176.631    1058.573    -0.091
-176.237    1058.266    -0.090
-175.842    1057.961    -0.090
-175.447    1057.654    -0.090
-175.051    1057.348    -0.090
-174.656    1057.041    -0.090
-174.262    1056.735    -0.090
-173.867    1056.429    -0.090
-173.471    1056.122    -0.090
-173.076    1055.815    -0.090
-172.682    1055.509    -0.090
-172.286    1055.203    -0.090
-171.891    1054.896    -0.090
-171.496    1054.590    -0.090
-171.101    1054.283    -0.090
-170.706    1053.977    -0.090
-170.311    1053.671    -0.090
-169.916    1053.364    -0.090
-169.520    1053.058    -0.089
-169.125    1052.753    -0.089
-168.730    1052.446    -0.089
-168.336    1052.139    -0.089
-167.940    1051.833    -0.089
-167.545    1051.526    -0.089
-167.150    1051.220    -0.089
-166.755    1050.913    -0.089
-166.360    1050.607    -0.089
-165.965    1050.300    -0.089
-165.570    1049.995    -0.089
-165.174    1049.688    -0.089
-164.780    1049.381    -0.089
-164.385    1049.075    -0.089
-163.990    1048.768    -0.089
-163.594    1048.462    -0.089
-163.200    1048.156    -0.088
-162.805    1047.849    -0.088
-162.409    1047.542    -0.088
-162.095    1047.297    -0.088
-161.714    1046.973    -0.088
-161.333    1046.648    -0.088
-160.953    1046.324    -0.088
-160.572    1046.000    -0.088
-160.191    1045.676    -0.088
-159.810    1045.352    -0.088
-159.430    1045.028    -0.088
-159.049    1044.704    -0.088
-158.668    1044.380    -0.088
-158.288    1044.055    -0.088
-157.907    1043.731    -0.088
-157.526    1043.407    -0.088
-157.146    1043.083    -0.087
-156.765    1042.759    -0.087
-156.384    1042.435    -0.087
-156.004    1042.111    -0.087
-155.623    1041.787    -0.087
-155.242    1041.463    -0.087
-154.861    1041.138    -0.087
-154.481    1040.814    -0.087
-154.100    1040.490    -0.087
-153.719    1040.166    -0.087
-153.339    1039.842    -0.087
-152.958    1039.518    -0.087
-152.577    1039.194    -0.087
-152.197    1038.870    -0.087
-151.816    1038.546    -0.087
-151.435    1038.221    -0.087
-151.055    1037.897    -0.086
-150.674    1037.573    -0.086
-150.293    1037.249    -0.086
-149.912    1036.925    -0.086
-149.532    1036.601    -0.086
-149.151    1036.277    -0.086
-148.770    1035.953    -0.086
-148.390    1035.628    -0.086
-148.009    1035.304    -0.086
-147.628    1034.980    -0.086
-147.248    1034.656    -0.086
-146.867    1034.332    -0.086
-146.486    1034.008    -0.086
-146.106    1033.684    -0.086
-145.725    1033.360    -0.086
-145.344    1033.036    -0.086
-144.964    1032.711    -0.086
-144.584    1032.387    -0.085
-144.203    1032.063    -0.085
-143.899    1031.803    -0.085
-143.616    1031.520    -0.085
-143.263    1031.166    -0.085
-142.909    1030.812    -0.085
-142.557    1030.459    -0.085
-142.204    1030.105    -0.085
-141.850    1029.751    -0.085
-141.497    1029.397    -0.085
-141.144    1029.043    -0.085
-140.790    1028.690    -0.085
-140.437    1028.336    -0.085
-140.083    1027.983    -0.085
-139.730    1027.629    -0.085
-139.377    1027.276    -0.084
-139.023    1026.922    -0.084
-138.670    1026.568    -0.084
-138.316    1026.214    -0.084
-137.963    1025.861    -0.084
-137.610    1025.507    -0.084
-137.256    1025.153    -0.084
-136.903    1024.799    -0.084
-136.625    1024.512    -0.084
-136.209    1024.079    -0.084
-135.861    1023.720    -0.084
-135.515    1023.361    -0.084
-135.167    1023.001    -0.084
-134.820    1022.641    -0.084
-134.472    1022.281    -0.084
-134.126    1021.922    -0.084
-133.778    1021.562    -0.083
-133.431    1021.202    -0.083
-133.083    1020.842    -0.083
-132.737    1020.483    -0.083
-132.389    1020.123    -0.083
-132.042    1019.764    -0.083
-131.694    1019.404    -0.083
-131.348    1019.045    -0.083
-131.000    1018.685    -0.083
-130.653    1018.325    -0.083
-130.305    1017.965    -0.083
-130.027    1017.677    -0.083
-129.611    1017.246    -0.083
-129.263    1016.886    -0.083
-128.916    1016.526    -0.083
-128.638    1016.239    -0.083
-128.222    1015.808    -0.082
-127.874    1015.448    -0.082
-127.527    1015.088    -0.082
-127.254    1014.795    -0.082
-126.914    1014.429    -0.082
-126.574    1014.063    -0.082
-126.233    1013.697    -0.082
-125.892    1013.331    -0.082
-125.553    1012.965    -0.082
-125.212    1012.599    -0.082
-124.871    1012.233    -0.082
-124.531    1011.867    -0.082
-124.191    1011.500    -0.082
-123.850    1011.134    -0.082
-123.510    1010.767    -0.082
-123.169    1010.401    -0.081
-122.829    1010.035    -0.081
-122.489    1009.669    -0.081
-122.148    1009.303    -0.081
-121.808    1008.937    -0.081
-121.468    1008.571    -0.081
-121.127    1008.204    -0.081
-120.786    1007.839    -0.081
-120.446    1007.473    -0.081
-120.106    1007.107    -0.081
-119.765    1006.739    -0.081
-119.424    1006.373    -0.081
-119.085    1006.007    -0.081
-118.744    1005.641    -0.081
-118.403    1005.275    -0.081
-118.064    1004.909    -0.080
-117.723    1004.543    -0.080
-117.382    1004.176    -0.080
-117.042    1003.810    -0.080
-116.702    1003.444    -0.080
-116.361    1003.078    -0.080
-116.021    1002.712    -0.080
-115.681    1002.346    -0.080
-115.340    1001.980    -0.080
-115.071    1001.683    -0.080
-114.826    1001.368    -0.080
-114.519    1000.973    -0.080
-114.212    1000.579    -0.080
-113.905    1000.184    -0.080
-113.598    999.789    -0.080
-113.290    999.394    -0.080
-112.984    999.000    -0.079
-112.677    998.605    -0.079
-112.369    998.211    -0.079
-112.063    997.817    -0.079
-111.756    997.422    -0.079
-111.448    997.027    -0.079
-111.141    996.633    -0.079
-110.835    996.238    -0.079
-110.527    995.843    -0.079
-110.220    995.450    -0.079
-109.913    995.055    -0.079
-109.605    994.660    -0.079
-109.298    994.266    -0.079
-108.992    993.871    -0.079
-108.684    993.477    -0.079
-108.377    993.082    -0.078
-108.070    992.688    -0.078
-107.763    992.294    -0.078
-107.456    991.899    -0.078
-107.149    991.504    -0.078
-106.841    991.109    -0.078
-106.535    990.715    -0.078
-106.228    990.320    -0.078
-105.920    989.926    -0.078
-105.613    989.532    -0.078
-105.307    989.137    -0.078
-104.999    988.742    -0.078
-104.692    988.348    -0.078
-104.385    987.953    -0.078
-104.078    987.558    -0.078
-103.771    987.165    -0.077
-103.464    986.770    -0.077
-103.156    986.376    -0.077
-102.849    985.981    -0.077
-102.610    985.661    -0.077
-102.329    985.247    -0.077
-102.046    984.835    -0.077
-101.763    984.422    -0.077
-101.480    984.010    -0.077
-101.199    983.597    -0.077
-100.916    983.185    -0.077
-100.634    982.772    -0.077
-100.351    982.360    -0.077
-100.069    981.948    -0.077
-99.787    981.535    -0.077
-99.504    981.122    -0.076
-99.221    980.709    -0.076
-98.940    980.297    -0.076
-98.657    979.884    -0.076
-98.374    979.472    -0.076
-98.092    979.059    -0.076
-97.810    978.647    -0.076
-97.527    978.235    -0.076
-97.245    977.822    -0.076
-96.962    977.409    -0.076
-96.680    976.996    -0.076
-96.397    976.584    -0.076
-96.115    976.171    -0.076
-95.832    975.759    -0.076
-95.551    975.346    -0.076
-95.268    974.934    -0.075
-94.985    974.522    -0.075
-94.703    974.109    -0.075
-94.421    973.696    -0.075
-94.138    973.283    -0.075
-93.855    972.871    -0.075
-93.573    972.458    -0.075
-93.291    972.046    -0.075
-93.008    971.633    -0.075
-92.726    971.221    -0.075
-92.443    970.809    -0.075
-92.161    970.396    -0.075
-91.879    969.984    -0.075
-91.596    969.570    -0.075
-91.313    969.158    -0.075
-91.032    968.745    -0.074
-90.749    968.333    -0.074
-90.466    967.920    -0.074
-90.184    967.508    -0.074
-89.902    967.096    -0.074
-89.620    966.683    -0.074
-89.418    966.337    -0.074
-89.168    965.905    -0.074
-88.916    965.472    -0.074
-88.665    965.040    -0.074
-88.415    964.607    -0.074
-88.165    964.175    -0.074
-87.913    963.742    -0.074
-87.663    963.309    -0.074
-87.413    962.876    -0.073
-87.162    962.444    -0.073
-86.911    962.012    -0.073
-86.660    961.579    -0.073
-86.409    961.146    -0.073
-86.159    960.714    -0.073
-85.909    960.281    -0.073
-85.658    959.849    -0.073
-85.407    959.416    -0.073
-85.157    958.983    -0.073
-84.906    958.550    -0.073
-84.656    958.118    -0.073
-84.404    957.686    -0.073
-84.153    957.253    -0.073
-83.903    956.820    -0.073
-83.652    956.388    -0.072
-83.402    955.955    -0.072
-83.150    955.523    -0.072
-82.900    955.091    -0.072
-82.649    954.658    -0.072
-82.399    954.225    -0.072
-82.149    953.793    -0.072
-81.897    953.360    -0.072
-81.647    952.928    -0.072
-81.396    952.495    -0.072
-81.146    952.062    -0.072
-80.895    951.629    -0.072
-80.644    951.197    -0.072
-80.394    950.765    -0.072
-80.143    950.332    -0.072
-79.893    949.899    -0.071
-79.641    949.466    -0.071
-79.391    949.034    -0.071
-79.140    948.602    -0.071
-78.890    948.169    -0.071
-78.638    947.736    -0.071
-78.388    947.304    -0.071
-78.137    946.871    -0.071
-77.887    946.439    -0.071
-77.636    946.007    -0.071
-77.385    945.573    -0.071
-77.134    945.141    -0.071
-76.884    944.709    -0.071
-76.683    944.363    -0.071
-76.451    943.920    -0.071
-76.222    943.475    -0.070
-75.992    943.032    -0.070
-75.763    942.587    -0.070
-75.533    942.143    -0.070
-75.305    941.699    -0.070
-75.075    941.254    -0.070
-74.846    940.810    -0.070
-74.616    940.365    -0.070
-74.387    939.922    -0.070
-74.157    939.477    -0.070
-73.928    939.033    -0.070
-73.699    938.589    -0.070
-73.469    938.145    -0.070
-73.241    937.700    -0.070
-73.011    937.256    -0.069
-72.782    936.812    -0.069
-72.552    936.367    -0.069
-72.323    935.924    -0.069
-72.093    935.479    -0.069
-71.865    935.035    -0.069
-71.635    934.590    -0.069
-71.406    934.146    -0.069
-71.176    933.702    -0.069
-70.947    933.257    -0.069
-70.718    932.814    -0.069
-70.489    932.369    -0.069
-70.315    932.009    -0.069
-70.109    931.554    -0.069
-69.901    931.098    -0.069
-69.693    930.643    -0.068
-69.486    930.189    -0.068
-69.280    929.734    -0.068
-69.073    929.279    -0.068
-68.865    928.823    -0.068
-68.658    928.368    -0.068
-68.451    927.913    -0.068
-68.244    927.459    -0.068
-68.037    927.003    -0.068
-67.829    926.548    -0.068
-67.623    926.093    -0.068
-67.416    925.638    -0.068
-67.208    925.183    -0.068
-67.001    924.728    -0.068
-66.795    924.273    -0.068
-66.587    923.818    -0.067
-66.380    923.363    -0.067
-66.174    922.907    -0.067
-66.011    922.542    -0.067
-65.769    921.993    -0.067
-65.567    921.535    -0.067
-65.365    921.078    -0.067
-65.164    920.621    -0.067
-64.962    920.163    -0.067
-64.760    919.706    -0.067
-64.558    919.249    -0.067
-64.356    918.791    -0.067
-64.155    918.334    -0.067
-63.953    917.877    -0.067
-63.751    917.418    -0.066
-63.549    916.961    -0.066
-63.389    916.596    -0.066
-63.146    916.046    -0.066
-62.944    915.589    -0.066
-62.742    915.132    -0.066
-62.540    914.674    -0.066
-62.339    914.217    -0.066
-62.178    913.851    -0.066
-61.989    913.388    -0.066
-61.801    912.924    -0.066
-61.612    912.462    -0.066
-61.423    911.999    -0.066
-61.234    911.536    -0.066
-61.045    911.073    -0.066
-60.856    910.610    -0.065
-60.667    910.147    -0.065
-60.478    909.685    -0.065
-60.289    909.221    -0.065
-60.100    908.758    -0.065
-59.911    908.296    -0.065
-59.723    907.833    -0.065
-59.534    907.369    -0.065
-59.345    906.907    -0.065
-59.156    906.444    -0.065
-58.967    905.981    -0.065
-58.778    905.518    -0.065
-58.590    905.055    -0.065
-58.401    904.593    -0.065
-58.212    904.130    -0.065
-58.023    903.666    -0.064
-57.834    903.204    -0.064
-57.645    902.741    -0.064
-57.503    902.367    -0.064
-57.326    901.899    -0.064
-57.150    901.431    -0.064
-56.938    900.870    -0.064
-56.797    900.495    -0.064
-56.620    900.028    -0.064
-56.408    899.466    -0.064
-56.267    899.093    -0.064
-56.090    898.625    -0.064
-55.914    898.157    -0.064
-55.737    897.690    -0.064
-55.561    897.222    -0.064
-55.349    896.661    -0.063
-55.208    896.286    -0.063
-55.031    895.818    -0.063
-54.855    895.351    -0.063
-54.678    894.883    -0.063
-54.501    894.415    -0.063
-54.326    893.947    -0.063
-54.165    893.474    -0.063
-54.005    893.000    -0.063
-53.845    892.526    -0.063
-53.685    892.053    -0.063
-53.524    891.580    -0.063
-53.364    891.105    -0.063
-53.204    890.632    -0.063
-53.043    890.159    -0.063
-52.883    889.685    -0.062
-52.722    889.212    -0.062
-52.562    888.738    -0.062
-52.402    888.264    -0.062
-52.241    887.791    -0.062
-52.080    887.318    -0.062
-51.920    886.844    -0.062
-51.760    886.370    -0.062
-51.600    885.897    -0.062
-51.439    885.423    -0.062
-51.279    884.950    -0.062
-51.118    884.476    -0.062
-50.996    884.095    -0.062
-50.861    883.615    -0.062
-50.725    883.133    -0.062
-50.589    882.652    -0.061
-50.454    882.171    -0.061
-50.319    881.689    -0.061
-50.183    881.208    -0.061
-50.048    880.727    -0.061
-49.913    880.245    -0.061
-49.777    879.764    -0.061
-49.641    879.283    -0.061
-49.506    878.801    -0.061
-49.370    878.321    -0.061
-49.235    877.839    -0.061
-49.100    877.358    -0.061
-48.964    876.877    -0.061
-48.829    876.395    -0.061
-48.694    875.914    -0.061
-48.558    875.433    -0.060
-48.423    874.951    -0.060
-48.288    874.470    -0.060
-48.152    873.988    -0.060
-48.017    873.507    -0.060
-47.881    873.027    -0.060
-47.742    872.546    -0.060
-47.605    872.065    -0.060
-47.468    871.585    -0.060
-47.329    871.104    -0.060
-47.192    870.623    -0.060
-47.054    870.143    -0.060
-46.915    869.663    -0.060
-46.778    869.182    -0.060
-46.640    868.701    -0.060
-46.503    868.221    -0.059
-46.364    867.740    -0.059
-46.227    867.259    -0.059
-46.089    866.778    -0.059
-45.951    866.299    -0.059
-45.813    865.818    -0.059
-45.675    865.337    -0.059
-45.537    864.857    -0.059
-45.400    864.376    -0.059
-45.262    863.895    -0.059
-45.123    863.414    -0.059
-44.986    862.935    -0.059
-44.848    862.454    -0.059
-44.710    861.973    -0.059
-44.573    861.492    -0.059
-44.470    861.105    -0.058
-44.347    860.621    -0.058
-44.223    860.137    -0.058
-44.101    859.653    -0.058
-43.977    859.168    -0.058
-43.854    858.683    -0.058
-43.731    858.198    -0.058
-43.608    857.714    -0.058
-43.485    857.230    -0.058
-43.362    856.745    -0.058
-43.239    856.260    -0.058
-43.115    855.776    -0.058
-42.992    855.291    -0.058
-42.869    854.807    -0.058
-42.745    854.323    -0.058
-42.623    853.837    -0.057
-42.499    853.353    -0.057
-42.376    852.869    -0.057
-42.254    852.384    -0.057
-42.130    851.900    -0.057
-42.007    851.414    -0.057
-41.889    850.929    -0.057
-41.775    850.443    -0.057
-41.661    849.955    -0.057
-41.548    849.469    -0.057
-41.433    848.981    -0.057
-41.320    848.495    -0.057
-41.206    848.007    -0.057
-41.093    847.521    -0.057
-40.980    847.034    -0.057
-40.866    846.547    -0.056
-40.752    846.061    -0.056
-40.638    845.573    -0.056
-40.525    845.087    -0.056
-40.410    844.600    -0.056
-40.297    844.113    -0.056
-40.183    843.627    -0.056
-40.069    843.139    -0.056
-39.955    842.653    -0.056
-39.842    842.165    -0.056
-39.728    841.679    -0.056
-39.615    841.192    -0.056
-39.502    840.705    -0.056
-39.387    840.218    -0.056
-39.274    839.731    -0.056
-39.160    839.245    -0.056
-39.043    838.758    -0.055
-38.924    838.272    -0.055
-38.806    837.787    -0.055
-38.687    837.302    -0.055
-38.569    836.815    -0.055
-38.451    836.330    -0.055
-38.332    835.844    -0.055
-38.214    835.358    -0.055
-38.095    834.872    -0.055
-37.977    834.387    -0.055
-37.858    833.901    -0.055
-37.740    833.415    -0.055
-37.621    832.930    -0.055
-37.503    832.443    -0.055
-37.385    831.958    -0.055
-37.266    831.473    -0.054
-37.148    830.987    -0.054
-37.029    830.501    -0.054
-36.910    830.016    -0.054
-36.834    829.623    -0.054
-36.745    829.131    -0.054
-36.656    828.639    -0.054
-36.568    828.147    -0.054
-36.480    827.655    -0.054
-36.392    827.163    -0.054
-36.303    826.670    -0.054
-36.215    826.178    -0.054
-36.126    825.686    -0.054
-36.037    825.194    -0.054
-35.949    824.702    -0.054
-35.861    824.210    -0.054
-35.773    823.718    -0.053
-35.684    823.226    -0.053
-35.594    822.734    -0.053
-35.506    822.242    -0.053
-35.417    821.750    -0.053
-35.329    821.258    -0.053
-35.240    820.766    -0.053
-35.152    820.274    -0.053
-35.063    819.781    -0.053
-34.974    819.289    -0.053
-34.886    818.797    -0.053
-34.797    818.305    -0.053
-34.709    817.813    -0.053
-34.620    817.321    -0.053
-34.531    816.829    -0.053
-34.443    816.337    -0.052
-34.354    815.845    -0.052
-34.266    815.353    -0.052
-34.177    814.861    -0.052
-34.089    814.369    -0.052
-34.022    813.975    -0.052
-33.946    813.481    -0.052
-33.869    812.987    -0.052
-33.792    812.493    -0.052
-33.717    811.998    -0.052
-33.640    811.504    -0.052
-33.564    811.011    -0.052
-33.487    810.517    -0.052
-33.410    810.022    -0.052
-33.334    809.528    -0.052
-33.258    809.035    -0.052
-33.181    808.540    -0.051
-33.105    808.046    -0.051
-33.011    807.453    -0.051
-32.931    806.960    -0.051
-32.853    806.466    -0.051
-32.774    805.972    -0.051
-32.711    805.578    -0.051
-32.632    805.084    -0.051
-32.553    804.590    -0.051
-32.459    803.997    -0.051
-32.380    803.504    -0.051
-32.317    803.109    -0.051
-32.222    802.517    -0.051
-32.158    802.121    -0.051
-32.080    801.628    -0.051
-32.001    801.134    -0.051
-31.938    800.638    -0.050
-31.875    800.142    -0.050
-31.811    799.646    -0.050
-31.748    799.150    -0.050
-31.685    798.655    -0.050
-31.621    798.158    -0.050
-31.558    797.662    -0.050
-31.496    797.167    -0.050
-31.432    796.670    -0.050
-31.369    796.174    -0.050
-31.306    795.679    -0.050
-31.242    795.182    -0.050
-31.179    794.687    -0.050
-31.116    794.191    -0.050
-31.052    793.694    -0.050
-30.989    793.199    -0.050
-30.926    792.703    -0.049
-30.862    792.207    -0.049
-30.790    791.712    -0.049
-30.718    791.218    -0.049
-30.644    790.723    -0.049
-30.572    790.228    -0.049
-30.499    789.734    -0.049
-30.425    789.239    -0.049
-30.352    788.745    -0.049
-30.279    788.251    -0.049
-30.205    787.756    -0.049
-30.132    787.261    -0.049
-30.059    786.766    -0.049
-29.985    786.272    -0.049
-29.913    785.778    -0.049
-29.855    785.382    -0.049
-29.800    784.885    -0.049
-29.746    784.387    -0.048
-29.691    783.890    -0.048
-29.637    783.394    -0.048
-29.582    782.897    -0.048
-29.527    782.400    -0.048
-29.473    781.903    -0.048
-29.418    781.405    -0.048
-29.364    780.909    -0.048
-29.310    780.412    -0.048
-29.255    779.915    -0.048
-29.200    779.418    -0.048
-29.146    778.921    -0.048
-29.092    778.423    -0.048
-29.037    777.927    -0.048
-28.983    777.430    -0.048
-28.926    776.933    -0.048
-28.868    776.436    -0.047
-28.798    775.841    -0.047
-28.752    775.444    -0.047
-28.682    774.847    -0.047
-28.635    774.450    -0.047
-28.565    773.855    -0.047
-28.519    773.457    -0.047
-28.449    772.861    -0.047
-28.403    772.464    -0.047
-28.333    771.868    -0.047
-28.287    771.471    -0.047
-28.232    770.974    -0.047
-28.176    770.477    -0.047
-28.120    769.981    -0.047
-28.065    769.484    -0.047
-28.009    768.987    -0.047
-27.953    768.489    -0.046
-27.898    767.992    -0.046
-27.842    767.496    -0.046
-27.786    766.999    -0.046
-27.730    766.502    -0.046
-27.675    766.005    -0.046
-27.619    765.509    -0.046
-27.563    765.012    -0.046
-27.509    764.515    -0.046
-27.464    764.017    -0.046
-27.419    763.519    -0.046
-27.375    763.021    -0.046
-27.330    762.523    -0.046
-27.285    762.025    -0.046
-27.240    761.527    -0.046
-27.196    761.030    -0.046
-27.151    760.532    -0.046
-27.106    760.034    -0.045
-27.062    759.535    -0.045
-27.017    759.037    -0.045
-26.972    758.539    -0.045
-26.928    758.041    -0.045
-26.884    757.543    -0.045
-26.839    757.045    -0.045
-26.797    756.547    -0.045
-26.756    756.049    -0.045
-26.714    755.551    -0.045
-26.672    755.053    -0.045
-26.630    754.555    -0.045
-26.589    754.057    -0.045
-26.547    753.558    -0.045
-26.505    753.059    -0.045
-26.464    752.561    -0.045
-26.421    752.063    -0.045
-26.379    751.565    -0.044
-26.337    751.067    -0.044
-26.296    750.569    -0.044
-26.254    750.071    -0.044
-26.212    749.572    -0.044
-26.171    749.074    -0.044
-26.129    748.576    -0.044
-26.084    748.078    -0.044
-26.038    747.580    -0.044
-25.993    747.082    -0.044
-25.947    746.584    -0.044
-25.901    746.086    -0.044
-25.856    745.589    -0.044
-25.809    745.091    -0.044
-25.763    744.593    -0.044
-25.718    744.095    -0.044
-25.672    743.597    -0.044
-25.626    743.099    -0.043
-25.579    742.602    -0.043
-25.534    742.104    -0.043
-25.492    741.606    -0.043
-25.453    741.107    -0.043
-25.415    740.608    -0.043
-25.375    740.110    -0.043
-25.336    739.612    -0.043
-25.296    739.113    -0.043
-25.258    738.615    -0.043
-25.218    738.117    -0.043
-25.179    737.618    -0.043
-25.139    737.119    -0.043
-25.101    736.621    -0.043
-25.062    736.123    -0.043
-25.022    735.625    -0.043
-24.984    735.126    -0.043
-24.944    734.627    -0.042
-24.905    734.129    -0.042
-24.865    733.631    -0.042
-24.840    733.232    -0.042
-24.808    732.732    -0.042
-24.778    732.234    -0.042
-24.746    731.734    -0.042
-24.715    731.236    -0.042
-24.683    730.737    -0.042
-24.652    730.237    -0.042
-24.621    729.739    -0.042
-24.589    729.240    -0.042
-24.557    728.740    -0.042
-24.527    728.242    -0.042
-24.495    727.743    -0.042
-24.464    727.244    -0.042
-24.433    726.745    -0.042
-24.402    726.245    -0.042
-24.370    725.747    -0.041
-24.339    725.248    -0.041
-24.308    724.749    -0.041
-24.274    724.250    -0.041
-24.240    723.751    -0.041
-24.200    723.153    -0.041
-24.166    722.654    -0.041
-24.140    722.255    -0.041
-24.106    721.755    -0.041
-24.073    721.257    -0.041
-24.039    720.758    -0.041
-24.005    720.260    -0.041
-23.971    719.760    -0.041
-23.931    719.162    -0.041
-23.905    718.763    -0.041
-23.871    718.264    -0.041
-23.830    717.665    -0.041
-23.803    717.267    -0.040
-23.762    716.668    -0.040
-23.727    716.169    -0.040
-23.699    715.770    -0.040
-23.658    715.172    -0.040
-23.625    714.672    -0.040
-23.597    714.274    -0.040
-23.556    713.675    -0.040
-23.522    713.177    -0.040
-23.494    712.777    -0.040
-23.453    712.179    -0.040
-23.419    711.680    -0.040
-23.392    711.281    -0.040
-23.366    710.782    -0.040
-23.341    710.282    -0.040
-23.316    709.783    -0.040
-23.291    709.284    -0.040
-23.265    708.785    -0.040
-23.241    708.285    -0.039
-23.216    707.786    -0.039
-23.190    707.286    -0.039
-23.165    706.787    -0.039
-23.141    706.288    -0.039
-23.115    705.789    -0.039
-23.090    705.289    -0.039
-23.065    704.790    -0.039
-23.040    704.290    -0.039
-23.015    703.792    -0.039
-22.990    703.292    -0.039
-22.965    702.793    -0.039
-22.939    702.293    -0.039
-22.913    701.794    -0.039
-22.886    701.295    -0.039
-22.859    700.796    -0.039
-22.834    700.296    -0.039
-22.807    699.797    -0.039
-22.781    699.297    -0.038
-22.755    698.799    -0.038
-22.729    698.299    -0.038
-22.702    697.800    -0.038
-22.675    697.300    -0.038
-22.650    696.801    -0.038
-22.623    696.302    -0.038
-22.596    695.803    -0.038
-22.570    695.303    -0.038
-22.544    694.804    -0.038
-22.517    694.305    -0.038
-22.491    693.806    -0.038
-22.464    693.306    -0.038
-22.438    692.807    -0.038
-22.412    692.308    -0.038
-22.385    691.809    -0.038
-22.359    691.310    -0.038
-22.335    690.810    -0.038
-22.310    690.311    -0.038
-22.285    689.811    -0.037
-22.259    689.312    -0.037
-22.235    688.813    -0.037
-22.209    688.313    -0.037
-22.184    687.814    -0.037
-22.159    687.314    -0.037
-22.134    686.815    -0.037
-22.108    686.316    -0.037
-22.083    685.817    -0.037
-22.059    685.317    -0.037
-22.033    684.818    -0.037
-22.008    684.318    -0.037
-21.978    683.820    -0.037
-21.949    683.321    -0.037
-21.920    682.821    -0.037
-21.891    682.323    -0.037
-21.861    681.823    -0.037
-21.833    681.324    -0.037
-21.803    680.825    -0.036
-21.774    680.326    -0.036
-21.754    679.827    -0.036
-21.735    679.327    -0.036
-21.715    678.827    -0.036
-21.694    678.328    -0.036
-21.674    677.828    -0.036
-21.655    677.328    -0.036
-21.635    676.829    -0.036
-21.615    676.329    -0.036
-21.596    675.829    -0.036
-21.575    675.330    -0.036
-21.555    674.830    -0.036
-21.535    674.332    -0.036
-21.516    673.832    -0.036
-21.496    673.332    -0.036
-21.476    672.833    -0.036
-21.455    672.333    -0.036
-21.436    671.833    -0.036
-21.416    671.334    -0.035
-21.395    670.834    -0.035
-21.375    670.335    -0.035
-21.356    669.835    -0.035
-21.335    669.335    -0.035
-21.315    668.836    -0.035
-21.295    668.336    -0.035
-21.276    667.836    -0.035
-21.256    667.337    -0.035
-21.236    666.838    -0.035
-21.216    666.338    -0.035
-21.197    665.839    -0.035
-21.177    665.339    -0.035
-21.156    664.840    -0.035
-21.136    664.340    -0.035
-21.117    663.840    -0.035
-21.096    663.341    -0.035
-21.076    662.841    -0.035
-21.056    662.341    -0.035
-21.037    661.842    -0.034
-21.017    661.342    -0.034
-20.997    660.843    -0.034
-20.976    660.343    -0.034
-20.957    659.843    -0.034
-20.937    659.345    -0.034
-20.917    658.845    -0.034
-20.898    658.345    -0.034
-20.878    657.846    -0.034
-20.861    657.346    -0.034
-20.845    656.846    -0.034
-20.829    656.347    -0.034
-20.812    655.847    -0.034
-20.795    655.347    -0.034
-20.779    654.848    -0.034
-20.763    654.348    -0.034
-20.746    653.848    -0.034
-20.729    653.348    -0.034
-20.712    652.849    -0.034
-20.696    652.349    -0.033
-20.680    651.849    -0.033
-20.663    651.350    -0.033
-20.646    650.850    -0.033
-20.631    650.350    -0.033
-20.614    649.850    -0.033
-20.597    649.351    -0.033
-20.581    648.851    -0.033
-20.565    648.351    -0.033
-20.548    647.852    -0.033
-20.531    647.352    -0.033
-20.514    646.852    -0.033
-20.498    646.352    -0.033
-20.482    645.853    -0.033
-20.465    645.353    -0.033
-20.448    644.853    -0.033
-20.433    644.354    -0.033
-20.416    643.854    -0.033
-20.399    643.354    -0.033
-20.383    642.854    -0.033
-20.367    642.355    -0.032
-20.350    641.855    -0.032
-20.333    641.355    -0.032
-20.316    640.857    -0.032
-20.300    640.357    -0.032
-20.284    639.857    -0.032
-20.267    639.357    -0.032
-20.250    638.858    -0.032
-20.235    638.358    -0.032
-20.218    637.858    -0.032
-20.201    637.359    -0.032
-20.185    636.859    -0.032
-20.169    636.359    -0.032
-20.152    635.860    -0.032
-20.136    635.360    -0.032
-20.119    634.860    -0.032
-20.103    634.360    -0.032
-20.088    633.861    -0.032
-20.073    633.361    -0.032
-20.059    632.861    -0.032
-20.045    632.361    -0.031
-20.030    631.862    -0.031
-20.015    631.362    -0.031
-20.002    630.862    -0.031
-19.987    630.362    -0.031
-19.972    629.863    -0.031
-19.958    629.363    -0.031
-19.944    628.863    -0.031
-19.929    628.363    -0.031
-19.914    627.864    -0.031
-19.899    627.364    -0.031
-19.885    626.864    -0.031
-19.871    626.364    -0.031
-19.856    625.865    -0.031
-19.841    625.365    -0.031
-19.828    624.865    -0.031
-19.813    624.365    -0.031
-19.798    623.865    -0.031
-19.783    623.366    -0.031
-19.769    622.866    -0.031
-19.754    622.366    -0.030
-19.740    621.866    -0.030
-19.725    621.367    -0.030
-19.711    620.867    -0.030
-19.697    620.367    -0.030
-19.682    619.867    -0.030
-19.667    619.368    -0.030
-19.653    618.868    -0.030
-19.638    618.368    -0.030
-19.623    617.868    -0.030
-19.609    617.369    -0.030
-19.595    616.869    -0.030
-19.580    616.369    -0.030
-19.566    615.869    -0.030
-19.551    615.370    -0.030
-19.537    614.870    -0.030
-19.523    614.370    -0.030
-19.508    613.870    -0.030
-19.493    613.371    -0.030
-19.480    612.871    -0.030
-19.465    612.371    -0.030
-19.450    611.871    -0.029
-19.435    611.372    -0.029
-19.421    610.872    -0.029
-19.406    610.372    -0.029
-19.392    609.872    -0.029
-19.377    609.373    -0.029
-19.363    608.873    -0.029
-19.349    608.373    -0.029
-19.334    607.873    -0.029
-19.319    607.373    -0.029
-19.306    606.874    -0.029
-19.291    606.374    -0.029
-19.276    605.874    -0.029
-19.262    605.374    -0.029
-19.248    604.875    -0.029
-19.233    604.375    -0.029
-19.219    603.875    -0.029
-19.204    603.375    -0.029
-19.191    602.876    -0.029
-19.176    602.376    -0.029
-19.162    601.876    -0.029
-19.147    601.376    -0.028
-19.134    600.877    -0.028
-19.119    600.377    -0.028
-19.104    599.877    -0.028
-19.090    599.377    -0.028
-19.076    598.878    -0.028
-19.061    598.378    -0.028
-19.047    597.878    -0.028
-19.032    597.378    -0.028
-19.019    596.878    -0.028
-19.004    596.379    -0.028
-18.990    595.879    -0.028
-18.976    595.379    -0.028
-18.962    594.879    -0.028
-18.947    594.380    -0.028
-18.932    593.880    -0.028
-18.919    593.380    -0.028
-18.904    592.880    -0.028
-18.889    592.381    -0.028
-18.875    591.881    -0.028
-18.861    591.381    -0.028
-18.846    590.881    -0.027
-18.831    590.382    -0.027
-18.817    589.882    -0.027
-18.803    589.382    -0.027
-18.789    588.882    -0.027
-18.774    588.383    -0.027
-18.760    587.883    -0.027
-18.746    587.383    -0.027
-18.732    586.883    -0.027
-18.717    586.384    -0.027
-18.702    585.885    -0.027
-18.689    585.385    -0.027
-18.674    584.885    -0.027
-18.659    584.385    -0.027
-18.645    583.886    -0.027
-18.631    583.386    -0.027
-18.617    582.886    -0.027
-18.602    582.386    -0.027
-18.588    581.887    -0.027
-18.574    581.387    -0.027
-18.560    580.887    -0.027
-18.545    580.387    -0.027
-18.530    579.888    -0.026
-18.517    579.388    -0.026
-18.502    578.888    -0.026
-18.487    578.388    -0.026
-18.473    577.889    -0.026
-18.459    577.389    -0.026
-18.445    576.889    -0.026
-18.430    576.389    -0.026
-18.416    575.890    -0.026
-18.402    575.390    -0.026
-18.388    574.890    -0.026
-18.373    574.390    -0.026
-18.358    573.890    -0.026
-18.345    573.391    -0.026
-18.330    572.891    -0.026
-18.315    572.391    -0.026
-18.301    571.891    -0.026
-18.287    571.392    -0.026
-18.273    570.892    -0.026
-18.258    570.392    -0.026
-18.244    569.892    -0.026
-18.230    569.393    -0.026
-18.216    568.893    -0.025
-18.201    568.393    -0.025
-18.186    567.893    -0.025
-18.173    567.394    -0.025
-18.158    566.894    -0.025
-18.143    566.394    -0.025
-18.129    565.894    -0.025
-18.115    565.395    -0.025
-18.101    564.895    -0.025
-18.086    564.395    -0.025
-18.073    563.895    -0.025
-18.058    563.395    -0.025
-18.044    562.896    -0.025
-18.029    562.396    -0.025
-18.015    561.896    -0.025
-18.001    561.396    -0.025
-17.986    560.897    -0.025
-17.971    560.397    -0.025
-17.958    559.897    -0.025
-17.943    559.397    -0.025
-17.928    558.898    -0.025
-17.914    558.398    -0.025
-17.900    557.898    -0.024
-17.885    557.398    -0.024
-17.871    556.899    -0.024
-17.856    556.399    -0.024
-17.843    555.899    -0.024
-17.828    555.399    -0.024
-17.814    554.900    -0.024
-17.799    554.400    -0.024
-17.786    553.900    -0.024
-17.771    553.400    -0.024
-17.756    552.901    -0.024
-17.742    552.401    -0.024
-17.728    551.901    -0.024
-17.713    551.401    -0.024
-17.699    550.901    -0.024
-17.684    550.402    -0.024
-17.671    549.902    -0.024
-17.656    549.402    -0.024
-17.642    548.902    -0.024
-17.627    548.403    -0.024
-17.614    547.903    -0.024
-17.599    547.403    -0.024
-17.584    546.903    -0.024
-17.570    546.404    -0.024
-17.556    545.904    -0.023
-17.541    545.404    -0.023
-17.527    544.904    -0.023
-17.512    544.405    -0.023
-17.499    543.905    -0.023
-17.484    543.405    -0.023
-17.470    542.905    -0.023
-17.455    542.406    -0.023
-17.442    541.906    -0.023
-17.427    541.406    -0.023
-17.412    540.906    -0.023
-17.398    540.406    -0.023
-17.384    539.907    -0.023
-17.369    539.407    -0.023
-17.355    538.907    -0.023
-17.340    538.407    -0.023
-17.327    537.908    -0.023
-17.312    537.408    -0.023
-17.298    536.908    -0.023
-17.283    536.408    -0.023
-17.270    535.909    -0.023
-17.255    535.409    -0.023
-17.240    534.909    -0.023
-17.226    534.409    -0.022
-17.212    533.910    -0.022
-17.197    533.410    -0.022
-17.183    532.910    -0.022
-17.168    532.410    -0.022
-17.155    531.911    -0.022
-17.140    531.411    -0.022
-17.126    530.911    -0.022
-17.111    530.411    -0.022
-17.098    529.911    -0.022
-17.083    529.412    -0.022
-17.068    528.912    -0.022
-17.055    528.412    -0.022
-17.040    527.912    -0.022
-17.025    527.413    -0.022
-17.011    526.913    -0.022
-16.997    526.413    -0.022
-16.982    525.913    -0.022
-16.968    525.414    -0.022
-16.953    524.914    -0.022
-16.939    524.414    -0.022
-16.925    523.914    -0.022
-16.910    523.415    -0.022
-16.896    522.915    -0.022
-16.882    522.415    -0.021
-16.868    521.915    -0.021
-16.853    521.416    -0.021
-16.839    520.916    -0.021
-16.825    520.416    -0.021
-16.810    519.916    -0.021
-16.796    519.416    -0.021
-16.781    518.917    -0.021
-16.767    518.417    -0.021
-16.753    517.917    -0.021
-16.738    517.417    -0.021
-16.724    516.918    -0.021
-16.710    516.418    -0.021
-16.696    515.918    -0.021
-16.681    515.418    -0.021
-16.667    514.919    -0.021
-16.653    514.419    -0.021
-16.638    513.919    -0.021
-16.624    513.419    -0.021
-16.609    512.920    -0.021
-16.595    512.420    -0.021
-16.581    511.921    -0.021
-16.566    511.421    -0.021
-16.552    510.922    -0.021
-16.538    510.422    -0.021
-16.524    509.922    -0.020
-16.509    509.422    -0.020
-16.495    508.922    -0.020
-16.481    508.423    -0.020
-16.466    507.923    -0.020
-16.452    507.423    -0.020
-16.437    506.923    -0.020
-16.423    506.424    -0.020
-16.409    505.924    -0.020
-16.394    505.424    -0.020
-16.380    504.924    -0.020
-16.366    504.425    -0.020
-16.352    503.925    -0.020
-16.337    503.425    -0.020
-16.323    502.925    -0.020
-16.309    502.426    -0.020
-16.294    501.926    -0.020
-16.280    501.426    -0.020
-16.265    500.926    -0.020
-16.251    500.427    -0.020
-16.237    499.927    -0.020
-16.222    499.427    -0.020
-16.207    498.927    -0.020
-16.194    498.428    -0.020
-16.179    497.928    -0.020
-16.164    497.428    -0.019
-16.151    496.928    -0.019
-16.136    496.428    -0.019
-16.122    495.929    -0.019
-16.107    495.429    -0.019
-16.094    494.929    -0.019
-16.079    494.429    -0.019
-16.065    493.930    -0.019
-16.050    493.430    -0.019
-16.036    492.930    -0.019
-16.022    492.430    -0.019
-16.007    491.931    -0.019
-15.992    491.431    -0.019
-15.979    490.931    -0.019
-15.964    490.431    -0.019
-15.950    489.932    -0.019
-15.935    489.432    -0.019
-15.922    488.932    -0.019
-15.907    488.432    -0.019
-15.893    487.933    -0.019
-15.878    487.433    -0.019
-15.865    486.933    -0.019
-15.850    486.433    -0.019
-15.836    485.933    -0.019
-15.821    485.434    -0.019
-15.808    484.934    -0.019
-15.793    484.434    -0.018
-15.779    483.934    -0.018
-15.764    483.435    -0.018
-15.751    482.935    -0.018
-15.736    482.435    -0.018
-15.722    481.935    -0.018
-15.707    481.436    -0.018
-15.694    480.936    -0.018
-15.679    480.436    -0.018
-15.665    479.936    -0.018
-15.650    479.437    -0.018
-15.637    478.937    -0.018
-15.622    478.437    -0.018
-15.608    477.937    -0.018
-15.593    477.437    -0.018
-15.580    476.938    -0.018
-15.565    476.438    -0.018
-15.551    475.938    -0.018
-15.536    475.438    -0.018
-15.523    474.939    -0.018
-15.508    474.439    -0.018
-15.494    473.939    -0.018
-15.479    473.439    -0.018
-15.466    472.940    -0.018
-15.451    472.440    -0.018
-15.437    471.940    -0.018
-15.423    471.440    -0.017
-15.409    470.941    -0.017
-15.395    470.441    -0.017
-15.380    469.941    -0.017
-15.366    469.441    -0.017
-15.352    468.941    -0.017
-15.338    468.442    -0.017
-15.323    467.942    -0.017
-15.309    467.442    -0.017
-15.295    466.942    -0.017
-15.281    466.443    -0.017
-15.266    465.943    -0.017
-15.252    465.443    -0.017
-15.238    464.943    -0.017
-15.224    464.444    -0.017
-15.209    463.944    -0.017
-15.196    463.444    -0.017
-15.181    462.944    -0.017
-15.167    462.445    -0.017
-15.152    461.945    -0.017
-15.139    461.445    -0.017
-15.124    460.945    -0.017
-15.110    460.446    -0.017
-15.095    459.946    -0.017
-15.082    459.446    -0.017
-15.067    458.946    -0.017
-15.053    458.446    -0.017
-15.038    457.947    -0.017
-15.025    457.447    -0.016
-15.010    456.947    -0.016
-14.996    456.447    -0.016
-14.981    455.948    -0.016
-14.968    455.448    -0.016
-14.953    454.948    -0.016
-14.939    454.448    -0.016
-14.924    453.949    -0.016
-14.911    453.449    -0.016
-14.896    452.949    -0.016
-14.882    452.449    -0.016
-14.867    451.950    -0.016
-14.854    451.450    -0.016
-14.839    450.950    -0.016
-14.825    450.450    -0.016
-14.810    449.950    -0.016
-14.797    449.451    -0.016
-14.782    448.951    -0.016
-14.768    448.451    -0.016
-14.754    447.951    -0.016
-14.740    447.452    -0.016
-14.726    446.952    -0.016
-14.712    446.452    -0.016
-14.697    445.952    -0.016
-14.684    445.453    -0.016
-14.669    444.953    -0.016
-14.655    444.453    -0.016
-14.640    443.953    -0.016
-14.627    443.454    -0.015
-14.612    442.954    -0.015
-14.598    442.454    -0.015
-14.583    441.954    -0.015
-14.570    441.454    -0.015
-14.555    440.955    -0.015
-14.541    440.455    -0.015
-14.526    439.955    -0.015
-14.513    439.455    -0.015
-14.498    438.956    -0.015
-14.484    438.456    -0.015
-14.469    437.956    -0.015
-14.456    437.456    -0.015
-14.441    436.957    -0.015
-14.427    436.457    -0.015
-14.412    435.957    -0.015
-14.399    435.457    -0.015
-14.384    434.958    -0.015
-14.370    434.458    -0.015
-14.355    433.958    -0.015
-14.342    433.458    -0.015
-14.327    432.959    -0.015
-14.313    432.460    -0.015
-14.299    431.960    -0.015
-14.285    431.460    -0.015
-14.270    430.960    -0.015
-14.256    430.461    -0.015
-14.242    429.961    -0.015
-14.228    429.461    -0.015
-14.213    428.961    -0.014
-14.199    428.462    -0.014
-14.185    427.962    -0.014
-14.171    427.462    -0.014
-14.156    426.962    -0.014
-14.142    426.463    -0.014
-14.128    425.963    -0.014
-14.114    425.463    -0.014
-14.099    424.963    -0.014
-14.085    424.464    -0.014
-14.071    423.964    -0.014
-14.057    423.464    -0.014
-14.043    422.964    -0.014
-14.028    422.464    -0.014
-14.015    421.965    -0.014
-14.000    421.465    -0.014
-13.986    420.965    -0.014
-13.971    420.465    -0.014
-13.958    419.966    -0.014
-13.943    419.466    -0.014
-13.929    418.966    -0.014
-13.914    418.466    -0.014
-13.901    417.967    -0.014
-13.886    417.467    -0.014
-13.872    416.967    -0.014
-13.857    416.467    -0.014
-13.844    415.968    -0.014
-13.829    415.468    -0.014
-13.815    414.968    -0.014
-13.800    414.468    -0.014
-13.787    413.968    -0.013
-13.772    413.469    -0.013
-13.758    412.969    -0.013
-13.743    412.469    -0.013
-13.730    411.969    -0.013
-13.716    411.470    -0.013
-13.701    410.970    -0.013
-13.687    410.470    -0.013
-13.673    409.970    -0.013
-13.659    409.471    -0.013
-13.644    408.971    -0.013
-13.630    408.471    -0.013
-13.616    407.971    -0.013
-13.601    407.472    -0.013
-13.587    406.972    -0.013
-13.572    406.472    -0.013
-13.559    405.972    -0.013
-13.544    405.472    -0.013
-13.530    404.973    -0.013
-13.515    404.473    -0.013
-13.502    403.973    -0.013
-13.487    403.473    -0.013
-13.473    402.974    -0.013
-13.459    402.474    -0.013
-13.445    401.974    -0.013
-13.431    401.474    -0.013
-13.416    400.975    -0.013
-13.403    400.475    -0.013
-13.388    399.975    -0.013
-13.374    399.475    -0.013
-13.359    398.976    -0.013
-13.346    398.476    -0.012
-13.331    397.976    -0.012
-13.317    397.476    -0.012
-13.302    396.976    -0.012
-13.289    396.477    -0.012
-13.275    395.977    -0.012
-13.260    395.477    -0.012
-13.246    394.977    -0.012
-13.232    394.478    -0.012
-13.217    393.978    -0.012
-13.203    393.478    -0.012
-13.188    392.978    -0.012
-13.175    392.479    -0.012
-13.160    391.979    -0.012
-13.146    391.479    -0.012
-13.131    390.979    -0.012
-13.118    390.480    -0.012
-13.103    389.980    -0.012
-13.089    389.480    -0.012
-13.074    388.980    -0.012
-13.061    388.481    -0.012
-13.046    387.981    -0.012
-13.032    387.481    -0.012
-13.018    386.981    -0.012
-13.004    386.481    -0.012
-12.990    385.982    -0.012
-12.975    385.482    -0.012
-12.960    384.982    -0.012
-12.947    384.482    -0.012
-12.932    383.983    -0.012
-12.918    383.483    -0.012
-12.904    382.983    -0.012
-12.890    382.483    -0.012
-12.876    381.984    -0.011
-12.861    381.484    -0.011
-12.847    380.984    -0.011
-12.833    380.484    -0.011
-12.819    379.985    -0.011
-12.804    379.485    -0.011
-12.790    378.985    -0.011
-12.776    378.485    -0.011
-12.762    377.985    -0.011
-12.747    377.486    -0.011
-12.733    376.986    -0.011
-12.719    376.486    -0.011
-12.704    375.986    -0.011
-12.690    375.487    -0.011
-12.675    374.987    -0.011
-12.662    374.487    -0.011
-12.648    373.987    -0.011
-12.633    373.488    -0.011
-12.619    372.988    -0.011
-12.605    372.488    -0.011
-12.591    371.988    -0.011
-12.576    371.489    -0.011
-12.562    370.989    -0.011
-12.548    370.489    -0.011
-12.534    369.989    -0.011
-12.519    369.489    -0.011
-12.506    368.990    -0.011
-12.491    368.490    -0.011
-12.477    367.990    -0.011
-12.463    367.490    -0.011
-12.449    366.991    -0.011
-12.435    366.491    -0.011
-12.420    365.991    -0.011
-12.406    365.491    -0.011
-12.392    364.992    -0.010
-12.378    364.492    -0.010
-12.363    363.992    -0.010
-12.349    363.492    -0.010
-12.335    362.993    -0.010
-12.321    362.493    -0.010
-12.306    361.993    -0.010
-12.292    361.493    -0.010
-12.279    360.993    -0.010
-12.264    360.494    -0.010
-12.250    359.994    -0.010
-12.235    359.494    -0.010
-12.221    358.994    -0.010
-12.207    358.495    -0.010
-12.192    357.995    -0.010
-12.178    357.495    -0.010
-12.164    356.995    -0.010
-12.150    356.496    -0.010
-12.135    355.996    -0.010
-12.121    355.496    -0.010
-12.107    354.996    -0.010
-12.093    354.497    -0.010
-12.078    353.997    -0.010
-12.064    353.497    -0.010
-12.050    352.997    -0.010
-12.036    352.498    -0.010
-12.022    351.999    -0.010
-12.007    351.499    -0.010
-11.994    350.999    -0.010
-11.979    350.499    -0.010
-11.964    350.000    -0.010
-11.950    349.500    -0.010
-11.936    349.000    -0.010
-11.922    348.500    -0.010
-11.908    348.001    -0.010
-11.893    347.501    -0.010
-11.880    347.001    -0.009
-11.865    346.501    -0.009
-11.851    346.002    -0.009
-11.836    345.502    -0.009
-11.823    345.002    -0.009
-11.808    344.502    -0.009
-11.794    344.003    -0.009
-11.779    343.503    -0.009
-11.766    343.003    -0.009
-11.751    342.503    -0.009
-11.737    342.003    -0.009
-11.722    341.504    -0.009
-11.708    341.004    -0.009
-11.694    340.504    -0.009
-11.679    340.004    -0.009
-11.666    339.505    -0.009
-11.652    339.005    -0.009
-11.637    338.505    -0.009
-11.623    338.005    -0.009
-11.609    337.506    -0.009
-11.595    337.006    -0.009
-11.580    336.506    -0.009
-11.566    336.006    -0.009
-11.552    335.507    -0.009
-11.538    335.007    -0.009
-11.523    334.507    -0.009
-11.509    334.007    -0.009
-11.495    333.507    -0.009
-11.481    333.008    -0.009
-11.467    332.508    -0.009
-11.452    332.008    -0.009
-11.439    331.508    -0.009
-11.424    331.009    -0.009
-11.410    330.509    -0.009
-11.395    330.009    -0.009
-11.382    329.509    -0.009
-11.367    329.010    -0.009
-11.353    328.510    -0.008
-11.338    328.010    -0.008
-11.324    327.510    -0.008
-11.310    327.011    -0.008
-11.295    326.511    -0.008
-11.281    326.011    -0.008
-11.267    325.511    -0.008
-11.253    325.012    -0.008
-11.238    324.512    -0.008
-11.224    324.012    -0.008
-11.211    323.512    -0.008
-11.196    323.012    -0.008
-11.182    322.513    -0.008
-11.167    322.013    -0.008
-11.154    321.513    -0.008
-11.139    321.013    -0.008
-11.125    320.514    -0.008
-11.110    320.014    -0.008
-11.097    319.514    -0.008
-11.082    319.014    -0.008
-11.068    318.515    -0.008
-11.053    318.015    -0.008
-11.040    317.515    -0.008
-11.026    317.015    -0.008
-11.011    316.516    -0.008
-10.997    316.016    -0.008
-10.983    315.516    -0.008
-10.969    315.016    -0.008
-10.954    314.516    -0.008
-10.939    314.017    -0.008
-10.926    313.517    -0.008
-10.911    313.017    -0.008
-10.897    312.517    -0.008
-10.882    312.018    -0.008
-10.869    311.518    -0.008
-10.854    311.018    -0.008
-10.840    310.518    -0.008
-10.825    310.019    -0.008
-10.812    309.519    -0.008
-10.798    309.019    -0.008
-10.783    308.519    -0.007
-10.770    308.020    -0.007
-10.755    307.520    -0.007
-10.741    307.020    -0.007
-10.726    306.520    -0.007
-10.713    306.020    -0.007
-10.698    305.521    -0.007
-10.683    305.021    -0.007
-10.669    304.521    -0.007
-10.656    304.021    -0.007
-10.641    303.522    -0.007
-10.627    303.022    -0.007
-10.613    302.522    -0.007
-10.599    302.022    -0.007
-10.585    301.523    -0.007
-10.570    301.023    -0.007
-10.555    300.523    -0.007
-10.542    300.023    -0.007
-10.527    299.524    -0.007
-10.513    299.024    -0.007
-10.498    298.524    -0.007
-10.485    298.024    -0.007
-10.470    297.524    -0.007
-10.456    297.025    -0.007
-10.441    296.525    -0.007
-10.428    296.025    -0.007
-10.413    295.525    -0.007
-10.399    295.026    -0.007
-10.384    294.526    -0.007
-10.371    294.026    -0.007
-10.357    293.526    -0.007
-10.342    293.027    -0.007
-10.328    292.527    -0.007
-10.315    292.027    -0.007
-10.300    291.527    -0.007
-10.286    291.028    -0.007
-10.272    290.528    -0.007
-10.259    290.028    -0.007
-10.245    289.528    -0.007
-10.230    289.028    -0.007
-10.216    288.529    -0.007
-10.203    288.029    -0.007
-10.189    287.529    -0.007
-10.174    287.029    -0.006
-10.160    286.530    -0.006
-10.147    286.030    -0.006
-10.133    285.530    -0.006
-10.119    285.030    -0.006
-10.105    284.531    -0.006
-10.092    284.031    -0.006
-10.078    283.531    -0.006
-10.063    283.031    -0.006
-10.049    282.531    -0.006
-10.036    282.032    -0.006
-10.022    281.532    -0.006
-10.007    281.032    -0.006
-9.993    280.532    -0.006
-9.980    280.033    -0.006
-9.966    279.533    -0.006
-9.951    279.033    -0.006
-9.938    278.533    -0.006
-9.924    278.033    -0.006
-9.910    277.534    -0.006
-9.896    277.034    -0.006
-9.883    276.534    -0.006
-9.869    276.034    -0.006
-9.855    275.535    -0.006
-9.840    275.035    -0.006
-9.827    274.535    -0.006
-9.813    274.035    -0.006
-9.799    273.536    -0.006
-9.784    273.036    -0.006
-9.771    272.536    -0.006
-9.757    272.036    -0.006
-9.743    271.536    -0.006
-9.728    271.037    -0.006
-9.715    270.537    -0.006
-9.701    270.037    -0.006
-9.687    269.537    -0.006
-9.673    269.038    -0.006
-9.660    268.538    -0.006
-9.646    268.038    -0.006
-9.631    267.538    -0.006
-9.617    267.039    -0.006
-9.604    266.539    -0.006
-9.590    266.039    -0.006
-9.576    265.539    -0.006
-9.561    265.040    -0.006
-9.548    264.541    -0.006
-9.534    264.041    -0.005
-9.520    263.541    -0.005
-9.505    263.041    -0.005
-9.492    262.542    -0.005
-9.478    262.042    -0.005
-9.464    261.542    -0.005
-9.449    261.042    -0.005
-9.436    260.543    -0.005
-9.422    260.043    -0.005
-9.408    259.543    -0.005
-9.394    259.043    -0.005
-9.381    258.543    -0.005
-9.367    258.044    -0.005
-9.353    257.544    -0.005
-9.338    257.044    -0.005
-9.325    256.544    -0.005
-9.311    256.045    -0.005
-9.297    255.545    -0.005
-9.282    255.045    -0.005
-9.269    254.545    -0.005
-9.255    254.045    -0.005
-9.241    253.546    -0.005
-9.226    253.046    -0.005
-9.213    252.546    -0.005
-9.199    252.046    -0.005
-9.185    251.547    -0.005
-9.172    251.047    -0.005
-9.158    250.547    -0.005
-9.144    250.047    -0.005
-9.130    249.548    -0.005
-9.116    249.048    -0.005
-9.102    248.548    -0.005
-9.088    248.048    -0.005
-9.074    247.548    -0.005
-9.060    247.049    -0.005
-9.046    246.549    -0.005
-9.032    246.049    -0.005
-9.018    245.549    -0.005
-9.004    245.050    -0.005
-8.990    244.550    -0.005
-8.976    244.050    -0.005
-8.962    243.550    -0.005
-8.949    243.051    -0.005
-8.935    242.551    -0.005
-8.921    242.051    -0.005
-8.907    241.551    -0.005
-8.893    241.051    -0.005
-8.879    240.552    -0.005
-8.865    240.052    -0.005
-8.851    239.552    -0.005
-8.837    239.052    -0.004
-8.823    238.553    -0.004
-8.809    238.053    -0.004
-8.795    237.553    -0.004
-8.781    237.053    -0.004
-8.767    236.554    -0.004
-8.753    236.054    -0.004
-8.739    235.554    -0.004
-8.726    235.054    -0.004
-8.712    234.554    -0.004
-8.697    234.055    -0.004
-8.683    233.555    -0.004
-8.670    233.055    -0.004
-8.656    232.555    -0.004
-8.639    232.056    -0.004
-8.622    231.556    -0.004
-8.606    231.056    -0.004
-8.589    230.557    -0.004
-8.572    230.057    -0.004
-8.555    229.557    -0.004
-8.538    229.057    -0.004
-8.521    228.558    -0.004
-8.504    228.058    -0.004
-8.487    227.558    -0.004
-8.471    227.059    -0.004
-8.454    226.559    -0.004
-8.437    226.059    -0.004
-8.419    225.560    -0.004
-8.403    225.060    -0.004
-8.386    224.560    -0.004
-8.369    224.060    -0.004
-8.353    223.561    -0.004
-8.336    223.061    -0.004
-8.320    222.561    -0.004
-8.305    222.062    -0.004
-8.292    221.562    -0.004
-8.277    221.062    -0.004
-8.263    220.562    -0.004
-8.248    220.062    -0.004
-8.235    219.563    -0.004
-8.220    219.063    -0.004
-8.206    218.563    -0.004
-8.191    218.063    -0.004
-8.178    217.564    -0.004
-8.163    217.064    -0.004
-8.149    216.564    -0.004
-8.134    216.064    -0.004
-8.121    215.565    -0.004
-8.106    215.065    -0.004
-8.092    214.565    -0.004
-8.077    214.065    -0.004
-8.064    213.566    -0.004
-8.049    213.066    -0.004
-8.035    212.566    -0.004
-8.021    212.066    -0.004
-8.007    211.566    -0.004
-7.993    211.067    -0.004
-7.978    210.567    -0.003
-7.964    210.067    -0.003
-7.950    209.567    -0.003
-7.936    209.068    -0.003
-7.921    208.569    -0.003
-7.907    208.069    -0.003
-7.893    207.569    -0.003
-7.879    207.070    -0.003
-7.864    206.570    -0.003
-7.850    206.070    -0.003
-7.836    205.570    -0.003
-7.822    205.071    -0.003
-7.807    204.571    -0.003
-7.793    204.071    -0.003
-7.779    203.571    -0.003
-7.765    203.071    -0.003
-7.750    202.572    -0.003
-7.736    202.072    -0.003
-7.722    201.572    -0.003
-7.708    201.072    -0.003
-7.693    200.573    -0.003
-7.679    200.073    -0.003
-7.665    199.573    -0.003
-7.650    199.073    -0.003
-7.636    198.574    -0.003
-7.622    198.074    -0.003
-7.608    197.574    -0.003
-7.594    197.074    -0.003
-7.580    196.575    -0.003
-7.566    196.075    -0.003
-7.552    195.575    -0.003
-7.537    195.075    -0.003
-7.523    194.575    -0.003
-7.509    194.076    -0.003
-7.495    193.576    -0.003
-7.480    193.076    -0.003
-7.466    192.576    -0.003
-7.452    192.077    -0.003
-7.438    191.577    -0.003
-7.423    191.077    -0.003
-7.409    190.577    -0.003
-7.395    190.078    -0.003
-7.381    189.578    -0.003
-7.366    189.078    -0.003
-7.352    188.578    -0.003
-7.338    188.079    -0.003
-7.324    187.579    -0.003
-7.309    187.079    -0.003
-7.295    186.579    -0.003
-7.281    186.080    -0.003
-7.266    185.580    -0.003
-7.252    185.080    -0.003
-7.237    184.580    -0.003
-7.224    184.080    -0.003
-7.209    183.581    -0.003
-7.195    183.081    -0.003
-7.180    182.581    -0.003
-7.167    182.081    -0.003
-7.152    181.582    -0.003
-7.138    181.082    -0.003
-7.123    180.582    -0.003
-7.110    180.082    -0.003
-7.096    179.583    -0.003
-7.081    179.083    -0.003
-7.067    178.583    -0.003
-7.054    178.083    -0.002
-7.039    177.584    -0.002
-7.025    177.084    -0.002
-7.010    176.584    -0.002
-6.997    176.084    -0.002
-6.982    175.584    -0.002
-6.968    175.085    -0.002
-6.953    174.585    -0.002
-6.940    174.085    -0.002
-6.925    173.585    -0.002
-6.911    173.086    -0.002
-6.896    172.586    -0.002
-6.882    172.086    -0.002
-6.868    171.586    -0.002
-6.853    171.087    -0.002
-6.839    170.587    -0.002
-6.825    170.087    -0.002
-6.811    169.587    -0.002
-6.796    169.088    -0.002
-6.783    168.588    -0.002
-6.768    168.088    -0.002
-6.754    167.588    -0.002
-6.739    167.089    -0.002
-6.726    166.589    -0.002
-6.711    166.089    -0.002
-6.697    165.589    -0.002
-6.683    165.089    -0.002
-6.669    164.590    -0.002
-6.655    164.090    -0.002
-6.641    163.590    -0.002
-6.626    163.090    -0.002
-6.613    162.591    -0.002
-6.598    162.091    -0.002
-6.584    161.591    -0.002
-6.569    161.091    -0.002
-6.556    160.592    -0.002
-6.541    160.092    -0.002
-6.527    159.592    -0.002
-6.512    159.092    -0.002
-6.498    158.593    -0.002
-6.484    158.093    -0.002
-6.469    157.593    -0.002
-6.455    157.093    -0.002
-6.441    156.593    -0.002
-6.427    156.094    -0.002
-6.412    155.594    -0.002
-6.398    155.094    -0.002
-6.384    154.594    -0.002
-6.370    154.095    -0.002
-6.355    153.595    -0.002
-6.341    153.095    -0.002
-6.327    152.595    -0.002
-6.313    152.096    -0.002
-6.298    151.596    -0.002
-6.284    151.096    -0.002
-6.270    150.596    -0.002
-6.256    150.097    -0.002
-6.242    149.597    -0.002
-6.227    149.097    -0.002
-6.214    148.597    -0.002
-6.200    148.097    -0.002
-6.185    147.598    -0.002
-6.171    147.098    -0.002
-6.157    146.598    -0.002
-6.143    146.098    -0.002
-6.128    145.599    -0.002
-6.113    145.099    -0.002
-6.100    144.599    -0.002
-6.085    144.099    -0.002
-6.071    143.600    -0.002
-6.056    143.100    -0.002
-6.043    142.600    -0.002
-6.028    142.100    -0.002
-6.014    141.601    -0.002
-6.000    141.101    -0.002
-5.986    140.601    -0.002
-5.971    140.101    -0.002
-5.957    139.601    -0.002
-5.943    139.102    -0.002
-5.929    138.602    -0.002
-5.914    138.102    -0.002
-5.900    137.602    -0.001
-5.886    137.103    -0.001
-5.872    136.603    -0.001
-5.857    136.103    -0.001
-5.843    135.603    -0.001
-5.830    135.104    -0.001
-5.815    134.604    -0.001
-5.801    134.104    -0.001
-5.787    133.604    -0.001
-5.773    133.105    -0.001
-5.759    132.605    -0.001
-5.744    132.105    -0.001
-5.729    131.605    -0.001
-5.716    131.105    -0.001
-5.701    130.606    -0.001
-5.687    130.106    -0.001
-5.672    129.606    -0.001
-5.659    129.106    -0.001
-5.644    128.607    -0.001
-5.630    128.108    -0.001
-5.615    127.608    -0.001
-5.602    127.108    -0.001
-5.587    126.609    -0.001
-5.573    126.109    -0.001
-5.558    125.609    -0.001
-5.545    125.109    -0.001
-5.530    124.610    -0.001
-5.516    124.110    -0.001
-5.501    123.610    -0.001
-5.488    123.110    -0.001
-5.473    122.611    -0.001
-5.459    122.111    -0.001
-5.444    121.611    -0.001
-5.431    121.111    -0.001
-5.416    120.611    -0.001
-5.402    120.112    -0.001
-5.387    119.612    -0.001
-5.374    119.112    -0.001
-5.359    118.612    -0.001
-5.345    118.113    -0.001
-5.330    117.613    -0.001
-5.317    117.113    -0.001
-5.303    116.613    -0.001
-5.288    116.114    -0.001
-5.275    115.614    -0.001
-5.260    115.114    -0.001
-5.246    114.614    -0.001
-5.231    114.115    -0.001
-5.218    113.615    -0.001
-5.203    113.115    -0.001
-5.189    112.615    -0.001
-5.174    112.115    -0.001
-5.161    111.616    -0.001
-5.146    111.116    -0.001
-5.132    110.616    -0.001
-5.117    110.116    -0.001
-5.104    109.617    -0.001
-5.089    109.117    -0.001
-5.075    108.617    -0.001
-5.060    108.117    -0.001
-5.047    107.618    -0.001
-5.032    107.118    -0.001
-5.018    106.618    -0.001
-5.003    106.118    -0.001
-4.990    105.619    -0.001
-4.975    105.119    -0.001
-4.960    104.619    -0.001
-4.946    104.119    -0.001
-4.932    103.619    -0.001
-4.918    103.120    -0.001
-4.904    102.620    -0.001
-4.889    102.120    -0.001
-4.876    101.620    -0.001
-4.862    101.121    -0.001
-4.847    100.621    -0.001
-4.833    100.121    -0.001
-4.819    99.621    -0.001
-4.805    99.122    -0.001
-4.790    98.622    -0.001
-4.776    98.122    -0.001
-4.762    97.622    -0.001
-4.747    97.123    -0.001
-4.732    96.623    -0.001
-4.716    96.123    -0.001
-4.702    95.623    -0.001
-4.687    95.124    -0.001
-4.672    94.624    -0.001
-4.657    94.124    -0.001
-4.643    93.624    -0.001
-4.628    93.125    -0.001
-4.613    92.625    -0.001
-4.598    92.125    -0.001
-4.584    91.625    -0.001
-4.569    91.126    -0.001
-4.554    90.626    -0.001
-4.539    90.126    -0.001
-4.525    89.626    -0.001
-4.510    89.127    -0.001
-4.496    88.627    -0.001
-4.482    88.127    -0.001
-4.468    87.627    -0.001
-4.453    87.128    -0.001
-4.439    86.628    -0.001
-4.426    86.128    -0.001
-4.411    85.628    -0.001
-4.397    85.128    -0.001
-4.383    84.629    -0.001
-4.370    84.129    -0.001
-4.356    83.629    -0.001
-4.341    83.129    -0.001
-4.327    82.630    -0.001
-4.313    82.130    -0.001
-4.299    81.630    -0.001
-4.285    81.130    -0.001
-4.270    80.631    -0.001
-4.257    80.131    -0.001
-4.242    79.631    -0.001
-4.228    79.131    -0.000
-4.214    78.631    -0.000
-4.200    78.132    -0.000
-4.186    77.632    -0.000
-4.172    77.132    -0.000
-4.157    76.632    -0.000
-4.144    76.133    -0.000
-4.130    75.633    -0.000
-4.116    75.133    -0.000
-4.101    74.633    -0.000
-4.088    74.134    -0.000
-4.074    73.634    -0.000
-4.059    73.134    -0.000
-4.045    72.634    -0.000
-4.031    72.134    -0.000
-4.017    71.635    -0.000
-4.003    71.135    -0.000
-3.989    70.635    -0.000
-3.975    70.135    -0.000
-3.961    69.636    -0.000
-3.947    69.136    -0.000
-3.933    68.636    -0.000
-3.919    68.136    -0.000
-3.905    67.637    -0.000
-3.890    67.137    -0.000
-3.876    66.637    -0.000
-3.863    66.137    -0.000
-3.848    65.637    -0.000
-3.834    65.138    -0.000
-3.820    64.638    -0.000
-3.807    64.138    -0.000
-3.792    63.638    -0.000
-3.778    63.139    -0.000
-3.765    62.639    -0.000
-3.750    62.139    -0.000
-3.736    61.639    -0.000
-3.722    61.140    -0.000
-3.708    60.640    -0.000
-3.694    60.140    -0.000
-3.679    59.640    -0.000
-3.665    59.141    -0.000
-3.652    58.641    -0.000
-3.637    58.141    -0.000
-3.623    57.641    -0.000
-3.608    57.141    -0.000
-3.595    56.642    -0.000
-3.581    56.142    -0.000
-3.567    55.642    -0.000
-3.553    55.142    -0.000
-3.539    54.643    -0.000
-3.525    54.143    -0.000
-3.511    53.643    -0.000
-3.496    53.143    -0.000
-3.483    52.644    -0.000
-3.468    52.144    -0.000
-3.454    51.644    -0.000
-3.440    51.144    -0.000
-3.426    50.644    -0.000
-3.412    50.145    -0.000
-3.398    49.645    -0.000
-3.384    49.145    -0.000
-3.371    48.645    -0.000
-3.356    48.146    -0.000
-3.342    47.646    -0.000
-3.327    47.146    -0.000
-3.314    46.647    -0.000
-3.300    46.148    -0.000
-3.285    45.648    -0.000
-3.271    45.148    -0.000
-3.257    44.648    -0.000
-3.243    44.148    -0.000
-3.229    43.649    -0.000
-3.214    43.149    -0.000
-3.201    42.649    -0.000
-3.187    42.149    -0.000
-3.172    41.650    -0.000
-3.158    41.150    -0.000
-3.145    40.650    -0.000
-3.131    40.150    -0.000
-3.116    39.651    -0.000
-3.102    39.151    -0.000
-3.089    38.651    -0.000
-3.074    38.151    -0.000
-3.060    37.651    -0.000
-3.046    37.152    -0.000
-3.032    36.652    -0.000
-3.018    36.152    -0.000
-3.004    35.652    -0.000
-2.990    35.153    -0.000
-2.976    34.653    -0.000
-2.962    34.153    -0.000
-2.948    33.653    -0.000
-2.934    33.154    -0.000
-2.920    32.654    -0.000
-2.905    32.154    -0.000
-2.891    31.654    -0.000
-2.878    31.155    -0.000
-2.863    30.655    -0.000
-2.849    30.155    -0.000
-2.834    29.655    -0.000
-2.821    29.155    -0.000
-2.807    28.656    -0.000
-2.792    28.156    -0.000
-2.778    27.656    -0.000
-2.765    27.156    -0.000
-2.750    26.657    -0.000
-2.736    26.157    -0.000
-2.722    25.657    -0.000
-2.709    25.157    -0.000
-2.694    24.658    -0.000
-2.680    24.158    -0.000
-2.666    23.658    -0.000
-2.652    23.158    -0.000
-2.638    22.658    -0.000
-2.623    22.159    -0.000
-2.609    21.659    -0.000
-2.596    21.159    -0.000
-2.582    20.659    -0.000
-2.567    20.160    -0.000
-2.553    19.660    -0.000
-2.540    19.160    -0.000
-2.526    18.660    -0.000
-2.511    18.161    -0.000
-2.497    17.661    -0.000
-2.483    17.161    -0.000
-2.469    16.661    -0.000
-2.455    16.161    -0.000
-2.440    15.662    -0.000
-2.427    15.162    -0.000
-2.413    14.662    -0.000
-2.399    14.162    -0.000
-2.385    13.663    -0.000
-2.371    13.163    -0.000
-2.357    12.663    -0.000
-2.342    12.163    -0.000
-2.329    11.664    -0.000
-2.315    11.164    -0.000
-2.300    10.664    -0.000
-2.286    10.164    -0.000
-2.272    9.665    -0.000
-2.258    9.165    -0.000
-2.244    8.665    -0.000
-2.229    8.165    -0.000
-2.216    7.665    -0.000
-2.202    7.166    -0.000
-2.187    6.666    -0.000
-2.173    6.166    -0.000
-2.160    5.666    -0.000
-2.146    5.167    -0.000
-2.134    4.767    -0.000
-2.126    4.267    -0.000
-2.117    3.767    -0.000
-2.107    3.167    -0.000
-2.098    2.667    -0.000
-2.089    2.167    -0.000
-2.083    1.767    -0.000
-2.074    1.268    -0.000
-2.064    0.668    -0.000
-2.058    0.268    -0.000
