9.399    0.351    -0.000
9.415    -0.183    -0.000
9.430    -0.683    -0.000
9.446    -1.182    -0.000
9.463    -1.782    -0.000
9.476    -2.282    -0.000
9.490    -2.782    -0.000
9.504    -3.281    -0.000
9.518    -3.781    -0.000
9.531    -4.281    -0.000
9.545    -4.781    -0.000
9.557    -5.180    -0.000
9.574    -5.780    -0.000
9.587    -6.280    -0.000
9.601    -6.780    -0.000
9.615    -7.280    -0.000
9.629    -7.779    -0.000
9.642    -8.279    -0.000
9.654    -8.679    -0.000
9.668    -9.179    -0.000
9.685    -9.778    -0.000
9.698    -10.278    -0.000
9.712    -10.778    -0.000
9.726    -11.278    -0.000
9.737    -11.678    -0.000
9.751    -12.177    -0.000
9.765    -12.677    -0.000
9.782    -13.277    -0.000
9.796    -13.777    -0.000
9.809    -14.276    -0.000
9.823    -14.776    -0.000
9.837    -15.276    -0.000
9.851    -15.776    -0.000
9.864    -16.275    -0.000
9.878    -16.775    -0.000
9.892    -17.275    -0.000
9.906    -17.775    -0.000
9.917    -18.175    -0.000
9.931    -18.674    -0.000
9.948    -19.274    -0.000
9.962    -19.774    -0.000
9.975    -20.274    -0.000
9.989    -20.773    -0.000
10.003    -21.273    -0.000
10.017    -21.773    -0.000
10.030    -22.273    -0.000
10.044    -22.772    -0.000
10.058    -23.272    -0.000
10.072    -23.772    -0.000
10.083    -24.172    -0.000
10.098    -24.672    -0.000
10.112    -25.171    -0.000
10.127    -25.671    -0.000
10.145    -26.271    -0.000
10.160    -26.771    -0.000
10.172    -27.170    -0.000
10.190    -27.770    -0.000
10.203    -28.170    -0.000
10.218    -28.670    -0.000
10.232    -29.169    -0.000
10.247    -29.669    -0.000
10.265    -30.269    -0.000
10.280    -30.769    -0.000
10.295    -31.268    -0.000
10.309    -31.768    -0.000
10.322    -32.168    -0.000
10.337    -32.668    -0.000
10.355    -33.267    -0.000
10.369    -33.767    -0.000
10.382    -34.167    -0.000
10.397    -34.667    -0.000
10.411    -35.166    -0.000
10.426    -35.666    -0.000
10.444    -36.266    -0.000
10.459    -36.764    -0.000
10.474    -37.264    -0.000
10.488    -37.764    -0.000
10.501    -38.164    -0.000
10.515    -38.664    -0.000
10.534    -39.263    -0.000
10.546    -39.663    -0.000
10.561    -40.163    -0.000
10.579    -40.762    -0.000
10.591    -41.162    -0.000
10.606    -41.662    -0.000
10.624    -42.262    -0.000
10.636    -42.661    -0.000
10.651    -43.161    -0.000
10.669    -43.761    -0.000
10.682    -44.161    -0.000
10.696    -44.660    -0.000
10.715    -45.260    -0.000
10.727    -45.660    -0.000
10.742    -46.160    -0.000
10.760    -46.759    -0.000
10.772    -47.159    -0.000
10.787    -47.659    -0.000
10.805    -48.259    -0.000
10.819    -48.758    -0.000
10.829    -49.158    -0.000
10.845    -49.758    -0.000
10.856    -50.158    -0.000
10.872    -50.758    -0.000
10.882    -51.157    -0.000
10.898    -51.757    -0.000
10.911    -52.257    -0.000
10.921    -52.657    -0.000
10.937    -53.256    -0.000
10.950    -53.756    -0.000
10.961    -54.156    -0.000
10.977    -54.756    -0.000
10.989    -55.256    -0.000
11.000    -55.655    -0.000
11.016    -56.255    -0.000
11.029    -56.755    -0.000
11.039    -57.155    -0.000
11.055    -57.755    -0.000
11.066    -58.154    -0.000
11.082    -58.754    -0.000
11.093    -59.154    -0.000
11.111    -59.754    -0.000
11.124    -60.153    -0.000
11.138    -60.653    -0.000
11.154    -61.153    -0.000
11.170    -61.653    -0.000
11.185    -62.152    -0.000
11.200    -62.652    -0.000
11.216    -63.152    -0.000
11.231    -63.652    -0.000
11.246    -64.151    -0.000
11.262    -64.651    -0.000
11.277    -65.151    -0.000
11.295    -65.751    -0.000
11.307    -66.150    -0.000
11.322    -66.650    -0.000
11.338    -67.150    -0.000
11.354    -67.650    -0.000
11.369    -68.149    -0.000
11.386    -68.749    -0.000
11.396    -69.149    -0.000
11.412    -69.749    -0.000
11.425    -70.248    -0.000
11.435    -70.648    -0.000
11.451    -71.248    -0.000
11.464    -71.748    -0.000
11.478    -72.248    -0.000
11.491    -72.747    -0.000
11.502    -73.247    -0.000
11.515    -73.747    -0.000
11.527    -74.247    -0.000
11.538    -74.747    -0.000
11.551    -75.246    -0.000
11.563    -75.746    -0.000
11.576    -76.246    -0.000
11.587    -76.746    -0.000
11.600    -77.246    -0.000
11.612    -77.745    -0.000
11.625    -78.245    -0.000
11.636    -78.745    -0.000
11.648    -79.245    -0.001
11.661    -79.745    -0.001
11.673    -80.245    -0.001
11.685    -80.744    -0.001
11.697    -81.244    -0.001
11.710    -81.744    -0.001
11.722    -82.244    -0.001
11.734    -82.744    -0.001
11.746    -83.143    -0.001
11.761    -83.643    -0.001
11.778    -84.243    -0.001
11.789    -84.643    -0.001
11.804    -85.142    -0.001
11.821    -85.742    -0.001
11.832    -86.142    -0.001
11.849    -86.742    -0.001
11.861    -87.141    -0.001
11.878    -87.741    -0.001
11.889    -88.141    -0.001
11.906    -88.741    -0.001
11.918    -89.141    -0.001
11.932    -89.640    -0.001
11.950    -90.240    -0.001
11.961    -90.640    -0.001
11.976    -91.140    -0.001
11.993    -91.739    -0.001
12.004    -92.139    -0.001
12.021    -92.739    -0.001
12.036    -93.239    -0.001
12.047    -93.638    -0.001
12.065    -94.138    -0.001
12.083    -94.638    -0.001
12.100    -95.137    -0.001
12.117    -95.637    -0.001
12.135    -96.137    -0.001
12.152    -96.636    -0.001
12.170    -97.136    -0.001
12.187    -97.636    -0.001
12.204    -98.135    -0.001
12.222    -98.634    -0.001
12.240    -99.134    -0.001
12.257    -99.634    -0.001
12.275    -100.133    -0.001
12.288    -100.533    -0.001
12.310    -101.133    -0.001
12.327    -101.632    -0.001
12.344    -102.132    -0.001
12.362    -102.632    -0.001
12.379    -103.131    -0.001
12.395    -103.631    -0.001
12.412    -104.131    -0.001
12.429    -104.631    -0.001
12.446    -105.130    -0.001
12.465    -105.730    -0.001
12.478    -106.130    -0.001
12.494    -106.629    -0.001
12.510    -107.129    -0.001
12.525    -107.629    -0.001
12.541    -108.129    -0.001
12.557    -108.628    -0.001
12.572    -109.128    -0.001
12.588    -109.628    -0.001
12.607    -110.227    -0.001
12.621    -110.627    -0.001
12.636    -111.127    -0.001
12.652    -111.627    -0.001
12.668    -112.126    -0.001
12.684    -112.626    -0.001
12.703    -113.226    -0.001
12.719    -113.726    -0.001
12.732    -114.125    -0.001
12.748    -114.625    -0.001
12.765    -115.225    -0.001
12.779    -115.725    -0.001
12.792    -116.224    -0.001
12.804    -116.624    -0.001
12.821    -117.224    -0.001
12.835    -117.724    -0.001
12.848    -118.223    -0.001
12.862    -118.723    -0.001
12.876    -119.223    -0.001
12.889    -119.723    -0.001
12.903    -120.222    -0.001
12.917    -120.722    -0.001
12.931    -121.222    -0.001
12.944    -121.722    -0.001
12.958    -122.222    -0.001
12.972    -122.721    -0.001
12.986    -123.221    -0.001
12.999    -123.721    -0.001
13.013    -124.221    -0.001
13.027    -124.720    -0.001
13.041    -125.220    -0.001
13.054    -125.720    -0.001
13.068    -126.220    -0.001
13.082    -126.720    -0.001
13.096    -127.219    -0.001
13.109    -127.719    -0.001
13.123    -128.219    -0.001
13.137    -128.719    -0.001
13.151    -129.218    -0.001
13.164    -129.718    -0.001
13.178    -130.218    -0.001
13.192    -130.718    -0.001
13.206    -131.218    -0.001
13.216    -131.617    -0.001
13.232    -132.217    -0.001
13.246    -132.717    -0.001
13.260    -133.217    -0.001
13.273    -133.716    -0.001
13.287    -134.216    -0.001
13.301    -134.716    -0.001
13.315    -135.216    -0.001
13.328    -135.716    -0.001
13.342    -136.215    -0.001
13.356    -136.715    -0.001
13.370    -137.215    -0.001
13.383    -137.715    -0.002
13.397    -138.214    -0.002
13.411    -138.714    -0.002
13.425    -139.214    -0.002
13.438    -139.714    -0.002
13.452    -140.214    -0.002
13.466    -140.713    -0.002
13.480    -141.213    -0.002
13.493    -141.713    -0.002
13.507    -142.213    -0.002
13.521    -142.712    -0.002
13.534    -143.212    -0.002
13.548    -143.712    -0.002
13.562    -144.212    -0.002
13.576    -144.711    -0.002
13.589    -145.210    -0.002
13.603    -145.710    -0.002
13.617    -146.210    -0.002
13.631    -146.710    -0.002
13.644    -147.209    -0.002
13.658    -147.709    -0.002
13.669    -148.109    -0.002
13.685    -148.709    -0.002
13.698    -149.208    -0.002
13.712    -149.708    -0.002
13.726    -150.208    -0.002
13.736    -150.608    -0.002
13.752    -151.208    -0.002
13.766    -151.707    -0.002
13.777    -152.107    -0.002
13.790    -152.607    -0.002
13.805    -153.107    -0.002
13.820    -153.607    -0.002
13.835    -154.106    -0.002
13.849    -154.606    -0.002
13.866    -155.206    -0.002
13.880    -155.705    -0.002
13.894    -156.205    -0.002
13.908    -156.705    -0.002
13.919    -157.105    -0.002
13.936    -157.705    -0.002
13.950    -158.204    -0.002
13.964    -158.704    -0.002
13.975    -159.104    -0.002
13.989    -159.604    -0.002
14.002    -160.103    -0.002
14.020    -160.703    -0.002
14.033    -161.203    -0.002
14.047    -161.703    -0.002
14.058    -162.103    -0.002
14.072    -162.602    -0.002
14.086    -163.102    -0.002
14.103    -163.702    -0.002
14.117    -164.202    -0.002
14.131    -164.701    -0.002
14.142    -165.101    -0.002
14.156    -165.601    -0.002
14.169    -166.101    -0.002
14.186    -166.700    -0.002
14.200    -167.200    -0.002
14.214    -167.700    -0.002
14.225    -168.100    -0.002
14.239    -168.600    -0.002
14.253    -169.099    -0.002
14.270    -169.699    -0.002
14.284    -170.199    -0.002
14.297    -170.699    -0.002
14.309    -171.098    -0.002
14.323    -171.598    -0.002
14.340    -172.198    -0.002
14.351    -172.598    -0.002
14.367    -173.097    -0.002
14.385    -173.697    -0.002
14.397    -174.097    -0.002
14.413    -174.597    -0.002
14.431    -175.196    -0.002
14.444    -175.596    -0.002
14.459    -176.096    -0.002
14.475    -176.596    -0.002
14.491    -177.095    -0.002
14.507    -177.595    -0.002
14.525    -178.195    -0.003
14.537    -178.595    -0.003
14.553    -179.094    -0.003
14.571    -179.694    -0.003
14.583    -180.094    -0.003
14.599    -180.594    -0.003
14.617    -181.193    -0.003
14.629    -181.593    -0.003
14.645    -182.093    -0.003
14.661    -182.592    -0.003
14.679    -183.192    -0.003
14.691    -183.592    -0.003
14.707    -184.092    -0.003
14.722    -184.591    -0.003
14.738    -185.091    -0.003
14.756    -185.691    -0.003
14.768    -186.091    -0.003
14.784    -186.590    -0.003
14.802    -187.190    -0.003
14.814    -187.590    -0.003
14.830    -188.090    -0.003
14.848    -188.689    -0.003
14.861    -189.089    -0.003
14.876    -189.589    -0.003
14.894    -190.188    -0.003
14.910    -190.688    -0.003
14.926    -191.188    -0.003
14.942    -191.688    -0.003
14.954    -192.087    -0.003
14.970    -192.587    -0.003
14.988    -193.187    -0.003
15.000    -193.587    -0.003
15.016    -194.086    -0.003
15.032    -194.586    -0.003
15.050    -195.186    -0.003
15.062    -195.586    -0.003
15.079    -196.185    -0.003
15.091    -196.585    -0.003
15.108    -197.185    -0.003
15.122    -197.685    -0.003
15.133    -198.084    -0.003
15.150    -198.684    -0.003
15.164    -199.184    -0.003
15.175    -199.584    -0.003
15.192    -200.183    -0.003
15.206    -200.683    -0.003
15.218    -201.083    -0.003
15.235    -201.683    -0.003
15.248    -202.182    -0.003
15.260    -202.582    -0.003
15.277    -203.182    -0.003
15.291    -203.682    -0.003
15.302    -204.082    -0.003
15.319    -204.680    -0.003
15.333    -205.180    -0.003
15.347    -205.680    -0.003
15.358    -206.080    -0.003
15.372    -206.579    -0.003
15.389    -207.179    -0.003
15.403    -207.679    -0.003
15.413    -208.079    -0.003
15.429    -208.679    -0.003
15.443    -209.178    -0.003
15.453    -209.578    -0.003
15.469    -210.178    -0.003
15.483    -210.678    -0.004
15.493    -211.077    -0.004
15.509    -211.677    -0.004
15.523    -212.177    -0.004
15.534    -212.577    -0.004
15.550    -213.177    -0.004
15.563    -213.676    -0.004
15.577    -214.176    -0.004
15.591    -214.676    -0.004
15.605    -215.176    -0.004
15.615    -215.576    -0.004
15.631    -216.175    -0.004
15.645    -216.675    -0.004
15.655    -217.075    -0.004
15.671    -217.675    -0.004
15.685    -218.174    -0.004
15.696    -218.574    -0.004
15.712    -219.174    -0.004
15.725    -219.674    -0.004
15.736    -220.074    -0.004
15.752    -220.673    -0.004
15.766    -221.173    -0.004
15.776    -221.573    -0.004
15.792    -222.173    -0.004
15.806    -222.672    -0.004
15.816    -223.072    -0.004
15.832    -223.672    -0.004
15.846    -224.172    -0.004
15.856    -224.572    -0.004
15.873    -225.171    -0.004
15.886    -225.671    -0.004
15.897    -226.071    -0.004
15.913    -226.671    -0.004
15.927    -227.170    -0.004
15.937    -227.570    -0.004
15.953    -228.170    -0.004
15.967    -228.670    -0.004
15.977    -229.070    -0.004
15.993    -229.669    -0.004
16.007    -230.169    -0.004
16.017    -230.569    -0.004
16.034    -231.169    -0.004
16.047    -231.669    -0.004
16.058    -232.068    -0.004
16.074    -232.668    -0.004
16.087    -233.168    -0.004
16.098    -233.568    -0.004
16.114    -234.167    -0.004
16.128    -234.667    -0.004
16.138    -235.067    -0.004
16.152    -235.567    -0.004
16.169    -236.167    -0.004
16.183    -236.666    -0.004
16.194    -237.066    -0.004
16.209    -237.566    -0.004
16.226    -238.166    -0.004
16.237    -238.565    -0.004
16.254    -239.165    -0.005
16.268    -239.665    -0.005
16.280    -240.065    -0.005
16.297    -240.664    -0.005
16.310    -241.164    -0.005
16.322    -241.564    -0.005
16.339    -242.164    -0.005
16.350    -242.564    -0.005
16.367    -243.163    -0.005
16.379    -243.563    -0.005
16.396    -244.163    -0.005
16.407    -244.563    -0.005
16.424    -245.162    -0.005
16.438    -245.662    -0.005
16.450    -246.062    -0.005
16.464    -246.562    -0.005
16.481    -247.161    -0.005
16.493    -247.561    -0.005
16.510    -248.161    -0.005
16.524    -248.661    -0.005
16.535    -249.060    -0.005
16.552    -249.660    -0.005
16.566    -250.160    -0.005
16.577    -250.560    -0.005
16.592    -251.060    -0.005
16.609    -251.659    -0.005
16.620    -252.059    -0.005
16.638    -252.659    -0.005
16.651    -253.159    -0.005
16.663    -253.558    -0.005
16.680    -254.158    -0.005
16.691    -254.558    -0.005
16.708    -255.158    -0.005
16.720    -255.557    -0.005
16.737    -256.157    -0.005
16.748    -256.557    -0.005
16.765    -257.157    -0.005
16.779    -257.656    -0.005
16.790    -258.056    -0.005
16.807    -258.656    -0.005
16.821    -259.156    -0.005
16.833    -259.556    -0.005
16.847    -260.055    -0.005
16.864    -260.655    -0.005
16.876    -261.055    -0.005
16.893    -261.655    -0.005
16.904    -262.054    -0.005
16.921    -262.654    -0.005
16.933    -263.054    -0.005
16.950    -263.654    -0.005
16.964    -264.153    -0.006
16.975    -264.553    -0.006
16.992    -265.153    -0.006
17.004    -265.553    -0.006
17.018    -266.052    -0.006
17.035    -266.652    -0.006
17.047    -267.052    -0.006
17.064    -267.652    -0.006
17.075    -268.052    -0.006
17.092    -268.651    -0.006
17.104    -269.051    -0.006
17.121    -269.651    -0.006
17.135    -270.151    -0.006
17.146    -270.550    -0.006
17.163    -271.150    -0.006
17.177    -271.650    -0.006
17.188    -272.050    -0.006
17.205    -272.649    -0.006
17.217    -273.049    -0.006
17.234    -273.649    -0.006
17.245    -274.049    -0.006
17.262    -274.648    -0.006
17.274    -275.048    -0.006
17.291    -275.648    -0.006
17.302    -276.048    -0.006
17.317    -276.548    -0.006
17.334    -277.147    -0.006
17.348    -277.647    -0.006
17.359    -278.047    -0.006
17.376    -278.647    -0.006
17.388    -279.046    -0.006
17.405    -279.646    -0.006
17.416    -280.046    -0.006
17.431    -280.546    -0.006
17.445    -281.045    -0.006
17.462    -281.645    -0.006
17.475    -282.145    -0.006
17.489    -282.645    -0.006
17.503    -283.144    -0.006
17.517    -283.644    -0.006
17.530    -284.144    -0.006
17.544    -284.644    -0.006
17.558    -285.144    -0.006
17.572    -285.643    -0.006
17.585    -286.143    -0.006
17.599    -286.643    -0.006
17.610    -287.043    -0.007
17.623    -287.542    -0.007
17.639    -288.142    -0.007
17.653    -288.642    -0.007
17.667    -289.142    -0.007
17.681    -289.642    -0.007
17.691    -290.041    -0.007
17.705    -290.541    -0.007
17.721    -291.141    -0.007
17.735    -291.641    -0.007
17.748    -292.140    -0.007
17.762    -292.640    -0.007
17.776    -293.140    -0.007
17.790    -293.640    -0.007
17.803    -294.140    -0.007
17.817    -294.639    -0.007
17.831    -295.139    -0.007
17.845    -295.639    -0.007
17.855    -296.039    -0.007
17.869    -296.538    -0.007
17.885    -297.138    -0.007
17.899    -297.638    -0.007
17.912    -298.138    -0.007
17.926    -298.638    -0.007
17.940    -299.137    -0.007
17.950    -299.537    -0.007
17.966    -300.137    -0.007
17.980    -300.637    -0.007
17.994    -301.136    -0.007
18.008    -301.636    -0.007
18.018    -302.036    -0.007
18.034    -302.636    -0.007
18.048    -303.136    -0.007
18.058    -303.535    -0.007
18.074    -304.135    -0.007
18.085    -304.535    -0.007
18.101    -305.135    -0.007
18.111    -305.535    -0.007
18.127    -306.134    -0.007
18.138    -306.534    -0.007
18.154    -307.134    -0.007
18.167    -307.634    -0.007
18.178    -308.033    -0.007
18.194    -308.633    -0.008
18.208    -309.133    -0.008
18.218    -309.533    -0.008
18.234    -310.133    -0.008
18.245    -310.532    -0.008
18.261    -311.132    -0.008
18.271    -311.532    -0.008
18.287    -312.132    -0.008
18.298    -312.532    -0.008
18.314    -313.131    -0.008
18.324    -313.531    -0.008
18.340    -314.131    -0.008
18.354    -314.631    -0.008
18.369    -315.130    -0.008
18.381    -315.530    -0.008
18.396    -316.030    -0.008
18.414    -316.629    -0.008
18.426    -317.028    -0.008
18.441    -317.528    -0.008
18.456    -318.028    -0.008
18.474    -318.628    -0.008
18.489    -319.127    -0.008
18.501    -319.527    -0.008
18.516    -320.027    -0.008
18.530    -320.527    -0.008
18.549    -321.126    -0.008
18.561    -321.526    -0.008
18.576    -322.026    -0.008
18.594    -322.626    -0.008
18.606    -323.025    -0.008
18.621    -323.525    -0.008
18.636    -324.025    -0.008
18.654    -324.625    -0.008
18.666    -325.024    -0.008
18.681    -325.524    -0.008
18.696    -326.024    -0.008
18.713    -326.624    -0.008
18.724    -327.023    -0.008
18.738    -327.523    -0.008
18.755    -328.123    -0.008
18.766    -328.523    -0.009
18.780    -329.022    -0.009
18.797    -329.622    -0.009
18.811    -330.122    -0.009
18.825    -330.622    -0.009
18.838    -331.121    -0.009
18.850    -331.521    -0.009
18.864    -332.021    -0.009
18.881    -332.621    -0.009
18.894    -333.121    -0.009
18.908    -333.620    -0.009
18.920    -334.020    -0.009
18.933    -334.520    -0.009
18.950    -335.120    -0.009
18.964    -335.619    -0.009
18.975    -336.019    -0.009
18.989    -336.519    -0.009
19.006    -337.119    -0.009
19.018    -337.519    -0.009
19.031    -338.018    -0.009
19.049    -338.618    -0.009
19.062    -339.118    -0.009
19.076    -339.618    -0.009
19.090    -340.117    -0.009
19.101    -340.517    -0.009
19.115    -341.017    -0.009
19.132    -341.617    -0.009
19.146    -342.116    -0.009
19.160    -342.616    -0.009
19.171    -343.016    -0.009
19.185    -343.516    -0.009
19.202    -344.116    -0.009
19.216    -344.615    -0.009
19.229    -345.115    -0.009
19.243    -345.615    -0.009
19.256    -346.115    -0.009
19.268    -346.614    -0.009
19.281    -347.114    -0.010
19.294    -347.614    -0.010
19.307    -348.114    -0.010
19.319    -348.614    -0.010
19.332    -349.113    -0.010
19.345    -349.613    -0.010
19.358    -350.113    -0.010
19.370    -350.613    -0.010
19.381    -351.013    -0.010
19.398    -351.612    -0.010
19.412    -352.112    -0.010
19.423    -352.512    -0.010
19.440    -353.112    -0.010
19.454    -353.611    -0.010
19.465    -354.011    -0.010
19.482    -354.611    -0.010
19.496    -355.111    -0.010
19.508    -355.511    -0.010
19.525    -356.110    -0.010
19.538    -356.610    -0.010
19.550    -357.010    -0.010
19.567    -357.610    -0.010
19.581    -358.109    -0.010
19.592    -358.509    -0.010
19.609    -359.109    -0.010
19.623    -359.609    -0.010
19.634    -360.008    -0.010
19.651    -360.608    -0.010
19.665    -361.108    -0.010
19.676    -361.508    -0.010
19.694    -362.108    -0.010
19.707    -362.607    -0.010
19.719    -363.007    -0.010
19.734    -363.507    -0.010
19.751    -363.806    -0.010
19.780    -364.305    -0.010
19.809    -364.804    -0.010
19.832    -365.204    -0.011
19.861    -365.703    -0.011
19.896    -366.302    -0.011
19.925    -366.801    -0.011
19.948    -367.201    -0.011
19.983    -367.799    -0.011
20.012    -368.298    -0.011
20.035    -368.698    -0.011
20.071    -369.296    -0.011
20.099    -369.795    -0.011
20.128    -370.295    -0.011
20.157    -370.794    -0.011
20.180    -371.193    -0.011
20.209    -371.692    -0.011
20.245    -372.392    -0.011
20.268    -372.891    -0.011
20.292    -373.391    -0.011
20.314    -373.889    -0.011
20.337    -374.389    -0.011
20.361    -374.888    -0.011
20.384    -375.388    -0.011
20.407    -375.887    -0.011
20.429    -376.587    -0.011
20.443    -377.087    -0.011
20.456    -377.587    -0.011
20.467    -377.986    -0.011
20.483    -378.586    -0.011
20.497    -379.086    -0.011
20.507    -379.486    -0.011
20.523    -380.086    -0.011
20.537    -380.585    -0.011
20.551    -381.085    -0.011
20.564    -381.585    -0.011
20.578    -382.085    -0.012
20.592    -382.584    -0.012
20.606    -383.084    -0.012
20.619    -383.584    -0.012
20.633    -384.084    -0.012
20.644    -384.484    -0.012
20.658    -384.983    -0.012
20.672    -385.483    -0.012
20.689    -386.083    -0.012
20.703    -386.583    -0.012
20.717    -387.082    -0.012
20.728    -387.482    -0.012
20.742    -387.982    -0.012
20.755    -388.482    -0.012
20.772    -389.081    -0.012
20.784    -389.481    -0.012
20.798    -389.981    -0.012
20.815    -390.581    -0.012
20.826    -390.981    -0.012
20.840    -391.480    -0.012
20.857    -392.080    -0.012
20.871    -392.580    -0.012
20.884    -393.080    -0.012
20.896    -393.479    -0.012
20.910    -393.979    -0.012
20.923    -394.479    -0.012
20.940    -395.079    -0.012
20.954    -395.578    -0.012
20.968    -396.078    -0.012
20.979    -396.478    -0.012
20.993    -396.978    -0.012
21.007    -397.478    -0.012
21.024    -398.077    -0.012
21.035    -398.477    -0.013
21.049    -398.977    -0.013
21.066    -399.577    -0.013
21.078    -399.976    -0.013
21.091    -400.476    -0.013
21.108    -401.076    -0.013
21.122    -401.576    -0.013
21.136    -402.075    -0.013
21.147    -402.475    -0.013
21.161    -402.975    -0.013
21.175    -403.475    -0.013
21.192    -404.075    -0.013
21.206    -404.574    -0.013
21.219    -405.074    -0.013
21.231    -405.474    -0.013
21.244    -405.974    -0.013
21.258    -406.473    -0.013
21.275    -407.073    -0.013
21.289    -407.573    -0.013
21.303    -408.073    -0.013
21.314    -408.473    -0.013
21.328    -408.972    -0.013
21.342    -409.472    -0.013
21.359    -410.072    -0.013
21.370    -410.472    -0.013
21.384    -410.971    -0.013
21.401    -411.571    -0.013
21.412    -411.971    -0.013
21.426    -412.470    -0.013
21.443    -413.069    -0.013
21.457    -413.569    -0.013
21.471    -414.069    -0.014
21.482    -414.469    -0.014
21.496    -414.969    -0.014
21.510    -415.468    -0.014
21.527    -416.068    -0.014
21.540    -416.568    -0.014
21.554    -417.068    -0.014
21.566    -417.467    -0.014
21.579    -417.967    -0.014
21.593    -418.467    -0.014
21.610    -419.067    -0.014
21.624    -419.566    -0.014
21.638    -420.066    -0.014
21.651    -420.566    -0.014
21.662    -420.966    -0.014
21.678    -421.566    -0.014
21.692    -422.065    -0.014
21.702    -422.465    -0.014
21.718    -423.065    -0.014
21.728    -423.465    -0.014
21.745    -424.064    -0.014
21.755    -424.464    -0.014
21.771    -425.064    -0.014
21.781    -425.464    -0.014
21.798    -426.064    -0.014
21.808    -426.463    -0.014
21.824    -427.063    -0.014
21.833    -427.463    -0.014
21.849    -428.063    -0.014
21.861    -428.563    -0.014
21.871    -428.962    -0.015
21.886    -429.562    -0.015
21.899    -430.062    -0.015
21.911    -430.562    -0.015
21.921    -430.962    -0.015
21.936    -431.561    -0.015
21.948    -432.061    -0.015
21.961    -432.561    -0.015
21.974    -433.061    -0.015
21.983    -433.461    -0.015
21.998    -434.060    -0.015
22.011    -434.560    -0.015
22.021    -434.960    -0.015
22.036    -435.560    -0.015
22.048    -436.060    -0.015
22.058    -436.460    -0.015
22.073    -437.059    -0.015
22.086    -437.559    -0.015
22.095    -437.959    -0.015
22.110    -438.559    -0.015
22.123    -439.059    -0.015
22.132    -439.458    -0.015
22.147    -440.058    -0.015
22.160    -440.558    -0.015
22.170    -440.958    -0.015
22.185    -441.558    -0.015
22.197    -442.057    -0.015
22.207    -442.457    -0.015
22.222    -443.057    -0.015
22.235    -443.557    -0.016
22.244    -443.957    -0.016
22.259    -444.556    -0.016
22.272    -445.056    -0.016
22.285    -445.556    -0.016
22.296    -446.056    -0.016
22.309    -446.556    -0.016
22.322    -447.055    -0.016
22.334    -447.555    -0.016
22.346    -448.055    -0.016
22.356    -448.455    -0.016
22.371    -449.055    -0.016
22.384    -449.554    -0.016
22.393    -449.954    -0.016
22.408    -450.554    -0.016
22.421    -451.054    -0.016
22.434    -451.554    -0.016
22.443    -451.954    -0.016
22.458    -452.553    -0.016
22.467    -452.953    -0.016
22.483    -453.553    -0.016
22.494    -454.053    -0.016
22.507    -454.553    -0.016
22.520    -455.052    -0.016
22.531    -455.552    -0.016
22.544    -456.052    -0.016
22.557    -456.552    -0.016
22.569    -457.052    -0.016
22.581    -457.551    -0.017
22.594    -458.051    -0.017
22.606    -458.551    -0.017
22.619    -459.051    -0.017
22.631    -459.551    -0.017
22.643    -460.050    -0.017
22.656    -460.550    -0.017
22.669    -461.050    -0.017
22.681    -461.550    -0.017
22.692    -462.050    -0.017
22.705    -462.650    -0.017
22.715    -463.049    -0.017
22.725    -463.549    -0.017
22.739    -464.149    -0.017
22.748    -464.549    -0.017
22.759    -465.049    -0.017
22.770    -465.549    -0.017
22.781    -466.048    -0.017
22.793    -466.548    -0.017
22.804    -467.048    -0.017
22.815    -467.548    -0.017
22.826    -468.048    -0.017
22.838    -468.548    -0.017
22.849    -469.047    -0.017
22.860    -469.547    -0.017
22.871    -470.047    -0.017
22.884    -470.647    -0.017
22.890    -471.047    -0.017
22.899    -471.647    -0.018
22.906    -472.147    -0.018
22.912    -472.547    -0.018
22.921    -473.147    -0.018
22.929    -473.646    -0.018
22.936    -474.146    -0.018
22.942    -474.546    -0.018
22.951    -475.146    -0.018
22.959    -475.646    -0.018
22.966    -476.146    -0.018
22.974    -476.646    -0.018
22.982    -477.146    -0.018
22.987    -477.546    -0.018
22.996    -478.146    -0.018
23.004    -478.646    -0.018
23.012    -479.146    -0.018
23.020    -479.645    -0.018
23.025    -480.045    -0.018
23.034    -480.645    -0.018
23.042    -481.145    -0.018
23.047    -481.545    -0.018
23.056    -482.145    -0.018
23.064    -482.645    -0.018
23.072    -483.145    -0.018
23.077    -483.545    -0.018
23.086    -484.145    -0.018
23.094    -484.645    -0.019
23.102    -485.145    -0.019
23.110    -485.645    -0.019
23.115    -486.044    -0.019
23.124    -486.644    -0.019
23.132    -487.144    -0.019
23.137    -487.544    -0.019
23.146    -488.144    -0.019
23.154    -488.644    -0.019
23.162    -489.144    -0.019
23.167    -489.544    -0.019
23.176    -490.144    -0.019
23.184    -490.644    -0.019
23.192    -491.144    -0.019
23.200    -491.644    -0.019
23.205    -492.044    -0.019
23.214    -492.643    -0.019
23.222    -493.143    -0.019
23.227    -493.543    -0.019
23.236    -494.142    -0.019
23.244    -494.642    -0.019
23.252    -495.142    -0.019
23.257    -495.542    -0.019
23.266    -496.142    -0.019
23.274    -496.642    -0.019
23.282    -497.142    -0.019
23.287    -497.842    -0.020
23.288    -498.242    -0.020
23.287    -498.742    -0.020
23.287    -499.342    -0.020
23.288    -499.742    -0.020
23.288    -500.342    -0.020
23.288    -500.742    -0.020
23.289    -501.241    -0.020
23.289    -501.842    -0.020
23.290    -502.242    -0.020
23.289    -502.742    -0.020
23.289    -503.342    -0.020
23.290    -503.742    -0.020
23.290    -504.242    -0.020
23.290    -504.841    -0.020
23.290    -505.241    -0.020
23.290    -505.841    -0.020
23.291    -506.241    -0.020
23.290    -506.741    -0.020
23.290    -507.242    -0.020
23.290    -507.842    -0.020
23.290    -508.341    -0.020
23.290    -508.741    -0.020
23.290    -509.241    -0.020
23.290    -509.841    -0.020
23.290    -510.241    -0.021
23.290    -510.741    -0.021
23.290    -511.341    -0.021
23.291    -511.741    -0.021
23.290    -512.241    -0.021
23.291    -512.841    -0.021
23.291    -513.241    -0.021
23.291    -513.841    -0.021
23.291    -514.241    -0.021
23.291    -514.741    -0.021
23.275    -515.641    -0.021
23.257    -516.140    -0.021
23.240    -516.640    -0.021
23.222    -517.139    -0.021
23.207    -517.539    -0.021
23.186    -518.138    -0.021
23.168    -518.639    -0.021
23.150    -519.138    -0.021
23.132    -519.638    -0.021
23.114    -520.137    -0.021
23.104    -520.437    -0.021
23.105    -520.737    -0.021
23.107    -521.237    -0.021
23.109    -521.737    -0.021
23.110    -522.237    -0.021
23.112    -522.737    -0.022
23.114    -523.237    -0.022
23.115    -523.737    -0.022
23.117    -524.237    -0.022
23.119    -524.637    -0.022
23.122    -525.236    -0.022
23.123    -525.736    -0.022
23.125    -526.236    -0.022
23.127    -526.736    -0.022
23.129    -527.236    -0.022
23.130    -527.736    -0.022
23.132    -528.236    -0.022
23.134    -528.736    -0.022
23.136    -529.236    -0.022
23.137    -529.737    -0.022
23.139    -530.236    -0.022
23.141    -530.736    -0.022
23.143    -531.236    -0.022
23.144    -531.736    -0.022
23.146    -532.236    -0.022
23.148    -532.736    -0.022
23.150    -533.236    -0.022
23.151    -533.736    -0.022
23.153    -534.236    -0.022
23.155    -534.736    -0.023
23.157    -535.235    -0.023
23.158    -535.735    -0.023
23.160    -536.235    -0.023
23.162    -536.735    -0.023
23.164    -537.235    -0.023
23.165    -537.735    -0.023
23.167    -538.236    -0.023
23.169    -538.736    -0.023
23.169    -539.336    -0.023
23.168    -539.835    -0.023
23.166    -540.335    -0.023
23.165    -540.835    -0.023
23.164    -541.335    -0.023
23.163    -541.835    -0.023
23.162    -542.235    -0.023
23.161    -542.735    -0.023
23.160    -543.235    -0.023
23.159    -543.835    -0.023
23.157    -544.335    -0.023
23.156    -544.835    -0.023
23.155    -545.335    -0.023
23.154    -545.834    -0.023
23.152    -546.334    -0.024
23.151    -546.835    -0.024
23.150    -547.335    -0.024
23.149    -547.835    -0.024
23.147    -548.335    -0.024
23.146    -548.834    -0.024
23.145    -549.334    -0.024
23.144    -549.834    -0.024
23.142    -550.334    -0.024
23.141    -550.835    -0.024
23.140    -551.335    -0.024
23.139    -551.834    -0.024
23.137    -552.334    -0.024
23.136    -552.834    -0.024
23.135    -553.334    -0.024
23.134    -553.834    -0.024
23.132    -554.335    -0.024
23.127    -554.934    -0.024
23.124    -555.334    -0.024
23.120    -555.834    -0.024
23.114    -556.333    -0.024
23.110    -556.834    -0.024
23.105    -557.334    -0.024
23.101    -557.834    -0.025
23.095    -558.333    -0.025
23.091    -558.833    -0.025
23.086    -559.334    -0.025
23.082    -559.834    -0.025
23.076    -560.333    -0.025
23.070    -560.933    -0.025
23.067    -561.333    -0.025
23.061    -561.833    -0.025
23.056    -562.433    -0.025
23.045    -562.933    -0.025
23.032    -563.533    -0.025
23.022    -564.033    -0.025
23.014    -564.432    -0.025
23.001    -565.033    -0.025
22.992    -565.432    -0.025
22.979    -566.032    -0.025
22.971    -566.432    -0.025
22.959    -566.932    -0.025
22.946    -567.531    -0.025
22.936    -568.031    -0.025
22.927    -568.431    -0.025
22.915    -569.031    -0.026
22.906    -569.431    -0.026
22.896    -569.931    -0.026
22.884    -570.430    -0.026
22.872    -571.030    -0.026
22.863    -571.430    -0.026
22.850    -572.030    -0.026
22.834    -572.630    -0.026
22.818    -573.130    -0.026
22.802    -573.629    -0.026
22.785    -574.129    -0.026
22.769    -574.629    -0.026
22.753    -575.129    -0.026
22.739    -575.528    -0.026
22.723    -576.027    -0.026
22.707    -576.528    -0.026
22.690    -577.027    -0.026
22.670    -577.627    -0.026
22.654    -578.126    -0.026
22.641    -578.526    -0.026
22.621    -579.125    -0.026
22.591    -579.825    -0.026
22.563    -580.324    -0.027
22.536    -580.824    -0.027
22.507    -581.322    -0.027
22.479    -581.821    -0.027
22.451    -582.321    -0.027
22.422    -582.820    -0.027
22.394    -583.320    -0.027
22.366    -583.818    -0.027
22.338    -584.318    -0.027
22.310    -584.817    -0.027
22.282    -585.316    -0.027
22.254    -585.815    -0.027
22.225    -586.314    -0.027
22.197    -586.814    -0.027
22.155    -587.512    -0.027
22.124    -587.911    -0.027
22.079    -588.509    -0.027
22.042    -589.008    -0.027
22.004    -589.506    -0.027
21.967    -590.005    -0.027
21.930    -590.503    -0.027
21.893    -591.002    -0.028
21.855    -591.501    -0.028
21.818    -591.999    -0.028
21.781    -592.498    -0.028
21.743    -592.996    -0.028
21.713    -593.395    -0.028
21.668    -593.994    -0.028
21.630    -594.492    -0.028
21.593    -594.991    -0.028
21.556    -595.489    -0.028
21.519    -595.988    -0.028
21.488    -596.386    -0.028
21.458    -596.785    -0.028
21.420    -597.384    -0.028
21.389    -597.883    -0.028
21.358    -598.382    -0.028
21.327    -598.881    -0.028
21.301    -599.280    -0.028
21.270    -599.779    -0.028
21.232    -600.378    -0.028
21.200    -600.877    -0.028
21.169    -601.376    -0.028
21.138    -601.875    -0.029
21.107    -602.374    -0.029
21.081    -602.773    -0.029
21.050    -603.272    -0.029
21.018    -603.771    -0.029
20.980    -604.370    -0.029
20.949    -604.869    -0.029
20.918    -605.368    -0.029
20.887    -605.866    -0.029
20.855    -606.365    -0.029
20.802    -607.064    -0.029
20.759    -607.562    -0.029
20.725    -607.960    -0.029
20.674    -608.558    -0.029
20.631    -609.056    -0.029
20.589    -609.554    -0.029
20.546    -610.052    -0.029
20.495    -610.650    -0.029
20.461    -611.048    -0.029
20.427    -611.447    -0.029
20.376    -612.045    -0.029
20.333    -612.543    -0.030
20.291    -613.041    -0.030
20.256    -613.440    -0.030
20.205    -614.037    -0.030
20.163    -614.535    -0.030
20.120    -615.033    -0.030
20.077    -615.531    -0.030
20.034    -616.029    -0.030
19.992    -616.528    -0.030
19.949    -617.026    -0.030
19.905    -617.524    -0.030
19.863    -618.022    -0.030
19.820    -618.520    -0.030
19.776    -619.018    -0.030
19.724    -619.616    -0.030
19.677    -620.114    -0.030
19.619    -620.711    -0.030
19.571    -621.208    -0.030
19.533    -621.606    -0.030
19.475    -622.204    -0.030
19.436    -622.602    -0.031
19.378    -623.199    -0.031
19.330    -623.696    -0.031
19.282    -624.195    -0.031
19.233    -624.692    -0.031
19.196    -625.090    -0.031
19.138    -625.687    -0.031
19.090    -626.185    -0.031
19.041    -626.683    -0.031
18.952    -627.477    -0.031
18.873    -628.072    -0.031
18.820    -628.468    -0.031
18.741    -629.063    -0.031
18.688    -629.460    -0.031
18.609    -630.055    -0.031
18.557    -630.451    -0.031
18.490    -630.947    -0.031
18.411    -631.542    -0.031
18.359    -631.938    -0.031
18.279    -632.533    -0.031
18.227    -632.929    -0.032
18.148    -633.524    -0.032
18.095    -633.920    -0.032
18.016    -634.514    -0.032
17.963    -634.912    -0.032
17.897    -635.407    -0.032
17.818    -636.001    -0.032
17.733    -636.596    -0.032
17.659    -637.090    -0.032
17.587    -637.585    -0.032
17.515    -638.079    -0.032
17.441    -638.574    -0.032
17.369    -639.069    -0.032
17.295    -639.563    -0.032
17.223    -640.058    -0.032
17.151    -640.553    -0.032
17.077    -641.047    -0.032
17.005    -641.542    -0.032
16.931    -642.036    -0.032
16.859    -642.531    -0.032
16.786    -643.026    -0.033
16.713    -643.520    -0.033
16.640    -644.015    -0.033
16.567    -644.509    -0.033
16.492    -645.004    -0.033
16.418    -645.498    -0.033
16.343    -645.993    -0.033
16.269    -646.487    -0.033
16.180    -647.080    -0.033
16.105    -647.575    -0.033
16.031    -648.069    -0.033
15.957    -648.564    -0.033
15.897    -648.959    -0.033
15.823    -649.454    -0.033
15.732    -650.046    -0.033
15.617    -650.737    -0.033
15.534    -651.230    -0.033
15.452    -651.723    -0.033
15.369    -652.216    -0.033
15.286    -652.709    -0.034
15.203    -653.202    -0.034
15.120    -653.695    -0.034
15.038    -654.188    -0.034
14.954    -654.681    -0.034
14.872    -655.174    -0.034
14.787    -655.667    -0.034
14.703    -656.160    -0.034
14.602    -656.751    -0.034
14.535    -657.146    -0.034
14.467    -657.539    -0.034
14.366    -658.131    -0.034
14.282    -658.624    -0.034
14.198    -659.117    -0.034
14.130    -659.511    -0.034
14.029    -660.102    -0.034
13.946    -660.595    -0.034
13.861    -661.088    -0.034
13.794    -661.482    -0.034
13.635    -662.368    -0.035
13.537    -662.858    -0.035
13.438    -663.349    -0.035
13.340    -663.839    -0.035
13.241    -664.328    -0.035
13.143    -664.819    -0.035
13.044    -665.309    -0.035
12.946    -665.800    -0.035
12.847    -666.289    -0.035
12.749    -666.780    -0.035
12.650    -667.270    -0.035
12.552    -667.760    -0.035
12.453    -668.250    -0.035
12.355    -668.740    -0.035
12.256    -669.231    -0.035
12.158    -669.721    -0.035
12.059    -670.210    -0.035
11.961    -670.701    -0.035
11.862    -671.191    -0.035
11.764    -671.682    -0.035
11.665    -672.171    -0.036
11.567    -672.661    -0.036
11.468    -673.152    -0.036
11.370    -673.642    -0.036
11.271    -674.132    -0.036
11.173    -674.622    -0.036
11.074    -675.113    -0.036
10.976    -675.603    -0.036
10.877    -676.092    -0.036
10.705    -676.874    -0.036
10.570    -677.459    -0.036
10.458    -677.946    -0.036
10.345    -678.432    -0.036
10.233    -678.920    -0.036
10.120    -679.407    -0.036
10.008    -679.895    -0.036
9.895    -680.381    -0.036
9.782    -680.868    -0.036
9.692    -681.258    -0.037
9.580    -681.745    -0.037
9.467    -682.233    -0.037
9.355    -682.719    -0.037
9.242    -683.206    -0.037
9.130    -683.694    -0.037
9.017    -684.181    -0.037
8.904    -684.668    -0.037
8.769    -685.253    -0.037
8.657    -685.739    -0.037
8.544    -686.227    -0.037
8.374    -686.905    -0.037
8.223    -687.486    -0.037
8.096    -687.970    -0.037
7.995    -688.356    -0.037
7.844    -688.937    -0.037
7.717    -689.421    -0.037
7.616    -689.808    -0.037
7.489    -690.292    -0.037
7.363    -690.776    -0.038
7.211    -691.355    -0.038
7.085    -691.840    -0.038
6.958    -692.324    -0.038
6.857    -692.710    -0.038
6.706    -693.291    -0.038
6.579    -693.775    -0.038
6.478    -694.161    -0.038
6.327    -694.742    -0.038
6.200    -695.226    -0.038
6.099    -695.612    -0.038
5.862    -696.480    -0.038
5.722    -696.961    -0.038
5.581    -697.440    -0.038
5.440    -697.920    -0.038
5.272    -698.495    -0.038
5.131    -698.976    -0.038
5.019    -699.360    -0.038
4.878    -699.839    -0.039
4.710    -700.415    -0.039
4.569    -700.894    -0.039
4.428    -701.375    -0.039
4.287    -701.854    -0.039
4.175    -702.238    -0.039
4.035    -702.718    -0.039
3.866    -703.293    -0.039
3.754    -703.677    -0.039
3.613    -704.158    -0.039
3.445    -704.734    -0.039
3.304    -705.213    -0.039
3.163    -705.692    -0.039
3.022    -706.173    -0.039
2.882    -706.652    -0.039
2.740    -707.132    -0.039
2.627    -707.515    -0.039
2.457    -708.090    -0.039
2.316    -708.570    -0.039
2.203    -708.954    -0.040
2.033    -709.530    -0.040
1.920    -709.913    -0.040
1.751    -710.489    -0.040
1.638    -710.872    -0.040
1.496    -711.352    -0.040
1.326    -711.927    -0.040
1.213    -712.310    -0.040
1.044    -712.887    -0.040
0.931    -713.270    -0.040
0.789    -713.750    -0.040
0.620    -714.325    -0.040
0.507    -714.709    -0.040
0.134    -715.849    -0.040
0.003    -716.227    -0.040
-0.161    -716.699    -0.040
-0.358    -717.265    -0.040
-0.490    -717.644    -0.040
-0.654    -718.115    -0.041
-0.850    -718.682    -0.041
-1.015    -719.154    -0.041
-1.146    -719.532    -0.041
-1.310    -720.004    -0.041
-1.507    -720.571    -0.041
-1.639    -720.949    -0.041
-1.803    -721.421    -0.041
-1.967    -721.893    -0.041
-2.164    -722.460    -0.041
-2.295    -722.838    -0.041
-2.459    -723.310    -0.041
-2.657    -723.877    -0.041
-2.788    -724.255    -0.041
-2.952    -724.727    -0.041
-3.150    -725.294    -0.041
-3.313    -725.765    -0.041
-3.554    -726.423    -0.041
-3.729    -726.891    -0.042
-3.939    -727.454    -0.042
-4.078    -727.829    -0.042
-4.253    -728.297    -0.042
-4.427    -728.765    -0.042
-4.602    -729.233    -0.042
-4.777    -729.703    -0.042
-4.987    -730.265    -0.042
-5.126    -730.639    -0.042
-5.301    -731.107    -0.042
-5.511    -731.669    -0.042
-5.650    -732.045    -0.042
-5.825    -732.513    -0.042
-6.000    -732.981    -0.042
-6.175    -733.450    -0.042
-6.539    -734.381    -0.042
-6.693    -734.750    -0.042
-6.885    -735.211    -0.043
-7.077    -735.673    -0.043
-7.309    -736.226    -0.043
-7.501    -736.688    -0.043
-7.693    -737.150    -0.043
-7.885    -737.611    -0.043
-8.077    -738.073    -0.043
-8.269    -738.534    -0.043
-8.462    -738.996    -0.043
-8.615    -739.366    -0.043
-8.846    -739.919    -0.043
-9.038    -740.381    -0.043
-9.230    -740.842    -0.043
-9.423    -741.304    -0.043
-9.615    -741.766    -0.043
-9.807    -742.227    -0.043
-9.999    -742.688    -0.043
-10.191    -743.149    -0.043
-10.384    -743.611    -0.043
-10.576    -744.073    -0.044
-10.768    -744.534    -0.044
-10.960    -744.996    -0.044
-11.152    -745.458    -0.044
-11.345    -745.919    -0.044
-11.537    -746.381    -0.044
-11.729    -746.842    -0.044
-11.921    -747.304    -0.044
-12.113    -747.766    -0.044
-12.306    -748.227    -0.044
-12.498    -748.689    -0.044
-12.898    -749.604    -0.044
-13.109    -750.057    -0.044
-13.277    -750.420    -0.044
-13.489    -750.873    -0.044
-13.742    -751.418    -0.044
-13.910    -751.781    -0.044
-14.122    -752.234    -0.045
-14.332    -752.687    -0.045
-14.544    -753.140    -0.045
-14.754    -753.594    -0.045
-14.965    -754.047    -0.045
-15.176    -754.500    -0.045
-15.429    -755.044    -0.045
-15.598    -755.407    -0.045
-15.808    -755.860    -0.045
-16.061    -756.404    -0.045
-16.230    -756.767    -0.045
-16.440    -757.220    -0.045
-16.652    -757.673    -0.045
-16.905    -758.217    -0.045
-17.073    -758.580    -0.045
-17.327    -759.124    -0.045
-17.495    -759.486    -0.045
-17.748    -760.030    -0.045
-17.917    -760.393    -0.045
-18.127    -760.846    -0.046
-18.381    -761.390    -0.046
-18.549    -761.753    -0.046
-18.802    -762.298    -0.046
-19.235    -763.198    -0.046
-19.468    -763.640    -0.046
-19.701    -764.083    -0.046
-19.933    -764.526    -0.046
-20.166    -764.969    -0.046
-20.444    -765.500    -0.046
-20.677    -765.942    -0.046
-20.910    -766.385    -0.046
-21.142    -766.827    -0.046
-21.375    -767.270    -0.046
-21.608    -767.712    -0.046
-21.840    -768.155    -0.046
-22.073    -768.598    -0.046
-22.259    -768.952    -0.047
-22.491    -769.395    -0.047
-22.770    -769.925    -0.047
-23.003    -770.368    -0.047
-23.235    -770.810    -0.047
-23.421    -771.165    -0.047
-23.654    -771.607    -0.047
-23.886    -772.050    -0.047
-24.119    -772.492    -0.047
-24.351    -772.935    -0.047
-24.583    -773.377    -0.047
-24.816    -773.820    -0.047
-25.095    -774.352    -0.047
-25.328    -774.794    -0.047
-25.514    -775.149    -0.047
-25.746    -775.591    -0.047
-25.979    -776.034    -0.047
-26.258    -776.564    -0.047
-26.490    -777.007    -0.048
-26.723    -777.450    -0.048
-27.152    -778.240    -0.048
-27.454    -778.759    -0.048
-27.705    -779.191    -0.048
-27.906    -779.538    -0.048
-28.157    -779.970    -0.048
-28.408    -780.402    -0.048
-28.710    -780.921    -0.048
-28.911    -781.267    -0.048
-29.162    -781.699    -0.048
-29.412    -782.131    -0.048
-29.664    -782.564    -0.048
-29.915    -782.996    -0.048
-30.166    -783.428    -0.048
-30.417    -783.861    -0.048
-30.719    -784.379    -0.048
-30.920    -784.725    -0.048
-31.171    -785.158    -0.049
-31.422    -785.590    -0.049
-31.673    -786.022    -0.049
-31.924    -786.455    -0.049
-32.175    -786.887    -0.049
-32.426    -787.318    -0.049
-32.728    -787.838    -0.049
-32.929    -788.183    -0.049
-33.180    -788.615    -0.049
-33.431    -789.048    -0.049
-33.682    -789.480    -0.049
-33.984    -790.000    -0.049
-34.184    -790.345    -0.049
-34.435    -790.777    -0.049
-34.686    -791.209    -0.049
-35.265    -792.145    -0.049
-35.535    -792.566    -0.049
-35.805    -792.987    -0.050
-36.075    -793.407    -0.050
-36.344    -793.829    -0.050
-36.614    -794.249    -0.050
-36.884    -794.671    -0.050
-37.154    -795.091    -0.050
-37.424    -795.512    -0.050
-37.693    -795.933    -0.050
-37.963    -796.354    -0.050
-38.232    -796.775    -0.050
-38.502    -797.196    -0.050
-38.772    -797.617    -0.050
-39.042    -798.038    -0.050
-39.312    -798.458    -0.050
-39.528    -798.796    -0.050
-39.851    -799.300    -0.050
-40.121    -799.722    -0.050
-40.391    -800.142    -0.050
-40.661    -800.564    -0.051
-40.931    -800.984    -0.051
-41.147    -801.321    -0.051
-41.470    -801.826    -0.051
-41.686    -802.163    -0.051
-42.009    -802.668    -0.051
-42.226    -803.005    -0.051
-42.549    -803.510    -0.051
-42.818    -803.931    -0.051
-43.088    -804.352    -0.051
-43.358    -804.773    -0.051
-43.627    -805.194    -0.051
-43.898    -805.615    -0.051
-44.517    -806.523    -0.051
-44.749    -806.850    -0.051
-44.980    -807.175    -0.051
-45.385    -807.747    -0.051
-45.616    -808.073    -0.052
-45.848    -808.399    -0.052
-46.252    -808.971    -0.052
-46.541    -809.378    -0.052
-46.830    -809.786    -0.052
-47.119    -810.194    -0.052
-47.408    -810.602    -0.052
-47.640    -810.929    -0.052
-47.986    -811.418    -0.052
-48.276    -811.826    -0.052
-48.507    -812.152    -0.052
-48.854    -812.641    -0.052
-49.143    -813.049    -0.052
-49.374    -813.376    -0.052
-49.721    -813.865    -0.052
-49.952    -814.191    -0.052
-50.241    -814.599    -0.052
-50.530    -815.007    -0.052
-50.820    -815.415    -0.052
-51.108    -815.823    -0.053
-51.398    -816.231    -0.053
-51.686    -816.639    -0.053
-51.976    -817.047    -0.053
-52.265    -817.454    -0.053
-52.554    -817.862    -0.053
-52.901    -818.353    -0.053
-53.499    -819.153    -0.053
-53.806    -819.547    -0.053
-54.114    -819.941    -0.053
-54.422    -820.336    -0.053
-54.729    -820.730    -0.053
-55.036    -821.124    -0.053
-55.343    -821.519    -0.053
-55.651    -821.913    -0.053
-55.958    -822.307    -0.053
-56.266    -822.701    -0.053
-56.573    -823.096    -0.054
-56.880    -823.490    -0.054
-57.188    -823.884    -0.054
-57.496    -824.279    -0.054
-57.803    -824.673    -0.054
-58.110    -825.067    -0.054
-58.418    -825.462    -0.054
-58.664    -825.776    -0.054
-58.972    -826.171    -0.054
-59.341    -826.644    -0.054
-59.586    -826.959    -0.054
-59.894    -827.354    -0.054
-60.263    -827.827    -0.054
-60.509    -828.142    -0.054
-60.878    -828.616    -0.054
-61.123    -828.931    -0.054
-61.492    -829.405    -0.054
-62.129    -830.175    -0.054
-62.453    -830.555    -0.055
-62.776    -830.936    -0.055
-63.166    -831.393    -0.055
-63.490    -831.774    -0.055
-63.749    -832.079    -0.055
-64.073    -832.460    -0.055
-64.397    -832.840    -0.055
-64.721    -833.221    -0.055
-65.044    -833.602    -0.055
-65.368    -833.983    -0.055
-65.693    -834.363    -0.055
-66.017    -834.744    -0.055
-66.341    -835.126    -0.055
-66.665    -835.506    -0.055
-66.924    -835.810    -0.055
-67.248    -836.191    -0.055
-67.636    -836.648    -0.055
-67.960    -837.029    -0.055
-68.284    -837.410    -0.056
-68.673    -837.867    -0.056
-68.997    -838.248    -0.056
-69.192    -838.476    -0.056
-69.580    -838.933    -0.056
-69.904    -839.314    -0.056
-70.228    -839.695    -0.056
-70.552    -840.075    -0.056
-71.147    -840.752    -0.056
-71.483    -841.122    -0.056
-71.819    -841.492    -0.056
-72.156    -841.861    -0.056
-72.492    -842.230    -0.056
-72.828    -842.600    -0.056
-73.165    -842.970    -0.056
-73.501    -843.340    -0.056
-73.838    -843.710    -0.056
-74.174    -844.080    -0.056
-74.510    -844.450    -0.057
-74.847    -844.819    -0.057
-75.183    -845.189    -0.057
-75.519    -845.559    -0.057
-75.856    -845.929    -0.057
-76.192    -846.299    -0.057
-76.529    -846.669    -0.057
-76.865    -847.039    -0.057
-77.201    -847.409    -0.057
-77.538    -847.778    -0.057
-77.874    -848.148    -0.057
-78.284    -848.587    -0.057
-78.695    -849.024    -0.057
-79.107    -849.460    -0.057
-79.381    -849.752    -0.057
-79.723    -850.116    -0.057
-80.135    -850.553    -0.057
-80.409    -850.843    -0.057
-80.752    -851.207    -0.057
-81.094    -851.571    -0.058
-81.437    -851.936    -0.058
-81.849    -852.372    -0.058
-82.123    -852.664    -0.058
-82.397    -852.954    -0.058
-82.808    -853.391    -0.058
-83.220    -853.828    -0.058
-83.494    -854.119    -0.058
-83.836    -854.483    -0.058
-84.248    -854.920    -0.058
-84.522    -855.212    -0.058
-84.865    -855.576    -0.058
-85.139    -855.866    -0.058
-85.550    -856.303    -0.058
-86.397    -857.152    -0.058
-86.687    -857.428    -0.058
-87.121    -857.842    -0.058
-87.483    -858.187    -0.059
-87.919    -858.600    -0.059
-88.208    -858.876    -0.059
-88.570    -859.221    -0.059
-88.932    -859.565    -0.059
-89.222    -859.841    -0.059
-89.656    -860.255    -0.059
-90.018    -860.600    -0.059
-90.453    -861.013    -0.059
-90.743    -861.289    -0.059
-91.105    -861.634    -0.059
-91.467    -861.978    -0.059
-91.756    -862.254    -0.059
-92.191    -862.668    -0.059
-92.553    -863.013    -0.059
-92.915    -863.357    -0.059
-93.430    -863.833    -0.059
-93.799    -864.169    -0.059
-94.168    -864.506    -0.059
-94.537    -864.843    -0.060
-94.981    -865.247    -0.060
-95.275    -865.517    -0.060
-95.646    -865.854    -0.060
-96.015    -866.192    -0.060
-96.384    -866.529    -0.060
-96.753    -866.865    -0.060
-97.122    -867.202    -0.060
-97.492    -867.539    -0.060
-97.862    -867.876    -0.060
-98.231    -868.213    -0.060
-98.600    -868.550    -0.060
-98.969    -868.887    -0.060
-99.413    -869.291    -0.060
-99.707    -869.561    -0.060
-100.078    -869.898    -0.060
-100.447    -870.235    -0.060
-100.816    -870.572    -0.060
-101.185    -870.909    -0.060
-101.779    -871.445    -0.061
-102.156    -871.773    -0.061
-102.533    -872.102    -0.061
-102.835    -872.364    -0.061
-103.287    -872.758    -0.061
-103.664    -873.087    -0.061
-104.042    -873.415    -0.061
-104.419    -873.743    -0.061
-104.796    -874.071    -0.061
-105.174    -874.399    -0.061
-105.626    -874.792    -0.061
-105.928    -875.055    -0.061
-106.305    -875.383    -0.061
-106.607    -875.646    -0.061
-107.059    -876.040    -0.061
-107.436    -876.368    -0.061
-107.813    -876.697    -0.061
-108.190    -877.025    -0.061
-108.643    -877.419    -0.061
-108.944    -877.682    -0.062
-109.322    -878.010    -0.062
-109.699    -878.338    -0.062
-110.151    -878.731    -0.062
-110.453    -878.994    -0.062
-110.830    -879.322    -0.062
-111.132    -879.586    -0.062
-111.584    -879.979    -0.062
-111.961    -880.307    -0.062
-112.414    -880.701    -0.062
-113.107    -881.275    -0.062
-113.498    -881.586    -0.062
-113.889    -881.898    -0.062
-114.280    -882.209    -0.062
-114.672    -882.520    -0.062
-115.063    -882.831    -0.062
-115.454    -883.143    -0.062
-115.845    -883.454    -0.062
-116.237    -883.765    -0.062
-116.706    -884.138    -0.063
-117.098    -884.450    -0.063
-117.489    -884.761    -0.063
-117.881    -885.072    -0.063
-118.271    -885.383    -0.063
-118.663    -885.695    -0.063
-119.054    -886.006    -0.063
-119.446    -886.317    -0.063
-119.836    -886.628    -0.063
-120.228    -886.940    -0.063
-120.541    -887.189    -0.063
-120.932    -887.499    -0.063
-121.324    -887.811    -0.063
-121.715    -888.122    -0.063
-122.106    -888.433    -0.063
-122.576    -888.806    -0.063
-122.968    -889.117    -0.063
-123.281    -889.367    -0.063
-123.750    -889.740    -0.063
-124.063    -889.989    -0.063
-124.533    -890.362    -0.064
-125.325    -890.970    -0.064
-125.733    -891.262    -0.064
-126.139    -891.553    -0.064
-126.627    -891.902    -0.064
-127.033    -892.194    -0.064
-127.439    -892.484    -0.064
-127.765    -892.718    -0.064
-128.171    -893.008    -0.064
-128.577    -893.300    -0.064
-129.065    -893.650    -0.064
-129.390    -893.882    -0.064
-129.878    -894.232    -0.064
-130.284    -894.523    -0.064
-130.609    -894.756    -0.064
-131.016    -895.048    -0.064
-131.422    -895.339    -0.064
-131.828    -895.630    -0.064
-132.316    -895.979    -0.064
-132.641    -896.212    -0.065
-133.129    -896.562    -0.065
-133.454    -896.794    -0.065
-133.860    -897.086    -0.065
-134.267    -897.376    -0.065
-134.755    -897.726    -0.065
-135.161    -898.018    -0.065
-135.486    -898.250    -0.065
-135.893    -898.542    -0.065
-136.299    -898.833    -0.065
-136.705    -899.124    -0.065
-137.193    -899.474    -0.065
-137.518    -899.706    -0.065
-138.005    -900.056    -0.065
-138.753    -900.557    -0.065
-139.340    -900.938    -0.065
-139.675    -901.156    -0.065
-140.011    -901.374    -0.065
-140.513    -901.701    -0.065
-140.933    -901.973    -0.066
-141.269    -902.191    -0.066
-141.688    -902.463    -0.066
-142.191    -902.790    -0.066
-142.527    -903.008    -0.066
-142.946    -903.280    -0.066
-143.449    -903.606    -0.066
-143.869    -903.879    -0.066
-144.204    -904.096    -0.066
-144.707    -904.423    -0.066
-145.127    -904.696    -0.066
-145.462    -904.913    -0.066
-145.965    -905.240    -0.066
-146.385    -905.513    -0.066
-146.720    -905.730    -0.066
-147.223    -906.057    -0.066
-147.643    -906.329    -0.066
-147.978    -906.546    -0.066
-148.481    -906.873    -0.066
-148.985    -907.200    -0.066
-149.320    -907.418    -0.066
-149.739    -907.691    -0.067
-150.158    -907.963    -0.067
-150.578    -908.235    -0.067
-151.429    -908.759    -0.067
-151.860    -909.013    -0.067
-152.376    -909.318    -0.067
-152.720    -909.522    -0.067
-153.151    -909.777    -0.067
-153.581    -910.031    -0.067
-154.011    -910.286    -0.067
-154.441    -910.540    -0.067
-154.958    -910.845    -0.067
-155.303    -911.049    -0.067
-155.733    -911.303    -0.067
-156.163    -911.559    -0.067
-156.593    -911.813    -0.067
-157.024    -912.067    -0.067
-157.454    -912.322    -0.067
-157.884    -912.576    -0.067
-158.314    -912.830    -0.067
-158.744    -913.086    -0.068
-159.176    -913.340    -0.068
-159.606    -913.594    -0.068
-160.036    -913.849    -0.068
-160.466    -914.103    -0.068
-160.897    -914.357    -0.068
-161.413    -914.663    -0.068
-161.757    -914.867    -0.068
-162.187    -915.121    -0.068
-162.791    -915.476    -0.068
-163.226    -915.722    -0.068
-163.662    -915.968    -0.068
-164.185    -916.262    -0.068
-164.533    -916.458    -0.068
-164.969    -916.703    -0.068
-165.404    -916.950    -0.068
-165.839    -917.195    -0.068
-166.362    -917.489    -0.068
-166.798    -917.736    -0.068
-167.146    -917.932    -0.068
-167.582    -918.177    -0.068
-167.930    -918.373    -0.069
-168.452    -918.669    -0.069
-168.975    -918.963    -0.069
-169.590    -919.299    -0.069
-170.120    -919.578    -0.069
-170.562    -919.811    -0.069
-171.004    -920.045    -0.069
-171.358    -920.231    -0.069
-171.801    -920.465    -0.069
-172.331    -920.744    -0.069
-172.773    -920.978    -0.069
-173.127    -921.164    -0.069
-173.569    -921.397    -0.069
-174.100    -921.677    -0.069
-174.454    -921.863    -0.069
-174.896    -922.097    -0.069
-175.426    -922.376    -0.069
-175.869    -922.610    -0.069
-176.223    -922.796    -0.069
-176.665    -923.029    -0.069
-177.107    -923.263    -0.069
-177.550    -923.496    -0.070
-177.991    -923.730    -0.070
-178.523    -924.009    -0.070
-178.964    -924.243    -0.070
-179.318    -924.429    -0.070
-179.761    -924.663    -0.070
-180.203    -924.896    -0.070
-180.734    -925.175    -0.070
-181.175    -925.409    -0.070
-181.529    -925.595    -0.070
-182.515    -926.084    -0.070
-182.967    -926.297    -0.070
-183.419    -926.511    -0.070
-183.871    -926.724    -0.070
-184.233    -926.895    -0.070
-184.685    -927.109    -0.070
-185.227    -927.364    -0.070
-185.679    -927.578    -0.070
-186.222    -927.834    -0.070
-186.674    -928.048    -0.070
-187.036    -928.218    -0.070
-187.398    -928.389    -0.071
-188.031    -928.688    -0.071
-188.483    -928.901    -0.071
-188.844    -929.072    -0.071
-189.296    -929.285    -0.071
-189.748    -929.499    -0.071
-190.291    -929.755    -0.071
-190.743    -929.969    -0.071
-191.105    -930.139    -0.071
-191.557    -930.353    -0.071
-192.009    -930.566    -0.071
-192.919    -930.981    -0.071
-193.378    -931.178    -0.071
-193.838    -931.375    -0.071
-194.297    -931.571    -0.071
-194.666    -931.729    -0.071
-195.217    -931.965    -0.071
-195.677    -932.162    -0.071
-196.136    -932.359    -0.071
-196.595    -932.556    -0.071
-197.055    -932.752    -0.071
-197.514    -932.949    -0.071
-197.974    -933.146    -0.072
-198.342    -933.304    -0.072
-198.894    -933.540    -0.072
-199.261    -933.696    -0.072
-199.813    -933.932    -0.072
-200.272    -934.129    -0.072
-200.732    -934.326    -0.072
-201.100    -934.484    -0.072
-201.560    -934.681    -0.072
-202.111    -934.917    -0.072
-202.571    -935.113    -0.072
-203.216    -935.382    -0.072
-203.775    -935.602    -0.072
-204.240    -935.785    -0.072
-204.612    -935.932    -0.072
-205.171    -936.152    -0.072
-205.635    -936.335    -0.072
-206.007    -936.481    -0.072
-206.566    -936.702    -0.072
-206.938    -936.848    -0.072
-207.403    -937.031    -0.072
-207.961    -937.251    -0.072
-208.333    -937.398    -0.072
-208.799    -937.581    -0.073
-209.357    -937.801    -0.073
-209.728    -937.948    -0.073
-210.286    -938.168    -0.073
-210.659    -938.315    -0.073
-211.217    -938.535    -0.073
-211.588    -938.682    -0.073
-212.147    -938.902    -0.073
-212.519    -939.049    -0.073
-212.985    -939.232    -0.073
-213.543    -939.452    -0.073
-213.914    -939.599    -0.073
-214.472    -939.819    -0.073
-215.411    -940.164    -0.073
-215.884    -940.328    -0.073
-216.356    -940.492    -0.073
-216.828    -940.656    -0.073
-217.300    -940.821    -0.073
-217.773    -940.985    -0.073
-218.245    -941.149    -0.073
-218.717    -941.313    -0.073
-219.189    -941.477    -0.073
-219.567    -941.608    -0.073
-220.040    -941.772    -0.074
-220.512    -941.936    -0.074
-220.984    -942.100    -0.074
-221.456    -942.264    -0.074
-221.929    -942.429    -0.074
-222.401    -942.593    -0.074
-222.873    -942.757    -0.074
-223.345    -942.921    -0.074
-223.817    -943.085    -0.074
-224.290    -943.249    -0.074
-224.762    -943.413    -0.074
-225.234    -943.577    -0.074
-225.706    -943.742    -0.074
-226.179    -943.906    -0.074
-226.745    -944.103    -0.074
-227.217    -944.267    -0.074
-227.595    -944.399    -0.074
-228.068    -944.563    -0.074
-228.540    -944.727    -0.074
-229.012    -944.891    -0.074
-229.484    -945.056    -0.074
-229.957    -945.220    -0.074
-230.429    -945.384    -0.074
-230.901    -945.548    -0.074
-231.947    -945.887    -0.075
-232.522    -946.056    -0.075
-233.002    -946.197    -0.075
-233.482    -946.339    -0.075
-233.865    -946.452    -0.075
-234.345    -946.593    -0.075
-234.825    -946.734    -0.075
-235.495    -946.931    -0.075
-235.880    -947.044    -0.075
-236.360    -947.186    -0.075
-236.839    -947.327    -0.075
-237.223    -947.440    -0.075
-237.703    -947.580    -0.075
-238.182    -947.721    -0.075
-238.757    -947.891    -0.075
-239.237    -948.032    -0.075
-239.717    -948.174    -0.075
-240.100    -948.287    -0.075
-240.580    -948.428    -0.075
-241.060    -948.569    -0.075
-241.635    -948.739    -0.075
-242.115    -948.880    -0.075
-242.498    -948.993    -0.075
-243.170    -949.190    -0.075
-243.458    -949.275    -0.075
-243.938    -949.416    -0.076
-244.513    -949.586    -0.076
-244.993    -949.727    -0.076
-245.472    -949.868    -0.076
-245.856    -949.981    -0.076
-246.336    -950.121    -0.076
-247.591    -950.456    -0.076
-247.980    -950.549    -0.076
-248.466    -950.665    -0.076
-248.953    -950.781    -0.076
-249.439    -950.896    -0.076
-249.925    -951.013    -0.076
-250.412    -951.129    -0.076
-250.898    -951.245    -0.076
-251.384    -951.361    -0.076
-251.871    -951.478    -0.076
-252.357    -951.593    -0.076
-252.844    -951.710    -0.076
-253.329    -951.825    -0.076
-253.815    -951.941    -0.076
-254.302    -952.057    -0.076
-254.788    -952.173    -0.076
-255.274    -952.289    -0.076
-255.761    -952.405    -0.076
-256.345    -952.544    -0.076
-256.733    -952.637    -0.077
-257.220    -952.753    -0.077
-257.706    -952.869    -0.077
-258.193    -952.985    -0.077
-258.679    -953.101    -0.077
-259.165    -953.216    -0.077
-259.652    -953.333    -0.077
-260.138    -953.448    -0.077
-260.624    -953.565    -0.077
-261.111    -953.680    -0.077
-261.597    -953.797    -0.077
-262.084    -953.913    -0.077
-262.570    -954.029    -0.077
-263.055    -954.145    -0.077
-263.542    -954.261    -0.077
-264.519    -954.475    -0.077
-265.107    -954.589    -0.077
-265.501    -954.666    -0.077
-265.991    -954.760    -0.077
-266.580    -954.874    -0.077
-266.973    -954.950    -0.077
-267.464    -955.045    -0.077
-268.052    -955.159    -0.077
-268.446    -955.235    -0.077
-268.937    -955.329    -0.077
-269.525    -955.443    -0.077
-269.918    -955.519    -0.077
-270.507    -955.633    -0.078
-270.900    -955.710    -0.078
-271.391    -955.805    -0.078
-271.882    -955.900    -0.078
-272.470    -956.014    -0.078
-272.864    -956.090    -0.078
-273.354    -956.184    -0.078
-273.943    -956.298    -0.078
-274.336    -956.374    -0.078
-274.827    -956.469    -0.078
-275.415    -956.583    -0.078
-275.809    -956.659    -0.078
-276.397    -956.773    -0.078
-276.790    -956.849    -0.078
-277.280    -956.945    -0.078
-277.771    -957.039    -0.078
-278.361    -957.153    -0.078
-278.753    -957.229    -0.078
-279.244    -957.324    -0.078
-279.735    -957.419    -0.078
-280.226    -957.514    -0.078
-281.211    -957.688    -0.078
-281.507    -957.735    -0.078
-282.099    -957.829    -0.078
-282.691    -957.923    -0.078
-282.988    -957.970    -0.078
-283.580    -958.064    -0.078
-284.173    -958.158    -0.079
-284.667    -958.236    -0.079
-285.062    -958.299    -0.079
-285.655    -958.393    -0.079
-285.951    -958.440    -0.079
-286.544    -958.534    -0.079
-287.136    -958.628    -0.079
-287.531    -958.690    -0.079
-288.123    -958.784    -0.079
-288.519    -958.846    -0.079
-289.112    -958.940    -0.079
-289.506    -959.002    -0.079
-290.000    -959.081    -0.079
-290.593    -959.175    -0.079
-291.385    -959.283    -0.079
-291.782    -959.334    -0.079
-292.278    -959.397    -0.079
-292.873    -959.473    -0.079
-293.369    -959.537    -0.079
-293.865    -959.601    -0.079
-294.361    -959.664    -0.079
-294.856    -959.728    -0.079
-295.352    -959.792    -0.079
-295.849    -959.855    -0.079
-296.344    -959.919    -0.079
-296.840    -959.983    -0.079
-297.635    -960.076    -0.079
-298.032    -960.120    -0.079
-298.628    -960.185    -0.079
-299.026    -960.228    -0.080
-299.622    -960.293    -0.080
-300.020    -960.337    -0.080
-300.617    -960.402    -0.080
-301.014    -960.445    -0.080
-301.512    -960.499    -0.080
-302.107    -960.564    -0.080
-302.505    -960.607    -0.080
-303.102    -960.672    -0.080
-303.499    -960.715    -0.080
-304.095    -960.780    -0.080
-304.493    -960.824    -0.080
-305.090    -960.889    -0.080
-305.487    -960.932    -0.080
-306.383    -961.017    -0.080
-306.882    -961.054    -0.080
-307.381    -961.090    -0.080
-307.879    -961.126    -0.080
-308.377    -961.162    -0.080
-308.877    -961.199    -0.080
-309.375    -961.234    -0.080
-309.874    -961.271    -0.080
-310.372    -961.308    -0.080
-310.871    -961.344    -0.080
-311.370    -961.380    -0.080
-311.868    -961.417    -0.080
-312.366    -961.453    -0.080
-312.865    -961.490    -0.080
-313.364    -961.525    -0.080
-313.863    -961.562    -0.080
-314.361    -961.598    -0.080
-314.859    -961.634    -0.080
-315.359    -961.670    -0.081
-315.857    -961.707    -0.081
-316.356    -961.743    -0.081
-316.854    -961.779    -0.081
-317.752    -961.833    -0.081
-318.152    -961.853    -0.081
-318.751    -961.882    -0.081
-319.151    -961.901    -0.081
-319.750    -961.930    -0.081
-320.150    -961.950    -0.081
-320.749    -961.979    -0.081
-321.248    -962.003    -0.081
-321.648    -962.022    -0.081
-322.247    -962.051    -0.081
-322.747    -962.075    -0.081
-323.146    -962.094    -0.081
-323.746    -962.123    -0.081
-324.144    -962.143    -0.081
-324.644    -962.166    -0.081
-325.243    -962.195    -0.081
-325.643    -962.215    -0.081
-326.142    -962.239    -0.081
-326.742    -962.268    -0.081
-327.240    -962.291    -0.081
-327.640    -962.311    -0.081
-328.639    -962.345    -0.081
-329.139    -962.354    -0.081
-329.639    -962.363    -0.081
-330.039    -962.369    -0.081
-330.539    -962.378    -0.081
-331.139    -962.388    -0.081
-331.639    -962.397    -0.081
-332.139    -962.405    -0.081
-332.639    -962.414    -0.081
-333.139    -962.423    -0.082
-333.638    -962.432    -0.082
-334.138    -962.440    -0.082
-334.438    -962.445    -0.082
-334.938    -962.454    -0.082
-335.438    -962.463    -0.082
-336.038    -962.473    -0.082
-336.538    -962.482    -0.082
-337.138    -962.492    -0.082
-337.638    -962.501    -0.082
-338.438    -962.508    -0.082
-338.838    -962.504    -0.082
-339.337    -962.499    -0.082
-339.837    -962.493    -0.082
-340.437    -962.486    -0.082
-340.937    -962.481    -0.082
-341.337    -962.477    -0.082
-341.837    -962.471    -0.082
-342.436    -962.464    -0.082
-342.837    -962.460    -0.082
-343.337    -962.455    -0.082
-343.937    -962.448    -0.082
-344.436    -962.442    -0.082
-344.836    -962.438    -0.082
-345.337    -962.432    -0.082
-345.836    -962.427    -0.082
-346.436    -962.420    -0.082
-346.936    -962.415    -0.082
-347.436    -962.410    -0.082
-347.936    -962.405    -0.082
-348.436    -962.399    -0.082
-349.236    -962.376    -0.082
-349.735    -962.358    -0.082
-350.235    -962.341    -0.082
-350.734    -962.322    -0.082
-351.234    -962.304    -0.082
-351.733    -962.287    -0.082
-352.233    -962.268    -0.083
-352.733    -962.251    -0.083
-353.233    -962.233    -0.083
-353.732    -962.216    -0.083
-354.232    -962.197    -0.083
-354.731    -962.180    -0.083
-355.231    -962.162    -0.083
-355.730    -962.144    -0.083
-356.230    -962.126    -0.083
-356.730    -962.108    -0.083
-357.230    -962.090    -0.083
-357.730    -962.073    -0.083
-358.229    -962.054    -0.083
-358.729    -962.036    -0.083
-359.528    -962.001    -0.083
-360.127    -961.959    -0.083
-360.525    -961.931    -0.083
-361.123    -961.889    -0.083
-361.522    -961.862    -0.083
-362.121    -961.820    -0.083
-362.520    -961.792    -0.083
-363.119    -961.750    -0.083
-363.518    -961.722    -0.083
-364.116    -961.680    -0.083
-364.515    -961.653    -0.083
-365.114    -961.611    -0.083
-365.513    -961.583    -0.083
-366.112    -961.541    -0.083
-366.510    -961.514    -0.083
-367.108    -961.472    -0.083
-367.507    -961.444    -0.083
-368.106    -961.402    -0.083
-368.804    -961.345    -0.083
-369.302    -961.299    -0.083
-369.799    -961.255    -0.083
-370.297    -961.210    -0.083
-370.795    -961.165    -0.083
-371.393    -961.111    -0.083
-371.792    -961.076    -0.083
-372.389    -961.022    -0.083
-372.787    -960.986    -0.083
-373.384    -960.932    -0.084
-373.783    -960.896    -0.084
-374.381    -960.842    -0.084
-374.779    -960.807    -0.084
-375.377    -960.753    -0.084
-375.775    -960.717    -0.084
-376.372    -960.663    -0.084
-376.771    -960.628    -0.084
-377.567    -960.548    -0.084
-378.064    -960.491    -0.084
-378.560    -960.434    -0.084
-379.057    -960.376    -0.084
-379.553    -960.319    -0.084
-380.050    -960.262    -0.084
-380.547    -960.204    -0.084
-381.043    -960.147    -0.084
-381.540    -960.089    -0.084
-382.037    -960.032    -0.084
-382.534    -959.975    -0.084
-383.030    -959.917    -0.084
-383.527    -959.860    -0.084
-384.023    -959.803    -0.084
-384.520    -959.745    -0.084
-385.017    -959.688    -0.084
-385.810    -959.590    -0.084
-386.305    -959.520    -0.084
-386.900    -959.436    -0.084
-387.296    -959.381    -0.084
-387.791    -959.311    -0.084
-388.286    -959.242    -0.084
-388.781    -959.172    -0.084
-389.276    -959.103    -0.084
-389.871    -959.019    -0.084
-390.365    -958.950    -0.084
-390.762    -958.894    -0.084
-391.256    -958.824    -0.084
-391.752    -958.755    -0.084
-392.247    -958.686    -0.084
-393.037    -958.561    -0.084
-393.628    -958.463    -0.084
-393.925    -958.414    -0.084
-394.517    -958.316    -0.084
-395.108    -958.218    -0.084
-395.405    -958.169    -0.084
-395.996    -958.071    -0.084
-396.391    -958.005    -0.084
-396.983    -957.907    -0.084
-397.378    -957.841    -0.085
-397.969    -957.743    -0.085
-398.364    -957.677    -0.085
-398.955    -957.579    -0.085
-399.449    -957.498    -0.085
-399.844    -957.432    -0.085
-400.435    -957.334    -0.085
-401.027    -957.236    -0.085
-401.815    -957.097    -0.085
-402.305    -957.001    -0.085
-402.796    -956.904    -0.085
-403.189    -956.826    -0.085
-403.679    -956.730    -0.085
-404.268    -956.614    -0.085
-404.758    -956.517    -0.085
-405.249    -956.421    -0.085
-405.739    -956.324    -0.085
-406.132    -956.246    -0.085
-406.622    -956.150    -0.085
-407.211    -956.034    -0.085
-407.701    -955.937    -0.085
-408.192    -955.841    -0.085
-408.682    -955.744    -0.085
-409.075    -955.666    -0.085
-409.565    -955.570    -0.085
-410.154    -955.454    -0.085
-410.645    -955.357    -0.085
-411.135    -955.261    -0.085
-411.625    -955.164    -0.085
-412.018    -955.086    -0.085
-412.509    -954.990    -0.085
-413.097    -954.874    -0.085
-413.588    -954.777    -0.085
-414.371    -954.618    -0.085
-414.859    -954.508    -0.085
-415.347    -954.400    -0.085
-415.835    -954.291    -0.085
-416.421    -954.160    -0.085
-416.811    -954.073    -0.085
-417.299    -953.964    -0.085
-417.787    -953.856    -0.085
-418.275    -953.747    -0.085
-418.763    -953.638    -0.085
-419.251    -953.529    -0.085
-419.739    -953.421    -0.085
-420.226    -953.312    -0.085
-420.715    -953.203    -0.085
-421.203    -953.095    -0.085
-421.690    -952.985    -0.085
-422.179    -952.877    -0.085
-422.667    -952.768    -0.085
-423.154    -952.660    -0.085
-423.932    -952.472    -0.085
-424.514    -952.321    -0.085
-424.900    -952.222    -0.085
-425.482    -952.071    -0.085
-425.868    -951.971    -0.085
-426.352    -951.846    -0.085
-426.836    -951.721    -0.085
-427.418    -951.571    -0.086
-427.805    -951.471    -0.086
-428.289    -951.346    -0.086
-428.870    -951.196    -0.086
-429.257    -951.096    -0.086
-429.838    -950.945    -0.086
-430.225    -950.845    -0.086
-430.806    -950.695    -0.086
-431.193    -950.595    -0.086
-431.774    -950.445    -0.086
-432.161    -950.345    -0.086
-432.646    -950.220    -0.086
-433.418    -950.016    -0.086
-433.805    -949.910    -0.086
-434.383    -949.752    -0.086
-434.865    -949.620    -0.086
-435.252    -949.514    -0.086
-435.829    -949.356    -0.086
-436.312    -949.224    -0.086
-436.698    -949.118    -0.086
-437.276    -948.960    -0.086
-437.758    -948.828    -0.086
-438.145    -948.722    -0.086
-438.724    -948.564    -0.086
-439.206    -948.432    -0.086
-439.591    -948.326    -0.086
-440.074    -948.194    -0.086
-440.652    -948.036    -0.086
-441.135    -947.904    -0.086
-441.617    -947.772    -0.086
-442.002    -947.666    -0.086
-443.056    -947.353    -0.086
-443.533    -947.200    -0.086
-444.008    -947.047    -0.086
-444.485    -946.895    -0.086
-444.961    -946.742    -0.086
-445.342    -946.620    -0.086
-445.817    -946.467    -0.086
-446.389    -946.284    -0.086
-446.865    -946.131    -0.086
-447.341    -945.978    -0.086
-447.817    -945.826    -0.086
-448.293    -945.673    -0.086
-448.674    -945.551    -0.086
-449.246    -945.368    -0.086
-449.721    -945.215    -0.086
-450.197    -945.062    -0.086
-450.674    -944.910    -0.086
-451.055    -944.788    -0.086
-451.530    -944.635    -0.086
-452.006    -944.482    -0.086
-452.577    -944.299    -0.086
-453.054    -944.146    -0.086
-453.530    -943.993    -0.086
-454.286    -943.734    -0.086
-454.758    -943.569    -0.086
-455.231    -943.404    -0.086
-455.608    -943.273    -0.086
-456.080    -943.109    -0.086
-456.647    -942.913    -0.086
-457.025    -942.780    -0.086
-457.497    -942.616    -0.086
-458.064    -942.419    -0.086
-458.536    -942.255    -0.086
-458.914    -942.124    -0.086
-459.386    -941.959    -0.086
-459.858    -941.795    -0.086
-460.330    -941.630    -0.086
-460.896    -941.432    -0.086
-461.368    -941.268    -0.086
-461.747    -941.137    -0.086
-462.219    -940.972    -0.086
-462.690    -940.808    -0.086
-463.257    -940.610    -0.086
-463.729    -940.446    -0.086
-464.107    -940.314    -0.086
-465.044    -939.965    -0.086
-465.510    -939.784    -0.086
-465.976    -939.603    -0.086
-466.442    -939.422    -0.086
-466.908    -939.241    -0.086
-467.281    -939.096    -0.086
-467.840    -938.879    -0.086
-468.399    -938.661    -0.086
-468.771    -938.515    -0.086
-469.238    -938.334    -0.086
-469.610    -938.189    -0.086
-470.262    -937.935    -0.086
-470.542    -937.827    -0.086
-471.101    -937.609    -0.087
-471.568    -937.428    -0.087
-472.033    -937.247    -0.087
-472.592    -937.029    -0.087
-473.151    -936.810    -0.087
-473.613    -936.620    -0.087
-474.168    -936.391    -0.087
-474.538    -936.239    -0.087
-475.000    -936.048    -0.087
-475.462    -935.857    -0.087
-475.925    -935.667    -0.087
-476.386    -935.476    -0.087
-476.849    -935.286    -0.087
-477.311    -935.094    -0.087
-477.773    -934.904    -0.087
-478.236    -934.713    -0.087
-478.697    -934.523    -0.087
-479.160    -934.332    -0.087
-479.621    -934.142    -0.087
-480.084    -933.951    -0.087
-480.546    -933.760    -0.087
-481.008    -933.570    -0.087
-481.471    -933.380    -0.087
-481.933    -933.190    -0.087
-482.761    -932.836    -0.087
-483.216    -932.629    -0.087
-483.762    -932.380    -0.087
-484.216    -932.173    -0.087
-484.581    -932.008    -0.087
-485.127    -931.759    -0.087
-485.582    -931.552    -0.087
-485.946    -931.387    -0.087
-486.492    -931.138    -0.087
-486.947    -930.931    -0.087
-487.311    -930.765    -0.087
-487.857    -930.517    -0.087
-488.222    -930.352    -0.087
-488.768    -930.104    -0.087
-489.132    -929.938    -0.087
-489.587    -929.731    -0.087
-490.133    -929.483    -0.087
-490.498    -929.317    -0.087
-491.044    -929.069    -0.087
-491.765    -928.724    -0.087
-492.215    -928.505    -0.087
-492.664    -928.287    -0.087
-493.114    -928.068    -0.087
-493.564    -927.850    -0.087
-494.013    -927.631    -0.087
-494.373    -927.456    -0.087
-494.913    -927.193    -0.087
-495.362    -926.975    -0.087
-495.811    -926.755    -0.087
-496.260    -926.536    -0.087
-496.709    -926.316    -0.087
-497.159    -926.097    -0.087
-497.608    -925.878    -0.087
-498.058    -925.659    -0.087
-498.507    -925.439    -0.087
-498.957    -925.220    -0.087
-499.406    -925.000    -0.087
-499.855    -924.781    -0.087
-500.214    -924.605    -0.087
-500.754    -924.343    -0.087
-501.203    -924.124    -0.087
-501.652    -923.904    -0.087
-502.101    -923.685    -0.087
-502.551    -923.465    -0.087
-503.000    -923.246    -0.087
-503.978    -922.743    -0.087
-504.502    -922.452    -0.087
-504.939    -922.208    -0.087
-505.287    -922.013    -0.087
-505.811    -921.720    -0.087
-506.248    -921.477    -0.087
-506.685    -921.233    -0.087
-507.121    -920.989    -0.087
-507.557    -920.745    -0.087
-507.994    -920.501    -0.087
-508.430    -920.258    -0.087
-508.867    -920.014    -0.087
-509.304    -919.770    -0.087
-509.740    -919.526    -0.087
-510.176    -919.282    -0.087
-510.526    -919.088    -0.087
-511.050    -918.796    -0.087
-511.487    -918.552    -0.087
-511.835    -918.357    -0.087
-512.359    -918.064    -0.087
-512.796    -917.821    -0.087
-513.145    -917.626    -0.087
-513.669    -917.333    -0.087
-514.106    -917.089    -0.087
-514.454    -916.894    -0.087
-514.978    -916.602    -0.087
-515.328    -916.407    -0.087
-515.765    -916.165    -0.087
-516.115    -915.972    -0.087
-516.641    -915.684    -0.087
-517.167    -915.394    -0.087
-517.518    -915.201    -0.087
-517.955    -914.960    -0.087
-518.306    -914.768    -0.087
-518.832    -914.479    -0.087
-519.270    -914.238    -0.087
-519.796    -913.948    -0.087
-520.233    -913.708    -0.087
-520.584    -913.515    -0.087
-520.934    -913.322    -0.087
-521.460    -913.033    -0.087
-521.811    -912.840    -0.087
-522.930    -912.180    -0.087
-523.353    -911.915    -0.087
-523.776    -911.648    -0.087
-524.201    -911.382    -0.087
-524.539    -911.170    -0.087
-524.962    -910.904    -0.087
-525.471    -910.585    -0.087
-525.725    -910.428    -0.087
-526.153    -910.167    -0.087
-526.579    -909.906    -0.087
-527.005    -909.645    -0.087
-527.432    -909.384    -0.087
-527.944    -909.071    -0.087
-528.285    -908.863    -0.087
-528.712    -908.602    -0.087
-529.138    -908.341    -0.087
-529.564    -908.081    -0.087
-530.239    -907.651    -0.087
-530.660    -907.380    -0.087
-531.164    -907.055    -0.087
-531.584    -906.784    -0.087
-531.920    -906.568    -0.087
-532.424    -906.243    -0.087
-532.678    -906.081    -0.087
-533.100    -905.814    -0.087
-533.607    -905.493    -0.087
-533.945    -905.280    -0.087
-534.367    -905.012    -0.087
-534.705    -904.798    -0.087
-535.297    -904.424    -0.087
-535.635    -904.210    -0.087
-536.142    -903.888    -0.087
-536.564    -903.621    -0.087
-536.902    -903.407    -0.087
-537.409    -903.086    -0.087
-537.831    -902.819    -0.087
-538.170    -902.605    -0.087
-538.676    -902.284    -0.087
-539.099    -902.016    -0.087
-539.437    -901.802    -0.087
-539.943    -901.481    -0.087
-540.366    -901.214    -0.087
-540.704    -901.000    -0.087
-541.769    -900.258    -0.087
-542.254    -899.903    -0.087
-542.657    -899.608    -0.087
-543.060    -899.312    -0.087
-543.463    -899.016    -0.087
-543.867    -898.721    -0.087
-544.270    -898.425    -0.087
-544.673    -898.130    -0.087
-544.997    -897.893    -0.087
-545.480    -897.540    -0.087
-545.883    -897.244    -0.087
-546.206    -897.007    -0.087
-546.690    -896.653    -0.087
-547.093    -896.357    -0.087
-547.496    -896.062    -0.087
-547.899    -895.766    -0.087
-548.222    -895.530    -0.087
-548.706    -895.175    -0.087
-549.109    -894.879    -0.087
-549.432    -894.643    -0.087
-549.916    -894.288    -0.087
-550.319    -893.994    -0.087
-550.642    -893.757    -0.087
-551.126    -893.402    -0.087
-551.529    -893.107    -0.087
-551.932    -892.811    -0.087
-552.255    -892.575    -0.087
-552.739    -892.220    -0.087
-553.142    -891.924    -0.087
-553.545    -891.629    -0.087
-553.868    -891.392    -0.086
-554.352    -891.038    -0.086
-554.675    -890.801    -0.086
-555.158    -890.448    -0.086
-555.481    -890.211    -0.086
-555.965    -889.856    -0.086
-556.368    -889.561    -0.086
-556.772    -889.265    -0.086
-557.094    -889.029    -0.086
-557.579    -888.674    -0.086
-557.982    -888.378    -0.086
-558.385    -888.083    -0.086
-558.707    -887.846    -0.086
-559.653    -887.108    -0.086
-560.041    -886.793    -0.086
-560.429    -886.478    -0.086
-560.817    -886.162    -0.086
-561.205    -885.847    -0.086
-561.592    -885.531    -0.086
-561.981    -885.216    -0.086
-562.368    -884.900    -0.086
-562.678    -884.648    -0.086
-563.144    -884.269    -0.086
-563.532    -883.954    -0.086
-563.920    -883.638    -0.086
-564.460    -883.193    -0.086
-564.842    -882.872    -0.086
-565.225    -882.549    -0.086
-565.608    -882.228    -0.086
-565.991    -881.906    -0.086
-566.374    -881.585    -0.086
-566.756    -881.263    -0.086
-567.140    -880.942    -0.086
-567.523    -880.621    -0.086
-567.905    -880.299    -0.086
-568.289    -879.978    -0.086
-568.672    -879.657    -0.086
-569.054    -879.335    -0.086
-569.438    -879.014    -0.086
-569.820    -878.693    -0.086
-570.203    -878.371    -0.086
-570.587    -878.050    -0.086
-570.969    -877.728    -0.086
-571.352    -877.406    -0.086
-571.735    -877.085    -0.086
-572.118    -876.763    -0.086
-572.501    -876.442    -0.086
-573.249    -875.779    -0.086
-573.546    -875.511    -0.086
-573.842    -875.242    -0.086
-574.288    -874.841    -0.086
-574.659    -874.506    -0.086
-575.030    -874.170    -0.086
-575.401    -873.836    -0.086
-575.772    -873.500    -0.086
-576.142    -873.165    -0.086
-576.588    -872.763    -0.086
-576.885    -872.494    -0.086
-577.182    -872.226    -0.086
-577.627    -871.825    -0.086
-577.998    -871.489    -0.086
-578.369    -871.155    -0.086
-578.741    -870.820    -0.086
-579.037    -870.552    -0.086
-579.557    -870.083    -0.086
-579.854    -869.815    -0.086
-580.225    -869.479    -0.086
-580.596    -869.145    -0.086
-580.967    -868.810    -0.086
-581.410    -868.406    -0.086
-581.777    -868.066    -0.086
-582.217    -867.658    -0.086
-582.510    -867.387    -0.086
-582.878    -867.046    -0.086
-583.317    -866.638    -0.086
-583.684    -866.299    -0.086
-583.978    -866.028    -0.086
-584.345    -865.687    -0.086
-584.712    -865.348    -0.086
-585.079    -865.008    -0.086
-585.518    -864.601    -0.086
-585.812    -864.329    -0.086
-586.179    -863.989    -0.086
-586.546    -863.650    -0.086
-586.986    -863.242    -0.086
-587.279    -862.970    -0.086
-587.646    -862.630    -0.086
-588.013    -862.290    -0.086
-588.379    -861.950    -0.086
-588.746    -861.611    -0.086
-589.113    -861.272    -0.086
-589.480    -860.931    -0.085
-589.848    -860.592    -0.085
-590.708    -859.757    -0.085
-591.055    -859.397    -0.085
-591.471    -858.964    -0.085
-591.749    -858.677    -0.085
-592.095    -858.317    -0.085
-592.512    -857.885    -0.085
-592.720    -857.669    -0.085
-593.136    -857.236    -0.085
-593.483    -856.876    -0.085
-593.830    -856.516    -0.085
-594.178    -856.156    -0.085
-594.524    -855.797    -0.085
-594.871    -855.437    -0.085
-595.287    -855.004    -0.085
-595.632    -854.643    -0.085
-595.909    -854.355    -0.085
-596.324    -853.922    -0.085
-596.670    -853.561    -0.085
-596.947    -853.271    -0.085
-597.292    -852.910    -0.085
-597.708    -852.477    -0.085
-598.053    -852.116    -0.085
-598.330    -851.827    -0.085
-598.676    -851.466    -0.085
-599.091    -851.033    -0.085
-599.368    -850.744    -0.085
-599.783    -850.311    -0.085
-600.128    -849.950    -0.085
-600.405    -849.661    -0.085
-600.752    -849.300    -0.085
-601.097    -848.939    -0.085
-601.712    -848.282    -0.085
-602.050    -847.913    -0.085
-602.320    -847.618    -0.085
-602.724    -847.176    -0.085
-602.994    -846.880    -0.085
-603.400    -846.437    -0.085
-603.670    -846.143    -0.085
-604.007    -845.773    -0.085
-604.412    -845.331    -0.085
-604.682    -845.036    -0.085
-605.020    -844.667    -0.085
-605.425    -844.224    -0.085
-605.762    -843.855    -0.085
-606.032    -843.561    -0.085
-606.369    -843.191    -0.085
-606.775    -842.749    -0.085
-607.112    -842.381    -0.085
-607.449    -842.012    -0.085
-607.787    -841.642    -0.085
-608.317    -841.044    -0.085
-608.644    -840.665    -0.085
-608.906    -840.363    -0.085
-609.233    -839.985    -0.085
-609.626    -839.531    -0.085
-609.953    -839.154    -0.085
-610.215    -838.851    -0.084
-610.608    -838.397    -0.084
-610.869    -838.095    -0.084
-611.262    -837.641    -0.084
-611.524    -837.339    -0.084
-611.851    -836.961    -0.084
-612.244    -836.507    -0.084
-612.506    -836.205    -0.084
-612.833    -835.827    -0.084
-613.160    -835.449    -0.084
-613.552    -834.996    -0.084
-613.880    -834.617    -0.084
-614.141    -834.315    -0.084
-614.534    -833.861    -0.084
-614.796    -833.560    -0.084
-615.123    -833.181    -0.084
-615.516    -832.727    -0.084
-616.152    -831.956    -0.084
-616.462    -831.564    -0.084
-616.709    -831.250    -0.084
-617.081    -830.779    -0.084
-617.390    -830.386    -0.084
-617.638    -830.073    -0.084
-618.010    -829.601    -0.084
-618.319    -829.208    -0.084
-618.567    -828.894    -0.084
-618.939    -828.424    -0.084
-619.248    -828.031    -0.084
-619.496    -827.717    -0.084
-619.868    -827.245    -0.084
-620.177    -826.854    -0.084
-620.424    -826.539    -0.084
-620.797    -826.068    -0.084
-621.106    -825.675    -0.084
-621.353    -825.362    -0.084
-621.725    -824.891    -0.084
-622.035    -824.498    -0.084
-622.282    -824.184    -0.084
-622.654    -823.713    -0.084
-622.963    -823.320    -0.084
-623.211    -823.006    -0.084
-623.583    -822.535    -0.084
-623.892    -822.143    -0.084
-624.140    -821.829    -0.084
-624.512    -821.357    -0.084
-624.821    -820.965    -0.084
-625.069    -820.651    -0.084
-625.441    -820.180    -0.084
-626.036    -819.377    -0.083
-626.329    -818.972    -0.083
-626.622    -818.566    -0.083
-626.915    -818.161    -0.083
-627.208    -817.757    -0.083
-627.443    -817.432    -0.083
-627.794    -816.947    -0.083
-628.029    -816.622    -0.083
-628.381    -816.136    -0.083
-628.674    -815.731    -0.083
-629.025    -815.245    -0.083
-629.201    -815.002    -0.083
-629.495    -814.597    -0.083
-629.846    -814.111    -0.083
-630.140    -813.706    -0.083
-630.491    -813.220    -0.083
-630.667    -812.977    -0.083
-630.961    -812.572    -0.083
-631.312    -812.086    -0.083
-631.606    -811.681    -0.083
-631.898    -811.276    -0.083
-632.133    -810.952    -0.083
-632.484    -810.467    -0.083
-632.889    -809.895    -0.083
-633.174    -809.485    -0.083
-633.460    -809.074    -0.083
-633.746    -808.664    -0.083
-634.032    -808.253    -0.083
-634.317    -807.843    -0.083
-634.603    -807.433    -0.083
-634.889    -807.022    -0.083
-635.231    -806.530    -0.083
-635.460    -806.203    -0.083
-635.746    -805.792    -0.083
-636.031    -805.382    -0.083
-636.317    -804.972    -0.083
-636.603    -804.561    -0.083
-636.889    -804.151    -0.083
-637.174    -803.740    -0.083
-637.403    -803.413    -0.083
-637.689    -803.002    -0.083
-638.032    -802.510    -0.083
-638.318    -802.100    -0.082
-638.933    -801.188    -0.082
-639.303    -800.594    -0.082
-639.462    -800.340    -0.082
-639.779    -799.831    -0.082
-639.991    -799.491    -0.082
-640.308    -798.982    -0.082
-640.520    -798.643    -0.082
-640.785    -798.218    -0.082
-641.049    -797.794    -0.082
-641.314    -797.370    -0.082
-641.632    -796.861    -0.082
-641.843    -796.522    -0.082
-642.108    -796.098    -0.082
-642.372    -795.673    -0.082
-642.637    -795.249    -0.082
-642.901    -794.825    -0.082
-643.166    -794.400    -0.082
-643.430    -793.977    -0.082
-643.748    -793.467    -0.082
-643.959    -793.128    -0.082
-644.224    -792.704    -0.082
-644.594    -792.109    -0.082
-644.907    -791.598    -0.082
-645.165    -791.170    -0.082
-645.371    -790.828    -0.082
-645.629    -790.398    -0.082
-645.938    -789.885    -0.082
-646.197    -789.457    -0.082
-646.403    -789.114    -0.082
-646.661    -788.685    -0.082
-646.919    -788.257    -0.082
-647.177    -787.829    -0.082
-647.486    -787.316    -0.082
-647.744    -786.886    -0.082
-648.002    -786.458    -0.082
-648.158    -786.202    -0.081
-648.418    -785.775    -0.081
-648.731    -785.262    -0.081
-648.991    -784.835    -0.081
-649.396    -784.147    -0.081
-649.691    -783.625    -0.081
-649.887    -783.276    -0.081
-650.183    -782.754    -0.081
-650.429    -782.319    -0.081
-650.674    -781.882    -0.081
-650.921    -781.447    -0.081
-651.166    -781.012    -0.081
-651.362    -780.663    -0.081
-651.657    -780.141    -0.081
-651.903    -779.706    -0.081
-652.149    -779.270    -0.081
-652.394    -778.835    -0.081
-652.641    -778.400    -0.081
-652.886    -777.965    -0.081
-653.132    -777.529    -0.081
-653.328    -777.181    -0.081
-653.624    -776.659    -0.081
-653.870    -776.223    -0.081
-654.258    -775.524    -0.081
-654.538    -774.993    -0.081
-654.770    -774.550    -0.081
-654.957    -774.196    -0.081
-655.190    -773.754    -0.081
-655.423    -773.311    -0.081
-655.655    -772.870    -0.081
-655.888    -772.427    -0.081
-656.122    -771.984    -0.081
-656.354    -771.543    -0.081
-656.587    -771.100    -0.081
-656.866    -770.569    -0.080
-657.053    -770.215    -0.080
-657.286    -769.772    -0.080
-657.519    -769.330    -0.080
-657.798    -768.799    -0.080
-658.030    -768.357    -0.080
-658.217    -768.003    -0.080
-658.450    -767.560    -0.080
-658.730    -767.030    -0.080
-658.916    -766.676    -0.080
-659.363    -765.781    -0.080
-659.579    -765.330    -0.080
-659.795    -764.879    -0.080
-660.011    -764.428    -0.080
-660.227    -763.977    -0.080
-660.442    -763.527    -0.080
-660.615    -763.166    -0.080
-660.875    -762.625    -0.080
-661.090    -762.174    -0.080
-661.307    -761.723    -0.080
-661.523    -761.272    -0.080
-661.738    -760.821    -0.080
-661.955    -760.370    -0.080
-662.170    -759.920    -0.080
-662.387    -759.469    -0.080
-662.603    -759.018    -0.080
-662.819    -758.567    -0.080
-663.035    -758.116    -0.080
-663.251    -757.665    -0.080
-663.467    -757.214    -0.080
-663.758    -756.578    -0.080
-663.964    -756.123    -0.079
-664.211    -755.575    -0.079
-664.376    -755.211    -0.079
-664.622    -754.664    -0.079
-664.787    -754.300    -0.079
-664.992    -753.844    -0.079
-665.198    -753.388    -0.079
-665.403    -752.933    -0.079
-665.609    -752.477    -0.079
-665.815    -752.021    -0.079
-666.061    -751.474    -0.079
-666.225    -751.110    -0.079
-666.431    -750.653    -0.079
-666.637    -750.198    -0.079
-666.842    -749.742    -0.079
-667.048    -749.287    -0.079
-667.253    -748.830    -0.079
-667.459    -748.375    -0.079
-667.664    -747.919    -0.079
-667.870    -747.464    -0.079
-668.076    -747.007    -0.079
-668.281    -746.552    -0.079
-668.527    -746.005    -0.079
-668.730    -745.549    -0.079
-668.934    -745.091    -0.079
-669.139    -744.635    -0.079
-669.302    -744.270    -0.079
-669.505    -743.813    -0.079
-669.891    -742.891    -0.079
-670.080    -742.428    -0.078
-670.268    -741.965    -0.078
-670.419    -741.594    -0.078
-670.645    -741.039    -0.078
-670.833    -740.576    -0.078
-671.022    -740.112    -0.078
-671.209    -739.650    -0.078
-671.397    -739.186    -0.078
-671.548    -738.815    -0.078
-671.774    -738.260    -0.078
-671.962    -737.797    -0.078
-672.151    -737.333    -0.078
-672.339    -736.871    -0.078
-672.528    -736.407    -0.078
-672.716    -735.944    -0.078
-672.905    -735.481    -0.078
-673.054    -735.110    -0.078
-673.281    -734.554    -0.078
-673.431    -734.184    -0.078
-673.657    -733.628    -0.078
-673.944    -732.882    -0.078
-674.119    -732.414    -0.078
-674.294    -731.945    -0.078
-674.571    -731.194    -0.078
-674.738    -730.723    -0.078
-674.905    -730.252    -0.078
-675.072    -729.780    -0.078
-675.206    -729.404    -0.078
-675.340    -729.027    -0.078
-675.507    -728.555    -0.077
-675.741    -727.897    -0.077
-675.909    -727.426    -0.077
-676.042    -727.049    -0.077
-676.176    -726.672    -0.077
-676.381    -726.107    -0.077
-676.517    -725.732    -0.077
-676.722    -725.167    -0.077
-676.859    -724.791    -0.077
-677.063    -724.227    -0.077
-677.200    -723.851    -0.077
-677.371    -723.381    -0.077
-677.541    -722.912    -0.077
-677.712    -722.442    -0.077
-677.882    -721.972    -0.077
-678.053    -721.502    -0.077
-678.223    -721.032    -0.077
-678.393    -720.562    -0.077
-678.564    -720.092    -0.077
-678.734    -719.622    -0.077
-679.027    -718.771    -0.077
-679.213    -718.200    -0.077
-679.337    -717.820    -0.077
-679.492    -717.345    -0.077
-679.677    -716.774    -0.077
-679.801    -716.394    -0.077
-679.957    -715.919    -0.077
-680.142    -715.349    -0.076
-680.266    -714.968    -0.076
-680.421    -714.492    -0.076
-680.607    -713.922    -0.076
-680.731    -713.542    -0.076
-680.886    -713.067    -0.076
-681.071    -712.496    -0.076
-681.195    -712.116    -0.076
-681.350    -711.640    -0.076
-681.536    -711.070    -0.076
-681.660    -710.690    -0.076
-681.815    -710.214    -0.076
-681.970    -709.739    -0.076
-682.125    -709.264    -0.076
-682.280    -708.789    -0.076
-682.465    -708.218    -0.076
-682.619    -707.742    -0.076
-682.743    -707.361    -0.076
-682.897    -706.886    -0.076
-683.052    -706.410    -0.076
-683.237    -705.840    -0.076
-683.391    -705.364    -0.076
-683.545    -704.889    -0.076
-683.669    -704.509    -0.076
-683.824    -704.033    -0.076
-683.978    -703.558    -0.076
-684.132    -703.082    -0.076
-684.317    -702.511    -0.075
-684.441    -702.131    -0.075
-684.596    -701.656    -0.075
-684.905    -700.601    -0.075
-685.036    -700.118    -0.075
-685.166    -699.635    -0.075
-685.297    -699.153    -0.075
-685.427    -698.670    -0.075
-685.557    -698.188    -0.075
-685.714    -697.608    -0.075
-685.819    -697.222    -0.075
-685.949    -696.740    -0.075
-686.080    -696.257    -0.075
-686.210    -695.775    -0.075
-686.340    -695.292    -0.075
-686.471    -694.808    -0.075
-686.601    -694.326    -0.075
-686.732    -693.843    -0.075
-686.862    -693.360    -0.075
-686.992    -692.878    -0.075
-687.123    -692.395    -0.075
-687.253    -691.913    -0.075
-687.383    -691.430    -0.075
-687.534    -690.850    -0.075
-687.682    -690.268    -0.074
-687.829    -689.686    -0.074
-687.903    -689.396    -0.074
-688.051    -688.814    -0.074
-688.174    -688.329    -0.074
-688.298    -687.845    -0.074
-688.420    -687.361    -0.074
-688.544    -686.876    -0.074
-688.642    -686.488    -0.074
-688.789    -685.907    -0.074
-688.913    -685.422    -0.074
-689.060    -684.840    -0.074
-689.134    -684.550    -0.074
-689.282    -683.968    -0.074
-689.430    -683.387    -0.074
-689.504    -683.096    -0.074
-689.696    -682.320    -0.074
-689.810    -681.833    -0.074
-689.925    -681.347    -0.074
-690.062    -680.762    -0.074
-690.177    -680.276    -0.074
-690.291    -679.789    -0.074
-690.360    -679.497    -0.074
-690.498    -678.913    -0.074
-690.636    -678.329    -0.074
-690.728    -677.940    -0.073
-690.842    -677.454    -0.073
-690.980    -676.870    -0.073
-691.072    -676.480    -0.073
-691.187    -675.994    -0.073
-691.301    -675.507    -0.073
-691.439    -674.923    -0.073
-691.553    -674.437    -0.073
-691.668    -673.950    -0.073
-691.760    -673.561    -0.073
-691.874    -673.074    -0.073
-691.989    -672.587    -0.073
-692.127    -672.003    -0.073
-692.275    -671.319    -0.073
-692.378    -670.830    -0.073
-692.481    -670.341    -0.073
-692.583    -669.851    -0.073
-692.665    -669.460    -0.073
-692.789    -668.873    -0.073
-692.892    -668.383    -0.073
-692.995    -667.895    -0.073
-693.098    -667.405    -0.073
-693.200    -666.916    -0.073
-693.304    -666.427    -0.073
-693.406    -665.938    -0.073
-693.489    -665.546    -0.072
-693.612    -664.958    -0.072
-693.715    -664.470    -0.072
-693.797    -664.079    -0.072
-693.921    -663.491    -0.072
-694.023    -663.002    -0.072
-694.126    -662.512    -0.072
-694.229    -662.023    -0.072
-694.362    -661.336    -0.072
-694.454    -660.844    -0.072
-694.547    -660.354    -0.072
-694.639    -659.862    -0.072
-694.732    -659.371    -0.072
-694.824    -658.880    -0.072
-694.917    -658.388    -0.072
-695.010    -657.897    -0.072
-695.102    -657.405    -0.072
-695.195    -656.914    -0.072
-695.287    -656.423    -0.072
-695.380    -655.931    -0.072
-695.472    -655.440    -0.072
-695.565    -654.948    -0.072
-695.658    -654.458    -0.072
-695.732    -654.064    -0.072
-695.844    -653.475    -0.071
-695.936    -652.984    -0.071
-696.029    -652.493    -0.071
-696.121    -652.001    -0.071
-696.264    -651.214    -0.071
-696.345    -650.721    -0.071
-696.426    -650.228    -0.071
-696.507    -649.734    -0.071
-696.588    -649.240    -0.071
-696.669    -648.747    -0.071
-696.750    -648.254    -0.071
-696.831    -647.761    -0.071
-696.913    -647.268    -0.071
-696.993    -646.774    -0.071
-697.075    -646.280    -0.071
-697.156    -645.787    -0.071
-697.237    -645.294    -0.071
-697.318    -644.801    -0.071
-697.399    -644.307    -0.071
-697.481    -643.814    -0.071
-697.562    -643.321    -0.071
-697.643    -642.827    -0.071
-697.735    -642.235    -0.071
-697.810    -641.741    -0.071
-697.900    -641.147    -0.070
-697.974    -640.652    -0.070
-698.049    -640.158    -0.070
-698.124    -639.664    -0.070
-698.198    -639.169    -0.070
-698.258    -638.775    -0.070
-698.333    -638.280    -0.070
-698.408    -637.786    -0.070
-698.482    -637.292    -0.070
-698.557    -636.797    -0.070
-698.632    -636.303    -0.070
-698.706    -635.809    -0.070
-698.781    -635.314    -0.070
-698.855    -634.820    -0.070
-698.930    -634.326    -0.070
-699.020    -633.731    -0.070
-699.095    -633.237    -0.070
-699.169    -632.743    -0.070
-699.244    -632.248    -0.070
-699.319    -631.754    -0.070
-699.393    -631.260    -0.070
-699.468    -630.765    -0.070
-699.528    -630.370    -0.070
-699.603    -629.875    -0.070
-699.677    -629.381    -0.069
-699.801    -628.491    -0.069
-699.849    -628.093    -0.069
-699.920    -627.497    -0.069
-699.967    -627.100    -0.069
-700.038    -626.505    -0.069
-700.085    -626.107    -0.069
-700.156    -625.512    -0.069
-700.204    -625.115    -0.069
-700.275    -624.519    -0.069
-700.323    -624.122    -0.069
-700.376    -623.725    -0.069
-700.442    -623.230    -0.069
-700.509    -622.734    -0.069
-700.574    -622.239    -0.069
-700.641    -621.743    -0.069
-700.707    -621.248    -0.069
-700.773    -620.752    -0.069
-700.839    -620.257    -0.069
-700.905    -619.761    -0.069
-700.971    -619.266    -0.069
-701.037    -618.770    -0.069
-701.103    -618.274    -0.069
-701.169    -617.779    -0.069
-701.235    -617.283    -0.068
-701.302    -616.788    -0.068
-701.367    -616.291    -0.068
-701.434    -615.796    -0.068
-701.522    -615.102    -0.068
-701.589    -614.506    -0.068
-701.635    -614.108    -0.068
-701.690    -613.611    -0.068
-701.746    -613.115    -0.068
-701.803    -612.618    -0.068
-701.858    -612.121    -0.068
-701.925    -611.524    -0.068
-701.971    -611.127    -0.068
-702.026    -610.631    -0.068
-702.082    -610.134    -0.068
-702.149    -609.537    -0.068
-702.213    -608.941    -0.068
-702.258    -608.443    -0.068
-702.304    -607.946    -0.068
-702.349    -607.448    -0.068
-702.403    -606.850    -0.068
-702.440    -606.452    -0.068
-702.494    -605.854    -0.068
-702.530    -605.455    -0.067
-702.584    -604.859    -0.067
-702.620    -604.460    -0.067
-702.675    -603.863    -0.067
-702.711    -603.464    -0.067
-702.765    -602.867    -0.067
-702.801    -602.468    -0.067
-702.847    -601.970    -0.067
-702.894    -601.472    -0.067
-702.941    -600.975    -0.067
-702.989    -600.477    -0.067
-703.037    -599.979    -0.067
-703.074    -599.581    -0.067
-703.131    -598.984    -0.067
-703.179    -598.486    -0.067
-703.227    -597.988    -0.067
-703.273    -597.491    -0.067
-703.321    -596.993    -0.067
-703.369    -596.495    -0.067
-703.406    -596.097    -0.067
-703.463    -595.500    -0.067
-703.511    -595.003    -0.067
-703.559    -594.505    -0.067
-703.606    -594.008    -0.067
-703.644    -593.609    -0.066
-703.701    -593.012    -0.066
-703.748    -592.514    -0.066
-703.796    -592.017    -0.066
-703.843    -591.519    -0.066
-703.890    -591.021    -0.066
-703.938    -590.524    -0.066
-703.985    -590.026    -0.066
-704.033    -589.528    -0.066
-704.080    -589.030    -0.066
-704.127    -588.533    -0.066
-704.175    -588.035    -0.066
-704.222    -587.537    -0.066
-704.260    -587.139    -0.066
-704.317    -586.542    -0.066
-704.364    -586.044    -0.066
-704.412    -585.546    -0.066
-704.460    -585.049    -0.066
-704.519    -584.351    -0.066
-704.559    -583.853    -0.066
-704.591    -583.454    -0.066
-704.631    -582.956    -0.066
-704.671    -582.457    -0.066
-704.710    -581.959    -0.066
-704.759    -581.361    -0.065
-704.798    -580.863    -0.065
-704.831    -580.464    -0.065
-704.870    -579.966    -0.065
-704.910    -579.467    -0.065
-704.950    -578.969    -0.065
-704.998    -578.371    -0.065
-705.038    -577.872    -0.065
-705.070    -577.474    -0.065
-705.110    -576.976    -0.065
-705.149    -576.477    -0.065
-705.189    -575.978    -0.065
-705.237    -575.380    -0.065
-705.277    -574.882    -0.065
-705.309    -574.484    -0.065
-705.349    -573.985    -0.065
-705.389    -573.486    -0.065
-705.428    -572.988    -0.065
-705.476    -572.390    -0.065
-705.516    -571.892    -0.065
-705.549    -571.493    -0.065
-705.588    -570.995    -0.065
-705.628    -570.497    -0.065
-705.668    -569.998    -0.065
-705.707    -569.500    -0.064
-705.753    -568.901    -0.064
-705.788    -568.403    -0.064
-705.823    -567.905    -0.064
-705.858    -567.405    -0.064
-705.892    -566.907    -0.064
-705.927    -566.408    -0.064
-705.962    -565.909    -0.064
-705.997    -565.410    -0.064
-706.031    -564.912    -0.064
-706.066    -564.413    -0.064
-706.101    -563.914    -0.064
-706.135    -563.415    -0.064
-706.170    -562.917    -0.064
-706.205    -562.418    -0.064
-706.240    -561.919    -0.064
-706.281    -561.321    -0.064
-706.315    -560.822    -0.064
-706.343    -560.422    -0.064
-706.384    -559.724    -0.064
-706.413    -559.125    -0.064
-706.437    -558.625    -0.064
-706.456    -558.226    -0.064
-706.480    -557.727    -0.064
-706.509    -557.128    -0.063
-706.533    -556.628    -0.063
-706.552    -556.228    -0.063
-706.576    -555.729    -0.063
-706.605    -555.130    -0.063
-706.629    -554.630    -0.063
-706.648    -554.231    -0.063
-706.677    -553.632    -0.063
-706.701    -553.132    -0.063
-706.725    -552.633    -0.063
-706.744    -552.233    -0.063
-706.773    -551.634    -0.063
-706.797    -551.135    -0.063
-706.816    -550.736    -0.063
-706.840    -550.236    -0.063
-706.869    -549.637    -0.063
-706.893    -549.137    -0.063
-706.912    -548.738    -0.063
-706.936    -548.238    -0.063
-706.965    -547.640    -0.063
-706.989    -547.140    -0.063
-707.008    -546.740    -0.063
-707.032    -546.241    -0.063
-707.061    -545.641    -0.063
-707.085    -545.142    -0.063
-707.104    -544.742    -0.062
-707.133    -544.144    -0.062
-707.157    -543.644    -0.062
-707.180    -543.145    -0.062
-707.201    -542.645    -0.062
-707.221    -542.145    -0.062
-707.243    -541.646    -0.062
-707.264    -541.146    -0.062
-707.285    -540.647    -0.062
-707.310    -540.047    -0.062
-707.327    -539.647    -0.062
-707.348    -539.149    -0.062
-707.368    -538.649    -0.062
-707.389    -538.150    -0.062
-707.410    -537.650    -0.062
-707.432    -537.150    -0.062
-707.452    -536.651    -0.062
-707.473    -536.151    -0.062
-707.495    -535.652    -0.062
-707.516    -535.152    -0.062
-707.536    -534.652    -0.062
-707.562    -534.053    -0.062
-707.579    -533.654    -0.062
-707.600    -533.155    -0.062
-707.620    -532.655    -0.062
-707.641    -532.155    -0.061
-707.662    -531.656    -0.061
-707.684    -531.156    -0.061
-707.704    -530.657    -0.061
-707.725    -530.157    -0.061
-707.747    -529.657    -0.061
-707.768    -529.158    -0.061
-707.788    -528.658    -0.061
-707.813    -528.059    -0.061
-707.831    -527.660    -0.061
-707.851    -527.160    -0.061
-707.872    -526.661    -0.061
-707.893    -526.161    -0.061
-707.914    -525.662    -0.061
-707.935    -525.162    -0.061
-707.956    -524.662    -0.061
-707.977    -524.163    -0.061
-707.999    -523.663    -0.061
-708.019    -523.164    -0.061
-708.040    -522.664    -0.061
-708.065    -522.064    -0.061
-708.083    -521.666    -0.061
-708.103    -521.166    -0.061
-708.124    -520.667    -0.061
-708.145    -520.167    -0.061
-708.166    -519.667    -0.061
-708.187    -519.168    -0.060
-708.208    -518.668    -0.060
-708.229    -518.169    -0.060
-708.251    -517.669    -0.060
-708.271    -517.169    -0.060
-708.292    -516.670    -0.060
-708.314    -516.171    -0.060
-708.334    -515.672    -0.060
-708.355    -515.172    -0.060
-708.377    -514.672    -0.060
-708.398    -514.173    -0.060
-708.418    -513.673    -0.060
-708.444    -513.074    -0.060
-708.461    -512.674    -0.060
-708.482    -512.174    -0.060
-708.502    -511.675    -0.060
-708.523    -511.175    -0.060
-708.544    -510.675    -0.060
-708.565    -510.177    -0.060
-708.585    -509.677    -0.060
-708.606    -509.178    -0.060
-708.627    -508.678    -0.060
-708.648    -508.178    -0.060
-708.668    -507.679    -0.060
-708.689    -507.179    -0.060
-708.710    -506.680    -0.060
-708.731    -506.180    -0.059
-708.751    -505.680    -0.059
-708.772    -505.181    -0.059
-708.793    -504.681    -0.059
-708.814    -504.182    -0.059
-708.834    -503.683    -0.059
-708.855    -503.183    -0.059
-708.876    -502.684    -0.059
-708.896    -502.184    -0.059
-708.917    -501.685    -0.059
-708.938    -501.185    -0.059
-708.959    -500.685    -0.059
-708.979    -500.186    -0.059
-709.000    -499.686    -0.059
-709.021    -499.186    -0.059
-709.042    -498.687    -0.059
-709.062    -498.187    -0.059
-709.083    -497.689    -0.059
-709.104    -497.189    -0.059
-709.125    -496.689    -0.059
-709.145    -496.190    -0.059
-709.166    -495.690    -0.059
-709.187    -495.191    -0.059
-709.208    -494.691    -0.059
-709.228    -494.191    -0.059
-709.249    -493.692    -0.059
-709.270    -493.192    -0.059
-709.291    -492.693    -0.058
-709.311    -492.193    -0.058
-709.332    -491.694    -0.058
-709.353    -491.195    -0.058
-709.373    -490.695    -0.058
-709.394    -490.196    -0.058
-709.415    -489.696    -0.058
-709.436    -489.196    -0.058
-709.456    -488.697    -0.058
-709.480    -488.097    -0.058
-709.499    -487.597    -0.058
-709.515    -487.198    -0.058
-709.538    -486.598    -0.058
-709.558    -486.099    -0.058
-709.573    -485.699    -0.058
-709.593    -485.199    -0.058
-709.612    -484.700    -0.058
-709.635    -484.101    -0.058
-709.655    -483.601    -0.058
-709.671    -483.202    -0.058
-709.690    -482.702    -0.058
-709.713    -482.102    -0.058
-709.733    -481.603    -0.058
-709.749    -481.203    -0.058
-709.772    -480.604    -0.058
-709.791    -480.104    -0.058
-709.807    -479.704    -0.058
-709.830    -479.105    -0.057
-709.850    -478.605    -0.057
-709.865    -478.205    -0.057
-709.885    -477.706    -0.057
-709.904    -477.206    -0.057
-709.924    -476.706    -0.057
-709.947    -476.108    -0.057
-709.967    -475.608    -0.057
-709.982    -475.208    -0.057
-710.006    -474.609    -0.057
-710.025    -474.109    -0.057
-710.045    -473.510    -0.057
-710.057    -473.110    -0.057
-710.074    -472.510    -0.057
-710.087    -472.110    -0.057
-710.104    -471.611    -0.057
-710.121    -471.111    -0.057
-710.138    -470.611    -0.057
-710.155    -470.112    -0.057
-710.172    -469.612    -0.057
-710.189    -469.112    -0.057
-710.206    -468.612    -0.057
-710.223    -468.113    -0.057
-710.240    -467.613    -0.057
-710.257    -467.113    -0.057
-710.273    -466.614    -0.057
-710.291    -466.114    -0.057
-710.308    -465.614    -0.057
-710.325    -465.115    -0.057
-710.341    -464.615    -0.056
-710.358    -464.115    -0.056
-710.373    -463.615    -0.056
-710.389    -463.116    -0.056
-710.407    -462.516    -0.056
-710.419    -462.116    -0.056
-710.435    -461.616    -0.056
-710.453    -461.017    -0.056
-710.465    -460.617    -0.056
-710.483    -460.017    -0.056
-710.496    -459.617    -0.056
-710.514    -459.018    -0.056
-710.526    -458.618    -0.056
-710.541    -458.118    -0.056
-710.556    -457.619    -0.056
-710.571    -457.119    -0.056
-710.589    -456.519    -0.056
-710.603    -456.019    -0.056
-710.618    -455.520    -0.056
-710.633    -455.020    -0.056
-710.644    -454.620    -0.056
-710.659    -454.120    -0.056
-710.674    -453.621    -0.056
-710.688    -453.122    -0.056
-710.706    -452.522    -0.056
-710.720    -452.022    -0.056
-710.735    -451.523    -0.056
-710.746    -451.123    -0.056
-710.765    -450.523    -0.056
-710.777    -450.123    -0.055
-710.793    -449.624    -0.055
-710.807    -449.124    -0.055
-710.823    -448.624    -0.055
-710.839    -448.124    -0.055
-710.857    -447.525    -0.055
-710.869    -447.125    -0.055
-710.885    -446.625    -0.055
-710.901    -446.125    -0.055
-710.916    -445.626    -0.055
-710.931    -445.126    -0.055
-710.949    -444.526    -0.055
-710.962    -444.126    -0.055
-710.978    -443.627    -0.055
-710.993    -443.127    -0.055
-711.009    -442.627    -0.055
-711.027    -442.028    -0.055
-711.043    -441.528    -0.055
-711.055    -441.128    -0.055
-711.071    -440.628    -0.055
-711.087    -440.129    -0.055
-711.103    -439.629    -0.055
-711.121    -439.029    -0.055
-711.133    -438.629    -0.055
-711.149    -438.130    -0.055
-711.164    -437.630    -0.055
-711.179    -437.130    -0.055
-711.195    -436.630    -0.055
-711.213    -436.031    -0.055
-711.225    -435.631    -0.055
-711.241    -435.131    -0.054
-711.257    -434.632    -0.054
-711.273    -434.132    -0.054
-711.288    -433.632    -0.054
-711.307    -433.032    -0.054
-711.322    -432.533    -0.054
-711.338    -432.033    -0.054
-711.354    -431.533    -0.054
-711.366    -431.133    -0.054
-711.382    -430.634    -0.054
-711.398    -430.134    -0.054
-711.413    -429.634    -0.054
-711.432    -429.035    -0.054
-711.444    -428.635    -0.054
-711.460    -428.135    -0.054
-711.475    -427.635    -0.054
-711.493    -427.036    -0.054
-711.506    -426.636    -0.054
-711.522    -426.136    -0.054
-711.537    -425.636    -0.054
-711.552    -425.137    -0.054
-711.570    -424.537    -0.054
-711.583    -424.137    -0.054
-711.597    -423.637    -0.054
-711.615    -423.038    -0.054
-711.628    -422.638    -0.054
-711.643    -422.138    -0.054
-711.657    -421.638    -0.054
-711.672    -421.139    -0.054
-711.690    -420.539    -0.054
-711.703    -420.139    -0.054
-711.717    -419.639    -0.054
-711.735    -419.040    -0.053
-711.748    -418.640    -0.053
-711.763    -418.140    -0.053
-711.777    -417.640    -0.053
-711.792    -417.141    -0.053
-711.807    -416.641    -0.053
-711.822    -416.141    -0.053
-711.836    -415.641    -0.053
-711.854    -415.042    -0.053
-711.869    -414.542    -0.053
-711.884    -414.042    -0.053
-711.899    -413.544    -0.053
-711.913    -413.044    -0.053
-711.926    -412.644    -0.053
-711.940    -412.144    -0.053
-711.955    -411.645    -0.053
-711.970    -411.145    -0.053
-711.985    -410.645    -0.053
-711.999    -410.145    -0.053
-712.014    -409.646    -0.053
-712.029    -409.146    -0.053
-712.044    -408.646    -0.053
-712.062    -408.046    -0.053
-712.076    -407.547    -0.053
-712.088    -407.147    -0.053
-712.104    -406.547    -0.053
-712.117    -406.047    -0.053
-712.127    -405.647    -0.053
-712.143    -405.048    -0.053
-712.156    -404.548    -0.053
-712.166    -404.148    -0.053
-712.182    -403.548    -0.053
-712.195    -403.048    -0.052
-712.206    -402.649    -0.052
-712.222    -402.049    -0.052
-712.234    -401.549    -0.052
-712.248    -401.049    -0.052
-712.262    -400.550    -0.052
-712.272    -400.150    -0.052
-712.286    -399.650    -0.052
-712.300    -399.150    -0.052
-712.314    -398.650    -0.052
-712.331    -398.051    -0.052
-712.342    -397.651    -0.052
-712.357    -397.151    -0.052
-712.374    -396.551    -0.052
-712.389    -396.052    -0.052
-712.403    -395.552    -0.052
-712.418    -395.052    -0.052
-712.433    -394.552    -0.052
-712.447    -394.053    -0.052
-712.457    -393.653    -0.052
-712.470    -393.153    -0.052
-712.486    -392.553    -0.052
-712.499    -392.053    -0.052
-712.511    -391.554    -0.052
-712.524    -391.054    -0.052
-712.537    -390.554    -0.052
-712.550    -390.054    -0.052
-712.562    -389.555    -0.052
-712.575    -389.055    -0.052
-712.585    -388.655    -0.052
-712.604    -388.055    -0.052
-712.616    -387.655    -0.052
-712.631    -387.156    -0.052
-712.649    -386.556    -0.052
-712.663    -386.056    -0.051
-712.676    -385.656    -0.051
-712.691    -385.157    -0.051
-712.709    -384.557    -0.051
-712.721    -384.157    -0.051
-712.736    -383.657    -0.051
-712.751    -383.158    -0.051
-712.765    -382.658    -0.051
-712.780    -382.158    -0.051
-712.795    -381.658    -0.051
-712.810    -381.159    -0.051
-712.824    -380.659    -0.051
-712.839    -380.159    -0.051
-712.856    -379.559    -0.051
-712.871    -379.060    -0.051
-712.882    -378.660    -0.051
-712.899    -378.060    -0.051
-712.911    -377.660    -0.051
-712.928    -377.061    -0.051
-712.939    -376.661    -0.051
-712.956    -376.061    -0.051
-712.968    -375.661    -0.051
-712.983    -375.162    -0.051
-713.000    -374.562    -0.051
-713.014    -374.062    -0.051
-713.026    -373.662    -0.051
-713.043    -373.063    -0.051
-713.054    -372.663    -0.051
-713.071    -372.063    -0.051
-713.083    -371.663    -0.051
-713.100    -371.064    -0.051
-713.111    -370.664    -0.051
-713.126    -370.164    -0.051
-713.143    -369.564    -0.051
-713.158    -369.065    -0.051
-713.169    -368.665    -0.051
-713.186    -368.065    -0.050
-713.198    -367.665    -0.050
-713.212    -367.165    -0.050
-713.230    -366.566    -0.050
-713.241    -366.166    -0.050
-713.255    -365.666    -0.050
-713.272    -365.066    -0.050
-713.283    -364.667    -0.050
-713.298    -364.167    -0.050
-713.315    -363.567    -0.050
-713.326    -363.167    -0.050
-713.343    -362.568    -0.050
-713.355    -362.168    -0.050
-713.372    -361.568    -0.050
-713.383    -361.168    -0.050
-713.400    -360.569    -0.050
-713.412    -360.169    -0.050
-713.429    -359.569    -0.050
-713.440    -359.169    -0.050
-713.457    -358.570    -0.050
-713.469    -358.170    -0.050
-713.486    -357.570    -0.050
-713.501    -357.070    -0.050
-713.512    -356.670    -0.050
-713.529    -356.071    -0.050
-713.541    -355.671    -0.050
-713.558    -355.071    -0.050
-713.569    -354.671    -0.050
-713.584    -354.172    -0.050
-713.601    -353.572    -0.050
-713.612    -353.172    -0.050
-713.627    -352.672    -0.050
-713.644    -352.073    -0.050
-713.655    -351.673    -0.050
-713.670    -351.173    -0.050
-713.687    -350.573    -0.050
-713.699    -350.174    -0.050
-713.713    -349.674    -0.049
-713.731    -349.074    -0.049
-713.745    -348.574    -0.049
-713.757    -348.175    -0.049
-713.774    -347.575    -0.049
-713.788    -347.075    -0.049
-713.799    -346.675    -0.049
-713.816    -346.076    -0.049
-713.830    -345.576    -0.049
-713.841    -345.176    -0.049
-713.858    -344.576    -0.049
-713.872    -344.077    -0.049
-713.883    -343.677    -0.049
-713.898    -343.177    -0.049
-713.915    -342.577    -0.049
-713.927    -342.177    -0.049
-713.944    -341.578    -0.049
-713.958    -341.078    -0.049
-713.973    -340.578    -0.049
-713.985    -340.178    -0.049
-713.999    -339.679    -0.049
-714.015    -339.179    -0.049
-714.033    -338.579    -0.049
-714.046    -338.179    -0.049
-714.061    -337.681    -0.049
-714.079    -337.081    -0.049
-714.092    -336.681    -0.049
-714.108    -336.182    -0.049
-714.126    -335.582    -0.049
-714.138    -335.182    -0.049
-714.154    -334.682    -0.049
-714.170    -334.183    -0.049
-714.188    -333.583    -0.049
-714.200    -333.183    -0.049
-714.216    -332.683    -0.049
-714.231    -332.184    -0.049
-714.247    -331.684    -0.049
-714.263    -331.184    -0.049
-714.281    -330.585    -0.049
-714.293    -330.185    -0.049
-714.309    -329.685    -0.048
-714.327    -329.085    -0.048
-714.340    -328.686    -0.048
-714.358    -328.086    -0.048
-714.372    -327.586    -0.048
-714.385    -327.086    -0.048
-714.397    -326.686    -0.048
-714.410    -326.187    -0.048
-714.424    -325.687    -0.048
-714.441    -325.087    -0.048
-714.455    -324.587    -0.048
-714.469    -324.088    -0.048
-714.480    -323.688    -0.048
-714.497    -323.088    -0.048
-714.511    -322.588    -0.048
-714.522    -322.189    -0.048
-714.539    -321.589    -0.048
-714.551    -321.189    -0.048
-714.568    -320.589    -0.048
-714.579    -320.190    -0.048
-714.596    -319.590    -0.048
-714.608    -319.190    -0.048
-714.625    -318.590    -0.048
-714.636    -318.190    -0.048
-714.653    -317.591    -0.048
-714.665    -317.191    -0.048
-714.680    -316.691    -0.048
-714.697    -316.091    -0.048
-714.708    -315.692    -0.048
-714.725    -315.092    -0.048
-714.737    -314.692    -0.048
-714.754    -314.092    -0.048
-714.765    -313.693    -0.048
-714.780    -313.193    -0.048
-714.797    -312.593    -0.048
-714.812    -312.093    -0.048
-714.823    -311.694    -0.048
-714.838    -311.194    -0.048
-714.855    -310.594    -0.048
-714.866    -310.194    -0.048
-714.883    -309.595    -0.048
-714.898    -309.095    -0.048
-714.909    -308.695    -0.048
-714.927    -308.095    -0.047
-714.938    -307.696    -0.047
-714.955    -307.096    -0.047
-714.966    -306.696    -0.047
-714.984    -306.096    -0.047
-714.998    -305.597    -0.047
-715.010    -305.197    -0.047
-715.024    -304.697    -0.047
-715.039    -304.197    -0.047
-715.056    -303.598    -0.047
-715.068    -303.198    -0.047
-715.085    -302.598    -0.047
-715.099    -302.098    -0.047
-715.111    -301.698    -0.047
-715.126    -301.199    -0.047
-715.140    -300.699    -0.047
-715.157    -300.099    -0.047
-715.169    -299.699    -0.047
-715.186    -299.100    -0.047
-715.197    -298.700    -0.047
-715.214    -298.100    -0.047
-715.229    -297.600    -0.047
-715.241    -297.201    -0.047
-715.255    -296.701    -0.047
-715.272    -296.101    -0.047
-715.287    -295.601    -0.047
-715.299    -295.202    -0.047
-715.316    -294.602    -0.047
-715.327    -294.202    -0.047
-715.344    -293.602    -0.047
-715.356    -293.203    -0.047
-715.373    -292.603    -0.047
-715.387    -292.103    -0.047
-715.399    -291.703    -0.047
-715.416    -291.104    -0.047
-715.427    -290.704    -0.047
-715.442    -290.204    -0.047
-715.459    -289.604    -0.047
-715.470    -289.204    -0.047
-715.488    -288.605    -0.047
-715.502    -288.105    -0.047
-715.514    -287.705    -0.047
-715.531    -287.105    -0.047
-715.542    -286.706    -0.047
-715.557    -286.206    -0.047
-715.574    -285.606    -0.047
-715.585    -285.206    -0.046
-715.600    -284.707    -0.046
-715.617    -284.107    -0.046
-715.629    -283.707    -0.046
-715.646    -283.107    -0.046
-715.657    -282.708    -0.046
-715.674    -282.108    -0.046
-715.688    -281.608    -0.046
-715.703    -281.108    -0.046
-715.714    -280.709    -0.046
-715.731    -280.109    -0.046
-715.743    -279.709    -0.046
-715.757    -279.209    -0.046
-715.774    -278.610    -0.046
-715.786    -278.210    -0.046
-715.801    -277.710    -0.046
-715.814    -277.210    -0.046
-715.831    -276.611    -0.046
-715.843    -276.211    -0.046
-715.860    -275.611    -0.046
-715.871    -275.211    -0.046
-715.886    -274.711    -0.046
-715.903    -274.112    -0.046
-715.918    -273.612    -0.046
-715.929    -273.213    -0.046
-715.946    -272.613    -0.046
-715.958    -272.214    -0.046
-715.975    -271.614    -0.046
-715.986    -271.214    -0.046
-716.003    -270.614    -0.046
-716.015    -270.215    -0.046
-716.032    -269.615    -0.046
-716.043    -269.215    -0.046
-716.060    -268.615    -0.046
-716.072    -268.216    -0.046
-716.089    -267.616    -0.046
-716.100    -267.216    -0.046
-716.117    -266.616    -0.046
-716.129    -266.216    -0.046
-716.143    -265.717    -0.046
-716.161    -265.117    -0.046
-716.172    -264.717    -0.046
-716.189    -264.118    -0.046
-716.200    -263.718    -0.046
-716.215    -263.218    -0.046
-716.232    -262.618    -0.046
-716.244    -262.218    -0.046
-716.261    -261.619    -0.046
-716.272    -261.219    -0.046
-716.287    -260.719    -0.046
-716.304    -260.119    -0.045
-716.315    -259.720    -0.045
-716.332    -259.120    -0.045
-716.346    -258.620    -0.045
-716.358    -258.220    -0.045
-716.375    -257.621    -0.045
-716.386    -257.221    -0.045
-716.403    -256.621    -0.045
-716.418    -256.121    -0.045
-716.429    -255.722    -0.045
-716.446    -255.122    -0.045
-716.458    -254.722    -0.045
-716.473    -254.222    -0.045
-716.490    -253.623    -0.045
-716.501    -253.223    -0.045
-716.518    -252.623    -0.045
-716.530    -252.223    -0.045
-716.547    -251.623    -0.045
-716.558    -251.224    -0.045
-716.575    -250.624    -0.045
-716.587    -250.224    -0.045
-716.604    -249.624    -0.045
-716.618    -249.125    -0.045
-716.630    -248.725    -0.045
-716.647    -248.125    -0.045
-716.658    -247.725    -0.045
-716.675    -247.126    -0.045
-716.687    -246.726    -0.045
-716.700    -246.226    -0.045
-716.715    -245.726    -0.045
-716.732    -245.127    -0.045
-716.744    -244.727    -0.045
-716.761    -244.127    -0.045
-716.776    -243.627    -0.045
-716.787    -243.228    -0.045
-716.804    -242.628    -0.045
-716.815    -242.228    -0.045
-716.830    -241.728    -0.045
-716.847    -241.129    -0.045
-716.859    -240.729    -0.045
-716.876    -240.129    -0.045
-716.887    -239.729    -0.045
-716.904    -239.129    -0.045
-716.916    -238.730    -0.045
-716.933    -238.130    -0.045
-716.944    -237.730    -0.045
-716.961    -237.130    -0.045
-716.976    -236.631    -0.045
-716.987    -236.231    -0.045
-717.004    -235.631    -0.045
-717.016    -235.231    -0.045
-717.033    -234.632    -0.045
-717.044    -234.232    -0.045
-717.061    -233.632    -0.045
-717.073    -233.232    -0.045
-717.090    -232.633    -0.045
-717.101    -232.233    -0.045
-717.118    -231.633    -0.044
-717.130    -231.233    -0.044
-717.147    -230.634    -0.044
-717.162    -230.134    -0.044
-717.173    -229.734    -0.044
-717.190    -229.134    -0.044
-717.202    -228.734    -0.044
-717.219    -228.135    -0.044
-717.230    -227.735    -0.044
-717.247    -227.135    -0.044
-717.259    -226.735    -0.044
-717.276    -226.136    -0.044
-717.287    -225.736    -0.044
-717.302    -225.236    -0.044
-717.319    -224.636    -0.044
-717.334    -224.137    -0.044
-717.345    -223.737    -0.044
-717.362    -223.137    -0.044
-717.373    -222.737    -0.044
-717.391    -222.138    -0.044
-717.405    -221.638    -0.044
-717.417    -221.238    -0.044
-717.434    -220.638    -0.044
-717.445    -220.239    -0.044
-717.462    -219.639    -0.044
-717.476    -219.139    -0.044
-717.487    -218.739    -0.044
-717.505    -218.140    -0.044
-717.516    -217.740    -0.044
-717.533    -217.140    -0.044
-717.544    -216.740    -0.044
-717.559    -216.240    -0.044
-717.576    -215.641    -0.044
-717.588    -215.241    -0.044
-717.605    -214.641    -0.044
-717.616    -214.241    -0.044
-717.633    -213.642    -0.044
-717.645    -213.242    -0.044
-717.659    -212.742    -0.044
-717.676    -212.142    -0.044
-717.688    -211.743    -0.044
-717.705    -211.143    -0.044
-717.716    -210.743    -0.044
-717.733    -210.143    -0.044
-717.745    -209.744    -0.044
-717.760    -209.244    -0.044
-717.777    -208.644    -0.044
-717.788    -208.244    -0.044
-717.805    -207.645    -0.044
-717.819    -207.145    -0.044
-717.834    -206.645    -0.044
-717.845    -206.245    -0.044
-717.860    -205.745    -0.044
-717.877    -205.146    -0.044
-717.888    -204.746    -0.044
-717.905    -204.146    -0.044
-717.917    -203.746    -0.044
-717.934    -203.147    -0.044
-717.945    -202.747    -0.044
-717.960    -202.247    -0.044
-717.977    -201.647    -0.044
-717.989    -201.248    -0.044
-718.006    -200.648    -0.044
-718.017    -200.248    -0.044
-718.034    -199.648    -0.044
-718.045    -199.249    -0.043
-718.063    -198.649    -0.043
-718.074    -198.249    -0.043
-718.091    -197.649    -0.043
-718.102    -197.250    -0.043
-718.120    -196.651    -0.043
-718.131    -196.251    -0.043
-718.146    -195.751    -0.043
-718.163    -195.152    -0.043
-718.174    -194.752    -0.043
-718.191    -194.152    -0.043
-718.206    -193.652    -0.043
-718.217    -193.252    -0.043
-718.234    -192.653    -0.043
-718.246    -192.253    -0.043
-718.263    -191.653    -0.043
-718.274    -191.253    -0.043
-718.291    -190.654    -0.043
-718.303    -190.254    -0.043
-718.318    -189.754    -0.043
-718.335    -189.154    -0.043
-718.346    -188.755    -0.043
-718.363    -188.155    -0.043
-718.376    -187.755    -0.043
-718.392    -187.255    -0.043
-718.409    -186.756    -0.043
-718.426    -186.256    -0.043
-718.443    -185.756    -0.043
-718.459    -185.257    -0.043
-718.476    -184.757    -0.043
-718.493    -184.257    -0.043
-718.510    -183.758    -0.043
-718.526    -183.258    -0.043
-718.543    -182.758    -0.043
-718.561    -182.158    -0.043
-718.573    -181.759    -0.043
-718.590    -181.159    -0.043
-718.601    -180.759    -0.043
-718.616    -180.259    -0.043
-718.633    -179.660    -0.043
-718.644    -179.260    -0.043
-718.661    -178.660    -0.043
-718.673    -178.260    -0.043
-718.690    -177.661    -0.043
-718.701    -177.261    -0.043
-718.718    -176.661    -0.043
-718.730    -176.261    -0.043
-718.747    -175.662    -0.043
-718.762    -175.162    -0.043
-718.773    -174.762    -0.043
-718.790    -174.162    -0.043
-718.801    -173.762    -0.043
-718.819    -173.163    -0.043
-718.830    -172.763    -0.043
-718.847    -172.163    -0.043
-718.858    -171.763    -0.043
-718.873    -171.264    -0.043
-718.890    -170.664    -0.043
-718.902    -170.264    -0.043
-718.919    -169.664    -0.043
-718.930    -169.265    -0.043
-718.945    -168.765    -0.043
-718.962    -168.165    -0.043
-718.974    -167.765    -0.043
-718.992    -167.266    -0.043
-719.009    -166.766    -0.043
-719.026    -166.266    -0.043
-719.042    -165.767    -0.043
-719.060    -165.267    -0.043
-719.077    -164.767    -0.043
-719.095    -164.267    -0.043
-719.111    -163.768    -0.043
-719.127    -163.268    -0.043
-719.146    -162.668    -0.043
-719.160    -162.269    -0.043
-719.175    -161.769    -0.043
-719.193    -161.169    -0.043
-719.209    -160.669    -0.043
-719.222    -160.270    -0.043
-719.238    -159.670    -0.043
-719.251    -159.170    -0.042
-719.264    -158.670    -0.042
-719.275    -158.271    -0.042
-719.291    -157.671    -0.042
-719.303    -157.171    -0.042
-719.316    -156.671    -0.042
-719.326    -156.271    -0.042
-719.343    -155.672    -0.042
-719.355    -155.172    -0.042
-719.368    -154.672    -0.042
-719.381    -154.172    -0.042
-719.391    -153.772    -0.042
-719.407    -153.173    -0.042
-719.420    -152.673    -0.042
-719.433    -152.173    -0.042
-719.446    -151.673    -0.042
-719.456    -151.273    -0.042
-719.472    -150.674    -0.042
-719.485    -150.174    -0.042
-719.495    -149.774    -0.042
-719.511    -149.174    -0.042
-719.524    -148.675    -0.042
-719.538    -148.175    -0.042
-719.548    -147.775    -0.042
-719.564    -147.175    -0.042
-719.578    -146.675    -0.042
-719.588    -146.276    -0.042
-719.602    -145.776    -0.042
-719.618    -145.176    -0.042
-719.630    -144.777    -0.042
-719.647    -144.178    -0.042
-719.661    -143.678    -0.042
-719.673    -143.278    -0.042
-719.688    -142.778    -0.042
-719.702    -142.279    -0.042
-719.717    -141.779    -0.042
-719.734    -141.279    -0.042
-719.750    -140.779    -0.042
-719.766    -140.180    -0.042
-719.778    -139.680    -0.042
-719.791    -139.180    -0.042
-719.804    -138.680    -0.042
-719.817    -138.180    -0.042
-719.829    -137.681    -0.042
-719.842    -137.181    -0.042
-719.855    -136.681    -0.042
-719.868    -136.181    -0.042
-719.880    -135.681    -0.042
-719.893    -135.182    -0.042
-719.906    -134.682    -0.042
-719.919    -134.182    -0.042
-719.931    -133.682    -0.042
-719.944    -133.182    -0.042
-719.957    -132.683    -0.042
-719.970    -132.183    -0.042
-719.982    -131.683    -0.042
-719.995    -131.183    -0.042
-720.008    -130.683    -0.042
-720.021    -130.184    -0.042
-720.033    -129.684    -0.042
-720.046    -129.184    -0.042
-720.059    -128.684    -0.042
-720.071    -128.184    -0.042
-720.083    -127.685    -0.042
-720.095    -127.185    -0.042
-720.107    -126.685    -0.042
-720.120    -126.185    -0.042
-720.131    -125.685    -0.042
-720.143    -125.286    -0.042
-720.160    -124.686    -0.042
-720.175    -124.186    -0.042
-720.186    -123.786    -0.042
-720.203    -123.187    -0.042
-720.214    -122.787    -0.042
-720.228    -122.287    -0.042
-720.245    -121.687    -0.042
-720.257    -121.287    -0.042
-720.274    -120.688    -0.042
-720.285    -120.288    -0.042
-720.300    -119.788    -0.042
-720.317    -119.189    -0.042
-720.332    -118.689    -0.042
-720.343    -118.289    -0.042
-720.358    -117.789    -0.042
-720.375    -117.189    -0.042
-720.386    -116.790    -0.042
-720.403    -116.190    -0.042
-720.415    -115.790    -0.042
-720.432    -115.190    -0.042
-720.443    -114.791    -0.042
-720.460    -114.191    -0.042
-720.472    -113.791    -0.042
-720.489    -113.191    -0.042
-720.500    -112.792    -0.042
-720.517    -112.192    -0.042
-720.530    -111.592    -0.042
-720.540    -111.192    -0.042
-720.553    -110.592    -0.042
-720.562    -110.193    -0.042
-720.574    -109.693    -0.042
-720.586    -109.193    -0.042
-720.597    -108.693    -0.042
-720.608    -108.193    -0.042
-720.619    -107.793    -0.042
-720.637    -107.194    -0.042
-720.649    -106.794    -0.042
-720.665    -106.294    -0.042
-720.680    -105.794    -0.042
-720.695    -105.295    -0.042
-720.714    -104.695    -0.042
-720.726    -104.295    -0.042
-720.742    -103.796    -0.042
-720.757    -103.296    -0.042
-720.773    -102.796    -0.042
-720.789    -102.196    -0.041
-720.802    -101.697    -0.041
-720.812    -101.297    -0.041
-720.829    -100.697    -0.041
-720.841    -100.197    -0.041
-720.855    -99.697    -0.041
-720.869    -99.198    -0.041
-720.882    -98.698    -0.041
-720.896    -98.198    -0.041
-720.908    -97.798    -0.041
-720.921    -97.298    -0.041
-720.938    -96.699    -0.041
-720.952    -96.199    -0.041
-720.966    -95.699    -0.041
-720.980    -95.199    -0.041
-720.993    -94.700    -0.041
-721.007    -94.200    -0.041
-721.021    -93.700    -0.041
-721.032    -93.300    -0.041
-721.046    -92.801    -0.041
-721.060    -92.301    -0.041
-721.074    -91.801    -0.041
-721.087    -91.301    -0.041
-721.104    -90.702    -0.041
-721.118    -90.202    -0.041
-721.132    -89.702    -0.041
-721.143    -89.302    -0.041
-721.157    -88.802    -0.041
-721.174    -88.203    -0.041
-721.188    -87.703    -0.041
-721.203    -87.203    -0.041
-721.215    -86.803    -0.041
-721.233    -86.204    -0.041
-721.246    -85.804    -0.041
-721.260    -85.304    -0.041
-721.276    -84.804    -0.041
-721.294    -84.205    -0.041
-721.306    -83.805    -0.041
-721.325    -83.205    -0.041
-721.337    -82.805    -0.041
-721.354    -82.206    -0.041
-721.368    -81.706    -0.041
-721.379    -81.306    -0.041
-721.393    -80.806    -0.041
-721.409    -80.207    -0.041
-721.423    -79.707    -0.041
-721.437    -79.207    -0.041
-721.447    -78.807    -0.041
-721.463    -78.208    -0.041
-721.477    -77.708    -0.041
-721.487    -77.308    -0.041
-721.503    -76.708    -0.041
-721.517    -76.208    -0.041
-721.531    -75.709    -0.041
-721.541    -75.309    -0.041
-721.555    -74.809    -0.041
-721.571    -74.209    -0.041
-721.581    -73.809    -0.041
-721.597    -73.210    -0.041
-721.611    -72.710    -0.041
-721.622    -72.310    -0.041
-721.638    -71.710    -0.041
-721.651    -71.211    -0.041
-721.664    -70.711    -0.041
-721.678    -70.211    -0.041
-721.688    -69.811    -0.041
-721.704    -69.211    -0.041
-721.718    -68.712    -0.041
-721.729    -68.312    -0.041
-721.745    -67.712    -0.041
-721.757    -67.212    -0.041
-721.770    -66.713    -0.041
-721.783    -66.213    -0.041
-721.796    -65.713    -0.041
-721.808    -65.213    -0.041
-721.821    -64.713    -0.041
-721.832    -64.313    -0.041
-721.849    -63.714    -0.041
-721.860    -63.314    -0.041
-721.877    -62.714    -0.041
-721.892    -62.215    -0.041
-721.903    -61.815    -0.041
-721.920    -61.215    -0.041
-721.932    -60.815    -0.041
-721.947    -60.315    -0.041
-721.964    -59.716    -0.041
-721.975    -59.316    -0.041
-721.991    -58.816    -0.041
-722.006    -58.316    -0.041
-722.022    -57.817    -0.041
-722.040    -57.217    -0.041
-722.053    -56.817    -0.041
-722.068    -56.318    -0.041
-722.084    -55.818    -0.041
-722.102    -55.218    -0.041
-722.115    -54.818    -0.041
-722.130    -54.319    -0.041
-722.146    -53.820    -0.041
-722.162    -53.320    -0.041
-722.178    -52.820    -0.041
-722.193    -52.321    -0.041
-722.209    -51.821    -0.041
-722.225    -51.321    -0.041
-722.243    -50.722    -0.041
-722.255    -50.322    -0.041
-722.271    -49.822    -0.041
-722.287    -49.322    -0.041
-722.305    -48.723    -0.041
-722.317    -48.323    -0.041
-722.333    -47.823    -0.041
-722.349    -47.323    -0.041
-722.365    -46.824    -0.041
-722.383    -46.224    -0.041
-722.393    -45.824    -0.041
-722.408    -45.224    -0.041
-722.421    -44.725    -0.041
-722.433    -44.225    -0.041
-722.445    -43.725    -0.041
-722.457    -43.225    -0.041
-722.470    -42.725    -0.041
-722.479    -42.325    -0.041
-722.494    -41.726    -0.041
-722.507    -41.226    -0.041
-722.515    -40.926    -0.041
-722.541    -40.427    -0.041
-722.561    -40.027    -0.041
-722.587    -39.527    -0.041
-722.616    -38.728    -0.041
-722.628    -38.228    -0.041
-722.640    -37.728    -0.041
-722.652    -37.229    -0.041
-722.664    -36.729    -0.041
-722.676    -36.229    -0.041
-722.687    -35.729    -0.041
-722.700    -35.229    -0.041
-722.712    -34.729    -0.041
-722.724    -34.230    -0.041
-722.735    -33.730    -0.041
-722.747    -33.230    -0.041
-722.760    -32.730    -0.041
-722.772    -32.230    -0.041
-722.783    -31.731    -0.041
-722.795    -31.231    -0.041
-722.807    -30.731    -0.041
-722.820    -30.231    -0.041
-722.831    -29.731    -0.041
-722.843    -29.231    -0.041
-722.855    -28.732    -0.041
-722.867    -28.232    -0.041
-722.878    -27.732    -0.041
-722.890    -27.232    -0.041
-722.902    -26.732    -0.041
-722.914    -26.333    -0.041
-722.932    -25.733    -0.041
-722.945    -25.333    -0.041
-722.960    -24.833    -0.041
-722.976    -24.335    -0.041
-722.992    -23.835    -0.041
-723.008    -23.335    -0.041
-723.026    -22.736    -0.041
-723.038    -22.336    -0.041
-723.056    -21.736    -0.041
-723.069    -21.336    -0.041
-723.087    -20.737    -0.041
-723.099    -20.337    -0.041
-723.117    -19.737    -0.041
-723.130    -19.337    -0.041
-723.148    -18.738    -0.041
-723.159    -18.338    -0.041
-723.174    -17.838    -0.041
-723.191    -17.238    -0.041
-723.202    -16.839    -0.041
-723.219    -16.239    -0.041
-723.234    -15.739    -0.041
-723.246    -15.339    -0.041
-723.263    -14.740    -0.041
-723.274    -14.340    -0.041
-723.289    -13.840    -0.041
-723.306    -13.240    -0.041
-723.317    -12.840    -0.041
-723.334    -12.241    -0.041
-723.349    -11.741    -0.041
-723.360    -11.341    -0.041
-723.378    -10.741    -0.041
-723.389    -10.342    -0.041
-723.403    -9.842    -0.041
-723.420    -9.242    -0.041
-723.431    -8.842    -0.041
-723.446    -8.343    -0.041
-723.463    -7.743    -0.041
-723.474    -7.343    -0.041
-723.492    -6.743    -0.041
-723.503    -6.344    -0.041
-723.519    -5.744    -0.041
-723.529    -5.344    -0.041
-723.546    -4.744    -0.041
-723.559    -4.244    -0.041
-723.572    -3.745    -0.041
-723.586    -3.245    -0.041
-723.596    -2.845    -0.041
-723.612    -2.245    -0.041
-723.623    -1.846    -0.041
-723.640    -1.246    -0.041
-723.651    -0.846    -0.041
-723.668    -0.246    -0.041
-723.680    0.154    -0.041
-723.697    0.753    -0.041
-723.710    1.253    -0.041
-723.724    1.753    -0.041
-723.734    2.153    -0.041
-723.749    2.752    -0.041
-723.760    3.252    -0.041
-723.773    3.752    -0.041
-723.785    4.252    -0.041
-723.794    4.652    -0.041
-723.809    5.251    -0.041
-723.821    5.751    -0.041
-723.834    6.251    -0.041
-723.846    6.751    -0.041
-723.855    7.151    -0.041
-723.870    7.751    -0.041
-723.882    8.250    -0.041
-723.895    8.750    -0.041
-723.906    9.250    -0.041
-723.916    9.650    -0.041
-723.931    10.250    -0.041
-723.943    10.749    -0.041
-723.955    11.249    -0.041
-723.967    11.749    -0.041
-723.979    12.249    -0.041
-723.988    12.649    -0.041
-724.003    13.248    -0.041
-724.015    13.748    -0.041
-724.026    14.148    -0.041
-724.041    14.648    -0.041
-724.057    15.148    -0.041
-724.073    15.647    -0.041
-724.088    16.147    -0.041
-724.105    16.647    -0.041
-724.121    17.146    -0.041
-724.137    17.646    -0.041
-724.153    18.146    -0.041
-724.169    18.646    -0.041
-724.188    19.245    -0.041
-724.202    19.645    -0.041
-724.217    20.145    -0.041
-724.234    20.644    -0.041
-724.250    21.144    -0.041
-724.267    21.644    -0.041
-724.285    22.244    -0.041
-724.299    22.743    -0.041
-724.312    23.243    -0.041
-724.326    23.743    -0.041
-724.340    24.243    -0.041
-724.353    24.742    -0.041
-724.367    25.242    -0.041
-724.381    25.742    -0.041
-724.395    26.242    -0.041
-724.408    26.742    -0.041
-724.422    27.241    -0.041
-724.434    27.641    -0.041
-724.447    28.141    -0.041
-724.461    28.641    -0.041
-724.475    29.140    -0.041
-724.489    29.640    -0.041
-724.502    30.140    -0.041
-724.516    30.640    -0.041
-724.530    31.140    -0.041
-724.547    31.739    -0.041
-724.561    32.239    -0.041
-724.574    32.739    -0.041
-724.588    33.239    -0.041
-724.602    33.738    -0.041
-724.616    34.238    -0.041
-724.630    34.738    -0.041
-724.642    35.138    -0.041
-724.657    35.637    -0.041
-724.671    36.137    -0.041
-724.686    36.637    -0.041
-724.701    37.137    -0.041
-724.716    37.636    -0.041
-724.733    38.236    -0.041
-724.747    38.736    -0.041
-724.760    39.136    -0.041
-724.776    39.635    -0.041
-724.790    40.135    -0.041
-724.808    40.735    -0.041
-724.821    41.135    -0.041
-724.835    41.634    -0.041
-724.854    42.234    -0.041
-724.866    42.634    -0.041
-724.881    43.134    -0.041
-724.895    43.633    -0.041
-724.914    44.233    -0.041
-724.928    44.733    -0.041
-724.943    45.233    -0.041
-724.958    45.731    -0.041
-724.973    46.231    -0.041
-724.987    46.731    -0.041
-725.000    47.131    -0.041
-725.014    47.630    -0.041
-725.029    48.130    -0.041
-725.044    48.630    -0.041
-725.059    49.130    -0.041
-725.073    49.629    -0.041
-725.088    50.129    -0.041
-725.103    50.629    -0.041
-725.121    51.229    -0.041
-725.136    51.728    -0.041
-725.148    52.128    -0.041
-725.163    52.628    -0.041
-725.178    53.128    -0.041
-725.192    53.627    -0.041
-725.207    54.127    -0.041
-725.222    54.627    -0.041
-725.238    55.127    -0.041
-725.253    55.626    -0.041
-725.269    56.126    -0.041
-725.288    56.726    -0.041
-725.302    57.125    -0.041
-725.317    57.625    -0.041
-725.333    58.125    -0.041
-725.349    58.625    -0.041
-725.366    59.124    -0.041
-725.382    59.624    -0.041
-725.398    60.124    -0.041
-725.415    60.623    -0.041
-725.432    61.123    -0.041
-725.448    61.623    -0.042
-725.465    62.123    -0.042
-725.484    62.722    -0.042
-725.497    63.222    -0.042
-725.510    63.722    -0.042
-725.522    64.222    -0.042
-725.534    64.721    -0.042
-725.547    65.221    -0.042
-725.560    65.721    -0.042
-725.572    66.221    -0.042
-725.585    66.721    -0.042
-725.595    67.120    -0.042
-725.611    67.720    -0.042
-725.623    68.220    -0.042
-725.636    68.720    -0.042
-725.649    69.220    -0.042
-725.662    69.719    -0.042
-725.671    70.119    -0.042
-725.686    70.719    -0.042
-725.699    71.219    -0.042
-725.712    71.719    -0.042
-725.724    72.218    -0.042
-725.737    72.718    -0.042
-725.749    73.218    -0.042
-725.762    73.718    -0.042
-725.774    74.218    -0.042
-725.787    74.717    -0.042
-725.801    75.217    -0.042
-725.812    75.617    -0.042
-725.829    76.217    -0.042
-725.841    76.617    -0.042
-725.858    77.216    -0.042
-725.872    77.716    -0.042
-725.884    78.116    -0.042
-725.901    78.716    -0.042
-725.912    79.115    -0.042
-725.928    79.615    -0.042
-725.946    80.215    -0.042
-725.962    80.714    -0.042
-725.974    81.114    -0.042
-725.992    81.714    -0.042
-726.005    82.114    -0.042
-726.023    82.713    -0.042
-726.034    83.113    -0.042
-726.050    83.713    -0.042
-726.064    84.213    -0.042
-726.078    84.713    -0.042
-726.088    85.112    -0.042
-726.104    85.712    -0.042
-726.118    86.212    -0.042
-726.132    86.712    -0.042
-726.142    87.111    -0.042
-726.156    87.611    -0.042
-726.172    88.211    -0.042
-726.186    88.711    -0.042
-726.199    89.211    -0.042
-726.212    89.710    -0.042
-726.223    90.110    -0.042
-726.239    90.710    -0.042
-726.253    91.210    -0.042
-726.266    91.709    -0.042
-726.277    92.109    -0.042
-726.290    92.609    -0.042
-726.307    93.209    -0.042
-726.320    93.709    -0.042
-726.334    94.208    -0.042
-726.344    94.608    -0.042
-726.358    95.108    -0.042
-726.375    95.708    -0.042
-726.388    96.107    -0.042
-726.406    96.707    -0.042
-726.418    97.107    -0.042
-726.436    97.707    -0.042
-726.449    98.106    -0.042
-726.463    98.606    -0.042
-726.482    99.206    -0.042
-726.494    99.606    -0.042
-726.509    100.105    -0.042
-726.524    100.605    -0.042
-726.540    101.105    -0.042
-726.559    101.704    -0.042
-726.573    102.104    -0.042
-726.588    102.604    -0.042
-726.604    103.104    -0.042
-726.619    103.603    -0.042
-726.633    104.103    -0.042
-726.646    104.603    -0.042
-726.660    105.103    -0.042
-726.674    105.603    -0.042
-726.688    106.102    -0.042
-726.701    106.602    -0.042
-726.715    107.101    -0.042
-726.729    107.601    -0.042
-726.743    108.100    -0.042
-726.756    108.600    -0.042
-726.772    109.200    -0.042
-726.786    109.700    -0.042
-726.800    110.199    -0.042
-726.814    110.699    -0.042
-726.824    111.099    -0.042
-726.838    111.599    -0.042
-726.852    112.099    -0.042
-726.869    112.698    -0.042
-726.882    113.198    -0.042
-726.893    113.598    -0.042
-726.907    114.098    -0.042
-726.923    114.697    -0.042
-726.936    115.197    -0.042
-726.950    115.697    -0.042
-726.961    116.097    -0.042
-726.976    116.597    -0.042
-726.991    117.096    -0.042
-727.006    117.596    -0.042
-727.020    118.096    -0.042
-727.035    118.596    -0.042
-727.052    119.195    -0.043
-727.064    119.595    -0.043
-727.081    120.195    -0.043
-727.092    120.695    -0.043
-727.103    121.194    -0.043
-727.114    121.694    -0.043
-727.126    122.194    -0.043
-727.137    122.694    -0.043
-727.148    123.194    -0.043
-727.159    123.694    -0.043
-727.173    124.193    -0.043
-727.185    124.593    -0.043
-727.200    125.093    -0.043
-727.216    125.593    -0.043
-727.230    126.092    -0.043
-727.248    126.692    -0.043
-727.261    127.092    -0.043
-727.276    127.592    -0.043
-727.294    128.191    -0.043
-727.306    128.591    -0.043
-727.321    129.091    -0.043
-727.339    129.691    -0.043
-727.351    130.090    -0.043
-727.369    130.690    -0.043
-727.382    131.090    -0.043
-727.397    131.590    -0.043
-727.415    132.189    -0.043
-727.427    132.589    -0.043
-727.442    133.089    -0.043
-727.460    133.688    -0.043
-727.472    134.088    -0.043
-727.487    134.588    -0.043
-727.503    135.088    -0.043
-727.518    135.588    -0.043
-727.533    136.087    -0.043
-727.550    136.587    -0.043
-727.566    137.087    -0.043
-727.583    137.586    -0.043
-727.598    138.086    -0.043
-727.615    138.586    -0.043
-727.631    139.086    -0.043
-727.648    139.585    -0.043
-727.663    140.085    -0.043
-727.680    140.585    -0.043
-727.696    141.084    -0.043
-727.711    141.584    -0.043
-727.727    142.084    -0.043
-727.743    142.584    -0.043
-727.759    143.083    -0.043
-727.774    143.583    -0.043
-727.790    144.083    -0.043
-727.808    144.682    -0.043
-727.822    145.182    -0.043
-727.836    145.682    -0.043
-727.850    146.182    -0.043
-727.863    146.682    -0.043
-727.877    147.181    -0.043
-727.891    147.681    -0.043
-727.905    148.181    -0.043
-727.918    148.681    -0.043
-727.932    149.180    -0.043
-727.946    149.680    -0.043
-727.960    150.180    -0.043
-727.973    150.680    -0.043
-727.987    151.179    -0.043
-727.998    151.579    -0.043
-728.012    152.079    -0.043
-728.029    152.679    -0.043
-728.043    153.179    -0.043
-728.057    153.678    -0.043
-728.070    154.178    -0.043
-728.084    154.678    -0.043
-728.098    155.178    -0.043
-728.112    155.677    -0.043
-728.122    156.077    -0.043
-728.136    156.577    -0.043
-728.152    157.177    -0.043
-728.166    157.677    -0.043
-728.179    158.176    -0.043
-728.190    158.576    -0.043
-728.204    159.076    -0.044
-728.220    159.676    -0.044
-728.233    160.175    -0.044
-728.247    160.675    -0.044
-728.261    161.075    -0.044
-728.276    161.575    -0.044
-728.292    162.074    -0.044
-728.309    162.574    -0.044
-728.325    163.074    -0.044
-728.344    163.674    -0.044
-728.355    164.073    -0.044
-728.369    164.573    -0.044
-728.386    165.173    -0.044
-728.400    165.673    -0.044
-728.411    166.072    -0.044
-728.425    166.571    -0.044
-728.438    167.071    -0.044
-728.456    167.671    -0.044
-728.469    168.170    -0.044
-728.483    168.670    -0.044
-728.497    169.170    -0.044
-728.511    169.670    -0.044
-728.522    170.070    -0.044
-728.539    170.669    -0.044
-728.553    171.169    -0.044
-728.564    171.569    -0.044
-728.578    172.069    -0.044
-728.595    172.668    -0.044
-728.609    173.168    -0.044
-728.623    173.668    -0.044
-728.636    174.168    -0.044
-728.650    174.667    -0.044
-728.664    175.167    -0.044
-728.675    175.567    -0.044
-728.692    176.167    -0.044
-728.706    176.667    -0.044
-728.720    177.166    -0.044
-728.731    177.566    -0.044
-728.748    178.166    -0.044
-728.762    178.666    -0.044
-728.776    179.165    -0.044
-728.789    179.665    -0.044
-728.803    180.165    -0.044
-728.817    180.665    -0.044
-728.828    181.064    -0.044
-728.842    181.564    -0.044
-728.859    182.164    -0.044
-728.873    182.664    -0.044
-728.884    183.064    -0.044
-728.901    183.663    -0.044
-728.913    184.163    -0.044
-728.925    184.663    -0.044
-728.938    185.163    -0.044
-728.949    185.663    -0.044
-728.961    186.162    -0.044
-728.973    186.662    -0.044
-728.985    187.162    -0.044
-728.997    187.662    -0.044
-729.009    188.162    -0.044
-729.021    188.661    -0.044
-729.034    189.161    -0.044
-729.045    189.661    -0.044
-729.057    190.161    -0.044
-729.069    190.661    -0.044
-729.082    191.160    -0.044
-729.093    191.660    -0.045
-729.105    192.160    -0.045
-729.117    192.660    -0.045
-729.129    193.160    -0.045
-729.140    193.660    -0.045
-729.153    194.159    -0.045
-729.165    194.659    -0.045
-729.177    195.159    -0.045
-729.189    195.559    -0.045
-729.207    196.058    -0.045
-729.225    196.558    -0.045
-729.242    197.058    -0.045
-729.260    197.558    -0.045
-729.278    198.057    -0.045
-729.295    198.557    -0.045
-729.313    199.057    -0.045
-729.331    199.556    -0.045
-729.349    200.056    -0.045
-729.362    200.456    -0.045
-729.380    200.955    -0.045
-729.402    201.555    -0.045
-729.420    202.055    -0.045
-729.437    202.554    -0.045
-729.455    203.054    -0.045
-729.472    203.654    -0.045
-729.486    204.153    -0.045
-729.496    204.553    -0.045
-729.513    205.153    -0.045
-729.526    205.653    -0.045
-729.537    206.053    -0.045
-729.550    206.552    -0.045
-729.564    207.052    -0.045
-729.580    207.652    -0.045
-729.594    208.152    -0.045
-729.608    208.652    -0.045
-729.620    209.151    -0.045
-729.634    209.651    -0.045
-729.645    210.051    -0.045
-729.661    210.651    -0.045
-729.674    211.150    -0.045
-729.688    211.650    -0.045
-729.702    212.150    -0.045
-729.712    212.550    -0.045
-729.726    213.050    -0.045
-729.742    213.649    -0.045
-729.756    214.149    -0.045
-729.766    214.549    -0.045
-729.782    215.149    -0.045
-729.796    215.648    -0.045
-729.811    216.148    -0.045
-729.826    216.648    -0.045
-729.840    217.148    -0.045
-729.852    217.547    -0.045
-729.867    218.047    -0.045
-729.881    218.547    -0.045
-729.896    219.047    -0.045
-729.911    219.546    -0.046
-729.926    220.046    -0.046
-729.941    220.546    -0.046
-729.960    221.146    -0.046
-729.974    221.545    -0.046
-729.991    222.045    -0.046
-730.007    222.545    -0.046
-730.026    223.143    -0.046
-730.040    223.543    -0.046
-730.056    224.143    -0.046
-730.070    224.643    -0.046
-730.083    225.143    -0.046
-730.097    225.642    -0.046
-730.111    226.142    -0.046
-730.125    226.642    -0.046
-730.138    227.142    -0.046
-730.152    227.641    -0.046
-730.166    228.141    -0.046
-730.180    228.641    -0.046
-730.193    229.141    -0.046
-730.207    229.640    -0.046
-730.221    230.140    -0.046
-730.232    230.540    -0.046
-730.248    231.140    -0.046
-730.262    231.640    -0.046
-730.276    232.139    -0.046
-730.290    232.639    -0.046
-730.303    233.139    -0.046
-730.317    233.639    -0.046
-730.331    234.138    -0.046
-730.344    234.638    -0.046
-730.358    235.138    -0.046
-730.372    235.638    -0.046
-730.385    236.138    -0.046
-730.396    236.637    -0.046
-730.409    237.137    -0.046
-730.422    237.637    -0.046
-730.431    238.037    -0.046
-730.444    238.537    -0.046
-730.460    239.136    -0.046
-730.473    239.536    -0.046
-730.491    240.136    -0.046
-730.503    240.536    -0.046
-730.518    241.035    -0.046
-730.536    241.635    -0.046
-730.551    242.135    -0.046
-730.561    242.535    -0.046
-730.575    243.034    -0.046
-730.591    243.634    -0.046
-730.604    244.134    -0.046
-730.616    244.634    -0.047
-730.629    245.134    -0.047
-730.639    245.533    -0.047
-730.654    246.133    -0.047
-730.666    246.633    -0.047
-730.679    247.133    -0.047
-730.689    247.533    -0.047
-730.704    248.132    -0.047
-730.716    248.632    -0.047
-730.726    249.032    -0.047
-730.741    249.632    -0.047
-730.754    250.132    -0.047
-730.766    250.631    -0.047
-730.779    251.131    -0.047
-730.792    251.631    -0.047
-730.801    252.031    -0.047
-730.816    252.631    -0.047
-730.829    253.130    -0.047
-730.842    253.630    -0.047
-730.855    254.130    -0.047
-730.867    254.630    -0.047
-730.877    255.030    -0.047
-730.891    255.529    -0.047
-730.909    256.029    -0.047
-730.926    256.529    -0.047
-730.944    257.028    -0.047
-730.961    257.528    -0.047
-730.979    258.028    -0.047
-730.996    258.528    -0.047
-731.014    259.027    -0.047
-731.031    259.527    -0.047
-731.052    260.127    -0.047
-731.063    260.526    -0.047
-731.077    261.026    -0.047
-731.094    261.626    -0.047
-731.108    262.126    -0.047
-731.119    262.525    -0.047
-731.133    263.025    -0.047
-731.150    263.625    -0.047
-731.163    264.125    -0.047
-731.174    264.524    -0.047
-731.188    265.024    -0.047
-731.201    265.524    -0.047
-731.217    266.124    -0.047
-731.231    266.624    -0.047
-731.245    267.123    -0.047
-731.259    267.623    -0.048
-731.269    268.023    -0.048
-731.283    268.523    -0.048
-731.297    269.022    -0.048
-731.313    269.622    -0.048
-731.326    270.122    -0.048
-731.340    270.622    -0.048
-731.354    271.122    -0.048
-731.368    271.621    -0.048
-731.381    272.121    -0.048
-731.395    272.621    -0.048
-731.409    273.121    -0.048
-731.423    273.620    -0.048
-731.436    274.120    -0.048
-731.450    274.620    -0.048
-731.464    275.120    -0.048
-731.474    275.520    -0.048
-731.491    276.019    -0.048
-731.508    276.519    -0.048
-731.526    277.019    -0.048
-731.543    277.518    -0.048
-731.561    278.018    -0.048
-731.574    278.418    -0.048
-731.596    279.017    -0.048
-731.613    279.517    -0.048
-731.631    280.017    -0.048
-731.651    280.616    -0.048
-731.665    281.116    -0.048
-731.679    281.616    -0.048
-731.689    282.016    -0.048
-731.703    282.515    -0.048
-731.719    283.114    -0.048
-731.733    283.614    -0.048
-731.746    284.114    -0.048
-731.760    284.614    -0.048
-731.770    285.013    -0.048
-731.784    285.513    -0.048
-731.800    286.113    -0.048
-731.814    286.613    -0.048
-731.828    287.112    -0.048
-731.838    287.512    -0.048
-731.854    288.112    -0.048
-731.868    288.612    -0.048
-731.878    289.012    -0.049
-731.895    289.611    -0.049
-731.908    290.111    -0.049
-731.922    290.611    -0.049
-731.936    291.111    -0.049
-731.946    291.511    -0.049
-731.960    292.010    -0.049
-731.974    292.510    -0.049
-731.990    293.110    -0.049
-732.003    293.610    -0.049
-732.017    294.109    -0.049
-732.031    294.609    -0.049
-732.041    295.009    -0.049
-732.055    295.509    -0.049
-732.071    296.008    -0.049
-732.089    296.508    -0.049
-732.105    297.008    -0.049
-732.122    297.508    -0.049
-732.140    298.007    -0.049
-732.157    298.507    -0.049
-732.173    299.007    -0.049
-732.191    299.506    -0.049
-732.208    300.006    -0.049
-732.225    300.506    -0.049
-732.242    301.005    -0.049
-732.259    301.505    -0.049
-732.276    302.005    -0.049
-732.293    302.505    -0.049
-732.309    303.004    -0.049
-732.326    303.504    -0.049
-732.343    304.104    -0.049
-732.355    304.503    -0.049
-732.372    305.103    -0.049
-732.385    305.603    -0.049
-732.399    306.103    -0.049
-732.413    306.603    -0.049
-732.427    307.102    -0.049
-732.438    307.502    -0.049
-732.452    308.002    -0.049
-732.465    308.502    -0.049
-732.479    309.001    -0.050
-732.493    309.501    -0.050
-732.507    310.001    -0.050
-732.520    310.501    -0.050
-732.534    311.001    -0.050
-732.548    311.500    -0.050
-732.562    312.000    -0.050
-732.575    312.500    -0.050
-732.593    313.100    -0.050
-732.606    313.599    -0.050
-732.620    314.099    -0.050
-732.634    314.599    -0.050
-732.648    315.099    -0.050
-732.661    315.598    -0.050
-732.673    315.998    -0.050
-732.692    316.598    -0.050
-732.705    316.998    -0.050
-732.721    317.497    -0.050
-732.737    317.997    -0.050
-732.752    318.497    -0.050
-732.768    318.997    -0.050
-732.787    319.596    -0.050
-732.801    319.996    -0.050
-732.816    320.496    -0.050
-732.832    320.995    -0.050
-732.848    321.495    -0.050
-732.867    322.095    -0.050
-732.880    322.495    -0.050
-732.896    322.994    -0.050
-732.915    323.594    -0.050
-732.929    323.994    -0.050
-732.945    324.593    -0.050
-732.957    325.093    -0.050
-732.968    325.493    -0.050
-732.984    326.093    -0.050
-732.997    326.593    -0.050
-733.009    327.092    -0.050
-733.020    327.492    -0.051
-733.036    328.092    -0.051
-733.049    328.592    -0.051
-733.062    329.092    -0.051
-733.075    329.591    -0.051
-733.086    329.991    -0.051
-733.102    330.591    -0.051
-733.114    331.091    -0.051
-733.128    331.591    -0.051
-733.141    332.090    -0.051
-733.151    332.490    -0.051
-733.167    333.090    -0.051
-733.180    333.590    -0.051
-733.193    334.089    -0.051
-733.203    334.489    -0.051
-733.216    334.989    -0.051
-733.232    335.589    -0.051
-733.246    335.989    -0.051
-733.262    336.487    -0.051
-733.279    336.987    -0.051
-733.296    337.487    -0.051
-733.312    337.986    -0.051
-733.326    338.386    -0.051
-733.347    338.986    -0.051
-733.364    339.486    -0.051
-733.377    339.885    -0.051
-733.398    340.485    -0.051
-733.415    341.085    -0.051
-733.427    341.684    -0.051
-733.436    342.084    -0.051
-733.446    342.584    -0.051
-733.458    343.184    -0.051
-733.466    343.584    -0.051
-733.481    344.084    -0.051
-733.493    344.483    -0.051
-733.511    345.083    -0.051
-733.524    345.483    -0.052
-733.539    345.983    -0.052
-733.554    346.482    -0.052
-733.570    346.982    -0.052
-733.588    347.582    -0.052
-733.600    347.982    -0.052
-733.616    348.481    -0.052
-733.632    348.981    -0.052
-733.650    349.581    -0.052
-733.662    349.981    -0.052
-733.680    350.580    -0.052
-733.693    350.980    -0.052
-733.711    351.580    -0.052
-733.723    351.979    -0.052
-733.741    352.579    -0.052
-733.754    352.979    -0.052
-733.770    353.479    -0.052
-733.784    353.978    -0.052
-733.800    354.478    -0.052
-733.815    354.978    -0.052
-733.833    355.578    -0.052
-733.847    356.077    -0.052
-733.860    356.577    -0.052
-733.874    357.077    -0.052
-733.888    357.577    -0.052
-733.902    358.076    -0.052
-733.915    358.576    -0.052
-733.929    359.076    -0.052
-733.943    359.576    -0.052
-733.957    360.076    -0.052
-733.970    360.575    -0.052
-733.984    360.975    -0.052
-734.001    361.475    -0.052
-734.017    361.975    -0.052
-734.034    362.474    -0.053
-734.051    362.974    -0.053
-734.068    363.474    -0.053
-734.084    364.073    -0.053
-734.094    364.473    -0.053
-734.110    365.073    -0.053
-734.120    365.473    -0.053
-734.137    366.072    -0.053
-734.147    366.472    -0.053
-734.163    367.072    -0.053
-734.177    367.572    -0.053
-734.187    367.972    -0.053
-734.203    368.571    -0.053
-734.217    369.071    -0.053
-734.227    369.471    -0.053
-734.244    370.071    -0.053
-734.257    370.571    -0.053
-734.268    370.970    -0.053
-734.284    371.570    -0.053
-734.298    372.070    -0.053
-734.308    372.470    -0.053
-734.324    373.069    -0.053
-734.338    373.569    -0.053
-734.348    373.969    -0.053
-734.364    374.569    -0.053
-734.375    374.969    -0.053
-734.391    375.568    -0.053
-734.405    376.068    -0.053
-734.416    376.468    -0.053
-734.430    376.968    -0.053
-734.443    377.467    -0.053
-734.461    378.067    -0.053
-734.474    378.567    -0.054
-734.488    379.067    -0.054
-734.502    379.567    -0.054
-734.513    379.966    -0.054
-734.529    380.566    -0.054
-734.542    381.066    -0.054
-734.555    381.566    -0.054
-734.567    382.065    -0.054
-734.577    382.465    -0.054
-734.592    383.065    -0.054
-734.602    383.465    -0.054
-734.617    383.965    -0.054
-734.632    384.464    -0.054
-734.647    384.964    -0.054
-734.665    385.564    -0.054
-734.679    386.064    -0.054
-734.694    386.563    -0.054
-734.709    387.063    -0.054
-734.721    387.463    -0.054
-734.736    387.963    -0.054
-734.751    388.462    -0.054
-734.768    389.062    -0.054
-734.783    389.562    -0.054
-734.797    390.062    -0.054
-734.809    390.460    -0.054
-734.824    390.960    -0.054
-734.842    391.560    -0.054
-734.856    392.060    -0.054
-734.871    392.559    -0.054
-734.886    393.059    -0.054
-734.901    393.559    -0.054
-734.913    393.959    -0.054
-734.928    394.458    -0.055
-734.942    394.958    -0.055
-734.957    395.458    -0.055
-734.974    396.158    -0.055
-734.983    396.557    -0.055
-734.996    397.157    -0.055
-735.006    397.557    -0.055
-735.019    398.157    -0.055
-735.028    398.557    -0.055
-735.041    399.157    -0.055
-735.051    399.556    -0.055
-735.061    399.856    -0.055
-735.083    400.456    -0.055
-735.100    400.956    -0.055
-735.118    401.455    -0.055
-735.136    401.955    -0.055
-735.154    402.455    -0.055
-735.171    402.954    -0.055
-735.192    403.554    -0.055
-735.202    404.054    -0.055
-735.214    404.554    -0.055
-735.225    405.053    -0.055
-735.237    405.553    -0.055
-735.247    406.053    -0.055
-735.259    406.553    -0.055
-735.270    407.053    -0.055
-735.283    407.653    -0.055
-735.292    408.052    -0.055
-735.303    408.552    -0.055
-735.316    409.152    -0.055
-735.325    409.552    -0.056
-735.336    410.052    -0.056
-735.348    410.552    -0.056
-735.359    411.051    -0.056
-735.370    411.551    -0.056
-735.381    412.051    -0.056
-735.393    412.551    -0.056
-735.404    413.051    -0.056
-735.415    413.551    -0.056
-735.426    414.050    -0.056
-735.438    414.550    -0.056
-735.449    415.050    -0.056
-735.458    415.450    -0.056
-735.474    415.950    -0.056
-735.493    416.549    -0.056
-735.506    416.949    -0.056
-735.522    417.449    -0.056
-735.538    417.949    -0.056
-735.555    418.448    -0.056
-735.570    418.948    -0.056
-735.586    419.448    -0.056
-735.605    420.047    -0.056
-735.619    420.447    -0.056
-735.634    420.947    -0.056
-735.653    421.547    -0.056
-735.667    421.946    -0.056
-735.683    422.446    -0.056
-735.699    422.946    -0.056
-735.715    423.445    -0.056
-735.731    423.945    -0.057
-735.745    424.445    -0.057
-735.762    425.045    -0.057
-735.775    425.544    -0.057
-735.789    426.044    -0.057
-735.803    426.544    -0.057
-735.817    427.044    -0.057
-735.828    427.444    -0.057
-735.842    427.943    -0.057
-735.859    428.543    -0.057
-735.873    429.043    -0.057
-735.884    429.443    -0.057
-735.898    429.942    -0.057
-735.915    430.542    -0.057
-735.929    431.042    -0.057
-735.940    431.442    -0.057
-735.954    431.942    -0.057
-735.971    432.541    -0.057
-735.985    433.041    -0.057
-735.996    433.441    -0.057
-736.010    433.941    -0.057
-736.027    434.540    -0.057
-736.041    435.040    -0.057
-736.052    435.440    -0.057
-736.066    435.940    -0.057
-736.079    436.439    -0.057
-736.093    436.939    -0.057
-736.107    437.439    -0.057
-736.124    438.039    -0.058
-736.138    438.538    -0.058
-736.148    438.938    -0.058
-736.162    439.438    -0.058
-736.176    439.938    -0.058
-736.189    440.438    -0.058
-736.203    440.937    -0.058
-736.217    441.437    -0.058
-736.231    441.937    -0.058
-736.244    442.437    -0.058
-736.261    443.036    -0.058
-736.275    443.536    -0.058
-736.289    444.036    -0.058
-736.303    444.536    -0.058
-736.316    445.036    -0.058
-736.330    445.535    -0.058
-736.344    446.035    -0.058
-736.358    446.535    -0.058
-736.371    447.035    -0.058
-736.385    447.534    -0.058
-736.399    448.034    -0.058
-736.413    448.534    -0.058
-736.426    449.034    -0.058
-736.438    449.434    -0.058
-736.452    449.933    -0.058
-736.465    450.433    -0.058
-736.479    450.933    -0.058
-736.493    451.433    -0.058
-736.507    451.932    -0.059
-736.520    452.432    -0.059
-736.534    452.932    -0.059
-736.548    453.432    -0.059
-736.565    454.031    -0.059
-736.579    454.531    -0.059
-736.592    455.031    -0.059
-736.606    455.531    -0.059
-736.619    455.931    -0.059
-736.634    456.429    -0.059
-736.650    456.929    -0.059
-736.668    457.529    -0.059
-736.681    457.928    -0.059
-736.696    458.428    -0.059
-736.712    458.928    -0.059
-736.728    459.428    -0.059
-736.746    460.027    -0.059
-736.758    460.427    -0.059
-736.774    460.927    -0.059
-736.790    461.427    -0.059
-736.805    461.926    -0.059
-736.821    462.426    -0.059
-736.837    462.926    -0.059
-736.853    463.425    -0.059
-736.866    463.925    -0.059
-736.880    464.425    -0.059
-736.894    464.925    -0.060
-736.908    465.425    -0.060
-736.921    465.924    -0.060
-736.935    466.424    -0.060
-736.952    467.024    -0.060
-736.966    467.524    -0.060
-736.980    468.023    -0.060
-736.991    468.423    -0.060
-737.005    468.923    -0.060
-737.019    469.423    -0.060
-737.032    469.923    -0.060
-737.046    470.422    -0.060
-737.060    470.922    -0.060
-737.074    471.422    -0.060
-737.091    472.022    -0.060
-737.104    472.521    -0.060
-737.118    473.021    -0.060
-737.130    473.421    -0.060
-737.143    473.921    -0.060
-737.160    474.520    -0.060
-737.174    475.020    -0.060
-737.188    475.520    -0.060
-737.199    475.920    -0.060
-737.217    476.519    -0.060
-737.230    476.919    -0.060
-737.246    477.419    -0.060
-737.260    477.919    -0.061
-737.276    478.418    -0.061
-737.294    479.018    -0.061
-737.307    479.418    -0.061
-737.325    480.018    -0.061
-737.337    480.417    -0.061
-737.353    480.917    -0.061
-737.368    481.417    -0.061
-737.383    481.917    -0.061
-737.401    482.516    -0.061
-737.414    482.916    -0.061
-737.432    483.516    -0.061
-737.444    483.916    -0.061
-737.460    484.415    -0.061
-737.476    484.915    -0.061
-737.491    485.415    -0.061
-737.506    485.914    -0.061
-737.522    486.414    -0.061
-737.540    487.014    -0.061
-737.553    487.414    -0.061
-737.568    487.913    -0.061
-737.586    488.513    -0.061
-737.599    488.913    -0.061
-737.615    489.413    -0.061
-737.633    490.012    -0.061
-737.645    490.412    -0.062
-737.661    490.912    -0.062
-737.676    491.412    -0.062
-737.691    491.911    -0.062
-737.707    492.411    -0.062
-737.723    492.911    -0.062
-737.741    493.510    -0.062
-737.753    493.910    -0.062
-737.769    494.410    -0.062
-737.787    495.010    -0.062
-737.799    495.409    -0.062
-737.818    496.009    -0.062
-737.829    496.409    -0.062
-737.846    497.009    -0.062
-737.861    497.508    -0.062
-737.872    497.908    -0.062
-737.887    498.408    -0.062
-737.904    499.008    -0.062
-737.915    499.407    -0.062
-737.930    499.907    -0.062
-737.947    500.507    -0.062
-737.962    501.007    -0.062
-737.973    501.406    -0.062
-737.991    502.006    -0.062
-738.002    502.406    -0.062
-738.019    503.006    -0.063
-738.033    503.505    -0.063
-738.043    503.905    -0.063
-738.059    504.505    -0.063
-738.072    505.005    -0.063
-738.085    505.505    -0.063
-738.095    505.904    -0.063
-738.111    506.504    -0.063
-738.122    506.904    -0.063
-738.138    507.504    -0.063
-738.148    507.904    -0.063
-738.164    508.503    -0.063
-738.177    509.003    -0.063
-738.190    509.503    -0.063
-738.200    509.903    -0.063
-738.216    510.503    -0.063
-738.229    511.002    -0.063
-738.242    511.502    -0.063
-738.252    511.902    -0.063
-738.268    512.501    -0.063
-738.281    513.000    -0.063
-738.291    513.400    -0.063
-738.307    514.000    -0.063
-738.320    514.500    -0.063
-738.334    515.000    -0.064
-738.344    515.399    -0.064
-738.358    515.899    -0.064
-738.372    516.399    -0.064
-738.386    516.899    -0.064
-738.399    517.399    -0.064
-738.413    517.898    -0.064
-738.430    518.498    -0.064
-738.444    518.998    -0.064
-738.455    519.398    -0.064
-738.469    519.897    -0.064
-738.486    520.497    -0.064
-738.500    520.997    -0.064
-738.511    521.397    -0.064
-738.525    521.896    -0.064
-738.542    522.496    -0.064
-738.556    522.996    -0.064
-738.567    523.396    -0.064
-738.585    523.995    -0.064
-738.598    524.395    -0.064
-738.612    524.895    -0.064
-738.628    525.395    -0.064
-738.643    525.894    -0.064
-738.661    526.494    -0.065
-738.676    526.994    -0.065
-738.688    527.394    -0.065
-738.703    527.893    -0.065
-738.718    528.393    -0.065
-738.736    528.993    -0.065
-738.751    529.493    -0.065
-738.763    529.892    -0.065
-738.778    530.392    -0.065
-738.793    530.892    -0.065
-738.808    531.392    -0.065
-738.826    531.991    -0.065
-738.839    532.391    -0.065
-738.853    532.891    -0.065
-738.872    533.491    -0.065
-738.884    533.890    -0.065
-738.899    534.390    -0.065
-738.917    534.990    -0.065
-738.928    535.390    -0.065
-738.943    535.989    -0.065
-738.956    536.489    -0.065
-738.969    536.989    -0.065
-738.981    537.489    -0.065
-738.994    537.989    -0.066
-739.007    538.488    -0.066
-739.019    538.988    -0.066
-739.031    539.488    -0.066
-739.044    539.988    -0.066
-739.056    540.488    -0.066
-739.069    540.987    -0.066
-739.081    541.487    -0.066
-739.091    541.887    -0.066
-739.106    542.487    -0.066
-739.119    542.987    -0.066
-739.131    543.486    -0.066
-739.142    543.886    -0.066
-739.157    544.386    -0.066
-739.175    544.986    -0.066
-739.189    545.485    -0.066
-739.202    545.885    -0.066
-739.217    546.385    -0.066
-739.235    546.985    -0.066
-739.249    547.484    -0.066
-739.262    547.884    -0.066
-739.277    548.384    -0.066
-739.295    548.984    -0.066
-739.309    549.483    -0.067
-739.322    549.883    -0.067
-739.337    550.383    -0.067
-739.351    550.883    -0.067
-739.366    551.382    -0.067
-739.381    551.882    -0.067
-739.396    552.382    -0.067
-739.410    552.882    -0.067
-739.428    553.481    -0.067
-739.441    553.881    -0.067
-739.456    554.381    -0.067
-739.470    554.881    -0.067
-739.488    555.480    -0.067
-739.502    555.980    -0.067
-739.513    556.380    -0.067
-739.529    556.980    -0.067
-739.542    557.479    -0.067
-739.553    557.879    -0.067
-739.569    558.479    -0.067
-739.583    558.979    -0.067
-739.593    559.379    -0.067
-739.609    559.978    -0.067
-739.623    560.478    -0.068
-739.633    560.878    -0.068
-739.649    561.478    -0.068
-739.663    561.977    -0.068
-739.673    562.377    -0.068
-739.690    562.977    -0.068
-739.703    563.477    -0.068
-739.714    563.877    -0.068
-739.730    564.476    -0.068
-739.745    564.976    -0.068
-739.756    565.376    -0.068
-739.771    565.876    -0.068
-739.785    566.375    -0.068
-739.803    566.975    -0.068
-739.817    567.475    -0.068
-739.829    567.875    -0.068
-739.843    568.374    -0.068
-739.861    568.974    -0.068
-739.872    569.374    -0.068
-739.887    569.874    -0.068
-739.904    570.473    -0.068
-739.915    570.873    -0.068
-739.930    571.373    -0.069
-739.947    571.973    -0.069
-739.958    572.373    -0.069
-739.973    572.872    -0.069
-739.990    573.472    -0.069
-740.005    573.972    -0.069
-740.016    574.372    -0.069
-740.031    574.871    -0.069
-740.046    575.371    -0.069
-740.063    575.971    -0.069
-740.078    576.471    -0.069
-740.089    576.870    -0.069
-740.104    577.370    -0.069
-740.121    577.970    -0.069
-740.132    578.370    -0.069
-740.147    578.869    -0.069
-740.164    579.469    -0.069
-740.179    579.969    -0.069
-740.190    580.369    -0.069
-740.205    580.868    -0.069
-740.220    581.368    -0.069
-740.237    581.968    -0.070
-740.252    582.468    -0.070
-740.263    582.867    -0.070
-740.278    583.367    -0.070
-740.295    583.967    -0.070
-740.306    584.367    -0.070
-740.321    584.866    -0.070
-740.338    585.466    -0.070
-740.350    585.866    -0.070
-740.364    586.366    -0.070
-740.381    586.965    -0.070
-740.393    587.365    -0.070
-740.408    587.864    -0.070
-740.425    588.464    -0.070
-740.439    588.963    -0.070
-740.451    589.363    -0.070
-740.466    589.863    -0.070
-740.480    590.363    -0.070
-740.497    590.962    -0.070
-740.512    591.462    -0.070
-740.523    591.862    -0.070
-740.538    592.362    -0.071
-740.555    592.961    -0.071
-740.567    593.361    -0.071
-740.581    593.861    -0.071
-740.599    594.461    -0.071
-740.610    594.861    -0.071
-740.625    595.360    -0.071
-740.642    595.960    -0.071
-740.653    596.360    -0.071
-740.668    596.860    -0.071
-740.685    597.459    -0.071
-740.700    597.959    -0.071
-740.711    598.359    -0.071
-740.726    598.859    -0.071
-740.741    599.358    -0.071
-740.758    599.958    -0.071
-740.773    600.458    -0.071
-740.784    600.858    -0.071
-740.799    601.357    -0.071
-740.816    601.957    -0.071
-740.827    602.357    -0.072
-740.842    602.857    -0.072
-740.859    603.456    -0.072
-740.870    603.856    -0.072
-740.885    604.356    -0.072
-740.902    604.956    -0.072
-740.914    605.355    -0.072
-740.928    605.855    -0.072
-740.945    606.455    -0.072
-740.960    606.955    -0.072
-740.972    607.354    -0.072
-740.986    607.854    -0.072
-741.001    608.354    -0.072
-741.018    608.954    -0.072
-741.033    609.453    -0.072
-741.044    609.853    -0.072
-741.059    610.353    -0.072
-741.076    610.953    -0.072
-741.088    611.353    -0.072
-741.102    611.852    -0.072
-741.119    612.452    -0.072
-741.133    612.952    -0.073
-741.144    613.452    -0.073
-741.155    613.951    -0.073
-741.166    614.451    -0.073
-741.177    614.951    -0.073
-741.188    615.451    -0.073
-741.200    615.951    -0.073
-741.210    616.451    -0.073
-741.221    616.950    -0.073
-741.232    617.450    -0.073
-741.243    617.950    -0.073
-741.256    618.550    -0.073
-741.265    618.950    -0.073
-741.276    619.450    -0.073
-741.287    619.950    -0.073
-741.298    620.449    -0.073
-741.309    620.949    -0.073
-741.320    621.449    -0.073
-741.332    621.949    -0.073
-741.342    622.449    -0.073
-741.353    622.949    -0.074
-741.364    623.448    -0.074
-741.375    623.948    -0.074
-741.388    624.548    -0.074
-741.397    624.948    -0.074
-741.408    625.448    -0.074
-741.419    625.948    -0.074
-741.430    626.447    -0.074
-741.441    626.947    -0.074
-741.452    627.447    -0.074
-741.464    627.947    -0.074
-741.474    628.447    -0.074
-741.485    628.947    -0.074
-741.496    629.446    -0.074
-741.507    629.946    -0.074
-741.520    630.546    -0.074
-741.529    630.946    -0.074
-741.540    631.446    -0.074
-741.551    631.946    -0.074
-741.562    632.445    -0.075
-741.573    632.945    -0.075
-741.584    633.445    -0.075
-741.596    633.945    -0.075
-741.606    634.445    -0.075
-741.617    634.945    -0.075
-741.628    635.444    -0.075
-741.639    635.944    -0.075
-741.652    636.544    -0.075
-741.661    636.944    -0.075
-741.672    637.444    -0.075
-741.683    637.944    -0.075
-741.694    638.444    -0.075
-741.705    638.943    -0.075
-741.716    639.443    -0.075
-741.728    639.943    -0.075
-741.738    640.443    -0.075
-741.749    640.943    -0.075
-741.760    641.443    -0.075
-741.771    641.942    -0.075
-741.784    642.542    -0.076
-741.793    642.942    -0.076
-741.804    643.442    -0.076
-741.815    643.942    -0.076
-741.826    644.442    -0.076
-741.837    644.941    -0.076
-741.848    645.441    -0.076
-741.860    645.941    -0.076
-741.870    646.441    -0.076
-741.881    646.941    -0.076
-741.892    647.441    -0.076
-741.903    647.940    -0.076
-741.916    648.540    -0.076
-741.925    648.940    -0.076
-741.936    649.440    -0.076
-741.947    649.940    -0.076
-741.958    650.440    -0.076
-741.969    650.939    -0.076
-741.980    651.439    -0.076
-741.992    651.939    -0.077
-742.002    652.439    -0.077
-742.013    652.939    -0.077
-742.024    653.439    -0.077
-742.035    654.039    -0.077
-742.042    654.438    -0.077
-742.053    655.038    -0.077
-742.061    655.438    -0.077
-742.072    656.038    -0.077
-742.079    656.438    -0.077
-742.090    657.038    -0.077
-742.098    657.438    -0.077
-742.109    658.038    -0.077
-742.116    658.437    -0.077
-742.127    659.037    -0.077
-742.135    659.437    -0.077
-742.146    660.037    -0.077
-742.153    660.437    -0.077
-742.164    661.037    -0.077
-742.172    661.437    -0.078
-742.183    662.037    -0.078
-742.190    662.436    -0.078
-742.201    663.036    -0.078
-742.209    663.436    -0.078
-742.220    664.036    -0.078
-742.227    664.436    -0.078
-742.238    665.036    -0.078
-742.247    665.536    -0.078
-742.256    666.036    -0.078
-742.265    666.536    -0.078
-742.273    667.035    -0.078
-742.282    667.535    -0.078
-742.291    668.035    -0.078
-742.300    668.535    -0.078
-742.308    669.035    -0.078
-742.315    669.435    -0.078
-742.323    669.935    -0.078
-742.332    670.435    -0.078
-742.342    671.035    -0.079
-742.351    671.534    -0.079
-742.360    672.034    -0.079
-742.366    672.434    -0.079
-742.375    672.934    -0.079
-742.384    673.434    -0.079
-742.394    674.034    -0.079
-742.403    674.534    -0.079
-742.411    675.034    -0.079
-742.420    675.534    -0.079
-742.429    676.034    -0.079
-742.438    676.533    -0.079
-742.446    677.033    -0.079
-742.455    677.533    -0.079
-742.464    678.033    -0.079
-742.470    678.433    -0.079
-742.479    678.933    -0.079
-742.488    679.433    -0.079
-742.498    680.033    -0.080
-742.507    680.533    -0.080
-742.515    681.032    -0.080
-742.524    681.532    -0.080
-742.533    682.032    -0.080
-742.542    682.532    -0.080
-742.550    683.032    -0.080
-742.559    683.532    -0.080
-742.568    684.032    -0.080
-742.574    684.432    -0.080
-742.583    684.932    -0.080
-742.592    685.431    -0.080
-742.602    686.031    -0.080
-742.611    686.531    -0.080
-742.619    687.031    -0.080
-742.626    687.431    -0.080
-742.634    687.930    -0.080
-742.643    688.430    -0.080
-742.653    689.030    -0.081
-742.662    689.530    -0.081
-742.671    690.030    -0.081
-742.680    690.529    -0.081
-742.688    691.029    -0.081
-742.697    691.529    -0.081
-742.706    692.029    -0.081
-742.714    692.529    -0.081
-742.717    693.229    -0.081
-742.717    693.629    -0.081
-742.718    694.129    -0.081
-742.718    694.729    -0.081
-742.719    695.129    -0.081
-742.719    695.629    -0.081
-742.719    696.229    -0.081
-742.720    696.629    -0.081
-742.721    697.129    -0.081
-742.721    697.729    -0.081
-742.721    698.129    -0.082
-742.722    698.629    -0.082
-742.722    699.129    -0.082
-742.722    699.629    -0.082
-742.722    700.128    -0.082
-742.723    700.628    -0.082
-742.723    701.128    -0.082
-742.723    701.629    -0.082
-742.724    702.129    -0.082
-742.725    702.629    -0.082
-742.720    703.329    -0.082
-742.714    703.828    -0.082
-742.708    704.328    -0.082
-742.702    704.829    -0.082
-742.695    705.328    -0.082
-742.689    705.828    -0.082
-742.683    706.328    -0.082
-742.677    706.828    -0.082
-742.670    707.328    -0.083
-742.664    707.828    -0.083
-742.658    708.327    -0.083
-742.651    708.828    -0.083
-742.645    709.328    -0.083
-742.639    709.827    -0.083
-742.633    710.327    -0.083
-742.628    710.728    -0.083
-742.622    711.227    -0.083
-742.615    711.827    -0.083
-742.609    712.327    -0.083
-742.602    712.827    -0.083
-742.596    713.327    -0.083
-742.590    713.827    -0.083
-742.584    714.326    -0.083
-742.577    714.827    -0.083
-742.571    715.327    -0.083
-742.565    715.826    -0.083
-742.559    716.326    -0.084
-742.554    716.726    -0.084
-742.548    717.327    -0.084
-742.545    717.726    -0.084
-742.539    718.326    -0.084
-742.535    718.726    -0.084
-742.529    719.326    -0.084
-742.526    719.726    -0.084
-742.520    720.326    -0.084
-742.516    720.726    -0.084
-742.512    721.225    -0.084
-742.508    721.725    -0.084
-742.500    722.326    -0.084
-742.493    722.825    -0.084
-742.486    723.325    -0.084
-742.480    723.826    -0.084
-742.473    724.325    -0.084
-742.466    724.825    -0.084
-742.459    725.325    -0.085
-742.453    725.825    -0.085
-742.446    726.325    -0.085
-742.439    726.825    -0.085
-742.432    727.324    -0.085
-742.426    727.825    -0.085
-742.419    728.325    -0.085
-742.412    728.824    -0.085
-742.405    729.324    -0.085
-742.399    729.825    -0.085
-742.392    730.324    -0.085
-742.385    730.824    -0.085
-742.378    731.324    -0.085
-742.372    731.824    -0.085
-742.365    732.324    -0.085
-742.358    732.824    -0.085
-742.351    733.323    -0.085
-742.345    733.824    -0.085
-742.334    734.423    -0.086
-742.321    734.923    -0.086
-742.307    735.423    -0.086
-742.294    735.923    -0.086
-742.281    736.423    -0.086
-742.268    736.922    -0.086
-742.254    737.422    -0.086
-742.240    737.922    -0.086
-742.227    738.421    -0.086
-742.214    738.922    -0.086
-742.200    739.421    -0.086
-742.187    739.921    -0.086
-742.174    740.421    -0.086
-742.161    740.920    -0.086
-742.147    741.421    -0.086
-742.134    741.920    -0.086
-742.121    742.420    -0.086
-742.108    742.920    -0.087
-742.094    743.419    -0.087
-742.081    743.919    -0.087
-742.068    744.419    -0.087
-742.055    744.919    -0.087
-742.041    745.419    -0.087
-742.028    745.918    -0.087
-742.015    746.418    -0.087
-742.000    746.918    -0.087
-741.987    747.418    -0.087
-741.974    747.917    -0.087
-741.961    748.417    -0.087
-741.947    748.917    -0.087
-741.934    749.417    -0.087
-741.916    750.017    -0.087
-741.892    750.616    -0.087
-741.877    751.016    -0.087
-741.857    751.516    -0.087
-741.838    752.015    -0.088
-741.819    752.515    -0.088
-741.795    753.114    -0.088
-741.779    753.514    -0.088
-741.760    754.013    -0.088
-741.736    754.613    -0.088
-741.721    755.012    -0.088
-741.701    755.512    -0.088
-741.682    756.011    -0.088
-741.658    756.611    -0.088
-741.643    757.011    -0.088
-741.623    757.510    -0.088
-741.604    758.010    -0.088
-741.585    758.509    -0.088
-741.566    759.009    -0.088
-741.542    759.608    -0.088
-741.526    760.008    -0.088
-741.507    760.507    -0.089
-741.483    761.107    -0.089
-741.453    761.706    -0.089
-741.427    762.206    -0.089
-741.405    762.605    -0.089
-741.373    763.204    -0.089
-741.347    763.703    -0.089
-741.325    764.102    -0.089
-741.293    764.702    -0.089
-741.267    765.201    -0.089
-741.240    765.701    -0.089
-741.213    766.199    -0.089
-741.192    766.599    -0.089
-741.160    767.198    -0.089
-741.134    767.698    -0.089
-741.106    768.196    -0.089
-741.084    768.596    -0.089
-741.051    769.195    -0.090
-741.023    769.694    -0.090
-740.994    770.193    -0.090
-740.966    770.692    -0.090
-740.938    771.192    -0.090
-740.915    771.591    -0.090
-740.882    772.189    -0.090
-740.854    772.689    -0.090
-740.826    773.188    -0.090
-740.797    773.688    -0.090
-740.769    774.186    -0.090
-740.741    774.685    -0.090
-740.712    775.185    -0.090
-740.678    775.784    -0.090
-740.647    776.283    -0.090
-740.617    776.782    -0.090
-740.587    777.281    -0.090
-740.556    777.780    -0.091
-740.526    778.279    -0.091
-740.496    778.778    -0.091
-740.466    779.278    -0.091
-740.435    779.776    -0.091
-740.405    780.275    -0.091
-740.375    780.774    -0.091
-740.344    781.273    -0.091
-740.314    781.773    -0.091
-740.290    782.171    -0.091
-740.231    782.969    -0.091
-740.187    783.467    -0.091
-740.143    783.965    -0.091
-740.098    784.463    -0.091
-740.044    785.061    -0.091
-740.009    785.460    -0.091
-739.964    785.957    -0.091
-739.920    786.455    -0.092
-739.875    786.953    -0.092
-739.831    787.451    -0.092
-739.786    787.949    -0.092
-739.741    788.447    -0.092
-739.697    788.945    -0.092
-739.652    789.443    -0.092
-739.609    789.941    -0.092
-739.574    790.340    -0.092
-739.523    790.937    -0.092
-739.489    791.336    -0.092
-739.438    791.933    -0.092
-739.403    792.332    -0.092
-739.352    792.929    -0.092
-739.310    793.427    -0.092
-739.275    793.826    -0.092
-739.224    794.424    -0.092
-739.182    794.922    -0.092
-739.129    795.520    -0.093
-739.081    796.017    -0.093
-739.042    796.415    -0.093
-738.985    797.013    -0.093
-738.937    797.510    -0.093
-738.888    798.008    -0.093
-738.840    798.505    -0.093
-738.792    799.004    -0.093
-738.744    799.501    -0.093
-738.695    799.998    -0.093
-738.647    800.496    -0.093
-738.599    800.994    -0.093
-738.510    801.789    -0.093
-738.476    802.087    -0.093
-738.397    802.782    -0.093
-738.363    803.081    -0.093
-738.283    803.776    -0.093
-738.249    804.073    -0.094
-738.169    804.769    -0.094
-738.135    805.067    -0.094
-738.056    805.762    -0.094
-738.022    806.060    -0.094
-737.942    806.756    -0.094
-737.882    807.253    -0.094
-737.820    807.748    -0.094
-737.747    808.344    -0.094
-737.686    808.840    -0.094
-737.624    809.336    -0.094
-737.576    809.733    -0.094
-737.514    810.230    -0.094
-737.453    810.725    -0.094
-737.380    811.321    -0.094
-737.319    811.817    -0.094
-737.257    812.313    -0.094
-737.209    812.711    -0.094
-737.147    813.207    -0.095
-737.071    813.802    -0.095
-736.991    814.396    -0.095
-736.938    814.792    -0.095
-736.857    815.387    -0.095
-736.804    815.784    -0.095
-736.724    816.378    -0.095
-736.670    816.775    -0.095
-736.590    817.369    -0.095
-736.523    817.865    -0.095
-736.456    818.360    -0.095
-736.389    818.855    -0.095
-736.335    819.251    -0.095
-736.252    819.846    -0.095
-736.167    820.440    -0.095
-736.096    820.934    -0.095
-736.024    821.429    -0.095
-735.968    821.826    -0.096
-735.896    822.320    -0.096
-735.811    822.914    -0.096
-735.740    823.409    -0.096
-735.683    823.805    -0.096
-735.579    824.497    -0.096
-735.501    824.991    -0.096
-735.423    825.485    -0.096
-735.344    825.978    -0.096
-735.266    826.472    -0.096
-735.186    826.966    -0.096
-735.108    827.460    -0.096
-735.029    827.954    -0.096
-734.951    828.447    -0.096
-734.873    828.941    -0.096
-734.783    829.534    -0.096
-734.718    829.928    -0.096
-734.636    830.422    -0.096
-734.555    830.915    -0.097
-734.458    831.507    -0.097
-734.376    832.001    -0.097
-734.295    832.494    -0.097
-734.214    832.987    -0.097
-734.149    833.381    -0.097
-734.067    833.875    -0.097
-733.970    834.467    -0.097
-733.889    834.961    -0.097
-733.807    835.454    -0.097
-733.726    835.947    -0.097
-733.645    836.440    -0.097
-733.524    837.130    -0.097
-733.412    837.719    -0.097
-733.318    838.210    -0.097
-733.225    838.701    -0.097
-733.131    839.193    -0.097
-733.039    839.684    -0.098
-732.964    840.077    -0.098
-732.870    840.568    -0.098
-732.758    841.158    -0.098
-732.665    841.648    -0.098
-732.571    842.139    -0.098
-732.479    842.631    -0.098
-732.385    843.122    -0.098
-732.292    843.613    -0.098
-732.198    844.104    -0.098
-732.124    844.497    -0.098
-732.011    845.086    -0.098
-731.918    845.577    -0.098
-731.843    845.970    -0.098
-731.685    846.755    -0.098
-731.580    847.244    -0.098
-731.455    847.831    -0.098
-731.372    848.222    -0.098
-731.268    848.710    -0.099
-731.163    849.200    -0.099
-731.058    849.688    -0.099
-730.954    850.177    -0.099
-730.829    850.764    -0.099
-730.746    851.155    -0.099
-730.641    851.644    -0.099
-730.537    852.133    -0.099
-730.432    852.623    -0.099
-730.329    853.111    -0.099
-730.224    853.600    -0.099
-730.120    854.089    -0.099
-730.016    854.578    -0.099
-729.865    855.261    -0.099
-729.776    855.652    -0.099
-729.643    856.237    -0.099
-729.554    856.627    -0.099
-729.421    857.211    -0.099
-729.332    857.601    -0.099
-729.222    858.089    -0.100
-729.088    858.674    -0.100
-728.999    859.063    -0.100
-728.889    859.551    -0.100
-728.756    860.136    -0.100
-728.667    860.527    -0.100
-728.556    861.014    -0.100
-728.446    861.502    -0.100
-728.312    862.086    -0.100
-728.202    862.574    -0.100
-728.015    863.351    -0.100
-727.891    863.836    -0.100
-727.769    864.320    -0.100
-727.645    864.805    -0.100
-727.521    865.289    -0.100
-727.399    865.774    -0.100
-727.275    866.259    -0.100
-727.151    866.743    -0.100
-727.028    867.227    -0.101
-726.905    867.712    -0.101
-726.782    868.196    -0.101
-726.658    868.681    -0.101
-726.535    869.166    -0.101
-726.412    869.650    -0.101
-726.288    870.135    -0.101
-726.109    870.812    -0.101
-725.975    871.293    -0.101
-725.842    871.775    -0.101
-725.709    872.257    -0.101
-725.575    872.739    -0.101
-725.442    873.221    -0.101
-725.309    873.702    -0.101
-725.175    874.184    -0.101
-725.042    874.666    -0.101
-724.909    875.148    -0.101
-724.775    875.630    -0.101
-724.642    876.112    -0.101
-724.508    876.593    -0.102
-724.375    877.076    -0.102
-724.241    877.557    -0.102
-724.108    878.039    -0.102
-723.889    878.808    -0.102
-723.774    879.191    -0.102
-723.603    879.766    -0.102
-723.460    880.246    -0.102
-723.317    880.724    -0.102
-723.175    881.204    -0.102
-723.060    881.587    -0.102
-722.888    882.162    -0.102
-722.745    882.641    -0.102
-722.602    883.120    -0.102
-722.460    883.599    -0.102
-722.317    884.078    -0.102
-722.231    884.365    -0.102
-722.030    885.036    -0.102
-721.888    885.516    -0.102
-721.744    885.994    -0.103
-721.601    886.474    -0.103
-721.457    886.952    -0.103
-721.315    887.432    -0.103
-721.171    887.910    -0.103
-721.027    888.389    -0.103
-720.780    889.149    -0.103
-720.623    889.624    -0.103
-720.466    890.099    -0.103
-720.309    890.574    -0.103
-720.152    891.049    -0.103
-719.995    891.523    -0.103
-719.839    891.998    -0.103
-719.682    892.473    -0.103
-719.525    892.948    -0.103
-719.368    893.422    -0.103
-719.211    893.897    -0.103
-719.085    894.276    -0.103
-718.897    894.847    -0.103
-718.740    895.321    -0.103
-718.550    895.890    -0.104
-718.355    896.457    -0.104
-718.192    896.930    -0.104
-718.062    897.308    -0.104
-717.867    897.876    -0.104
-717.704    898.348    -0.104
-717.541    898.821    -0.104
-717.411    899.200    -0.104
-717.248    899.672    -0.104
-717.054    900.239    -0.104
-716.891    900.712    -0.104
-716.728    901.185    -0.104
-716.598    901.563    -0.104
-716.403    902.131    -0.104
-716.240    902.603    -0.104
-716.077    903.076    -0.104
-715.836    903.732    -0.104
-715.662    904.202    -0.104
-715.488    904.670    -0.104
-715.314    905.139    -0.104
-715.139    905.607    -0.105
-714.930    906.169    -0.105
-714.790    906.545    -0.105
-714.616    907.013    -0.105
-714.441    907.482    -0.105
-714.267    907.950    -0.105
-714.093    908.418    -0.105
-713.918    908.887    -0.105
-713.744    909.356    -0.105
-713.570    909.825    -0.105
-713.396    910.293    -0.105
-713.221    910.761    -0.105
-712.894    911.600    -0.105
-712.704    912.063    -0.105
-712.515    912.525    -0.105
-712.324    912.988    -0.105
-712.135    913.450    -0.105
-711.945    913.913    -0.105
-711.756    914.375    -0.105
-711.566    914.838    -0.105
-711.377    915.300    -0.105
-711.186    915.763    -0.106
-710.997    916.226    -0.106
-710.807    916.688    -0.106
-710.618    917.151    -0.106
-710.428    917.613    -0.106
-710.200    918.169    -0.106
-710.009    918.630    -0.106
-709.777    919.184    -0.106
-709.585    919.645    -0.106
-709.470    919.922    -0.106
-709.278    920.384    -0.106
-709.047    920.937    -0.106
-708.816    921.491    -0.106
-708.700    921.768    -0.106
-708.469    922.322    -0.106
-708.277    922.783    -0.106
-708.122    923.152    -0.106
-707.854    923.798    -0.106
-707.699    924.168    -0.106
-707.507    924.629    -0.106
-707.276    925.183    -0.106
-707.001    925.826    -0.107
-706.795    926.281    -0.107
-706.588    926.737    -0.107
-706.382    927.192    -0.107
-706.176    927.648    -0.107
-705.969    928.103    -0.107
-705.763    928.559    -0.107
-705.557    929.014    -0.107
-705.309    929.561    -0.107
-705.103    930.016    -0.107
-704.939    930.381    -0.107
-704.732    930.836    -0.107
-704.344    931.648    -0.107
-704.123    932.096    -0.107
-703.857    932.635    -0.107
-703.681    932.993    -0.107
-703.415    933.531    -0.107
-703.239    933.889    -0.107
-702.973    934.428    -0.107
-702.752    934.876    -0.107
-702.530    935.324    -0.107
-702.310    935.772    -0.107
-702.088    936.221    -0.108
-701.867    936.669    -0.108
-701.690    937.028    -0.108
-701.469    937.477    -0.108
-701.203    938.015    -0.108
-701.027    938.373    -0.108
-700.805    938.821    -0.108
-700.540    939.360    -0.108
-700.319    939.808    -0.108
-700.098    940.256    -0.108
-699.876    940.705    -0.108
-699.655    941.153    -0.108
-699.433    941.601    -0.108
-699.213    942.049    -0.108
-698.991    942.498    -0.108
-698.770    942.946    -0.108
-698.549    943.394    -0.108
-698.372    943.754    -0.108
-698.106    944.292    -0.108
-697.930    944.650    -0.108
-697.708    945.098    -0.108
-697.443    945.637    -0.108
-697.266    945.995    -0.108
-697.045    946.443    -0.108
-696.779    946.982    -0.109
-696.559    947.430    -0.109
-696.337    947.878    -0.109
-696.116    948.327    -0.109
-695.939    948.686    -0.109
-695.488    949.577    -0.109
-695.248    950.016    -0.109
-695.009    950.455    -0.109
-694.721    950.982    -0.109
-694.529    951.333    -0.109
-694.242    951.859    -0.109
-694.051    952.211    -0.109
-693.811    952.649    -0.109
-693.572    953.088    -0.109
-693.284    953.615    -0.109
-693.045    954.054    -0.109
-692.901    954.317    -0.109
-692.614    954.844    -0.109
-692.374    955.283    -0.109
-692.135    955.722    -0.109
-691.848    956.248    -0.109
-691.656    956.600    -0.109
-691.417    957.039    -0.109
-691.178    957.477    -0.109
-690.890    958.004    -0.110
-690.650    958.443    -0.110
-690.460    958.794    -0.110
-690.220    959.233    -0.110
-689.980    959.672    -0.110
-689.441    960.631    -0.110
-689.182    961.058    -0.110
-688.923    961.485    -0.110
-688.664    961.913    -0.110
-688.405    962.340    -0.110
-688.146    962.769    -0.110
-687.887    963.196    -0.110
-687.628    963.624    -0.110
-687.369    964.051    -0.110
-687.110    964.479    -0.110
-686.851    964.906    -0.110
-686.592    965.335    -0.110
-686.333    965.762    -0.110
-686.074    966.190    -0.110
-685.815    966.617    -0.110
-685.556    967.045    -0.110
-685.297    967.472    -0.110
-685.038    967.900    -0.110
-684.779    968.328    -0.110
-684.520    968.755    -0.110
-684.261    969.183    -0.111
-684.002    969.610    -0.111
-683.743    970.038    -0.111
-683.484    970.466    -0.111
-683.225    970.894    -0.111
-682.966    971.321    -0.111
-682.707    971.749    -0.111
-682.448    972.176    -0.111
-682.189    972.604    -0.111
-681.981    972.946    -0.111
-681.670    973.459    -0.111
-681.411    973.887    -0.111
-681.152    974.314    -0.111
-680.615    975.158    -0.111
-680.337    975.574    -0.111
-680.059    975.988    -0.111
-679.780    976.404    -0.111
-679.502    976.819    -0.111
-679.224    977.235    -0.111
-678.889    977.733    -0.111
-678.611    978.149    -0.111
-678.333    978.563    -0.111
-678.055    978.979    -0.111
-677.831    979.311    -0.111
-677.553    979.726    -0.111
-677.275    980.141    -0.111
-676.940    980.639    -0.111
-676.662    981.055    -0.112
-676.439    981.387    -0.112
-676.161    981.802    -0.112
-675.826    982.301    -0.112
-675.548    982.716    -0.112
-675.270    983.131    -0.112
-674.991    983.546    -0.112
-674.713    983.961    -0.112
-674.490    984.294    -0.112
-674.212    984.709    -0.112
-673.877    985.207    -0.112
-673.599    985.623    -0.112
-673.321    986.037    -0.112
-673.042    986.453    -0.112
-672.764    986.868    -0.112
-672.541    987.200    -0.112
-672.206    987.699    -0.112
-671.928    988.114    -0.112
-671.356    988.933    -0.112
-671.060    989.336    -0.112
-670.764    989.739    -0.112
-670.468    990.142    -0.112
-670.173    990.545    -0.112
-669.817    991.029    -0.112
-669.581    991.351    -0.112
-669.285    991.754    -0.112
-668.990    992.157    -0.112
-668.693    992.561    -0.112
-668.397    992.964    -0.113
-668.102    993.367    -0.113
-667.805    993.770    -0.113
-667.510    994.173    -0.113
-667.214    994.576    -0.113
-666.917    994.979    -0.113
-666.622    995.382    -0.113
-666.326    995.785    -0.113
-666.031    996.188    -0.113
-665.734    996.591    -0.113
-665.439    996.994    -0.113
-665.143    997.397    -0.113
-664.847    997.800    -0.113
-664.552    998.203    -0.113
-664.255    998.606    -0.113
-663.960    999.009    -0.113
-663.604    999.492    -0.113
-663.367    999.815    -0.113
-663.131    1000.137    -0.113
-662.465    1001.012    -0.113
-662.152    1001.403    -0.113
-661.840    1001.793    -0.113
-661.527    1002.183    -0.113
-661.277    1002.495    -0.113
-660.902    1002.963    -0.113
-660.651    1003.275    -0.113
-660.276    1003.742    -0.113
-660.025    1004.054    -0.113
-659.712    1004.445    -0.113
-659.337    1004.913    -0.113
-659.025    1005.303    -0.113
-658.712    1005.693    -0.114
-658.399    1006.083    -0.114
-658.086    1006.473    -0.114
-657.773    1006.863    -0.114
-657.523    1007.175    -0.114
-657.148    1007.643    -0.114
-656.897    1007.955    -0.114
-656.522    1008.423    -0.114
-656.272    1008.735    -0.114
-655.702    1009.431    -0.114
-655.378    1009.812    -0.114
-655.054    1010.192    -0.114
-654.730    1010.573    -0.114
-654.341    1011.030    -0.114
-654.017    1011.411    -0.114
-653.758    1011.716    -0.114
-653.434    1012.097    -0.114
-653.110    1012.478    -0.114
-652.787    1012.858    -0.114
-652.463    1013.239    -0.114
-652.073    1013.696    -0.114
-651.815    1014.001    -0.114
-651.490    1014.382    -0.114
-651.166    1014.763    -0.114
-650.843    1015.143    -0.114
-650.519    1015.524    -0.114
-650.195    1015.905    -0.114
-649.871    1016.286    -0.114
-649.547    1016.667    -0.114
-649.224    1017.048    -0.114
-648.900    1017.428    -0.114
-648.575    1017.809    -0.114
-648.251    1018.190    -0.114
-647.927    1018.571    -0.114
-647.539    1019.028    -0.114
-646.943    1019.702    -0.115
-646.673    1019.997    -0.115
-646.269    1020.441    -0.115
-645.932    1020.811    -0.115
-645.596    1021.180    -0.115
-645.191    1021.623    -0.115
-644.990    1021.845    -0.115
-644.586    1022.289    -0.115
-644.316    1022.584    -0.115
-643.912    1023.028    -0.115
-643.576    1023.398    -0.115
-643.238    1023.767    -0.115
-642.902    1024.137    -0.115
-642.633    1024.432    -0.115
-642.228    1024.876    -0.115
-641.892    1025.246    -0.115
-641.623    1025.541    -0.115
-641.218    1025.985    -0.115
-640.882    1026.354    -0.115
-640.403    1026.865    -0.115
-640.127    1027.155    -0.115
-639.645    1027.662    -0.115
-639.370    1027.952    -0.115
-638.957    1028.387    -0.115
-638.682    1028.678    -0.115
-638.337    1029.040    -0.115
-638.062    1029.330    -0.115
-637.718    1029.693    -0.115
-637.305    1030.128    -0.115
-636.960    1030.491    -0.115
-636.685    1030.780    -0.115
-636.272    1031.216    -0.115
-635.928    1031.578    -0.115
-635.584    1031.940    -0.115
-635.308    1032.231    -0.115
-634.895    1032.666    -0.115
-634.550    1033.029    -0.115
-633.844    1033.735    -0.115
-633.558    1034.015    -0.115
-633.130    1034.435    -0.116
-632.845    1034.715    -0.116
-632.415    1035.135    -0.116
-632.059    1035.485    -0.116
-631.702    1035.835    -0.116
-631.344    1036.185    -0.116
-631.058    1036.464    -0.116
-630.630    1036.885    -0.116
-630.272    1037.234    -0.116
-629.987    1037.514    -0.116
-629.559    1037.934    -0.116
-629.201    1038.283    -0.116
-628.915    1038.563    -0.116
-628.487    1038.983    -0.116
-628.128    1039.332    -0.116
-627.769    1039.679    -0.116
-627.409    1040.027    -0.116
-627.051    1040.374    -0.116
-626.691    1040.722    -0.116
-626.332    1041.069    -0.116
-625.972    1041.417    -0.116
-625.612    1041.764    -0.116
-625.253    1042.112    -0.116
-624.893    1042.460    -0.116
-624.157    1043.136    -0.116
-623.785    1043.470    -0.116
-623.412    1043.804    -0.116
-623.116    1044.072    -0.116
-622.819    1044.340    -0.116
-622.300    1044.809    -0.116
-622.003    1045.078    -0.116
-621.558    1045.479    -0.116
-621.187    1045.815    -0.116
-620.891    1046.083    -0.116
-620.446    1046.486    -0.116
-620.149    1046.755    -0.116
-619.779    1047.090    -0.116
-619.408    1047.425    -0.116
-619.111    1047.693    -0.116
-618.666    1048.096    -0.116
-618.296    1048.432    -0.116
-617.926    1048.768    -0.116
-617.556    1049.104    -0.116
-617.186    1049.441    -0.116
-616.816    1049.777    -0.116
-616.446    1050.112    -0.116
-616.150    1050.382    -0.116
-615.706    1050.785    -0.117
-615.336    1051.121    -0.117
-615.039    1051.390    -0.117
-614.521    1051.860    -0.117
-614.225    1052.129    -0.117
-613.929    1052.398    -0.117
-613.558    1052.734    -0.117
-613.115    1053.137    -0.117
-612.199    1053.912    -0.117
-611.810    1054.227    -0.117
-611.421    1054.541    -0.117
-611.033    1054.857    -0.117
-610.567    1055.234    -0.117
-610.178    1055.548    -0.117
-609.868    1055.800    -0.117
-609.479    1056.114    -0.117
-609.090    1056.430    -0.117
-608.702    1056.744    -0.117
-608.391    1056.995    -0.117
-608.082    1057.250    -0.117
-607.621    1057.634    -0.117
-607.314    1057.891    -0.117
-606.930    1058.211    -0.117
-606.546    1058.530    -0.117
-606.162    1058.850    -0.117
-605.701    1059.234    -0.117
-605.394    1059.490    -0.117
-604.933    1059.874    -0.117
-604.625    1060.130    -0.117
-604.164    1060.514    -0.117
-603.857    1060.770    -0.117
-603.473    1061.091    -0.117
-603.166    1061.346    -0.117
-602.387    1061.974    -0.117
-602.073    1062.222    -0.117
-601.680    1062.531    -0.117
-601.288    1062.840    -0.117
-600.816    1063.211    -0.117
-600.502    1063.459    -0.117
-600.109    1063.768    -0.117
-599.638    1064.139    -0.117
-599.323    1064.387    -0.117
-598.853    1064.758    -0.117
-598.460    1065.067    -0.117
-597.822    1065.550    -0.117
-597.501    1065.790    -0.117
-597.101    1066.089    -0.117
-596.620    1066.449    -0.117
-596.220    1066.748    -0.117
-595.981    1066.928    -0.117
-595.421    1067.349    -0.117
-595.102    1067.591    -0.117
-594.703    1067.891    -0.117
-594.384    1068.131    -0.117
-593.905    1068.493    -0.117
-593.425    1068.854    -0.117
-593.106    1069.095    -0.117
-592.707    1069.396    -0.117
-592.388    1069.637    -0.117
-591.909    1069.998    -0.117
-591.510    1070.299    -0.117
-591.030    1070.661    -0.117
-590.711    1070.901    -0.117
-590.312    1071.202    -0.118
-589.665    1071.672    -0.118
-589.258    1071.963    -0.118
-588.850    1072.252    -0.118
-588.443    1072.543    -0.118
-587.955    1072.890    -0.118
-587.548    1073.181    -0.118
-587.141    1073.471    -0.118
-586.815    1073.702    -0.118
-586.326    1074.051    -0.118
-585.836    1074.398    -0.118
-585.426    1074.682    -0.118
-585.014    1074.968    -0.118
-584.604    1075.253    -0.118
-584.193    1075.537    -0.118
-583.782    1075.822    -0.118
-583.372    1076.108    -0.118
-582.960    1076.393    -0.118
-582.550    1076.677    -0.118
-582.139    1076.962    -0.118
-581.728    1077.247    -0.118
-581.317    1077.531    -0.118
-580.653    1077.978    -0.118
-580.236    1078.253    -0.118
-579.818    1078.528    -0.118
-579.400    1078.803    -0.118
-578.983    1079.078    -0.118
-578.565    1079.352    -0.118
-578.148    1079.626    -0.118
-577.813    1079.846    -0.118
-577.395    1080.121    -0.118
-576.977    1080.396    -0.118
-576.476    1080.726    -0.118
-576.058    1081.001    -0.118
-575.641    1081.275    -0.118
-575.223    1081.549    -0.118
-574.805    1081.823    -0.118
-574.387    1082.098    -0.118
-573.969    1082.372    -0.118
-573.551    1082.647    -0.118
-573.133    1082.921    -0.118
-572.715    1083.196    -0.118
-572.297    1083.470    -0.118
-571.879    1083.743    -0.118
-571.461    1084.018    -0.118
-571.043    1084.292    -0.118
-570.625    1084.567    -0.118
-569.865    1085.048    -0.118
-569.525    1085.259    -0.118
-569.016    1085.575    -0.118
-568.675    1085.786    -0.118
-568.251    1086.049    -0.118
-567.740    1086.365    -0.118
-567.401    1086.576    -0.118
-566.891    1086.892    -0.118
-566.551    1087.103    -0.118
-566.041    1087.419    -0.118
-565.701    1087.630    -0.118
-565.192    1087.946    -0.118
-564.589    1088.304    -0.118
-564.158    1088.557    -0.118
-563.727    1088.810    -0.118
-563.295    1089.063    -0.118
-562.864    1089.316    -0.118
-562.434    1089.570    -0.118
-562.003    1089.823    -0.118
-561.572    1090.076    -0.118
-561.054    1090.380    -0.118
-560.623    1090.633    -0.118
-560.364    1090.785    -0.118
-559.933    1091.039    -0.118
-559.241    1091.440    -0.118
-558.806    1091.687    -0.118
-558.372    1091.933    -0.118
-557.937    1092.181    -0.118
-557.502    1092.427    -0.118
-557.067    1092.674    -0.118
-556.633    1092.920    -0.118
-556.284    1093.118    -0.118
-555.763    1093.414    -0.118
-555.328    1093.660    -0.118
-554.980    1093.858    -0.118
-554.370    1094.203    -0.118
-554.021    1094.397    -0.118
-553.497    1094.689    -0.118
-553.060    1094.932    -0.118
-552.711    1095.126    -0.118
-552.187    1095.418    -0.118
-551.837    1095.613    -0.118
-551.313    1095.905    -0.118
-550.963    1096.099    -0.118
-550.439    1096.391    -0.118
-550.003    1096.634    -0.118
-549.477    1096.923    -0.118
-549.037    1097.161    -0.118
-548.597    1097.398    -0.118
-548.157    1097.636    -0.118
-547.717    1097.873    -0.118
-547.277    1098.110    -0.118
-546.837    1098.348    -0.118
-546.309    1098.633    -0.118
-545.870    1098.871    -0.118
-545.429    1099.108    -0.118
-544.990    1099.345    -0.118
-544.637    1099.536    -0.118
-544.197    1099.773    -0.118
-543.398    1100.185    -0.118
-542.949    1100.407    -0.118
-542.501    1100.628    -0.118
-542.053    1100.850    -0.118
-541.604    1101.071    -0.118
-541.157    1101.293    -0.118
-540.709    1101.514    -0.118
-540.261    1101.736    -0.118
-539.723    1102.003    -0.118
-539.274    1102.224    -0.118
-538.826    1102.446    -0.118
-538.287    1102.709    -0.118
-537.837    1102.926    -0.118
-537.386    1103.144    -0.118
-536.936    1103.361    -0.118
-536.486    1103.579    -0.118
-536.036    1103.797    -0.118
-535.586    1104.014    -0.118
-535.136    1104.232    -0.118
-534.686    1104.449    -0.118
-534.235    1104.667    -0.118
-533.786    1104.885    -0.118
-533.151    1105.181    -0.118
-532.606    1105.430    -0.118
-532.151    1105.637    -0.118
-531.787    1105.803    -0.118
-531.241    1106.052    -0.118
-530.786    1106.260    -0.118
-530.422    1106.425    -0.118
-529.877    1106.674    -0.118
-529.423    1106.884    -0.118
-529.060    1107.052    -0.118
-528.515    1107.304    -0.118
-528.152    1107.473    -0.118
-527.699    1107.682    -0.118
-527.245    1107.893    -0.118
-526.792    1108.103    -0.118
-526.338    1108.313    -0.118
-525.884    1108.523    -0.118
-525.430    1108.734    -0.118
-524.977    1108.944    -0.118
-524.248    1109.272    -0.118
-523.881    1109.432    -0.118
-523.423    1109.632    -0.118
-522.965    1109.832    -0.118
-522.506    1110.032    -0.118
-522.048    1110.232    -0.118
-521.590    1110.432    -0.118
-521.132    1110.632    -0.118
-520.674    1110.832    -0.118
-520.215    1111.033    -0.118
-519.757    1111.233    -0.118
-519.300    1111.432    -0.118
-518.841    1111.632    -0.118
-518.383    1111.832    -0.118
-517.740    1112.109    -0.118
-517.187    1112.341    -0.118
-516.725    1112.534    -0.118
-516.357    1112.689    -0.118
-515.895    1112.882    -0.118
-515.342    1113.114    -0.118
-514.973    1113.269    -0.118
-514.512    1113.461    -0.118
-513.959    1113.693    -0.118
-513.308    1113.951    -0.118
-512.935    1114.097    -0.118
-512.377    1114.316    -0.118
-511.911    1114.498    -0.118
-511.539    1114.643    -0.118
-510.980    1114.863    -0.118
-510.515    1115.045    -0.118
-510.049    1115.227    -0.118
-509.583    1115.409    -0.118
-509.117    1115.591    -0.118
-508.746    1115.737    -0.118
-508.281    1115.921    -0.118
-507.815    1116.105    -0.118
-507.350    1116.289    -0.118
-506.792    1116.509    -0.118
-506.328    1116.693    -0.118
-505.863    1116.877    -0.118
-505.491    1117.024    -0.118
-505.026    1117.208    -0.118
-504.093    1117.566    -0.118
-503.621    1117.730    -0.118
-503.148    1117.894    -0.118
-502.676    1118.058    -0.118
-502.110    1118.256    -0.118
-501.637    1118.420    -0.118
-501.259    1118.552    -0.118
-500.787    1118.716    -0.118
-500.315    1118.880    -0.118
-499.843    1119.044    -0.118
-499.370    1119.208    -0.118
-498.803    1119.404    -0.118
-498.330    1119.566    -0.118
-497.857    1119.728    -0.118
-497.384    1119.890    -0.118
-496.817    1120.085    -0.118
-496.439    1120.214    -0.118
-495.965    1120.377    -0.118
-495.493    1120.539    -0.118
-495.114    1120.669    -0.118
-494.642    1120.831    -0.118
-494.074    1121.026    -0.118
-493.601    1121.188    -0.118
-493.128    1121.350    -0.118
-492.559    1121.541    -0.118
-491.989    1121.728    -0.118
-491.514    1121.885    -0.118
-491.039    1122.040    -0.118
-490.564    1122.196    -0.118
-490.184    1122.321    -0.118
-489.614    1122.507    -0.118
-489.139    1122.663    -0.118
-488.664    1122.819    -0.118
-488.189    1122.975    -0.118
-487.713    1123.131    -0.118
-487.047    1123.344    -0.118
-486.666    1123.464    -0.118
-486.188    1123.613    -0.118
-485.616    1123.792    -0.118
-485.234    1123.912    -0.118
-484.758    1124.062    -0.118
-484.185    1124.241    -0.118
-483.804    1124.361    -0.118
-483.326    1124.510    -0.118
-482.754    1124.690    -0.118
-482.372    1124.810    -0.118
-481.895    1124.959    -0.118
-481.322    1125.139    -0.118
-480.553    1125.357    -0.118
-480.071    1125.490    -0.118
-479.493    1125.650    -0.118
-479.011    1125.783    -0.118
-478.529    1125.916    -0.118
-478.047    1126.050    -0.118
-477.662    1126.156    -0.118
-477.180    1126.289    -0.118
-476.601    1126.449    -0.118
-476.119    1126.582    -0.118
-475.637    1126.716    -0.118
-475.252    1126.821    -0.118
-474.673    1126.979    -0.118
-474.190    1127.111    -0.117
-473.708    1127.242    -0.117
-473.226    1127.373    -0.117
-472.743    1127.505    -0.117
-472.261    1127.637    -0.117
-471.779    1127.768    -0.117
-471.296    1127.900    -0.117
-470.814    1128.031    -0.117
-470.332    1128.163    -0.117
-469.849    1128.294    -0.117
-469.269    1128.445    -0.117
-468.784    1128.567    -0.117
-468.105    1128.739    -0.117
-467.718    1128.837    -0.117
-467.136    1128.984    -0.117
-466.748    1129.082    -0.117
-466.360    1129.180    -0.117
-465.779    1129.328    -0.117
-465.295    1129.450    -0.117
-464.907    1129.548    -0.117
-464.228    1129.720    -0.117
-463.743    1129.843    -0.117
-463.063    1130.006    -0.117
-462.576    1130.117    -0.117
-462.088    1130.228    -0.117
-461.601    1130.338    -0.117
-461.113    1130.450    -0.117
-460.626    1130.560    -0.117
-460.137    1130.671    -0.117
-459.650    1130.782    -0.117
-459.162    1130.893    -0.117
-458.675    1131.003    -0.117
-458.187    1131.115    -0.117
-457.700    1131.225    -0.117
-457.115    1131.356    -0.117
-456.626    1131.463    -0.117
-456.139    1131.571    -0.117
-455.748    1131.657    -0.117
-455.259    1131.764    -0.117
-454.674    1131.894    -0.117
-454.185    1132.002    -0.117
-453.794    1132.088    -0.117
-453.209    1132.218    -0.117
-452.721    1132.325    -0.117
-452.331    1132.411    -0.117
-451.450    1132.600    -0.117
-451.058    1132.676    -0.117
-450.371    1132.811    -0.117
-450.076    1132.868    -0.117
-449.487    1132.983    -0.117
-448.899    1133.098    -0.117
-448.506    1133.175    -0.117
-448.015    1133.271    -0.117
-447.427    1133.386    -0.117
-447.132    1133.444    -0.117
-446.543    1133.559    -0.117
-445.955    1133.673    -0.117
-445.464    1133.769    -0.117
-444.973    1133.865    -0.117
-444.777    1133.904    -0.117
-444.189    1134.024    -0.117
-443.699    1134.122    -0.117
-443.208    1134.220    -0.117
-442.816    1134.297    -0.117
-442.228    1134.415    -0.117
-441.639    1134.532    -0.116
-441.247    1134.610    -0.116
-440.757    1134.708    -0.116
-440.267    1134.805    -0.116
-439.874    1134.884    -0.116
-439.286    1135.001    -0.116
-438.698    1135.118    -0.116
-437.811    1135.270    -0.116
-437.317    1135.348    -0.116
-436.922    1135.409    -0.116
-436.329    1135.502    -0.116
-435.835    1135.580    -0.116
-435.440    1135.641    -0.116
-434.847    1135.734    -0.116
-434.353    1135.812    -0.116
-433.958    1135.873    -0.116
-433.365    1135.966    -0.116
-432.871    1136.043    -0.116
-432.278    1136.136    -0.116
-431.884    1136.199    -0.116
-431.389    1136.276    -0.116
-430.896    1136.353    -0.116
-430.402    1136.431    -0.116
-429.908    1136.508    -0.116
-429.414    1136.585    -0.116
-428.920    1136.662    -0.116
-428.426    1136.740    -0.116
-427.634    1136.858    -0.116
-427.140    1136.926    -0.116
-426.743    1136.981    -0.116
-426.149    1137.063    -0.116
-425.653    1137.131    -0.116
-425.258    1137.186    -0.116
-424.663    1137.268    -0.116
-424.168    1137.336    -0.116
-423.772    1137.391    -0.116
-423.177    1137.473    -0.116
-422.682    1137.541    -0.116
-422.286    1137.596    -0.116
-421.691    1137.678    -0.116
-421.196    1137.746    -0.116
-420.800    1137.800    -0.116
-420.305    1137.869    -0.116
-419.710    1137.951    -0.116
-419.215    1138.020    -0.116
-418.720    1138.088    -0.116
-417.726    1138.196    -0.116
-417.228    1138.241    -0.116
-416.631    1138.294    -0.115
-416.133    1138.338    -0.115
-415.635    1138.383    -0.115
-415.137    1138.428    -0.115
-414.738    1138.463    -0.115
-414.240    1138.508    -0.115
-413.742    1138.552    -0.115
-413.145    1138.606    -0.115
-412.646    1138.650    -0.115
-412.148    1138.695    -0.115
-411.750    1138.730    -0.115
-411.252    1138.775    -0.115
-410.754    1138.820    -0.115
-410.157    1138.873    -0.115
-409.659    1138.918    -0.115
-409.161    1138.962    -0.115
-408.763    1138.998    -0.115
-408.265    1139.042    -0.115
-407.767    1139.087    -0.115
-407.169    1139.140    -0.115
-406.371    1139.194    -0.115
-405.772    1139.228    -0.115
-405.273    1139.257    -0.115
-404.874    1139.279    -0.115
-404.374    1139.308    -0.115
-403.776    1139.342    -0.115
-403.277    1139.371    -0.115
-402.777    1139.399    -0.115
-402.278    1139.428    -0.115
-401.879    1139.450    -0.115
-401.280    1139.485    -0.115
-400.780    1139.513    -0.115
-400.381    1139.536    -0.115
-399.783    1139.570    -0.115
-399.283    1139.599    -0.115
-398.884    1139.621    -0.115
-398.285    1139.655    -0.115
-397.786    1139.684    -0.115
-397.386    1139.706    -0.115
-396.787    1139.740    -0.114
-396.289    1139.769    -0.114
-395.889    1139.791    -0.114
-395.090    1139.823    -0.114
-394.490    1139.841    -0.114
-394.090    1139.854    -0.114
-393.590    1139.869    -0.114
-392.991    1139.887    -0.114
-392.591    1139.900    -0.114
-392.091    1139.916    -0.114
-391.591    1139.931    -0.114
-390.992    1139.949    -0.114
-390.592    1139.962    -0.114
-390.092    1139.978    -0.114
-389.593    1139.993    -0.114
-389.093    1140.009    -0.114
-388.593    1140.025    -0.114
-387.993    1140.043    -0.114
-387.594    1140.055    -0.114
-387.094    1140.071    -0.114
-386.594    1140.087    -0.114
-386.094    1140.103    -0.114
-385.495    1140.121    -0.114
-385.095    1140.133    -0.114
-384.595    1140.149    -0.114
-383.996    1140.167    -0.114
-382.997    1140.175    -0.114
-382.496    1140.168    -0.114
-382.096    1140.162    -0.114
-381.497    1140.153    -0.114
-380.996    1140.145    -0.114
-380.497    1140.138    -0.114
-379.997    1140.131    -0.114
-379.497    1140.123    -0.113
-378.997    1140.115    -0.113
-378.497    1140.108    -0.113
-377.998    1140.100    -0.113
-377.498    1140.093    -0.113
-376.997    1140.085    -0.113
-376.498    1140.077    -0.113
-375.998    1140.070    -0.113
-375.497    1140.063    -0.113
-374.998    1140.054    -0.113
-374.498    1140.047    -0.113
-373.998    1140.040    -0.113
-373.498    1140.033    -0.113
-373.098    1140.026    -0.113
-372.499    1140.017    -0.113
-371.999    1140.010    -0.113
-371.099    1139.989    -0.113
-370.699    1139.973    -0.113
-370.200    1139.953    -0.113
-369.600    1139.929    -0.113
-369.201    1139.914    -0.113
-368.701    1139.893    -0.113
-368.101    1139.869    -0.113
-367.702    1139.854    -0.113
-367.202    1139.833    -0.113
-366.703    1139.814    -0.113
-366.203    1139.794    -0.113
-365.704    1139.775    -0.113
-365.204    1139.754    -0.113
-364.705    1139.735    -0.113
-364.205    1139.715    -0.113
-363.605    1139.691    -0.112
-363.206    1139.675    -0.112
-362.706    1139.655    -0.112
-362.107    1139.631    -0.112
-361.707    1139.616    -0.112
-361.208    1139.595    -0.112
-360.708    1139.576    -0.112
-360.209    1139.556    -0.112
-359.709    1139.537    -0.112
-359.209    1139.516    -0.112
-358.710    1139.497    -0.112
-357.612    1139.430    -0.112
-357.213    1139.397    -0.112
-356.715    1139.356    -0.112
-356.117    1139.307    -0.112
-355.619    1139.266    -0.112
-355.220    1139.233    -0.112
-354.623    1139.184    -0.112
-354.124    1139.143    -0.112
-353.726    1139.110    -0.112
-353.128    1139.061    -0.112
-352.629    1139.020    -0.112
-352.231    1138.987    -0.112
-351.632    1138.938    -0.112
-351.134    1138.897    -0.112
-350.735    1138.864    -0.112
-350.138    1138.815    -0.112
-349.639    1138.774    -0.112
-349.241    1138.741    -0.112
-348.643    1138.692    -0.111
-348.145    1138.651    -0.111
-347.746    1138.619    -0.111
-347.148    1138.570    -0.111
-346.650    1138.528    -0.111
-345.854    1138.452    -0.111
-345.457    1138.407    -0.111
-344.761    1138.330    -0.111
-344.463    1138.297    -0.111
-343.866    1138.230    -0.111
-343.370    1138.174    -0.111
-342.972    1138.130    -0.111
-342.475    1138.074    -0.111
-341.978    1138.019    -0.111
-341.481    1137.964    -0.111
-340.984    1137.908    -0.111
-339.992    1137.787    -0.111
-339.497    1137.712    -0.111
-339.003    1137.639    -0.111
-338.509    1137.565    -0.111
-338.014    1137.492    -0.111
-337.520    1137.419    -0.111
-337.025    1137.344    -0.111
-336.530    1137.271    -0.111
-336.036    1137.197    -0.111
-335.542    1137.124    -0.110
-335.047    1137.051    -0.110
-334.552    1136.977    -0.110
-334.058    1136.904    -0.110
-333.563    1136.830    -0.110
-333.068    1136.757    -0.110
-332.575    1136.684    -0.110
-332.080    1136.610    -0.110
-331.585    1136.537    -0.110
-331.090    1136.463    -0.110
-330.596    1136.389    -0.110
-330.102    1136.316    -0.110
-329.607    1136.242    -0.110
-329.113    1136.169    -0.110
-328.618    1136.096    -0.110
-328.123    1136.021    -0.110
-327.629    1135.948    -0.110
-327.135    1135.874    -0.110
-326.640    1135.801    -0.110
-326.146    1135.728    -0.110
-325.651    1135.654    -0.110
-325.156    1135.580    -0.110
-324.661    1135.506    -0.110
-324.168    1135.433    -0.110
-323.673    1135.360    -0.110
-323.178    1135.286    -0.110
-322.684    1135.213    -0.109
-322.189    1135.139    -0.109
-321.695    1135.066    -0.109
-321.200    1134.993    -0.109
-320.706    1134.919    -0.109
-320.211    1134.846    -0.109
-319.716    1134.772    -0.109
-319.222    1134.698    -0.109
-318.728    1134.625    -0.109
-318.233    1134.551    -0.109
-317.739    1134.478    -0.109
-317.244    1134.405    -0.109
-316.749    1134.331    -0.109
-316.255    1134.257    -0.109
-315.761    1134.183    -0.109
-315.266    1134.110    -0.109
-314.771    1134.037    -0.109
-314.277    1133.963    -0.109
-313.782    1133.890    -0.109
-313.287    1133.816    -0.109
-311.816    1133.535    -0.109
-311.329    1133.422    -0.109
-310.939    1133.332    -0.109
-310.452    1133.220    -0.109
-309.770    1133.063    -0.108
-309.380    1132.973    -0.108
-308.893    1132.860    -0.108
-308.405    1132.748    -0.108
-307.919    1132.635    -0.108
-307.529    1132.545    -0.108
-306.944    1132.411    -0.108
-306.360    1132.276    -0.108
-305.970    1132.186    -0.108
-305.483    1132.073    -0.108
-305.093    1131.984    -0.108
-304.606    1131.871    -0.108
-303.924    1131.714    -0.108
-303.534    1131.624    -0.108
-303.047    1131.512    -0.108
-302.560    1131.399    -0.108
-302.073    1131.286    -0.108
-301.683    1131.197    -0.108
-301.098    1131.062    -0.108
-300.514    1130.927    -0.108
-300.124    1130.837    -0.108
-299.637    1130.725    -0.108
-299.149    1130.612    -0.108
-298.663    1130.499    -0.107
-298.175    1130.387    -0.107
-297.688    1130.274    -0.107
-297.201    1130.162    -0.107
-296.714    1130.049    -0.107
-296.227    1129.937    -0.107
-295.837    1129.847    -0.107
-295.253    1129.712    -0.107
-294.766    1129.600    -0.107
-294.278    1129.487    -0.107
-293.791    1129.375    -0.107
-293.401    1129.285    -0.107
-292.914    1129.172    -0.107
-292.329    1129.038    -0.107
-291.842    1128.925    -0.107
-291.356    1128.813    -0.107
-290.868    1128.700    -0.107
-290.381    1128.588    -0.107
-289.991    1128.498    -0.107
-289.407    1128.364    -0.107
-288.920    1128.251    -0.107
-288.432    1128.138    -0.107
-287.945    1128.026    -0.107
-287.555    1127.936    -0.107
-287.069    1127.823    -0.106
-286.483    1127.689    -0.106
-285.997    1127.577    -0.106
-284.551    1127.182    -0.106
-284.073    1127.032    -0.106
-283.597    1126.881    -0.106
-283.216    1126.761    -0.106
-282.739    1126.610    -0.106
-282.263    1126.459    -0.106
-281.690    1126.278    -0.106
-281.214    1126.128    -0.106
-280.737    1125.978    -0.106
-280.260    1125.827    -0.106
-279.784    1125.676    -0.106
-279.307    1125.525    -0.106
-278.829    1125.375    -0.106
-278.448    1125.254    -0.106
-277.972    1125.104    -0.106
-277.495    1124.953    -0.106
-277.019    1124.802    -0.105
-276.542    1124.651    -0.105
-275.970    1124.471    -0.105
-275.493    1124.320    -0.105
-275.016    1124.170    -0.105
-274.540    1124.019    -0.105
-274.063    1123.868    -0.105
-273.586    1123.717    -0.105
-273.109    1123.567    -0.105
-272.728    1123.447    -0.105
-272.251    1123.296    -0.105
-271.775    1123.145    -0.105
-271.202    1122.964    -0.105
-270.726    1122.815    -0.105
-270.249    1122.664    -0.105
-269.772    1122.513    -0.105
-269.295    1122.362    -0.105
-268.914    1122.242    -0.105
-268.437    1122.091    -0.105
-267.961    1121.940    -0.105
-267.388    1121.760    -0.105
-266.912    1121.609    -0.104
-266.531    1121.489    -0.104
-265.958    1121.308    -0.104
-265.482    1121.157    -0.104
-265.005    1121.007    -0.104
-264.528    1120.856    -0.104
-264.052    1120.705    -0.104
-263.574    1120.554    -0.104
-263.193    1120.434    -0.104
-262.717    1120.283    -0.104
-262.240    1120.132    -0.104
-261.668    1119.952    -0.104
-261.191    1119.801    -0.104
-260.810    1119.681    -0.104
-260.238    1119.500    -0.104
-259.761    1119.350    -0.104
-259.284    1119.199    -0.104
-257.872    1118.695    -0.104
-257.410    1118.507    -0.104
-257.038    1118.356    -0.104
-256.483    1118.131    -0.103
-256.019    1117.943    -0.103
-255.649    1117.793    -0.103
-255.092    1117.568    -0.103
-254.630    1117.380    -0.103
-254.166    1117.192    -0.103
-253.796    1117.041    -0.103
-253.332    1116.853    -0.103
-252.777    1116.628    -0.103
-252.313    1116.440    -0.103
-251.850    1116.252    -0.103
-251.386    1116.064    -0.103
-250.923    1115.876    -0.103
-250.552    1115.725    -0.103
-249.997    1115.500    -0.103
-249.533    1115.312    -0.103
-249.070    1115.124    -0.103
-248.699    1114.974    -0.103
-248.144    1114.749    -0.103
-247.680    1114.560    -0.102
-247.310    1114.410    -0.102
-246.753    1114.185    -0.102
-246.290    1113.997    -0.102
-245.827    1113.809    -0.102
-245.456    1113.659    -0.102
-244.900    1113.434    -0.102
-244.437    1113.245    -0.102
-243.973    1113.057    -0.102
-243.511    1112.869    -0.102
-243.047    1112.681    -0.102
-242.676    1112.531    -0.102
-242.213    1112.343    -0.102
-241.658    1112.118    -0.102
-241.194    1111.929    -0.102
-240.731    1111.741    -0.102
-240.360    1111.591    -0.102
-239.805    1111.366    -0.102
-239.341    1111.178    -0.102
-238.970    1111.027    -0.102
-238.414    1110.803    -0.101
-237.950    1110.614    -0.101
-237.487    1110.426    -0.101
-237.116    1110.276    -0.101
-236.654    1110.088    -0.101
-236.097    1109.863    -0.101
-235.634    1109.675    -0.101
-235.171    1109.486    -0.101
-234.800    1109.336    -0.101
-234.244    1109.111    -0.101
-233.781    1108.923    -0.101
-233.317    1108.735    -0.101
-232.039    1108.170    -0.101
-231.502    1107.900    -0.101
-231.055    1107.676    -0.101
-230.609    1107.452    -0.101
-230.250    1107.273    -0.101
-229.804    1107.049    -0.101
-229.268    1106.781    -0.100
-228.820    1106.556    -0.100
-228.463    1106.378    -0.100
-227.927    1106.108    -0.100
-227.479    1105.885    -0.100
-227.122    1105.705    -0.100
-226.586    1105.436    -0.100
-226.228    1105.257    -0.100
-225.692    1104.988    -0.100
-225.424    1104.854    -0.100
-224.887    1104.585    -0.100
-224.351    1104.317    -0.100
-223.903    1104.092    -0.100
-223.457    1103.869    -0.100
-223.010    1103.644    -0.100
-222.652    1103.465    -0.100
-222.116    1103.196    -0.100
-221.848    1103.061    -0.100
-221.222    1102.748    -0.099
-220.864    1102.568    -0.099
-220.418    1102.345    -0.099
-220.059    1102.165    -0.099
-219.434    1101.852    -0.099
-219.077    1101.673    -0.099
-218.718    1101.494    -0.099
-218.093    1101.180    -0.099
-217.736    1101.002    -0.099
-217.199    1100.732    -0.099
-216.842    1100.553    -0.099
-216.305    1100.284    -0.099
-215.948    1100.104    -0.099
-215.412    1099.836    -0.099
-215.053    1099.656    -0.099
-214.607    1099.433    -0.099
-214.249    1099.253    -0.099
-213.623    1098.940    -0.099
-213.266    1098.761    -0.098
-212.730    1098.492    -0.098
-212.282    1098.268    -0.098
-211.925    1098.089    -0.098
-211.389    1097.820    -0.098
-211.031    1097.640    -0.098
-210.495    1097.372    -0.098
-210.227    1097.237    -0.098
-209.601    1096.924    -0.098
-209.243    1096.744    -0.098
-208.797    1096.521    -0.098
-208.260    1096.251    -0.098
-207.027    1095.589    -0.098
-206.600    1095.331    -0.098
-206.087    1095.020    -0.098
-205.744    1094.813    -0.098
-205.402    1094.606    -0.098
-204.803    1094.244    -0.097
-204.460    1094.037    -0.097
-204.118    1093.830    -0.097
-203.605    1093.520    -0.097
-203.177    1093.261    -0.097
-202.835    1093.054    -0.097
-202.322    1092.744    -0.097
-201.893    1092.485    -0.097
-201.466    1092.226    -0.097
-201.123    1092.019    -0.097
-200.610    1091.709    -0.097
-200.183    1091.450    -0.097
-199.755    1091.191    -0.097
-199.413    1090.984    -0.097
-198.899    1090.674    -0.097
-198.471    1090.415    -0.097
-198.044    1090.156    -0.097
-197.701    1089.949    -0.096
-197.188    1089.639    -0.096
-196.760    1089.380    -0.096
-196.417    1089.173    -0.096
-195.904    1088.863    -0.096
-195.477    1088.604    -0.096
-195.134    1088.397    -0.096
-194.621    1088.087    -0.096
-194.193    1087.828    -0.096
-193.850    1087.621    -0.096
-193.337    1087.311    -0.096
-192.910    1087.052    -0.096
-192.567    1086.845    -0.096
-192.054    1086.535    -0.096
-191.625    1086.276    -0.096
-191.284    1086.069    -0.096
-190.770    1085.759    -0.096
-190.342    1085.500    -0.095
-190.000    1085.293    -0.095
-189.487    1084.983    -0.095
-189.058    1084.724    -0.095
-188.717    1084.517    -0.095
-188.203    1084.207    -0.095
-187.775    1083.948    -0.095
-187.348    1083.689    -0.095
-186.920    1083.430    -0.095
-186.578    1083.223    -0.095
-186.064    1082.913    -0.095
-185.636    1082.654    -0.095
-185.209    1082.395    -0.095
-184.866    1082.188    -0.095
-184.353    1081.878    -0.095
-183.925    1081.619    -0.095
-182.997    1081.029    -0.095
-182.582    1080.751    -0.094
-182.250    1080.529    -0.094
-181.834    1080.250    -0.094
-181.336    1079.917    -0.094
-180.920    1079.639    -0.094
-180.505    1079.360    -0.094
-180.172    1079.138    -0.094
-179.592    1078.747    -0.094
-179.262    1078.521    -0.094
-178.849    1078.239    -0.094
-178.353    1077.901    -0.094
-178.024    1077.675    -0.094
-177.611    1077.393    -0.094
-177.197    1077.111    -0.094
-176.702    1076.772    -0.094
-176.372    1076.547    -0.094
-175.959    1076.265    -0.094
-175.464    1075.926    -0.093
-175.051    1075.644    -0.093
-174.721    1075.418    -0.093
-174.226    1075.079    -0.093
-173.815    1074.796    -0.093
-173.403    1074.511    -0.093
-173.074    1074.284    -0.093
-172.580    1073.943    -0.093
-172.168    1073.660    -0.093
-171.839    1073.433    -0.093
-171.345    1073.092    -0.093
-170.934    1072.809    -0.093
-170.522    1072.525    -0.093
-170.110    1072.241    -0.093
-169.699    1071.957    -0.093
-169.287    1071.673    -0.093
-168.312    1070.974    -0.092
-167.994    1070.733    -0.092
-167.675    1070.491    -0.092
-167.196    1070.129    -0.092
-166.719    1069.766    -0.092
-166.400    1069.525    -0.092
-166.081    1069.283    -0.092
-165.602    1068.921    -0.092
-165.204    1068.620    -0.092
-164.805    1068.317    -0.092
-164.407    1068.015    -0.092
-164.088    1067.774    -0.092
-163.533    1067.348    -0.092
-163.140    1067.038    -0.092
-162.669    1066.667    -0.092
-162.355    1066.419    -0.091
-161.883    1066.048    -0.091
-161.569    1065.801    -0.091
-161.098    1065.430    -0.091
-160.705    1065.120    -0.091
-160.313    1064.811    -0.091
-159.919    1064.501    -0.091
-159.606    1064.253    -0.091
-159.135    1063.882    -0.091
-158.741    1063.573    -0.091
-158.349    1063.264    -0.091
-158.034    1063.017    -0.091
-157.561    1062.647    -0.091
-157.168    1062.338    -0.091
-156.853    1062.092    -0.091
-156.460    1061.783    -0.091
-155.988    1061.413    -0.090
-155.595    1061.104    -0.090
-155.280    1060.857    -0.090
-154.808    1060.487    -0.090
-154.415    1060.179    -0.090
-154.100    1059.932    -0.090
-153.707    1059.623    -0.090
-153.234    1059.253    -0.090
-152.841    1058.944    -0.090
-151.998    1058.239    -0.090
-151.620    1057.911    -0.090
-151.243    1057.583    -0.090
-150.865    1057.255    -0.090
-150.413    1056.861    -0.090
-150.035    1056.533    -0.090
-149.734    1056.271    -0.089
-149.356    1055.943    -0.089
-148.979    1055.615    -0.089
-148.602    1055.286    -0.089
-148.149    1054.893    -0.089
-147.772    1054.565    -0.089
-147.470    1054.303    -0.089
-147.093    1053.975    -0.089
-146.716    1053.646    -0.089
-146.488    1053.451    -0.089
-146.106    1053.130    -0.089
-145.722    1052.808    -0.089
-145.339    1052.486    -0.089
-144.957    1052.165    -0.089
-144.574    1051.843    -0.089
-144.190    1051.522    -0.089
-143.808    1051.201    -0.089
-143.348    1050.815    -0.088
-143.041    1050.558    -0.088
-142.735    1050.301    -0.088
-142.275    1049.916    -0.088
-141.893    1049.594    -0.088
-141.509    1049.273    -0.088
-141.126    1048.952    -0.088
-140.744    1048.630    -0.088
-140.360    1048.309    -0.088
-139.467    1047.507    -0.088
-139.176    1047.234    -0.088
-138.811    1046.893    -0.088
-138.445    1046.551    -0.088
-138.080    1046.210    -0.088
-137.715    1045.868    -0.087
-137.350    1045.527    -0.087
-136.985    1045.185    -0.087
-136.620    1044.844    -0.087
-136.181    1044.434    -0.087
-135.816    1044.093    -0.087
-135.525    1043.819    -0.087
-135.160    1043.478    -0.087
-134.794    1043.136    -0.087
-134.429    1042.795    -0.087
-134.064    1042.452    -0.087
-133.485    1041.901    -0.087
-133.127    1041.552    -0.087
-132.696    1041.134    -0.087
-132.409    1040.856    -0.087
-132.050    1040.507    -0.086
-131.620    1040.089    -0.086
-131.334    1039.811    -0.086
-130.974    1039.462    -0.086
-130.616    1039.114    -0.086
-130.330    1038.836    -0.086
-129.899    1038.418    -0.086
-129.540    1038.069    -0.086
-129.182    1037.720    -0.086
-128.751    1037.302    -0.086
-128.393    1036.954    -0.086
-127.900    1036.457    -0.086
-127.549    1036.101    -0.086
-127.338    1035.888    -0.086
-126.916    1035.462    -0.086
-126.493    1035.036    -0.085
-126.212    1034.751    -0.085
-125.860    1034.397    -0.085
-125.438    1033.970    -0.085
-125.227    1033.756    -0.085
-124.805    1033.330    -0.085
-124.383    1032.904    -0.085
-124.101    1032.620    -0.085
-123.750    1032.265    -0.085
-123.190    1031.693    -0.085
-122.845    1031.331    -0.085
-122.569    1031.042    -0.085
-122.223    1030.680    -0.085
-121.878    1030.319    -0.085
-121.463    1029.885    -0.085
-121.118    1029.524    -0.084
-120.772    1029.162    -0.084
-120.427    1028.801    -0.084
-120.151    1028.512    -0.084
-119.805    1028.151    -0.084
-119.460    1027.789    -0.084
-119.114    1027.428    -0.084
-118.769    1027.066    -0.084
-118.354    1026.633    -0.084
-117.810    1026.046    -0.084
-117.540    1025.751    -0.084
-117.204    1025.381    -0.084
-116.867    1025.012    -0.084
-116.463    1024.569    -0.084
-116.193    1024.274    -0.084
-115.856    1023.904    -0.083
-115.451    1023.461    -0.083
-115.181    1023.165    -0.083
-114.777    1022.723    -0.083
-114.507    1022.428    -0.083
-114.102    1021.985    -0.083
-113.639    1021.460    -0.083
-113.312    1021.082    -0.083
-112.919    1020.628    -0.083
-112.592    1020.250    -0.083
-112.265    1019.872    -0.083
-111.938    1019.494    -0.083
-111.676    1019.191    -0.083
-111.349    1018.814    -0.083
-111.022    1018.435    -0.083
-110.630    1017.981    -0.082
-110.303    1017.603    -0.082
-109.976    1017.225    -0.082
-109.650    1016.845    -0.082
-109.325    1016.466    -0.082
-108.999    1016.086    -0.082
-108.739    1015.783    -0.082
-108.348    1015.328    -0.082
-108.022    1014.949    -0.082
-107.696    1014.570    -0.082
-107.436    1014.266    -0.082
-107.045    1013.811    -0.082
-106.785    1013.507    -0.082
-106.394    1013.052    -0.082
-106.068    1012.673    -0.082
-105.742    1012.293    -0.081
-105.233    1011.676    -0.081
-104.981    1011.366    -0.081
-104.602    1010.901    -0.081
-104.287    1010.513    -0.081
-104.034    1010.203    -0.081
-103.655    1009.737    -0.081
-103.340    1009.349    -0.081
-103.025    1008.961    -0.081
-102.773    1008.651    -0.081
-102.394    1008.185    -0.081
-102.079    1007.797    -0.081
-101.763    1007.410    -0.081
-101.511    1007.100    -0.081
-101.132    1006.633    -0.080
-100.817    1006.246    -0.080
-100.502    1005.858    -0.080
-100.065    1005.311    -0.080
-99.815    1004.998    -0.080
-99.442    1004.529    -0.080
-99.131    1004.137    -0.080
-98.883    1003.825    -0.080
-98.571    1003.433    -0.080
-98.260    1003.041    -0.080
-97.949    1002.650    -0.080
-97.638    1002.259    -0.080
-97.264    1001.789    -0.080
-96.953    1001.398    -0.080
-96.642    1001.007    -0.080
-96.331    1000.615    -0.079
-96.081    1000.302    -0.079
-95.526    999.594    -0.079
-95.227    999.194    -0.079
-94.927    998.794    -0.079
-94.627    998.394    -0.079
-94.328    997.994    -0.079
-94.027    997.594    -0.079
-93.728    997.194    -0.079
-93.427    996.793    -0.079
-93.128    996.393    -0.079
-92.888    996.073    -0.079
-92.528    995.593    -0.079
-92.227    995.193    -0.079
-91.928    994.793    -0.078
-91.628    994.393    -0.078
-91.328    993.993    -0.078
-91.029    993.593    -0.078
-90.729    993.193    -0.078
-90.369    992.713    -0.078
-90.018    992.227    -0.078
-89.670    991.738    -0.078
-89.380    991.331    -0.078
-89.089    990.923    -0.078
-88.800    990.516    -0.078
-88.509    990.109    -0.078
-88.220    989.701    -0.078
-87.930    989.294    -0.078
-87.640    988.887    -0.077
-87.350    988.480    -0.077
-87.060    988.072    -0.077
-86.770    987.665    -0.077
-86.480    987.258    -0.077
-86.190    986.851    -0.077
-85.958    986.525    -0.077
-85.610    986.036    -0.077
-85.493    985.874    -0.077
-84.967    985.144    -0.077
-84.680    984.735    -0.077
-84.393    984.325    -0.077
-84.049    983.833    -0.077
-83.819    983.506    -0.077
-83.532    983.096    -0.077
-83.246    982.687    -0.076
-82.959    982.278    -0.076
-82.672    981.868    -0.076
-82.120    981.035    -0.076
-81.851    980.613    -0.076
-81.582    980.192    -0.076
-81.260    979.686    -0.076
-80.991    979.264    -0.076
-80.776    978.927    -0.076
-80.507    978.506    -0.076
-80.238    978.084    -0.076
-79.969    977.663    -0.076
-79.700    977.241    -0.076
-79.378    976.735    -0.076
-79.163    976.398    -0.075
-78.894    975.976    -0.075
-78.625    975.555    -0.075
-78.305    975.047    -0.075
-78.040    974.624    -0.075
-77.775    974.200    -0.075
-77.509    973.776    -0.075
-77.244    973.352    -0.075
-76.978    972.928    -0.075
-76.713    972.506    -0.075
-76.447    972.082    -0.075
-76.182    971.658    -0.075
-75.916    971.234    -0.075
-75.651    970.810    -0.075
-75.386    970.386    -0.074
-75.120    969.962    -0.074
-74.855    969.540    -0.074
-74.643    969.201    -0.074
-74.324    968.692    -0.074
-74.059    968.268    -0.074
-73.793    967.844    -0.074
-73.528    967.421    -0.074
-73.017    966.562    -0.074
-72.769    966.128    -0.074
-72.520    965.694    -0.074
-72.272    965.259    -0.074
-72.024    964.825    -0.074
-71.726    964.305    -0.074
-71.478    963.871    -0.073
-71.280    963.523    -0.073
-71.032    963.089    -0.073
-70.784    962.656    -0.073
-70.535    962.222    -0.073
-70.287    961.787    -0.073
-70.039    961.353    -0.073
-69.791    960.920    -0.073
-69.590    960.573    -0.073
-69.389    960.227    -0.073
-69.087    959.709    -0.073
-68.835    959.278    -0.073
-68.583    958.846    -0.073
-68.330    958.414    -0.073
-68.028    957.896    -0.073
-67.826    957.550    -0.072
-67.625    957.205    -0.072
-67.322    956.687    -0.072
-67.120    956.342    -0.072
-66.868    955.910    -0.072
-66.565    955.392    -0.072
-66.314    954.960    -0.072
-66.062    954.528    -0.072
-65.809    954.097    -0.072
-65.557    953.665    -0.072
-65.305    953.233    -0.072
-64.784    952.265    -0.072
-64.555    951.821    -0.072
-64.325    951.376    -0.071
-64.096    950.933    -0.071
-63.866    950.488    -0.071
-63.637    950.044    -0.071
-63.407    949.600    -0.071
-63.178    949.156    -0.071
-62.948    948.711    -0.071
-62.673    948.179    -0.071
-62.488    947.823    -0.071
-62.259    947.379    -0.071
-62.029    946.936    -0.071
-61.800    946.491    -0.071
-61.570    946.047    -0.071
-61.341    945.602    -0.071
-61.111    945.159    -0.071
-60.882    944.714    -0.070
-60.652    944.270    -0.070
-60.251    943.465    -0.070
-60.034    943.015    -0.070
-59.817    942.564    -0.070
-59.600    942.114    -0.070
-59.426    941.754    -0.070
-59.165    941.213    -0.070
-58.992    940.853    -0.070
-58.731    940.313    -0.070
-58.558    939.952    -0.070
-58.297    939.412    -0.070
-58.123    939.052    -0.070
-57.863    938.511    -0.070
-57.689    938.151    -0.069
-57.428    937.610    -0.069
-57.255    937.250    -0.069
-56.994    936.710    -0.069
-56.821    936.349    -0.069
-56.560    935.809    -0.069
-56.342    935.359    -0.069
-56.126    934.908    -0.069
-55.908    934.458    -0.069
-55.734    934.098    -0.069
-55.353    933.283    -0.069
-55.108    932.734    -0.069
-54.945    932.370    -0.069
-54.700    931.822    -0.069
-54.536    931.458    -0.068
-54.291    930.909    -0.068
-54.128    930.545    -0.068
-53.883    929.997    -0.068
-53.719    929.631    -0.068
-53.514    929.176    -0.068
-53.269    928.628    -0.068
-53.106    928.264    -0.068
-52.901    927.807    -0.068
-52.656    927.259    -0.068
-52.493    926.895    -0.068
-52.288    926.438    -0.068
-52.043    925.891    -0.068
-51.879    925.526    -0.068
-51.674    925.070    -0.067
-51.313    924.245    -0.067
-51.121    923.783    -0.067
-50.930    923.322    -0.067
-50.816    923.044    -0.067
-50.547    922.398    -0.067
-50.356    921.936    -0.067
-50.165    921.474    -0.067
-50.012    921.105    -0.067
-49.782    920.550    -0.067
-49.667    920.273    -0.067
-49.399    919.627    -0.067
-49.207    919.164    -0.067
-49.016    918.703    -0.067
-48.824    918.241    -0.066
-48.672    917.872    -0.066
-48.442    917.317    -0.066
-48.250    916.855    -0.066
-48.059    916.394    -0.066
-47.867    915.932    -0.066
-47.714    915.563    -0.066
-47.484    915.008    -0.066
-47.332    914.639    -0.066
-47.101    914.085    -0.066
-46.949    913.715    -0.066
-46.719    913.161    -0.066
-46.460    912.511    -0.066
-46.280    912.044    -0.066
-46.100    911.578    -0.066
-45.884    911.018    -0.065
-45.740    910.644    -0.065
-45.560    910.178    -0.065
-45.380    909.712    -0.065
-45.200    909.246    -0.065
-45.020    908.779    -0.065
-44.804    908.219    -0.065
-44.624    907.753    -0.065
-44.443    907.286    -0.065
-44.299    906.913    -0.065
-44.083    906.353    -0.065
-43.939    905.981    -0.065
-43.698    905.323    -0.065
-43.495    904.759    -0.065
-43.325    904.289    -0.064
-43.155    903.819    -0.064
-42.985    903.349    -0.064
-42.816    902.878    -0.064
-42.613    902.314    -0.064
-42.477    901.937    -0.064
-42.308    901.467    -0.064
-42.172    901.090    -0.064
-41.969    900.526    -0.064
-41.766    899.962    -0.064
-41.630    899.586    -0.064
-41.461    899.116    -0.064
-41.257    898.550    -0.064
-41.121    898.174    -0.064
-40.952    897.704    -0.063
-40.658    896.854    -0.063
-40.504    896.378    -0.063
-40.349    895.902    -0.063
-40.195    895.427    -0.063
-40.040    894.951    -0.063
-39.886    894.476    -0.063
-39.732    894.000    -0.063
-39.547    893.429    -0.063
-39.392    892.954    -0.063
-39.268    892.574    -0.063
-39.114    892.098    -0.063
-38.960    891.623    -0.063
-38.775    891.052    -0.063
-38.620    890.577    -0.062
-38.466    890.101    -0.062
-38.373    889.815    -0.062
-38.219    889.340    -0.062
-38.034    888.770    -0.062
-37.880    888.294    -0.062
-37.669    887.626    -0.062
-37.521    887.149    -0.062
-37.373    886.671    -0.062
-37.226    886.194    -0.062
-37.079    885.716    -0.062
-36.932    885.238    -0.062
-36.784    884.761    -0.062
-36.637    884.282    -0.062
-36.490    883.804    -0.062
-36.372    883.422    -0.061
-36.225    882.944    -0.061
-36.047    882.371    -0.061
-35.900    881.894    -0.061
-35.753    881.416    -0.061
-35.605    880.939    -0.061
-35.458    880.460    -0.061
-35.311    879.982    -0.061
-35.163    879.505    -0.061
-35.016    879.027    -0.061
-34.869    878.549    -0.061
-34.695    877.975    -0.061
-34.557    877.495    -0.061
-34.419    877.014    -0.061
-34.225    876.341    -0.060
-34.114    875.958    -0.060
-33.976    875.477    -0.060
-33.837    874.997    -0.060
-33.726    874.612    -0.060
-33.588    874.132    -0.060
-33.394    873.459    -0.060
-33.283    873.075    -0.060
-33.145    872.595    -0.060
-33.034    872.210    -0.060
-32.895    871.729    -0.060
-32.757    871.250    -0.060
-32.590    870.673    -0.060
-32.452    870.193    -0.060
-32.314    869.712    -0.060
-32.203    869.328    -0.060
-32.064    868.847    -0.059
-31.871    868.175    -0.059
-31.689    867.499    -0.059
-31.563    867.015    -0.059
-31.438    866.531    -0.059
-31.287    865.950    -0.059
-31.186    865.563    -0.059
-31.061    865.079    -0.059
-30.935    864.595    -0.059
-30.810    864.111    -0.059
-30.683    863.628    -0.059
-30.558    863.144    -0.059
-30.433    862.660    -0.059
-30.306    862.175    -0.059
-30.181    861.692    -0.058
-30.055    861.208    -0.058
-29.930    860.724    -0.058
-29.779    860.143    -0.058
-29.678    859.757    -0.058
-29.553    859.273    -0.058
-29.428    858.788    -0.058
-29.203    857.814    -0.058
-29.076    857.228    -0.058
-28.970    856.739    -0.058
-28.865    856.250    -0.058
-28.759    855.761    -0.058
-28.654    855.273    -0.058
-28.548    854.784    -0.058
-28.443    854.296    -0.057
-28.337    853.807    -0.057
-28.232    853.318    -0.057
-28.126    852.830    -0.057
-28.021    852.341    -0.057
-27.936    851.950    -0.057
-27.830    851.461    -0.057
-27.725    850.973    -0.057
-27.619    850.484    -0.057
-27.514    849.996    -0.057
-27.408    849.506    -0.057
-27.302    849.017    -0.057
-27.179    848.431    -0.057
-27.079    847.940    -0.057
-26.959    847.353    -0.057
-26.879    846.961    -0.056
-26.780    846.471    -0.056
-26.660    845.883    -0.056
-26.579    845.492    -0.056
-26.460    844.903    -0.056
-26.379    844.512    -0.056
-26.260    843.924    -0.056
-26.179    843.532    -0.056
-26.080    843.042    -0.056
-25.960    842.455    -0.056
-25.880    842.062    -0.056
-25.780    841.573    -0.056
-25.660    840.984    -0.056
-25.580    840.593    -0.056
-25.479    840.104    -0.056
-25.377    839.614    -0.055
-25.276    839.124    -0.055
-25.174    838.634    -0.055
-25.093    838.243    -0.055
-24.970    837.656    -0.055
-24.868    837.166    -0.055
-24.767    836.677    -0.055
-24.665    836.187    -0.055
-24.564    835.697    -0.055
-24.483    835.306    -0.055
-24.360    834.719    -0.055
-24.258    834.229    -0.055
-24.157    833.739    -0.055
-24.055    833.250    -0.055
-23.954    832.761    -0.055
-23.781    831.878    -0.054
-23.669    831.186    -0.054
-23.621    830.890    -0.054
-23.509    830.200    -0.054
-23.461    829.904    -0.054
-23.365    829.311    -0.054
-23.269    828.719    -0.054
-23.221    828.423    -0.054
-23.125    827.830    -0.054
-23.029    827.239    -0.054
-22.981    826.943    -0.054
-22.900    826.448    -0.054
-22.819    825.955    -0.054
-22.722    825.363    -0.054
-22.656    824.969    -0.054
-22.575    824.476    -0.053
-22.493    823.983    -0.053
-22.412    823.489    -0.053
-22.315    822.897    -0.053
-22.249    822.503    -0.053
-22.151    821.910    -0.053
-22.055    821.318    -0.053
-22.006    821.022    -0.053
-21.892    820.332    -0.053
-21.814    819.839    -0.053
-21.750    819.443    -0.053
-21.655    818.851    -0.053
-21.592    818.456    -0.053
-21.497    817.864    -0.053
-21.434    817.469    -0.053
-21.339    816.876    -0.053
-21.276    816.482    -0.052
-21.181    815.889    -0.052
-21.117    815.494    -0.052
-21.023    814.901    -0.052
-20.959    814.507    -0.052
-20.839    813.716    -0.052
-20.771    813.221    -0.052
-20.702    812.725    -0.052
-20.635    812.230    -0.052
-20.566    811.734    -0.052
-20.512    811.339    -0.052
-20.430    810.744    -0.052
-20.361    810.249    -0.052
-20.293    809.753    -0.052
-20.225    809.258    -0.052
-20.170    808.862    -0.051
-20.088    808.268    -0.051
-20.020    807.772    -0.051
-19.952    807.277    -0.051
-19.883    806.781    -0.051
-19.829    806.386    -0.051
-19.747    805.791    -0.051
-19.693    805.395    -0.051
-19.609    804.802    -0.051
-19.553    804.405    -0.051
-19.483    803.910    -0.051
-19.412    803.415    -0.051
-19.343    802.920    -0.051
-19.272    802.425    -0.051
-19.202    801.929    -0.051
-19.132    801.435    -0.051
-19.062    800.940    -0.050
-18.991    800.445    -0.050
-18.922    799.950    -0.050
-18.851    799.455    -0.050
-18.781    798.960    -0.050
-18.711    798.464    -0.050
-18.610    797.672    -0.050
-18.562    797.275    -0.050
-18.501    796.778    -0.050
-18.440    796.281    -0.050
-18.380    795.786    -0.050
-18.308    795.190    -0.050
-18.259    794.793    -0.050
-18.199    794.297    -0.050
-18.139    793.800    -0.050
-18.078    793.304    -0.050
-18.018    792.808    -0.049
-17.958    792.311    -0.049
-17.897    791.815    -0.049
-17.837    791.319    -0.049
-17.765    790.723    -0.049
-17.716    790.326    -0.049
-17.637    789.631    -0.049
-17.585    789.133    -0.049
-17.535    788.636    -0.049
-17.483    788.139    -0.049
-17.431    787.641    -0.049
-17.381    787.144    -0.049
-17.329    786.647    -0.049
-17.277    786.150    -0.049
-17.226    785.652    -0.049
-17.175    785.155    -0.048
-17.123    784.658    -0.048
-17.072    784.160    -0.048
-17.021    783.663    -0.048
-16.969    783.165    -0.048
-16.918    782.668    -0.048
-16.867    782.171    -0.048
-16.815    781.674    -0.048
-16.764    781.177    -0.048
-16.712    780.679    -0.048
-16.661    780.182    -0.048
-16.610    779.684    -0.048
-16.558    779.187    -0.048
-16.507    778.689    -0.048
-16.456    778.192    -0.048
-16.405    777.695    -0.048
-16.346    777.098    -0.048
-16.307    776.700    -0.047
-16.257    776.203    -0.047
-16.198    775.606    -0.047
-16.159    775.208    -0.047
-16.109    774.710    -0.047
-16.050    774.113    -0.047
-16.011    773.715    -0.047
-15.952    773.118    -0.047
-15.912    772.720    -0.047
-15.853    772.122    -0.047
-15.814    771.725    -0.047
-15.755    771.127    -0.047
-15.715    770.729    -0.047
-15.666    770.232    -0.047
-15.607    769.636    -0.047
-15.567    769.237    -0.047
-15.503    768.540    -0.046
-15.455    767.942    -0.046
-15.415    767.444    -0.046
-15.375    766.946    -0.046
-15.336    766.447    -0.046
-15.296    765.948    -0.046
-15.256    765.450    -0.046
-15.217    764.952    -0.046
-15.177    764.454    -0.046
-15.137    763.956    -0.046
-15.097    763.456    -0.046
-15.065    763.058    -0.046
-15.025    762.560    -0.046
-14.986    762.062    -0.046
-14.946    761.563    -0.046
-14.898    760.965    -0.046
-14.858    760.466    -0.045
-14.818    759.968    -0.045
-14.779    759.470    -0.045
-14.739    758.971    -0.045
-14.699    758.473    -0.045
-14.660    757.975    -0.045
-14.624    757.476    -0.045
-14.587    756.977    -0.045
-14.550    756.479    -0.045
-14.514    755.980    -0.045
-14.471    755.382    -0.045
-14.441    754.983    -0.045
-14.404    754.484    -0.045
-14.368    753.986    -0.045
-14.331    753.487    -0.045
-14.294    752.988    -0.045
-14.259    752.490    -0.045
-14.222    751.991    -0.044
-14.185    751.492    -0.044
-14.148    750.994    -0.044
-14.112    750.495    -0.044
-14.075    749.997    -0.044
-14.032    749.399    -0.044
-14.002    748.999    -0.044
-13.966    748.501    -0.044
-13.929    748.002    -0.044
-13.892    747.504    -0.044
-13.857    747.005    -0.044
-13.820    746.506    -0.044
-13.783    746.008    -0.044
-13.747    745.509    -0.044
-13.711    745.010    -0.044
-13.674    744.512    -0.044
-13.637    744.013    -0.044
-13.601    743.515    -0.043
-13.565    743.015    -0.043
-13.528    742.517    -0.043
-13.491    742.019    -0.043
-13.456    741.520    -0.043
-13.421    741.021    -0.043
-13.386    740.522    -0.043
-13.351    740.024    -0.043
-13.317    739.525    -0.043
-13.275    738.926    -0.043
-13.240    738.428    -0.043
-13.212    738.029    -0.043
-13.177    737.530    -0.043
-13.142    737.031    -0.043
-13.107    736.533    -0.043
-13.073    736.034    -0.043
-13.038    735.535    -0.043
-13.003    735.036    -0.042
-12.968    734.538    -0.042
-12.934    734.038    -0.042
-12.892    733.440    -0.042
-12.857    732.941    -0.042
-12.829    732.543    -0.042
-12.794    732.043    -0.042
-12.759    731.545    -0.042
-12.717    730.947    -0.042
-12.682    730.448    -0.042
-12.648    729.949    -0.042
-12.605    729.250    -0.042
-12.580    728.751    -0.042
-12.556    728.252    -0.042
-12.535    727.853    -0.042
-12.510    727.353    -0.042
-12.486    726.854    -0.042
-12.461    726.354    -0.041
-12.431    725.755    -0.041
-12.406    725.256    -0.041
-12.386    724.857    -0.041
-12.361    724.357    -0.041
-12.336    723.857    -0.041
-12.312    723.358    -0.041
-12.281    722.759    -0.041
-12.257    722.260    -0.041
-12.236    721.860    -0.041
-12.212    721.361    -0.041
-12.187    720.861    -0.041
-12.162    720.362    -0.041
-12.132    719.762    -0.041
-12.107    719.264    -0.041
-12.087    718.864    -0.041
-12.062    718.365    -0.041
-12.037    717.865    -0.041
-12.013    717.366    -0.040
-11.988    716.866    -0.040
-11.959    716.268    -0.040
-11.939    715.868    -0.040
-11.916    715.369    -0.040
-11.887    714.769    -0.040
-11.867    714.370    -0.040
-11.844    713.870    -0.040
-11.814    713.272    -0.040
-11.795    712.872    -0.040
-11.771    712.373    -0.040
-11.742    711.773    -0.040
-11.723    711.373    -0.040
-11.699    710.874    -0.040
-11.670    710.274    -0.040
-11.651    709.876    -0.040
-11.627    709.376    -0.040
-11.598    708.777    -0.040
-11.578    708.377    -0.039
-11.555    707.878    -0.039
-11.526    707.278    -0.039
-11.506    706.880    -0.039
-11.482    706.380    -0.039
-11.453    705.781    -0.039
-11.434    705.381    -0.039
-11.410    704.882    -0.039
-11.381    704.282    -0.039
-11.362    703.882    -0.039
-11.338    703.384    -0.039
-11.307    702.685    -0.039
-11.291    702.285    -0.039
-11.272    701.785    -0.039
-11.254    701.285    -0.039
-11.231    700.686    -0.039
-11.212    700.186    -0.039
-11.193    699.687    -0.039
-11.178    699.287    -0.038
-11.159    698.787    -0.038
-11.140    698.288    -0.038
-11.121    697.788    -0.038
-11.103    697.288    -0.038
-11.084    696.789    -0.038
-11.065    696.289    -0.038
-11.046    695.789    -0.038
-11.028    695.290    -0.038
-11.005    694.691    -0.038
-10.986    694.191    -0.038
-10.967    693.692    -0.038
-10.952    693.292    -0.038
-10.933    692.792    -0.038
-10.914    692.293    -0.038
-10.891    691.693    -0.038
-10.872    691.193    -0.038
-10.854    690.694    -0.038
-10.838    690.294    -0.037
-10.820    689.794    -0.037
-10.801    689.295    -0.037
-10.782    688.795    -0.037
-10.763    688.295    -0.037
-10.745    687.796    -0.037
-10.726    687.296    -0.037
-10.707    686.796    -0.037
-10.688    686.297    -0.037
-10.665    685.697    -0.037
-10.647    685.199    -0.037
-10.628    684.699    -0.037
-10.609    684.199    -0.037
-10.594    683.800    -0.037
-10.575    683.300    -0.037
-10.552    682.700    -0.037
-10.533    682.201    -0.037
-10.514    681.701    -0.037
-10.496    681.201    -0.036
-10.477    680.702    -0.036
-10.461    680.302    -0.036
-10.443    679.802    -0.036
-10.424    679.303    -0.036
-10.401    678.703    -0.036
-10.382    678.203    -0.036
-10.363    677.704    -0.036
-10.345    677.204    -0.036
-10.327    676.704    -0.036
-10.308    676.205    -0.036
-10.290    675.705    -0.036
-10.272    675.205    -0.036
-10.254    674.707    -0.036
-10.235    674.207    -0.036
-10.217    673.707    -0.036
-10.199    673.208    -0.036
-10.181    672.708    -0.036
-10.162    672.208    -0.036
-10.144    671.709    -0.035
-10.126    671.209    -0.035
-10.108    670.709    -0.035
-10.089    670.210    -0.035
-10.071    669.710    -0.035
-10.053    669.210    -0.035
-10.035    668.711    -0.035
-10.016    668.211    -0.035
-9.998    667.711    -0.035
-9.980    667.212    -0.035
-9.962    666.712    -0.035
-9.943    666.212    -0.035
-9.925    665.713    -0.035
-9.907    665.213    -0.035
-9.889    664.713    -0.035
-9.870    664.214    -0.035
-9.853    663.714    -0.035
-9.834    663.214    -0.035
-9.816    662.716    -0.035
-9.797    662.216    -0.034
-9.780    661.716    -0.034
-9.761    661.217    -0.034
-9.743    660.717    -0.034
-9.724    660.217    -0.034
-9.707    659.718    -0.034
-9.688    659.218    -0.034
-9.670    658.718    -0.034
-9.651    658.219    -0.034
-9.634    657.719    -0.034
-9.615    657.219    -0.034
-9.601    656.820    -0.034
-9.579    656.220    -0.034
-9.562    655.720    -0.034
-9.547    655.321    -0.034
-9.525    654.721    -0.034
-9.507    654.221    -0.034
-9.490    653.722    -0.034
-9.475    653.322    -0.034
-9.453    652.722    -0.034
-9.435    652.223    -0.033
-9.418    651.723    -0.033
-9.400    651.223    -0.033
-9.382    650.725    -0.033
-9.368    650.325    -0.033
-9.346    649.725    -0.033
-9.328    649.226    -0.033
-9.310    648.726    -0.033
-9.292    648.226    -0.033
-9.278    647.826    -0.033
-9.256    647.227    -0.033
-9.238    646.727    -0.033
-9.224    646.327    -0.033
-9.202    645.728    -0.033
-9.184    645.228    -0.033
-9.166    644.728    -0.033
-9.152    644.329    -0.033
-9.130    643.729    -0.033
-9.112    643.229    -0.033
-9.094    642.730    -0.032
-9.077    642.230    -0.032
-9.059    641.730    -0.032
-9.044    641.331    -0.032
-9.022    640.731    -0.032
-9.005    640.231    -0.032
-8.987    639.732    -0.032
-8.969    639.232    -0.032
-8.955    638.832    -0.032
-8.933    638.233    -0.032
-8.915    637.734    -0.032
-8.900    637.334    -0.032
-8.878    636.735    -0.032
-8.861    636.235    -0.032
-8.841    635.635    -0.032
-8.827    635.136    -0.032
-8.815    634.736    -0.032
-8.801    634.236    -0.032
-8.786    633.736    -0.032
-8.771    633.236    -0.032
-8.756    632.737    -0.031
-8.742    632.237    -0.031
-8.727    631.737    -0.031
-8.712    631.237    -0.031
-8.697    630.738    -0.031
-8.679    630.138    -0.031
-8.667    629.738    -0.031
-8.649    629.139    -0.031
-8.634    628.639    -0.031
-8.622    628.239    -0.031
-8.607    627.739    -0.031
-8.592    627.239    -0.031
-8.574    626.640    -0.031
-8.559    626.140    -0.031
-8.547    625.740    -0.031
-8.532    625.240    -0.031
-8.514    624.641    -0.031
-8.502    624.241    -0.031
-8.487    623.741    -0.031
-8.469    623.142    -0.031
-8.456    622.742    -0.030
-8.442    622.242    -0.030
-8.424    621.642    -0.030
-8.411    621.243    -0.030
-8.396    620.743    -0.030
-8.378    620.143    -0.030
-8.366    619.743    -0.030
-8.351    619.244    -0.030
-8.333    618.644    -0.030
-8.321    618.244    -0.030
-8.306    617.744    -0.030
-8.288    617.145    -0.030
-8.275    616.745    -0.030
-8.261    616.245    -0.030
-8.243    615.645    -0.030
-8.230    615.246    -0.030
-8.215    614.746    -0.030
-8.197    614.146    -0.030
-8.183    613.646    -0.030
-8.170    613.247    -0.030
-8.155    612.747    -0.030
-8.141    612.247    -0.029
-8.123    611.647    -0.029
-8.108    611.148    -0.029
-8.096    610.748    -0.029
-8.081    610.248    -0.029
-8.063    609.648    -0.029
-8.050    609.249    -0.029
-8.036    608.749    -0.029
-8.017    608.149    -0.029
-8.005    607.749    -0.029
-7.990    607.250    -0.029
-7.972    606.650    -0.029
-7.960    606.250    -0.029
-7.945    605.750    -0.029
-7.930    605.251    -0.029
-7.917    604.751    -0.029
-7.903    604.251    -0.029
-7.887    603.651    -0.029
-7.873    603.152    -0.029
-7.859    602.652    -0.029
-7.849    602.252    -0.029
-7.835    601.752    -0.028
-7.821    601.252    -0.028
-7.805    600.653    -0.028
-7.791    600.153    -0.028
-7.778    599.653    -0.028
-7.767    599.253    -0.028
-7.754    598.754    -0.028
-7.740    598.254    -0.028
-7.724    597.654    -0.028
-7.710    597.154    -0.028
-7.696    596.655    -0.028
-7.686    596.255    -0.028
-7.672    595.755    -0.028
-7.658    595.255    -0.028
-7.645    594.755    -0.028
-7.631    594.256    -0.028
-7.617    593.756    -0.028
-7.603    593.256    -0.028
-7.590    592.756    -0.028
-7.576    592.256    -0.028
-7.560    591.657    -0.028
-7.546    591.157    -0.027
-7.532    590.657    -0.027
-7.522    590.257    -0.027
-7.508    589.758    -0.027
-7.494    589.258    -0.027
-7.478    588.658    -0.027
-7.465    588.158    -0.027
-7.451    587.658    -0.027
-7.440    587.259    -0.027
-7.427    586.759    -0.027
-7.413    586.259    -0.027
-7.397    585.659    -0.027
-7.383    585.160    -0.027
-7.369    584.660    -0.027
-7.359    584.260    -0.027
-7.345    583.760    -0.027
-7.331    583.260    -0.027
-7.315    582.661    -0.027
-7.302    582.161    -0.027
-7.288    581.661    -0.027
-7.277    581.261    -0.027
-7.264    580.762    -0.027
-7.246    580.263    -0.026
-7.226    579.763    -0.026
-7.210    579.364    -0.026
-7.190    578.864    -0.026
-7.170    578.364    -0.026
-7.150    577.865    -0.026
-7.127    577.465    -0.026
-7.098    576.966    -0.026
-7.075    576.567    -0.026
-7.046    576.068    -0.026
-7.011    575.468    -0.026
-6.983    574.970    -0.026
-6.954    574.471    -0.026
-6.925    573.971    -0.026
-6.892    573.172    -0.026
-6.881    572.772    -0.026
-6.866    572.272    -0.026
-6.849    571.672    -0.026
-6.838    571.273    -0.026
-6.823    570.773    -0.026
-6.806    570.173    -0.026
-6.792    569.673    -0.026
-6.781    569.274    -0.025
-6.764    568.674    -0.025
-6.752    568.274    -0.025
-6.737    567.774    -0.025
-6.720    567.175    -0.025
-6.709    566.775    -0.025
-6.694    566.275    -0.025
-6.677    565.675    -0.025
-6.666    565.276    -0.025
-6.651    564.776    -0.025
-6.634    564.176    -0.025
-6.622    563.776    -0.025
-6.608    563.277    -0.025
-6.591    562.677    -0.025
-6.577    562.177    -0.025
-6.565    561.777    -0.025
-6.548    561.177    -0.025
-6.534    560.679    -0.025
-6.522    560.279    -0.025
-6.505    559.679    -0.025
-6.490    559.179    -0.025
-6.479    558.780    -0.025
-6.462    558.180    -0.025
-6.451    557.780    -0.024
-6.433    557.180    -0.024
-6.422    556.781    -0.024
-6.405    556.181    -0.024
-6.394    555.781    -0.024
-6.376    555.181    -0.024
-6.365    554.782    -0.024
-6.350    554.282    -0.024
-6.333    553.682    -0.024
-6.322    553.282    -0.024
-6.307    552.783    -0.024
-6.290    552.183    -0.024
-6.279    551.783    -0.024
-6.264    551.283    -0.024
-6.247    550.684    -0.024
-6.235    550.284    -0.024
-6.221    549.784    -0.024
-6.203    549.184    -0.024
-6.192    548.784    -0.024
-6.175    548.185    -0.024
-6.164    547.785    -0.024
-6.146    547.185    -0.024
-6.135    546.785    -0.024
-6.120    546.286    -0.023
-6.103    545.686    -0.023
-6.091    545.186    -0.023
-6.078    544.686    -0.023
-6.065    544.187    -0.023
-6.052    543.687    -0.023
-6.040    543.187    -0.023
-6.027    542.687    -0.023
-6.014    542.187    -0.023
-6.002    541.687    -0.023
-5.990    541.188    -0.023
-5.977    540.688    -0.023
-5.964    540.188    -0.023
-5.951    539.688    -0.023
-5.939    539.189    -0.023
-5.926    538.689    -0.023
-5.913    538.189    -0.023
-5.900    537.689    -0.023
-5.888    537.189    -0.023
-5.875    536.690    -0.023
-5.862    536.190    -0.023
-5.849    535.690    -0.023
-5.837    535.190    -0.023
-5.824    534.690    -0.022
-5.811    534.191    -0.022
-5.798    533.691    -0.022
-5.786    533.191    -0.022
-5.773    532.691    -0.022
-5.760    532.191    -0.022
-5.747    531.692    -0.022
-5.735    531.192    -0.022
-5.722    530.692    -0.022
-5.709    530.192    -0.022
-5.696    529.692    -0.022
-5.684    529.193    -0.022
-5.671    528.693    -0.022
-5.660    528.293    -0.022
-5.647    527.793    -0.022
-5.633    527.293    -0.022
-5.619    526.794    -0.022
-5.603    526.194    -0.022
-5.589    525.694    -0.022
-5.579    525.294    -0.022
-5.565    524.794    -0.022
-5.551    524.295    -0.022
-5.538    523.795    -0.022
-5.524    523.295    -0.022
-5.510    522.795    -0.021
-5.496    522.296    -0.021
-5.483    521.796    -0.021
-5.469    521.296    -0.021
-5.455    520.796    -0.021
-5.442    520.296    -0.021
-5.428    519.797    -0.021
-5.414    519.297    -0.021
-5.400    518.797    -0.021
-5.387    518.297    -0.021
-5.373    517.798    -0.021
-5.359    517.298    -0.021
-5.345    516.798    -0.021
-5.332    516.298    -0.021
-5.318    515.798    -0.021
-5.304    515.299    -0.021
-5.290    514.799    -0.021
-5.277    514.299    -0.021
-5.263    513.799    -0.021
-5.249    513.300    -0.021
-5.235    512.800    -0.021
-5.222    512.300    -0.021
-5.208    511.800    -0.021
-5.194    511.301    -0.021
-5.180    510.801    -0.021
-5.167    510.301    -0.020
-5.153    509.801    -0.020
-5.139    509.301    -0.020
-5.125    508.802    -0.020
-5.112    508.302    -0.020
-5.098    507.802    -0.020
-5.084    507.302    -0.020
-5.070    506.803    -0.020
-5.057    506.303    -0.020
-5.043    505.803    -0.020
-5.029    505.303    -0.020
-5.015    504.803    -0.020
-5.002    504.304    -0.020
-4.986    503.704    -0.020
-4.972    503.204    -0.020
-4.958    502.704    -0.020
-4.944    502.205    -0.020
-4.934    501.805    -0.020
-4.920    501.305    -0.020
-4.906    500.805    -0.020
-4.893    500.305    -0.020
-4.879    499.806    -0.020
-4.861    499.206    -0.020
-4.847    498.806    -0.020
-4.832    498.306    -0.020
-4.813    497.707    -0.019
-4.799    497.307    -0.019
-4.783    496.807    -0.019
-4.764    496.208    -0.019
-4.751    495.808    -0.019
-4.735    495.308    -0.019
-4.716    494.708    -0.019
-4.703    494.309    -0.019
-4.687    493.809    -0.019
-4.668    493.209    -0.019
-4.654    492.810    -0.019
-4.639    492.310    -0.019
-4.620    491.710    -0.019
-4.606    491.310    -0.019
-4.590    490.811    -0.019
-4.571    490.211    -0.019
-4.558    489.811    -0.019
-4.542    489.312    -0.019
-4.523    488.712    -0.019
-4.510    488.312    -0.019
-4.494    487.812    -0.019
-4.475    487.213    -0.019
-4.462    486.813    -0.019
-4.446    486.313    -0.019
-4.430    485.813    -0.019
-4.414    485.314    -0.019
-4.397    484.815    -0.018
-4.383    484.415    -0.018
-4.362    483.816    -0.018
-4.344    483.316    -0.018
-4.326    482.816    -0.018
-4.307    482.317    -0.018
-4.288    481.817    -0.018
-4.273    481.417    -0.018
-4.254    480.918    -0.018
-4.235    480.418    -0.018
-4.212    479.818    -0.018
-4.197    479.419    -0.018
-4.178    478.819    -0.018
-4.164    478.319    -0.018
-4.150    477.819    -0.018
-4.136    477.320    -0.018
-4.123    476.820    -0.018
-4.109    476.320    -0.018
-4.095    475.820    -0.018
-4.081    475.321    -0.018
-4.068    474.821    -0.018
-4.054    474.321    -0.018
-4.040    473.821    -0.018
-4.026    473.321    -0.018
-4.013    472.822    -0.018
-3.999    472.322    -0.018
-3.985    471.822    -0.018
-3.971    471.322    -0.017
-3.958    470.823    -0.017
-3.944    470.323    -0.017
-3.930    469.823    -0.017
-3.916    469.323    -0.017
-3.903    468.823    -0.017
-3.889    468.324    -0.017
-3.875    467.824    -0.017
-3.861    467.324    -0.017
-3.848    466.824    -0.017
-3.834    466.325    -0.017
-3.820    465.825    -0.017
-3.806    465.325    -0.017
-3.793    464.825    -0.017
-3.779    464.326    -0.017
-3.765    463.826    -0.017
-3.751    463.326    -0.017
-3.738    462.826    -0.017
-3.724    462.326    -0.017
-3.710    461.827    -0.017
-3.696    461.327    -0.017
-3.683    460.827    -0.017
-3.669    460.327    -0.017
-3.655    459.828    -0.017
-3.642    459.328    -0.017
-3.624    458.728    -0.017
-3.613    458.328    -0.017
-3.599    457.828    -0.016
-3.582    457.229    -0.016
-3.571    456.829    -0.016
-3.557    456.329    -0.016
-3.540    455.729    -0.016
-3.529    455.330    -0.016
-3.515    454.830    -0.016
-3.498    454.230    -0.016
-3.484    453.730    -0.016
-3.470    453.231    -0.016
-3.456    452.731    -0.016
-3.445    452.331    -0.016
-3.431    451.831    -0.016
-3.414    451.232    -0.016
-3.403    450.832    -0.016
-3.389    450.332    -0.016
-3.372    449.732    -0.016
-3.361    449.332    -0.016
-3.347    448.833    -0.016
-3.330    448.233    -0.016
-3.318    447.833    -0.016
-3.305    447.333    -0.016
-3.287    446.734    -0.016
-3.276    446.334    -0.016
-3.262    445.834    -0.016
-3.245    445.234    -0.016
-3.232    444.735    -0.016
-3.218    444.235    -0.016
-3.204    443.735    -0.015
-3.193    443.335    -0.015
-3.179    442.835    -0.015
-3.162    442.236    -0.015
-3.150    441.836    -0.015
-3.137    441.336    -0.015
-3.120    440.736    -0.015
-3.108    440.337    -0.015
-3.094    439.837    -0.015
-3.077    439.237    -0.015
-3.064    438.737    -0.015
-3.050    438.238    -0.015
-3.037    437.738    -0.015
-3.027    437.338    -0.015
-3.011    436.738    -0.015
-2.998    436.238    -0.015
-2.985    435.739    -0.015
-2.972    435.239    -0.015
-2.962    434.839    -0.015
-2.946    434.239    -0.015
-2.933    433.739    -0.015
-2.923    433.340    -0.015
-2.907    432.740    -0.015
-2.894    432.240    -0.015
-2.883    431.840    -0.015
-2.867    431.240    -0.015
-2.855    430.741    -0.015
-2.844    430.341    -0.015
-2.828    429.741    -0.015
-2.815    429.241    -0.014
-2.803    428.741    -0.014
-2.790    428.242    -0.014
-2.777    427.742    -0.014
-2.767    427.342    -0.014
-2.751    426.742    -0.014
-2.738    426.242    -0.014
-2.727    425.843    -0.014
-2.711    425.243    -0.014
-2.699    424.743    -0.014
-2.688    424.343    -0.014
-2.672    423.744    -0.014
-2.659    423.244    -0.014
-2.649    422.844    -0.014
-2.633    422.244    -0.014
-2.620    421.744    -0.014
-2.610    421.345    -0.014
-2.594    420.745    -0.014
-2.583    420.345    -0.014
-2.567    419.846    -0.014
-2.551    419.347    -0.014
-2.534    418.847    -0.014
-2.517    418.347    -0.014
-2.501    417.847    -0.014
-2.484    417.348    -0.014
-2.467    416.848    -0.014
-2.450    416.348    -0.014
-2.434    415.849    -0.014
-2.417    415.349    -0.014
-2.400    414.849    -0.014
-2.383    414.349    -0.014
-2.367    413.850    -0.013
-2.348    413.250    -0.013
-2.334    412.850    -0.013
-2.315    412.251    -0.013
-2.304    411.851    -0.013
-2.289    411.351    -0.013
-2.274    410.851    -0.013
-2.259    410.352    -0.013
-2.242    409.752    -0.013
-2.228    409.252    -0.013
-2.216    408.852    -0.013
-2.199    408.253    -0.013
-2.184    407.753    -0.013
-2.173    407.353    -0.013
-2.156    406.753    -0.013
-2.141    406.254    -0.013
-2.130    405.854    -0.013
-2.115    405.354    -0.013
-2.100    404.854    -0.013
-2.085    404.355    -0.013
-2.068    403.755    -0.013
-2.054    403.255    -0.013
-2.042    402.855    -0.013
-2.025    402.256    -0.013
-2.010    401.756    -0.013
-1.999    401.356    -0.013
-1.982    400.756    -0.013
-1.967    400.256    -0.013
-1.956    399.857    -0.013
-1.941    399.357    -0.013
-1.926    398.857    -0.013
-1.911    398.357    -0.012
-1.894    397.758    -0.012
-1.880    397.258    -0.012
-1.868    396.858    -0.012
-1.851    396.258    -0.012
-1.836    395.759    -0.012
-1.825    395.359    -0.012
-1.808    394.759    -0.012
-1.793    394.259    -0.012
-1.782    393.860    -0.012
-1.767    393.360    -0.012
-1.752    392.860    -0.012
-1.738    392.360    -0.012
-1.723    391.861    -0.012
-1.705    391.261    -0.012
-1.690    390.761    -0.012
-1.678    390.361    -0.012
-1.663    389.862    -0.012
-1.648    389.362    -0.012
-1.633    388.862    -0.012
-1.615    388.262    -0.012
-1.600    387.763    -0.012
-1.588    387.363    -0.012
-1.573    386.863    -0.012
-1.555    386.263    -0.012
-1.540    385.764    -0.012
-1.529    385.364    -0.012
-1.514    384.864    -0.012
-1.500    384.364    -0.012
-1.483    383.765    -0.012
-1.468    383.265    -0.012
-1.456    382.865    -0.012
-1.442    382.365    -0.011
-1.425    381.766    -0.011
-1.410    381.266    -0.011
-1.395    380.766    -0.011
-1.380    380.266    -0.011
-1.366    379.767    -0.011
-1.354    379.367    -0.011
-1.339    378.867    -0.011
-1.325    378.367    -0.011
-1.308    377.768    -0.011
-1.293    377.268    -0.011
-1.281    376.868    -0.011
-1.267    376.368    -0.011
-1.250    375.769    -0.011
-1.235    375.269    -0.011
-1.220    374.769    -0.011
-1.205    374.269    -0.011
-1.194    373.870    -0.011
-1.179    373.371    -0.011
-1.162    372.771    -0.011
-1.147    372.271    -0.011
-1.133    371.771    -0.011
-1.118    371.272    -0.011
-1.103    370.772    -0.011
-1.092    370.372    -0.011
-1.077    369.872    -0.011
-1.062    369.373    -0.011
-1.045    368.773    -0.011
-1.030    368.273    -0.011
-1.019    367.873    -0.011
-1.004    367.374    -0.011
-0.987    366.774    -0.011
-0.972    366.274    -0.011
-0.958    365.774    -0.011
-0.943    365.275    -0.010
-0.928    364.775    -0.010
-0.917    364.375    -0.010
-0.902    363.875    -0.010
-0.887    363.376    -0.010
-0.870    362.776    -0.010
-0.855    362.276    -0.010
-0.841    361.776    -0.010
-0.826    361.277    -0.010
-0.811    360.777    -0.010
-0.796    360.277    -0.010
-0.782    359.777    -0.010
-0.767    359.278    -0.010
-0.752    358.778    -0.010
-0.737    358.278    -0.010
-0.723    357.778    -0.010
-0.708    357.279    -0.010
-0.693    356.779    -0.010
-0.679    356.279    -0.010
-0.664    355.779    -0.010
-0.649    355.280    -0.010
-0.634    354.780    -0.010
-0.620    354.280    -0.010
-0.605    353.780    -0.010
-0.590    353.281    -0.010
-0.575    352.781    -0.010
-0.561    352.281    -0.010
-0.546    351.781    -0.010
-0.531    351.282    -0.010
-0.516    350.782    -0.010
-0.502    350.282    -0.010
-0.487    349.782    -0.010
-0.472    349.283    -0.010
-0.457    348.783    -0.010
-0.443    348.283    -0.010
-0.428    347.783    -0.010
-0.413    347.284    -0.009
-0.398    346.784    -0.009
-0.384    346.284    -0.009
-0.369    345.784    -0.009
-0.354    345.285    -0.009
-0.339    344.785    -0.009
-0.325    344.285    -0.009
-0.310    343.785    -0.009
-0.295    343.286    -0.009
-0.280    342.786    -0.009
-0.266    342.286    -0.009
-0.251    341.786    -0.009
-0.236    341.287    -0.009
-0.221    340.787    -0.009
-0.207    340.287    -0.009
-0.192    339.787    -0.009
-0.177    339.288    -0.009
-0.162    338.788    -0.009
-0.148    338.288    -0.009
-0.135    337.888    -0.009
-0.118    337.289    -0.009
-0.108    336.889    -0.009
-0.092    336.289    -0.009
-0.078    335.789    -0.009
-0.068    335.389    -0.009
-0.051    334.790    -0.009
-0.038    334.290    -0.009
-0.024    333.790    -0.009
-0.010    333.290    -0.009
0.004    332.791    -0.009
0.014    332.391    -0.009
0.030    331.791    -0.009
0.044    331.291    -0.009
0.058    330.791    -0.009
0.071    330.292    -0.009
0.085    329.792    -0.009
0.095    329.392    -0.009
0.112    328.792    -0.009
0.125    328.293    -0.008
0.139    327.793    -0.008
0.153    327.293    -0.008
0.167    326.793    -0.008
0.177    326.393    -0.008
0.193    325.794    -0.008
0.207    325.294    -0.008
0.220    324.794    -0.008
0.234    324.294    -0.008
0.248    323.795    -0.008
0.258    323.395    -0.008
0.274    322.795    -0.008
0.288    322.295    -0.008
0.302    321.795    -0.008
0.312    321.396    -0.008
0.326    320.896    -0.008
0.340    320.396    -0.008
0.356    319.796    -0.008
0.370    319.296    -0.008
0.383    318.797    -0.008
0.394    318.397    -0.008
0.408    317.897    -0.008
0.421    317.397    -0.008
0.437    316.798    -0.008
0.451    316.298    -0.008
0.465    315.798    -0.008
0.479    315.298    -0.008
0.492    314.798    -0.008
0.503    314.399    -0.008
0.519    313.799    -0.008
0.533    313.299    -0.008
0.546    312.799    -0.008
0.559    312.300    -0.008
0.570    311.900    -0.008
0.586    311.300    -0.008
0.598    310.800    -0.008
0.609    310.400    -0.008
0.625    309.801    -0.008
0.638    309.301    -0.008
0.648    308.901    -0.008
0.664    308.301    -0.007
0.677    307.801    -0.007
0.687    307.402    -0.007
0.703    306.802    -0.007
0.716    306.302    -0.007
0.726    305.902    -0.007
0.743    305.302    -0.007
0.755    304.803    -0.007
0.766    304.403    -0.007
0.782    303.803    -0.007
0.795    303.303    -0.007
0.805    302.903    -0.007
0.821    302.304    -0.007
0.834    301.804    -0.007
0.844    301.404    -0.007
0.860    300.804    -0.007
0.873    300.305    -0.007
0.883    299.905    -0.007
0.900    299.305    -0.007
0.912    298.805    -0.007
0.923    298.405    -0.007
0.939    297.806    -0.007
0.949    297.406    -0.007
0.965    296.806    -0.007
0.976    296.406    -0.007
0.992    295.806    -0.007
1.002    295.407    -0.007
1.018    294.807    -0.007
1.031    294.307    -0.007
1.041    293.907    -0.007
1.058    293.308    -0.007
1.070    292.808    -0.007
1.081    292.408    -0.007
1.095    291.908    -0.007
1.114    291.408    -0.007
1.129    291.009    -0.007
1.147    290.510    -0.007
1.166    290.010    -0.007
1.185    289.511    -0.007
1.207    288.911    -0.007
1.226    288.412    -0.007
1.240    288.012    -0.007
1.262    287.412    -0.006
1.281    286.913    -0.006
1.295    286.513    -0.006
1.317    285.913    -0.006
1.336    285.414    -0.006
1.356    284.714    -0.006
1.365    284.214    -0.006
1.372    283.914    -0.006
1.385    283.414    -0.006
1.398    282.914    -0.006
1.411    282.415    -0.006
1.423    281.915    -0.006
1.436    281.415    -0.006
1.449    280.915    -0.006
1.464    280.316    -0.006
1.477    279.816    -0.006
1.489    279.316    -0.006
1.502    278.816    -0.006
1.515    278.316    -0.006
1.524    277.916    -0.006
1.537    277.417    -0.006
1.550    276.917    -0.006
1.565    276.317    -0.006
1.579    275.817    -0.006
1.592    275.318    -0.006
1.604    274.918    -0.006
1.621    274.318    -0.006
1.635    273.818    -0.006
1.646    273.418    -0.006
1.663    272.819    -0.006
1.677    272.319    -0.006
1.688    271.919    -0.006
1.705    271.319    -0.006
1.717    270.920    -0.006
1.731    270.420    -0.006
1.749    269.820    -0.006
1.760    269.420    -0.006
1.774    268.921    -0.006
1.791    268.321    -0.006
1.806    267.821    -0.006
1.820    267.321    -0.006
1.835    266.822    -0.006
1.850    266.322    -0.006
1.864    265.822    -0.006
1.879    265.322    -0.006
1.894    264.823    -0.006
1.909    264.323    -0.005
1.923    263.823    -0.005
1.938    263.323    -0.005
1.953    262.824    -0.005
1.968    262.324    -0.005
1.982    261.824    -0.005
1.997    261.324    -0.005
2.012    260.825    -0.005
2.027    260.325    -0.005
2.041    259.825    -0.005
2.056    259.325    -0.005
2.071    258.826    -0.005
2.086    258.326    -0.005
2.100    257.826    -0.005
2.115    257.326    -0.005
2.130    256.827    -0.005
2.145    256.327    -0.005
2.159    255.827    -0.005
2.174    255.327    -0.005
2.189    254.828    -0.005
2.204    254.328    -0.005
2.218    253.828    -0.005
2.233    253.328    -0.005
2.248    252.829    -0.005
2.263    252.329    -0.005
2.277    251.829    -0.005
2.292    251.329    -0.005
2.307    250.830    -0.005
2.322    250.330    -0.005
2.336    249.830    -0.005
2.351    249.330    -0.005
2.366    248.831    -0.005
2.381    248.332    -0.005
2.395    247.832    -0.005
2.410    247.332    -0.005
2.425    246.833    -0.005
2.440    246.333    -0.005
2.453    245.833    -0.005
2.467    245.333    -0.005
2.481    244.833    -0.005
2.495    244.334    -0.005
2.508    243.834    -0.005
2.522    243.334    -0.005
2.532    242.934    -0.005
2.546    242.435    -0.005
2.562    241.835    -0.005
2.576    241.335    -0.005
2.590    240.835    -0.005
2.603    240.335    -0.005
2.617    239.836    -0.005
2.631    239.336    -0.005
2.645    238.836    -0.004
2.658    238.336    -0.004
2.672    237.837    -0.004
2.686    237.337    -0.004
2.696    236.937    -0.004
2.710    236.437    -0.004
2.726    235.837    -0.004
2.740    235.338    -0.004
2.754    234.838    -0.004
2.767    234.338    -0.004
2.781    233.838    -0.004
2.795    233.339    -0.004
2.809    232.839    -0.004
2.822    232.339    -0.004
2.836    231.839    -0.004
2.850    231.339    -0.004
2.864    230.840    -0.004
2.877    230.340    -0.004
2.890    229.940    -0.004
2.905    229.440    -0.004
2.920    228.941    -0.004
2.935    228.441    -0.004
2.951    227.941    -0.004
2.966    227.441    -0.004
2.981    226.942    -0.004
2.996    226.442    -0.004
3.014    225.842    -0.004
3.027    225.442    -0.004
3.041    224.943    -0.004
3.059    224.343    -0.004
3.072    223.943    -0.004
3.087    223.443    -0.004
3.101    222.944    -0.004
3.116    222.444    -0.004
3.131    221.944    -0.004
3.145    221.444    -0.004
3.160    220.945    -0.004
3.175    220.445    -0.004
3.190    219.945    -0.004
3.204    219.445    -0.004
3.219    218.946    -0.004
3.237    218.346    -0.004
3.250    217.946    -0.004
3.264    217.446    -0.004
3.279    216.947    -0.004
3.294    216.447    -0.004
3.309    215.947    -0.004
3.323    215.447    -0.004
3.338    214.948    -0.004
3.353    214.448    -0.004
3.368    213.948    -0.004
3.382    213.448    -0.004
3.397    212.949    -0.004
3.415    212.349    -0.004
3.430    211.849    -0.004
3.442    211.449    -0.004
3.457    210.950    -0.004
3.472    210.450    -0.003
3.489    209.850    -0.003
3.500    209.450    -0.003
3.517    208.851    -0.003
3.531    208.351    -0.003
3.543    207.951    -0.003
3.560    207.351    -0.003
3.573    206.852    -0.003
3.585    206.452    -0.003
3.602    205.852    -0.003
3.616    205.352    -0.003
3.629    204.853    -0.003
3.643    204.353    -0.003
3.657    203.853    -0.003
3.668    203.453    -0.003
3.685    202.853    -0.003
3.699    202.354    -0.003
3.711    201.954    -0.003
3.728    201.354    -0.003
3.741    200.854    -0.003
3.753    200.455    -0.003
3.770    199.855    -0.003
3.784    199.355    -0.003
3.795    198.955    -0.003
3.812    198.356    -0.003
3.826    197.856    -0.003
3.837    197.456    -0.003
3.854    196.856    -0.003
3.868    196.357    -0.003
3.882    195.857    -0.003
3.896    195.357    -0.003
3.909    194.857    -0.003
3.921    194.457    -0.003
3.938    193.858    -0.003
3.952    193.358    -0.003
3.963    192.958    -0.003
3.980    192.358    -0.003
3.994    191.859    -0.003
4.005    191.459    -0.003
4.022    190.859    -0.003
4.036    190.359    -0.003
4.047    189.959    -0.003
4.065    189.360    -0.003
4.078    188.860    -0.003
4.092    188.360    -0.003
4.103    187.960    -0.003
4.121    187.361    -0.003
4.134    186.861    -0.003
4.146    186.461    -0.003
4.163    185.861    -0.003
4.177    185.362    -0.003
4.190    184.862    -0.003
4.204    184.362    -0.003
4.215    183.962    -0.003
4.229    183.462    -0.003
4.243    182.963    -0.003
4.259    182.363    -0.003
4.272    181.863    -0.003
4.284    181.363    -0.003
4.297    180.864    -0.003
4.307    180.464    -0.003
4.322    179.864    -0.003
4.334    179.364    -0.003
4.347    178.864    -0.003
4.357    178.464    -0.003
4.372    177.865    -0.002
4.384    177.365    -0.002
4.394    176.965    -0.002
4.409    176.365    -0.002
4.422    175.865    -0.002
4.432    175.466    -0.002
4.449    174.866    -0.002
4.461    174.466    -0.002
4.475    173.966    -0.002
4.492    173.367    -0.002
4.504    172.967    -0.002
4.519    172.467    -0.002
4.532    171.967    -0.002
4.549    171.368    -0.002
4.561    170.968    -0.002
4.578    170.368    -0.002
4.589    169.968    -0.002
4.604    169.469    -0.002
4.621    168.869    -0.002
4.633    168.469    -0.002
4.647    167.969    -0.002
4.661    167.469    -0.002
4.678    166.870    -0.002
4.690    166.470    -0.002
4.707    165.870    -0.002
4.718    165.471    -0.002
4.733    164.972    -0.002
4.750    164.372    -0.002
4.761    163.972    -0.002
4.776    163.472    -0.002
4.793    162.873    -0.002
4.804    162.473    -0.002
4.819    161.973    -0.002
4.833    161.473    -0.002
4.850    160.874    -0.002
4.861    160.474    -0.002
4.879    159.874    -0.002
4.890    159.474    -0.002
4.905    158.975    -0.002
4.922    158.375    -0.002
4.933    157.975    -0.002
4.948    157.475    -0.002
4.965    156.876    -0.002
4.976    156.476    -0.002
4.993    155.876    -0.002
5.005    155.476    -0.002
5.022    154.876    -0.002
5.033    154.477    -0.002
5.050    153.877    -0.002
5.062    153.477    -0.002
5.079    152.877    -0.002
5.093    152.378    -0.002
5.106    151.878    -0.002
5.118    151.478    -0.002
5.132    150.978    -0.002
5.145    150.478    -0.002
5.162    149.879    -0.002
5.176    149.379    -0.002
5.190    148.879    -0.002
5.204    148.379    -0.002
5.217    147.880    -0.002
5.231    147.380    -0.002
5.245    146.880    -0.002
5.259    146.380    -0.002
5.272    145.881    -0.002
5.286    145.381    -0.002
5.300    144.881    -0.002
5.314    144.381    -0.002
5.327    143.881    -0.002
5.341    143.382    -0.002
5.355    142.882    -0.002
5.369    142.382    -0.002
5.382    141.882    -0.002
5.396    141.383    -0.002
5.410    140.883    -0.002
5.424    140.383    -0.002
5.437    139.883    -0.002
5.449    139.483    -0.002
5.462    138.984    -0.002
5.476    138.484    -0.002
5.493    137.884    -0.001
5.507    137.384    -0.001
5.521    136.885    -0.001
5.535    136.385    -0.001
5.548    135.885    -0.001
5.562    135.385    -0.001
5.576    134.886    -0.001
5.590    134.386    -0.001
5.603    133.886    -0.001
5.617    133.386    -0.001
5.631    132.886    -0.001
5.645    132.387    -0.001
5.655    131.987    -0.001
5.670    131.487    -0.001
5.684    130.987    -0.001
5.703    130.388    -0.001
5.715    129.988    -0.001
5.730    129.488    -0.001
5.748    128.888    -0.001
5.760    128.489    -0.001
5.775    127.989    -0.001
5.793    127.389    -0.001
5.805    126.989    -0.001
5.820    126.490    -0.001
5.838    125.890    -0.001
5.851    125.490    -0.001
5.865    124.990    -0.001
5.883    124.391    -0.001
5.896    123.991    -0.001
5.911    123.491    -0.001
5.929    122.891    -0.001
5.943    122.392    -0.001
5.957    121.892    -0.001
5.971    121.392    -0.001
5.985    120.892    -0.001
5.996    120.493    -0.001
6.013    119.893    -0.001
6.027    119.393    -0.001
6.038    118.993    -0.001
6.055    118.394    -0.001
6.069    117.894    -0.001
6.081    117.494    -0.001
6.098    116.894    -0.001
6.111    116.394    -0.001
6.123    115.995    -0.001
6.140    115.395    -0.001
6.154    114.895    -0.001
6.167    114.395    -0.001
6.181    113.896    -0.001
6.195    113.396    -0.001
6.206    112.996    -0.001
6.223    112.396    -0.001
6.237    111.897    -0.001
6.248    111.497    -0.001
6.266    110.897    -0.001
6.279    110.397    -0.001
6.291    109.997    -0.001
6.308    109.398    -0.001
6.322    108.898    -0.001
6.333    108.498    -0.001
6.350    107.898    -0.001
6.364    107.399    -0.001
6.378    106.899    -0.001
6.391    106.399    -0.001
6.405    105.899    -0.001
6.416    105.500    -0.001
6.434    104.900    -0.001
6.447    104.400    -0.001
6.459    104.000    -0.001
6.476    103.400    -0.001
6.490    102.901    -0.001
6.501    102.501    -0.001
6.518    101.901    -0.001
6.532    101.401    -0.001
6.543    101.002    -0.001
6.560    100.402    -0.001
6.574    99.902    -0.001
6.585    99.502    -0.001
6.602    98.903    -0.001
6.616    98.403    -0.001
6.630    97.903    -0.001
6.645    97.403    -0.001
6.659    96.904    -0.001
6.672    96.504    -0.001
6.687    96.004    -0.001
6.701    95.504    -0.001
6.719    94.905    -0.001
6.734    94.405    -0.001
6.749    93.905    -0.001
6.761    93.505    -0.001
6.776    93.006    -0.001
6.791    92.506    -0.001
6.809    91.906    -0.001
6.824    91.406    -0.001
6.838    90.907    -0.001
6.851    90.507    -0.001
6.866    90.007    -0.001
6.880    89.507    -0.001
6.898    88.908    -0.001
6.913    88.408    -0.001
6.928    87.909    -0.001
6.940    87.509    -0.001
6.955    87.010    -0.001
6.970    86.510    -0.001
6.988    85.910    -0.001
7.000    85.510    -0.001
7.014    85.011    -0.001
7.030    84.411    -0.001
7.042    84.011    -0.001
7.058    83.511    -0.001
7.074    83.012    -0.001
7.090    82.512    -0.001
7.105    82.012    -0.001
7.121    81.512    -0.001
7.137    81.013    -0.001
7.153    80.513    -0.001
7.168    80.013    -0.001
7.188    79.413    -0.000
7.201    79.014    -0.000
7.217    78.514    -0.000
7.232    78.014    -0.000
7.248    77.515    -0.000
7.264    77.015    -0.000
7.280    76.515    -0.000
7.293    76.015    -0.000
7.309    75.416    -0.000
7.320    75.016    -0.000
7.336    74.416    -0.000
7.346    74.016    -0.000
7.362    73.416    -0.000
7.373    73.017    -0.000
7.389    72.417    -0.000
7.403    71.917    -0.000
7.413    71.517    -0.000
7.429    70.918    -0.000
7.443    70.418    -0.000
7.453    70.018    -0.000
7.469    69.418    -0.000
7.480    69.018    -0.000
7.496    68.419    -0.000
7.506    68.019    -0.000
7.522    67.419    -0.000
7.533    67.019    -0.000
7.549    66.419    -0.000
7.559    66.020    -0.000
7.575    65.420    -0.000
7.586    65.020    -0.000
7.600    64.520    -0.000
7.617    63.921    -0.000
7.628    63.521    -0.000
7.642    63.021    -0.000
7.656    62.521    -0.000
7.669    62.021    -0.000
7.683    61.522    -0.000
7.700    60.922    -0.000
7.714    60.422    -0.000
7.728    59.922    -0.000
7.741    59.423    -0.000
7.753    59.023    -0.000
7.766    58.523    -0.000
7.784    57.923    -0.000
7.797    57.423    -0.000
7.811    56.924    -0.000
7.825    56.424    -0.000
7.836    56.024    -0.000
7.850    55.524    -0.000
7.864    55.025    -0.000
7.877    54.525    -0.000
7.891    54.025    -0.000
7.905    53.525    -0.000
7.919    53.025    -0.000
7.932    52.526    -0.000
7.950    51.926    -0.000
7.964    51.426    -0.000
7.976    51.026    -0.000
7.990    50.527    -0.000
8.005    50.027    -0.000
8.022    49.427    -0.000
8.037    48.927    -0.000
8.052    48.428    -0.000
8.066    47.928    -0.000
8.081    47.428    -0.000
8.096    46.928    -0.000
8.111    46.429    -0.000
8.125    45.929    -0.000
8.140    45.429    -0.000
8.155    44.929    -0.000
8.170    44.430    -0.000
8.184    43.930    -0.000
8.199    43.430    -0.000
8.214    42.930    -0.000
8.229    42.431    -0.000
8.243    41.931    -0.000
8.258    41.431    -0.000
8.270    41.031    -0.000
8.284    40.532    -0.000
8.301    39.932    -0.000
8.316    39.432    -0.000
8.329    39.032    -0.000
8.343    38.533    -0.000
8.360    37.933    -0.000
8.373    37.333    -0.000
8.383    36.933    -0.000
8.395    36.433    -0.000
8.406    35.934    -0.000
8.418    35.434    -0.000
8.430    34.934    -0.000
8.442    34.434    -0.000
8.453    33.934    -0.000
8.465    33.434    -0.000
8.477    32.935    -0.000
8.489    32.435    -0.000
8.500    31.935    -0.000
8.512    31.435    -0.000
8.524    30.935    -0.000
8.536    30.436    -0.000
8.547    29.936    -0.000
8.559    29.436    -0.000
8.571    28.936    -0.000
8.584    28.336    -0.000
8.593    27.936    -0.000
8.605    27.437    -0.000
8.617    26.937    -0.000
8.629    26.437    -0.000
8.640    25.937    -0.000
8.653    25.437    -0.000
8.668    24.938    -0.000
8.683    24.438    -0.000
8.697    23.938    -0.000
8.709    23.538    -0.000
8.723    23.038    -0.000
8.741    22.439    -0.000
8.755    21.939    -0.000
8.770    21.439    -0.000
8.781    21.039    -0.000
8.796    20.540    -0.000
8.811    20.040    -0.000
8.828    19.440    -0.000
8.839    19.040    -0.000
8.854    18.541    -0.000
8.871    17.941    -0.000
8.886    17.441    -0.000
8.901    16.941    -0.000
8.915    16.442    -0.000
8.927    16.042    -0.000
8.942    15.542    -0.000
8.959    14.942    -0.000
8.970    14.543    -0.000
8.985    14.043    -0.000
9.000    13.543    -0.000
9.014    13.043    -0.000
9.029    12.544    -0.000
9.047    11.944    -0.000
9.060    11.544    -0.000
9.074    11.044    -0.000
9.092    10.446    -0.000
9.105    10.046    -0.000
9.119    9.546    -0.000
9.138    8.946    -0.000
9.150    8.547    -0.000
9.165    8.047    -0.000
9.180    7.547    -0.000
9.199    6.947    -0.000
9.211    6.548    -0.000
9.229    5.948    -0.000
9.241    5.548    -0.000
9.256    5.048    -0.000
9.274    4.449    -0.000
9.287    4.049    -0.000
9.301    3.549    -0.000
9.320    2.950    -0.000
9.332    2.550    -0.000
9.347    2.050    -0.000
9.365    1.450    -0.000
9.377    1.051    -0.000
9.392    0.551    -0.000
